i2_health,age,household_size,cantril_ladder,r1_1,r1_2,week_number,hl_covid_num,vl_num,region_Islands,region_North east,region_North west,region_South,gender_Male,i9_health_Not sure,i9_health_Yes,employment_status_Full time student,employment_status_Not working,employment_status_Other,employment_status_Part time employment,employment_status_Retired,employment_status_Unemployed,i11_health_Not sure,i11_health_Somewhat unwilling,i11_health_Somewhat willing,i11_health_Very unwilling,i11_health_Very willing,WCRex1_Somewhat badly,WCRex1_Somewhat well,WCRex1_Very badly,WCRex1_Very well,WCRex2_A lot of confidence,WCRex2_Don't know,WCRex2_No confidence at all,WCRex2_Not very much confidence,PHQ4_1_Nearly every day,PHQ4_1_Not at all,PHQ4_1_Prefer not to say,PHQ4_1_Several days,PHQ4_2_Nearly every day,PHQ4_2_Not at all,PHQ4_2_Prefer not to say,PHQ4_2_Several days,PHQ4_3_Nearly every day,PHQ4_3_Not at all,PHQ4_3_Prefer not to say,PHQ4_3_Several days,PHQ4_4_Nearly every day,PHQ4_4_Not at all,PHQ4_4_Prefer not to say,PHQ4_4_Several days,d1_comorbidities_Prefer_not_to_say,d1_comorbidities_Yes,vaccination_status_1,vaccination_status_2,vaccination_status_3
0.10054754038230809,0.035189181814039135,0.01907371379623056,0.009670768906629216,0.14460585773874157,0.009774266638902655,0.10150923638008418,0.0030713387307430874,0.0028290635922169276,0.0039720739425262025,0.004126738190970826,0.0021641737656126012,0.005338552236149394,0.02352974270700212,0.02567758141504475,0.17096913980032302,0.0016309670733572431,0.0036441399012973963,9.853359141285315e-4,0.0015844178160587987,0.004319805626963323,0.0015367252535333162,0.0011697030986338585,0.006729575941862829,0.007625887264504354,0.020197160196419837,0.16328707669230064,0.002189471965822483,0.009198713037763111,0.02263714817431846,0.0022346568760826554,0.0024076760941454936,0.0012413173257274,0.019377743570079237,0.002318849968519811,0.0016615379954740095,0.002268571771366027,7.891468409836538e-4,0.0029461015087856868,0.00167023993723206,0.003489363408614479,7.114282323542134e-4,0.0024639369697421476,0.0022161569582543586,0.0025618677378819957,8.15472289190917e-4,0.0023699596168884683,0.002576291875414733,0.002593666625852845,6.845255577734608e-4,0.0022960072897907466,9.760990553973314e-4,0.0031844857333688,0.005626679617680028,0.012898895382583202,0.008834223766327665
0.09400460771509127,0.036014102357661316,0.018128486721134828,0.009071096452194538,0.15307588279804102,0.009192559294582412,0.1048533863015972,0.0030827400983577152,0.003154994257564165,0.00376190958809908,0.0037745175899511893,0.002155190832263458,0.005549219765600676,0.025776855723387847,0.021942737846963916,0.1533437023088128,0.0016916672140019245,0.004093141533252655,0.0010672514610419554,0.0015010955805913233,0.004543479710545385,0.0015476650702324218,0.001264867778194717,0.0070815903227615115,0.008101332504794792,0.02424711302649028,0.16837607220591885,0.0022074910519589343,0.010336875723906513,0.021209215972901128,0.0018182925087625594,0.0021849748798196482,0.0012781860687487152,0.019345255522445516,0.0023794128401876426,0.0016972053914226682,0.0021505914087519614,0.0013015342731950447,0.002876416905269766,0.0014969440643727281,0.0036833214883016724,8.14598754338871e-4,0.002519704804016246,0.0021604832275881982,0.003176132412067057,0.001545805459720794,0.0021840240659846866,0.002775178197380591,0.002580572760046887,0.0010764733001731963,0.002148194586184365,0.0010370558871692734,0.003015639634056287,0.00383290839629551,0.015469107537780316,0.011301136818023885
0.10649907766824825,0.03724522100256472,0.018657940235098692,0.009711433246738305,0.15108308865652098,0.009151246467947113,0.09855686853595554,0.003163601968784163,0.0026806897998252898,0.004055114612522923,0.003548121292737648,0.00210347134955758,0.006165424155613717,0.022605372102763536,0.023941341563255017,0.1566365520832076,0.001606070491972627,0.003218022679567778,8.695178752283159e-4,0.0016131125685670952,0.004270719186923345,0.0015775519237139928,0.0013369171798648808,0.007986022322222711,0.008103826784636618,0.023789536094285586,0.1636799839613743,0.0021472158045474803,0.011629244130780286,0.021992035807874528,0.002078517559040088,0.0019656241880530822,0.0016312557290572413,0.01933925256631612,0.0025256630568305087,0.0017313274222312005,0.002251176666975711,9.583735809919323e-4,0.0030846177650495537,0.0016829458345399167,0.003192343875836789,5.206813945767077e-4,0.002411928395076159,0.0019899508144605726,0.0023381971278295497,6.814840421085443e-4,0.0019623884555883928,0.0028538068119025434,0.0024918362387354896,6.229378133020483e-4,0.002013192772903067,0.001035737457901512,0.0033760851408035407,0.004266249519964793,0.014506783065912073,0.008863301151112297
0.10705525289886877,0.03549358965155844,0.018553723682851304,0.009675856504301208,0.16552692460699212,0.008765230033755034,0.09494424857124384,0.0028892170360239828,0.0026512413363747947,0.0032427334994183303,0.0035486304853540227,0.001791716817959086,0.0043704499005991935,0.02307708167440572,0.022391014743267202,0.1605794999772753,0.001442813878674295,0.003785779852201173,0.0010257418700522552,0.0016908099925017949,0.004399913747069754,0.0015606870625178631,0.0013846123989436688,0.010497869974997277,0.007091736527129059,0.019775058572332214,0.1559183298201413,0.0023917107794406843,0.009331490164235635,0.026218340341586224,0.0019769384416890878,0.0022605459593421535,0.0012525142719218131,0.01861371688221339,0.002135100547730737,0.0015440578813671233,0.002271733383767032,0.0010686362975135817,0.002699075690953021,0.001348103966022313,0.003377143584818329,8.036499806069208e-4,0.0019889257315529006,0.0018468319912495665,0.002449943096781242,0.0011295695826755033,0.0016553006825522866,0.002688704511766171,0.0022244421709446873,7.603014535090438e-4,0.0022388035101812173,9.32611803951894e-4,0.0033378133422647034,0.004843564949633221,0.014981715860072424,0.008498948022848106
0.10348423231455134,0.03961295924384094,0.019081366155630042,0.010015437390590506,0.15135248131666404,0.010149696250970276,0.09642856816257778,0.0032098146369041315,0.0030223870746724224,0.0035606366532578027,0.004201083250229964,0.002201091301764847,0.005178723700529685,0.02602834004715987,0.029790986510943765,0.14844331803668748,0.001497177577425786,0.00341791584783234,0.0010017729323564019,0.0017932326129302633,0.004503248594786672,0.0015488839039678923,0.0012864358086885116,0.006669199055463942,0.008084758848959178,0.018792469837118048,0.17323242877833597,0.0020903319197891467,0.011087622176235833,0.01909389884817616,0.0021931717435197304,0.0023409177443234784,0.0013791311572920741,0.016778171789081725,0.0022016966167324793,0.0016873574152518913,0.0025570221317280832,8.679851340596662e-4,0.0029786206304121903,0.0016907237607791262,0.003081884249656495,8.425665123389177e-4,0.0025853203921215144,0.0019019087264418508,0.002382243933135068,8.111745280674751e-4,0.0021027721740947748,0.002912752664885714,0.0025187099616526365,7.820469812540936e-4,0.002151475638020629,0.0010908097108015358,0.003193677279241853,0.0036745359215913987,0.015858316945763784,0.009574507468710733
0.09354224879792859,0.03737615977493886,0.01731042371702455,0.009725884862577146,0.15948920735831654,0.010003050806243823,0.09629894253759438,0.002915976345038605,0.002758136416952275,0.0033233040842558592,0.004338798743999937,0.002163287189646933,0.006063800182477482,0.02336462569459232,0.02696940231677753,0.15843724080804394,0.0018001471542418318,0.004119035429897218,0.0011119063385250537,0.0016261555762980473,0.004519629469925484,0.0016370169348356074,0.0014384207142130263,0.007813191161197022,0.00818656941596199,0.020085061369984565,0.16625576985050045,0.002436670676444259,0.01086894331196959,0.022574473318557914,0.002292391999897364,0.0019925736319887847,0.0010617419237451925,0.01915401213444462,0.0022128150001539853,0.0014243853625121833,0.002507076734444938,0.0010054238397592897,0.002834519952916026,0.0017541025906614076,0.0033463947348455476,6.104592037921871e-4,0.0026233101494668944,0.0020349871868511906,0.002575637477893396,0.0011435040466233155,0.0021523564409310194,0.0028911913762829215,0.002536073068032978,7.505824325490512e-4,0.002382671388478331,9.663570711766475e-4,0.0030209022432628654,0.003921905735403655,0.015407439137566035,0.008843704777359384
0.097570786767923,0.035210862563779394,0.017016634782086957,0.00975099337101822,0.15243388760099533,0.009914626489458898,0.09758696188552975,0.003076957658946936,0.0030581403575966324,0.004087056377851098,0.0032447058307442616,0.0024320265721960365,0.005210472905022872,0.02396972551147672,0.022878095457010916,0.15407929171080167,0.0017728912569667879,0.003398166668789199,0.0010432751060628438,0.00170328984844836,0.0041755818614495396,0.0014831120491181622,0.0016673465105210038,0.006868657990937407,0.007499823838433662,0.02192918634095534,0.18257890800068238,0.0022620070805246446,0.011046589426627465,0.020709265087460228,0.0023056418434070566,0.0020788695451645694,0.0011287665792598632,0.017218848349228322,0.0023644175944356424,0.0015637672366000685,0.0025840394614548537,0.0010509923444370726,0.0028556287724079876,0.0017650292455557426,0.0031080729474365757,7.402984363928251e-4,0.0025308799913772786,0.0019728272852544276,0.0027488126496632037,8.6214337136177e-4,0.001999099847333445,0.002884282286555075,0.0025290022955671513,6.82029979565679e-4,0.0022473333450769534,0.001174809091629414,0.0035319980965917595,0.00435014500108251,0.015349098645221658,0.008713838848523323
0.1028438187450976,0.03424819771215049,0.018040778911650537,0.009321438666499352,0.17178202324390557,0.009860161120844573,0.09213989960865676,0.0032821423665560525,0.0026993783748921417,0.00358643516409718,0.003618844023229327,0.0020246812123326514,0.005253488897438829,0.024220659984537634,0.022929539005423206,0.1423032228853896,0.0018582967786580121,0.004301746797951982,7.463977514582165e-4,0.0015233340279070249,0.004787879862352613,0.0016026736385100647,0.001345399053256564,0.006714540482690522,0.007789102072075976,0.025091217781605796,0.16800715227351226,0.001947632009565242,0.00940278822841617,0.022488466202997225,0.0019013774999758004,0.0022271848502763863,0.001138628153238628,0.021103047071542546,0.0023664001739258553,0.0016633388104578713,0.0023703947823178234,0.001266920340710271,0.002835928058465507,0.0016143368206688225,0.0034260374626955328,7.190397690530338e-4,0.0027776737635933526,0.002355322451703333,0.00279024835720926,0.0011848642634057652,0.0018769856793905777,0.002940735928233868,0.0024050406339103285,9.490116951161059e-4,0.0018491216106387679,0.0010114496438693428,0.003119601906411621,0.004098770890843218,0.014576263266627606,0.009670939232059719
0.10312504516489956,0.03566275280359937,0.020453134061446568,0.009240580089310552,0.15515870078495897,0.009727498779651764,0.09770143907369343,0.003164254646517026,0.003017760649765564,0.0034563579031317115,0.003487957001005794,0.0021011564161249434,0.005343675373187435,0.02608450585836032,0.024733359941424463,0.15868516318256456,0.0017627393354868288,0.0033361140659714144,9.016509031732198e-4,0.0016325055824188998,0.003708299851995932,0.0018008919347862905,0.0012026614931164772,0.008579023619573287,0.00851164084600244,0.02029241336454874,0.16763952576087698,0.0021504994279750423,0.009358274053984398,0.020003695531041654,0.002345534864657811,0.002190328887010162,0.0010645749926613602,0.01739604532043184,0.002390430708247924,0.0016754279463988297,0.0022762574767432515,9.254335341761455e-4,0.002578566618178274,0.0015274401953393037,0.003326537594706319,5.560974710859631e-4,0.0023332164899723218,0.002054997701562113,0.002863110919233054,9.808895414863453e-4,0.0020642462026451047,0.0026667763613383282,0.0025767820267837147,6.789223314612285e-4,0.001995903437352086,0.0010269979801264446,0.003108820585896321,0.004185425820485544,0.01434138384355815,0.008846573647868327
0.1007786800600626,0.036404351622091644,0.018222049321029592,0.009782858575386221,0.15042220892450875,0.010468657891908149,0.08857946868968475,0.0031248419039281456,0.002945810871148081,0.0035445929444691527,0.004287957944236029,0.0023011818618587712,0.006037679113345158,0.025950540209974598,0.024245606068219946,0.16228954791501277,0.0014724810946773153,0.004189601967314291,9.908035390320893e-4,0.0015829662193037246,0.00502180730607752,0.0015314094612109037,0.001479618806319836,0.007198305802359952,0.008463208828671565,0.022007103477028764,0.17260862210885083,0.0021806514341017598,0.01045590658149324,0.02035368420457918,0.00211089154361665,0.0021723513090987265,0.0013612616868579042,0.018362278923948927,0.002193446120915761,0.0016820987747563022,0.002476561342745939,8.1006418942558e-4,0.0029482313672905577,0.0017128081177677193,0.0038745865504482948,7.171304122803115e-4,0.0025553870095250094,0.0020665154047456637,0.002668090580619397,7.417754651499367e-4,0.0022323536966239424,0.0030964078566377536,0.0022485081603334884,6.893535407949913e-4,0.002263986503734847,0.0011758665739100668,0.0035286721868250126,0.004375184398617809,0.01511115985873043,0.007902823676713617
0.10025821944568122,0.03648170037617875,0.01734005421895972,0.008937032479531504,0.1422810970161377,0.009522874541775039,0.09455504741501372,0.003079481829497756,0.0028022653041735214,0.004003368228265126,0.003753124281257082,0.001997339123353984,0.005423964331715915,0.027475480933382104,0.02963362592634336,0.15861120058195521,0.0015546941493821355,0.003971390080056812,0.0010209681376392341,0.0017313104612996194,0.004972647499751984,0.0014326905005595024,0.0013657520072966728,0.009792618697173367,0.007695851545885513,0.024902176167395193,0.17177617266338135,0.002004069213289831,0.010269632376168202,0.019668982583421892,0.001969127808147743,0.0024061610060382805,0.0012296750344236139,0.017239197327763855,0.0022192370343471035,0.0013338796839976238,0.0025909207213743258,8.65218578812474e-4,0.002503127039389644,0.0015664105146161054,0.003628275300867336,6.916662869876817e-4,0.0023880760471494803,0.002153773125914702,0.003078101640738541,0.0010829652451400534,0.001943597836177133,0.0031658217142790496,0.003061233031151305,8.937086003558732e-4,0.0021505752082605013,9.915765432779594e-4,0.0034374063942491074,0.003866286231523202,0.015116321813432322,0.010112828115662012
0.10468157416729626,0.03514060409398246,0.018330405479871376,0.010223577955786826,0.1520804615882385,0.010156920839160507,0.0968338675576063,0.0029924428887888837,0.002848968568825416,0.0032592443976608887,0.004475449650296015,0.0022552883344136923,0.006134793186449139,0.02313786531348002,0.026495913268732855,0.16489582415951798,0.0017448861790939861,0.004566049779916558,0.0010495816560945838,0.0015089654269092696,0.003948761508253792,0.0015383404534103334,0.0011140239044278408,0.00890930876259184,0.007598176712403096,0.01993790922757322,0.15960727277091494,0.0021031175247393187,0.010256629341992164,0.02049327438744909,0.0021884603786461025,0.002421107226735492,0.0011473490010084453,0.01950799463660971,0.002250774426307117,0.0015150927160705566,0.0023429981362980343,0.0011047582393550446,0.0028778786511763172,0.0015079659927021453,0.003581761307191856,6.503663440043792e-4,0.0022511633576623854,0.0019664072798154385,0.0026432204197434366,9.16219074521527e-4,0.002108652103181404,0.002643598083553145,0.002439713486327109,7.821781634069671e-4,0.0019880569405466455,9.76721749807744e-4,0.003488983731934622,0.004348714199634806,0.014497743297423857,0.009532621970458593
0.10060370926792961,0.03758808948943517,0.019703004328130994,0.009414832440184736,0.1486251661693357,0.010620587306200437,0.09872495846540458,0.0031389048227506043,0.003043141757359374,0.0037781659088666065,0.004448309822227301,0.0022294709473173664,0.005151465409680867,0.0223911782374217,0.027300127153093132,0.15128316556306007,0.0016371537229258714,0.003412320591502465,0.001036022099133262,0.0016756229817113401,0.0041722393064742465,0.0014165407879423444,0.001241633795620105,0.007272265131388377,0.008619352783577656,0.02131255128210262,0.1775463439396577,0.0024109716449213017,0.011256620723938654,0.01683623424204872,0.002033776473196085,0.00232832925886117,0.0014092772295686837,0.01923533022479679,0.0021218974698638746,0.001442298205825396,0.0023323296354732783,0.0010160434195463166,0.0028201706756652923,0.001724715503976117,0.0035018498751278435,6.303809318176704e-4,0.0024110564047565685,0.0020994332216816253,0.002145518150461011,9.141141893329671e-4,0.0020866286524793536,0.0029957784669890426,0.0023731159915165393,7.30362565867035e-4,0.0019080397585753454,0.001074011419209918,0.0034515238493128546,0.005057010969230368,0.014471054141296872,0.009795803194228975
0.10239428279422423,0.03539650002601598,0.01920298825366926,0.009836658500852368,0.1497262106049909,0.00963399452265253,0.1032353704848521,0.003002711951060545,0.002997395143741654,0.0036180008582343774,0.004568145579486475,0.0022767403165342907,0.004749744998274609,0.025588592398251654,0.02637391242323696,0.1568524069519971,0.001923588228675879,0.003407236782207021,9.98748926396628e-4,0.0016551394372737338,0.004792085654131875,0.0015377070600610836,0.0016990445920353826,0.007411557054321591,0.008533150517991198,0.02258309983670877,0.16844616008659213,0.002132860471824923,0.009899772118259247,0.019835366970794993,0.002288817878703063,0.002473109653009503,0.0016808635296241628,0.014745230057609375,0.002270406415146274,0.0014703140667652605,0.0021965284298362756,0.0010101304998991817,0.0031054903939858112,0.0016651041961371442,0.003384622572275546,7.581854033863774e-4,0.0022868656535350207,0.0019028428727723356,0.0026380047341653372,7.595664295870285e-4,0.0022454400322800033,0.002577641770765612,0.002570264728884069,9.120069770528744e-4,0.001897450855132734,9.201335904400119e-4,0.00307980844713119,0.003953554737127588,0.013502095216373753,0.009396347313025114
0.10142135471396779,0.03838431669384364,0.017813821323153314,0.00992265751818382,0.14203842310370696,0.009462431706735337,0.10071761325964394,0.002983830621820759,0.003111591408673488,0.004128815949981646,0.0034962567733497815,0.002171154087380381,0.005442071595220588,0.020492608312184496,0.02859406003554271,0.16351565243408236,0.0015554869760530433,0.0034106880909623646,0.0011023364664524819,0.0015927009996830534,0.005062344622401997,0.001615151450814538,0.0011354918706544853,0.009673750711039495,0.008744239533318715,0.024774687419172645,0.16226196947111762,0.0022255055476912734,0.010691561352651318,0.02043802393381014,0.002344600297570799,0.0021832154186613092,0.0013168121545573228,0.01853442149712795,0.0021389104175171523,0.0015112167931830367,0.002442229458684543,0.0010591524176042728,0.0027295347579169116,0.0014218335637160614,0.003435049509141846,8.271366673289414e-4,0.0023114040800034223,0.0021057417356664617,0.0030627857478773076,6.963424685014366e-4,0.0020126104776019066,0.0027271676279556154,0.002707148926617544,6.162181195699278e-4,0.0022097543479254332,9.648339428353452e-4,0.0030408461284600705,0.003976299479031388,0.01483867341331967,0.010805462568330053
0.09685104398512104,0.03601712987976743,0.0178113364577816,0.009570019981863733,0.16989860907380588,0.009544902741491636,0.0975769550215823,0.003191452947581393,0.0028825909315899605,0.0036658148927939884,0.004166694090235089,0.002305822909716707,0.006201848845246875,0.022594254541059445,0.02622277009882263,0.13795571359337208,0.001632565899018636,0.003417530720011037,8.340868121417382e-4,0.0016630124514737474,0.004558039530586155,0.0015615430327845373,0.0010079587061434464,0.008326927480972217,0.00841645143570262,0.02451248980338007,0.17510837733893453,0.0021210296306146234,0.01047599936601756,0.0218642959661449,0.0021666266937688024,0.001874278660858928,0.0012108560477998279,0.01777464259140124,0.002385442082430074,0.001603277842280631,0.002523570247700748,0.0011610815511317518,0.0026374482514666775,0.00166831107371605,0.002972383122227067,8.10270574772031e-4,0.0023353896956072335,0.0019297374090306149,0.002638547963781988,0.0011860949324204338,0.0020741160883415177,0.002568256771300873,0.002384876815731087,9.347711510665407e-4,0.002016746331152723,0.0010385261753195743,0.003064582482163003,0.004322061260415051,0.012779249205679973,0.00998158681267806
0.09963038917220046,0.036290209090221334,0.016606999521582195,0.009855484708397163,0.15561037343347883,0.009460820268183819,0.0975516713099203,0.003331344199483585,0.0027216751497356477,0.0034216481274065374,0.003176047181362827,0.002089641883511869,0.0050551210732045,0.02610410269989313,0.027074832180516224,0.15431348218844904,0.00154594072410804,0.004086594825478241,0.001158057713560309,0.0017482036273467464,0.004452115859726168,0.0015509841382619451,0.0010738892969024848,0.007946884422269457,0.00835650553492546,0.026797705137943613,0.16776859497934024,0.002303562380683527,0.010166159463020227,0.02070341702228823,0.0020865024286587665,0.0023899708134653406,0.00120897637110903,0.016304915252133,0.002275298837683484,0.001498399750406214,0.002437219251353813,9.248366472596856e-4,0.0026425488593736614,0.0015437245598816539,0.0032805178161287754,9.225429226789685e-4,0.002388585686985107,0.002080278964181598,0.002627728401596666,9.895508440906527e-4,0.0017755588620996074,0.0029986030943040093,0.002616866957334047,5.869887531027564e-4,0.0018645347387918638,9.331249156257769e-4,0.0032540190583167615,0.003716328465657692,0.015220277580578702,0.009479642853800088
0.10198075666862445,0.03736129415229911,0.017700596445156168,0.009719038196327962,0.15475040811324983,0.010105409237969836,0.09316883796750679,0.0029900604277024946,0.002806631167474725,0.004535783467782972,0.004286517310823333,0.0024136490040544776,0.0050697936134592135,0.023775629661598456,0.026214395961285337,0.15347655595841422,0.001580378387360107,0.003949703214727437,9.492753663884545e-4,0.0015848139337432123,0.004247368637764074,0.0016417297700099807,0.0011515555036066892,0.008846870351928384,0.007994433138668055,0.021485763353322453,0.17124887970566455,0.00215724183741915,0.009992055333851143,0.021331289433682035,0.0022779720155128138,0.0022218849730430614,0.00150644300301279,0.015524588910411379,0.0022575668840253095,0.001604174958672516,0.0025947032141880847,0.0012106367098557304,0.0026982428186984432,0.0016581139068044194,0.00328590581632874,9.207746673385915e-4,0.0029404414309658787,0.0022899558537348113,0.002599486880437364,0.0012537559801527587,0.002141914106552279,0.002810668966976913,0.0025497488647807207,8.390566231355482e-4,0.0021434123486088054,0.0010241206576027703,0.0036344038707831422,0.004879997828193045,0.015203601004454725,0.009411712383864342
0.10452055147543735,0.03827197893588257,0.019475105292080814,0.010329266216728734,0.14244621243349131,0.010061700699970649,0.09631862415440383,0.00305084728481491,0.002840698673585123,0.0033193323351296327,0.0038235624815280735,0.002219263225800528,0.0056921751305531116,0.020858419794341446,0.025496381302089744,0.1551217478485567,0.0016860619067631249,0.003745826222835419,0.0010937762650089513,0.0018099918570644374,0.0045812131859252585,0.001668959639958468,0.0012240753290001442,0.008485225660601094,0.00783269981046412,0.019067545151846905,0.18643989621024887,0.0023043158004052923,0.009820298853396275,0.01837222317326535,0.002066958027296565,0.0021555896854919404,0.0012890974658613535,0.017373296548546337,0.00219256106799196,0.0014334535659370207,0.0026474396905086343,0.0011094731886553194,0.0028647567187975336,0.0017487246184117434,0.0036385196645328634,7.452099086248814e-4,0.0028152636587487736,0.0021119511675188993,0.002749269041312442,0.0010261832693077661,0.002448456101683148,0.002721971496934518,0.0020849362557546114,8.679060935013166e-4,0.002210462681109008,9.002826781024831e-4,0.0034251058887855646,0.004395648530069691,0.012269636574709175,0.008729870060628298
0.09927690409280497,0.03640305515688308,0.019359766026632363,0.00977706911295795,0.15632550294407815,0.009600317320142078,0.09439479208177552,0.0029401194190424402,0.0028608155598610764,0.00390966264471177,0.0029871164122367805,0.001981955764525846,0.0062240289036432335,0.026136865617789995,0.02179105703431643,0.17626409017046318,0.0016393547856131947,0.003872141062454459,0.0010422625552793947,0.001583384778710402,0.0040533840686301165,0.0015544260469273438,0.0011733946770550567,0.01043955527700414,0.008740862510861805,0.02089948542971719,0.1428583718913768,0.002136761495767844,0.010293732004283991,0.02495162266163483,0.0022075910191854367,0.0022727835977741353,0.0015703373362058355,0.021565950987488848,0.001976472051877055,0.0015471761415073587,0.002459899718866717,0.0011803983606645096,0.0027671196907392997,0.0016125922901762389,0.004002653822513857,8.029855958609079e-4,0.002631506540829279,0.0022046873048263286,0.0024067783398814173,0.0010183436050136892,0.0019041076332668605,0.0031222653545612336,0.002509591772831873,7.764951228703404e-4,0.0020015118724342274,0.0012084547060966474,0.003103275824255672,0.004349300028355288,0.013564300525334532,0.009761563249400942
0.0973111761458861,0.03710233262774329,0.017967522605332315,0.00906380906727823,0.16199101373441913,0.00940391668685873,0.09502122106611097,0.003221851891820007,0.002836067127540535,0.003876317109447574,0.0037824798133712853,0.00219429324006319,0.005372573052847344,0.025405769872989044,0.02768004171181965,0.15951455774222323,0.0015436828826756368,0.003788907622051992,0.0010439066759944876,0.001524310608714296,0.004604826534191382,0.0015909080960329093,9.469667543677506e-4,0.007372833223011476,0.007452624233075887,0.022539001459901235,0.16282354875186597,0.0021812788071480546,0.010505637548280709,0.023019057714487264,0.0023409257809741553,0.002563017410473679,0.0013474862507856422,0.014958986225944607,0.002254897859637126,0.0015071812200232386,0.002518054188424687,0.0010044050357938324,0.0025408084828048793,0.0015090601337722418,0.003097848281270721,7.852813752340823e-4,0.002513802398453112,0.002055731806381922,0.002570588740762257,0.0010315830086183033,0.002029937635160604,0.002614961028804146,0.0022009427325771925,7.245925400414561e-4,0.002177037658534974,0.0012040231913248863,0.002885981845016708,0.003988037365746947,0.015534010841160953,0.009358382554727927
0.09343167339545941,0.03512353561377684,0.016484315741211005,0.009316734439563793,0.14895248852100412,0.009259451593166724,0.10324984182486983,0.0032577577172987772,0.0028733109615033813,0.003644003038579728,0.004138477281629404,0.0021063456931099994,0.006069556503728549,0.02205535325108358,0.02685608828284559,0.1609619096787969,0.001571895102627212,0.0039663989905737345,0.001171535877029577,0.0014685786008413065,0.00402732551089339,0.0016183865772509778,0.00093857759917603215,0.009526061447881796,0.00827726808592349,0.026237902469155683,0.1728701558593943,0.0021540630727456067,0.009370950695956469,0.02112968071543103,0.0024554453947479645,0.002282882639447476,0.0010471325923957274,0.015523761037867222,0.0021050456475009954,0.0016410015472891203,0.0026632420817814854,8.845340775940375e-4,0.002463698043462011,0.0016988702823722119,0.003339529409146117,9.916008391271365e-4,0.0024547776380369475,0.0019751700819866675,0.0027012338300190482,0.0012291679312720677,0.001846872118848972,0.0028431453321560566,0.0024371494141038254,8.803459571827872e-4,0.001997929589961918,9.158715717694836e-4,0.003238199308771289,0.003787009074437434,0.013904005178278197,0.010582755237935651
0.10961434758278699,0.034346909419150445,0.017771407788495588,0.008945021395213755,0.15545740285745957,0.010027388880337737,0.10005098447882657,0.0031640348684134696,0.0028364254716252333,0.0037427353451847814,0.0035553435100207555,0.0020993017274238543,0.005483861757989444,0.025591203238,0.027312517238892952,0.14850093663165057,0.0014434197714900117,0.0035095651426969637,0.0010314189094506032,0.0015851418044446936,0.004197907790351051,0.0015440944989229552,0.0018972416029740982,0.008096768058287789,0.007771514748078778,0.021975577519739643,0.16621027266856667,0.002202686579544015,0.012011576493450929,0.019186662791332312,0.0021545675125687882,0.0022948429922281795,0.0013213765195111418,0.018585847346603367,0.0020699535997450494,0.0014465663126376875,0.002553057929811827,7.115975486041839e-4,0.0029675602081466186,0.001669606504878671,0.003625158082811299,9.381055543356485e-4,0.0024320099072796092,0.0019557599433152706,0.00262845546817554,8.052366837322685e-4,0.0021039694132749015,0.002758291230171145,0.0024635031494438142,6.506548836205558e-4,0.0022816469215797596,0.0011307440741870206,0.0030768410960174326,0.004051230726999384,0.012678102168894792,0.0094816436506238
0.0955385062199392,0.03707670126511554,0.02079838091608728,0.009814387686300587,0.17140361511546334,0.009163070256520252,0.09791167316600397,0.003351925746761283,0.0027702984576650526,0.0035191458417867436,0.0038132314004240154,0.0019516073272542358,0.005291405534581266,0.024539996507692525,0.024760908012179686,0.14764621759352942,0.0020267842335501816,0.004160858943176787,0.0010034849133518447,0.0015464318207954882,0.004734305936910997,0.0016149584174203512,0.0010213616694669807,0.007750149065560772,0.007830424403168546,0.021321548511720835,0.16676416671892935,0.002117720897931496,0.010900663404740453,0.02161971056063927,0.002227019744852471,0.002183239054462448,0.0011439310026137444,0.01486698175100489,0.002161662120470563,0.0015019402800798547,0.00248569944439902,7.217943564629341e-4,0.0029161602817221904,0.001523713579433733,0.0032313634573184363,6.519335389449224e-4,0.0024074663136136516,0.002033454916631147,0.0024026186539133237,0.0010500443456885591,0.0019956382145102014,0.0030523313797546662,0.002212366591835731,7.753102359931415e-4,0.002067206221019524,9.190407650957391e-4,0.00315397950305343,0.003897346433242563,0.01432794978819603,0.010326167481019364
0.10905601982985073,0.03728825882227462,0.018728440241199656,0.009953136064877657,0.14898918403838662,0.009016070744903862,0.09339497061490849,0.0032787849455640605,0.002944729398669367,0.0036491074659341844,0.0034621857234552003,0.002318652484836151,0.006183895361537508,0.026222614981971287,0.027040177273012708,0.16142639083831503,0.00172399347424948,0.004192072188084762,0.0010077497024297392,0.001653391677955665,0.004551110027656544,0.001680653479433198,0.0010216533314094227,0.008481273202277775,0.007182768158348271,0.022851041711068307,0.1630339377372344,0.0020881557250084274,0.01065832539807831,0.018913296413600404,0.0023051160077561025,0.002277878547849044,0.0011714702369968535,0.018199334244833217,0.0024492257685614248,0.0014433000745988783,0.002196269254457382,8.785950936220365e-4,0.003134595787985333,0.0016584948087183546,0.003180375601639476,6.209045059808612e-4,0.00236194515733901,0.001698122461833099,0.002599846732580129,9.562544918366982e-4,0.002063109420208176,0.0025679873690405385,0.0023029496715082204,6.684817156229546e-4,0.001999188152119329,9.949680360953194e-4,0.0033492515952368877,0.004019793398181799,0.012564400432116582,0.010346100376750374
0.0955636389940349,0.03779975196140088,0.017744782030535013,0.00980658082203796,0.14657475031182182,0.009651534753814268,0.09490811217033192,0.0032065518624212,0.002869330374647874,0.0035546587691396053,0.003946247496233867,0.002324679409460786,0.006422993180761443,0.026233105011456863,0.023205720889555474,0.16397223789769752,0.001900313167538471,0.0037098861701341896,9.529442293765395e-4,0.001697453520292551,0.004848352444299711,0.0015251088262876863,0.0011060799184291776,0.008537397921729185,0.00830377718386111,0.022613718542280586,0.17232161212571473,0.002498255938199709,0.009496601088108337,0.021858501555134656,0.0023518306935630968,0.0022908375755982054,0.0010155219259563376,0.016970072094064308,0.0022520386282860044,0.0015245129322425273,0.002424667729323305,9.448075356122806e-4,0.0028054345828267438,0.0015835287615122509,0.0032954184276893735,7.883520409534103e-4,0.0026758823762361187,0.0020488171431617785,0.0029090327587787683,0.0010555447172307616,0.002046379706635104,0.0025914146036829268,0.0028182983538587,7.301230523304681e-4,0.0020858828238669983,0.0011538260346892536,0.0033302409829360246,0.0044245710415339095,0.015185808993233038,0.00954247591746031
0.10319720290869756,0.037983411147336485,0.01872790339710735,0.009393174225022125,0.15514506424192995,0.010369038016980112,0.09652730151684678,0.0031477105304031495,0.003164836210777601,0.003810067126830358,0.003905346195693886,0.002373384347380225,0.005172175072162953,0.026343099684870933,0.028393119974913207,0.1637589704301092,0.0016397584581002542,0.0032229114519767917,0.0010176853693721678,0.0016671684668233655,0.004551080945743601,0.0017012228759516392,0.0012221060390789785,0.007726075756107776,0.008178290159233824,0.019503535304785716,0.1509235180414167,0.002118275312430584,0.010313984484670398,0.023636691468433828,0.001987970364551628,0.002267870539527401,0.0011548251617163328,0.019018975286067316,0.0022392882442255724,0.0017318186899303847,0.0027127368853637583,8.896702180413875e-4,0.0023798561983304884,0.001447087501029546,0.003254788823367974,7.210544138276454e-4,0.0024030961115481487,0.0018630792459537588,0.0026883135065260246,9.520506507698143e-4,0.0018754252147480648,0.0032274926557905445,0.0022786403990705593,6.630811599133645e-4,0.0020796508141346583,0.0010615200685514248,0.00339014394703502,0.004611416956507974,0.014610551330416829,0.009655486451866835
0.09603434798102174,0.03453284766321729,0.019215775789863502,0.009393044332500747,0.15474155716602642,0.009499084678859453,0.09584508493753313,0.003261648823456348,0.0027249640949735107,0.003762866873122489,0.003689346120234036,0.0023366679297284055,0.005891715564078093,0.022283596141204745,0.027524966876035332,0.14470682344919544,0.001977797261358156,0.0037560753932816397,9.199895522694065e-4,0.0016032024503866414,0.003974581438159244,0.0017910429551316746,0.0015729220446311777,0.007995032750241273,0.00696021238430248,0.021437545635070682,0.1859636303040835,0.002217832072823034,0.010412344607179444,0.022632878289939814,0.002030385480474899,0.0021995491747682804,0.0011842014405010386,0.018294728398556687,0.0021011739159155643,0.0014531584720071746,0.002540081179589109,0.0010358035862201367,0.0027638945156060733,0.0016738286216091626,0.0035535329720448408,6.688799836269571e-4,0.00270448484487616,0.002120074113791409,0.0025004600302180584,9.808879590389396e-4,0.0020784997206424573,0.0026581462787026444,0.0024382294685269612,5.926054254759512e-4,0.0021312387976595384,0.0010816069293176189,0.0032972887627736544,0.004335405415371787,0.014868761126509951,0.010053667826266037
0.09606120675359736,0.03749016888237014,0.018910291297019537,0.009686734245942161,0.14755131431954518,0.009572397803333596,0.09379782329689973,0.0029474888243303395,0.0029232045006837818,0.003599947924133049,0.003904071758209892,0.0023151212129026884,0.005381117813564366,0.026327303053835356,0.01983065619884219,0.16972219797497828,0.0018498526954505558,0.0034720959050204875,0.0010185724389350972,0.00148543085252471,0.004219650885713653,0.001612735002211045,0.0014714203857947687,0.008455350619932661,0.007430905517262963,0.018470433044329153,0.17428565014019465,0.002219688623889784,0.009574163412987894,0.020966074739723183,0.0020491224854782032,0.0024019896093770885,0.0013361287404063654,0.018311907167006983,0.002286467610072043,0.001494691510019129,0.0027596429938082172,0.0011349392640258903,0.003072800470924832,0.001635906013113233,0.0032092404028021375,8.962998981234562e-4,0.0023615371191229814,0.0020705506831133207,0.0029347907693764697,0.0012331483711238568,0.0021059279381960253,0.002512747652749101,0.002310806164433777,0.001028946618152067,0.002037754716733404,9.952565567995673e-4,0.0032606408713963917,0.004586529238681955,0.015643007859479557,0.0097761491513256
0.1017693257925848,0.03571714472489683,0.015965006247538983,0.010333027043815677,0.1431204426875989,0.009999000167059957,0.09765216860770456,0.0030671297072299803,0.002906152958026391,0.00369918213211279,0.00352545388626895,0.002330145190779786,0.006066803107322337,0.0254327768696224,0.02126603750442631,0.15117833792462138,0.0016202156405386373,0.004605021645445387,0.0010541242402231112,0.001594088782664025,0.0042715627137047555,0.0018096716838360645,0.002099138169524302,0.007140457740658971,0.00911089257628082,0.024220580339780005,0.1813139588844224,0.002092168313320728,0.009944634920258088,0.02316079330190296,0.002153777707556919,0.0020852774706099507,0.0014187149972995459,0.01913570564920329,0.0024548404448805927,0.001476196347342935,0.002305194374037328,9.351860140972994e-4,0.0029023555563410246,0.0016905903687278977,0.003344764101691324,7.285236536212297e-4,0.002358955012866547,0.001867798986719267,0.002896730454991541,9.008680974596986e-4,0.0021014443990506537,0.0027467301188656367,0.0021930835641777386,7.747391374812628e-4,0.002034136606332858,0.001074185409396744,0.0032706358480447005,0.004464685375442843,0.015461188699837534,0.00915824809975329
0.10167294835745508,0.03556066046045146,0.018886379137557308,0.01007998829185574,0.1430495331090131,0.010100798286482552,0.09428457904177165,0.003141793184511019,0.003021591621751456,0.0042953080937733115,0.003751953333707124,0.002235364285167463,0.006449007166426163,0.025908650016588687,0.023856884043842605,0.15101245764899582,0.00177446122155645,0.004450880927288949,0.001192033413683003,0.001667044266753637,0.00525347423072833,0.0014849505831507892,0.0012690928010962756,0.008745108977867186,0.008543500252697133,0.022548860235174457,0.18168868605812835,0.0022958757627767777,0.010783856641566907,0.019934975271787805,0.002356249164568225,0.0024610838670781057,0.0014177466347097306,0.01782828010646409,0.002039226569238247,0.0015751892087415532,0.002205405027878299,8.151747496031898e-4,0.002761861950581544,0.0015968058174064218,0.0035166486822230643,6.555865557156428e-4,0.002514564268421437,0.002150890433665568,0.002470293357417107,0.0012048359624027573,0.0019199458416370866,0.003196701926669265,0.0023996695982074785,9.194023471126076e-4,0.0020392032622479814,0.0010349068786220477,0.0034264526449840236,0.0044848647699043615,0.014381212174017615,0.00968710147687597
0.09411447453045245,0.03665450460410922,0.016632146047425054,0.00976369501132746,0.14926492529130744,0.009850533750852066,0.09464985341484745,0.0030805273536488272,0.002852349467249153,0.0038075261794264697,0.0037258415256481592,0.0021138018791100493,0.004370200756314267,0.026932395898100436,0.025636966673540807,0.16525108234566208,0.0015988479897470415,0.004066270520571489,9.529669507103075e-4,0.0017403824781599877,0.00488756055882335,0.0016041400787303404,0.0014990797663878375,0.008858893187940349,0.008636709822340013,0.025732224639123603,0.16615693885395363,0.002083617095644366,0.010798474012837216,0.024633994063348163,0.002155337189019307,0.0021036156923917733,0.001135408674976808,0.01590491793658593,0.002301659884989468,0.0017090524990102955,0.002380157435834868,9.55695016540465e-4,0.0027875255203188712,0.0014963026306501418,0.003395926957290502,8.375008001711162e-4,0.0024307938618177783,0.0018646907906124332,0.0025093160069610044,9.18403273160112e-4,0.0019252076365080374,0.0028025611339533695,0.002406120324482266,7.2108598710683e-4,0.002139664128291279,0.001117169113698584,0.0033631939792746948,0.0037793591640273246,0.014378479210090665,0.010529930404896892
0.09595005676766817,0.03685842296189373,0.01999790598525115,0.008981002013514146,0.15281994916649494,0.00936112832957372,0.0986129477834725,0.0031059577490425492,0.0026532904782626907,0.003957760700166957,0.003318968517878997,0.0021582309220267632,0.005419294536713976,0.026934175068910892,0.027243718310573158,0.16067638226924918,0.0015786544484701751,0.003682968503047874,9.773607526809243e-4,0.0017211738825418004,0.004519984206690345,0.0014899771800940015,0.001298373396246495,0.008481056278163191,0.008274491098355598,0.02259202770950545,0.16400884480095848,0.0022427880846254723,0.010334353662590862,0.021026908089487834,0.0022369298180668043,0.002262198090259132,0.0010528225978234244,0.01742861596798039,0.002067987824611989,0.0014989783721149747,0.002486612329401837,0.0010024083059340435,0.0028051649422837005,0.0018047505043489202,0.003093356125887808,0.0010283573986584092,0.0023925908534784012,0.0020860285169549933,0.002334642972763241,7.967260642157728e-4,0.0019452050645719198,0.0031010650662519055,0.0025107504884551908,7.246292317417627e-4,0.0022784404215533166,0.001087396504223366,0.003211183499072284,0.004149207287868966,0.01425625047513888,0.010079547622186526
0.10344077127940098,0.037590111189685346,0.01668902345295214,0.010139971607697551,0.14643987465221212,0.010463489381363914,0.09504467208581928,0.0033719689761936354,0.002958080901858989,0.0036049402952511335,0.00384063930926987,0.00200174593300438,0.005873175930085431,0.02590993739329734,0.025108336166521885,0.1650375605933805,0.0019762371435219275,0.004203931949489297,9.224940448598436e-4,0.0016498546092893855,0.00420058388776618,0.0016397428728719067,0.0011906092041909862,0.009410437566852968,0.009156289392773761,0.020362052823346997,0.16545188904676889,0.002137861012202814,0.010567677773721088,0.018369251367013274,0.0021401303334287573,0.0023330478854715732,0.0013857771145207398,0.0186075643330239,0.001992772471891322,0.0015942052290749257,0.0022615437476657444,9.559973618000523e-4,0.002727827755063703,0.0018242281054397808,0.003488370935834198,8.11042762355218e-4,0.002674759577573673,0.0020979734947667995,0.0023809098628140286,0.0010817814629417832,0.0018605585020126827,0.0032579711366894255,0.0021140189761349078,7.8586627534709e-4,0.002211292833913006,9.926423645440828e-4,0.003171392309765808,0.004715348328219459,0.014864609494911704,0.00891515550213172
0.0995521785207578,0.03465723203449451,0.020328164454324345,0.009456655558104122,0.15724496401156604,0.009958686771945368,0.10324328475983945,0.0033001282355535266,0.0028396128503433713,0.0034921056057981375,0.003971231512329627,0.0020824290832885395,0.005399263620608035,0.02374533380259266,0.0270732691442269,0.14809308116313344,0.0014506422002796184,0.003805821460191321,9.114904459956007e-4,0.0015613843380060494,0.004298847166597915,0.0014836875189563861,0.0012690523236756851,0.008516381423866674,0.008194008624502012,0.026085969949466027,0.16763325987387376,0.002009004141295516,0.009977231445615872,0.021436173802290414,0.002221408667147036,0.0021634781510639235,0.001050327170861369,0.015228963572338841,0.002242822061085231,0.0015168297194995527,0.0026896786192013022,0.001167910991317566,0.0027871017615096394,0.0015946640164721927,0.0032218601470954847,6.780039875669967e-4,0.00263949046315567,0.002017632460930279,0.002853597715225305,0.0010991645364277181,0.0021073825275989685,0.0027827428028814006,0.0024247063698190426,7.828724562477082e-4,0.0019855787295004045,0.0010780592553159107,0.002815444803656553,0.004146238907992786,0.013875323161713705,0.009758141100856587
0.09759728748238812,0.039728965329991796,0.016490815852539465,0.009811326846042306,0.15440024373045128,0.009631777453203136,0.09459691942957656,0.003551841742231837,0.003006584323158001,0.003701653375014614,0.0039849475776554105,0.0022194917679111466,0.0059528438612528,0.02431940357145242,0.023257768643283962,0.16312682703830242,0.001836454948521686,0.004558468713767355,0.0010251252063491786,0.001631401110753595,0.004107459900458413,0.0016297941881480385,0.0010486336469884131,0.007883577007749977,0.0074863695148365515,0.027069053507178035,0.16185608613174507,0.002173200309733011,0.009936237699236483,0.02302447868270999,0.002236986127865774,0.0023413622443590014,0.001073081959625338,0.017780412540655,0.002263057681924509,0.0014413239708493712,0.002181543733431687,9.604985849284773e-4,0.002688644494436361,0.0016700924400604251,0.003238293179398702,7.332075852003019e-4,0.002658232695018152,0.0019437921947468757,0.002563916058781225,0.0012083169647860422,0.0021020245285200676,0.0030701557484674666,0.0025036922029475278,8.271326074913895e-4,0.0022125276573415637,0.001016027353264826,0.0030378601732545716,0.004129953139982117,0.014358844221843551,0.00911398131818853
0.10633735052052043,0.03778930370633742,0.017582128859657098,0.009047920849902143,0.15210646057458835,0.009534487650224424,0.09300890604168896,0.0032623436391542213,0.0027577870206935058,0.003911595299378615,0.0033469059856013734,0.0020046633231211937,0.00512998108473288,0.02447837031760304,0.025220438997799594,0.16833831412595035,0.0016771661497245766,0.0038857899378899846,9.844893449327478e-4,0.0014839635189565993,0.004628127765652621,0.0014780801383197683,0.0012676258283785776,0.009454286688365147,0.007930418531331928,0.02302373434844992,0.15822954141290665,0.0021651421013389465,0.010946058841501977,0.021993977994095037,0.002097183560893093,0.002480048385487967,0.0010893560622619418,0.015328463807150175,0.0023550251083822625,0.0015811931111527067,0.002469463510501204,0.001071976352224359,0.002643863486534652,0.0016860894130059933,0.0031361022546849463,7.204979954459416e-4,0.0025087641603744287,0.00215594145688883,0.0027639564432899587,0.001023944623990765,0.0019599685841243685,0.0032837985720606004,0.0025899483033660392,7.854652614372496e-4,0.00200672703564871,0.0010143414394347375,0.002837013595983191,0.004140049960943461,0.0145395645084411,0.00872589240749324
0.09999782412639466,0.03682482480942479,0.01684799777657001,0.009155457547396394,0.1497306617109051,0.009433092291887138,0.09988196096452205,0.003302866757625069,0.002751232961471704,0.0035244427772457296,0.004121754031802348,0.0023977309541685556,0.006162783473433073,0.025104890820370988,0.023002774069077376,0.1537137076278212,0.0016216635269197654,0.003221076166295841,0.0010899086525382733,0.001483406614209272,0.00461485754161512,0.0016858576023615606,0.0012448757624695169,0.009172521195322912,0.008022525320658905,0.023561555996129583,0.17462405076385382,0.0022533150474078976,0.01020714980133784,0.021695808405951332,0.0021646766180714655,0.0022046006679394855,0.0011994856313947636,0.015945909235916732,0.0022335957735275303,0.0014756769114681455,0.0024612981158781497,8.115514515728542e-4,0.0027157929949983626,0.0015484898559270262,0.0036820897898524074,7.542594022228237e-4,0.002569055033071142,0.002118510166173077,0.002694987470025242,7.909719827903462e-4,0.0020215912696799803,0.0030169101338317094,0.0026840477492103033,8.614108460514917e-4,0.001995688636358505,0.0011225132752232451,0.0035083656544982536,0.004921275983768208,0.014176778732559498,0.009867891520801572
0.1023562791260586,0.03987109037916654,0.01859934554571696,0.009750345297361507,0.15145864863123665,0.010436705625023216,0.09945792738667276,0.003056324222204944,0.002713697263981056,0.003536522393926808,0.003632607581883541,0.0023392898747655474,0.004850615104049438,0.025392021710712972,0.020245959303880998,0.16428444080315868,0.001720161874375453,0.003973482158657129,0.00109454261256853,0.001782054694706999,0.003237591600483494,0.001672354983172434,0.0011978464252971404,0.007780585422850283,0.006836915172258155,0.025162131521043785,0.15960641131703793,0.0023371742526593596,0.010552571597635629,0.023572947899169215,0.0020562656405371986,0.0021137752015039685,0.0011837009934846843,0.015382598200318589,0.0024377847467960067,0.0015564880215559066,0.0023250897408185465,0.0011077598010534428,0.0023649903635044227,0.0013907050929884048,0.003595577434499484,6.317395803683484e-4,0.0022717546427265,0.0020350395668674915,0.0023650913603725514,9.522661444277509e-4,0.0018265629821776917,0.0028977524429523935,0.0023074823005291506,7.377510662525944e-4,0.0019058162505688628,9.78734594046255e-4,0.0038902494401999786,0.004617950883905476,0.014583264950913765,0.00997521677491469
0.10169809423422496,0.034949642098529084,0.01641937498314601,0.009388749031711083,0.16498698862709882,0.009814568451273261,0.09393946818271771,0.003156922721992031,0.0028331754712802673,0.00311571540121126,0.004488618703618437,0.0020399440951440616,0.006022497769147196,0.023760866341383826,0.02427014286576439,0.16753077029722444,0.0018713859059922896,0.003985817795589609,0.0011068439318807216,0.0016578830508010272,0.004446238378501666,0.001705990552805855,0.001767854257542051,0.009992238992312916,0.008482512486189312,0.021078447985826847,0.15012866015941917,0.002157621987186193,0.0112197019652154,0.020933891463333604,0.001906894017592186,0.0022511826182213847,0.0011818637473202072,0.018572138107211134,0.0022247849686695565,0.001410840773276824,0.0021616288315992366,9.613202412759282e-4,0.0028342030057209484,0.0015948400705789888,0.0034753876392017336,8.770961877905723e-4,0.002698523889414348,0.002195707638832723,0.002838848849271559,8.761821752449065e-4,0.0021215346464973583,0.0026464898850781966,0.002523221834219756,7.773347869859456e-4,0.001984805456211473,0.0011879544005200856,0.003952063738915879,0.004281983198378479,0.014999650769645134,0.008512890334261952
0.09312794147393491,0.03804935125355388,0.02058464330267136,0.009657053470630698,0.16436912395095823,0.009677774580970896,0.10281419212057084,0.0032713873049452784,0.0028641177592243876,0.00373731205016406,0.003593469045450087,0.0022186950363987834,0.005631766410197637,0.026008740737478445,0.02260852897500155,0.1435052763736621,0.0017275976508864632,0.003817780537464964,0.0011330958876803114,0.0015082851267796662,0.003428233791695592,0.0014591285106519516,0.0014467490896045221,0.007897890249386147,0.008514701496744733,0.01998378230540281,0.18138778026960511,0.002221797938203413,0.010288598845768765,0.016405416212409558,0.0020171151126357856,0.002426482247580999,0.00111791777559315,0.015520647167039946,0.0022244362157775458,0.001415950400871532,0.0023057056314591787,9.910616285008658e-4,0.0028142149724352957,0.0013922332102696687,0.0038654078831452045,9.924738581529617e-4,0.002636080237020349,0.0020965376216187295,0.002381729098621675,9.187918534872681e-4,0.002040409758789664,0.0029182421949569804,0.0025576894249511027,6.847201915315251e-4,0.002007167797248027,0.0010354633773709703,0.0029241606820840545,0.0051003297253205924,0.014270082303471954,0.008404737871967915
0.09935506764205336,0.03383651690854884,0.018618626215028862,0.009661635021509159,0.15876231846226285,0.010624232681218801,0.09462759505765471,0.0032942049411795655,0.002886853048521584,0.0035159726144105897,0.00397412891126016,0.002341832631811792,0.006793167035798363,0.025248352735229986,0.02810907339734382,0.1491082135939908,0.0017770473040993507,0.0031180094628743497,0.0010180455600935002,0.001730582421926258,0.0036660958559273705,0.0016998055820845585,0.0014124987872063532,0.009296224232547652,0.007798432173456918,0.022216309294941197,0.16986903603031325,0.002395840249670321,0.011750672830162255,0.022670697821795514,0.0023006027043757918,0.002190499845485645,0.0012271349194585032,0.016355583844880565,0.0023485500858490167,0.0015715598313032425,0.0024036453780033862,8.856021230402557e-4,0.002960831409637296,0.0015724935173755577,0.003166136342837956,9.810484705117311e-4,0.002282392847092325,0.0020983994651274655,0.002694690823012459,9.42660658050788e-4,0.0019491007714248743,0.00288018058356588,0.0027441110161584396,8.546570900022831e-4,0.002017209944963119,0.001085265301965933,0.003047436955626818,0.0037217497449803395,0.014766091593855234,0.00977527622649293
0.09854808526507398,0.036177700385062635,0.02065880661828693,0.009703176193313172,0.16669693798310956,0.009138752009298515,0.08872841224828365,0.00317534511200429,0.0029101836668031186,0.0038163029227650572,0.0036986397126533765,0.0022318769481465515,0.005381504847113651,0.02620361679909107,0.022109547288374994,0.15653831869517007,0.0015407957425872469,0.0046187424824645105,0.001015961319516689,0.0016651666335621906,0.0039822919853466695,0.001572942577843783,0.0014223583510349638,0.008836321891793493,0.00794178443115257,0.02062002884056135,0.1670810572400805,0.002230394049902349,0.009952418113766483,0.020574441451026913,0.0022628536415816923,0.0021610145774661315,0.0010383808448474702,0.018238367976508057,0.0021061236580427393,0.001509113024326949,0.002405317200002994,0.0011747585307260557,0.002720741042864119,0.0015832973159161338,0.0034720865380751245,6.616157009975882e-4,0.0025377236360009854,0.0019035532540638818,0.0025285040332831753,9.657747332736659e-4,0.0019436756667893303,0.0027556970911781433,0.0026915989551479715,5.972112734484417e-4,0.0021637995448577675,9.652265616936844e-4,0.003289074162960009,0.0037771558949337898,0.016230418298253134,0.009545005037570609
0.10407116272154708,0.036939146435749706,0.018567281080305163,0.009224550463155125,0.16213445521012734,0.009979818525181823,0.08914003199498356,0.0030483592505644273,0.0028903346644706665,0.0038790683473147207,0.0032051724418279788,0.002205735806187873,0.0047506000166014865,0.026341589585060315,0.02201590959540182,0.14520505333879907,0.0017496425558878202,0.003962856318086037,0.0010338701853792153,0.001593160001873786,0.0043621600491217305,0.00175645480923921,0.0014663727529059698,0.00837289904551531,0.006820509766941071,0.022348638746532888,0.17867850330970367,0.0020447390202918835,0.009459394522613901,0.02466245511954927,0.0021116069135630835,0.0020492417215271556,0.0011470403686817399,0.016919001880171713,0.0022521293545597985,0.001471839067667699,0.002292770605045972,0.0010128881043218406,0.002433383166606592,0.0017076846434292098,0.003050813195863563,7.288839704220254e-4,0.0026216903869146512,0.00200572620520647,0.0022046839469102167,0.0011978943957394706,0.0017370614271004137,0.002762125821890374,0.002261763988639658,9.758113446865723e-4,0.0022465951360637394,0.0010410074772008054,0.00342752769991757,0.004671218273258402,0.014516867651566097,0.009242817572125302
0.10146351808117016,0.037764282650380676,0.018607966141951822,0.009578656369812437,0.15972785682625779,0.009251838591003696,0.09407862618510208,0.0036077986928025585,0.002877437641230714,0.0033487270328893403,0.004217557090308672,0.0019677073691086663,0.005201448110509463,0.023093516897711476,0.02381208865017547,0.15969096577661768,0.0015863314480798639,0.003960407408176204,0.0011028719572502381,0.0015511226030606876,0.004712734377029926,0.0017067993248949848,0.001577201404734755,0.008611014156416193,0.008277868568181518,0.023681364403556653,0.16633641870386973,0.002087402613536613,0.008792091073526395,0.022070317251433193,0.002042312151424603,0.002293421374776885,0.0011557463304161149,0.014338606701834167,0.002347394889295806,0.0015312819416898476,0.0023193579637916586,0.001429709845509289,0.002750458034239781,0.0017044417985887987,0.0034909443656653207,7.813422707695327e-4,0.0023122480239288934,0.0017563510896238844,0.002846149348014427,0.001284427207402222,0.002050899554726181,0.00285087868830272,0.0022637921732473524,8.341896517931729e-4,0.001992344460672169,9.906223870587841e-4,0.0028944730256459925,0.004398352146937202,0.014089786185273514,0.008906530988591944
0.0989865436692272,0.039040606710402825,0.01675341803558508,0.00996515829474223,0.1518237389887542,0.009686968887049157,0.10248099759904994,0.003197974126953311,0.002759995174760594,0.004143989321456187,0.0033644485744139642,0.002707643676076501,0.005264168957538412,0.023510886733698957,0.029285423766689488,0.1456978293158347,0.001816857125242666,0.003254067021134453,9.707032815738475e-4,0.0016475935020556756,0.004453717856991701,0.0018422124845778837,0.0015664065320153164,0.008523180848399916,0.00838914773655404,0.023351319954531477,0.16963394179508362,0.002019194821251254,0.009637978920907998,0.022984146366712765,0.0021537664585727944,0.0022928146852677885,0.0014696257126896998,0.01780366905866605,0.002071626729460491,0.0013615032694443354,0.0025345442901788693,8.304315702610135e-4,0.0026618023054327026,0.0015638764189215423,0.0038344789219714047,8.127594522944847e-4,0.0025030012482427817,0.0020259300485048603,0.002976107288327881,0.0010678853982400407,0.0022738666434429147,0.0028047708348469536,0.0030744855444396675,7.569866767771373e-4,0.0022194034857877217,0.001029206952274829,0.003193337191191939,0.004383911192153568,0.01349678356483932,0.010043164978503926
0.10480679713388516,0.03449430300578075,0.018133716755324453,0.01009843798813485,0.15170419800738535,0.00938301506388344,0.0950620779057206,0.002833426919780812,0.0028957222124093743,0.004060958886739073,0.003510240683461008,0.00215937842226857,0.005845429324286401,0.026752345311695895,0.024505731444479605,0.16100202935923244,0.0016846880024741623,0.003352419094343604,9.747834997872829e-4,0.001464567105709053,0.004687464394478731,0.0015702847500920596,0.0017283635572477732,0.009696204480432352,0.008168222845402997,0.020106421986849317,0.16505417061926048,0.002216626252073522,0.010534556725907265,0.020591905728943014,0.0020608319338864312,0.0025593054831724174,0.0012908917265332393,0.017418354650816505,0.0022587875603089693,0.0014801205424074609,0.0024056556534551308,0.001024165920893465,0.0026922547701252984,0.001579089076907754,0.003748205967583303,8.332746103055805e-4,0.0025973790139914724,0.002134261643318039,0.002520834664638282,0.0010495202759835708,0.0019904751620311288,0.002628403663159028,0.0025364662429386794,5.882205257729346e-4,0.0018306781018012943,0.0010945106712802403,0.0030842789326615246,0.0045516459128458146,0.014601218013631356,0.010362681812081704
0.10291480194010279,0.035319850572439915,0.01848273714155133,0.009694045560376837,0.15000245384329244,0.009142742610285958,0.0979218136420905,0.0031492082511842497,0.0026836240635690406,0.003980116894456046,0.0038266201203858824,0.0020863885865877426,0.0044863819005239135,0.026424749079447727,0.025909139923721985,0.14570590233835293,0.0015537792360165686,0.003657566514715844,9.894680631629283e-4,0.001600149524761369,0.0030814625982742263,0.0016162693105046598,0.0011295225152271042,0.00816288888224767,0.007620348500755317,0.02541410216225833,0.17864504550258423,0.0023796640182045187,0.00986942635665256,0.021241137673181837,0.0024256691891843644,0.00233580514115067,0.0011823612679660248,0.019775053703489885,0.0023175547959375237,0.001615529532870045,0.0024611076870744513,0.0010085535346101853,0.0027176039570896075,0.001597370653918862,0.0032492714660032613,8.412524866355616e-4,0.0023107060763992112,0.002019938815933777,0.0026164875921830155,7.959492440715343e-4,0.0018901312795629951,0.0028316807748675595,0.002826837436870996,7.413796575912406e-4,0.0019327334209795384,0.001003685403693761,0.003242150366278629,0.0035225480603537636,0.014718879686940653,0.009328351441426429
0.09687893474963057,0.03643832389874843,0.019836547853629573,0.009283770067970985,0.1599755620612112,0.009624266724050978,0.09887252444398972,0.0030311525123488956,0.003018103290564544,0.003935671705212072,0.0037649156388977305,0.0027567407652765203,0.0057862589844803625,0.024931778701367525,0.02479499178090305,0.14974890340235783,0.001624798037151759,0.003240744164222462,9.662391373711423e-4,0.0016803459621410814,0.004229462103298862,0.0018488072813841107,0.001360316058803756,0.00946563128925335,0.008224634321244892,0.020045408984388887,0.16750122594086805,0.0018738209361733441,0.010296983636257574,0.0248248862635802,0.0021275219717669714,0.002121994976165959,0.0013360108062642586,0.016970096969396786,0.0025218432726873984,0.0015853450670105771,0.002416356339885316,0.0011032339017393428,0.002962877822481286,0.0015740038514621836,0.003060760018942686,7.758971596279365e-4,0.0024461481656746146,0.0021521720212600405,0.0026267877586953776,7.086324502489297e-4,0.002015211811256334,0.0028480740895752508,0.0025712101499305116,8.482632934896995e-4,0.002153624844542445,0.0011233779557335594,0.0032847454713466045,0.004784722590232238,0.014883604573106782,0.00913573197069748
0.09898320074047286,0.036874096626214534,0.017839651597822102,0.009551182098206771,0.15938295492389626,0.010494261379299031,0.09548092234058483,0.003089646071917069,0.003046505566736191,0.0037071546594643883,0.0037543129044478193,0.0019167436862749378,0.005375746014006563,0.024811270912056593,0.024954028936518467,0.15571986557964876,0.0015998199989947952,0.003718198292466819,9.750002318667711e-4,0.0015559821592507988,0.004228247534460244,0.001707551334991085,0.0014607661857523446,0.010913243875090928,0.008184531225443648,0.02117501854711989,0.16777187552853484,0.002479439809183575,0.010521274569203268,0.018250247092522858,0.0021087821607377864,0.002219812542082177,0.001133761183182967,0.018985278859130227,0.002061520921060726,0.0016428503455008373,0.0022699364598592594,0.0010383727297643569,0.00259461001150657,0.0014805430135851544,0.003762481190004177,7.716947558966205e-4,0.0026029926747898418,0.0022116027423176236,0.0023784271449416084,0.0011398316475848588,0.002061985654987727,0.0029913660616676706,0.002473855037998702,0.0010437327795919272,0.002006954759996362,0.0010578054338183246,0.003004878864232327,0.004435092199887004,0.013965738895705846,0.009033351507720312
0.09557525584056933,0.03743309273316591,0.01968121866809018,0.009214618018104182,0.15408222203019578,0.00953006395456069,0.10243677922754506,0.003251956787192327,0.0027797043772237674,0.004188366829825264,0.003644036697598165,0.0022486767597348304,0.005489374193630518,0.023863085128073436,0.02699458783804029,0.1630060744873076,0.0018690260654304583,0.0041959247577490226,0.0010113302346869346,0.0015302667425486367,0.004039802257516285,0.0015546430506963578,0.0015351229643479208,0.009443953662019399,0.007748918577492954,0.02324722033778006,0.15286022160642357,0.0025315052047422846,0.010230872583308072,0.022544241382127704,0.0019818231578298253,0.0023476940007014116,0.0011558396256552731,0.021271981270621423,0.002130422826233538,0.001642204463552774,0.002180640111390237,9.374400606616507e-4,0.002499517592093322,0.0017210149303291654,0.002857649162111748,6.128680325540717e-4,0.0023483256810186,0.0021303565230310446,0.002752531236787343,0.0010440537831917748,0.0018789068629290833,0.0028471594607705946,0.0021049732280065663,7.77228728644867e-4,0.0019939003754119757,0.0010054912262820908,0.0031237338239714293,0.004095526790651967,0.015400617657092684,0.009395936390748543
0.1095897415601621,0.03551294594214508,0.018822961345523935,0.009551571893423427,0.15799512596730603,0.008937517566471306,0.09385163379591946,0.0032716224504800487,0.0027203773321498237,0.004202920149048971,0.004118995095718758,0.0022061413070505846,0.005677747486163788,0.0216795822718713,0.023467783382669753,0.15841724675133328,0.001752965431842539,0.004275229883209196,0.001050013851110547,0.0015956643596944885,0.0039132716005266565,0.001593500571646604,0.0012458252200407177,0.007567637683281312,0.008018057285463455,0.019121485119011863,0.16414679153659684,0.0021833850892661565,0.01097458596678596,0.024569956997758432,0.0024204787032532154,0.002688960368216539,0.0011873239919491648,0.014888926024690058,0.0022727034377972785,0.001518139359261522,0.002511211831268758,8.345078698689949e-4,0.002570018546334533,0.0014481691878396208,0.0033891975285938155,5.904397397911543e-4,0.0022900301901177802,0.00200779075473865,0.00277019295149144,9.23806434763046e-4,0.002049717173994976,0.002661586545737561,0.0025748432016368126,6.997483789048437e-4,0.001997087213350127,0.0010875640015532424,0.0029425644297267147,0.004887230433711405,0.015198500089091797,0.00955697671864458
0.0966750498302324,0.03627046202567722,0.017831380489648753,0.009444400368046918,0.15850480571982142,0.010410283416531397,0.09348635522845473,0.0034043927074097332,0.0028722334899638365,0.004005288841545494,0.0036099630701920916,0.0021152890497003656,0.0053090569088582226,0.023279516429430158,0.025643907021557687,0.16349563140534995,0.001668552908393863,0.003590193969467463,8.963793145801836e-4,0.0016311830341703532,0.004738096105306797,0.001461718211559945,0.0012664701774469582,0.007603023961140395,0.007586098645542872,0.0216414562138224,0.16622526585400552,0.0022312295668443813,0.010857026392163313,0.02226345891438752,0.002002368878020223,0.002429139077028474,0.0012548407438812482,0.016472843685736267,0.002149722936890303,0.0015942500428128763,0.0024980851079670786,8.846906541541697e-4,0.003026775197305446,0.0016859502629869485,0.003578399064593998,7.170306765579591e-4,0.00225242954985339,0.0022722303866826595,0.0027360654711633633,0.0010125618301224735,0.0019682111182948957,0.0030836041598248922,0.0023421830898430044,8.445464809970466e-4,0.0020797439365534322,0.0012942911566272317,0.004006726168329279,0.004574492749007825,0.015237760938988648,0.007982887364524405
0.09960739457167049,0.03534302746314708,0.017855410263538866,0.00935084123968673,0.1445691868074914,0.009322172756193958,0.10111156943012581,0.0031492346670136786,0.0027687482136426298,0.004271549824805918,0.0037632646037291657,0.002154497401774828,0.0058273436858592206,0.020827236822497132,0.025540872578061563,0.16160481244219527,0.0015998205476264974,0.0039925175072184306,9.81410180131337e-4,0.0016351471253676709,0.0040537545778452,0.0016345849993180403,0.001362363763822438,0.00938645389971456,0.008118035430586416,0.03137772967674581,0.16928574842609648,0.0020358852518208882,0.011044618973759707,0.022367495365811584,0.0021295227302526743,0.0020764792140449202,0.0012367809167464529,0.01518429948979888,0.0021293325288970024,0.0013499653001854284,0.002351607153397675,0.0012790451041059339,0.0028901218977559475,0.0014724827948613716,0.0030819523311700317,8.948825851647916e-4,0.002201837914886569,0.0019316802435725428,0.0022847841213489537,8.637552692963908e-4,0.0017511335030261728,0.0029012703217986733,0.0020824442410378903,7.21494398167702e-4,0.002027654432298066,9.930588244260726e-4,0.0028488915406512483,0.00410619607752182,0.013178244931134129,0.010088353637153968
0.10316142393433217,0.03440716530181794,0.01961329287588887,0.00907513946657623,0.15467938606625936,0.009051531071873254,0.09330440427345778,0.003371357827222229,0.0028533093466720115,0.0037321501633693806,0.003452284510326005,0.0020280117292934678,0.005182031457120921,0.026157961581207003,0.02818320456546183,0.14823592549151118,0.0015599317423386431,0.003565138108815186,0.001041496116222726,0.0017078531141573425,0.003802076908285291,0.0017135534161468722,0.0017567106358815112,0.007092469173207322,0.007354306205943337,0.02540746772629841,0.18099449914206264,0.0020161632986898216,0.009370952938192503,0.019003006159680987,0.002134976345668389,0.002280670452654501,0.0012422165511809227,0.016751114271832755,0.0019715062536194337,0.0014003861983130793,0.0021980282026793033,0.0011878895217029195,0.0029483312775466872,0.0015914310256557017,0.003470791249802873,8.108353565667185e-4,0.002522175673954687,0.0018883137589965028,0.0025920305057156676,0.0011730117613067892,0.002056891626644909,0.00253474253314603,0.0026230470896216524,0.0010535574943982837,0.0021264134164977015,9.710295130779167e-4,0.003377060678352817,0.004083119769269822,0.013874178502764355,0.0082620466207174
0.1044342710551416,0.038438350770978645,0.02052038088377573,0.010108569740512859,0.14877318001561737,0.009900727858393037,0.09447264594947279,0.0029353320014191184,0.0027883657931707284,0.004170891638114799,0.0038353194273502717,0.0025794560768297643,0.005306114785494323,0.02562537547600551,0.027693504996023334,0.15740523731692158,0.0017339005384142288,0.003939853615428255,0.0011262766878254536,0.001666990084148904,0.004433011337975135,0.0016397257949752166,9.87019463361961e-4,0.007481599066542316,0.008324854355138087,0.020103239460932263,0.1668704742053829,0.0021332403309685935,0.011231573707017566,0.020902921364722073,0.00219914511628861,0.0021219204772840493,0.0010906084895399768,0.016266112197971944,0.0022225789270354204,0.0017101795137482861,0.002297189261722402,9.403961333167906e-4,0.0023458756520947,0.001651373526896226,0.002863013275852251,8.47849383648213e-4,0.0022364845817783975,0.0019743712979533607,0.0026358727637673294,0.001030678099316526,0.002047355412319461,0.003040923374868075,0.0022229598749532514,7.665736027425799e-4,0.0019789354341473676,0.0011754592899318886,0.0032715460617385567,0.004537711460457561,0.014421485432879688,0.010540997559692619
0.10449580523542695,0.0356189709853387,0.018322899179202604,0.0101624155381458,0.15382062271202834,0.010117364259776109,0.09958545548175728,0.0031917873633528658,0.0029637382618184762,0.0037988459832171443,0.0033141788075341932,0.0024727611903244393,0.004966580839232867,0.024095740432133986,0.023037026568794708,0.16253923593770023,0.0016194872450387586,0.004200520892477284,0.0010492172975948505,0.0016268230857220908,0.004292605415290481,0.0014909801347148303,0.0014711679128931187,0.0072545849545728415,0.008433183372033255,0.01773450034475581,0.17156462249031287,0.002197562446875313,0.010805399373007413,0.017811440880068866,0.002109802648405806,0.002346317875756408,0.0011907654292365277,0.016722542930997213,0.002285097173793464,0.001462625928090351,0.002431931018292391,8.468218721476679e-4,0.0025199119654399508,0.0017969530299148477,0.003404491358209189,7.791625779339522e-4,0.0022614954895298417,0.0020154627908067733,0.0029971720041834893,9.191132940383136e-4,0.002054508276173744,0.002397086503659235,0.0024487611113795152,6.865291483725359e-4,0.0022288842301025017,9.8475647030476e-4,0.0032725654472719697,0.00406174794749238,0.012482960079953568,0.00923700877737105
0.09516969818145588,0.03559173271199778,0.01721165910161646,0.009477591007417083,0.15219654775021366,0.009519973068803336,0.10433448844948662,0.003322102333034105,0.0027549162822129835,0.004486823645243215,0.0038553568493737557,0.0021816298241740867,0.004437183264538692,0.026150597162237978,0.022985938573288553,0.15045192765708063,0.0016756046923793809,0.00377188786256702,8.387644252304551e-4,0.0017047310977281402,0.004502122611754947,0.0017699073888050153,0.0012870504474374238,0.007369223783907214,0.007904225589202746,0.020045918310038383,0.17886978276082235,0.0022284620120131046,0.011538306026665494,0.021487686712615393,0.002187108901967819,0.002476360517588869,0.0012224778152371857,0.017681886602935782,0.0022470271231962388,0.0015399033106628368,0.0022520125122500985,0.0011751489370218568,0.002505519876215331,0.0015318438877268009,0.0032411165643322077,9.58559231113216e-4,0.0023422876655467347,0.0021083096186304833,0.0029306746345788407,0.0010248601832517407,0.0018426079722289942,0.002640040212582897,0.002645460042326908,8.689595887925441e-4,0.0018916784000750661,0.001231219093412583,0.003337525843004168,0.004778594182807623,0.01383328903869393,0.010383688660477414
0.1091695277002517,0.036220952852154785,0.018600767635159405,0.009487263983486352,0.1505152890270619,0.009646113485274303,0.09290486245982081,0.0031488455595863937,0.003068661668348551,0.003961464764628193,0.003707530411026989,0.0021831581204201514,0.005430209798567185,0.021062258369195598,0.02757157852163243,0.16243544546596075,0.0017424425870638726,0.004431142427240514,0.0010385746489355277,0.0016696723993071994,0.004024142700602709,0.0018882047504485884,0.0014213117905725245,0.010336190417059011,0.009402514172890722,0.02106307333789338,0.15360508731537115,0.002134789558730597,0.00953565934921722,0.0242570777888493,0.0022724913742220958,0.0024093395046385917,0.0014114568505354458,0.020338460384570833,0.0022546546992292696,0.0015167359916048403,0.0023607013587428043,6.532206970834433e-4,0.002794114170002286,0.0016170687559746372,0.003232694790381899,6.955761212103423e-4,0.0026646402126433086,0.002175794063607109,0.0028946462221237953,8.460877552590911e-4,0.0021707146056759996,0.002666206854153597,0.0021810429191723314,7.861918973207158e-4,0.0021423051798321337,0.0010156310333938245,0.0035288946714929345,0.004360073131508299,0.01638326786113559,0.008964175827726979
0.10126907436098113,0.03760642892070549,0.018322361136358534,0.009480360979931275,0.1608595067950745,0.009749512067077996,0.0944272104403808,0.0031185066048535696,0.0028007672265750365,0.0035351535011083277,0.0035428871030583507,0.0022489361467437218,0.004930620839023446,0.02388790917133649,0.027718546970510332,0.15753765843334672,0.0015883886378934642,0.004783683955623792,9.312031179846559e-4,0.0017055764932348166,0.004415737011100831,0.0014644439045332993,0.001375976666821133,0.008625524217967055,0.0076405124054391505,0.023442804911335477,0.15944975864989644,0.002241041112374725,0.009321859071703013,0.021235801890133067,0.0021196961480620885,0.0025811865049442965,0.0011624343203276981,0.016502430457878508,0.0024930316459562227,0.0013337003302792243,0.0026091893184351247,8.443249008713005e-4,0.0026351167318661817,0.001502336562362147,0.00345445943914412,9.017020956210226e-4,0.002276765047130376,0.002156619165023185,0.002720483269938217,0.0014935459852988163,0.002006644831174569,0.002863000517125658,0.0024072517910531947,8.496972609356059e-4,0.002221889322042823,9.189121138916986e-4,0.0030500663996173233,0.0038567358396026058,0.015249763925592396,0.010531263332718968
0.10215987703292397,0.038884755265921896,0.0195695396460851,0.009469670139986843,0.1539549382506421,0.009732894007814621,0.09256965726306025,0.0032011140825916494,0.0027617547729232284,0.004397970758374413,0.0036524655584988614,0.001877424641044963,0.00583541274501808,0.024645670678264522,0.028938647235517083,0.1679361469016628,0.0017432376572307632,0.0032547523120907084,0.0010375337397403996,0.001563430756391972,0.004137392907130006,0.0015446824567100928,0.0010138335292746107,0.007635088474743506,0.007471432245222237,0.023681179922430823,0.15528975960184047,0.0022100946879256627,0.012238885055677887,0.020525580173022202,0.002324262397089667,0.002308723195314748,0.001222823657360807,0.01694822636901532,0.0022023387172387075,0.0015688004883881214,0.0025188105832658013,9.924522089386199e-4,0.003131200037021631,0.0015573818105074988,0.0037713980013056887,7.173223354506324e-4,0.0024851694324006766,0.0023109714218687333,0.002609488085871097,9.232662701736492e-4,0.0020606498446104396,0.0029449551857481343,0.0024819273156770354,8.724388558796223e-4,0.0022441399593755348,0.0010036643777877779,0.0033321817432005628,0.004608036361931702,0.01176420502249391,0.008160343822322186
0.09590251444338188,0.03535253903522303,0.019084221231008232,0.009413207507195012,0.17667392450881053,0.00982366412001474,0.0977670497943493,0.00296407275024203,0.0029939575313439985,0.0034542864265636334,0.0029970572115936072,0.0024439509466993876,0.006051092893323266,0.023503426034103488,0.027933702527722645,0.14195925126724498,0.001496271127944132,0.0033008186132652577,0.0010348624162288434,0.0016879262732342089,0.004792375087882702,0.0017916115509316144,0.0013329671282219207,0.009695183885334387,0.007941037298892858,0.023228652216838997,0.15836367014650615,0.0021485283883834294,0.012823383317781805,0.020270567138639405,0.0019745219611119946,0.0021941069536152457,0.0012533912960892245,0.018676191625471145,0.0023104624683175606,0.001453841347407131,0.002454423399111535,9.055773866646545e-4,0.0026129457032528754,0.0014912094666434889,0.0036300299156137045,8.37722167281247e-4,0.0023679157564524176,0.0019283665169756894,0.0027450076602806607,0.001036836896347603,0.0021561142249706816,0.0028158861948569427,0.002599244041973594,8.80004832763976e-4,0.0018637566941607584,0.0012526524015366255,0.0032817834992001087,0.004833752132644227,0.015207962800160632,0.009010519838190848
0.09672307419222986,0.03652619100024039,0.018051261374386302,0.009651164855519903,0.15307611682072425,0.01079187359429183,0.10835382803644589,0.0032833231304322122,0.0028497770463947513,0.0035641311725466587,0.003509346599609121,0.0020572489274640784,0.00495368878601765,0.027418550087369327,0.02558672954694701,0.15572376941039534,0.002032887752663649,0.0038364240991731937,0.0010676751419264163,0.0014699040093527768,0.004629011391942652,0.0014671595087801064,0.0013688039553079836,0.009186113031523491,0.008109749328371689,0.02197786162756749,0.16305742183942556,0.00225875940662836,0.011279554142537066,0.018510775065691456,0.002032319109996676,0.002289943471701564,0.0012441639363981133,0.01855252905421233,0.0020489232206275724,0.0014090091793809443,0.0026759352881091138,0.0011091849678202207,0.00248801201865565,0.0015293968894646386,0.0032799288407847622,6.519874842907157e-4,0.0019767940809672937,0.002068535567911342,0.0028692302982115305,0.0010476438923267524,0.0020942300175494978,0.0025113459348358575,0.002364929689248651,8.217628215751912e-4,0.0019916000554774443,0.001033703803271072,0.0030551717504450414,0.004075701001397822,0.013327842997484197,0.009077999745949592
0.10538771644784635,0.03677281294043979,0.018234348154287042,0.00923267149631299,0.1481554147657958,0.009916120701071698,0.09717889595963482,0.003214301930719295,0.002853093659297167,0.003977027624115124,0.003925899316794224,0.002297706045035416,0.004735742636025328,0.02687749923271725,0.02216993337042581,0.16375445388826038,0.0015884977871104024,0.004257495673143897,8.89161827421354e-4,0.0016835655885672322,0.003759509632122608,0.0015429484941699757,0.001257064366059019,0.00858712072092404,0.0088073622017961,0.021680778729832862,0.1658505405829857,0.0020061806597803026,0.010510675049465833,0.019578264715631063,0.0024316707357421364,0.002411791160843388,0.0010509279017977074,0.01716843286994797,0.0024958395745083056,0.0018199756470140265,0.0025543955641477273,0.0011986035251414613,0.002791293178535016,0.0016517025316420437,0.003222737188120411,6.671900615533311e-4,0.0024934321422332957,0.001824383196759039,0.0029110720808086504,0.0010941270404364889,0.002333147004880199,0.002940355555129052,0.0027821808997217064,9.167221217697649e-4,0.002081418755909065,0.001286401712131424,0.0031815472264070254,0.0037704367321444382,0.013588921165123528,0.008648490229764064
0.10203416320579681,0.038690873013442643,0.016874871566736428,0.009118620600909401,0.15282667173623565,0.009668026492144183,0.09451244308513528,0.0033806342350800682,0.0027590371766427614,0.0038685579189047144,0.003395000960657551,0.0021347835483426993,0.004385033080386991,0.025443378582697268,0.02395523615241103,0.16903131644811425,0.001745758696881769,0.003286895368480683,0.0010268827842140965,0.0015321281557929586,0.003459567431469484,0.001551569574844831,0.0014364624346674827,0.009706262443988943,0.007644165917039197,0.021747446981670984,0.15415480114895347,0.0022424358624312185,0.010849137757268163,0.023100685968862236,0.0019336129853491845,0.0022232136428500028,9.870260518397523e-4,0.018504896900504088,0.0023902480462706533,0.0015182936959950574,0.0025849573385418505,0.0010380669556061064,0.002937062328095898,0.0014915069870589917,0.0036254070200922293,5.720577345587714e-4,0.002501527038244573,0.0020079737701132945,0.0025152581678315857,8.598170017501401e-4,0.0023147984387867043,0.0032538830565596167,0.0027590114593688294,9.503301516563612e-4,0.0021389480142236933,0.0010094211273943806,0.0036512787091623105,0.005057146166792751,0.016922259003915693,0.008689149877234278
0.10355283881452929,0.03466428800799954,0.018208586393392377,0.009628751643010624,0.14897140777283993,0.010088853985260418,0.09524494751459096,0.003014835337239992,0.0029989399864447973,0.0044377553295962355,0.003560139945092535,0.00196306401050876,0.004539351350754678,0.022935556360553257,0.025615248203490728,0.1586533859807621,0.0016293850310527226,0.003362927030242186,8.863475319914179e-4,0.0016388171877212549,0.004405848635498706,0.0014534067060124115,0.001138194864254296,0.00844619444385778,0.008319072542133687,0.024966591023932016,0.1700748494567296,0.0021097913376086834,0.011383606672659372,0.01946575324016918,0.00221243932210468,0.0023720331428519793,0.0012145379157410068,0.020920790829727514,0.002250745009612119,0.0016706283424119468,0.00216347951985298,0.0011688825480957884,0.002797632886298336,0.0015463431959893473,0.0034269915105216812,6.888570583310994e-4,0.0024888321909287314,0.002179552386321471,0.00236478991684925,0.0012639870670026704,0.002159627647493793,0.003169960161382033,0.0025711594489127854,7.679371918072412e-4,0.0018594884231894788,0.001068028503836273,0.0032786501770563354,0.004097048015432205,0.013448482591683394,0.009490358656636406
0.10126595493326498,0.03779199789373773,0.01724898308087926,0.00972664020570674,0.1574660897187528,0.009430132665278123,0.09273520135999196,0.0032006313508588773,0.0028194151203711484,0.0033730728858088776,0.003811403869987756,0.0023585919935052366,0.005872266487712913,0.023567587126194847,0.026161405335844035,0.16245824805895018,0.00170493325031071,0.003725443532590864,8.784469667568285e-4,0.0017026877997454518,0.004543066298965799,0.001818932082554447,0.0011899037733842392,0.009299915397687866,0.008432409841820336,0.02227101460220581,0.1645729917250328,0.002066050277238696,0.011488752107361642,0.018293019403942515,0.0019148999437814571,0.0024905747571455123,0.001233578043851131,0.01699537571977471,0.002091110354786073,0.001676263623355003,0.0022689997931035918,0.0010577108436225998,0.0028060068648163975,0.001576228632018678,0.0035886127618282864,9.79641595809109e-4,0.0023662890712132837,0.002262643600057892,0.0024352439584933096,9.905143630101075e-4,0.001778822209478506,0.002992918399750757,0.002593376470940278,7.769998787248661e-4,0.0019926906130915663,0.0011219491014689907,0.0035397553690246727,0.004473727423582748,0.013309241488637788,0.009411635972189112
0.09368920807427533,0.03449389293056232,0.020860009935972826,0.009849278688646369,0.15676912647378427,0.009173539018086905,0.09523232166441233,0.003157751075260959,0.0028155254186270416,0.0043079792517086305,0.0036773327953277027,0.002213897398691346,0.005653593905081324,0.02607101724875229,0.02165053510846213,0.16227459834200605,0.001710481597750512,0.004088293055372734,8.186269793181532e-4,0.0016902785901499807,0.004073996744973924,0.0018477450647135455,0.0013574624419578046,0.008212698382008676,0.007925232636824152,0.02753030891098084,0.15954999531883002,0.0020915190602728236,0.011276582555926515,0.02124962398967421,0.0019208596898495592,0.0022047077100551,0.0010853059679632856,0.022711311190289102,0.002288004865100419,0.001447374479666415,0.002447414394563444,8.242925985617372e-4,0.002977999881527196,0.0017267030848715009,0.003430647085061712,8.989755149219189e-4,0.002351484180990616,0.0018082996198762788,0.0025647603133754646,8.155657353822108e-4,0.002111926995052425,0.0031788307668449345,0.003107760519270487,9.19418307029059e-4,0.002358845979825839,0.0011132132305538738,0.0029565501384779466,0.004460848954468573,0.014464608032789551,0.008511838105219646
0.10324671619275735,0.0350018449324507,0.018565612261607422,0.010189366439664145,0.16119158015169316,0.009729459356871896,0.09507243114063582,0.003079106664155648,0.0028930775326029964,0.0036793473916911495,0.004032321770695728,0.0020505056195630135,0.005327524260910559,0.023526108211676614,0.028854757109980363,0.14724349875477738,0.0016360590506392446,0.003670647782146292,0.0010206728934702186,0.0016271500015959527,0.004662563031591823,0.001635332820722396,0.00126144850063846,0.009886659641309293,0.008290130764152694,0.022472319190018464,0.166193850628954,0.0020739022112126948,0.010531815214967136,0.02150188013778363,0.002244949274778122,0.0022115444048342605,0.0012896659580535846,0.017519040448858,0.0022527381989706475,0.0015869639405027354,0.0024294166641307163,0.0010674087872500307,0.0030030047680608637,0.001815284505496137,0.0028054464898719673,7.492729049270858e-4,0.00250455221752838,0.0019488050255359567,0.002437331677119804,0.0010998715681486244,0.0019063339572519102,0.0028918798624956816,0.0028803343790929905,0.0010103703098586047,0.002273521278557081,9.987583045999913e-4,0.0030622844722009213,0.004244549405199823,0.013843182769915554,0.00977579876582425
0.10113049250663003,0.036937350079799605,0.018277985389650656,0.00900682418338569,0.1517449332778724,0.010101077463860108,0.09431785359300596,0.0033123040907107855,0.003074060270219983,0.0042183566822288,0.0038217931735858063,0.0023000981058069365,0.00484291778235343,0.02461248468375933,0.025184074679929034,0.15237627192072253,0.001468837810263275,0.004100827985977425,9.606240279603e-4,0.001810081952855556,0.0047883299645374855,0.0015771811235036127,0.001246544772359829,0.007265644659339476,0.008466691522102505,0.02231241185253313,0.17218695500871706,0.002173494170654407,0.01236489865718384,0.024067263079348793,0.0018758436953241937,0.002402026060445015,0.0012238877810765944,0.014952408148571017,0.0025345709054951297,0.0015428736619217392,0.00246663656209935,7.459610563277261e-4,0.0031004554920077854,0.0016404703884318277,0.003910513403321315,8.174582524024021e-4,0.0023231476162555646,0.0021094981612505494,0.002780665187179457,0.001025946953703927,0.002163327844537139,0.0033066397679365604,0.002638694819691418,6.178311931137735e-4,0.0018795876897246067,0.0010384920878247735,0.003245868231327709,0.004420465271707769,0.015824195385814786,0.009363869911650205
0.10859770554572952,0.0381973377674141,0.02072184650165013,0.00982874464845366,0.15483451475744722,0.00977046144122704,0.0981244784553972,0.0031252424816874467,0.0031027457501256444,0.003994563997452893,0.0032684371238494063,0.002419054873362412,0.005422674658547998,0.027086354549194235,0.028379624734366317,0.1523115594780222,0.0016507447184952212,0.0032318696549154527,0.0010188231304719736,0.001601782097570758,0.0039737937042496905,0.0015263721467769368,0.0015121110829727942,0.008016876884818353,0.007609941277235472,0.024245449443058217,0.15983165461720414,0.002030337985608766,0.0077445764086154995,0.02149166242692029,0.0021716746547740425,0.002330812959573969,0.001458912239934142,0.015689009860783823,0.002151483671579813,0.0015111466600748738,0.0020477100647278137,0.0010895801695235481,0.0029577857966873833,0.0013583476657632165,0.0033111551787569876,6.243566543291181e-4,0.0022573752649926635,0.002055137717374437,0.0026394392453133048,0.0011359452987056288,0.00173771708056386,0.0026869930586390857,0.0026852519842500626,7.848747131077639e-4,0.002001330622756067,9.90168942304786e-4,0.003272718453956775,0.0038606467405903535,0.014323028388147585,0.008196054569947861
0.09910825648987799,0.035643597148061215,0.019869712760361154,0.009890904580369968,0.17261854655202663,0.010133603480419678,0.09178618975966386,0.0030845971985253846,0.002714841311016804,0.003808601330991839,0.004374484477232928,0.0024157658113115247,0.0059533962084947975,0.02456572563227754,0.02361092192472373,0.15528778393436599,0.001661890943128123,0.003629940155526004,0.001082719026525306,0.0017945909072326534,0.004748094604628154,0.001507042302089871,0.0013769623658504166,0.00885036069820561,0.009327614670255368,0.022119183284452584,0.15144197714025273,0.0021590385303830763,0.012661435785293877,0.023624713399494852,0.0025418813671785182,0.0022185788269768903,0.0011280850116127208,0.01858482720233703,0.0024213693985450013,0.0015543382460162392,0.0025823840851442723,0.001113941222064195,0.0030439008051138853,0.0017226655625654692,0.0035014879129225203,7.388718857925006e-4,0.0023986653656387353,0.0020310420544922122,0.0024135490983558873,0.0012558548879659786,0.0018718863808582582,0.00289481893248327,0.0022625006828550643,8.475212438924111e-4,0.0021535284746760676,0.0012079959539931168,0.0029415786217192514,0.004026039176852663,0.012737699035450608,0.008952496151457531
0.10149017050359213,0.03410360878666299,0.01803514188051058,0.009518200746204502,0.1689712922645142,0.009651306564295557,0.09327936044211266,0.0029670987269569686,0.002898935042401481,0.003988678705231393,0.0036104858331149417,0.0019962627033373323,0.005219826066989149,0.02215236472266292,0.020781571797328775,0.14871826297635624,0.0017246881209417265,0.0037747538428757076,0.0011172414159432787,0.001556589898157256,0.0041871064208505145,0.0016037683664840252,0.0014502880002181726,0.008961055633010827,0.007845602606087864,0.024459654952578305,0.17456112419055783,0.002435333983274483,0.011417569159267444,0.019969333651632993,0.002312109906175008,0.002260546654170374,0.0010588151487300826,0.01900193844475155,0.00222175776602819,0.0014123488250649405,0.0021582304963382614,0.0010780053423660079,0.002605648117966413,0.0014593452963722277,0.003459055191016154,6.542658172414057e-4,0.0024614119979620573,0.0020186531807688947,0.002602021727473277,0.0012459025134058863,0.002120949181759524,0.0024096504378469173,0.0025307927660113715,0.0010083079072748934,0.002057588747110249,8.195414442283128e-4,0.002877822237890163,0.0038108593272243784,0.012948122528591094,0.008959630992080019
0.10618014317040322,0.03535431852482329,0.018801651177111772,0.009322209913234332,0.15814227642193018,0.010164963757351807,0.0899205157834798,0.0033318060593424646,0.0028960009572495007,0.0034396082544464416,0.003967385319593882,0.0022434956976318276,0.0057685838090374055,0.027536388187722565,0.0252480987236044,0.1668155760504721,0.0015482965991811413,0.0037061682736718054,0.0010412525646846223,0.001582194798378258,0.0042577868431779905,0.001534776237288152,0.0013963452793145815,0.009066579706238611,0.007886307487951721,0.022168293501323027,0.14812145138044713,0.0022722163127421873,0.010847452990026435,0.0207295358601406,0.0021037177808600786,0.0023247219983177606,0.0011319409123503072,0.02150578750319023,0.002210949457173606,0.0014764151184004362,0.002460289363887266,9.876031827987313e-4,0.002726304295444088,0.0015559152690710182,0.0036006526005182486,6.295161008049439e-4,0.0024145161313198792,0.0019858403312230885,0.0026079313897461294,0.0011731105496544476,0.0019961556731776377,0.002723114392984599,0.0024620851027535714,8.270716351751637e-4,0.00213524089073251,0.0010844187621128366,0.003108366860499485,0.005359255538519773,0.013963297335465896,0.010154102181816982
0.10610799858284134,0.0377036516655729,0.019151597816307795,0.010025251338695347,0.1408966527951689,0.009520841794472542,0.09278478985938127,0.0034350595288292992,0.0028977044608007665,0.004051595314663156,0.0037600344809735026,0.0023055549026153766,0.0070852137526718345,0.02651428575306239,0.028021575215215366,0.15594735700981893,0.0016679464269530185,0.003938179765060116,0.001169109870758122,0.0016754184842802426,0.004537514783736492,0.0016085908862708386,0.001131741896189661,0.009529330825153958,0.007882085599733682,0.02232706783659944,0.1688897591189177,0.00218092665975562,0.011643524811676338,0.022518929174086297,0.002217663326072849,0.002167650362352923,0.0011628305397442687,0.015713490659208268,0.002184717509117567,0.0015759684721448934,0.0023229121420227767,7.893856169771092e-4,0.0027853760102956146,0.0015499183456638567,0.003445474059820656,7.552077630497013e-4,0.0022990129939718636,0.001985865672972714,0.002800071529856668,8.987940174704989e-4,0.0021453540420568306,0.003074507889528895,0.002622025289426286,6.881680645734848e-4,0.0022517684217327897,9.070339898211359e-4,0.003708859500078956,0.004414282489585772,0.015149153590799413,0.00947521729139189
0.10002436245574917,0.03532272937673765,0.017995719872670356,0.009514151792252385,0.16066882008954908,0.009298225572427186,0.09206995573648,0.0030857184944533453,0.0028635792147666686,0.004032109617200476,0.0038202096244796518,0.0019402337379298045,0.005543458826462228,0.025135571977516508,0.031100527307444455,0.1455330613917886,0.0014701610046116787,0.003638347602307416,0.0010176802144512495,0.0015011145057631727,0.004878354140702544,0.0016471751197178136,0.0012570258767279879,0.009796489085236367,0.008321968534343393,0.020014830970875433,0.17272661701625971,0.0024350661858510204,0.012405195864286048,0.018412035352278505,0.002152207484494169,0.002141210560222573,0.0015210407227529317,0.019180510533225212,0.0021972702532069596,0.0014219257846866853,0.0023556637717460642,0.0013038913421602627,0.00285649280773575,0.0016674696378924112,0.003262614935571503,8.165067521240406e-4,0.0025434933209374645,0.0018797494399528096,0.0024412640424849004,0.001345461231003102,0.0018363045893864123,0.0026771944883803894,0.0026794151517927287,0.001016743641419562,0.0021455353827322526,0.0011652996966328324,0.002857897203603433,0.0038811485803656783,0.015659634434998515,0.009523557649171557
0.10095615663104851,0.03746831683855116,0.020008436317872934,0.00978300943935645,0.1574673144335342,0.009380315548813413,0.09536343268341685,0.003231340293196893,0.00273376941769716,0.004144885398615032,0.004377589371563208,0.002196079098492053,0.005256653747959759,0.023028810358571683,0.030531470779334775,0.16179658099427421,0.001794464682037951,0.0039500340136386794,9.439312997410451e-4,0.0017080634722770693,0.005286259629839976,0.0017760513618060188,0.0011510963182672653,0.007559278141281418,0.007821885046405162,0.0237865029237648,0.1578143526580392,0.0022698578210331695,0.011343735388432813,0.019316291022570868,0.002310973134337106,0.0023330190413410586,0.001097282590229983,0.014857091046013283,0.0021281412987498166,0.001399807535176292,0.002413662826366481,0.0011486832394302577,0.0025175742644939704,0.0015352647278167764,0.003223693744659006,9.138239442602975e-4,0.002590832807402401,0.0020400349123761404,0.0026284460065838654,0.001289763460863581,0.001913306867408239,0.0031502986905814837,0.002454206224647494,8.411305300863422e-4,0.0017934438463608887,0.0010224777721066051,0.0036349462883017644,0.004565688353672942,0.013259054622516985,0.00869138709278325
0.10405912334263909,0.03496233017534007,0.016539775414721954,0.009438125239329567,0.16133129018761708,0.009441191979406823,0.09568572130938749,0.003351996470786757,0.002760516902601216,0.003931743336228774,0.003948752643266984,0.002473560069831857,0.00598390170609865,0.024120697052767995,0.02500390831120755,0.15538590437119587,0.0014662172155432364,0.0037604263253555926,0.0010888953697147869,0.0016861182258805338,0.003955132367474741,0.0015370432509453488,0.0011947608464566875,0.007098478165165957,0.008154617910190164,0.019891768326623663,0.1747310429279039,0.002131759660100342,0.011417474322194107,0.017322911678533982,0.001954653045178842,0.0021442698244177774,0.0014883635499103988,0.01762164286332951,0.002066850176951935,0.001452490501839337,0.002254568888199863,9.570491933435001e-4,0.003097215340471382,0.0015337407707413664,0.003322138458709246,8.061676012953026e-4,0.002473792175601027,0.0019437000911565062,0.002765886624318719,9.922311028287348e-4,0.002218497042697335,0.002301983504855766,0.0022574697084650976,6.837710347566306e-4,0.002151131509542318,0.0010906702812817038,0.0032248322335621626,0.004269654728345903,0.012613216001063512,0.008458828642625387
0.10451657334213077,0.03551629871552224,0.018750800042607603,0.009563731978158777,0.15662843694805728,0.010507865254610097,0.09445481050419291,0.0032578561037908496,0.0028340761125164563,0.0038703796542100526,0.003888994970767338,0.0020096745098200077,0.0057562426156278716,0.02182645571891111,0.02697110437166079,0.1513891695045561,0.0018279635395373648,0.004137482581464877,0.0010688753824023693,0.001493424860701349,0.004678547916876708,0.001647940822895398,0.0010332022378675473,0.008997510444017087,0.007760742901165243,0.02004338771433957,0.16664961409423945,0.0019123755854167127,0.012184539957832821,0.01964830343885957,0.002008900333537285,0.00245868891524803,0.0011131567465821708,0.021561207173994415,0.00232418185597863,0.001620975108747904,0.00241216184556535,0.0014036018626202122,0.0029807246301373166,0.0017395802421782604,0.0028668113067400343,7.164528059608067e-4,0.0026449515017228564,0.002006530165300857,0.0024351945405001654,0.0013725753714451936,0.0018401301463950187,0.0030287309894002873,0.0027191662539342064,7.838367468048343e-4,0.0020817818891656903,0.0010861226088875356,0.0031617085228032526,0.0041736842258719795,0.01493156260074557,0.009701199784975897
0.09972025984997401,0.03859836509962464,0.018853773752916424,0.0096823417906014,0.13541517064046898,0.009477480067104112,0.10084505012998221,0.0032137232789640822,0.003030704473989273,0.0036967496831892114,0.0036843222775745704,0.0021752434388744224,0.005476199807975379,0.02576092368957805,0.022531532315253056,0.16524847169691761,0.0020217549577875304,0.0034234628913596874,8.67423172713796e-4,0.0019208372881298502,0.005409262988553565,0.0019017610822757204,0.0014193613191985054,0.008312789988647696,0.008168515433242,0.019741952859817925,0.17006868413090362,0.002706321191178564,0.012563248969386766,0.022602488424016534,0.0021112341074418593,0.002237729230854704,0.0012473206791738221,0.017234055458558606,0.00234554798170735,0.0017119740842089076,0.002471055350035628,9.277342327599512e-4,0.0034146294896278792,0.0016882197692803225,0.0036992008589539203,6.450400311846683e-4,0.0026787826896483,0.0021230032189517825,0.0027825913406174054,0.0010465228568414416,0.0022920007385365806,0.0030059949395831744,0.00248302178204474,6.998402406137066e-4,0.0019873066660183332,9.51636384351674e-4,0.003149580350164628,0.004121248762490354,0.015267468976021749,0.009139083090129252
0.0995069821273402,0.0350576329031566,0.020641185427501537,0.009214966816966357,0.15398811070146057,0.00957546326021155,0.10123011210331256,0.0032809946355197195,0.002960133310304926,0.003999853340036425,0.0035426838150186464,0.0020335998795706733,0.0049983188624897635,0.02397478665249166,0.023232896178447475,0.17267860135313612,0.0013843664869414257,0.004469431740086176,9.431181402600695e-4,0.0014686574316990029,0.0037711864791772354,0.0016057936120104398,0.0011583467204607139,0.007853589090531769,0.00826913798492282,0.01890011607863623,0.1574714935350159,0.0023029717311167028,0.011760806125486497,0.019701266159222384,0.0022832129076746153,0.0020194285510356435,0.001365260614957557,0.016954038774976112,0.002182248899859768,0.0016960398743423844,0.002472301774602377,9.063136933429341e-4,0.0026297011829974014,0.001532088669489262,0.0032567646908051285,7.634961182818212e-4,0.002448968740028938,0.0018940335996806043,0.002504942986055507,8.483620913085445e-4,0.0020907595311434697,0.00333617836489313,0.0025748577010386124,8.462000733285992e-4,0.002120797022301039,9.851176894737465e-4,0.0031676413077617,0.004842951087867102,0.013324911161718607,0.009976780208503216
0.09879973762235705,0.033318487032935266,0.018681959068960762,0.009745037367993944,0.14650221723280332,0.009240220624663315,0.0934630218593737,0.003191113205327033,0.002685841887770471,0.0035134659594426975,0.00346865458444572,0.0023638945060168834,0.005455806307048748,0.02634728741490557,0.028846585314412327,0.15334029078809655,0.0016531303552101049,0.0037450509980255188,0.0011557820691525244,0.0017693922438485944,0.005034529432526562,0.0015307232382633334,0.0011918187950247304,0.00806955545028012,0.008528654077227828,0.023898076687419216,0.17887115297970493,0.0023497445253652383,0.01141341439624132,0.023249700544860655,0.002004086391887393,0.002206852671119933,0.0011864591207543052,0.017459037132786237,0.0021827350163330385,0.0014356835582150943,0.002289131701748353,0.0011329390979454188,0.002664298643408234,0.0014205513606107925,0.0038850549812327866,7.169163575083991e-4,0.0021074560382649417,0.002017376825030783,0.00231223353426404,8.85348166813742e-4,0.0019768679774227554,0.002681962287305007,0.002793420312690476,9.718127246292514e-4,0.0020141578142227707,8.683328977166554e-4,0.003373419518932889,0.0039024515706310775,0.014701861147695316,0.009385206581126264
0.10958409791049846,0.035194217996044885,0.017427657625441607,0.00958470223350905,0.1454265663296809,0.009119600459404591,0.0928792788771415,0.003122772383878127,0.002955072328174341,0.003842493969991556,0.004301143611110949,0.002407114700457748,0.005259846444156317,0.026186598746184703,0.026874341441374593,0.1351921152547137,0.001514200522302597,0.0033477134140157266,0.0011362648137797117,0.0016415610882480995,0.00465772723770035,0.0015303775948524831,9.400962071821429e-4,0.008731445853352508,0.009168895390978206,0.02394065666582345,0.18889255935506874,0.0019232659050754262,0.011292348759797403,0.024059501721579203,0.0021957310160447387,0.0023686391574157806,0.001215634914651633,0.016634049169755714,0.0021461884861214905,0.0013576143136574297,0.0023555331061366628,0.001265757537789299,0.0031431822650420287,0.0016688989357790966,0.003210626505195964,5.95156933281287e-4,0.0023191326558056626,0.002135513762278718,0.002536413892054158,0.00105326730599058,0.0021126621431825517,0.0026037031704839115,0.0029836815632437,6.948792785915338e-4,0.0020698497926217967,0.0011684922151528568,0.003067563205442345,0.0038510576483622317,0.013654366313771394,0.009458169870628265
0.10204538694593884,0.037975317232626454,0.019032920578985972,0.009638711313336774,0.15470441396500834,0.00994255563767006,0.0960087466295127,0.0032931524019336245,0.0025833416559450533,0.0035623392705384205,0.003581020147274941,0.0022327747233530514,0.006272091462930115,0.02294548300447841,0.026082622106131867,0.16055399141456983,0.0015501985473446037,0.003593311911482946,9.303800039669984e-4,0.0016671754043470137,0.00482908729432561,0.0016274448558338116,0.0010973263289757811,0.009244429887723617,0.008468929817275244,0.023226026569050297,0.16306605547722736,0.0021636098647730465,0.010096537979503195,0.018911640351586628,0.0024625375719768525,0.0025091221632312,0.0012425987994096619,0.01616943476362311,0.002191009622818219,0.0016794715816086207,0.0025847147300009647,8.678661221244585e-4,0.002747135773634337,0.001559345317305664,0.0038113219519504823,5.5037358171402e-4,0.0027138811045103696,0.0018657101620376435,0.003002590406667068,0.0010684136745700457,0.0020617355055228383,0.002639387814812148,0.0025157946011829142,8.518648526395466e-4,0.0020724302953140762,0.0011769182277128383,0.003429685992505018,0.00429051189912072,0.013589328504722213,0.009419792195634368
0.09888633936883996,0.03814049643651983,0.016666866200017765,0.009807731081122291,0.15256558186074695,0.009431997366614627,0.09403655672849776,0.00325487439781875,0.002945136605502491,0.0038240767748553978,0.0034835222578832527,0.00236766722394067,0.005296046020541738,0.026417277608738136,0.025302671154454056,0.16852123119042003,0.0015730451538456312,0.004106205053382413,0.0010198644915934395,0.001693575372018339,0.00497340879007744,0.001491770757414245,0.0014201110239365775,0.009797955571670437,0.008829447105232875,0.02070284000582883,0.16243026084256298,0.0021636416701232538,0.009477745059258968,0.022714257865576976,0.002290742406482427,0.0025775778358620004,0.0013845998645688614,0.01344149419188887,0.0022033210558848586,0.0015905456559645718,0.0024327932305916785,9.0130944098544e-4,0.0026588538489117014,0.0015638550391983137,0.003862749316960683,7.787457716719834e-4,0.002353621055397327,0.0020960994493681865,0.002767909615010704,8.636112173021925e-4,0.0019855484887258607,0.0034980808567959465,0.0025409894259436237,6.236057539146675e-4,0.002179315321908444,9.817409761922321e-4,0.0030012900762925766,0.004038810262642429,0.013964690953305482,0.010075897849192791
0.09950668513533398,0.0370565941818385,0.018680007671560916,0.009524911337776436,0.1524559327195544,0.009086916380328458,0.09901086086951244,0.0034582132900947866,0.002983088234902272,0.003817133022141162,0.004060568326417483,0.0022766301984883117,0.006089122512000983,0.0235610780791254,0.02460277904396154,0.14765906078322286,0.0016885588852143076,0.003746649509654949,8.469744633885054e-4,0.0018096961460967653,0.003761527091166054,0.0015726791283781788,0.0010480747471617476,0.007822569844692767,0.007461670401601794,0.021725474151473394,0.17809282650444913,0.002382741324486297,0.010038374812479593,0.020738357610252788,0.0021537022752786787,0.0022806676998616865,0.001218510293311328,0.020310703359214834,0.002288852446278242,0.0016052160262723018,0.002374687108504434,9.261930076121394e-4,0.0028104546444223184,0.0015790988098267089,0.003316227321908107,8.045816642425108e-4,0.0026524769696398024,0.0025294487431950455,0.0030890382313125834,8.985621526953807e-4,0.001962506410229142,0.0032459867824620224,0.0026464788053386415,7.515312529250054e-4,0.0022085472324668777,9.904685863146795e-4,0.003121494714046801,0.0037374431078826373,0.01396592312587063,0.009965442822131186
0.10406876058629834,0.03629979383190675,0.020392642614893167,0.009764821240755114,0.1618602675861447,0.009342106584686599,0.08977519709831006,0.003263178908043901,0.002888769222722246,0.003782172900264534,0.0032584602375774715,0.002277783331255358,0.00599281965420873,0.02516203310895729,0.026523200185078713,0.16143805216851884,0.0016105999358058483,0.0037213825854404076,0.0010159492536893587,0.0017982246644663857,0.004256459973267444,0.0017671861249908688,0.0011602160597686652,0.010224776092424604,0.008253018127550636,0.0221177016867784,0.1500839289333734,0.0022780740363555316,0.012689812415835715,0.019971598346016965,0.0021118542621172743,0.0022582436091562823,0.0012493165628748612,0.01991949070382776,0.002093731022738868,0.0013725663281620283,0.002418565657351739,9.126088352053526e-4,0.002890867752107691,0.001563353764537204,0.003238874770431872,7.416453226234393e-4,0.0023158145744659334,0.0020788691219693037,0.003052318154186466,9.870881825187383e-4,0.002127345595432617,0.002756741507417154,0.002898480709102462,8.02011272601016e-4,0.001822148405485422,0.0010536376582109042,0.0031859960667489856,0.005457892734840686,0.013738017751617924,0.009913532178882039
0.1040180232044034,0.03376164813941318,0.018983037372081922,0.009400753525089128,0.15259625186575346,0.009529901419180059,0.09460990892861601,0.002946969912928591,0.0028088357700642892,0.004070613718709149,0.003771489820456086,0.001955466038822933,0.005700119394677295,0.022591834234801784,0.027232344013385586,0.1568792145746413,0.001519133693165083,0.0037902098771112796,0.0010124341355026395,0.0017055962992062403,0.004168242049673845,0.0015864233986674686,0.001070988057625613,0.007383678269617952,0.008873556112524349,0.02051227303354372,0.17335104306723934,0.0020805833691485715,0.009791119466911663,0.021929617029245948,0.0019217040120294167,0.0025554557417992005,0.0011568710532252392,0.017775980612952005,0.002210044985369461,0.0015455551740037763,0.0024566825356689666,9.833566515264828e-4,0.0027441182987429794,0.0016107820591161855,0.0034174013497319296,6.663526227105035e-4,0.00227961272332702,0.0019988266674484897,0.002594426362401794,0.0011557843131856636,0.0020219451798748887,0.003143067089851497,0.0026187808142660992,7.298767610732258e-4,0.0022939886725855045,0.0010684503317122999,0.003193801539429862,0.004331488756541666,0.01446982320408549,0.00942451269513246
0.1010703026599168,0.03852539800412656,0.018693391627322736,0.010100911770573586,0.1627083598607184,0.009615959009852963,0.08884920816493837,0.0031727267833674315,0.002658578837495073,0.0035326254454626023,0.0038844132569856708,0.0023558123706208683,0.006330482615819554,0.025719381188496374,0.025285240690655058,0.154274136562358,0.0017966711471716166,0.0046349227816078805,7.568550198535982e-4,0.001701516156205556,0.005090553092031863,0.0015862101558489431,0.0015178659729406774,0.007625001127323695,0.008288749217785591,0.02013202438917675,0.17154988084524275,0.002130427499322547,0.010107298565251659,0.019597396420029146,0.0025272279040684333,0.0020692452485962694,0.0011358737189874149,0.016648223322659864,0.002307392386662844,0.0016454739615216955,0.0023988876949401616,7.550086012449294e-4,0.0027984090464646732,0.001524020485541595,0.0032015090062655735,6.597589455685616e-4,0.0024088967290895233,0.001960361588983404,0.0025569210201496833,8.904763516925439e-4,0.0018010761462012499,0.002735510330082358,0.002619572707261236,7.717237759955094e-4,0.00196592407353633,9.02408812949287e-4,0.003363995733350451,0.004227976888826591,0.014118909596545942,0.008712914684311466
0.10164330539064431,0.03554511583461605,0.01970092043019975,0.009122856646776447,0.150931153863705,0.009580012324875289,0.09496418336670405,0.002973298924046614,0.002862186947595691,0.0038829597751473583,0.0037319860057421477,0.0020973507278001383,0.004496699396082571,0.023528874078965097,0.024317517655141545,0.15199801677464145,0.0016520711412625717,0.003518607205253583,0.0011435459889707887,0.0016662440548751536,0.004837255630081149,0.0015741506285008207,0.0013273891000513912,0.010335404485781217,0.007993251674873384,0.022924648926551838,0.17608632523592455,0.0021421391162281893,0.008972400875729035,0.02025716910603984,0.002221205520926809,0.00221197498219801,0.0010210595624280052,0.02042225830229414,0.00211589730993586,0.0015484257333035474,0.0023853796865818283,0.0010291809631898861,0.0029273390056329144,0.0015710270061579672,0.002970742503443623,7.257659191228462e-4,0.002483646186287657,0.0019808933548960093,0.0024423703109573733,0.0011173315916084418,0.0018944841266245922,0.0027390867350920653,0.0025352387860481276,8.197141693309615e-4,0.0019510127648228088,9.644688819168729e-4,0.0030938591927921204,0.004192688496040662,0.016578175530781274,0.01024973206477849
0.0964816612542736,0.03349929803087237,0.020713801553371103,0.009911782352885305,0.15830074995042517,0.009301194782229768,0.09747430284383075,0.003138501349777831,0.002804588114358342,0.0036105321063559207,0.003899076345802008,0.0021403591029201816,0.004859213382159903,0.024621039849209027,0.01812875728027348,0.1694512630017409,0.0015213721115742561,0.0037754505252254877,0.001035087916216715,0.001767276182150981,0.003672761278801366,0.0015648534687325698,0.001375296314202663,0.006764169992107378,0.008118776964450047,0.018805027002889912,0.169072447797621,0.0023719268014199095,0.010655146441466293,0.022539064582229835,0.0022587869571273804,0.0024139548998572406,0.0012885910578994797,0.01717615645754118,0.0022198205586809287,0.0016923869671223728,0.002382604612075181,9.075069928508107e-4,0.0028412468096158656,0.0015102299099785863,0.0034632487714495305,7.87783640006792e-4,0.0020738111372997,0.0019432992807060009,0.0023024788131585905,0.0011048992398055644,0.0019035160941688633,0.003078585309019807,0.002528257938702355,8.756631777984082e-4,0.0022690316849192935,8.886855584771289e-4,0.0030932763331706307,0.004068409975016815,0.014237015352612608,0.009315973791364746
0.10496626400612916,0.03641566697655574,0.017571904157846555,0.009643844302414717,0.15030688591984917,0.009405923481308318,0.09942890694577432,0.0031315959168573292,0.002670485649670965,0.0037410979369979164,0.0037731168448667633,0.0019168264775876165,0.005320012239738524,0.0218387809425089,0.02316611953780899,0.14398817378349582,0.0015711204229796915,0.003940623005128462,9.980590405170118e-4,0.0016632418809035601,0.003966835659509176,0.001922666569112884,0.00124540981542163,0.007921482148422017,0.008399315885507058,0.023501713142568437,0.18058725939027673,0.0022403130833315676,0.009702031828402893,0.021765739595762477,0.002127589032138384,0.002239199895149231,0.001053458492851692,0.020914225413063325,0.0022911645252476787,0.0015187390410176986,0.0022435514519782416,8.570492742739042e-4,0.0027164014974852954,0.0016237561166137016,0.003853530853136475,7.555273505255895e-4,0.0024932562885425923,0.0023993491996805285,0.0023399986303324336,8.529191207809874e-4,0.0018520107003927586,0.0032371534168941936,0.002814411851577684,8.266897929612808e-4,0.002497254081738448,0.0011279822594107434,0.0032712550590606685,0.0036441550768592933,0.014910670602414392,0.008827284388618422
0.09932608124361718,0.036362337922554964,0.019318901858916857,0.009293454442675859,0.16054845668509338,0.009307514484057476,0.09658499530579755,0.002962125251169825,0.002898038433410228,0.003961188814759166,0.0037932197410209855,0.002045734765160809,0.005065393852772727,0.02460811859902103,0.024524327293446467,0.1562587005763283,0.0017810890212008237,0.004084148420922671,0.0010555329115158043,0.0016426754686089254,0.0045035646794857704,0.0016806946938644812,0.0013232194070948717,0.008551491120517575,0.007575161594981046,0.026484555930843562,0.16529221697702592,0.0021257451648388427,0.01073034226698491,0.018983155278585226,0.0020525576634782324,0.002237809541904291,0.0013045669737173629,0.015577736192170183,0.0019957539131591367,0.0015660517970681395,0.002532277309654984,0.0014190836499927096,0.003055559467021715,0.001794263171668258,0.003538775621843165,8.023314196225059e-4,0.002432846623561828,0.002326022999925813,0.002695683217363474,0.0010475109937334852,0.001923821837996684,0.0027796992695049766,0.0020119338958511897,7.400437794841493e-4,0.0018973127865929604,0.0010386842109384405,0.003061639643068384,0.003974011848879729,0.013952532978974376,0.009569306986550492
0.10093672206971806,0.03665061082658633,0.018714921365301656,0.009737502596602445,0.15953811070895874,0.009806101535493102,0.09165464546880707,0.0033927655935881325,0.003014296963561354,0.003876954685988173,0.003906655736447403,0.0020745599295694363,0.004796788299120967,0.026477488331917546,0.025358628971901147,0.15140919251105414,0.0016030397089747794,0.00412670349237216,9.320091845551072e-4,0.0015064760116258425,0.004796098514976293,0.0015027399578243488,0.0012623995336736027,0.006462748922274442,0.008010424428799442,0.020328422534875563,0.17328855905724683,0.0023809714885472196,0.01127886183607409,0.019371301012055694,0.0022902914721440906,0.0022372743085701525,0.0010850698467057634,0.019907876732930648,0.0024635009296745686,0.0015652216139287732,0.002865967114778942,9.050490043413488e-4,0.0027902803187091017,0.0016662014615792815,0.0031238716776151227,7.33319688643265e-4,0.0026843854432354597,0.0021281524098232386,0.0027163548401908234,0.0014248167898647868,0.0019210614806764463,0.0027305933390208183,0.002357177001672224,8.259057381755801e-4,0.0021228778530112086,0.0010808889156280626,0.0033839545636616124,0.004130555383789506,0.013539462803406762,0.00912318798973135
0.0961269228318193,0.03683165021858244,0.017591325666795936,0.009354108647126923,0.1497148294043593,0.010086445713853991,0.09001264190791525,0.0029345255853731413,0.0028976647770009444,0.003662313217833656,0.003624526757962936,0.0020689394584281796,0.004394089314382893,0.02671030052763594,0.022341640642900267,0.172407422655465,0.0013356951564136813,0.0039346499844960985,8.88313957313347e-4,0.0016088825117244333,0.004447509646342534,0.00150086380696006,0.0016641352750441903,0.009665621473441029,0.008586822040559437,0.0235483421709498,0.16512486255427464,0.0023722478743709095,0.010539853422604313,0.024807078239948675,0.002296239006670805,0.002149446321709904,0.0011770089454883612,0.015345022862434244,0.0021113694531053207,0.0014953489897362605,0.002784474785707415,8.750312788746707e-4,0.0027907232358339324,0.0015965336977439104,0.0032219318407497198,6.278671538514341e-4,0.0024852572120509955,0.0021253896292852165,0.002770404727716828,8.287769772445133e-4,0.0020825945268995874,0.002830609382108303,0.002358253071593727,7.830158934848656e-4,0.0019461661496598713,0.0010766524081762033,0.0029878838435720458,0.0044646777552301295,0.015668555087772026,0.010336540321420451
0.10489415691813228,0.032298938981432046,0.01630038797194266,0.010172931888540904,0.150702440492546,0.009629385511493895,0.0953984070883441,0.0033266048299404874,0.0032747094726895596,0.0037382252317470347,0.004075332020873045,0.00233731317499717,0.004800158661372766,0.02591756642983052,0.022185508272013984,0.1492902839451451,0.0017143850788793422,0.003509096404653149,7.994024220273268e-4,0.0018273954411894137,0.004401756992576293,0.0016524322760332023,0.0010870099174323617,0.007924914602347241,0.008813119045033777,0.026558751811569543,0.178155238444654,0.0020616538658361724,0.010500952043742415,0.020896973708764165,0.002191920228423248,0.002318758468447911,0.0012763169452819634,0.01815256703391332,0.0021421677331298584,0.0014442369939146576,0.0025384751900041397,0.001032431631613722,0.003294694821113735,0.001740033149877072,0.003965283178528767,6.41282699072417e-4,0.002896349129522636,0.0020156769930879583,0.002690287027820692,6.402111711444534e-4,0.0021761056929158304,0.0029977493378827175,0.0031682113374092782,5.917296494187242e-4,0.0019758762865439683,0.0010970520034010757,0.0032248180832352364,0.003966199106631322,0.014043785703159669,0.00953234745872561
0.1059068324352857,0.03724824037046362,0.0193817814194821,0.009012928875678936,0.1622322802221078,0.009877686360578218,0.09264373077284913,0.003171394292525267,0.0028401333007887697,0.004209084621332094,0.0030996058798665,0.002220013665707821,0.005360874267550741,0.02077205242839121,0.026557174305054252,0.14744252866028124,0.001729954917800614,0.0036661738141041764,9.378547201764308e-4,0.0017514754299592934,0.004915062903092068,0.001466486221570895,0.001040354284984978,0.006411440256931545,0.008605537811001273,0.020636870242029638,0.17128636631497515,0.002163866627487472,0.010087691702625612,0.023388341365471767,0.002346802625108751,0.002178902196943219,0.001193122577725596,0.01525739404869415,0.0025127881453374835,0.0015700236642750658,0.0024078432002673893,0.0011901258367451879,0.0027399699693926127,0.0014715462761877177,0.0034716103720546657,8.148094012256476e-4,0.002562438938988612,0.0018225691537773348,0.0026168852163625795,0.0012656914741521058,0.0021412242815670945,0.0027378941233891954,0.0026773500962495875,0.0010598960229625297,0.0021677200369128397,0.0012267472419559698,0.003121351210897841,0.004356817396862932,0.016324386111781077,0.008700271890028439
0.10489341142478252,0.036340771062896,0.0197542534458532,0.008859717170539913,0.15606216026052025,0.009362999354852129,0.0929773332901568,0.003045028824825623,0.0028804307916376827,0.0034103885008866107,0.003889219335713642,0.002386850926869512,0.005635727236214489,0.023964736090383493,0.022574795615268196,0.1619560518618133,0.0016895775772411393,0.004577233650286035,9.488909112237701e-4,0.0017009648701988421,0.0044554172957160295,0.0014358935079986615,0.0015651319390939393,0.0075377095451205495,0.008172211455886109,0.02060460817047423,0.1685624731024023,0.0020129269988157393,0.010337023473660622,0.021370837360331994,0.002133542808674961,0.0020438915785612756,0.0015051473758401865,0.017220923455513466,0.002184077903718833,0.0015769469300459533,0.002541181482226156,0.0011390151736190208,0.0025671779720810553,0.0014845022264361764,0.0030842317952548986,7.018966595530753e-4,0.0024599546264687045,0.0020728626861152683,0.0023968684743858413,0.001027127624362878,0.0020943631466913038,0.002809414288621505,0.0021210836611395487,8.787793426622788e-4,0.0019923079790646015,9.866499242408584e-4,0.003077532615727304,0.00423745992751438,0.014294477219760598,0.008403808070056614
0.10084803230372241,0.03585830486614482,0.01877382623423588,0.009478269609962934,0.14831866814021527,0.010040252981174278,0.10084010574033667,0.0032570376269820886,0.0028706689653338127,0.003871607474306791,0.0037983484508369815,0.002297669153057015,0.00505463036419027,0.0247137892021772,0.023347502010952714,0.15194679521652016,0.0015732103628382863,0.0036610293271439037,9.91234636898048e-4,0.0014580273028746392,0.004596767729657073,0.001458569986582262,0.0016473141969062476,0.00736259000517879,0.007797749415726224,0.02061106915072706,0.17652672702220945,0.002262503489957774,0.010658926437770215,0.02118268841325726,0.0020173819378248095,0.002575442095357901,0.001625933568120558,0.019154221676722524,0.0022936771199788273,0.0015614457880019006,0.002345667630288346,0.0011138235494929996,0.002736231379731021,0.001438861817868595,0.0032706902327790726,5.972731535089029e-4,0.0023783013080327896,0.002337188212776896,0.002618771552916223,7.959242479300038e-4,0.0021369608358574807,0.0027990373106761674,0.002703148161888113,6.703398722292301e-4,0.002248846762838466,0.0013186610240190986,0.0033039804184418486,0.004382970531803711,0.015007574942421482,0.009463729050616508
0.10451485856960974,0.03884302515401751,0.017025292121506927,0.008917646776578058,0.14219243120599623,0.00965587018503926,0.09623559878568715,0.0032297576392400053,0.002977108201545665,0.004126598581389668,0.0033719174594433157,0.002054267120646615,0.005641086531346064,0.02771966507587834,0.027045771318779173,0.16083203876638807,0.00200701457208504,0.0037957918417797936,0.0010457577252099151,0.0015242940897170036,0.005164988513601988,0.0015245303831763245,0.0012933887869257588,0.009648651893811146,0.00830977473659223,0.024092999234768736,0.16361341880358926,0.001962265436943009,0.009667626952917358,0.022019662076022056,0.002221160121864562,0.002305077660695764,0.001207556471763597,0.01692373901305844,0.0021014686356918577,0.0015153536754842704,0.0024258209212931745,0.0010737277092875816,0.0027695664591241404,0.0016073766702800355,0.0038415557848317486,9.850830838344226e-4,0.002524145000179994,0.002146286352074191,0.0027084317359314255,9.870579321903292e-4,0.0020471086394544336,0.002630421242175539,0.0025934264389072016,0.0010369032171779673,0.0021705413816307333,0.0010582246044372455,0.003274801551273914,0.004128572472040898,0.013933126378418488,0.009730368306666572
