i2_health,age,household_size,cantril_ladder,r1_1,r1_2,week_number,hl_covid_num,vl_num,region_Islands,region_North east,region_North west,region_South,gender_Male,i9_health_Not sure,i9_health_Yes,employment_status_Full time student,employment_status_Not working,employment_status_Other,employment_status_Part time employment,employment_status_Retired,employment_status_Unemployed,i11_health_Not sure,i11_health_Somewhat unwilling,i11_health_Somewhat willing,i11_health_Very unwilling,i11_health_Very willing,WCRex1_Somewhat badly,WCRex1_Somewhat well,WCRex1_Very badly,WCRex1_Very well,WCRex2_A lot of confidence,WCRex2_Don't know,WCRex2_No confidence at all,WCRex2_Not very much confidence,PHQ4_1_Nearly every day,PHQ4_1_Not at all,PHQ4_1_Prefer not to say,PHQ4_1_Several days,PHQ4_2_Nearly every day,PHQ4_2_Not at all,PHQ4_2_Prefer not to say,PHQ4_2_Several days,PHQ4_3_Nearly every day,PHQ4_3_Not at all,PHQ4_3_Prefer not to say,PHQ4_3_Several days,PHQ4_4_Nearly every day,PHQ4_4_Not at all,PHQ4_4_Prefer not to say,PHQ4_4_Several days,d1_comorbidities_Prefer_not_to_say,d1_comorbidities_Yes,vaccination_status_1,vaccination_status_2,vaccination_status_3
0.09856085389734849,0.03803876892736369,0.01805679319776587,0.009760458793571108,0.1475319113912588,0.010263813916338115,0.10426301896623288,0.0033788704703724315,0.002839080699977242,0.003509788690371734,0.004067398107842114,0.0023167086236219364,0.0047275436572187645,0.028336973521781186,0.02646100569220242,0.15389694436255028,0.0015295571498377912,0.003943322815114703,9.026748909212468e-4,0.0015417439955383082,0.0052891448065006275,0.0017124101138988508,0.001589089514686899,0.008554936229525465,0.008214420988482856,0.025515563147119957,0.17029790183253554,0.0021913498307814406,0.010848647615719685,0.01612253794162794,0.0022686536753264703,0.0022867833440473264,0.0011459009480323402,0.015600587990564912,0.0021205912222158887,0.0012784959895500469,0.00258136115741875,0.0012966719486538604,0.002585253816695076,0.0014440624302698307,0.003042203555759248,8.211848253233756e-4,0.002078955581572943,0.001972878841816337,0.0020867076462024346,0.0010388827553356888,0.0020276414244077786,0.0026833026461568813,0.0026497991625510325,0.0010706354711460468,0.001849162201480472,0.0010179625800215359,0.0034236929410965734,0.004522541478997287,0.013600871830233792,0.009241980747015668
0.1062301707515807,0.034034706584220434,0.018341475557172256,0.009327646636738551,0.1511222757158828,0.009129280217309639,0.09844823354821346,0.003396070231478064,0.0030364574915997364,0.004083401805011646,0.0036485676770088246,0.0021674280073496243,0.004946020434857116,0.024396267332154102,0.027093327748447728,0.14830140799094138,0.0014224317709642365,0.003876638659066415,0.0010724983336326797,0.0015251265725226219,0.004131056145283244,0.0015918274636743137,0.0013741670556287713,0.008312682826435651,0.007903115900709957,0.026378772222370134,0.17519955262133613,0.0018210950166637518,0.009995955223168453,0.023014459407311894,0.002017089510172598,0.0021268152770314783,0.0013265375549543405,0.012132777728466273,0.00238946394500256,0.0018364865609967402,0.0023395872905279808,0.0010507325085152034,0.002636339947526393,0.001740216391951676,0.0033826765112306536,7.598546094516298e-4,0.002313937622986612,0.0019586556150673297,0.002825349933014695,8.903052707644837e-4,0.0016941476048719364,0.0029842309967547972,0.00277051737517299,6.318092169060271e-4,0.002079967838637041,0.0010924045738950072,0.003399445484666192,0.004247869306854507,0.01433496894165825,0.009715695434188315
0.09844062546635127,0.03618325687866913,0.01830055304519448,0.009454674600954355,0.15282139418123242,0.009727511554827718,0.09892254421348852,0.0034821822013981845,0.0033106437547941814,0.004122188169798527,0.0037871143877315013,0.0021884613675613998,0.004728389255816385,0.021191574128052764,0.0289203145927501,0.15317774322956304,0.0016370082183368594,0.004058894804153923,8.621650688045933e-4,0.0016843880865242337,0.004225667334999561,0.0016760465871829846,0.0012774998692027112,0.008349813101071473,0.008810260696851303,0.023506101393226734,0.17406007712858204,0.0021754802232722926,0.011420206666435579,0.0203486875619939,0.0021448551835456984,0.0021593073172657485,0.0011167486339918474,0.016450032879950748,0.002119401942133507,0.0015753860786505763,0.00230822810149588,8.039965220623811e-4,0.002456273971628279,0.0014707344827963862,0.0031543785375269706,6.616314615831992e-4,0.0022201409854392946,0.002081050159133285,0.002564110646581563,0.0010432633926313463,0.0019579612052161213,0.003075192792809378,0.0026209985868994074,7.863945842223578e-4,0.001947932881837753,8.927411607487288e-4,0.0032424102060712038,0.004428201448088633,0.015190295215520587,0.008676863853346942
0.10056288605529892,0.03725826063213574,0.017128869848770805,0.009910082054572089,0.1443364973669559,0.009845806247278734,0.09836216955450383,0.003293314988846558,0.0032167123549571306,0.003934256904778666,0.003861071466752949,0.0020405120271432806,0.0065145255903597795,0.022714904461291152,0.026054772189712964,0.16327923052181154,0.0016310513821203858,0.0036112680758204926,8.153088057290296e-4,0.0015460032505393614,0.004705359567337775,0.001611935057202145,9.948568234300597e-4,0.007934398364298519,0.007671263540644096,0.02068742074035572,0.17388076317669007,0.002388677147857614,0.010793131691300832,0.01691150601183527,0.0023971230833010533,0.002128327464068394,0.0012864958445094163,0.019230009746369285,0.002172769113431361,0.0013183225039245998,0.002577334780433724,0.0011684076653218638,0.002970923601843532,0.0017142440226303437,0.0033097077241197367,7.025188782908928e-4,0.002555073104564971,0.0020945789239119805,0.0026876492548620445,9.089603238005052e-4,0.0019862068253933833,0.002768077633100177,0.0024934259016991043,7.491033529119914e-4,0.0022642157706346546,9.113547899937288e-4,0.003550281853332776,0.004494314947596676,0.015091578456066167,0.008972178533556245
0.0951360620360996,0.03813286049821385,0.017557542042136727,0.009500326003689047,0.161715645249584,0.009414393140521391,0.09749801278864484,0.0036328427116270948,0.0031816563770866173,0.004096192260108228,0.004383913139610123,0.001897776119593359,0.004842662228581219,0.02261383530922802,0.02742943431559426,0.15094904875517845,0.0020401101503697084,0.003773927631414946,0.001057330621819024,0.0015801041689199775,0.004561126677847335,0.0016265131452512164,0.0012777467181567315,0.007757440672390885,0.008424636311331812,0.021236262848289625,0.16505150142420963,0.0020178677999114734,0.01299763226844749,0.02194227265459257,0.0023431682816489334,0.002107729758679275,0.0014603405535067115,0.01774472344579205,0.0023771216207905876,0.001501512588198355,0.0022361557177072618,8.281286698300135e-4,0.0030572092696439634,0.001572659634080535,0.0038011089835790803,5.605009497917165e-4,0.002450285324723432,0.0020854381745917332,0.0029123334911277973,8.454316462575491e-4,0.0021495196252385206,0.0030848331139112896,0.0024887697050507743,6.91836557169674e-4,0.002151895488147646,0.001099386246720036,0.0031059403692927363,0.004836390285983256,0.014503121498015586,0.010677782932072239
0.10221132531720956,0.035921160126459184,0.017414087469946868,0.009999900682450876,0.15016740007398516,0.009107222264485845,0.10051073983569889,0.0035904150552918783,0.0029810401714215314,0.0036912770288997834,0.0037018822531086908,0.002178958982444065,0.0060096455699950625,0.02242258466263949,0.025253229451524885,0.16683334892936724,0.0018118502960560651,0.0035120862649989015,9.964752625824945e-4,0.0016409155776071617,0.004825422254144213,0.0015395018481604392,0.0010438969493396153,0.010327500016292106,0.007973550735538985,0.02276104312497135,0.16296457868702147,0.0022150534351605667,0.010161363402414433,0.018923629609873427,0.0020976800194025167,0.0023473532943695604,0.0011487986341918292,0.016971162803900947,0.002121746592339154,0.0013823490764476314,0.0023442848105028787,0.0010153562119207642,0.0029646401484330967,0.0016270201328800172,0.0032990288619970747,6.936068460954653e-4,0.002281230096677181,0.001839365440724702,0.0026785240404851108,0.0012025720267551953,0.0019180654474343143,0.0030273219825531035,0.002238303529533222,9.265351880308436e-4,0.0021443756022885545,9.467793349527866e-4,0.003223565307984062,0.004157234628518254,0.012807490255362953,0.009904524347128567
0.10159146103522114,0.03714478496496345,0.019535875510582536,0.01004455112423621,0.16178264906750875,0.009475134507525433,0.09767367135968413,0.0034418284412965905,0.003441906140741673,0.0033439388309488417,0.003570806635762882,0.0027163935621133542,0.005610194258772422,0.02370979982821349,0.02626263914362225,0.1579226423158943,0.0015560235814151065,0.004008667511261081,0.0010512357982010916,0.001637615275138777,0.0046394150045384235,0.0014428358525517165,0.0011985519498230175,0.007867102445521265,0.009161003841769976,0.020498884988765773,0.15560827930314758,0.0022342416674015503,0.009952098048091693,0.023997269405766214,0.002173241960503527,0.0022431797260894512,0.0010689400964357,0.014903638403207038,0.0021309432832168265,0.0012767055575384932,0.002334301141586814,7.868627892420324e-4,0.002853412208315593,0.0015717251044858307,0.0032962083604465777,6.843502922162151e-4,0.0027292635146647258,0.001915044588058221,0.0024100503462066267,7.25950071185215e-4,0.002022748068745682,0.003058758835183824,0.0027195105888707287,7.375855329180981e-4,0.002150725965312402,0.00114477576266343,0.0034136753294096364,0.004221297011400831,0.014142475479547422,0.011163128582068377
0.10244104800480876,0.03633139156650054,0.01729148984811598,0.009310942002180165,0.1385494795343372,0.009372733518644944,0.09326074923725802,0.0033528680967636142,0.003198888772870119,0.004010726818091921,0.004047927641088585,0.0023187476810386364,0.005480204684883154,0.02367787015646128,0.027399818637516102,0.1638721747425143,0.0015669140939667224,0.0034961038742933855,9.609015113150741e-4,0.0018153383417766204,0.0034792308314606168,0.0013737744803879748,8.80526386139491e-4,0.009658148120285155,0.009376119894673345,0.025492621023501222,0.17611536302277792,0.0020264459142101663,0.008156150039916186,0.02034410732567393,0.0020426631830359307,0.002263509612351067,0.0012357470603633586,0.018950052981455683,0.0019182134954501026,0.0014728778447220818,0.002356450371363957,7.224301145952618e-4,0.0026011261818649294,0.001547581568885418,0.003282725326648699,6.8377465751648e-4,0.0025992649904509964,0.0018982279773060154,0.0026605908662324005,0.0011245777283695139,0.0022354758806442626,0.0026475167937555118,0.002921394018486055,8.068376427079472e-4,0.002095801582771783,0.0012610224868621455,0.0031490138175663406,0.0043494502233273604,0.015168567418793714,0.00934630037102198
0.10026032424779223,0.03808262273695792,0.018022752824828698,0.00934241653246771,0.15376928397585254,0.010499365614204868,0.08858490289027836,0.0031278434558072183,0.0030782310170953675,0.0034870613460817237,0.0034964284326530755,0.002195779483054311,0.004880254913367096,0.02391445246286639,0.02702402864003435,0.15470494375891894,0.001738352290422575,0.0032488996695255374,0.0010447271671992111,0.0016617315829811422,0.004097111630648944,0.0014091966083761719,0.001363546248689745,0.007921208893524467,0.007981183501980547,0.02989082613390544,0.16798980669216138,0.0020870497330282094,0.012051265399594124,0.024323628082666044,0.0019090936741669572,0.002192617536953355,0.0011769418311706813,0.019183335027457053,0.002084427865918951,0.0014714506074317254,0.0020610405596227406,9.251353251754703e-4,0.0023838758976890907,0.00158202953094804,0.0031723973868263817,7.219953255819285e-4,0.0023146011631946,0.002248368390157127,0.002136431601772271,9.801372171679308e-4,0.0018546364948454396,0.0030036560910776423,0.0024778450255808757,0.0010341348907908022,0.002138447414305241,0.0011457893062784205,0.0035556661889621804,0.004172391760001986,0.014331482854946025,0.008462845065012646
0.09805588653453608,0.037930127807866955,0.01832880838600918,0.009129396243112124,0.16331787500697476,0.01053572810380024,0.0988763855257765,0.003366672332028198,0.003253511082005159,0.003849597176812384,0.004103636638881715,0.002177562144057727,0.0049150104650027135,0.022002589554424287,0.030324205127231538,0.15491072069043624,0.0016588048160976765,0.004145248245737156,9.972279748143343e-4,0.0016776423982201554,0.004207459523939035,0.0015470430631210317,0.0012427125565663154,0.009160932871168252,0.008535683173825038,0.021457353173584184,0.16288168190516303,0.0020612692973069496,0.010237198960922853,0.018792631233933783,0.0021266699796480236,0.002219380523444771,0.0011968084421728191,0.01468377405049488,0.0019363308581932988,0.0015487631910382567,0.002442062152810643,0.0010211204089480338,0.0029833915066143153,0.0016746969942894644,0.0032430582560707046,7.949113884703666e-4,0.0025712810475927786,0.0021104242326738234,0.002539629518707648,0.0011460809378567834,0.0020968764236745452,0.00303151627559434,0.0024335992992487363,8.402239402904316e-4,0.0020275451062807194,0.0010441445218470772,0.003117054334021375,0.003578261172373062,0.014324122453051475,0.009587670971235996
0.10036080614543363,0.03724659470044338,0.019367368508386072,0.009265263418351455,0.15439584168517015,0.009786410137591912,0.09410927443335196,0.0031887752734105156,0.0031891700394588523,0.004339783322859783,0.00357914997725374,0.0022791696479867157,0.00545115964209816,0.026722012767474088,0.023897048568533412,0.1610153825975988,0.0015677802976665548,0.0036744926146628797,9.693067909120313e-4,0.0015835020850439262,0.004445300079868989,0.0017381347836377338,7.847673092306322e-4,0.009443667643471185,0.008075249877207072,0.021230104940839996,0.16457062699583608,0.0021945191684377857,0.0098860745134334,0.02189072031399353,0.002228211694783011,0.0021455570019839974,0.0011197476852106711,0.017477725352968678,0.0022043816234658103,0.0014755477138183783,0.0022424788558113562,7.607272839220761e-4,0.0027917592577649444,0.0014842885746229858,0.003628460193916573,7.680866147922994e-4,0.002440804649734142,0.002157613371111819,0.002679949914279657,8.621621037283116e-4,0.0020326856131895215,0.003023243193343133,0.003097918166557656,0.001039459394412674,0.0021673548642416334,0.0010284606964901745,0.0035131939858522704,0.0036887008453330384,0.013820554344978997,0.00987346872404177
0.10394978608883185,0.03554867719172276,0.018207323587246763,0.009180592968125411,0.14940941144748776,0.009491582052638227,0.0994633651908224,0.0035462775533429726,0.0032097228772559015,0.003984940166912,0.004151166555714734,0.002344588793180833,0.005416018942785525,0.025559238792679316,0.022698490580677216,0.15690668019743,0.0016150748184567503,0.0036394243864850554,8.729695382754416e-4,0.0017123691197869558,0.004173839909374617,0.0017488039097848182,9.03702426841082e-4,0.008985377426038665,0.00923057901587767,0.020857820993051675,0.16792815052899485,0.0021742477268208897,0.010972540886943424,0.019772881131040154,0.0022027436669272947,0.002360063651887377,0.0010021661668606042,0.020177028733803542,0.001979707528252886,0.0016657830385188382,0.0026462275589523698,0.001014673075958334,0.002603487533960787,0.001543622774722259,0.0033809454272612696,6.029512618044322e-4,0.0020871305560953165,0.002069402850593466,0.002850829589400553,9.005568327658891e-4,0.0018083717545372534,0.00307285436842736,0.002577286270497469,7.917465085941438e-4,0.0020010304728113703,0.001176409498892477,0.0029631422254233013,0.004304477294229531,0.01509916479166291,0.009462551762533189
0.10191662087898479,0.03880543415826558,0.01824202421630578,0.010152206369802767,0.1648350253534497,0.00929313353246226,0.09864840198716507,0.0033815646061785046,0.0031169125455711554,0.0036073266194332075,0.003407172572928575,0.0021137272496248604,0.005775883506718357,0.02472272007691899,0.026432027724456936,0.15290570078760396,0.0015762837529626603,0.003146735491607785,9.326900694345323e-4,0.0016220800490763826,0.004084645304761681,0.0014954175085989153,0.001502967976554905,0.008394730812110701,0.006950429832965882,0.024566343552576638,0.15643844230300355,0.002107555693830979,0.011125038484440344,0.01999060061571193,0.002202043524121295,0.002335683232397738,0.0011049723843871923,0.01572307485191722,0.002469898909282715,0.0015258629142155275,0.0021215520449243334,9.461988605267093e-4,0.0028929393122610544,0.0015387911103602009,0.0034339198655341323,7.333196864884105e-4,0.002593668616025775,0.001680706606189546,0.0029671205962889654,0.0010867025416454342,0.0024030127462406144,0.0026023157175647568,0.0025238447104816678,9.798958996544034e-4,0.0019764978068397302,0.0011280180843583178,0.0029224712777900608,0.004435009028765205,0.015749090983831964,0.008633545054399632
0.11010947599950546,0.03405052287842776,0.017370966879364517,0.010250968411072285,0.14540749128403604,0.009902907574154006,0.10123955280277988,0.003337054162009416,0.003352166212277802,0.003943515432759052,0.003963502571008073,0.0018997925057874503,0.005351391278855565,0.025627759730713476,0.023939560712506344,0.15469770624825815,0.0015801548332408696,0.004251535037047612,8.884351885380898e-4,0.0015275639370972,0.0043159361664637805,0.0015599804949360061,0.0011721244938177127,0.009030947228534071,0.00773768078941564,0.02287646894381438,0.17062431035516099,0.0023517048860334662,0.009763551441468142,0.022727444319927532,0.002063692056927069,0.0021530946637714895,0.001110078062845771,0.017508135741073245,0.002140906526039004,0.001388207400370877,0.002268514036505649,0.0010839068343462485,0.002672566166064748,0.0015222199069580065,0.0037786984715160255,7.720516690627219e-4,0.0025113899031318277,0.0020375577633369025,0.002642909495513105,0.0012652256901277276,0.002077133979064209,0.0030134971295303365,0.002320353702484914,7.514140319635434e-4,0.0018829353324834697,9.771636316074639e-4,0.0030818537165973846,0.003259702889504865,0.012129708597296696,0.008734909802865842
0.09721364913580795,0.03818340852213601,0.016974566130490875,0.009745219890190318,0.160393414496286,0.008948610029245978,0.09477899415969793,0.0032334468797366378,0.003315802468547202,0.003984128747331271,0.004140588112762921,0.002111243844604352,0.005501742215989845,0.023246634966511477,0.025462233492825163,0.15353367728969536,0.001701004912597655,0.0043127666078040085,0.0011746900092663435,0.0016043024909361697,0.0045650732491332455,0.0016508631058769101,0.0010565233362770984,0.009360008303899612,0.008052286651265167,0.018284090226109596,0.16801707546434613,0.0023275051484786527,0.010156266859113108,0.02494310898210373,0.002104371219833046,0.002369401767393257,0.00122831189807209,0.020066764927790845,0.0020582239181004235,0.001894446790202435,0.002347441940664486,0.001240971695626592,0.00262592370692782,0.0017080286267731933,0.0034090096203396774,7.160531701908703e-4,0.0023696745514508043,0.002309967917852696,0.0023750014711423992,0.0011147623182186472,0.0021436674060749073,0.002819620049709088,0.002269371714427929,9.830781291323082e-4,0.0021907640902962032,0.0010815124001323827,0.0030631147664337906,0.00423505010060486,0.012937688667754388,0.010364851405788153
0.10242048488260012,0.036415213889865856,0.017582336190702135,0.009686427503852782,0.14042294360332405,0.009844841125704579,0.09695881247463961,0.003567480524206632,0.0033063556597834214,0.003548544705654765,0.0039946526837046125,0.0021774650068136932,0.006040918728339877,0.0232324660257744,0.022958397359381565,0.16118627704959954,0.001691641078311441,0.004373857620073097,0.0010391065086287204,0.0016391430779841378,0.004431882916523941,0.0014365713752100902,0.0012553509346684406,0.00924590186041827,0.008781716236561276,0.028279571911751043,0.17266468870220558,0.0021635363263261044,0.009763229634925152,0.018686632085757198,0.0020849551649403967,0.0020499888199561763,0.001225445933390702,0.019205130323213124,0.0019070758493722965,0.0014723756133063928,0.0023096401186614747,9.057684116674951e-4,0.0029657547963507316,0.0015490682193069086,0.0034205898400350757,7.248077104179063e-4,0.0022775857348943966,0.0018953703146738301,0.0026116481909008314,0.0010425643010937436,0.0020135735414251663,0.0030022426919302267,0.0026946285456772084,7.275816560710085e-4,0.002019439862754177,0.0010591099787961907,0.003202634029790647,0.004294449354797183,0.015054624814125462,0.009487498499159044
0.10318459776714396,0.03470702404604516,0.01673558817621996,0.009859514317419516,0.14693343502592532,0.009992368764628614,0.0940889988534253,0.0035836903330698487,0.0031380377429830685,0.003964847450138022,0.0036133007491899035,0.0022821977485657464,0.004891772626240969,0.026098444367510024,0.029595065299031102,0.15811095501229397,0.0017744554760796474,0.004038224505477705,9.579481635262599e-4,0.0017680625979094628,0.004881002859938534,0.0015608260999180393,0.0012679314895161584,0.008238406992425179,0.009499634055591366,0.025862858488975952,0.1648257044040563,0.0023141184843175925,0.0129771540330742,0.02140359606040829,0.0018202401634499152,0.0020808212784001467,0.0012615856402524355,0.01646260447330638,0.0023455979956241045,0.0016484531909812402,0.0025075978872970825,9.80858669883559e-4,0.0029343777694776276,0.001614232139372247,0.0032642999617528813,6.634792254470092e-4,0.0023917573282941237,0.0020794300062316196,0.002687387825600835,9.36643858734263e-4,0.0021349056218985278,0.0028067379556309057,0.0022516151802643323,7.39434753851732e-4,0.002227153825347685,0.0010325441912383561,0.003385925896640129,0.004324123342171201,0.013605190644899076,0.009663239182907473
0.10455190649447575,0.03437239241510187,0.01934759048598028,0.00997976062092502,0.1477759816696455,0.009237138358000028,0.09919339495702344,0.003362965446526063,0.00337403974430775,0.0038533228757089556,0.0033861212554081783,0.002165878227128173,0.005044868921007781,0.0255337804997999,0.025554742400095948,0.16238657495411796,0.0015375202608417758,0.003255080772905117,0.0010623554545653344,0.0016632947675786355,0.004216011593148883,0.001516555321652897,0.001262051181706113,0.006698162910032032,0.007953805669728278,0.021051237083212524,0.16753894935119312,0.00202121534399416,0.010628313744820981,0.02200478364596456,0.0021505279158618067,0.0019043047000694721,0.0016154365697326678,0.016542071912533613,0.0022634744706645647,0.0016991708367862662,0.002312667232615758,0.0015211057409940125,0.0024453835638990904,0.001701662105831628,0.0034340557843497176,9.435919127066827e-4,0.0024478404549332354,0.001897153755616155,0.002373192006400026,0.0011981262277254738,0.0019835944508915506,0.0026036881312233055,0.002338644291052992,8.945364379098677e-4,0.0021160237577671965,0.0010290829544554114,0.0031065862192003416,0.004196497633710169,0.014120237297808844,0.00963154720866315
0.1024207415123278,0.036086177578023425,0.016249072369150904,0.00992228617360437,0.1469122866633985,0.00943963733954295,0.09891644900916843,0.0036031320829801087,0.0032105245833035194,0.0038594229442576126,0.004258776973959139,0.0019601824527057644,0.0058287019138834675,0.022834982010891926,0.02605036082606231,0.15959654163003853,0.0016863746212706832,0.003219787358826581,9.014646833904938e-4,0.0015973497978287955,0.004347050582390998,0.0015534131079943411,0.0011206063125493407,0.009551774797484642,0.008533676935379816,0.02270602921909251,0.16875865192656203,0.002483460867592003,0.011752411864777062,0.019802976060187036,0.0023222305717055893,0.0021148410785353225,0.0012134911456101823,0.019754015639331546,0.0020694147195056225,0.0016000025904851954,0.00266477621771722,0.0010994920458883676,0.00255222392393274,0.0014834657850631978,0.0031575136897754276,9.606429515247511e-4,0.00228134142234555,0.0019733810770617083,0.002847741969834942,0.0010385109444585668,0.0018619963102546712,0.002937732442721428,0.002381761942848014,7.701046288729518e-4,0.0020530241907010583,0.0010981349254322122,0.002954464403712511,0.004314174177251719,0.01314534969013802,0.010185867316666356
0.10240120609304151,0.03826919962545001,0.017160436190839057,0.00969547590724496,0.1571197971940648,0.009655845182646134,0.09527857902021669,0.00341456773481115,0.0033719924060226676,0.004266455296407645,0.003518081123325336,0.0020822450362312918,0.005245837052584394,0.024371989959178515,0.027591819224219064,0.16224698607611318,0.001479863946916851,0.0038533319032429732,9.345509590908355e-4,0.0016971861290075066,0.004293175717504725,0.0014958808316979492,0.0011226917372822837,0.008248133923906449,0.008377929063181725,0.0170167979474548,0.16363510495901823,0.0020199553460412316,0.010339629612903594,0.021022605921983278,0.002106316892010301,0.0022861418671182156,0.0011232726273196283,0.015292737758001386,0.002388392873796209,0.0017240484828495478,0.0024976431700104236,8.593545425983458e-4,0.0027995265327596898,0.001654056388940432,0.0037983141011581818,8.335597048311636e-4,0.002391398264325829,0.0019035758472864426,0.002703696743166065,8.819576388968822e-4,0.0019279798115634395,0.0026286275015879484,0.0026262525641965206,6.678810777937318e-4,0.0022471335068406395,0.001044189776879623,0.0027127086508835535,0.004802237408551465,0.016072078291288806,0.008799566853716696
0.10583362569348283,0.03605648952138887,0.0183895769291847,0.009106436679139908,0.15645868228465962,0.010320558622409938,0.09734653012448369,0.00333244541105672,0.0032489964402963776,0.004446217773259186,0.003548902339600519,0.002392294848652675,0.005371490688496005,0.021429659864102602,0.024334361908061403,0.14754444600915384,0.001588240443256972,0.004194987210776201,9.542853969912282e-4,0.0016049955630024835,0.004070984898631738,0.0014699289711236922,0.0013120588596237336,0.00904802137872887,0.0083070435888153,0.018135928468117044,0.17304956367560487,0.00229930152639493,0.009621741466402567,0.021456846722387256,0.001854815907351938,0.0019144862414802535,0.0010188357116280096,0.02074919133417671,0.0020908494701097203,0.0015581358413640565,0.0026689920927871493,0.001256456934897334,0.002763658349062106,0.0017394760177351397,0.0038244658313622316,7.640444768329471e-4,0.0025448080686526673,0.00195710329181235,0.0026878244593513223,0.0012774842897912402,0.002110824371407253,0.0025775756304208686,0.002671610164629405,0.0010433567355631575,0.002191028422530917,0.001086300766864374,0.0033723188187151916,0.005075912471351862,0.013347562561217828,0.009578238431618216
0.10004680786840571,0.0352645276223176,0.018661712959539303,0.009837569129025977,0.14607107348016352,0.009487127103749368,0.09382953337100465,0.003353990724594912,0.0028911315078862044,0.004241865007033267,0.0044392152350897045,0.00218678537519926,0.0045479338772786695,0.024462000488169888,0.023208894715979544,0.15971978862885913,0.001725390728937223,0.003408150084033098,0.0011591633752709878,0.00168824124041968,0.004548441599061653,0.001411068183774567,9.113343426273863e-4,0.009035261524695073,0.008263400250298807,0.02447604997056085,0.17936371752495556,0.002426625531699125,0.009011875568722476,0.020652205322108992,0.002340946864157096,0.002234935328055958,9.182087293374882e-4,0.01752687101681414,0.002378897289112018,0.0014554927868587488,0.0023735141537958803,7.979290707528352e-4,0.0028308387783576865,0.0016371471325700702,0.003789712843113114,7.464393463593073e-4,0.0022692679975586942,0.002286647632826395,0.0026330395738022867,0.0013214341648138358,0.002099133897574708,0.0026855877541849477,0.00259164464901491,8.304491127044178e-4,0.001987127451938938,9.592321421451375e-4,0.003174121093360994,0.0047007199967157905,0.014646166808952485,0.008453612043660038
0.1054471637062232,0.03498447205694472,0.017444914392439163,0.010015656198603125,0.15210469316609534,0.009592777808368045,0.09869866169475452,0.0035447053864360242,0.003155409536548399,0.0034021485433866597,0.004007662584531776,0.0020778961615731005,0.005556266227681089,0.024114894146627226,0.026178802050397246,0.1533720746157248,0.0016143014998842825,0.003529275271534457,9.736196191885254e-4,0.001624291933687433,0.004401230955501433,0.0016596870851981107,0.0013048022978492078,0.007647854646722184,0.008310168468623876,0.021644992648746975,0.15979086993909847,0.0021943747043681257,0.012186818303496997,0.02526201628728585,0.0022397767854851736,0.0023051773999382685,0.0010351280579310304,0.020293797751592527,0.0021657045511541484,0.0013377662608819844,0.0027765261327784567,8.326503969012502e-4,0.002950336229434854,0.0016248843901486999,0.0037742114589620164,9.012988601105477e-4,0.0026366248552463856,0.0020823609458840635,0.0026618870741921675,0.0011276600854525712,0.002006907329999317,0.0028694390900063623,0.0022821506602512098,0.0010290886831788861,0.001992023801611644,0.0011196880895030454,0.003396796721330893,0.0038324812933600684,0.01574732983128084,0.009135801325863231
0.10009522413563463,0.03593721944832385,0.019280399289490727,0.009904820678068247,0.14768213024784035,0.0100346684148266,0.09649709549682689,0.0034115854931816712,0.0032087008601991577,0.004067971905893222,0.0030889636426321846,0.0021799869158420624,0.005983757998766285,0.025369793031834516,0.02952796227288576,0.1560811386767527,0.0016791947022413757,0.003340416067117304,9.666732478682313e-4,0.0017177666165436424,0.00409779201108543,0.0016374025821593856,0.0015144282464306558,0.008465162153001289,0.008716649419048799,0.021120257682013147,0.1710418958088566,0.0022082616078750016,0.011180809459029049,0.024295234744413335,0.002421737715374829,0.0022681583463117893,0.001179431245159115,0.015320696111634712,0.002068875637487473,0.0013908779503671062,0.002223862964919187,0.0010218004577180013,0.0023920529120077527,0.0015328506409985026,0.003265786055865364,8.610142861815161e-4,0.0024869579602302986,0.0019407199567722687,0.00230358992776456,0.0010513808457078483,0.001997360006669883,0.002903389580171121,0.002640396133289396,9.317784752223454e-4,0.001916990706636527,0.001074526179658681,0.0034164081046085216,0.003996378910076727,0.013710704818807548,0.009348911213676859
0.09911291850715147,0.03830233796848411,0.01797526577474865,0.009326797324684456,0.15849564663079674,0.009458206734323142,0.09516062338414999,0.003402848817291487,0.003020773155335291,0.004385830254202042,0.0036848691771699162,0.0021785104426007337,0.005038041385545846,0.02139394399513918,0.027945594071179497,0.15425224030722717,0.0018474129164120783,0.004176969824449319,9.923475609706232e-4,0.0014590080728069331,0.004802309209682775,0.0015753004163906535,0.0011712103602366311,0.009425090355078422,0.008157273682771478,0.021161179146720475,0.1690979244744224,0.002180664553533148,0.009932311709280764,0.021924283338314313,0.002038526067409862,0.002593968390190217,0.001077492801047668,0.01637814447082353,0.0023861930697814996,0.001461279696302419,0.0026093268214107883,0.001264403618180583,0.0028387503808818414,0.0015915187170128567,0.003231108421570001,7.933862689607053e-4,0.0025626254966584056,0.001812283273997332,0.002580866672455778,8.341914191290641e-4,0.0021037777774279,0.0029784739763805326,0.0022353888823042098,7.413241968560093e-4,0.0017987160214325115,0.0011908925708310294,0.003437524820103396,0.004094830537539567,0.01446217157219568,0.00986510050801692
0.1066973204350823,0.039417506184472255,0.01798117373524809,0.009073411023145656,0.14885452360878176,0.009187513460195236,0.09316821790249054,0.003187626731892818,0.003270595524450845,0.003954612840012108,0.003396682210504449,0.0022970353005901905,0.00524959456094889,0.024321034569718153,0.029420086854004456,0.15389158794450125,0.001788880820584653,0.0038460448574451885,9.871924387001216e-4,0.0015633424357045988,0.003940569014323557,0.0015291961803967204,0.001014701117659795,0.008858111828722814,0.007016590603492712,0.03244591094611616,0.15846522074019923,0.0023023255965668936,0.009745190514509854,0.022868431072314552,0.0021802653810331857,0.002239153245297987,0.0011229298689687374,0.018745777259283884,0.0022130150574843858,0.0016037150234605125,0.0021805226170522763,8.45176696547783e-4,0.0025554661562006632,0.0015516481730874132,0.0029704118104424892,7.185004986505465e-4,0.0024140857061047388,0.002219609592553018,0.0029702751173952035,9.058715469957843e-4,0.0020744382294739425,0.003275935564894382,0.0024165774042703516,6.09658573593605e-4,0.0020007221008404162,0.0010758101069149226,0.0037700371778308325,0.003788500673299894,0.015314914222050667,0.00849675114349663
0.09935633096480526,0.03512286117097769,0.01899137509474068,0.009259904366611544,0.1634790708566691,0.009526123382499533,0.09740244314131545,0.0031057720907878834,0.0033452507183279346,0.0034272625338471713,0.003463215912714805,0.001996814392308059,0.005699469874621798,0.02461827012488366,0.02432050915783008,0.15990612283708197,0.001606936557844291,0.003641137932220257,7.734157507126413e-4,0.00183337275675414,0.004642034153427237,0.0016149045738847645,0.001537986314499922,0.00804706185265408,0.008386212980221042,0.023625313852969867,0.1595905302789914,0.0021690742303906107,0.01046840080841539,0.021208114014508044,0.002406009134848357,0.0024346068224202298,0.0010052597924547705,0.01747137332040235,0.0021415949830306215,0.001385262562747098,0.002256206125865782,8.936300482602587e-4,0.0028713384321951726,0.0015265393439155748,0.003121668769545188,7.223145861344647e-4,0.002111641003103828,0.002030803006122368,0.002803416665618417,0.0010322941057280758,0.0020977032081661872,0.0031666011868664813,0.002910990260774467,8.852199422883977e-4,0.0021797160007196547,0.001074543298078959,0.0029061098126751035,0.004934052069545259,0.012738430557106741,0.008727382283869803
0.09972871927975359,0.034966930254280805,0.017422942863013706,0.009394694256532683,0.15129751825859963,0.009452865123862335,0.09988471224866784,0.0034483753903587298,0.0029717984243037236,0.003739638705859436,0.0030185601293980574,0.002547583987928263,0.004898389070378989,0.02079355489214077,0.028615423109835083,0.15671701451254216,0.0016241195155557331,0.0036600284942722673,8.960735733761232e-4,0.0017392151888618482,0.004493154374614163,0.0014935844831151235,0.0014301305836751427,0.009983577974233838,0.009229884174333807,0.022898715244489047,0.1707112077311027,0.0019147171230227062,0.010187607505970956,0.020256670759619226,0.002085592466598185,0.0022130309620543042,0.0011349755344023376,0.017092189324446803,0.0020234548080078144,0.0016772427294484357,0.0022791546242449945,0.0011375076173353175,0.0027054053945918576,0.0016227841367035976,0.003606447401572608,6.953367066114552e-4,0.0023601741140653696,0.002016729477048029,0.00289357665423896,0.0012263445057111532,0.0020783394953756665,0.0031940231209135806,0.002769023811644514,6.638547799687846e-4,0.002126380157873331,0.0010235108143493137,0.003611780179850549,0.004448411014279349,0.013093234785106893,0.010804088149858254
0.10549906722630525,0.037369771138754906,0.02003958259680168,0.009197881596031637,0.1536237009638535,0.009812725622405876,0.09226692478782678,0.003165180062269148,0.003279183334933648,0.003386902678164156,0.003859874895765843,0.0022933143449572506,0.005026772682807346,0.02557004587250455,0.022467644877355964,0.17427665054837652,0.0017493259586577117,0.003754747437383564,0.0011335490013318096,0.0015883088743212834,0.004019874217962536,0.0016177231929810094,0.0011822015449510389,0.009276175688781089,0.00765552972179711,0.021041194380574897,0.15384323127880753,0.002092308759405414,0.010537753908595335,0.01926786218748499,0.0021329640133320336,0.002042995988498207,0.0011659292476540923,0.019608961475278592,0.0020376320664641356,0.0015067892549099418,0.002651437908468537,8.294804653683529e-4,0.002574611418304357,0.0016392339081429089,0.003582201031377651,9.883783946023062e-4,0.0024855047077629736,0.0019881142385290767,0.002634889642208796,8.73034127520583e-4,0.0019897141648180725,0.0025565402852148274,0.0027740883873267736,9.873003008596412e-4,0.0020773380959254813,9.101680816648924e-4,0.003256005480042449,0.0046039334617201146,0.013525723454122065,0.008682021017733778
0.09577468993566322,0.03531347475706449,0.01761511003080751,0.010068246403728059,0.15653944159165922,0.009424928386641412,0.09245915088706186,0.0035345722949589923,0.0031785120411122695,0.004498354211320919,0.003982388871528189,0.0024115282813528846,0.006019856675260401,0.022731048828975225,0.024430883461254396,0.1529677573492951,0.0014205201288292814,0.00392992154820669,0.0010765706099589542,0.0015995065454518593,0.003747171634569119,0.001615806824520137,0.0011472983599892554,0.007561659306462672,0.007911931230665338,0.02150700849002922,0.1820706263377484,0.0021125649461515156,0.00947434771685416,0.022266690958545516,0.0020709066703391518,0.0022416323551762317,0.0010767214862872861,0.0181277093623873,0.00228309102987201,0.0015166935991551896,0.002594633317547226,9.21749286579447e-4,0.002596547169556309,0.001487272372716044,0.0034392030683573233,5.106014356858344e-4,0.002652469274939968,0.0019517116869674645,0.0027411545924912743,8.258335325054963e-4,0.002143708962220813,0.0026714891448091343,0.0025253555803513507,7.47830484158447e-4,0.002087157642579269,0.0011266875088904928,0.003227076343534015,0.004127204455607947,0.014852068852387332,0.011061922139231314
0.0999461603569118,0.03586450816092045,0.018430404679432424,0.00951479611688948,0.14057322798927235,0.00986021840812068,0.10391989054259564,0.0033352787447039566,0.0031156736519382558,0.003951364959003341,0.0035485936433069017,0.0021736758505710497,0.005355790405640564,0.02348062702177345,0.026269016113167988,0.16689773444944356,0.0017341371462988955,0.003783267975893536,9.549484541198936e-4,0.0017005874054484584,0.00395924374258432,0.001620698684665193,0.0012306586404608798,0.008755940305033044,0.00771453617688136,0.022255657473564342,0.16373845437390655,0.00206185090231773,0.011059007733302144,0.024117235206423886,0.002271905386198664,0.002205840125423773,9.645958042341279e-4,0.01940405896450969,0.002089670102585373,0.0014833111252623165,0.0022725774159175734,0.0012382148710263499,0.0028869474613073326,0.001552051192027658,0.003281210834962937,7.467780663503786e-4,0.0021442469112297113,0.0021515079336402376,0.0023468859448340833,0.001367505514429863,0.001977362185708174,0.002765356176864195,0.0022362744958712415,0.0011804926235911464,0.0021422002997256435,9.80064563558109e-4,0.003023342314672751,0.0034779890709117456,0.012814794727270755,0.010071630573294051
0.09550736230491616,0.0378790231274091,0.018755250972465144,0.010222774499531122,0.15214935119830975,0.011182096132545703,0.09449808577742995,0.0036010534111552994,0.003514269575428573,0.003975447260119754,0.003696027915549183,0.0021037127199491756,0.004532167773944799,0.026372160589904728,0.02405695804511345,0.1570318842821004,0.0017288789141644177,0.0036901062498861637,9.714200619285357e-4,0.001781110579823996,0.004295993540107293,0.001915683905240394,0.0012442332969282031,0.007708500762279388,0.009369152382866825,0.016375543635165062,0.17685067867462115,0.0022179163103546924,0.008749583612664672,0.020956453746085655,0.002325384115359332,0.0022348081655811187,0.0013030817380713239,0.01854420971096382,0.002162512764823287,0.001468535266031048,0.0026270542075758655,9.561507702016075e-4,0.0027161732861179758,0.0016253376374935613,0.0036884943271860036,7.335807544091322e-4,0.0024831528720945036,0.002119413493686895,0.0025397836818398163,8.391143880670664e-4,0.0021276373711989283,0.0034634422438451357,0.002201957823764503,7.819076893316306e-4,0.002141166739914182,0.0010408521200196666,0.0035930273102101214,0.003982166642621087,0.01659378947593043,0.008774384145673325
0.09827991260053226,0.03615800154286084,0.016988173369187287,0.009848444799546052,0.15670449389447563,0.009102361282558428,0.10143620997702381,0.0037466686006788863,0.0031044027053999616,0.003442949661796068,0.003437017446007362,0.0019595876900294516,0.005211405995882015,0.027079740645279814,0.02618883772293686,0.16688029095264154,0.0015784788412209897,0.004096071434426018,0.0010242891634349514,0.0015315713394626804,0.00461401123009429,0.001680263062346486,0.0012049341290848677,0.009954623231761666,0.008958592237849063,0.0213674053670592,0.15199745317683452,0.0023410953853112166,0.011513231331896471,0.021727375741225165,0.002472045644338604,0.002208239698005585,9.715245149675199e-4,0.018012959929561683,0.0021124212471566087,0.0014785461816948723,0.0025134245627849087,0.0010601822119465241,0.0028686033017990597,0.0014685453611207845,0.003340406526834282,8.806235024997037e-4,0.0021349888588574535,0.0019450788175829617,0.00231516594476808,0.0012089442563599125,0.001744318769445519,0.0026268902296510653,0.002914285015098419,9.481773903383293e-4,0.002190630839465347,0.001086867099700118,0.003011899381493852,0.0037152400244146884,0.012267852708029799,0.009344243423240469
0.10112688035859298,0.03854448606081456,0.018389429100734395,0.009639396034888482,0.15046104645505987,0.009945340078888686,0.09611624681109499,0.003430822537397644,0.0031053102577732255,0.003740685161827223,0.0038830908158724127,0.0023983583820515898,0.004616196265315527,0.0240260682477263,0.028525930593195102,0.16229478422511195,0.0019801554047619075,0.004294613988608059,9.2983078086924e-4,0.0015854292915649716,0.004860049779801826,0.0016311243191852495,0.0015104430048791082,0.009932820541483303,0.008350884260990562,0.01712421509246384,0.16302239736816898,0.002034028860873109,0.011324051026145254,0.02243885828382827,0.002383336929064936,0.0025797913939685424,0.0011257818614993967,0.01718330722183005,0.002041939728858394,0.001493931815201241,0.002293718881600628,0.0010680933680955666,0.002697963687469103,0.0015561529359937314,0.0033094953189508314,8.168357106818e-4,0.002356104535565486,0.002007980749111198,0.0029677338904351004,8.220649463808001e-4,0.0023920050326520833,0.0028859762448235527,0.0024341764108626843,7.061511071831233e-4,0.0021050700963445366,0.0011073072662011348,0.003400572174056868,0.004902626555622427,0.013987855950513245,0.008111052797064883
0.0963768860819294,0.03755102541748003,0.018293564564888294,0.0092518351837946,0.15432471569492,0.009664928828757306,0.09513252741970206,0.0032399308051238923,0.003285446428790422,0.0034097715875394297,0.003916813614060874,0.0019650157902013164,0.0047136632467217115,0.02531748995976262,0.028150843581250442,0.16790756643075333,0.0016818070704929418,0.0038125546570849664,9.335439167122933e-4,0.0014995795117704546,0.004688162341137892,0.0016409568607151585,0.001556324318548621,0.008171228604655169,0.008375239313774159,0.020985159371427,0.16180852135620583,0.0023791222357530625,0.009788315639543377,0.020552514710503126,0.0020166691862120206,0.002066041664645504,0.001252748868814078,0.019218987857618823,0.0021526112776577623,0.0015251932605740716,0.00236351914137092,9.85498711577118e-4,0.0025281497621699495,0.0015423192402441283,0.003089304518394659,8.005887077597723e-4,0.0024740599695981537,0.0021903698776619277,0.0024554098492085394,0.0010432726307255404,0.001953765595457044,0.0027344510282318684,0.002739723155630578,7.568717681683653e-4,0.0022304517853043385,9.38775048473473e-4,0.0031092259687429485,0.0037803519132795045,0.014668292185667854,0.00900829248281132
0.1052603499241444,0.0362698576448678,0.017151241749593843,0.010466005392206155,0.14453687775290505,0.010298123545404925,0.09396276239082946,0.0033949344462088143,0.0035681913576512693,0.0040333092547392545,0.00455738878945796,0.0018648892749727544,0.0048643716953618785,0.028138951622895512,0.02538208355216627,0.16092978963866614,0.001387272181325381,0.003253279138595341,0.0010030477769691752,0.0019629361518159164,0.004301904398440742,0.0017011083002702538,0.001189342648721497,0.006682470325044353,0.007267714799552605,0.02488418942779449,0.16242169751938845,0.00209844477591937,0.012353148489056363,0.02264291100214392,0.0020246632960368616,0.0022327076823721336,0.001196626469328633,0.017342669011542862,0.0025593047501716788,0.0015258786759021468,0.0024055263063274433,0.0011111943186661352,0.002702266390595806,0.0017031592051899378,0.003676695697600525,6.05282013553281e-4,0.0023210096257251338,0.002137205369516995,0.0027381203253172676,0.0013732403821247097,0.0019720359844860483,0.0029920564249921993,0.0023545279304164057,8.092523999107155e-4,0.002131969613990617,0.0010740491011181495,0.003401480212128161,0.004515655275350112,0.01603218501400013,0.009232643556526494
0.1014827287381675,0.03494934323058229,0.0188393575282938,0.009804729874867043,0.1538346977683785,0.00981919579322395,0.08875950589460917,0.003554999825896102,0.003137994039431682,0.003920259667078972,0.003536388405329601,0.002148117804330256,0.005460883935080137,0.02506456158639307,0.03023730618032319,0.14658802741637547,0.0015110819664578329,0.0035535082282791733,0.0010036910184494175,0.0017221448946686461,0.0038433191895660096,0.001545932075172177,0.001313020159673436,0.007984281007017998,0.007509587049118337,0.020917875116621062,0.1810887758069459,0.0021827993982257705,0.00991210127186109,0.024969268929510676,0.0022662282930555827,0.0022104276933009137,0.0012496300881904496,0.01631337982224866,0.0023166423781350357,0.0017093816151953888,0.0026385474622407767,9.716302518031225e-4,0.0025630476691221003,0.0016415358371094308,0.0035361105479311075,5.661648902771735e-4,0.002621275145873918,0.0019763576299479755,0.0025272839033958663,0.0010018127469832033,0.0023278600991509094,0.0029321602036002695,0.0022436416224577527,8.957020803022764e-4,0.0021971455388720253,0.00089017378026707845,0.0034100219205735974,0.004310481550458666,0.014283407598821064,0.01020446583075735
0.1045980627829726,0.03790992726964167,0.016630025528143223,0.009645633426211534,0.15987674229716664,0.010064843018882181,0.09843490052324724,0.0034163162808489625,0.0031502367788911337,0.0038728453982164804,0.004366010011571852,0.0021536381767537642,0.005484959040309425,0.025050194960543053,0.025915021683776875,0.15470676437135772,0.0015565582580268269,0.003942242356145924,8.276730033437734e-4,0.0016482765325861997,0.004291440444824457,0.0015297482332817306,0.0010139541794821714,0.009916380604174472,0.006636436150023143,0.023085850665677168,0.1546451523965039,0.002007081953238903,0.01320694367136018,0.023949604231571227,0.002246210695663764,0.002050561746763393,0.001284313884500554,0.016830512382588276,0.0023239440240303533,0.0015615111916050068,0.0025102894070831027,0.0010331568739669998,0.002414661973710091,0.001576984262986967,0.003371282122791671,5.636890260177877e-4,0.0025708933822127943,0.002181329810384081,0.0027082577392396018,0.0011173779532657083,0.0018654296249265233,0.00252550129694507,0.002615100454892509,0.001019390645772908,0.0019282550940034116,9.843431428780635e-4,0.003257887771361299,0.0032854522324099115,0.013231751011843955,0.00940844801938183
0.09959291351262971,0.03629947877422112,0.017653858372824436,0.009407235512082742,0.14835736073366154,0.009707428312234105,0.09773573931173016,0.003248242956143614,0.002841117937023343,0.0033892712795859374,0.0033576903119578888,0.0022158453206397315,0.004482903822462636,0.0274996780513996,0.025966352379644318,0.16535985562490133,0.0017325200110061667,0.00389010766365055,0.0010083654309186217,0.0017699856951640077,0.003989719974864559,0.00142753454186211,0.0012909219630380575,0.00994780613727108,0.008101138115964747,0.01864070600152986,0.1576408052684299,0.0024199563569066523,0.010790578476444651,0.025601648095419288,0.002087836241781045,0.002612650396198547,0.0010800747690476182,0.019902949149128848,0.0021069269265760536,0.001443431766335857,0.002475843856686141,0.001048503054882722,0.002576064363408775,0.0014485917285773152,0.003681282274589152,7.356725375861384e-4,0.002567921880097351,0.002127505634426842,0.0030006335199457283,8.297620516173384e-4,0.0018851637263869096,0.0027928117043647294,0.002645780639991954,7.966453437036892e-4,0.002262979557570847,0.0010853293551224752,0.0035294583695152956,0.00445988036016434,0.016190750829729126,0.009258784016952746
0.10493299788731766,0.03728823537495076,0.016933763985572392,0.009403724685567036,0.14369676536000944,0.010626740987828582,0.09535674056360946,0.003365147065507193,0.003306411846353804,0.004169267401400987,0.0035481056821666385,0.0021268205961274696,0.005802538343763553,0.021917808476039007,0.031194256529929573,0.15028068853042945,0.0017420106311240163,0.003865660301554079,0.0010479588501841272,0.001607027220392375,0.0042235231634830325,0.0015660190056488296,0.001065688470080176,0.008923605840805881,0.007888711308402805,0.0210652770583233,0.1771191708474488,0.002221122583579187,0.011193654768075935,0.02123704429711409,0.0023073865417902874,0.002295477825621458,0.0011415370260160953,0.01946034280810755,0.0024382715110542997,0.001585238895530581,0.002393620129846163,0.001116121089087236,0.0029020190246992076,0.0015966880771767986,0.0032631480713054277,8.891126943248008e-4,0.0025037544762216853,0.0019383787420287936,0.002785838454943078,0.0011032950386495554,0.002100555018325435,0.0027276690572159644,0.002396107656471269,8.470265697112114e-4,0.0020322540547709914,0.0010533786695899924,0.003351335203279057,0.004258066406480291,0.013907965667958395,0.008888923627004663
0.10482403099270696,0.03483736758551444,0.016052460840453097,0.009926331241987637,0.14408095945753896,0.00891856131617848,0.10179725567809289,0.0035913455010489247,0.002931407515015036,0.0042307950465783,0.003674355978804561,0.0021730836409685436,0.004863077585909157,0.023015675875658816,0.019114393955733413,0.16765208834730597,0.0016619954959601413,0.00331490288007183,0.001256638442963216,0.0016050648481946105,0.005239063088722711,0.001624515733062957,8.769409186303452e-4,0.007182493291442967,0.008216828820938863,0.023852282656338143,0.1674421939486092,0.002158315315181854,0.011352816016599866,0.021841156711806198,0.002357470035425541,0.0021633551253979737,0.0011580445021229756,0.018205415052181356,0.002205873150835573,0.0016880387840711823,0.002214953872870759,8.855548655458895e-4,0.0025539025967764688,0.0018317103350156652,0.0030003335099503736,5.374797800494657e-4,0.0023973459215765156,0.002100187719751152,0.002919791851826662,9.328868893856078e-4,0.002154300819182655,0.0028017421229499383,0.002715857492267433,8.894286156978751e-4,0.001970199947416157,0.0011165896052900389,0.0030023965792350324,0.004134627367849026,0.01472324134926633,0.01003087338004422
0.10410913416765223,0.03735608267686352,0.019790083366000195,0.00945347065173259,0.14906327998298566,0.00922610592642968,0.09126371527698764,0.0033904229139173864,0.003533727118489021,0.0032103288441761935,0.003416552352359587,0.0022757494726335674,0.00620914481028889,0.02413742199453155,0.02118591135689034,0.16716037143628654,0.0015336658654653904,0.003843087443081775,0.001186678648335326,0.0017353664254989363,0.0044003743820466516,0.0017041150239867743,0.0013703331642611694,0.0061651205620002775,0.008623462889259602,0.018226144611174794,0.17191675938383344,0.0021256807897804013,0.009737240320814348,0.022458748268357327,0.0023247337712433143,0.0026161258345453408,0.0011812902598333636,0.015912897887275658,0.0022397820696235565,0.0016163891905338794,0.002474791301987199,8.731278774348953e-4,0.002912462557058388,0.001621610539843666,0.003520884648097157,8.013897049141462e-4,0.0023429005291298803,0.0019738093899528716,0.0026859258531787148,0.0013262060487584965,0.0021734683363466103,0.0029541223477021128,0.00253579589443036,9.266516549586344e-4,0.0021411742344809494,0.0010978087710655719,0.0031997396358461124,0.004772952798576935,0.013782770758467573,0.010182907978593834
0.10294624019351596,0.035007934335420494,0.01689328441301732,0.009121152478146204,0.15668007668634826,0.00932155848297883,0.09440990565386753,0.003483683996738779,0.003371484914021745,0.003821873233040447,0.003953045273198411,0.002110594852758601,0.004828999088401477,0.021532468861114405,0.02548789250112736,0.1622262407333485,0.001594507918862595,0.004260724992244033,0.0010057457192503747,0.0015407368660586636,0.004484245697326113,0.001523015701786741,0.0013590382764060052,0.008574124642844096,0.007693336791839326,0.02192721037097198,0.16414646516880116,0.0023198351803998883,0.009528747474373628,0.022592353563926106,0.0019230853339562432,0.0019910474055147643,0.0012944830647298546,0.018000133051255612,0.0024259315659772903,0.0014024503184659367,0.0024089824269983955,9.9895231585344e-4,0.0029144091093450944,0.0014862580403898658,0.0034862890546008183,9.922810302345191e-4,0.002253570027548667,0.0022589857863884455,0.0033055368930873614,0.0012068285958120053,0.002104454032311063,0.0028844929899077393,0.0025269201845899924,8.869413476309458e-4,0.002221885202987949,9.683828916076938e-4,0.003333694130640802,0.003648799183283699,0.016398076477472743,0.008930605477274017
0.09471728829357536,0.03623795419988967,0.017283432160706914,0.010624237336138893,0.16407672003910273,0.009164478911464182,0.09847230456514465,0.003194534511606591,0.0031788109149421886,0.0035407504837219666,0.004370650385421641,0.0021303025040127705,0.005700365705014073,0.02305943555514271,0.023464004493457577,0.15580308222235667,0.001605101490529814,0.0035133409688875698,9.639175051067379e-4,0.0016941734616766327,0.004620005813451496,0.0016041518106563017,0.0013344370069605929,0.009151435306719849,0.008619448656629182,0.020918532830423064,0.16752646734982174,0.0022023306422306248,0.0107075138938267,0.020415125423455926,0.0022731616496253965,0.0025742914896634203,0.0012178675396920609,0.017417620387432265,0.0024060225791400092,0.0014892319825180677,0.0023867040917719324,8.582808325213445e-4,0.002816395658982148,0.0014912244165355996,0.003183385893065799,8.240369050263385e-4,0.0018999099307117858,0.0020151575387954692,0.0025360057482628913,9.430846187624107e-4,0.0019216342687696807,0.0029872175871677818,0.0023765754924029393,6.899420780734206e-4,0.0021198347552384323,0.0011851545827364198,0.0031672652063071695,0.0044482544784968615,0.015463992090545534,0.009413413755679955
0.0970985289563109,0.03683779689183487,0.01769491377089878,0.009978636913402861,0.1531455514775345,0.009081087822153078,0.10481424949384437,0.0032996826354602837,0.0029620540371788806,0.003938112553903327,0.0036872634535554285,0.002237943049962818,0.005814497990919089,0.027676268224415816,0.02705733979461538,0.14641807266717413,0.0017264187068302317,0.003275204974487208,0.0010864474141641964,0.0017125196194331992,0.0043182245101866116,0.0015735039227177156,0.0011721127517721913,0.007684127482438139,0.0087360559967693,0.02640836198360675,0.1610473097052238,0.002025327015143944,0.01030186852781938,0.02266274137589785,0.001964581212392818,0.002429904049074671,0.0012206826340013664,0.02016817542887512,0.0023363178833366604,0.0015872290980134475,0.0021881174004749083,0.0010662837026805413,0.002741525352954704,0.0015647841739621089,0.0033390425837836195,7.532495346546607e-4,0.0024672687129977024,0.002044136226662449,0.0025740416874397358,0.0013523999830765399,0.0020118900547878658,0.0032352147120951287,0.002480306564788833,7.8709155907715e-4,0.002394045790976178,0.001036292380014922,0.00322774040875145,0.004041644160931671,0.01660866054114295,0.008907150443397658
0.10417672563150854,0.03927976496992294,0.019205222504034523,0.008979558734559103,0.1457700893256283,0.009562198383018219,0.09865638665178746,0.0035779284794396115,0.003167555910046951,0.003195571229781415,0.003155571444867298,0.0022816591048634752,0.005541424185058373,0.0254284386727839,0.025966587908430393,0.1581460593644983,0.0017693554544923593,0.0046962901644355,0.0011238094478437978,0.0015931499405674246,0.004810915537768594,0.0014617877113985486,0.0016640050377059355,0.00872164231596206,0.008264970992590954,0.0235634382129675,0.1678528777021692,0.002012623127345602,0.009734641356857626,0.019920547559559146,0.002301121832447649,0.0025343047532491894,0.0014101154479722983,0.017261672348062255,0.0020343929828814146,0.001364944320488284,0.00231581829280588,0.0011549390168655773,0.0028370814690458664,0.0015306899741039225,0.003570080585594751,6.257308701906312e-4,0.002461177790033888,0.0021972365754971863,0.002369200020254329,0.0013954701018202718,0.0018820914708045796,0.002859175720351201,0.0027072826798328234,0.001095002973195359,0.001951286874342666,9.281194389932896e-4,0.00347900348530292,0.003727231535190146,0.012065451558541567,0.008660580820239116
0.10787278607820654,0.03658097439549159,0.017467149116022367,0.00948312636180532,0.15489648700812142,0.010011813223320563,0.10148240526912347,0.003201607128373984,0.0032349401772595915,0.004290265065300784,0.0032180849853835508,0.002324870019104764,0.005921691119780816,0.023311114584326477,0.024407750539241192,0.15252088633009778,0.0015656870215239752,0.0038798120652542957,0.0010355235310177035,0.0016007948108835975,0.004615936846789329,0.001475553577011264,0.0012039604838031662,0.007897328599183644,0.008020622336163854,0.027064105359340156,0.1638763647612462,0.002137267748243573,0.01009307978879131,0.017255345955106104,0.001959209759904461,0.0022628794836383526,0.0011567181146144247,0.01730849239488297,0.0021273066754973037,0.0015425169385641015,0.0024739231240216847,9.847629490169268e-4,0.0023860625253005587,0.00156588328791491,0.003553400148517147,7.484027629404215e-4,0.0023312730224220573,0.0020681399252528727,0.0030555395387632934,0.001020442455310229,0.0023512338395718247,0.0024616808260974296,0.002316456410087323,7.301380362789125e-4,0.00217066582399002,9.836149212315633e-4,0.0032266363315548007,0.003875770544478134,0.01377531225181866,0.009616203623011268
0.10347495033655423,0.0355022154778457,0.019587209097132793,0.009157430960119069,0.15402055119149136,0.009711279689987124,0.09081067601972789,0.0036373970323612123,0.003422461259242526,0.003398801618808449,0.003781372158858654,0.0022369245118563294,0.006178686178493937,0.02724305406509181,0.024946829045163783,0.15590163048681113,0.0019025099336921314,0.00434868690322008,0.001087869857504828,0.0017858396663773233,0.004324259132243808,0.0015222414698723155,0.0014767169550068942,0.006659065947786539,0.007671741850407382,0.021847383591068557,0.1693474535845266,0.0024150495729620674,0.011780999500262606,0.020272706046466128,0.0021045204985235474,0.0020569629867354926,0.001076603278310359,0.019695594406091966,0.002281388397782001,0.0015226668804279877,0.002470808776349517,0.001028316650402149,0.002679902507771467,0.0016437615870150497,0.0036688340783672777,8.447744446750678e-4,0.0024339260529455745,0.0019125914446396818,0.002582479442780167,0.0011579608160644796,0.002176922473364216,0.0030855037054008327,0.002685102842655631,8.745984595874982e-4,0.0019597568931563406,9.718352561009921e-4,0.003018654801837214,0.0035376896440541105,0.014105703807313838,0.008969146726704248
0.09925259504552134,0.040106162286275296,0.017829510390629254,0.00954849005406922,0.1452691424563567,0.010009701029424554,0.0984895935197189,0.003449211129600781,0.0033859774494491308,0.00410110740428794,0.003547743530072135,0.002058534861417947,0.0047857157566318365,0.025458722258058425,0.025909551147749264,0.16235668249457083,0.0016830589680446317,0.004305531031499416,0.0011715492181307312,0.0017049301017726258,0.004769149935455928,0.0015143221171448026,0.0013742025220744515,0.007767143370729668,0.008441805304603749,0.019952342109988246,0.16504757326400113,0.0020079053006766536,0.01023389705822311,0.02277437854233343,0.002180710859206063,0.002481092226170418,0.001161138966668218,0.018574810590761222,0.002492039157436533,0.001676594731081341,0.002428040633904468,9.59295341540335e-4,0.0024542412528712632,0.0017550891214324516,0.0030435592416705394,8.172676404433589e-4,0.0025285135702127585,0.0020889233489540136,0.002551647787507288,9.028002797221538e-4,0.0018056909722880005,0.003026153875042166,0.0024517777954106202,6.790757091451485e-4,0.0021224142690181645,8.76755594305898e-4,0.003743332226468787,0.003747576447474799,0.014379674624584582,0.010765554078167242
0.1035601875189241,0.03826557051794044,0.019708542037340054,0.010469997416192933,0.1559627981712653,0.010412573121331838,0.09633503849534496,0.0032715069289504517,0.0033954777769075774,0.0038622593331608945,0.0034039912811715187,0.002061732750881246,0.005066277496433708,0.02698176771238573,0.02520363840579282,0.15491786325681903,0.0016862785107807292,0.0037724791553403743,0.0011114334794387636,0.0017655598404153884,0.00479852177563882,0.0016878828190910633,0.0010881093555661426,0.008059317620038206,0.007635902902034713,0.020326953044739964,0.16094641686906128,0.002253086679802518,0.012355107526748142,0.022545430676054943,0.002378612571032312,0.002225939566499163,0.00123077044065674,0.015470661426806281,0.00213898392270957,0.001539242127636028,0.002583385250178618,7.06609298328666e-4,0.0029468765862172576,0.0015659751432948153,0.003584108613800575,6.972428964102384e-4,0.0025089108118920805,0.0020894909546613992,0.002804000481748849,7.776616758164191e-4,0.0018768145132175994,0.0031764689821498215,0.002596254367183751,7.007968834988351e-4,0.0021143337920667823,9.888932063757503e-4,0.004268910691063773,0.004102702528747361,0.013283567703284586,0.00873108308912916
0.10006639256284647,0.037570724394653233,0.018037581421545597,0.009670052674370063,0.15790625970183086,0.009833126488875363,0.10067379471585922,0.0032783638722999222,0.003316782285102413,0.0039411150850743705,0.003710726137063346,0.0021723609724339146,0.005707468131528244,0.026199633081102267,0.025037228149776478,0.14527578744691086,0.0019224006494832971,0.0032742248895401404,0.001125762928617212,0.0015846549679246003,0.004595402839397782,0.0016956464896039456,0.0012228631381187279,0.009575802403241877,0.00823830815379682,0.021213397290190648,0.17141073609186072,0.0020144409170477404,0.011199293388225263,0.0171092576960785,0.0021656923153848583,0.0021663389587715572,0.0014212423847496376,0.01775773198476023,0.0023300815229456364,0.001699760621406162,0.002305313860700161,9.971148863176643e-4,0.002586423263777585,0.0015981564713996642,0.0036114065053305935,8.339863689315044e-4,0.002505408987281303,0.002168729322402042,0.002775860603085828,8.41714991604569e-4,0.0019035861296441076,0.00296024293716921,0.002274915200598314,7.320971878775833e-4,0.0021741913115567086,9.626073575675139e-4,0.0032909025260074638,0.004382776386309254,0.015303755489708285,0.009670373460312728
0.10075990047594267,0.03501151673265915,0.02059116218714992,0.009323524127477075,0.1475292734100343,0.009667423109563152,0.0989043728525662,0.0032246617319413567,0.003520658216515325,0.0038398814936435838,0.003984589761552348,0.002366951673465118,0.005138366925944908,0.02151807723817413,0.025109311240471246,0.16544140318422873,0.0021462935933413184,0.003734106159820356,8.314095171787956e-4,0.0018196919132761487,0.0040379009746924245,0.001581127061334151,0.0015695590293459247,0.010240414960911673,0.007914054406390229,0.025493283741374058,0.160793309227647,0.0022252506143657503,0.012156001243048277,0.0203649727300439,0.002054313967529405,0.0020795789542269873,0.0014000387721474939,0.01795136143131819,0.0020630849523091436,0.0015032554834878522,0.002747500102303682,9.449345369118453e-4,0.0024838466995494705,0.0015677892010331669,0.0032047269072194885,9.28216723735493e-4,0.0022025201633229905,0.002018066498194169,0.002678472069022632,8.86161632289636e-4,0.002020696444784174,0.003007165798396434,0.00265311775689707,6.696642124444491e-4,0.002202462357035528,9.07289221139598e-4,0.003448421344013913,0.0042677901695817,0.014319874151671737,0.00895120091533456
0.1003114366117804,0.034600933959574844,0.01765898937080803,0.00980443192963167,0.159397798419579,0.010333318112497042,0.09749497429039236,0.003519649963836841,0.0032226586652420487,0.00358922791842305,0.0036104692381527842,0.0020596539308338525,0.005005142687227494,0.02374901462567214,0.028555239666535004,0.14643310905489748,0.0017755368203155185,0.0035925796865372522,9.091625691252618e-4,0.0015057877675953577,0.004450679212433747,0.0017675249145108131,0.0010236530035831661,0.008873573241993938,0.007804512382618993,0.021588891355967383,0.17925623037320595,0.002023603043520505,0.009007261804133616,0.017813729900474102,0.0022013823224966158,0.002355645379582633,0.0010690914502280576,0.017509774266225096,0.002367034986681055,0.0016150314967007533,0.002423975823091954,8.362460328014881e-4,0.0025601377164697686,0.001712467484975848,0.003585055676776195,5.852814570939582e-4,0.002498458164315162,0.0019529107355717634,0.0027733687715413144,0.0011943864994283164,0.002096605479895946,0.0028202668148849903,0.0024804150454420027,7.345787761000041e-4,0.0019384654926992814,8.941772633129719e-4,0.0032758694628053277,0.004318112269461705,0.013811451555908181,0.009651035054409878
0.10521388780119487,0.03530929677527415,0.018032526705240116,0.009279001901996908,0.15987386272221465,0.009713837168223955,0.0973457844405307,0.0034485646916914063,0.003166686738837605,0.0036774200259600247,0.003671085284254502,0.0022519204187178127,0.005675799019178447,0.02584072421814424,0.027301417469867688,0.1527877362337088,0.00180000162091472,0.00344194208230189,9.629849743072262e-4,0.0016543616955357855,0.00469086003839544,0.0019285786560467523,0.001144843688727614,0.00831305111800478,0.008028114804716074,0.02423510039331616,0.15879052905713145,0.002118536716372934,0.011782966712069992,0.02170916563131716,0.00207139654303724,0.001949037275075431,0.001278210251351137,0.015907189322864397,0.002234671822895335,0.00148100666817152,0.002594408916715916,9.525140875636106e-4,0.0030420341032449,0.0018196947623321143,0.0034171144248068565,7.514322148969635e-4,0.0023457584822296593,0.0019874287250312107,0.0025130356287197692,0.0010882603392007625,0.0019491886041714166,0.0026890409862158097,0.002446774863101037,7.575433708468834e-4,0.002176042898458281,0.00118775408380946,0.0028845100709573844,0.004379122254372146,0.013839021846651001,0.009067218649085943
0.09915056633932394,0.03625363606847538,0.01901654816747256,0.009435201752126634,0.1492585504171617,0.01017358172100687,0.10392399298145165,0.003402446591968487,0.0034668533105758795,0.003388602606033831,0.0041695116773912974,0.0020873110583064414,0.005422274925826441,0.02374372559214388,0.026656959661590617,0.16831577815501425,0.0016863820949236706,0.0034175812827673406,9.873534545915932e-4,0.0016314736725562833,0.004024183775920407,0.0014677962715686737,0.0012458088251219971,0.009040309485740614,0.009193624088217348,0.019997710468467166,0.1574384571617614,0.0021576954926846733,0.009713650011439022,0.022857202837195546,0.0020640622380822897,0.00248302528239208,0.0011324100246953058,0.01794910684390887,0.0021694712277504926,0.0016553430951073457,0.0022995666660204296,9.7222284945852e-4,0.0028902769932428337,0.0015741300702899947,0.0031351197905350177,5.354790136820471e-4,0.002121953242499104,0.0020764718131827437,0.0023498957643230123,8.661207844014016e-4,0.001955486306687502,0.0024621622366938784,0.00254136224207218,6.907920529856237e-4,0.002141634514423811,9.796348957892217e-4,0.0033402258765338312,0.0041765058221512824,0.013176662923618096,0.00953610748064747
0.10132211245794795,0.03786176974874564,0.01856815840371169,0.00912119992416929,0.14499524433567643,0.009414294210078802,0.09716790596630179,0.0034451710558478462,0.003565223136885936,0.0037552067918840567,0.004676164668625168,0.002208148864206483,0.005000032498180228,0.023031496425325204,0.031617608119218536,0.15618501384641573,0.0015260019166205441,0.004501959867199986,0.001094535260000933,0.0017027434942452826,0.004128226504594188,0.0016567011894087894,0.0012808857485708059,0.00789613001487366,0.007494838219901871,0.023164712023632447,0.17335237463415448,0.0018985914017055044,0.010213107995133941,0.021257925225540042,0.0025780577414141158,0.002378164185953951,0.001417425242919302,0.015396868973148292,0.0022088740451856304,0.0016827858229911728,0.0021841092583176677,8.383938252437419e-4,0.0024079741342106736,0.0018160457130882704,0.003069758751131222,6.954063785484356e-4,0.0022474241055277584,0.0020639659800290072,0.002590924188882425,6.81273580640681e-4,0.00186253691588337,0.0032112436198727407,0.0024802110702849445,5.976724275375652e-4,0.0019243778223811694,9.009048532357469e-4,0.0034065821927309887,0.004181639509190184,0.013666252551977022,0.010407643160870601
0.10453423919901603,0.03717872358348681,0.018793043457007594,0.009680531670470506,0.15755442247679677,0.009530029484631167,0.09011814498172357,0.0031345970292626915,0.003384358145201084,0.004250165188109326,0.003993418561062745,0.002396967184983481,0.005434610749109606,0.02025483599531726,0.02463187582646242,0.15720153276418536,0.0014439184577052398,0.00382752856949442,8.292162272820519e-4,0.001701929095696386,0.004322320210089975,0.0016939776437279578,0.0012248466381035317,0.0078115421901383065,0.00798153288987195,0.02159192832444953,0.1734792558178786,0.0022404858565625635,0.010032802990487026,0.01885082743296298,0.0023532069802400923,0.0021273435626048155,0.0011290159834317988,0.018716293241454327,0.002340397098259877,0.0015804105901767226,0.0022464903370642024,9.262916078771373e-4,0.0026623936784387504,0.0016299766216607183,0.0034563983733056367,7.516558378784895e-4,0.00208151370854809,0.002052684148720294,0.002391758762021032,0.0011299029329261308,0.001994790664602128,0.0028465870139575754,0.002437650450249896,7.752838042115417e-4,0.0021370815387909536,9.440370667165282e-4,0.0031280637239540065,0.004157233111341741,0.01566759157072826,0.00923233894956225
0.09654780048381302,0.03568689550277116,0.019335247494986225,0.009124148173686788,0.1437215950081032,0.009654544400321218,0.10542869731827675,0.003611326274639288,0.003281415000141117,0.0038500779202019406,0.00348565360778326,0.002211862636359376,0.006200225455063658,0.025340859360272368,0.023995033317738203,0.15888315781222043,0.0017204286719673704,0.003754979092325474,0.0010291528102019374,0.001444173073423065,0.003715955701226546,0.0015531421145140133,0.0014502366547859003,0.00729672510459759,0.008620548120452058,0.024006937225273264,0.16893967503638016,0.0019466757826392589,0.011007524811150483,0.02285151616652012,0.002101676365468041,0.002399652019635585,0.0012512404506832618,0.016585942661380006,0.00223014349125449,0.0016721320926079187,0.0022112248217239475,9.286362967514021e-4,0.002860601697788982,0.0016791485796285443,0.0034455242222740557,9.090943494463749e-4,0.0025164602081196663,0.002088355034348722,0.002840761033478151,0.0010754183820973332,0.0021315733931884687,0.003244251909737989,0.0023429872326057063,7.674628527680588e-4,0.002232446544768124,0.0010838687680018294,0.0035691174220851152,0.003970484922176172,0.014583872130378548,0.009581712985768282
0.09565020629054026,0.03691946514522636,0.01857920419981321,0.009183312205437588,0.1658026007691889,0.009713160745049637,0.09099459570701754,0.0032621501721117117,0.0033942557638618523,0.003898212076890192,0.004078075218926314,0.0023196258942945955,0.005249286369896894,0.026487166307933276,0.027251643688211723,0.15348567332978805,0.001655443468626471,0.0030320216760002113,8.03040100696042e-4,0.001527320471913108,0.005198813593136289,0.001706810533810951,0.001330920858809524,0.008496798629418142,0.008352072309411745,0.025163923421962598,0.16309031921435413,0.002278140520889892,0.010520080133833603,0.023162546267200813,0.002177739484124539,0.0023777794280360424,0.0010952033330984166,0.015060744596410339,0.002020969750666585,0.0014834480200702441,0.00256521790306161,0.0011120183222497768,0.0032600721670145937,0.0016882257927430104,0.0032715262534325517,7.532199776890842e-4,0.002419855583793085,0.0018893969239868768,0.002647317956808463,0.0010686012287799888,0.002215565917811943,0.002722392445159208,0.002745485197033821,6.928468449805843e-4,0.0022481759755375624,0.00113936767311069,0.003000329875277365,0.0036859952342638692,0.015131683956107143,0.008939935074501007
0.10016157691290506,0.03585815952067904,0.01821658957820544,0.00972514713503133,0.1595549546854065,0.010108486936953034,0.0881771231471721,0.0037092077346785094,0.003002626883517768,0.0038220131996610533,0.0038576288951235795,0.002018816021781161,0.004599934746485086,0.026084516712184317,0.027469096227893054,0.16076032902810325,0.0019507090715162522,0.003162067760138355,0.0010033215970836889,0.0015762213642265032,0.003927048182644883,0.0015865387867790256,0.0012914115876885655,0.008282323997417415,0.007952237884442393,0.019351584810646867,0.1640763052988894,0.002164075420243456,0.009072925401564898,0.026243279810818258,0.002390001641944035,0.0021508779244946096,0.0010938096540279178,0.018136679474855862,0.0023412646990767674,0.00158903716159703,0.002393075055760323,0.0010307192413635412,0.003106092753082778,0.0017879302458684025,0.0037259866142694237,6.46379378912816e-4,0.0022899412263765514,0.0020653402171851194,0.0028131245608857677,0.0015132946652745864,0.002055994321288852,0.0031537294540583006,0.002614351127270578,7.553719034405778e-4,0.0021201098724425572,0.0012068402134950585,0.0034467149954416063,0.004243299951259012,0.013858695002399972,0.008705080304047659
0.1048403009110767,0.03640570097563614,0.017008385540583044,0.009210924686115477,0.15498652995175674,0.009921723196302227,0.09717085606020187,0.0034671329660807067,0.003478925782943188,0.003573275876314632,0.004393722972935375,0.002297044889200379,0.005638805493616183,0.024037476711358332,0.026906630352309537,0.16354771994946082,0.001646437422538002,0.0029604516680869896,0.0011709911677816038,0.0017070528677772762,0.003795762552211187,0.0015238225103541008,0.0010265368343640884,0.009552473516035534,0.007241477379711727,0.024116353735979812,0.15326842811755895,0.0021160230913725127,0.009593058673520245,0.023131569415425532,0.001964306134488621,0.0024039815665721585,0.0011605212745881119,0.01805596996710029,0.0024039960564739126,0.0016160669836379994,0.0022101262637590413,9.214997252394399e-4,0.002924573890953708,0.0015188802809220695,0.0031421044759104766,7.631156607200574e-4,0.002545307137380438,0.001945854910987662,0.0027058987025726936,8.645379045000674e-4,0.0017429653464315468,0.003095744796633502,0.0024273184095334518,6.783278376751856e-4,0.0021619290010592737,9.805700540898238e-4,0.003370802076579807,0.004590541723859403,0.014897703137468955,0.009171761412253478
0.09619245661952995,0.03800260376526585,0.019463323823858028,0.009526316089319324,0.15679907944629942,0.009559162641744506,0.09797587920023881,0.003482715561060442,0.0031953350414197883,0.0033910839769185357,0.0038104849524957557,0.0021329279363709232,0.00526429951238161,0.022520494740821295,0.021085738124572873,0.16023713462902184,0.00149772272259887,0.0037852792285873412,8.454980153639215e-4,0.0016837551454153086,0.005233649185614103,0.0016513825495435566,0.0011704720586763185,0.007687057126247304,0.009121929027617477,0.023688027936232266,0.16567809278482748,0.0022083226209907345,0.00919600256369579,0.022987440890898322,0.0021396071746351405,0.002171962283694408,0.0012333067767611504,0.017273197314862595,0.002295334157788632,0.0015538828227644858,0.0023906272264842127,7.881037474255577e-4,0.002899242349855118,0.0016802914267146072,0.0034122668834352214,5.983238570594995e-4,0.0024177037691260556,0.0021680403154611234,0.0026669057820239692,0.001073826516751493,0.0017221107679979497,0.0029626365469005178,0.0022929204707852883,8.00150294252304e-4,0.001889499491406726,0.0011154662666393307,0.003500244411050934,0.004714119401373461,0.015084912535901544,0.010081649491220918
0.10325662316626685,0.03664904418944789,0.02016295278415169,0.010437565270946768,0.15789145012073366,0.009121018652435234,0.09332177592655813,0.0036913938814258484,0.003296564722717358,0.004324168254339878,0.003546657128965433,0.0022344872789298543,0.005283379661613452,0.026049489224355474,0.028126307315339927,0.149285192283867,0.0015096728237328464,0.003220151283990933,0.001094854243640849,0.001756109789454752,0.004479054522094522,0.0016001262321183767,0.0011823566715583203,0.006248374399965209,0.008255314506689801,0.021556041083625892,0.16845411407491287,0.0022845435976302274,0.010277594339943233,0.01938494306888622,0.0020535137216817455,0.0025332519763341054,0.0010521799878394546,0.019877324511708146,0.0024612924065760488,0.0016931984533810115,0.0024146089523958726,0.001083341381003811,0.0030619479281727294,0.0016713038032362202,0.0037390180717874425,6.407245047667817e-4,0.0030889852701090218,0.0022559815503921253,0.002803527791992541,0.0011123434547022704,0.001889226564746163,0.003224579844890026,0.0029184554642118503,9.470135320272348e-4,0.002269506509562065,9.686898333706063e-4,0.0036144122374563987,0.0035370977573790513,0.011857439121905414,0.009249714868033337
0.10644574901391986,0.038026853659235756,0.01880203782593447,0.009245766488368381,0.15855088582031687,0.010894738978403404,0.09960411275696623,0.0035026684370232783,0.003320150010308937,0.003641636156423267,0.0028141385047548155,0.0021841501112003984,0.005241421954977308,0.022483675067471034,0.02451145898338155,0.14014739231333156,0.0019478158777069736,0.00349991462609768,8.54467631788935e-4,0.001674230370347119,0.004004366504999986,0.0016265495926495713,0.001131204624929744,0.008215621034676514,0.008303771965305774,0.02293395837281379,0.1748922098885273,0.0023717983309963944,0.010965340193936333,0.02134274254055443,0.002112945238003362,0.0023241205296424057,0.0013028926506575241,0.01721456250815322,0.0021878565581734833,0.0016786883096244329,0.0023705138676613337,9.758842661793071e-4,0.002679392611678287,0.0016142177694457233,0.0032650895755387886,8.333034270802572e-4,0.0023564543852705954,0.0021769863407024867,0.0026453677580788176,8.382250576140912e-4,0.0018443376893777627,0.00275402367186243,0.0022951873856405314,6.196734438349423e-4,0.002126557534472396,0.0011800671401983843,0.0029714496936604283,0.00407565326309074,0.012601529333842811,0.009774192353167732
0.10371448890414604,0.03769123873066129,0.018566455313857907,0.009431564801133724,0.15077772912159715,0.009872151464215308,0.10157554392983173,0.0032444666164448775,0.0032970653886045444,0.0038197052624160508,0.004134151688616435,0.0021853766640013666,0.00496104232895998,0.02902939351794461,0.026612853093519517,0.1633776760822413,0.0019422110026699382,0.0034520846830594734,9.666008912305607e-4,0.0017944487256006203,0.004218434479166511,0.001525086719998221,9.495709814287639e-4,0.00629848940579319,0.007022321140945425,0.027072472839450034,0.1540560883397035,0.002165243751686883,0.011824245315535867,0.018049619450724096,0.0020053814958772504,0.002020362348537909,0.0012133599397340482,0.01569167937033323,0.0021176688890989174,0.0014839239817750751,0.002291417256123491,7.957342625754829e-4,0.0024365162609580058,0.0016370791831948896,0.003297008274601827,5.644235938016335e-4,0.002048585158349624,0.002163309614636244,0.00258883201447323,7.784457769847708e-4,0.0017957820262840091,0.0030114899671793136,0.0028249257282013523,7.574854387997338e-4,0.0020146478345808767,0.0010557994408759677,0.0030566544528227717,0.0039329407717898415,0.015710422113566117,0.009078304169659417
0.0987729209915064,0.03653202671107304,0.01746126702811387,0.009416106783392789,0.15182731368689048,0.009835799250663909,0.10051240330763357,0.0035106952307017115,0.002805891645121403,0.003250276327306711,0.004007622579674023,0.00203701332912038,0.004728286253884205,0.023832986583727706,0.027173773819196723,0.16372190512018092,0.0017564441889136133,0.003992570504291126,8.409585949793099e-4,0.0015271453544624266,0.004356434154546456,0.0018269202218639856,0.0010617478265190139,0.007956027604271608,0.008292130984840964,0.018465383252845805,0.16658634631507296,0.0021565956657213564,0.011914193489146784,0.020250269349891766,0.0020834873448825272,0.0025179586702459953,0.0011040570540750043,0.019259176355461708,0.002209763347525994,0.0014006031112646909,0.0023634157538429054,0.0010562109818148988,0.0028981892602717657,0.0018122747908389553,0.0032973279686809354,7.403450034136307e-4,0.00249030884115519,0.0020598807522762158,0.002394261207643372,8.343209217028921e-4,0.002121109828821002,0.0026673032751280083,0.0023060778415167917,4.890246045225703e-4,0.0022043551885471604,0.001086854559425649,0.002896590553835424,0.004584450194899791,0.013172069821986803,0.00954112661066504
0.10180123218963694,0.035840691179459754,0.018107649968024157,0.009588852638673435,0.15441474529661664,0.00963801205674897,0.09525274896570327,0.0033487270605620243,0.0031114351365305894,0.003496334067395135,0.004083597734837318,0.0021533265678766777,0.005972455988652448,0.025199968668040074,0.0249584175494827,0.1693822649789075,0.00168485567325323,0.0034276365585447807,0.0010582624151987863,0.001699571967182028,0.004411049568137108,0.0016508315610417445,0.0013538114342388113,0.008210165432975968,0.00853672726439633,0.020744095305340483,0.15792662880216818,0.002111232289786374,0.010324554602662425,0.022458126072277065,0.0023694385443314113,0.0018413665104708191,0.0013878319297398818,0.014859282552931294,0.002230139199787764,0.0013896743119322333,0.0025237090305251487,0.0011067458545838652,0.0027326515696548294,0.0017371193761334838,0.003596319772695991,8.678136900303933e-4,0.002327466933319905,0.0022352792130612307,0.002672174046980841,0.00117393678734989,0.002234700226281146,0.0024996927897630752,0.002405421402482741,8.27037712087449e-4,0.0021927900455189146,0.0011739966292491307,0.003193880308911523,0.00404868307443142,0.01352424473790246,0.01090059475549224
0.10210210015737643,0.03764724655235527,0.018942657391728412,0.010176400486518168,0.1528941888388684,0.009766805664332098,0.09867912553264607,0.003460033982904897,0.003196965365526522,0.004119147561760614,0.003917691471032942,0.0022697866709218448,0.006504823471901156,0.02657637506733365,0.02453711536715534,0.1474707059923257,0.0017434952541577372,0.003724763610821751,0.0010544179452048141,0.0015608973879812208,0.00416495198891124,0.0017056313427066144,0.0012386378161826606,0.008083721494552512,0.00884374355070631,0.023718265968925404,0.17026568703031278,0.002247263159007132,0.011679889815420329,0.020375155732058375,0.0023124683466456066,0.0019543298560916016,0.0013917497329806487,0.01599907524842957,0.0020131923952266587,0.001721779165772859,0.0023505923083437293,0.0010003379209239489,0.002731309890922231,0.0016393399236412606,0.0032819629037667,6.237249072358675e-4,0.0025115256514216464,0.002358138267513931,0.00257354555181011,5.336068552339604e-4,0.001956696367741052,0.0029654083466978533,0.0025345546322908573,6.305560229934862e-4,0.002063387641936712,0.0012595825834490735,0.0031462597704029287,0.004168555961693927,0.014434726205532168,0.00917590186966527
0.10400816125686717,0.03662290898610741,0.018115555569242697,0.00937806677818154,0.14836685148491727,0.009885228271265317,0.08750013175433291,0.003564752202947358,0.0031184053321563422,0.00398793758307107,0.004484013695337519,0.0022683284359787427,0.005855767818492202,0.02684609006131353,0.02459033501796728,0.167695495940986,0.0017354436897281085,0.004011226976211841,9.588123012419401e-4,0.0017759363972325488,0.004492482316347806,0.0014930917184102026,0.0010458180341399476,0.00850507825439315,0.008021266671134987,0.019726305039109906,0.16248213102969822,0.0019156633909034955,0.009256949205593903,0.02632680197540338,0.001956722383497,0.0023141827110966786,0.0010728489883694123,0.01861403976203464,0.002300959729459372,0.0014100810882471486,0.002591908562054329,8.94373752597487e-4,0.00297802352331203,0.00149287850182332,0.0030769478875240135,7.125964973195288e-4,0.002497471403497502,0.002099947588392087,0.002778932467207038,9.632509244543405e-4,0.001989652918177661,0.0031875569153511263,0.002850275996114267,8.104346568248954e-4,0.002120164052670609,0.0011150481164662733,0.0035126483248042392,0.003851326651710646,0.015612083206237543,0.009160606202043127
0.09790296779033306,0.036924742493601045,0.019540977168077393,0.009157375011887544,0.15416112792962658,0.009838532479704988,0.09103233830481493,0.003556857101249746,0.00337153485876446,0.0037426690181906236,0.0028501726544311297,0.0022758852754089405,0.005921194930747531,0.023661915164096513,0.028167015294187234,0.16158204859646683,0.0017318249401686828,0.003752533191751176,9.573478399101418e-4,0.0016759062495242142,0.0040488536327642,0.0015924838681662774,0.0014606173065412136,0.008503736308894979,0.008226654676517906,0.021243627442768736,0.1651134496506398,0.002270542586466444,0.010134046318831112,0.02165869257485209,0.00221491784852527,0.0026600853243264663,0.0012306772167344567,0.019476140084224842,0.0024485491339473137,0.0015415532965284673,0.002491729896755728,0.001117617374240454,0.002996533923259668,0.0017291912338376376,0.0031708686533475734,5.747033636275882e-4,0.002850291852917728,0.0020482687417861466,0.0025251395997409032,0.001158036897970163,0.0020292859197007093,0.0032403160306107358,0.003084681416662918,6.484687621566692e-4,0.0022286677669424507,0.0011699295006785794,0.003544254080765021,0.003839576260785815,0.014414746810968241,0.00950809834957287
0.0973513134054638,0.03572886852437519,0.01772171064803029,0.01011002261408293,0.15104280094623077,0.0099991601967641,0.09184728013859207,0.0036180579997859676,0.0032303576917977893,0.0036382963337342807,0.0037000720583155768,0.00212795538609741,0.005718882857299669,0.025319879299341805,0.023523054304215803,0.16694443071325687,0.0017885172773482313,0.004115020447312112,0.0010998437864066762,0.001556635448356535,0.005114015870484313,0.0016256153033313285,0.0012124078404230118,0.00743229860458097,0.008674133989539404,0.017015610848242765,0.17458773017630072,0.0023645636678319456,0.01244744516357995,0.022682035683705876,0.002190660651939764,0.0022709977321269154,0.0012709354732778995,0.01592255212374204,0.002111071746862423,0.001640307389000496,0.002267233830793988,9.656465534410339e-4,0.0027982255772157,0.0015742021008265433,0.0031232191630981396,8.22385402273779e-4,0.002272217008869239,0.00211071438883194,0.002545978577668651,0.001139084499215653,0.0019136886383668134,0.002846165226487443,0.0025659754676782306,7.545980230744242e-4,0.0020075856240366154,0.001145548803023952,0.0031842222939583026,0.004225684288552927,0.013512301335738294,0.009480780855070654
0.09563773670445405,0.03491230263645761,0.01900520570064053,0.009954666589423553,0.1626425630495877,0.00904017353086999,0.09463774552880222,0.003361426731537159,0.003217119990375609,0.003668724790141632,0.003872764782654572,0.0023655597329103883,0.005712532937926144,0.024622537141987408,0.023027736318940693,0.15552981998645873,0.0015784487821547013,0.004110617492497039,9.724485349304917e-4,0.0017009490396339706,0.005399591048664943,0.001823221476211061,0.0011232700221939073,0.005847110735672349,0.008614101682199513,0.024963331884489064,0.1709704806669805,0.0022167019661897764,0.012432205588817054,0.019913497602592256,0.0017371288168058154,0.0023204821217885996,0.001326627072488209,0.017332843985701327,0.002323187794467019,0.0014531851399665484,0.0026395329242677114,9.416288511190767e-4,0.002873591913789628,0.0017248740330281754,0.0030487810673224783,6.147676376834283e-4,0.0023093709021156776,0.0019280605125559865,0.002537932562673642,9.5167774131376e-4,0.0021568535998238957,0.002763207817650411,0.002435717058349135,6.572237076279274e-4,0.002472669912964022,0.0011344341813186308,0.0027175608885066497,0.004361748894190428,0.013657368730674859,0.008704949455412244
0.10117148768065432,0.03677235867580178,0.01883984817844684,0.009344428125409894,0.15067348680275813,0.00966975185880308,0.09619367178264109,0.0036511528269103978,0.0033153603697290927,0.0032391545725401986,0.003793545893532205,0.0023703180663714432,0.0056056798692114525,0.028334235273361742,0.030192521775936666,0.15509821759291714,0.0018323764859400457,0.004515005253158789,0.0010261827155582468,0.0020545547300165933,0.005882800736514176,0.0015482250561899712,0.0010518829730582996,0.007635981947262439,0.009100790488994143,0.021584945139981982,0.16444647317446529,0.002146350887985233,0.013295581799986066,0.019120786882468637,0.002283621207184595,0.0021806751794166443,0.0013692857259397229,0.016207246778015574,0.0021699467447169438,0.0013808662824847566,0.002433206499748695,8.379394272084716e-4,0.0025964849345771184,0.0017944921456459733,0.0036271566436126604,9.380214034417494e-4,0.002684609558349663,0.002109745221279392,0.002601534363791279,9.054730440263446e-4,0.0019827603814521993,0.003027677544126777,0.0025001985442242108,9.457080969515072e-4,0.002167312501889144,0.001053222041344748,0.0032807467783374728,0.003953379514560959,0.012561471736048225,0.008900060085019737
0.10065207068587682,0.03851666593286815,0.017918632619359685,0.009431171291848443,0.14750069462207469,0.010054228690540158,0.09607189098394787,0.003523770285618835,0.0031985590500707576,0.003634541659711671,0.003926771254544019,0.0021962332695710644,0.0054657440733555576,0.0279085196910959,0.02487403517362751,0.14089340142137327,0.0017614195255567869,0.003820551689882785,0.0010690728007161166,0.0016923859059363694,0.004395565926653799,0.0015253574348739855,0.0016113540388833021,0.008363239737558134,0.007737554536781825,0.02457820258236521,0.1831110998813673,0.0020192557245524855,0.010990662459706698,0.02072745244994254,0.0020922805892007153,0.0021616762782540643,0.0012282146095771503,0.01915011585183114,0.002403419105359696,0.0015809116639494978,0.002786450162024381,9.647282426823548e-4,0.0025356033200543346,0.0016910908418776088,0.003194525274721051,9.362671509504072e-4,0.002480896560564605,0.001975680466333722,0.002501941286673589,0.001053757182057454,0.001969527054871509,0.0031814509438070518,0.002473308873320041,7.774706930277349e-4,0.001968190932087715,8.233437769334587e-4,0.0035174802545594437,0.0047771239439291235,0.013341865649573483,0.00926257389151687
0.09727505798473547,0.037411297515666894,0.017874030995591234,0.010084055905941495,0.1681750995885633,0.009242122653294473,0.09408373760782537,0.0031554330733040265,0.0029292064692035395,0.0035551508743041017,0.003265192315511648,0.0023338654901508015,0.00505589888522779,0.023783157948472317,0.021823012567579386,0.1846199949889443,0.001514292377870627,0.003984231493023588,0.001087494139333823,0.00156233714094905,0.0041524714960394496,0.0014535586228744412,0.0013946359653715511,0.008738670841917916,0.007862639029318207,0.025494312142141578,0.14199912565435877,0.0024334016389567044,0.009362182482590244,0.018326798600590357,0.002200280741762293,0.002531902897222275,0.0011338755051825875,0.015808584307231498,0.001974292894262947,0.0014425078971407772,0.002389287233905645,0.001035547761978272,0.002716154185171998,0.001695129650335022,0.003286872124644781,5.57389952398452e-4,0.0027248284956189256,0.0018210602235610447,0.0026897841449902912,6.425312976761052e-4,0.001986718478223492,0.0029859194016843903,0.002561162020956186,6.633553892313733e-4,0.002082368078660743,9.181770902300765e-4,0.002907849833834732,0.004247118891243434,0.013115849865460176,0.009848985147740021
0.10097787995724082,0.03664920330704879,0.018178082719000243,0.009882838854473925,0.16075817955468513,0.009716300431416382,0.10286731703730526,0.003180093405345411,0.003065738105175942,0.0043898147792775614,0.003513464129736531,0.0024275972219329365,0.005478610256851629,0.02325897179039787,0.02626839862382739,0.15833960395344146,0.0015842004494424464,0.0033138263720739105,8.166725976098298e-4,0.0015311507630711384,0.004457480937240152,0.0014703609651390973,0.001312790749747841,0.008443251259772837,0.007811696157872846,0.025127745121424887,0.154013878932401,0.002217879385352206,0.009507779809389464,0.018487500969715704,0.002183063866907204,0.0023267748198963316,0.0013297290869496994,0.018200844413398736,0.002172257877676721,0.0015133401914906633,0.0025459897471080874,0.001194320911835217,0.002964152052700589,0.0017259387568373875,0.0033325399596926216,9.700055722676654e-4,0.002564000205879804,0.002084659717477815,0.0029082387959228806,9.384269905435892e-4,0.0019287888369296437,0.002697253887903936,0.002376114051138393,6.882729282398434e-4,0.0020314020388203092,9.845336904991586e-4,0.0033484807515489256,0.004211583070661559,0.013772615783274272,0.00995836339698835
0.09780555605998964,0.035292056380213925,0.016764402845062257,0.009203994257795306,0.15714588264866003,0.010304660248866183,0.09292153753304501,0.0033460567623846255,0.003276861438971241,0.0036493920961871503,0.0033464218511876113,0.0020224592773888978,0.005638399027599939,0.024115840998307422,0.024039103220394573,0.1679470843592716,0.001525224418371402,0.0044203429408459245,9.060065471459246e-4,0.0016221924415767445,0.004001479538884151,0.0016200695080029488,0.0011891101444157163,0.008114963525704715,0.007370133059637717,0.025725287528232357,0.1592249482366123,0.0021660833234534616,0.008935549358336993,0.02312247798254745,0.002037135277003245,0.0022037082611101703,0.0012938961635191417,0.019107532542337612,0.0021109570796370306,0.001440095779100131,0.002648725462473566,0.0011888311905005982,0.002343559841724443,0.0015866134027194552,0.0032661524836264345,8.001101122380957e-4,0.0025821050569677984,0.0020766707077848876,0.0025163836168463497,0.0012751664853010655,0.0021387848055006635,0.0028157468920380975,0.002350313037233139,7.496168559987336e-4,0.0021847326736662083,0.0011488426751664364,0.003325116874098506,0.00435153966203658,0.017022925866184573,0.00867115963609387
0.09678707319387536,0.03764676376226396,0.019102645592014827,0.009656809194996742,0.16251746968010738,0.009496594261925827,0.10188659016634706,0.003553259188701278,0.003238582078649589,0.0035532001184099492,0.004425826355741678,0.0020337078278133106,0.0056923685414617745,0.02438132414901397,0.025589415082001837,0.14706233540204658,0.0018256888869137376,0.004006662694286448,0.0011074240683355673,0.001484739540698536,0.004607933367540208,0.0014947061238728815,0.001436678496532311,0.00888010093769357,0.007453894272725259,0.020034580254075222,0.16431559729148443,0.002506360305411725,0.010676551605341205,0.02254707317187166,0.002062382442769501,0.0021277936673374277,0.001483042633769042,0.01997467382251428,0.0021994031136861503,0.0016499114399778486,0.0023201790091380414,7.70326227783898e-4,0.00283818011896829,0.0017463195694140366,0.003272514889371838,9.270447825154528e-4,0.0024529878950402973,0.0023883793165279626,0.0025604662037315485,8.918895302762714e-4,0.001756927059202412,0.0028073535608604716,0.002202044031957319,7.090271415164397e-4,0.0019735453899945264,0.00104690016178679,0.003081898994599236,0.004238005019955851,0.012884473676932896,0.010632374688218321
0.10271690151364302,0.03563042250176951,0.017158307158772215,0.009488172277223686,0.14516795342593491,0.010359716650966907,0.09365353826355124,0.0033721046138580095,0.003271694291884535,0.004167118033205639,0.004382282704645065,0.00221558508880627,0.005370011713718648,0.024302186691370724,0.028836855751952127,0.1607498360069964,0.001637329277622238,0.004383823812279096,9.314738953654211e-4,0.001641384786518838,0.004789916179301562,0.0014191627911985245,0.0011604641468946908,0.0068801356963814515,0.00811567434459176,0.0225393833102887,0.16830739583953666,0.0020567547097429363,0.009875155084426646,0.02281829263348126,0.0020750247890450857,0.0021071733356535995,0.0013992483845794873,0.01963792578080892,0.0023489147446268633,0.0013970812696468878,0.0026512299144875605,8.076307523810156e-4,0.002860689481510205,0.0017264850160823048,0.0036032977209541615,6.843207898903172e-4,0.0027379725544125644,0.001992048436293008,0.0023766040965643243,0.0010340669262892512,0.002054987132431192,0.0023665659433523023,0.0022918443695139133,6.397963164061475e-4,0.002292719608045851,0.0011466534801648717,0.002936595541605463,0.00371666734831174,0.016249218140893175,0.009466204930121019
0.09868778452017084,0.03703774409057545,0.01858259306156843,0.009857636973842811,0.15540165757725705,0.009731574053582251,0.09531936794310689,0.0034987188027477676,0.003201989915686714,0.0031425212261324835,0.004758027402483249,0.0023800081196150777,0.004940518129247149,0.023942854164067835,0.026442088981024958,0.1576829926518015,0.0013976114003745256,0.003509287347199377,8.774857296834326e-4,0.0017390347191700464,0.004266854026069177,0.0017180943414152482,0.0010712375679240182,0.007615976390579095,0.00816591640545146,0.022603342091253305,0.16864886533647386,0.0020947957429160832,0.011980837018489777,0.018490807463188166,0.002295254147566665,0.002184436249167453,0.0012560594657181037,0.016370266528704713,0.0020283731176039287,0.001740072630894346,0.002344056488748531,7.997565680141965e-4,0.0028044651755191287,0.0017024131146401013,0.0030378802993007627,8.607593000446042e-4,0.002242980752452394,0.0020314957112562864,0.002354847336824174,6.985787842903196e-4,0.002144985912532555,0.0028829598606047923,0.002940855411676141,7.156218116673747e-4,0.0020868527514937385,0.0010680779446029303,0.002831092969150334,0.004788222137515533,0.015006015175258468,0.011995397161654401
0.0916031731684034,0.03523378842466807,0.019956235671857385,0.009867451448121085,0.1500143751138179,0.009537304119709003,0.10064548637849771,0.003137049206721905,0.0031132917702901353,0.00342505904752251,0.0035997677493809395,0.0023616246739136216,0.0059119368207970705,0.023923700958708022,0.025779277860242485,0.17000829963414313,0.0017815480747800916,0.003766541703659624,0.0011302802629409657,0.0016712383889453339,0.0044993747711179095,0.0014101642963153845,0.0011872047250376288,0.009000710284777495,0.008636759379798678,0.021884691989904684,0.16461418349141357,0.0022379187483498467,0.010783466355159445,0.021906302399137916,0.0023428071463207968,0.0027133685155622074,0.0014329604956125487,0.013641214249325545,0.002082008304409704,0.0016401871619520642,0.0023299124912184383,0.001054774070559502,0.002612708444281929,0.0014445226611045343,0.003307859346624113,8.806940525711307e-4,0.0022877297079273965,0.002025512663801167,0.00281114928301027,0.0012279041233096675,0.0020399352868768345,0.0028577667502066926,0.002612154418183613,7.778348254803001e-4,0.0021704127643157535,0.0011400841828004434,0.0031501212708767447,0.003945731294071701,0.015064352258532315,0.009778087312931588
0.10398182557317656,0.03799830426456916,0.017549248003060732,0.00924110942634524,0.15457317180889993,0.010009598759886697,0.09357063217049555,0.00357960704289679,0.0029882481303736036,0.0037996590446254842,0.0037628906705432226,0.002079219324499481,0.005653521465102878,0.027162047207801954,0.023010295014205755,0.16568311468837293,0.001573180787481295,0.0037344186836936123,8.05039932794455e-4,0.0016586701769326572,0.004558083735657857,0.0015424329259805091,0.0012557749292117515,0.00869914195285132,0.007540200678513206,0.022223055367720543,0.16079666899222916,0.0021961401458023013,0.009630092850350746,0.019982671425783298,0.0022900040516913005,0.002356960388143387,0.0011439550396170383,0.017156704734033034,0.001978732582352607,0.0016082508961089638,0.0026881390824780344,0.0011201449688553475,0.0028208392556598335,0.001603336527196557,0.0036802900120925137,8.55685708185679e-4,0.002569079759451085,0.0020912888609310974,0.0023854634211272732,0.001110597293254012,0.002036812969306928,0.0028107268440146983,0.0022482306997837053,0.001047876532949513,0.0022200403088169208,0.0010786212885534306,0.0029787023293584894,0.0036015345313352817,0.014882688519258157,0.008797228215586443
0.09884856686679741,0.03819011955438124,0.018648963419930425,0.009390919201993048,0.16204188286033513,0.009742592218006116,0.09182313555942435,0.0034515000182341817,0.0032612227747115807,0.0034913497398713082,0.0037114138555785605,0.0023380665055615555,0.005200662503971014,0.02550975046659549,0.02710256037845776,0.17781000681687886,0.0014495743556490498,0.004360735217886054,9.318714115243174e-4,0.001511136603859551,0.004705416347660951,0.001614293804412305,0.0010395302048234242,0.008718137339276531,0.00843636074536338,0.02111507299948469,0.1442975532682445,0.002250997285555082,0.01009878653661466,0.021469841172438324,0.002372138166105452,0.002372174763529013,0.0013659934881727611,0.01813971241487005,0.002333578683156935,0.0015273491451094881,0.002525195021487859,0.0011477250756315412,0.002330345964654605,0.0016496314813634174,0.003169524669233639,8.147137370052522e-4,0.0022999458801193904,0.0022506701654117812,0.002591895972009453,7.944113023977796e-4,0.0019115507829851977,0.003147746286676369,0.0019991578921096918,7.214695770667407e-4,0.0018899185213852629,0.0011018009312912986,0.0031174796650026886,0.004625043265817453,0.01258631268108347,0.008652494432802575
0.10355078664008041,0.038205467218597,0.01992366268371046,0.009598537114716369,0.16773730084655614,0.009749106356324182,0.09672618586845848,0.0032575762216258764,0.0031161932632299085,0.004192923396172139,0.0036204457615711576,0.0020082441668253545,0.006138350278899835,0.021724191449067082,0.02685940644575855,0.15410926311607429,0.001606151969920683,0.003332129088853807,9.44447204907178e-4,0.0015889001658482666,0.004283656896557647,0.001691868675888866,0.0014012785368730566,0.008114117500437824,0.0077193620532139086,0.01861203006692975,0.1580323707770817,0.0021388387096946365,0.009057883167077797,0.020389343033950045,0.0019283937631781444,0.0022442490731368696,0.001045408293163709,0.020973899607196096,0.0021280123890946227,0.0015187095127572633,0.002508476218837304,0.0013484503402752422,0.0026200291618765593,0.0015222381709619386,0.0032404084089431642,9.718149250871719e-4,0.0026323813768414374,0.002147144035982903,0.0024079122301644404,0.0011472304499619318,0.0017764500229165974,0.0026155517870491084,0.0024383116767505903,9.704807405358268e-4,0.001945509652910716,0.0010600263680401083,0.0032193326058104093,0.004529383773820451,0.013096709774869158,0.008533466964935841
0.10091996513346939,0.03625957265307869,0.017162929540778867,0.009570022108261026,0.1404407688074857,0.009826856420280378,0.09887786140508492,0.003411863316195332,0.0033010564270442807,0.0034064519835106753,0.003915041379503033,0.0020821569085887007,0.005293021757602482,0.02449817182273618,0.029239756841949852,0.15114354670462327,0.0015071541124502155,0.0036705750023339565,0.001087211696799938,0.001671499386870416,0.004562482237001767,0.0015026204588503393,0.0013881301525092685,0.00999250631066857,0.008690036085349349,0.022157474770318257,0.17584035585470242,0.002435418684996852,0.013129351139856875,0.027692811694320054,0.00247140313162426,0.0021383357431991636,0.0014420569070539631,0.015064145602442474,0.002254227925805425,0.00132518225809591,0.002294792818983805,0.0012221306536044356,0.0026303597952797683,0.0016236547769810834,0.0036033289337429907,8.620997429258364e-4,0.0023376929620066663,0.0021683138208593703,0.0028613208023291047,0.0010080144444229412,0.0018614543012769472,0.002931081519695666,0.0026022264787978165,7.927745423028066e-4,0.0021836164281563387,9.914620688860577e-4,0.003268723304179918,0.003231856394957109,0.013313801074803622,0.008839272770365416
0.10176685960907098,0.03489683950160522,0.019496580536433043,0.0098379253324018,0.15364192759599626,0.010277588807514084,0.10145867191565698,0.003263792325285741,0.0033828524789476966,0.0037674088790463217,0.003382440927081192,0.0025013887635837308,0.004839811012066073,0.02411095355862947,0.023185119539808254,0.16408913488142465,0.0018079306967393213,0.0042109074876318766,9.307622458295536e-4,0.0017436854546745407,0.0050672129487207285,0.0015299294436749826,9.207260050441753e-4,0.006720735569938442,0.007607378207749668,0.020121682656975167,0.1600305643452118,0.0020121916111586905,0.009835883536645563,0.024002614520103608,0.0022637842109402874,0.0021857400371375654,0.0010989471807910907,0.014931307764856534,0.002152630452274353,0.0014779001651326568,0.002670713316223432,0.0010258875503585691,0.002699309255234837,0.0017079607717326213,0.0037421607968715458,6.409008960930865e-4,0.0021930643791031046,0.0019161217489339878,0.0027967091357169052,0.0010635297745353173,0.002268296820555298,0.0033512757692843818,0.0025373750594508966,7.215961463004365e-4,0.0020825502204606817,9.815782621574983e-4,0.003182158400516542,0.004568002873186251,0.015382755480543872,0.0099162431369586
0.0987937767289752,0.03512458806251511,0.019087597074236903,0.009519912358004043,0.1553821409021715,0.00988138553839337,0.09410778248033307,0.0036067464095540353,0.00341018948788573,0.004094326864567911,0.004106377250586742,0.001785487327761622,0.0050119486918134715,0.02451921803402727,0.02510919865156265,0.15910858233860825,0.0015535383325960964,0.0035346958149357136,9.901411079486465e-4,0.0016464972453378048,0.004646213340800057,0.0014598241572915203,0.001055811697568004,0.008850367042585848,0.00784476285914748,0.023466404565484766,0.16395965531062404,0.0022328541618954366,0.010479549558423182,0.023941850238246822,0.0022681634248261475,0.002114279756717374,0.0013009659360055223,0.017398748958619557,0.002167320638555948,0.0015671246175585328,0.002372506455510973,0.001094789443443504,0.0027436553473187404,0.0014933583784725408,0.0033636554689645813,5.884422865953594e-4,0.0024743085766480905,0.0020864898648931935,0.0024850377234110744,9.225025553208844e-4,0.0020858636390650833,0.002903057567755143,0.0026766008329008354,6.917195777006682e-4,0.002127797080919212,0.0010013724615132533,0.003543104881095815,0.004341289665519383,0.015127577845127173,0.010748843381659145
0.10272469975959984,0.03664541023498488,0.018958502936737617,0.00900797839847299,0.15315667791796658,0.009880498634024733,0.09379087079306289,0.003458832755987963,0.0031755509180719744,0.00336961341447133,0.0034588129916804534,0.002099611424044201,0.00523158432752793,0.02772661786158721,0.025584087260475986,0.15517433547842602,0.0016178209778201162,0.003837361881150201,0.0011476395619561591,0.0017048538787028617,0.004386036390830891,0.0015444542047243796,0.0014975858072151635,0.00944061540675804,0.0087960266161495,0.022570063352298185,0.16747700351652034,0.0017759106612330318,0.008670699872237184,0.023335224415531958,0.002349992211731975,0.002195428479202315,0.001366220126818016,0.01586871751427966,0.0022364916918688814,0.0015856455045666832,0.0024406716583122577,0.0010258947815972106,0.0027328562744754737,0.0016346298769251012,0.0029728966078634966,7.742309114414967e-4,0.0023662638374588323,0.001991415833951865,0.0028632185597006945,9.670275822370313e-4,0.001831186293262904,0.002745241687537828,0.0026501782144949275,6.969360874376354e-4,0.0020320493566873144,0.0011337897207028744,0.0030737743530160353,0.0044071744728647905,0.015704804987500615,0.0091082817238135
0.0996406403817186,0.03310624007857451,0.01757845908685066,0.009590579765433444,0.14610150389353135,0.00934938401841689,0.0967270737990925,0.0034090107191502347,0.0032041545073672527,0.0036046942280349254,0.00338373922791785,0.002183654172801068,0.004914618591430305,0.026877560530891464,0.02599579326401986,0.15674399390238414,0.0015322769357993267,0.003331273351877337,9.924765174006687e-4,0.0017116130585048744,0.004040409675229699,0.0016402067892454263,0.0013978784124128198,0.007716151520699746,0.007923033501182557,0.021064329250027828,0.17757065919087026,0.0021810954020038704,0.011088563333465412,0.02145265380251902,0.0019220144795138634,0.002237143037242039,0.0013632643536652348,0.019186884011555466,0.0018302761580162748,0.0016847265973047151,0.0020448074696032027,9.184254180874948e-4,0.0023485029694728377,0.001625147222940216,0.003348959140442751,6.087202178870942e-4,0.002576149804391013,0.0023614710694331445,0.0031668832799834263,0.001109604320598843,0.002219123702447527,0.0030144730521769747,0.003013867883680875,9.562342515050543e-4,0.0019414731201924586,8.801006961093704e-4,0.0033196793154142324,0.004205284112070362,0.01739038281795161,0.00867268058946007
0.10645951172443266,0.03743969715551063,0.018366665604415293,0.009975142000638195,0.14270987831621815,0.010090794429620395,0.10105584700010932,0.003346886781581762,0.003298192172948584,0.0044147652325439305,0.0038952152950989544,0.0022438995091440556,0.006184681479049015,0.02100854556492438,0.028434527740247708,0.144300693332849,0.002083677480377569,0.0039755000027504725,8.905554507856556e-4,0.0016372968768965507,0.004332841378131218,0.0016753675170953566,0.0012425924292711597,0.007946444659098864,0.00862284141293101,0.020680266310070368,0.18243059628811029,0.0022378709981038915,0.010294960963089057,0.01786134041612897,0.0019531630704814006,0.002200095094102149,0.0011081493534268003,0.017241852053799214,0.0022240521498679776,0.0016079683882457153,0.0023621673392980867,0.0011282603442033044,0.00310068212193868,0.0016199016872602402,0.0034591106951612142,7.197506621045211e-4,0.0028263486478023983,0.0019897027783191594,0.002758343910035198,0.0012295795511825295,0.0018023435853057681,0.002844553998358668,0.002465995305178242,9.701174602002701e-4,0.002062868945896648,0.0010557618322721318,0.0034073484471876603,0.004081454031837222,0.014484868644618206,0.010158464379744112
0.10391505645302195,0.03696396517549307,0.016989802329797833,0.009835061435707613,0.15476616170332752,0.009799513575667348,0.0971294772196574,0.0032240860582065886,0.0030559933341277904,0.0034561893148141705,0.00348451885033391,0.0022413418490000846,0.004905993954209907,0.02467589369505369,0.02392629631457434,0.16856985899537824,0.0013750227672262218,0.0040721074172249865,8.740310517387935e-4,0.0017922952992917654,0.004606649836592789,0.0020764191032620056,9.899717291290526e-4,0.006913804105680443,0.007942886626075162,0.022188782147177163,0.15200033498377272,0.002031137841175145,0.011793754882277817,0.020501964970347945,0.0022327543436364045,0.0024675012710772284,0.0011684454695487629,0.019572777493165716,0.0021138127886222106,0.001366270920468033,0.0025931236255850617,9.052090117937971e-4,0.0027181875047996313,0.0017061892562165674,0.0033093484804445085,7.910397606225006e-4,0.002193939378059074,0.0021132220173249684,0.0028286447174388483,0.0011299113517595446,0.0020739098283610214,0.0029443745272641564,0.002230708784131637,8.193318407510634e-4,0.0020427434211045016,0.001134211625586686,0.0035255526391986323,0.004271935401618429,0.01561418455884924,0.010034296963228313
0.10126291796859321,0.03521590388228302,0.017572863252858475,0.009333975500999696,0.15331969960165362,0.009130783964091388,0.0984234687090852,0.003296315074816333,0.0031113940046084273,0.0037516449129940234,0.0041543312283061785,0.0019087536048166198,0.005463632726391137,0.024779580430383596,0.020081566659233597,0.15842555470059358,0.001436528262701574,0.004208323482159971,9.230240883689753e-4,0.0015700339410480838,0.004281062043543135,0.001578560961946778,0.0014832497872079634,0.007842003516604227,0.007354917275195079,0.021200339344541578,0.1688470310137615,0.002300115746625753,0.009842770658739087,0.022008961646248743,0.0020024944181205465,0.0020997183419665813,0.0015471293351856437,0.01845733043694261,0.0022758802651163365,0.0016002211032472536,0.0022382329538863156,9.481120215459915e-4,0.002990935961892522,0.0016837717493500988,0.0034357452390858523,5.93569949544702e-4,0.0024625981178698743,0.002345033328571281,0.0028343952023538992,8.092186121707769e-4,0.0020306171436790714,0.002782544370068921,0.002607762249278826,7.592918718908379e-4,0.0021495783341875544,0.0011366746307488937,0.0031565629309683275,0.0051521568404034055,0.01718698535200774,0.010604131249515456
0.10366023134333567,0.03514413388723708,0.01713688320631052,0.009670805692640304,0.15287911809471016,0.009777109485682917,0.0912276459152897,0.0033270849310632028,0.002979013044889856,0.00372371883678687,0.004069154648814841,0.0019096804700085527,0.004932545165270193,0.025352574267773816,0.026762834916107984,0.16032091430957818,0.0018360921523523119,0.004243640531046424,8.785903106915269e-4,0.001844772780248985,0.0049115723067221975,0.0016835112492500212,0.0013268868609415164,0.008781859276867747,0.007697619405574238,0.020203164428009922,0.16592884590856527,0.0022846488593344584,0.011980565573058202,0.021236710262480137,0.002137949400634365,0.002323884988484551,0.0013123521567188889,0.02014185853939508,0.0019359038852542656,0.0014690683877281575,0.002291913971637071,8.900317385803529e-4,0.002844673851698613,0.0017617855718870957,0.0034012596218998487,7.713605684807574e-4,0.0022208323477547675,0.001643780584924782,0.002922167503224715,0.0010711310714590111,0.0020377406843578765,0.002855084681999458,0.0024151741296832203,7.695969075149784e-4,0.0021014614144723937,0.0010980662374210895,0.002848325821517545,0.003904800333264713,0.014989486738219667,0.010128380741143956
0.1073567955795478,0.03410592070371793,0.01824416182410125,0.01001399178516592,0.15151943951489494,0.009585424019877945,0.0966341012619963,0.0034518794417405436,0.0034817497404687333,0.0042984429250280875,0.003561932516657511,0.002206884738528707,0.005337796930898778,0.02376767528178784,0.025723225614887574,0.16505452959658673,0.0019620233225006362,0.004153672156227247,9.179752656475442e-4,0.0015596704992331502,0.003962740453741321,0.001707164361037054,8.895593871485104e-4,0.009471048008424205,0.008422153256903347,0.023720318774432553,0.15711594624399713,0.0023184585221799107,0.010124067873117048,0.020414453575077037,0.002079837599051012,0.0024873844323675502,0.0012132078145438042,0.015698896546778893,0.0023281208429796582,0.001541989762908258,0.0025137227004821583,0.0011852649510055123,0.0026987884278408393,0.0015296647538709481,0.003577876539315033,8.243550159475431e-4,0.00218563126896808,0.0021288134150194943,0.002597021639072751,0.0013884087550052528,0.0020489453301340225,0.0029067410802630627,0.0023400534724903835,7.473232202765269e-4,0.0021639338922972563,0.0010537808797735943,0.003466257314131129,0.004146922934931552,0.01434651143510242,0.009717342799889948
0.09285666187373186,0.03608990365138756,0.01850825443073479,0.009348170753386325,0.150639063784377,0.00923375669382171,0.10240177582015217,0.0034859985571233125,0.0032409994158439886,0.00333812066910454,0.0031970144772465185,0.0021915157540220997,0.005601898934023188,0.028874059191885543,0.02670321939181726,0.15615006304171647,0.001503459315166735,0.0034946213062151893,9.512352281228379e-4,0.0015016272449954332,0.004656673964419323,0.001565151271965916,0.0017537035506053921,0.010422892543683612,0.00920229908003244,0.022310901525202115,0.1662941625406761,0.0020803634236990194,0.012100411460321689,0.021722957431973448,0.002290985337350255,0.00226100504544157,0.0010729918878265902,0.017018248727106833,0.0022771378105114295,0.0014237200235917712,0.0022902925378859022,9.590967071405017e-4,0.0025304912635311172,0.0015407984859237558,0.0035890882065886458,7.251880565381963e-4,0.002347409958614202,0.0018809660623667404,0.0023717061033335443,0.0010672956128738654,0.00202289662034068,0.00296477777205311,0.0025485207162431623,8.929275953487908e-4,0.002024422066394769,0.001101080136787106,0.0031720075982279924,0.004057474993869746,0.014137838123668485,0.010010696222987583
0.10080088618407093,0.034944018880534375,0.01786351095545961,0.009309723061626075,0.15476813173723616,0.00989670849845713,0.1040739659020003,0.0033879768346911647,0.0033308975567113456,0.003949930466459757,0.003536671918580146,0.002218895426594431,0.00536396382743847,0.024251332111940124,0.023776252462379403,0.15704568080704884,0.0015684148546769834,0.003960073823636164,0.001065142444278493,0.0015839258184139795,0.004219302557011885,0.0018269131574321453,0.001217900889163894,0.006052537774733861,0.00742785734905035,0.023171606654847018,0.16295009040190625,0.0021769584907589874,0.011204219240772586,0.023173725348613283,0.002147970882228271,0.0023933540437134464,0.0011175990441042447,0.0163579256386702,0.0020241507458509497,0.0014070621946328805,0.002409678830356737,0.0011039606738284461,0.002703925727928133,0.0016727125703480546,0.0032533950676962736,0.0010017068094286129,0.0020612034927984715,0.0021114703515476064,0.002487284372439462,9.562757969072606e-4,0.002127565191928797,0.0030850197330597054,0.0025599353667789836,7.206922774261335e-4,0.001935480340954324,0.0011651019314183218,0.0032264758592316996,0.004095683742147276,0.015979597840915977,0.009777556037135586
0.09585346202026718,0.038224947781063445,0.01750570117238532,0.010202277211272091,0.15464327733228594,0.009041149026275896,0.09676453986073914,0.0033649261362996194,0.003351085924812771,0.0036388147699982117,0.0032321099601368354,0.0021094263857037287,0.005029923389028717,0.024886592117187068,0.025652013703102182,0.16049143452173847,0.0014888352352674169,0.003556800618921973,0.001067424606639398,0.0017227630548442754,0.0045487719214125,0.0015681598813125975,0.0013054145657355701,0.007935959550256484,0.008894393592696025,0.02031648877043548,0.1700429383870318,0.0019822993944031584,0.01026490511746691,0.018623600744107266,0.0021799341576999548,0.002352783600527329,0.00112219952900307,0.020505754295902498,0.002247070375913816,0.0015646404343308891,0.002240155753430036,7.181013602011367e-4,0.0026587222588163872,0.0015294081421448455,0.003546187755934536,6.66550647455781e-4,0.002480000838290941,0.0020783902357287653,0.0029758994705120145,7.385575455210621e-4,0.002030222086714139,0.0026410475910563303,0.002551666968171628,5.75324594489324e-4,0.002016744025710296,0.0010766285941880341,0.0032937674987532127,0.004858748792295319,0.014221519747277622,0.0098195369471035885
0.09681201833977275,0.03585886994308123,0.01773352857345392,0.009959558112221429,0.15360313129991202,0.010268513480503932,0.09983881795348204,0.0032118230036747475,0.0032912813788572993,0.0041369527610271755,0.004009898784037054,0.0021807113851996505,0.0051344289576846685,0.025370875190464392,0.02304858759909582,0.1606092660856502,0.0018299986540209366,0.004332990525622633,0.0010272583092668177,0.001386208917316231,0.0042975662647344115,0.0015102433019275037,0.0013193534255568787,0.009688256976111436,0.007650851843717426,0.02092389492529573,0.1644001263715184,0.002060132367964842,0.011276308481858162,0.019796903738834103,0.002170618830768701,0.002336435606018322,0.0011314138097342462,0.021540486195454442,0.0022774238967124545,0.0015545617053026334,0.0028122103607848975,9.80401363071903e-4,0.0029047381940304176,0.0014262294752974774,0.0035107456798641125,7.318372650006405e-4,0.0026486984407810845,0.002093318290572325,0.0022979197500468487,9.705469739163281e-4,0.0019080568615541436,0.0027492072446884262,0.00228425588687748,6.920030659522038e-4,0.00209165154012195,0.0010320112128267276,0.003544281362932783,0.003797046689207542,0.013853091039913534,0.010092452306704618
0.10369092440592857,0.037500139787410736,0.017651714585133278,0.010080319212257025,0.15529999356050334,0.009051403595006327,0.0943888686796485,0.0032492986106686145,0.0031547432543533125,0.003750893037113855,0.0035954542071602634,0.0018380868205682304,0.004296325767690365,0.02331618381649163,0.024655367990338774,0.15124153214080246,0.001666301944706025,0.00400788032004049,0.0010424846558059365,0.0017549376173006976,0.004417697504161351,0.0016483251112941728,0.0013255836550116564,0.007602327847420602,0.008210299026161307,0.02626001958476178,0.16924076667388793,0.002185529659271136,0.010980031471733827,0.019185175530113417,0.001971208901485123,0.002505978818444779,0.0012190639983917428,0.01809797080951032,0.002148512112946537,0.001599125519202189,0.0025224852889716145,8.654706075759688e-4,0.0028677626685248443,0.0016452759657081737,0.003297153444679808,7.25837492054565e-4,0.0025426665821283727,0.0022270117186982425,0.0028721135177589814,9.166793036127639e-4,0.0018779932804796008,0.003074829197408642,0.0024970285379794076,7.570742365015373e-4,0.0020283698346921066,0.001092755198384044,0.003287601580310405,0.004353568646189768,0.016092822817390336,0.010625029848224497
0.10101777557727114,0.035883899021590164,0.01829657370317862,0.009566865976699387,0.14367171825443767,0.009600208884827672,0.10347525732002628,0.0032240997199490732,0.003271282137737152,0.004283081981968641,0.0029350520008825025,0.002385536956505803,0.005383369053745136,0.02790969727412381,0.028375545324177135,0.15217607399043934,0.001634692975094831,0.0038497736511424615,9.691998278814671e-4,0.0015479793224642201,0.0049143119045177526,0.0015486520526755176,0.001175270163421135,0.007482535581026028,0.008452252389847372,0.02257909129573349,0.17121517438549627,0.001933607642740521,0.008772474725575585,0.020723197335398052,0.002170616082586576,0.002018221398188761,0.0012687035471065644,0.01883078124279365,0.0023789249110570286,0.0015283439871953814,0.002491856143094465,0.0011763599595123035,0.002580008328986123,0.0014600280333606492,0.003514102636220353,6.332062600438667e-4,0.0023310121045680404,0.002119808041447092,0.0028899108083451424,0.001199775772148772,0.001959787830521854,0.0032760849649037665,0.0025067613872940325,8.699044245774944e-4,0.0020540125645523094,9.920406852661128e-4,0.0031305174769234883,0.004114345066685996,0.01378659417474657,0.010464041737299434
