i2_health,age,household_size,cantril_ladder,r1_1,r1_2,week_number,hl_covid_num,vl_num,region_Islands,region_North east,region_North west,region_South,gender_Male,i9_health_Not sure,i9_health_Yes,employment_status_Full time student,employment_status_Not working,employment_status_Other,employment_status_Part time employment,employment_status_Retired,employment_status_Unemployed,i11_health_Not sure,i11_health_Somewhat unwilling,i11_health_Somewhat willing,i11_health_Very unwilling,i11_health_Very willing,WCRex1_Somewhat badly,WCRex1_Somewhat well,WCRex1_Very badly,WCRex1_Very well,WCRex2_A lot of confidence,WCRex2_Don't know,WCRex2_No confidence at all,WCRex2_Not very much confidence,PHQ4_1_Nearly every day,PHQ4_1_Not at all,PHQ4_1_Prefer not to say,PHQ4_1_Several days,PHQ4_2_Nearly every day,PHQ4_2_Not at all,PHQ4_2_Prefer not to say,PHQ4_2_Several days,PHQ4_3_Nearly every day,PHQ4_3_Not at all,PHQ4_3_Prefer not to say,PHQ4_3_Several days,PHQ4_4_Nearly every day,PHQ4_4_Not at all,PHQ4_4_Prefer not to say,PHQ4_4_Several days,d1_comorbidities_Prefer_not_to_say,d1_comorbidities_Yes,vaccination_status_1,vaccination_status_2,vaccination_status_3
0.03401851181890351,0.0705969618774974,0.0566383728201846,0.015890266603953974,0.05983777415386819,0.015759207264784292,0.04540197083889152,0.0020032314240253676,0.004117959009985842,7.664330964331992e-4,0.004166641774602776,0.001409138714804501,0.0020122786755690505,0.0497014610730947,0.004169341637102435,0.1082787900832422,0.0014367813091994374,0.004752993746021247,0.001216012280845362,0.0022207697794997647,0.0028038069779826418,0.0015017492861344028,2.845911135380142e-4,0.0051141631455008125,0.009823604002402536,0.020137568309149725,0.2918656621670407,4.3432453964924156e-4,0.0071003794644464435,0.012583516221119657,0.0024698110131009888,0.009113690132029546,0.003250765955639163,0.0031436878955574997,0.003255926143622852,0.007264033614989267,0.014642735946868499,2.0825786302360692e-4,0.012848941467511105,0.0013025063394365034,0.012922156377977974,2.664964395155748e-4,0.006740889331124019,0.003675793279689639,0.003114480561504332,0,0.00619598250541828,0.011047584820524243,0.004260899020469233,0,0.005689465873800638,5.248986474977927e-4,0.007714778462642566,0.014327693034967528,0.028364282273137427,0.0016099797904782242
0.031079951033662026,0.06560340585906263,0.05986558645136616,0.017678226061198152,0.060247494653758726,0.015416001837928248,0.05590374894157313,0.0031015395018910725,0.004166425566969887,0.001510062867077465,0.0033737277683241066,0.0021810549773245,0.0029655951128239252,0.04549399893418069,0.002911099552434239,0.1050465830166252,0.0016504404294247206,0.004608910932773248,4.0885785148640617e-4,0.0030006354699761762,8.82514882317125e-4,0.0012513101795570325,0.0011186521316894702,0.0011213289780091788,0.009687354372480514,0.011854655281825473,0.30640553383170693,1.637990062963149e-4,0.011403816816402863,0.011311291218464813,0.0026658584468992005,0.007494047745061846,0.003401654147383165,0.0022539613772995944,0.0019091659729905846,0.006643785083363532,0.01963232658898087,1.080480662827824e-4,0.011868074348165713,0.00413474223839891,0.012792020179339026,0,0.005133665553280905,0.004535629946225106,0.0018189738503469508,2.9189517329918866e-4,0.00746185275294725,0.010064757583213183,0.005565320481211387,0,0.007560093510519722,8.737442747466669e-4,0.00815483203189392,0.010573443435015461,0.022915083881764088,7.33419812760536e-4
0.03520757032560265,0.06638918112103646,0.05509825110408809,0.017269811483768095,0.055009751347808125,0.015140941652031586,0.0476791380788397,0.005788206829882763,0.0029156704504551953,0.0010030750848474769,0.0031574935306390786,0.0034525045546261288,0.0023924994066513014,0.050395774671551284,0.0040456092985860824,0.10218798080610321,5.888645289781574e-4,0.004669793891368626,0.0015358994990576343,0.0015140721768377866,0.0025863748758228546,0.0011851337424256191,2.1037954698475934e-4,0.0019432711839071685,0.013148901366318841,0.017960894426269473,0.30312254745114425,5.90490097418161e-4,0.010244182760703291,0.01170381597866457,0.0024296119433357436,0.009809888416585743,0.0034275265910056916,0.004301125030104897,0.0024045263141167453,0.0070184663430979686,0.015245186534704039,0,0.010716066738956833,0.0026107139021596553,0.01201916100529566,5.570223143923967e-4,0.006307298417328505,0.004231680036164715,0.0016399951749650624,4.116865601195498e-4,0.005992902122652599,0.011059900128491664,0.002948667111128695,4.080605853443419e-4,0.007290002624633494,8.930669059324044e-4,0.007343224028992661,0.011942087004587269,0.027977003663831296,0.0028770492296539226
0.031194289817111323,0.07083989666913768,0.05700798690251522,0.01397129990978592,0.06485593876242547,0.01316212664958414,0.049234180721618184,0.0032068413945452404,0.0018075984864103485,0.0015288824242108085,0.004076065006752871,0.001828017907740078,0.003955732325646097,0.05178335889618223,0.003416226774965222,0.12451956320293342,0.0011013098996257944,0.005352525315524461,0.0010783291022946387,0.0012277003771298755,0.00206933581880359,0.0018987672970957152,0.0012712189630096828,0.004187809098378721,0.010056526946149457,0.017454369842612276,0.264085247783815,0.0010843667366202054,0.012523315193219866,0.01188378877619929,0.002139182219193439,0.00873928488283165,0.003185342056406702,0.004826138930422556,0.0024267651754259546,0.006538387694743095,0.01968335438241541,4.932289519651445e-4,0.01318558805180514,0.002033919893821764,0.011231659478560363,0,0.007333809515857749,0.005915197539714723,0.001464525317757241,0.0012266442470349169,0.006956728935492959,0.01125021764616633,0.004836506766099492,0,0.004540439655386861,0.001018335385321766,0.007572073099592801,0.012077571205034054,0.028598074661878796,0.0010644073050283171
0.03068794213821009,0.07314388662070175,0.053990606372104455,0.016495509683547092,0.06116732536520285,0.01846642919012964,0.04728764042260909,0.002646259494506718,0.002816835211842889,6.628309914462293e-4,0.0028876210613752525,0.0017185499773860488,0.0019366279686050822,0.05276229367111258,0.003405725081623234,0.1628446207883284,6.132146409422139e-4,0.005772368386794467,8.222450883470792e-4,5.463754652588957e-4,0.003201235100687006,0.0015087079698665041,9.845016898813337e-4,0.004854041667540378,0.011246997558787412,0.013704814066632176,0.22821780182143453,6.324843670068964e-4,0.010250895987837879,0.013794550401327687,0.002228702843596956,0.009888329178451732,0.0032053578624114797,0.006774875672368738,0.002528477886360379,0.0052517038523643474,0.01772814161967492,3.227477247921661e-4,0.015114342939797132,0.0037221953673503504,0.012232146588810597,5.467755668939385e-4,0.005602170170972597,0.003924807380464533,0.0010268885002537708,7.176616100086373e-4,0.008523861538992627,0.010064231255902436,0.0042845699577835576,0,0.006561861698154119,2.2411391278773837e-4,0.009557222645685794,0.013601541281728314,0.026505467033409114,7.908676599081819e-4
0.036142900539909574,0.06004763162536992,0.054397284220833377,0.01819400205871689,0.05799890882577517,0.018884369226880644,0.04869856581690218,0.00376096383087557,0.004434558376899773,1.9056565041134272e-4,0.0037380273465235027,0.00375399307053042,0.0024868928955958584,0.040557736109017764,0.004217498900999774,0.14169893712978748,0.0013442221387931078,0.005104499638588092,0.001800503071365784,5.773736546873948e-4,0.0032203518916283074,0.0018855845138354805,5.647444555995771e-4,9.457675369420056e-4,0.013777125176492835,0.009644986379559878,0.27321134767712585,8.827673169925278e-4,0.007806919428332453,0.011375678618352014,0.0025756281927280795,0.010138978678463731,0.004160373615786142,0.004204416520362486,0.0018516906859129875,0.005050507499813139,0.021916674615132033,2.4505022346687973e-4,0.010871844762919499,0.0014385077407367357,0.011621891823390256,0,0.0077950757971608714,0.004725531729298922,0.0013516942162562866,7.657197506491834e-4,0.008617601792300337,0.012466964427589542,0.0048463520063769154,0,0.005685508270126172,6.394950583147231e-4,0.009363722267908521,0.012011539897502,0.025206054052724317,0.001104469251755722
0.03460644044089409,0.061751311096721634,0.05854184613334744,0.016835525011397654,0.05812976933055775,0.01570918839605969,0.05178235836333646,0.002747855028187256,0.0031615562320787154,4.901408866863873e-4,0.0026884662895515672,0.0021638660670099757,0.002529999052138169,0.04578829382980915,0.0035592313710974314,0.17336785920468786,8.78563113055376e-4,0.004848372397446065,0.0013642209812059602,0.0023571025112139976,0.004080769699512031,3.3022318596003804e-4,7.389078337153198e-4,0.005648837839789764,0.010973676306013841,0.01885646303864693,0.23339461728210617,9.831073703799398e-4,0.010590650229092889,0.011865854483031903,0.0023374318521258695,0.009359154825330143,0.002300448747487746,0.0019136045350342606,0.0018363755904069314,0.005288508973465818,0.01855894525447938,5.710172008308433e-4,0.013119613923764513,0.0014206786613682524,0.011746236032693607,2.0321580624466272e-4,0.006577442475210654,0.003914160972838731,2.6871134149101074e-4,9.495228209618681e-4,0.006648905249037159,0.00920331291008793,0.004642136892988665,0,0.005626344075802159,8.25454032681763e-4,0.008480443092034494,0.011692046736915073,0.030199776006642382,0.001551438985344608
0.030097782979612686,0.0690308179246382,0.058325286774930624,0.016258540040068072,0.05597790666041718,0.01245493768951231,0.05414282658824137,0.0015989900237379394,0.002698697737178894,0.0010868892058797897,0.004066679462247781,0.0021982811016833456,0.002894164411308519,0.05039665241719444,0.003794379940901936,0.13323820756935406,0.0011695999097610064,0.004576501120419757,5.672807440308535e-4,0.00127910884870283,9.994556501009108e-4,0.0010317600746041526,1.5003826641339472e-4,6.462634188760884e-4,0.011084273270658416,0.01441200778091048,0.27985066023291816,1.1676435999545193e-4,0.0071105176201939155,0.011850314107901334,0.002115832904022119,0.00903567156576809,0.003662699905164653,0.004883592038670713,0.0020468002093418625,0.006064473613723463,0.016231656148651564,6.902068810002676e-4,0.015609506236995134,0.0017990543423215125,0.011987049676686366,7.074848867157938e-4,0.007306229963080433,0.005003886559259959,0.0013449523696678206,0,0.00751133964443203,0.011909049507364034,0.006399516980780604,0,0.004710225382381586,5.2165025850666e-4,0.008444716840106323,0.011899035623941456,0.025844487020651202,0.0011652955083724375
0.037955598786794574,0.06740170767140255,0.059343959848911935,0.018083154585386396,0.06043931025114993,0.017403793283129607,0.04927749357879668,0.0025011789201603825,0.002070848204986011,5.336421155651929e-4,0.002915120878132735,0.003007308805203843,0.00205250481909388,0.04826358770965901,0.0037718705445827666,0.13180604944071306,0.0010413561202931552,0.003601186433749336,5.974824578620671e-4,0.00275969622398976,0.001411857264549646,7.528823886181367e-4,0.0011014378241844109,0.0014628327867735032,0.00924467364982735,0.013986431497320415,0.26915970424577745,8.318699069704635e-4,0.007475373290883134,0.012428282990200585,0.002148535922603251,0.009088934997277406,0.0034122535011303725,0.0024777933305313903,0.002250543933380242,0.004918486541593293,0.017845773612640885,8.850773699753475e-4,0.014364242219151602,0.002666239314967704,0.013878049637893412,2.4939445951066585e-4,0.007283688884560148,0.004921387722810652,0.0019363388525693115,1.0648024502707378e-4,0.006374748718015465,0.01216545401884098,0.004746598618289606,0,0.005422649037488883,0.0010666546392592295,0.008961774301337287,0.012604385510409415,0.02553397310969848,0.0020083449763698986
0.029371692274440173,0.06759123763962051,0.05604205293557849,0.01897324345929703,0.06209024592067721,0.017910536320684588,0.048656665947049475,0.0028541129217077273,0.005197803194476092,0.00111758460738754,0.002244355763300982,0.0023886352362708376,0.002231519363020059,0.042014694093484996,0.004528918437638001,0.14188898713941003,6.880854313189873e-4,0.004916178741710419,0.0016430246738209663,0.0011175929383261541,0.002987810526514058,0.00150798263565071,7.402744836872403e-4,0.002008397237968661,0.010038902616753546,0.0145038119762533,0.26766192934076505,4.1629908528501995e-4,0.007753175862615573,0.010741343944008531,0.0020864281864365784,0.008907183783945297,0.003119648530725403,0.0031784701360330556,0.0020477935711935894,0.008040142023156456,0.02031317541444485,9.581095868206163e-5,0.0141788657420519,0.0031987305284217247,0.009012240972759109,1.1230925680492143e-4,0.005977647047234883,0.005000913844157717,8.949085252927557e-4,2.7004523615373037e-4,0.007863343294207422,0.010716878904385238,0.005899994143251646,0,0.007626170928602966,0,0.008269564364244697,0.014703732887585225,0.025772443991524334,8.864629799825092e-4
0.035503370651117236,0.06562584303032898,0.057587169115622554,0.018511826874118464,0.06041246422441926,0.01579845312710276,0.043321738999257745,0.0026309449687975284,0.003208391499538304,5.6797540182542e-4,0.0021152646406196684,0.0032291456235437337,7.121626405546793e-4,0.042187685958999056,0.004825975573894726,0.15261880516026574,0.0017632029145392436,0.004778675592975301,0.001421304863689787,0.002504188479428668,0.0030760982563694896,5.604653289887569e-4,7.394453486648619e-4,3.181813770235732e-4,0.014513551010300376,0.010490599136364782,0.2707293670710912,0.0011342539945384308,0.008483498532399023,0.0132106421241788,0.0014115944093034708,0.007594331225612729,0.004165928244455582,0.0031110496081006365,0.002879636627138449,0.007321030692611091,0.018894225010900403,6.256774792655375e-4,0.01045681440447366,0.001260236052678474,0.010396724327877376,3.216484599738343e-4,0.0048104019562821825,0.0024806454084001376,0.0018909915267892416,0,0.007835024270692794,0.010204188879619283,0.004173951496655124,0,0.006657607602526544,4.8617632932693703e-4,0.009119041194064923,0.01345243284527963,0.02712595246971327,7.439979577005247e-4
0.03771607574310536,0.06852813894413565,0.059865933506167736,0.015173642741131563,0.062290584704010055,0.016901837389213262,0.051596736912234986,0.0027817855412955637,0.0037413450983771017,6.416936905655268e-4,0.003998423252837974,0.0019345947520327683,0.0029207654685681973,0.046648865231794824,0.005601774855697165,0.12417472241852485,5.423589346813839e-4,0.005018433235905737,9.010879061444072e-4,0.0020901494609965898,0.002149013840741113,9.405222596250766e-4,2.3046328282769896e-4,0.0035366615738768614,0.012833313286353695,0.011632559524172505,0.27259097758330186,6.940258768716193e-4,0.011018012788975497,0.01336568281716078,0.0020188295482364642,0.008195170262525246,0.004361933849970305,0.0024704010551175448,0.003170480014349456,0.006351647039983236,0.019506060728990884,3.057862657551566e-4,0.015737051172046792,0.0024183338873597416,0.010672253353268516,8.503364589339706e-4,0.004821459075004097,0.0049137257286171795,0.0021359889751645924,0,0.0062169065061392255,0.009376269969128647,0.003174366877779034,0,0.005236884400592914,7.107259410848894e-4,0.007846098264341649,0.01096604250486253,0.0242561127185381,0.0022269527808824194
0.029985035338037244,0.0691342113337259,0.05672551581141282,0.019682597644415663,0.06035508543264994,0.015063621904225487,0.04902854581384774,0.003180754974429556,0.0035453820565848494,0.0017367833805744261,0.0030276470814275327,0.0024277526945530874,0.0027051059603827787,0.04787251115476391,0.002425239179324525,0.14410259542303736,0.0010022010690063506,0.0024131127197412052,0.002496085090953489,0.0017367494141524186,0.0034960715268986136,0.001245686795339875,6.341913111067146e-4,0.0018731678386620153,0.01268130019296078,0.01977607860089985,0.256133880661725,2.5129188608736223e-4,0.008252696415737905,0.015300047866169043,0.002109294471511629,0.009251828551476876,0.0030859129029687333,0.002425920742397704,0.0017697406423071195,0.006575133715397037,0.016531441501742798,0,0.012186011659631225,0.0013742799819161675,0.010654536305712033,4.81144647049626e-4,0.00474326424143526,0.005402313386868973,0.0013715970815041721,6.094977223071869e-4,0.007352850366160183,0.01053280869391568,0.005569748182595822,0,0.005034706421572421,1.7084727588918683e-4,0.010305424951051832,0.013495809629583846,0.029903866315677603,7.71074036493458e-4
0.03211759767369215,0.0694480561638649,0.050670832313736466,0.01667289247283753,0.05615065659427126,0.017268892921958687,0.0528639931646317,0.0023848405729299496,0.0049340664275985616,8.216194594127108e-4,0.0028132322648588715,0.0019180489502563722,0.0034527156525614986,0.04214370859717823,0.00448801301630594,0.1282095106741984,9.302890439927771e-4,0.004908843528052427,7.719064325824394e-4,0.0012593197636367596,0.002518273536259284,0.002230778676227612,2.2939226250000855e-4,2.446432898169062e-4,0.011408242008704066,0.010800646350127594,0.2965468306673141,0.0012034818625074944,0.007039199779030464,0.011092219944071766,0.0024304630123447935,0.00849667037417695,0.0029337783255851766,0.0019599609045830337,0.0029348446892867395,0.006636069595200074,0.020423183655883248,3.819331854408434e-4,0.013185217114752786,0.0019753878435279175,0.009767703656517305,1.6535805921234073e-4,0.0049513215153665574,0.0046695188203317315,0.0020580469479601175,8.04270898307335e-4,0.005852683553038498,0.011134787792227145,0.005111724923245223,7.217486453887092e-5,0.00578577515751689,3.7607738565833025e-4,0.008841452423629296,0.014726740560494873,0.025720649131743406,0.0010614615443136162
0.03418017242418383,0.06212769969866261,0.05758716118678927,0.017637030628090595,0.06312073721609035,0.0163425971335447,0.050093995451944526,0.0038292358892862313,0.0041714321518646034,7.632405580859595e-4,0.0035686041239027144,0.0022697452850728005,0.0014995544473738688,0.0420331158536055,0.004764953609551595,0.12988337675906442,6.549208550198929e-4,0.005789376170066371,6.782920636068724e-4,0.0011300813753986549,0.002423166388990673,0.0017702933942791016,8.357351060995627e-4,0.0010065667427411175,0.012344467668523039,0.012272694482290396,0.28488298393821065,0.0013575108837696576,0.008186869790413649,0.011825622881055318,6.408462400680839e-4,0.009215791646349857,0.003211810628273371,0.004184350152990398,0.003786239164860516,0.005615262275319725,0.019215858552894594,7.492908061350315e-5,0.014162425614585923,0.0023012588408071765,0.010662343532399062,6.947875073702554e-4,0.004897992607602145,0.004698513472722568,0.0024288421387871815,0,0.007511617445472621,0.010744563669556109,0.0035175744571754263,0,0.005734494054909237,4.4344636091111193e-4,0.00808332647407353,0.012453588884679062,0.024834364757985995,0.00185453828201403
0.029058947904805708,0.06316331068957069,0.06109650770878759,0.016134615571273072,0.061872075043598616,0.01441914700457872,0.0501319246933922,0.002933598136253194,0.003968846997684148,0.0017333282540933032,0.0029475226841817292,0.0023708954154875606,0.0018250918078414116,0.05013432528301839,0.0037517048668414873,0.13188362898276101,0.0012044482392634848,0.004071114371953133,6.780762652637551e-4,7.931958752107228e-4,0.0029883221037186616,7.756789599724491e-4,0.001498510654031184,0.003106852570227786,0.009923116085346228,0.019645304623934892,0.2618019656317893,0.0018945735354054822,0.009762645693608405,0.012089810668897957,0.0051369206636276985,0.00705038192089,0.0027960100565349454,0.0027966767616425955,0.0025158262761629875,0.007367947439252129,0.019363293101404874,0.0011610150525271788,0.013522964480688458,0.0017142982792515858,0.010294992687807664,9.574034254605966e-4,0.0069331131176505805,0.004034942179168414,0.0011116939910559211,7.424001658262335e-4,0.008730710728834358,0.01030636299934916,0.006603145304950885,2.464010090568042e-4,0.005054785753035806,4.516277884717412e-4,0.010218122378563285,0.014381649072635777,0.027881577820163136,9.666512231949123e-4
0.03522048260650425,0.0768303643345183,0.05960703172349543,0.01714365753441874,0.06922979077943053,0.017060833065931886,0.04992138285132477,0.0018852723823384074,0.001952718719690152,0.001414691177518439,0.00182131578901809,0.002466410856327753,0.0030218478647087866,0.05540063494690074,0.004099981366173661,0.1436782273755793,0.0019071594079654243,0.0068029995906493945,3.289542090514099e-4,0.002055515732967537,0.002197947434666359,5.937872077932437e-4,0.0010332145055825842,0.0012844479400677441,0.011449088685906548,0.018034635927337294,0.226715946904729,6.541629561569957e-4,0.010902523069732327,0.00871070333515132,0.0019428165142756182,0.007396039158222642,0.004290412023799156,0.0024061490124831024,0.0026953210471819676,0.003112720527005442,0.018414882793509148,8.140748322240323e-5,0.016969571494579973,0.002378924017206453,0.017347275249496676,2.694275258479702e-4,0.008499430873347494,0.004252804018972563,8.510617794672687e-4,2.2005113641279404e-4,0.006250318073264308,0.010206280562219002,0.004352377443598811,0,0.005188310910408121,1.6446146250820388e-4,0.00769702118558027,0.013682056541463584,0.025957102745799356,0.001948046138491245
0.03188703743467908,0.06254484421541653,0.05946277499266688,0.014859463353987416,0.05688539077055682,0.017082843795787235,0.050129203373212215,0.002444042389047682,0.004549782956986232,9.90438061211789e-4,0.003204843334563526,0.0025992582030372334,0.002883437916095967,0.04026897102415964,0.006374696421028376,0.11790639002383327,0.0016385161468477087,0.004432923612806068,0.0014276636557590979,0.0037314747625742353,0.0030288169334689186,0.0012497725662569531,0.00030234940809687833,0.001281685570896642,0.011856361678022889,0.014794808825025846,0.3002510217658849,8.38287550861243e-4,0.008293956842876388,0.011359320930825333,0.0022351527582197893,0.00862555482998782,0.0040119087176156,0.005500904171564039,0.0019327696071533983,0.005688289898203895,0.01794800568957571,2.584207338946996e-4,0.014052668376133762,0.00315312580243287,0.010328028727896732,2.8183702808990974e-4,0.005554264438347216,0.0046825062266211675,8.285027818660117e-4,0,0.009299957392348634,0.009930915160458112,0.004514123617526278,3.446413175565278e-4,0.0051036000284480345,2.756574790860332e-4,0.008187785425668602,0.015228117005013446,0.023100188211045068,3.726960587736612e-4
0.03203990655369707,0.07491683871406925,0.05992005953349879,0.01683996872436692,0.055373746355693414,0.016687341088640426,0.0441940375304546,0.004647779827861206,0.0030103117034814605,6.56837024585336e-4,0.002621249771618579,3.2539523665552647e-4,0.003299800780657442,0.043648774088405895,0.003583225972047755,0.12331038606411188,0.0013062101735048992,0.004223994816920881,9.446879904353314e-4,0.0012232838097620444,0.0015513022597787752,0.0016234048177607436,5.56912005614487e-4,6.766513404637718e-4,0.012268033314047482,0.014624978544591645,0.288838854179833,8.541488681016081e-4,0.005378101495583038,0.013364444808589119,0.0014149105607792851,0.008107789812119801,0.0031749640160536824,0.003546936856717983,0.0031237733792451204,0.00670892895611296,0.016571106803397694,5.156996039439677e-4,0.015284243769285092,0.001147209709944412,0.011823498892977995,0,0.006532520651621496,0.004802164179465277,2.1466398877620802e-4,1.2202760439508799e-4,0.0073505722814683795,0.010976759102958469,0.005087175022476066,0,0.007949887923218409,3.4556673470278635e-4,0.010574441515855772,0.014138508291108364,0.027366715700657896,6.092672478853836e-4
0.026751788550129024,0.07123864514253625,0.060006578358070696,0.01706016648584092,0.05865443400399494,0.017009063214875903,0.0487556012710216,0.001774188816988753,0.0030014020018185026,7.560539502558612e-4,0.0028145944475420426,0.0018999465453876517,0.0021064075389001288,0.050190666688658125,0.0027982896325664574,0.13341422654903784,0.0011705215082009105,0.0031908044467907144,0.0012069993493104504,0.002439276843581736,0.0032822433985776425,0.0018737119727327183,0.0016083588650429453,0.0030726576687585857,0.013113909745395409,0.017201840438189762,0.26047349476232023,7.312350236132617e-4,0.01097727462713066,0.01406318023988968,0.0015989554582480556,0.008919919743948538,0.00465586250799336,0.00120773076171961,0.0032190867036318346,0.006842164226486022,0.01621682362772822,1.053275509982105e-4,0.012615720493351693,0.0012484241446953832,0.01405963591095257,0,0.008969497059554372,0.006824500301152109,0.0017440693486753646,0,0.00669270943497562,0.011087046913450884,0.004218492768086158,1.0263536458384239e-4,0.0059617569768992814,7.880290055382339e-4,0.007537111533377544,0.012425974437864204,0.028642936050917455,0.0016780275880120448
0.029896002044360024,0.06968083038001979,0.061259116874390084,0.015124810391054394,0.06191447980179889,0.017769552289617952,0.051428654875898115,0.0027384968240483946,0.0031198177099802135,3.959651472763616e-4,0.00420616941350621,0.002200899114067322,0.002986843283827197,0.04781864936533523,0.003707491406203579,0.15320271626293694,5.698235633890032e-4,0.0038054819391844675,0.001432851708616458,0.0028719017293661643,0.0029672175940072274,6.802445779131328e-4,0,8.997142850547431e-4,0.01037495574051303,0.01754242388560311,0.24044190187512768,0.0013497333942373928,0.008135393312093332,0.014905766132530576,0.0025060611364655827,0.008717029447594237,0.0035121287018571373,0.0040507569391664364,0.0019927617596332357,0.005920071563362795,0.017903373430304584,8.237755220815248e-4,0.016379272799912387,0.0030353397913694033,0.01043385361043678,7.513541288487762e-4,0.007551468673385688,0.004650291873804336,0.002204977361532561,5.563298277007821e-4,0.0070263731726343155,0.011798943738428344,0.003103945373423933,0,0.0056376921533566925,6.728946096635713e-4,0.00768054866486808,0.013496294145273773,0.02495788872615063,0.0012086679267874047
0.03207886251382683,0.06976549519717214,0.0552254180138819,0.01477919133805406,0.058200072371759816,0.01673390547869429,0.05196592564761623,0.003166324082261412,0.003167781204160513,1.9126148777403153e-4,0.002297818077896129,0.0025444070875538104,0.003453592506819881,0.04234339577948685,0.004058892898421758,0.12192682134257915,4.365815213227182e-4,0.004844210775988297,3.8213219169509207e-4,0.0017220874489570557,0.001198801930352348,5.160730471549889e-4,4.8351657933019257e-4,6.730270114628992e-4,0.011046021574247776,0.013079806457298797,0.29102202290062795,9.213708830981357e-4,0.0071551560334949344,0.014105133063228515,0.001849282461593978,0.0064422941062628625,0.0051495901430613986,0.0022637665375902618,0.0018170862705421443,0.005519705872253047,0.020148237121638685,2.885292240933395e-4,0.016392514900253497,0.0010801960422968304,0.012606358229394328,8.073840263506353e-4,0.008942153187941972,0.0035945767196205415,0.0018717983783450728,1.611148960018478e-4,0.006359124475438689,0.01155821841775639,0.005823834279875311,0,0.006868084072276112,1.8477037343010916e-4,0.008225823942159902,0.013351824499702448,0.026778228377844337,0.002430396998057764
0.03685516243361316,0.06888649118077804,0.054772288091352234,0.01414130998334424,0.05588223716936351,0.018541815853244617,0.05240463007465479,0.005287044112521501,0.003365452775934827,0.0013628585586352034,0.003035558693251802,0.002641813548760673,0.0019660832551122542,0.04247906791921931,0.0030990026968374736,0.16412466729990183,0.0011831463330505406,0.00420839258145827,3.730959791240759e-4,0.0021499241653658453,0.0017554315346305052,0.001838937141190933,0.0010181124223006654,0.0014486534697348672,0.01241449987210782,0.009364676858151923,0.255178579611664,2.500384125665104e-4,0.00816049039054499,0.010370999373445865,0.0029265971663454825,0.007690442295962215,0.0022073434798526802,0.004217708984394937,0.002735497884950207,0.006536816552904364,0.016775166794593906,3.756019170930021e-4,0.016085458258031232,0.002817445754737637,0.012231088988166309,2.575339406041279e-4,0.006462385843229081,0.005462461191639012,0.002032399634344602,4.931517186980265e-4,0.005594005581024062,0.009479804748611032,0.0049662199237734015,0,0.004869327786865634,0,0.0075433219032881565,0.013546540159035317,0.025471565935670355,6.616517643229426e-4
0.03126071032377964,0.06548214052150317,0.06830863537572494,0.020335991266384888,0.07463160931704584,0.014326332089986541,0.053057657783834075,0.0018895119364089649,0.004630596653730046,0.0010398397710173171,0.003408157892282067,0.003495285420222325,0.003209594002254567,0.05038281503444387,0.005179269582454117,0.12145438532377495,0.0010804297475074211,0.004165466416335324,6.897607432271e-4,0.00234904750905069,0.0026373117417120705,8.40453401638979e-4,4.105069749354685e-4,0.00908038775074149,0.011034655551102012,0.02498696329471629,0.24123031165113007,0.0011986129223765698,0.006177910697132528,0.009881937089325148,0.002012012620166709,0.010347788491056022,0.003989564596585833,0.0039482632713567665,0.0019747596082526995,0.005531378746518542,0.020402684977432466,7.158953912745784e-4,0.012086802727121456,0.002119918977599765,0.011859727122181895,1.1512987541072808e-4,0.006482325987268509,0.0042251213287903015,0.002479891901712667,0.0010710353184119191,0.006828679826690281,0.010814113749203018,0.0029446369615348557,0,0.00564161534928935,5.623595379544979e-4,0.007311664522552599,0.012086443498828854,0.02530440557466916,0.0012874922523580432
0.034630638791309155,0.06972467765002473,0.054591317056868725,0.017829727971264416,0.05892864726458153,0.016221096012350347,0.04956321932077683,0.004311544499808399,0.004836644688258711,0.0013999479234157552,9.084360118682579e-4,0.0013284625161718395,0.0028497517563171194,0.04273699131999317,0.004345269928695309,0.13656354953858585,5.814602342905179e-4,0.003291419504535693,0.0017323985449031133,0.002988300568398401,0.0016498018408822844,0.0017347314337612654,0.0010935013635087671,6.00055194749073e-4,0.011379012002375665,0.011690515992044563,0.2894401760080741,6.03357510374414e-4,0.006326701068012488,0.00900893310981712,0.0033932669677243024,0.0067082793372709795,0.0017115406618240523,0.003455814173922765,0.0024376750168111764,0.007994439233408188,0.015269851160815634,2.5835297113717116e-4,0.009136882916438167,0.0017311762636712444,0.012528159733402763,1.3067491497199067e-4,0.007307830411942804,0.005729363037353796,0.0013538848309003469,0,0.009103691341860887,0.008359652779870897,0.0028255147252641585,8.987413611695207e-5,0.005142114671564006,4.882050563446937e-4,0.00964365864650199,0.010076114230175228,0.030864016998900293,0.001369679155787923
0.03336270794653553,0.0640766283511323,0.05503703984205767,0.014224740713114402,0.05629712557727303,0.01769414923245423,0.0493912025511005,0.0032780321001221044,0.0028212384644343692,0.0010009135640069006,0.0031986627606193484,0.003293196404331137,0.0024946454539734875,0.043698792071539,0.003978991790067156,0.12239811469724803,3.9293156288109564e-4,0.0035733679340239953,2.1490252869001903e-4,0.001091941058644707,0.0024718801179660238,0.0013533203666145108,5.720889101404284e-4,6.172477974136568e-4,0.01116438209983529,0.012388251890127926,0.29814742562473423,0.0020313723967056675,0.007330081155931361,0.01704840024693642,0.0021777047708119593,0.00946789436235804,0.004124790840748908,0.00248058957771131,0.002190292052658761,0.005345124654285459,0.01959878280248345,4.534543875765225e-4,0.012644421408004845,0.0014132063088542813,0.0128107825679285,2.951824782816485e-4,0.00703195626618174,0.005961421317296826,0.0019573523782880978,1.3368133139971705e-4,0.005357739864673554,0.009393045871691541,0.003191716150400506,1.4000798385892677e-4,0.006493793830862966,6.32864655705809e-4,0.009277843543424272,0.014452583093556513,0.026797348680892192,0.0015326436094091267
0.03527293161935984,0.07661691823012999,0.05376784738258411,0.012976392787304615,0.05196374753270795,0.01670327561281167,0.05305220820624849,0.0031113882591915455,0.003377006744583695,9.435501272750568e-4,0.00318214507914588,0.0034672589995542145,0.004026471720976617,0.04940897053895571,0.00478244962316194,0.15459699221401982,4.2267016946072946e-4,0.005474355675270819,3.165239149842683e-4,0.0018949818223663979,0.0012520612178377863,7.798207669206729e-4,1.811329370560035e-4,0.005725859376841636,0.008458210427444225,0.01801332863015464,0.2377998777763304,1.97209388573182e-4,0.008101794799648242,0.013370709061429906,0.004050339047297729,0.007256308140048646,0.004096927371682391,0.005028473031849111,0.002960137786058357,0.005684821363824638,0.016666758280378134,9.787713743689285e-5,0.013403709311550889,0.0014951852553574607,0.012148370353430053,2.2302629205864512e-4,0.0078816782300474009,0.0053996823085758865,0.0019376722267225562,9.165646220238948e-4,0.008590450208912116,0.01083606597252407,0.0056858958782524385,0,0.006252843622394769,4.100877132319253e-4,0.007725272197192016,0.011479669593899176,0.029577525794701284,9.565676182194608e-4
0.03760273629369412,0.06641386083173542,0.059641143119424235,0.01844165658318545,0.0565236117015298,0.014520425605357188,0.05363655214421773,0.0017643238362561621,0.0025685293004816664,0.0014327891279236407,0.001287251476779421,0.00374605422008005,0.003117791963667064,0.04244048540096919,0.004884034906285628,0.15145992495502628,8.177100826123853e-4,0.005919353358191171,8.690085752917366e-4,0.001979563331484422,0.0034416211095227283,0.0027460250956033772,4.5678786984361554e-4,0.0016000542265389216,0.01019756084405746,0.015179159117372503,0.2558992848211089,7.267166652352029e-4,0.009066550094764302,0.009009440621368407,0.0019556142700591595,0.008017382217566387,0.00356740036874786,0.0020895471719910245,0.0034660368133766933,0.004910964269355345,0.01508349336955412,2.8346440702560136e-4,0.014357850443147451,0.002030573828836512,0.012882339683384456,1.566566332381705e-4,0.005964668072957623,0.004684744389784379,0.001975703069117375,7.381832666890121e-4,0.006564655938124043,0.009872183723317768,0.005015116879473956,0,0.00699451191368901,9.716462428028691e-5,0.008774367135447655,0.01344266249211843,0.027736088380557553,0.0019486193585519541
0.032490641745895395,0.06817834864394771,0.053556449813558574,0.01587739727152624,0.0585783718350314,0.014986060404287222,0.048103122330276873,0.003225685931156184,0.003004671522296805,0.0012214860579128058,0.0031648610307318014,0.0021119542734450675,0.0029990325165597308,0.04695900322033145,0.003369297632608972,0.13165512962161038,5.10946056817134e-4,0.0038559912229877862,0.0010640902696785765,0.0026746686202379745,0.0011770416710129093,9.489100127647619e-4,0.0013350477237834106,5.3836340177356e-4,0.011772218133916362,0.013665204918125916,0.28558668507754303,0.0023616645673359003,0.010006540334032641,0.012014629915054144,0.0030467051176616047,0.008984032014638658,0.0028678769823996487,0.0027653763051996984,0.0021007710973488915,0.004259164439390848,0.01798611279350511,7.022018302894148e-4,0.013772752272295553,0.0025029726434726714,0.012133136024011797,1.865298665192261e-4,0.007399923832290787,0.0039114486203765736,0.0019394469273348823,6.85822325651928e-4,0.008570864539419307,0.011729910345484752,0.0033776790174083835,8.81045463176672e-5,0.004833387944879394,9.301890495487696e-4,0.009881164825592483,0.013379593940842998,0.024180989260557895,7.90327661320312e-4
0.03333995565631902,0.06633566583780416,0.05469809501167628,0.014458773101140389,0.05990558127428887,0.017414483450132485,0.04670601793334371,0.0031712223521717796,0.00304530238301773,9.803741567026363e-4,0.0030973101884032997,0.001741914912743832,0.002969665504459213,0.04089980186272201,0.00493368979198339,0.12802850289337087,0.0015182349422408622,0.00383162862011186,7.20481239685023e-4,0.0021213612054580937,0.002925956787741588,8.900269163633728e-4,8.458723756322557e-4,0.001682179071597116,0.01121825163090165,0.014691942092234907,0.29398532795648713,1.3783510647550655e-4,0.007314736706121246,0.01229448372853994,0.002720632890158569,0.007436082302361291,0.005284744881083138,0.0031786234999035285,0.0029564725919223886,0.0042467068521957595,0.018689720678006397,9.623394226103241e-5,0.012447377166071449,0.002825542551703846,0.010946538914137133,0,0.006492287797155523,0.005763034356446393,0.002127671048316061,4.008939575132234e-4,0.0066788215254995386,0.0111712749492223,0.00440734537355155,0,0.005020048186006633,3.748716051547962e-4,0.011649010648574955,0.011347658558257982,0.02571105495439259,0.0021226760802336747
0.031123253345272,0.06690468003120258,0.061644195558069236,0.016344417016048385,0.05782417415888259,0.015874006673837253,0.046526928105676706,0.003650732880598853,0.00402991231405829,3.3886672777674794e-4,0.0031340105726206094,0.0021055979379788698,0.0024987616330441535,0.0468304037046203,0.0070339716443389,0.11955475810460682,0.0012243192879075326,0.004607252088214823,7.116622809497802e-4,0.0014623337596229634,0.0027190040067365745,0.0011245830745055128,1.1764239129278922e-4,0.0013566939567069179,0.011644220441465916,0.016155306991615628,0.26587671116465833,4.1031280867695995e-4,0.009551126877878267,0.012210115085723472,0.0025315770091746187,0.008001400659841838,0.004579359713875365,0.00337295456215672,0.003091314538331542,0.007006700316490375,0.0210072851398719,0.0014506744325219934,0.015271489437828056,0.003346319556171702,0.01330716498513566,3.372237702601245e-4,0.005723060601129559,0.006524788758683948,0.00117073328091678,8.22040812225741e-4,0.007589180367513488,0.010998264605668032,0.006414635539153459,0.00030096656200060247,0.006599260075824614,5.685746741771272e-4,0.009556559438739478,0.013313568786103836,0.03158363757129912,9.41310180316551e-4
0.03058827199585363,0.07021574596919523,0.06537173719495434,0.017779268114466347,0.060654933060584004,0.01599868359612903,0.05065053981155361,0.0029396864637999866,0.0028118685864679284,1.7398101820000633e-4,0.0027295646587153326,0.003142155496811026,0.0018762852914471105,0.05041151157899639,0.00354967841828186,0.14986988925688546,0.0011643479458868116,0.005361860732752935,0.0010412970965900383,0.00112806109658004,0.0026285555277627205,0.0024184254083555764,9.8723998402948e-5,0.005410026726495329,0.007577566554865675,0.020402101590664513,0.23170184932496668,6.380623992991964e-4,0.0064116769762912005,0.017167283643835286,0.0019835360067642018,0.009245040333510292,0.004369240736027015,0.0018906937876110805,0.002185353826083988,0.005835158708865994,0.01719683229654236,4.982891441827381e-4,0.012679830769489333,0.00379094005762906,0.014066532124756576,8.312566370389363e-4,0.006466070622290118,0.0026615213670132336,0.002296486655869712,0,0.008823448454829071,0.013009108500851263,0.004712056880939896,1.0844992291388719e-4,0.005431464195834735,6.055253094354717e-4,0.009512157493399016,0.014531255113133874,0.02516247637026581,1.9363514963206254e-4
0.032474244605288693,0.06617361625329117,0.05620710754652103,0.01614077195672454,0.057154012100321276,0.015791510170045136,0.0470941660502613,0.001983951755071464,0.004310223977884652,5.366405343660598e-4,0.001954527730069842,0.0013608539091406573,0.003666953166315103,0.045256705570027825,0.002948738479480576,0.12694929038395475,0.0011120767873307074,0.003055245383356679,6.416549747803405e-4,0.0024591506604658693,0.0019915032070417114,7.870660196981552e-4,0.0013536728054103439,0.003741055911679215,0.013281941932237787,0.016707075844369305,0.28617985442415295,0.0012977308192694825,0.008768063171891383,0.014170357713772636,0.002532365254827465,0.009264606918341368,0.0032807122505394315,0.0022110200788036,0.002368576834057927,0.005557549545732504,0.017786720511610586,4.646008969012643e-4,0.015563283438104888,0.002145392316367376,0.012697925241253204,0,0.00478611039569735,0.004595164549631917,0.003376594439762719,7.861662275491145e-4,0.006401659580109209,0.010306064972856641,0.0038098822503164808,0,0.005518962112353601,6.918049198806365e-4,0.007723341944224745,0.015391982369186853,0.024777768601181173,0.00241198050648928
0.032716953865624926,0.07123543342886042,0.05600220422417418,0.019125691917377903,0.05697226074764407,0.01541976958075185,0.05512527281172834,0.004090329394116318,0.002439447961472787,5.047549288923105e-4,0.00224248398143591,0.001845968366937568,0.002790663727757483,0.04694001364945899,0.003442061512003509,0.14097610798830834,0.001463421787753961,0.004266044517825318,1.5858918022064556e-4,0.002211423844622768,0.002849640666194183,0.0012275827664788984,7.177928482053668e-4,0.001198577327579033,0.009418574037783789,0.011926094012389976,0.26833374761154355,0.0012750264185463814,0.009755196579401288,0.01248082103038421,0.0017159632474299147,0.01031536488076074,0.005064268070875908,0.003297166521167249,0.0027378494278128395,0.0050992311822161155,0.018807407288773826,0.0010991256947752606,0.013818327168756797,0.001484476088648807,0.011909293736561887,3.69405244025274e-4,0.007688168015917975,0.003887574423480169,0.0026924752500206354,8.444498343849269e-4,0.007680536248828051,0.009614565016771243,0.00398168328199874,1.1292140619024775e-4,0.0044632753679153285,5.42174050704722e-4,0.0071086099932316646,0.013767903952845256,0.0212421989051417,0.0015036349852904469
0.030068045780427596,0.06421907284424357,0.05597584230897125,0.01643366425893402,0.06341277438170279,0.014048471205400405,0.04946905033581305,0.0034164980545808325,0.0039325364362943725,5.341955732383339e-4,0.0026560777889178652,0.002696945547303065,0.0024570761686603074,0.046621310275612816,0.0034910023008970295,0.12477302321389694,0.0012727159744761103,0.003965549429228283,8.64614090392911e-4,0.0024454461478133254,0.0032790768963207474,0.0010954465379972211,9.675507076214446e-4,0.0027613040359900365,0.00966947556816542,0.016464522039008368,0.28241676806628696,6.691096958063795e-4,0.011134648849514692,0.00996336831339849,0.0024425639025500235,0.008017787822734778,0.0036437635704091977,0.004173899387439257,0.0021629756674467794,0.006320549521825009,0.01604212938166618,3.3807812821766686e-4,0.012459716946980946,0.0024891166819611056,0.01617231949652778,6.31069916368275e-4,0.007797927047927904,0.004375689706004982,0.0015372261206239347,1.2038846017049713e-4,0.008849140521240096,0.010895711761643253,0.00606770527132735,0,0.006182748499351477,7.108354977436523e-4,0.007693765692165398,0.013603248549891015,0.02482033043133672,0.0012761291895320884
0.032595850130920846,0.06629089173407156,0.056779189266172765,0.014355807361540282,0.052287635853609,0.01687391627573683,0.04724099381723026,0.001962829339403835,0.004022132710378287,0.0014606686701097856,0.0036788075923230193,0.002271653949421034,0.00360557721522932,0.04201508357215325,0.005127401660180939,0.13026468770022792,7.554496363936889e-4,0.005220539692400527,7.049412406713554e-4,0.0013927932716766506,0.0010968063906911436,0.0027251374676974,8.414740111338119e-4,0.0034375586373601888,0.01105362664750591,0.014059822511948155,0.2873988630188384,1.7246170071926267e-4,0.010590970936697223,0.012589279690038004,0.0017555303848730411,0.008669621295854673,0.0034944893396815957,0.003581537705968118,0.003939569660675231,0.006572798991989561,0.015375849427787318,1.776686133734481e-4,0.01593315181896595,0.00266400042681674,0.011270996573284574,1.1053640867259572e-4,0.00625490579050243,0.0069957102656044,0.001569484996437703,0,0.009206808378361886,0.009918716959761738,0.0016048600193259448,0,0.004481925962203907,7.604049948342937e-4,0.01035545750808818,0.011965421628992234,0.029185209261531217,0.0012824918839326243
0.03285297128218578,0.06602499172062543,0.06178371390015052,0.018401646515161955,0.054981045083385645,0.017632035305432385,0.05754387600850999,0.0027953292333533913,0.004579606827880618,8.335927334998057e-4,0.0022106833041936865,0.0018700716206599775,0.002373855189496908,0.046328744263914076,0.0033235373237001965,0.10643936577794742,9.95729783013052e-4,0.005197853206957755,3.7807018398070604e-4,8.856209033171414e-4,0.0019829463938078654,0.0013128286587712203,9.522325357929594e-4,0.0034916962740854456,0.0119972564062248,0.0211233688838755,0.28612769428633855,7.781027875376819e-4,0.01015497780893491,0.01161470385583643,0.0029961728497711385,0.00802691313504777,0.003254596886722914,0.003888812275558516,0.0013863667830898254,0.005178599133426372,0.016081581079273884,5.202507763347735e-4,0.013215600815093945,0.0032182332567872378,0.01309009455567935,9.720177639776036e-4,0.007986147411119034,0.005140157013251114,0.0014922318524271101,0.0010470750720075483,0.006218728380375785,0.009664526470626269,0.003996737745577163,0,0.0061933297361557145,3.5425833319582584e-4,0.009106968298185511,0.013428366580976661,0.025459562616335536,0.0011145231204316057
0.02970926203190437,0.06523710104100625,0.05947422423499722,0.014912943030823203,0.061193636498269977,0.017363121852463845,0.052095349086488184,0.0013708043315374173,0.004081372651535079,3.987924299820047e-4,0.0036668322827401174,0.0016206891975870062,0.002899254491122701,0.048823391552408585,0.0029258413173842445,0.14722485018355413,3.238427945897146e-4,0.004770316928212659,9.09920914650642e-4,0.0016578291566920398,0.0033123836290420835,0.0016862949296467962,0.001209111627742445,3.288040513922024e-4,0.013308871329403098,0.015579480508920987,0.2553064481759895,0.0012332586075928442,0.007993027556873722,0.013924803887072724,0.003550533610760804,0.008892847224462435,0.00427139550641546,0.002211136070795221,0.0028781089310199333,0.005982638123836651,0.02047005361813159,5.821585582209743e-4,0.012234351832775096,0.0022660615806438873,0.01189316942292606,0.001328171686723806,0.004980119020223986,0.004684278324482732,0.0016313029561005688,5.110390337378403e-4,0.006852955993130921,0.01153957177400423,0.005345153364995735,0,0.005909427013736012,6.200392170636076e-4,0.006854763985336198,0.015380533106326881,0.02402747093691986,5.608587956036791e-4
0.03092263527755054,0.06578126082623788,0.0623431069585464,0.015472022510797356,0.061842005768649067,0.0172658703094751,0.052171878792202586,0.0022435589826076377,0.0034423960495875575,6.632164283846361e-4,0.002829596085988067,0.0018274379168432883,0.0025676726981223447,0.04572172000485984,0.003676292606090473,0.12167924402365861,9.2807540340179e-4,0.00409358151317526,4.075129404927133e-4,0.001841734620765788,0.0014439648289596672,0.001723064054300255,0.0011486315663471066,0.0032207249847410083,0.01177172261494183,0.01650266843567001,0.2755577273784133,0.0014935168054988751,0.012139606007435187,0.012507744234648826,0.004244780121963667,0.008892446681611852,0.00326942426254091,0.0023913402215216604,0.0012199980977784085,0.005940571419883016,0.014729520289983124,0.0010165472619894451,0.01468150616389558,0.0018459938067579712,0.011385351462278849,5.204125718019181e-4,0.006118803367379181,0.0027634390427998924,0.0029784961944257474,4.848264561553425e-4,0.008215098715758208,0.012147864103388518,0.005031150190071391,0,0.006325003652147555,0,0.007660301764461719,0.01580801619473559,0.026213358570012446,8.855587582650594e-4
0.03188650620471576,0.06950218300318699,0.0613273288759312,0.018815874521449266,0.05855317499286042,0.020183847234989317,0.047932254919762406,0.0022939871586283855,0.0029039778653699847,4.3864804007032063e-4,0.003336249492625178,0.0035031390187908046,0.0014602656559971007,0.04569513179349748,0.0037583755838735515,0.12243719988413848,3.6089848936530074e-4,0.0029742889269587887,0.0010242976037297977,0.0011765771574231503,0.0020886194391951892,8.233432186366033e-4,1.1755194629301461e-4,0.0027486467522387144,0.013852488284399275,0.02073192788746534,0.2745382052550514,9.74243697821928e-4,0.010463632966363132,0.013990424416127724,0.0026119746298761287,0.007361985706204914,0.0025410325879231662,0.0012773434923967215,0.00229078764203437,0.007994146996095382,0.017831492344038732,5.399523984794019e-4,0.011498275962073678,0.0023995104299836963,0.015549799969829282,1.1610392944090485e-4,0.00700688807631752,0.003915900104937372,0.001542856478662836,2.5903115397726747e-4,0.00826253126169537,0.009605966760468168,0.0026488546582314485,0,0.006900667585317398,3.5517280350401095e-4,0.008467042650634351,0.012917037587147814,0.02529843749102103,9.139170127529944e-4
0.03213455897194941,0.06639694431277322,0.057856333257603205,0.020157590643171106,0.0662878735028317,0.01874889037604857,0.04940189270713188,0.0031768779942791497,0.003653878925964871,0.0018514849011921687,0.0035514282732807506,0.0017992356547790354,0.003779187314901683,0.045876162291610116,0.003057909667701922,0.11998131094645322,4.4447692125034805e-4,0.004316233845041039,0.0014668701128409249,0.002413082983172819,0.0018956150184614579,9.108842880255989e-4,4.8627383896361045e-4,0.0030640848884401577,0.01256255460277344,0.011641441360030747,0.28318468916508327,9.517158180292151e-4,0.008854823639987854,0.009207190720085662,0.0019886980025784935,0.007869305326626915,0.003493185516845223,0.004918798353173546,0.0025402152721920044,0.005892879194037794,0.019785043144582737,2.313192413704879e-4,0.01253866434207933,0.0027606671655127173,0.01194981746458498,5.191714036089024e-4,0.006460812922977456,0.0032466943081213002,0.00326016037414226,5.233433910723078e-4,0.007338501720034563,0.01078837691231667,0.0023755989494873638,0,0.005861898479317683,5.240517798255921e-4,0.006753173577149781,0.01428998882489938,0.024312668254540246,6.654691350641164e-4
0.03225999638719123,0.06236046266603314,0.059688136350493505,0.01638303373425896,0.05538904782797751,0.017697777973629997,0.04888715897974635,0.002722537625716153,0.001643939954408425,5.19112626215106e-4,0.0042140640998181355,0.0020469677781981043,0.0039277477622733994,0.047353108457430695,0.0033160284198206534,0.11924536501719973,0.0012658047221418536,0.005293157802759202,8.472823307511205e-4,0.0014091070549931588,0.0017209472462904629,0.0016935407727030334,4.656067871618443e-4,9.259582297203174e-4,0.013151047947374733,0.019461536926280786,0.28685087427570616,4.949325916150805e-4,0.008427400120786795,0.011435991662989975,0.0025439106267837745,0.009562389285682907,0.004079375766103277,0.004485608923527208,0.0013549201216266058,0.007671204027498093,0.017158402868366594,7.447285722381372e-4,0.014064215160565349,0.0026278071972761644,0.011477961165257858,7.969811274037658e-4,0.005669407958483138,0.004467056759763967,0.0022101130514109767,8.459272889107905e-4,0.006550528088769203,0.011452565953657835,0.002789300222842284,0,0.00824215452777338,2.1726975595111702e-4,0.009001891853650202,0.013522836275106398,0.025075859243026116,0.002289910046639269
0.032105762676755134,0.06505638133299248,0.054616756319735726,0.019147588871162184,0.06068210612373123,0.017222433436491512,0.05175510855848397,0.003520473753055901,0.0026895332371614134,0.0015343373017537524,0.0026159300118407908,0.0034055731254582933,0.003011814765208971,0.04451110788312728,0.003793153749339018,0.12046448746764744,0.002064860121186943,0.00311639206421416,4.838445956070109e-4,0.0016773935044989627,0.0038943789643503643,0.001491938094903859,2.3483500205852975e-4,7.802907197875957e-4,0.011687513224931943,0.012025627672201365,0.2981835143109245,0.002208692685662028,0.006623000771205829,0.010768140145739466,0.001017460144025848,0.007267049205191862,0.0028164323269245146,0.00346595515011594,0.0012046566614758837,0.004001003396493798,0.020591666655709513,0,0.01299014941656836,0.002422242692454033,0.013384527094775082,3.33710805896685e-4,0.004209235944299908,0.005192692421112879,0.0030533965041499326,3.354556609999839e-5,0.0075694112693437616,0.010302716455340217,0.0038778333866208658,0,0.0066637167822210085,7.294282957241158e-4,0.007743383065988415,0.009989799868726945,0.028188608163935494,0.0015784082355872959
0.030685349323017825,0.0681034797762692,0.0556438320182526,0.017335834971282507,0.05635401287564065,0.016936282375849928,0.05387147618162469,0.0034363709156222445,0.0036652777550880574,9.938670251017027e-4,0.0020825325538355627,0.001756847159762158,0.003033061277094206,0.042416678116311196,0.0037007233363867647,0.17782005882338023,5.814265521357542e-4,0.005607362630075983,6.62994601591732e-4,0.0027264210547173567,0.002501242185043321,0.001495147450823517,0.001369076974917443,4.937073979503823e-4,0.013502258220959339,0.013544121961181231,0.2373322247265089,8.696115864591444e-4,0.00786613845937801,0.009419298848510936,0.0013537209328960253,0.00912684140135727,0.003536394209915478,0.002534480693749163,0.0022121640551724217,0.005856199219216422,0.01596919345338647,8.736885494627083e-4,0.015966713137166022,0.0020454406967158113,0.011469764456925003,9.220863727278409e-5,0.009055846210845115,0.004455554655581755,0.001770486854757952,5.21165372981195e-4,0.005617724537216716,0.008596808727536587,0.0032660981156292855,0,0.0072625171655025834,6.454612416866871e-4,0.011238817943497688,0.013550580777302534,0.026297602697031987,8.778091224217965e-4
0.0376313985155913,0.0630802812281184,0.05226163660013443,0.01791647952397565,0.058045459042064686,0.01704299783745808,0.052879538731856676,0.003486375519560838,0.0029391153594380786,0.0010469409147551324,0.004804064318301543,0.002137477998226591,0.0014593191597372646,0.044745003712683765,0.004358158963813063,0.13174606218559146,6.934495497047866e-4,0.006228202649472571,7.686092069132508e-4,0.0025272089241382806,0.003123103644288951,0.001410617928480771,5.131096121603861e-4,0.005193424747539238,0.012181524480265115,0.014550944981531979,0.2774562880329713,8.730132842234123e-4,0.00995953212455052,0.012598154464209328,0.002614781298931811,0.007384326730609497,0.0032430691498049054,0.004115540659308835,0.002702441811499413,0.004839349867264292,0.01661217858052528,6.011815100600564e-4,0.012088768105105414,0.003222255459889878,0.01225292425499425,2.6882603187138206e-4,0.0061938343694059525,0.005451886952728789,0.0020615509404117984,2.9228660931397937e-4,0.007579029433990285,0.009411063477422456,0.004491913487786901,0,0.006810452142946253,2.523512816607586e-4,0.008994143638324341,0.012038118870030503,0.021403954948438685,0.0014162771459174492
0.03579432239604867,0.06743167154803255,0.05362789860781329,0.01770182621684858,0.05624370242643168,0.02104195309733149,0.05027856662131717,0.0013415693998015386,0.0020650094870609667,6.056848680790908e-4,0.004701079814661998,0.0010757399702036687,0.0037125423173229337,0.04933129326023723,0.003598205554941734,0.11883630003163646,0.00100842199982951,0.004425567404813245,0.0012213619490310341,9.8579642332896e-4,0.0030450608301512572,9.009477796154372e-4,9.42143028534555e-4,5.956433131703834e-4,0.011755690925741972,0.01440316557219632,0.2896545601067864,3.0041225428389554e-4,0.009047786479649444,0.017889088029856486,0.001405337785226479,0.009027603559229819,0.004143787880492597,0.0030624927630923857,0.002185456325562503,0.00625944505225695,0.01596326882104509,5.389671131547855e-4,0.010987963995588566,0.0015558891235582064,0.01507278431303065,5.642620036726552e-4,0.00695901643661021,0.004130288890829488,0.0015389584966891212,0,0.00904589931575756,0.010318546227795251,0.004895311697173155,3.139377737402559e-4,0.004940290905711803,1.0749142796744456e-4,0.006229737091162398,0.013008677627511562,0.02254421666546532,0.0016373569929177823
0.03735631184166009,0.06480626474279855,0.05508067659790924,0.015526166194180688,0.05623374351478026,0.01794694998648426,0.05089015530301433,0.003799679355119625,0.004605431093838806,0.0019054043992759568,0.0034063603398813837,0.0023689955644569456,0.0027287188599902394,0.05169902857068604,0.0035672519966267204,0.16685605787336838,2.3821939560055317e-4,0.004566903053671958,0.001529302798120351,0.0014077636226591799,0.0022115474360082693,0.0019420753718977556,1.6469122342342577e-4,2.878593693483497e-4,0.009857842553468273,0.018076042616192674,0.23114856447619295,5.465237903951152e-4,0.00824307769566732,0.01499036383357154,0.0015406454296777222,0.008530903267591575,0.004052305350436314,0.004074827567272993,0.0012439993269910696,0.005169889576869666,0.019880330466487996,6.878687680282523e-4,0.01258406455413755,0.002076302026459483,0.013493221515847914,0,0.0050457779313658364,0.004855630496640559,0.0018680009691065427,2.326593071729938e-4,0.009397580875149568,0.011136896716542518,0.004833244265402599,0,0.0069908922857740965,5.660020219066215e-4,0.008266003321286823,0.01210405904032857,0.02632231847483723,0.0010586029743962896
0.03648724783063253,0.07146208856617793,0.06720859005020335,0.01445561416932616,0.05095045603505828,0.01868282870022862,0.049451072967791034,0.0012753635515502476,0.0037115032999482395,0.001108842795521512,0.004373524224881086,0.002734145965740702,0.002801403254879937,0.04941190325835937,0.00395202409077942,0.14061023911250412,9.256583369078214e-4,0.004378387444597286,0.001904426219519801,0.002792889456571939,0.0025771717642515185,4.562347543818362e-4,4.425715250300091e-4,0.0031394729564674013,0.01125056797173649,0.016866897034534374,0.2414503329077827,6.188661775608661e-4,0.011313302602131287,0.015052399024317804,0.0026760646140251004,0.010078692922197215,0.0028545524611352196,0.0027565809564723694,0.003431695964899457,0.0062213836511675336,0.019210601936403667,4.8716422161454415e-4,0.013263685118038947,0.0017055422277876592,0.01189824578829724,4.7262247150775755e-4,0.006923346479852229,0.004428190249479079,0.0021310321455366077,2.1503186704230817e-4,0.007730378808927754,0.009497443251971854,0.005359785183326475,0,0.004673257201603512,3.199441517655586e-4,0.009641739862250113,0.014042579472518585,0.02643177994638482,0.0017026329964207213
0.030122439821326168,0.07392205831028353,0.05735335624810156,0.017757825058170185,0.05775643163726067,0.015431237960182712,0.048969512200225315,0.0018588351725345898,0.0032593057936731785,2.0375268753990478e-4,0.005195796153540051,0.0011620088774462762,0.003100386686634511,0.044955852805202215,0.003662813940549619,0.1581473284217595,0.0016721148392320224,0.005159235493961542,4.108695052658553e-4,0.003046442269698405,0.0018935423868030516,8.517630790152381e-4,0.0012075558904415674,0.0016112091210996162,0.011491094330847879,0.011854032291825014,0.25197985794243033,0.001466249454132473,0.00794189527298242,0.011549300130481915,0.001235430111983089,0.009696180352169063,0.004702762018981443,0.003728410398696153,0.002484332386555566,0.005895612761383361,0.02049291911939074,7.364876671118862e-4,0.014540461625599556,0.0018529612062734224,0.008808898723175399,1.179105810968435e-4,0.006523595215244607,0.00484875574793266,0.0033188533915936846,5.811381311609562e-4,0.005483777032136004,0.009118240921679108,0.004553696140954668,0,0.0067591237729209335,5.066733135169018e-4,0.008862240589031014,0.011869976999423782,0.025816413030247547,0.0024710449790943203
0.029427313938897595,0.07008565508322102,0.05442975776320134,0.015070393703287832,0.0636289799701383,0.015147078968075982,0.05551127642416118,0.002527704654881882,0.00377008569979883,8.429385056091133e-4,0.0026254094734976343,0.002574823988586264,0.0015588880697731916,0.047867429845171686,0.003969074166377536,0.1271377795585184,0.0014309223962730537,0.003890598244972358,6.895362500233977e-4,0.0028792491619552174,0.0022206102063717036,8.257010082353106e-4,0.001082457344384429,0.001393520140862791,0.009892599675082974,0.014864979873022165,0.27118474806790305,0.0011323428248175148,0.007704699097326222,0.012062917946808395,0.001250417886655288,0.0097673756481548,0.004682728731988375,0.003460269362907606,0.0013398154585769755,0.007528253710450921,0.019248784563609317,2.2654891305817572e-4,0.013728290020394504,0.0019075826553883249,0.013487049509314454,2.951286058295713e-4,0.00905040035162214,0.0062778348076601,0.0018976425917966878,1.9846676566047578e-4,0.006766990711232487,0.013062870279495379,0.00509253709567617,2.7190358627957956e-4,0.005905669975119679,6.504784840219925e-4,0.007781093521544039,0.013333678979738157,0.02437415774032232,9.845579922660825e-4
0.035946385779047615,0.06513992116596416,0.061591312477147823,0.014576322839414792,0.055254143752988365,0.017725551816593615,0.0476417167822018,0.0034647585069832424,0.0025840746023495214,0.0020294216260510877,0.002930786087187023,0.0027540884938207907,0.0024216250518146755,0.043888878175521034,0.0039826674056862394,0.1450966809703325,9.597363458394708e-4,0.005008635345367576,0.0010536006939228068,0.0019812884511961532,0.003030954394315145,0.0012271204032693703,1.9150848968376024e-4,0.002201114128945839,0.010003434614809894,0.01798982460156827,0.25734301791112324,0.0010432837581857287,0.01001341291329467,0.00931132930158534,0.0022069083102574183,0.008590806697916103,0.003956256888252505,0.004876853303629799,0.003919242720689866,0.005512971653889036,0.01752733948497992,2.0848898728083133e-4,0.01537749257652868,0.0014060647990103243,0.01186103962411115,5.12544675113237e-4,0.007263431107820054,0.00366642985757825,0.0011754023875892097,3.672394610041123e-4,0.009446652118036494,0.009620951695083466,0.004923791569498299,0,0.004868270090422495,7.286177875344552e-4,0.009370335533340851,0.013662490515273459,0.029064579041901413,0.0014992022270470245
0.03366172066214148,0.0634466098821806,0.056079115405202995,0.02175023009218532,0.05876842886194299,0.016478139679849766,0.05200285433647513,0.002047111751916337,0.006321869836600592,6.786512944270097e-4,0.0027556371376365137,0.0024063116637254647,0.0032157778865753834,0.04879551157433176,0.003306632786627226,0.12736657686204794,0.0014918647456025752,0.003367921444192084,0.0012712051894005333,0.0023981446620632073,0.0022412091373151433,5.518298957555598e-4,9.827243366810473e-4,0.0030801232078730774,0.011870327681963984,0.01809197913577606,0.27543977300618994,8.783791460864896e-4,0.009981279674230075,0.012732239882384356,0.002828411431613238,0.007665510026055512,0.0031412692993241305,0.0012402978854474276,0.002742724049617351,0.00570798552196403,0.018948122444282088,1.3943984259512723e-4,0.010788840390183706,0.0019397999775878935,0.012175874839930071,0,0.007398248024384101,0.0031407740107686354,0.0017956595936973354,0,0.006456780799139359,0.01207316815250532,0.0032167709255815887,9.470503839507761e-5,0.006845503310747572,2.6089912158432137e-4,0.00961003214247413,0.012173406678072863,0.02454609079288522,0.0016095048417832524
0.031146973697624154,0.06211347089043982,0.05707758708339768,0.017405103465186852,0.058846002086268674,0.01908556819643701,0.05046465491363163,0.002857995769080927,0.0031505141575994084,3.5855936734988016e-4,0.0035746161626053967,0.0015437663845250485,0.0034612601868395897,0.040944038464280075,0.0036783829405597182,0.14162034225157566,4.8427025223423146e-4,0.003995317495142477,0.0010810444976992926,0.0023097433635068643,0.0026806709079050897,5.894555646661295e-4,9.866870633969366e-4,0.0010151967827086012,0.011227954521904627,0.011772296176819668,0.2829233791269408,4.1420367577025836e-4,0.009457276940098736,0.008904353089223747,0.002332781932894062,0.010164078838768499,0.003446749607682044,0.0019836469064928664,0.001636296359949305,0.006751546428234591,0.01962752933526337,2.3976901196933134e-4,0.013258203614308444,0.0013836784919791284,0.011948978734111822,2.789592730191405e-4,0.008412022626336169,0.004769232438381699,0.002148996383713069,5.853807226017952e-4,0.006118334591899198,0.010672262776751224,0.004154661930015123,0,0.0063008182963441945,6.936612616144121e-4,0.00863102557045027,0.015884461721491043,0.022772719083973884,6.335185863363405e-4
0.03464588898649394,0.06764336338297845,0.05845636846722915,0.018626092284272994,0.06146744175245109,0.013418419050468276,0.049669208537320673,0.004883423999927521,0.002584206895949605,6.128723912852064e-4,0.004126879328745893,0.002677791015096701,0.0024501877870626997,0.044856973804719154,0.003569552146405286,0.1503096203470881,8.519006613103255e-4,0.0034746338883357387,8.470226656699014e-4,0.0018963096740024295,0.0032099446736853434,9.017805995347239e-4,0.0015044510625140824,0.003059500485472072,0.01273506542877016,0.016522912814539405,0.2499131594913614,6.338940875630363e-4,0.01072376137970136,0.01207753071163425,0.0038025662912181822,0.009742999205134623,0.002028615494216343,0.0018536312285655683,0.0032259818818988688,0.007465622916962188,0.017823150424671454,2.004479755200761e-4,0.011032064291140585,0.00168556610159785,0.01101018193410941,4.095555178986225e-4,0.009457925412673408,0.005582381974857615,0.002148681111950954,9.982003663545567e-5,0.00541729668492751,0.01140453990442547,0.00477253876356192,0,0.004261391653621849,1.289348845856339e-4,0.008349812069717613,0.01336073871432678,0.025573457885924814,8.119398382682257e-4
0.03110705962831146,0.07562895686564457,0.054378200814676134,0.014218770084093585,0.056149517295163716,0.01538986896422492,0.0506022992186606,0.0011940225327583072,0.0019955142241534166,0.0013721787640963777,0.0025644920039332325,0.0011831384781284182,0.0034447823696791735,0.046673540189679924,0.005612090005954344,0.1242674088911786,0.0013527468914998277,0.002570089723969084,0.0015403821648513017,0.001787887689653637,0.002040092529410517,0.0016467717772778645,0.0011688177928636323,0.001672834659811714,0.010139721396048254,0.012591723520062093,0.29633766601615436,8.797021055269982e-4,0.010072575822806025,0.009595319946281988,0.0028059565834964106,0.009624022894664233,0.004566934751531918,0.0025118984276331384,0.001783763439663891,0.006602959308147715,0.016821030288786096,1.0203209120783758e-4,0.013678601040289068,7.348865596730438e-4,0.011520575645014637,8.29741602718402e-4,0.007346908639038894,0.004748387766366947,0.002017382482008751,0,0.0073145818453048345,0.010160072312456952,0.00418249767605688,0,0.005014033720558947,2.3811270306066908e-4,0.009400203414950537,0.013387875983066637,0.02433279389186588,0.0010965745658836333
0.029750811488487898,0.07233709561592896,0.05615815672314368,0.014182182674411644,0.052418370990850505,0.01320438178628359,0.04924793109371933,0.0029487064036491165,0.0038434788229503958,5.806112512069919e-4,0.0032696490564889983,0.002632502638763844,0.0032567139687073097,0.04276373939371209,0.0034460614005984783,0.1614118103485379,0.0022149945866960057,0.005208637666893057,8.982063525994594e-4,0.002343980464399035,0.00257068946191447,0.0012704104071300968,8.623985281546343e-4,0.0029291533113217113,0.01429133491689579,0.014773173106895875,0.24742125593642414,8.489247142433649e-4,0.008246796269660519,0.01180116556694627,0.002082967116853157,0.00818657215658225,0.0040421629668109995,0.004751728169532402,0.0023232211961370795,0.005739101480001184,0.01825892872272961,6.621147633701296e-5,0.014497686780269742,0.0038618592505199572,0.01219252539125482,2.8262607528620843e-4,0.004962859904124367,0.004397715193101593,0.001490340523808938,4.010110431999085e-4,0.009089163095692056,0.011939480684532038,0.0057534401879477445,0,0.005968020856618004,9.29084354631855e-4,0.00897695771329774,0.013482833399194472,0.028011835015534857,0.0011783422983868473
0.030388806136196093,0.06595670211766394,0.059601807434505154,0.01845952488808212,0.05437923937440904,0.01570008165146623,0.046522001741826406,0.003334620689253474,0.0040376439123456405,0.0011788589249963172,0.0035668337584344053,0.0017920663295253618,0.001951914227489956,0.04183575807829167,0.004413540622837077,0.13823465579571365,4.937002812397533e-4,0.005766028972797075,0.0010393988065767802,0.002703732807378104,0.001677857365700335,6.930494737407953e-4,5.540074237967543e-4,0.005966778904348572,0.010498190131683831,0.013131782631036419,0.26898831700093306,0.001278548707252725,0.0075021992411619465,0.012646802347035158,0.002728983055345397,0.008911272462310644,0.0037581053557444884,0.004206643758753484,0.002462973190078157,0.0068171907008740176,0.018107760780856068,5.334985528540101e-4,0.016516124116817753,0.0042433834667865745,0.011802446820320096,6.991149798159526e-4,0.005418622115976517,0.004296716719461063,0.0032362466497459163,4.7253761874506113e-4,0.00856671966796959,0.01239660587368898,0.004888541661059464,1.4787150825295008e-4,0.007408624432828231,5.794759989307709e-4,0.007809463818003551,0.013497230462850512,0.02520468813637818,9.947083178347257e-4
0.03519179415788006,0.0683528892204937,0.05725637689367553,0.016255516000643715,0.05919706843258242,0.01657251218164637,0.04735358869181041,0.0025923296597183745,0.002356754141778649,8.507526485649088e-4,0.003349368769725499,0.00259071254105227,0.0026944197956686247,0.0442774465913549,0.004087048379817898,0.11842398660681883,5.527309554622146e-4,0.005067664319188763,0.0010327303336001752,0.0012971425353032447,0.002808446554484774,6.158549654772837e-4,5.501442590045641e-4,0.002730308326301816,0.012345755479851844,0.017985733395422858,0.2866154005862218,0.0011784173112947653,0.007017973997036778,0.013734968858517885,0.001963131362286689,0.007458107637463685,0.004882450691719362,0.0031326241701036075,0.0021898958228633416,0.00799911419841299,0.019747593844387724,3.07349879461393e-4,0.012133775389703528,0.0013118302832891393,0.00941286922276561,5.63706412372733e-4,0.006698737539450998,0.005292681846006052,0.0015995386105589703,0,0.008319382356337134,0.010571875653740962,0.0047428483134090375,0,0.0067618817833422495,5.828969935233768e-4,0.00887715347941754,0.015668262528537525,0.023753888597015934,0.0010925667934294995
0.031402086430358654,0.06737195199960584,0.05747257875642058,0.015951224353063054,0.05641260872475712,0.017916766666149563,0.050776801503431265,0.002735359224302249,0.0038623475181272043,3.6211577706617756e-4,0.003251080803087586,0.00237632500516848,0.00242061648089444,0.04518822502046076,0.003314534562257241,0.14312520268417683,0.0015336104023526336,0.0051466124708173565,0.0012491020766738866,0.001586427954944434,0.0018843577001894222,9.608785890367234e-4,5.333442134876332e-4,0.0027903516684874233,0.012146253827415833,0.015927147852164706,0.26659634212397465,7.041490416519582e-4,0.008067423502118101,0.010902327502216612,0.0017867695695765772,0.008278019646411255,0.0044141743543716985,0.003942369242721831,0.0019272493924936736,0.006469020702336085,0.017578178439793663,1.884656503372397e-4,0.011628574699267235,0.0020471542639825826,0.016774093112472792,0,0.008365268480502671,0.006811390660891447,0.0019434891406351045,5.44825093573937e-4,0.0062739235568467855,0.01049844392839285,0.0038792633667473326,0,0.004202650973648047,5.045629823023438e-4,0.006738250649093026,0.013948299628487086,0.02677826079963127,5.091472306250094e-4
0.028810030162433713,0.06618209822066644,0.057836179514330045,0.01637824377790421,0.060917755391665246,0.02012543907621529,0.051251403441458995,0.0018567290354107675,0.00297930825483662,0.0012257853298013176,0.002696782973248744,0.0015695647325811501,0.002741022004308887,0.044932734194394613,0.002690246986800256,0.1393718906130445,5.967575059713437e-4,0.005571776098341544,0.001117850189178349,0.0021083632713951774,0.0021351900207635774,0.0011595179215644904,7.971590563218414e-4,0.002209115535249705,0.011759847134240676,0.01657473219519933,0.26197042840527734,0.0013445828746917457,0.009198667414964385,0.013720302457543267,0.002930769571496233,0.008928285330786179,0.003375267244767062,0.00239925634128029,0.0027864958640628785,0.007159820910794456,0.0179474442958761,5.392137434685847e-4,0.013123659072149492,0.0027451569977053163,0.013011563640743282,3.5242814453263196e-4,0.00890614921384601,0.00582238601602952,0.0017926986389507598,1.9276221950547355e-4,0.0070904319857204275,0.011766102816608486,0.0045619590771600665,1.3479454225459445e-4,0.005511193826052066,1.3469380444638954e-4,0.007006527329744835,0.01531252630795001,0.023840624145425916,7.982851288393428e-4
0.03341715312459509,0.06691153062432009,0.06095862325518486,0.014199101216064726,0.05362281600269649,0.016606455650095164,0.0495430383019011,0.003125096733514483,0.0033512364746535357,0.0010346417149289641,0.0036830464240030563,0.002124404923233785,0.0020264000934969643,0.046787656844496046,0.0034280540523970635,0.15957544631942858,0.001620329818290715,0.004649507509657544,0.0013050250351747349,0.00215503824325011,0.0027757835322647926,9.756508355223532e-4,7.772643873588946e-4,7.098779975359822e-4,0.013625167834210021,0.011290792582782353,0.2536364680323601,0.0010369849394779914,0.008229320482071496,0.01346662873399259,0.0030059854294832043,0.007861204201629304,0.003526194033740799,0.0038550255012366045,0.002019184922031782,0.008651039142877383,0.01737641166955795,6.631395958443347e-4,0.012332933198046646,0.0019699653471724594,0.01291984739947146,4.53593434479687e-4,0.006766444859087405,0.006042556294141873,0.0019895668053938886,8.283446463031518e-4,0.007360952164202698,0.009032285715196669,0.0035638292810478197,0,0.005329306666783055,8.722455355324026e-4,0.0056757955574657255,0.011208706329978531,0.02942268204403186,6.242185063036444e-4
0.03428804352016097,0.07201829558425742,0.05298506444743451,0.01621685781033846,0.05890191622847966,0.01962638852214744,0.05023731995191361,0.003675632525727675,0.0039595214166391135,7.745986480641602e-4,0.0028252361341804277,0.00264430103239765,0.001825604246549784,0.04437320132709414,0.004166079949514992,0.1423712384005837,0.001367181120677684,0.0038675111571367282,9.390799858289288e-4,0.0015446877194048767,0.0018883498115810512,0.0012634048900917747,5.383520310402079e-4,0.0023443657288077253,0.010945578944468652,0.015006069658330722,0.2674579170344521,8.806021326632637e-4,0.008871791856690963,0.010906171739993194,0.0018657644677910895,0.007968759436192279,0.0027013129478751993,0.0036468492056919177,0.0020886540657958147,0.0035114939373278795,0.015416428578669055,7.925606326598777e-4,0.013999078304786854,0.002876488604176921,0.012239827464097021,1.466764840133991e-4,0.007382902522616708,0.0026032664413758043,0.001966883157080192,9.533539939869066e-4,0.008598708543272647,0.011362139654363779,0.003357616071573353,0,0.005543670399810651,3.2741822849734995e-4,0.009230521237868852,0.01301194667491921,0.029092709658872482,6.04605730033189e-4
0.029637023527423412,0.07320178682491982,0.05667171488627011,0.015058851087507114,0.06093192884766025,0.019524306934155165,0.045842901843968824,0.0012698682639195405,0.00416662169781405,4.7198383354481676e-4,0.002493561134720743,0.003369996805307348,0.0032824221513377758,0.04285059451265765,0.0032075997025820795,0.14504701983082582,0.0010269318474337979,0.004871454717997553,0.0016959542929722118,0.0014236280179171007,0.001584437719071659,0.00221674067546266,5.803694817637299e-4,0.0015013430952857756,0.01085118681012778,0.015286813683912204,0.2645776211904043,9.984024400047262e-4,0.007808704952473765,0.012231364479951202,0.002383171786915947,0.008081542810401868,0.003021047237315032,0.002762028005029719,0.0019232331936298217,0.0043324474701706105,0.016946782571793134,5.701053266756267e-4,0.013027973519956307,0.0022366314886103265,0.011559404112938102,7.238180893291648e-4,0.010099174027617565,0.00475693171716898,0.002205908434656584,8.339823316112724e-4,0.00733896770148574,0.009059207347512834,0.005286450110468105,0,0.0068575118283880155,1.5765745951987716e-4,0.009006885939525035,0.014789420158636685,0.027427869632761143,9.287124084895446e-4
0.03689959809731005,0.06577332287083043,0.05857354394036436,0.01564627616693167,0.057407379521896895,0.015018162052839663,0.0473501149369073,0.003468958539303369,0.0028372335046720457,6.019960903067298e-4,0.0021100854588526315,9.220305436847337e-4,0.0026827319852005924,0.04774566525631463,0.004087286591315441,0.1154890831386169,0.0013937195754755768,0.005190391730483976,0.0010913214307125697,0.0019327299027743618,0.0027529901884627526,0.0015239551598196725,9.044063743338346e-4,0.0012523284612298126,0.014462535001659034,0.019007905686341475,0.28279202703322526,4.8733835843004625e-4,0.00803113110000791,0.010856766048364249,0.0018593129949232988,0.009153512482955317,0.0048676343380628624,0.003054352751892252,0.002172409348339577,0.007378879137042437,0.017347537531615758,0,0.0180727258237153,6.777517918902919e-4,0.011914056470316797,1.87982588368799e-4,0.008446870263571715,0.002962130649089741,0.0010294081206346911,0,0.008257613917537023,0.0110862466968702,0.005566884085964068,0,0.006179070124146887,4.8375477959771806e-4,0.00951737365051392,0.011965275542528726,0.028855109722556106,6.710924411985516e-4
0.03259626778878982,0.060597544593675924,0.05726830199473875,0.017144519127280194,0.06282506124742901,0.016853718616293305,0.061488500985602795,0.002286114819384203,0.0031167378476934142,6.806052655509017e-4,0.0033177223385335605,0.0012650750195295803,0.0033286680895158686,0.045583153796527984,0.004146511425049451,0.15191208279879623,0.001001019380819744,0.004069086854983469,8.327014171287646e-4,0.0016930256287440147,0.002914662013370532,0.001438197486569526,0.001143503103329098,0.0016286363632625933,0.011082327132158523,0.01249901889086313,0.25940232155460563,7.404856419549245e-4,0.009352765621650194,0.012469135424245584,0.0016580985977770956,0.008790469013903216,0.004020899428436064,0.0011873342448641383,0.0012381075248517703,0.0067503514985183715,0.015327579222146297,5.830332560076744e-4,0.012452809482299857,0.0013470556063989272,0.012977444304467409,0.0010141944976580048,0.00924289159249667,0.0044433716639246485,0.0016427826478823758,0,0.006625910962521863,0.01056222375305151,0.0042123870092407555,0,0.006213424867747814,2.834783491392593e-4,0.006925780643326629,0.011725133156262597,0.025499439083827867,5.983273251724812e-4
0.03948280804522778,0.06690529890393844,0.05827196555648942,0.015918899404392377,0.058952694535402334,0.017355383244376472,0.04945375510723204,0.0028797681592087235,0.002929364560524066,3.930292420148071e-4,0.0033285707252505748,0.003938099949762067,0.0013039252992893841,0.04530405122938813,0.0035068139499481264,0.13118686691398723,9.849741037586464e-4,0.004936444446554376,7.983432742433386e-4,0.0017948104648258653,0.0026872383441885256,8.041637645140281e-4,1.5686141182330322e-4,0.003836312227421181,0.011744013889258432,0.012862430463280594,0.2792845164042541,1.5803098795227688e-4,0.008587736541492644,0.011346726395212788,0.0012339464547260364,0.007971532018187,0.003508804936938051,0.0056146995669200395,0.003464116661826492,0.007649797674578335,0.014751758115197931,3.245728159515139e-4,0.012529908174073647,0.0026036523622189785,0.010424307157460403,0,0.005216547481052794,0.0022754983442377424,0.0020106629760649366,1.1117468248181843e-4,0.008835536155353152,0.010946184667259475,0.00451284159687983,0,0.0039865491306428705,6.915332872203669e-4,0.009250673877584327,0.015248435679780618,0.023928479870504074,0.0018148887676474787
0.03679616611319065,0.06894640371091766,0.06076557041038521,0.01388996207023891,0.07197660805062059,0.01807830211467459,0.047669897302627405,0.002411972725239304,0.004059580507387237,3.7602293687937004e-4,0.0026753016392769926,0.002132615913558954,0.004046341751446641,0.04915266708313795,0.0034048277868608283,0.151777246709451,6.563601391467868e-4,0.004677584887096306,0.001163787230970682,0.0025645721223032446,0.0019722757497960272,7.810272328566111e-4,0.0015369114746578338,0.0020666921315072814,0.011161080568490057,0.01696200308054838,0.22902079516067447,2.4607141251670867e-4,0.008834409586473715,0.011539362063018093,0.003064267943975703,0.00997504616794572,0.0034144774164829705,0.002930434862182149,0.00239073321328595,0.004422005155859625,0.01717236741741058,2.604297943538138e-4,0.011669883522397655,0.002011815506937601,0.016109305460195556,3.521314145078873e-4,0.007854304009564508,0.003568077874762927,0.002425679143497585,0,0.006158241998537468,0.010159552600005213,0.00704851364755452,0,0.00835036998918171,1.6056563568530286e-4,0.009437302741273714,0.013256385172245158,0.02456355562407956,0.0019021340221276322
0.031006671760829094,0.07254819344782869,0.051054574212934294,0.019993648310674288,0.05674192619479229,0.02216743833053377,0.04939617071219073,8.410288363636995e-4,0.002920301461283167,0.0010530937669958973,0.0023169258653281764,3.4332499727284145e-4,0.002266270730342725,0.04730746794540619,0.0036124247998788406,0.1074275442420058,0.001830549617974757,0.004253938554851893,8.676179858745072e-4,0.0013953172290956737,0.0023572792118036626,7.129100747284606e-4,5.744484049416871e-4,6.375891572592797e-4,0.012956591945670837,0.015838857794600047,0.3051590828894049,7.047830833049381e-4,0.007864777135105881,0.013912064766498632,0.002871542878606281,0.00986613976367847,0.0033337397669576194,0.002739250725791567,0.0014129622114411563,0.007209124730770504,0.01909752958878676,7.501441626093699e-4,0.013954679300576273,0.0026077087119223724,0.01159951317834783,3.3427545050766886e-4,0.005727772870009403,0.005059879939356913,8.315156698471622e-4,2.6485581867880903e-4,0.007462602133161722,0.00992909129832756,0.0053808765785734085,0,0.0051308031868921924,4.827550262039136e-4,0.006197307342422511,0.015415229222717732,0.021883400675893606,3.9448630214353246e-4
0.036394136763995756,0.06840270806125526,0.0527537775334349,0.016776503412808612,0.058162809848240585,0.01700397708118129,0.04313357575370446,0.0035425387019450347,0.0032885709447503567,0.0016265410505698651,0.003619163139840706,0.001870994793533945,0.002067881709318284,0.048501686576459466,0.004241020730474976,0.12644857021296088,0.0013030619939231678,0.005540682145545087,7.023137761721133e-4,0.0011585373926682593,0.0021427944479504857,2.693039763079509e-4,7.402606566155383e-4,0.0010873852020584938,0.008998535695378949,0.012826730180094118,0.2901524218808822,6.655800857928602e-4,0.010605486391504252,0.00923026993109884,0.0033351445568104835,0.010538717815502828,0.00400908156513473,0.002592755238507964,0.0022740984040249645,0.008004125898719712,0.018879813336996128,0.00046868164831043386,0.010201153986319126,0.0027469723843832556,0.015388539256150096,7.695680532715626e-4,0.007212911874645259,0.00540442721512731,0.002884534971603409,3.477175213804573e-4,0.004712524411788861,0.01061706536249891,0.004343113266757112,1.2568045853588594e-4,0.005030849466111395,1.4215001283738582e-4,0.007674092561917187,0.011396229256429722,0.025878002371633912,0.0017642290341352252
0.03293954575084839,0.06819592372879855,0.05514171448156895,0.018768996878595838,0.06377431272952107,0.017916666308752743,0.05464472530945272,0.0023559998660659725,0.003636055150863376,0.0015558044032932727,0.0012504181764130013,0.0032428678649330657,0.0029931712749229947,0.052553848053171155,0.005283689140791319,0.1829813537155206,6.527472822372534e-4,0.004743071761083142,0.0013556148407695896,0.00256071656102115,0.003160607250325338,0.001210973396160254,7.752642565584954e-4,0.006716458800891216,0.009437128068937605,0.018600999363234054,0.20816682186682064,9.851356774236658e-4,0.010064119638287572,0.009972710186053089,0.0032485764765320508,0.007750603127747606,0.002746069652689952,0.0030802222154690546,0.0026337550837990126,0.007508418382057649,0.016977199977707358,5.943988920029514e-4,0.010201117244935278,0.0030487181454747505,0.009117999194798729,4.738418078046894e-4,0.008714393482916563,0.004790757298995923,0.0016301165966738091,0,0.007570803747923226,0.009982634656418653,0.005088044627361811,0,0.0054940180602361275,1.70619230561659e-4,0.006220646231888704,0.01202557962378749,0.02471169715967158,5.823072992292954e-4
0.03208792457953074,0.0697172796706999,0.05772419294941624,0.01747327442399928,0.057444070398071534,0.014027608725994033,0.04878792969891831,0.0018726366416343023,0.0049576078221101995,0.0013530364901642898,0.0026286885788217645,0.0020734423727440466,0.002348986894450467,0.04333877455358498,0.004016160707467339,0.11907808364422466,5.390666044393535e-4,0.00514021348513315,0.0013528781285172906,0.0012517092082620274,8.914709123391169e-4,0.0018785608582261805,0.0015201023800434743,0.0012887471962334783,0.012728276939992116,0.014692567700386228,0.29191063631600533,0.001421556366924422,0.008904057777750135,0.014986492339013478,0.0014993481938668477,0.00984561513559376,0.003976407641814775,0.0031563263180786304,0.0023179667620190844,0.0043625073435070855,0.016189306202746466,4.8669340319768543e-4,0.014962869570535003,0.001962255327527548,0.01179375526707594,5.317503415296309e-4,0.005958964887305979,0.005518570409237372,0.002133569195167321,4.0506353715898764e-4,0.006003087017513413,0.009454579791585276,0.0051242096965501025,0,0.005740676572547201,3.61513208839943e-4,0.009362242978250241,0.0135887341582835,0.02594550596982544,0.0018824467051449152
0.030181246028544412,0.07275418586024884,0.058330217772792445,0.01556194574640758,0.05756857838696101,0.016407029709856486,0.05180537875315242,0.0015776653544423197,0.00401964690630302,0.0015293065968814018,0.003755256212905482,0.0018677125143070916,0.003053924384318326,0.04785689985896946,0.0036478935223799654,0.17055532812602128,0.0017295717346903724,0.00401294506472685,0.0012268595648477656,0.0025635914603914984,0.0014840160790007139,8.162669463655038e-4,6.910781575009126e-4,1.694344405012246e-4,0.01328035574192472,0.009872329763277081,0.23558898527697036,3.3088277339232014e-4,0.00967160904451199,0.013157267280454195,0.0013151657390462115,0.009575000634379152,0.0032234478389363483,0.0011940666402366236,0.0026337840648929813,0.008458559939578225,0.02139293294106557,8.561841562498799e-4,0.012414215417293614,0.0025967465279051667,0.01111638271896833,4.869126854029655e-4,0.005084356958366562,0.004233537769442347,7.741033346389847e-4,3.691556595078711e-4,0.006191896579623035,0.013061577696633648,0.0026452436955141092,0,0.00554594004142222,4.104638171122455e-4,0.009245462991374158,0.013016649885214313,0.027801559818624214,0.0012892433855241803
0.03358359822099534,0.06535669640740199,0.05917829231206214,0.01661716652099181,0.05435928670742768,0.019027046562202957,0.0479813957831483,0.00342329787038982,0.0026677876631364486,0.0015074087601684336,0.002777702471965797,0.0013169125270434633,0.0021370277287054815,0.04113395125485735,0.0036644956683044615,0.12861259294216004,0.001544210749342252,0.004300465807282019,5.666226803731226e-4,0.002377516390045505,0.002710365102696032,0.0021121365361830543,0.0014201475549895563,2.720838356182573e-4,0.010918335530958861,0.011936843364732585,0.2898321779003184,2.5051912954130275e-4,0.007096278013216362,0.016817719775266048,0.00372430843653582,0.011343685079386911,0.003086882617908128,0.0035450009412418583,0.001799133899260983,0.005244602262674513,0.01844447545014202,5.912048725275176e-4,0.01179901514481424,0.003390169766369444,0.014818143254291063,3.557565104775618e-4,0.006613979447583351,0.005000690566443137,0.0023967208876070267,2.2998770720603605e-4,0.00564309258322072,0.009458153498352653,0.00692371933080277,4.577346799934501e-4,0.005544141733157887,4.1473021122019507e-4,0.00632992128093869,0.012971385665146195,0.022930772673180843,0.001442509727992115
0.037857868731253956,0.06863691123126493,0.05693077423260755,0.014990718554897461,0.057059432587597526,0.014366197866702042,0.04702846730632465,0.0038826143956339062,0.0021054014755819872,7.483970092664789e-4,0.003179264063661027,9.675505396721704e-4,0.0024748754739734374,0.04345958920717439,0.003631945328344575,0.1591839193374975,8.712946558655146e-4,0.0044021964911149245,0.0018253985304245387,0.0019236928594601843,0.0021552304120619646,0.0011443726540913267,0.001201997759397417,0.001618781640917847,0.012911062897109842,0.012773698405396468,0.2582133393405072,6.785310392339676e-4,0.009844631248432446,0.00920287399540761,0.0027652972643387548,0.009317636051437934,0.004637628467533566,0.0030321225137281134,0.0018276782371012298,0.007263646466764493,0.01782098250363783,3.2113982413016685e-4,0.01600073493891183,0.002160132682486683,0.008342707326708288,2.223941576628594e-4,0.00663884419424636,0.005055616741519108,0.0020142922773921652,6.926303041734354e-4,0.007117031141613867,0.011811759503374798,0.004063538405198899,0,0.006453024672280394,3.7732468194244046e-4,0.0070957690473069344,0.013140247305843568,0.02516162718974485,0.0013951648300465482
0.03610970903965122,0.06530880644636712,0.05097334908487348,0.01896371591570546,0.05745552380251926,0.01821815268502953,0.04793376320318791,0.002921832141079811,0.0040745931508097315,8.832000637591696e-4,0.0025145896665887887,0.0030554992631441897,0.002565117858150233,0.04398508838521579,0.003964048693902959,0.14932907679122845,0.00182710984934121,0.005982829168713116,5.809087395457911e-4,7.781999290884177e-4,0.0012726412824797864,0.0013839312276733705,6.113593118981374e-4,0.001269928517760101,0.0114110547813156,0.011662796638488038,0.27638782770018194,0.0020443092443278316,0.008992334569809014,0.00924318161530275,0.0019061041809978127,0.006857875531931526,0.004547925955391436,0.0031928393117535234,0.0027837631956716537,0.006433004770754055,0.019137955885069367,1.2784458201957832e-4,0.011912412979321758,0.0018291236270873562,0.01262682755360992,2.1216627681162247e-4,0.008201944976076285,0.005397960029697841,0.0010559738309141706,4.555614022029509e-4,0.00658322658607806,0.008954320874881199,0.0031045809478345092,1.3654333269251791e-4,0.005366796474831068,2.878684114256906e-4,0.010290242205414827,0.013568663346759817,0.02267401326364591,6.499816999873117e-4
0.03179166326677412,0.0667598426490534,0.055165970655181494,0.01555887128860374,0.0554556578944638,0.015511690708273724,0.045416103548561584,0.0027491756869656423,0.0028421328688668173,2.2157632571745772e-4,0.003310702558956048,0.0017872722169038945,0.0017821286791507552,0.04149469812311952,0.004588548646233507,0.12676724911720746,7.651485805575142e-4,0.004287996956235734,0.0010796381217116216,0.001868940420834465,0.0035698515027084783,0.002618834480768041,0.0010089453760239661,0.0015236759419545677,0.010591624827928862,0.010466544403389798,0.3050156485121631,7.869116119841108e-4,0.008000326790513183,0.01460423920845058,0.0015198995316360565,0.007703594031592648,0.003394450538237531,0.001489798122728521,0.0037537176132157193,0.007198363056716679,0.020563929702490887,8.423764833899645e-5,0.012466610226601503,0.0014948131910959561,0.010283148629168437,7.033365504547891e-4,0.00643010932688511,0.005526839148392259,0.0031096698543463808,7.214321380939086e-4,0.007949371727472383,0.009030623597019257,0.004746023312379419,0,0.005198607011405897,5.763213746992501e-4,0.008051856960989366,0.010896018126741862,0.028898368513896055,8.172490961441052e-4
0.03024468556955012,0.06845667280698867,0.05583307722894728,0.018005669257697914,0.0608310460611312,0.013464186473992036,0.05177086696843886,0.003048536276691235,0.0033982965336103147,2.925922961564474e-4,0.0028582007006114777,0.0017339092092010888,0.003277623236118749,0.04923331626418023,0.0045787534056049885,0.11670842752885865,8.139974468924558e-4,0.004645824351658055,0.0013067259292628116,0.0013221418419899831,0.0014273664307635542,0.0016975451942811517,4.360874476041067e-4,2.0396259105410222e-4,0.010602264551572574,0.01516052450625483,0.29119835198515304,0.001027670683736021,0.010004271440117934,0.008719918441608075,0.0022935422428971013,0.007553612141133015,0.0036189445904130342,0.0026793468661406353,0.00230546291167086,0.0046942083218445155,0.02093264764366567,3.428086580938376e-4,0.011553758010680504,0.0028888620318395586,0.01326016665842655,3.0949065505781864e-4,0.006884576623914749,0.005189376118347332,0.0014004586680741314,7.715825716657659e-4,0.005935154703350416,0.01130350932585973,0.004179815785077633,0,0.006855987954380635,1.1001497953750037e-4,0.00932414548687988,0.012512464790728792,0.028109736651587995,0.002687812949004399
0.03604007698553982,0.06900304767786379,0.05376007322325021,0.01739357063207983,0.05979753993610502,0.018977498795750822,0.053020506439432784,0.0012887047859448716,0.003332532935306049,0.001342008276001474,0.0032652076315097516,0.0017965334688726455,0.0026132561613134973,0.04725359492050513,0.00426116960886807,0.1087658172397755,0.0013137818709346948,0.0041843577521738454,8.089367067429944e-4,0.001453700773693219,0.0028486302346799634,4.8186187285853186e-4,0.0011068994847804202,1.0416958015381764e-4,0.010415755672722923,0.018543287153099677,0.2933657933741593,3.4345889232557236e-4,0.00814254029308835,0.01220056308225847,0.002264443413539602,0.007491747055603765,0.0031591434385848556,0.003610001535860615,0.0024672423333591416,0.005734181768362536,0.019083990111037827,2.319038597899159e-4,0.016125339086247126,0.0031425891083912832,0.010505717103611326,0.0013479755398235747,0.00612681066107027,0.004549000283940405,0.0018044803893873872,3.153063905185857e-4,0.0065973383429485674,0.009307570746557012,0.005505017832318194,9.159625757387536e-5,0.005464025855753219,3.8666542024735293e-4,0.0068862133967059974,0.01336286013368959,0.026365291466345548,8.486730069413527e-4
0.031916131362704075,0.06821077517598516,0.05913895963945765,0.017540124573175914,0.05786319468224685,0.014024683418087906,0.04744839721236075,0.00212608871264489,0.0033234988023856673,4.4662720765494327e-4,0.002490223430851134,0.0023468404741942253,0.0035861670478152903,0.04954722348950491,0.002930781392795197,0.1317597397244412,7.618982317641168e-4,0.004914752196023047,0.0011030750351194401,0.0022984643527444474,0.0030431361866730474,7.232754299458865e-4,0.0010368710470762522,8.601723326023881e-4,0.009834645131321686,0.02422270007599715,0.267212152115795,7.064204459977323e-4,0.010733097926898819,0.011005541722489647,0.0022269779835776713,0.010498778867442665,0.004002744320845472,0.002317507262027555,0.0016808358664755251,0.005374163230971511,0.01986024700529798,1.009987902310863e-4,0.015547282600723675,0.0015818939446877861,0.013422869379906943,2.2650468888401514e-4,0.007766082241483364,0.004815644987701822,0.002462579512673528,1.6625407062294338e-4,0.006279092181458237,0.011016985297736225,0.0037031301795816068,0,0.0060660976868686,6.798245869893403e-4,0.008590710219812154,0.013483670387617304,0.02353711551917709,0.0014363506104515058
0.032223830730597564,0.07328630058095666,0.0640141028979631,0.015025632424528725,0.058858295190021,0.01605122563099574,0.05178020639036411,0.001947590863229795,0.0035600809755899883,0.001613835645640273,0.002889573583482315,0.0017345575516915178,0.004064639112432486,0.05097316586096785,0.006340604529671319,0.12898063400531695,1.6555663378613398e-4,0.004130719118845693,0.0015624266205949424,0.0015004647169619835,0.003020513426080621,7.925105673316532e-4,4.2940903490763826e-4,0.0011935478183976213,0.012050941963460803,0.01685147100820077,0.260475369418851,2.879642150682071e-4,0.009579879533562145,0.013318521807436588,0.0025702206475541464,0.007264927450617182,0.004456769313003854,0.0024141329089055865,0.0038236133278919324,0.006632389576567637,0.017411353928537893,0,0.010651142420733048,0.0032478878638148635,0.011010171349590897,5.751394002872203e-4,0.006529238280059294,0.0029845352475387386,0.0019757879413935383,2.820471977087882e-4,0.007576626344842067,0.010721627881484763,0.005603548008818898,0,0.005981259536707689,4.4811141620557305e-4,0.009538310095077449,0.011965233878695929,0.02547809305973982,0.0021542610672879684
0.033258375238806835,0.06748377157229896,0.05578015812708983,0.01800534646475158,0.06108559964217197,0.016000351608044392,0.046274000537181344,0.002340350916067723,0.0033882362729922206,6.025244275581307e-4,0.0025257839493019016,0.002251977249293466,0.0020254937905350772,0.044828743793948765,0.004993249141735967,0.11833515745853355,7.289595470531773e-4,0.004858481666146921,0.0010174494593527558,0.0020687664355440263,0.002027154482663582,0.0017921630198699406,5.894834780130552e-4,5.609899463408947e-4,0.011118440053692351,0.014174279207059782,0.2987609484166718,1.1436386688860077e-4,0.007503298721378087,0.009181302638165294,8.492818565408936e-4,0.008760813298014083,0.003869634267051789,0.00381803381641364,0.0012708162678140727,0.006537988146410857,0.02059458823834241,1.7541151616627386e-4,0.010866066725458342,0.004825575890043739,0.011897289417904001,5.543716934559819e-4,0.008440020091150751,0.0049588740205490905,0.0026432077833548934,1.1577580501481126e-4,0.005726448243081032,0.010791405429310298,0.0052530197055477195,0,0.006530970419597376,4.230897601415802e-4,0.007679873137264227,0.012322584048883272,0.025595836642149063,0.0018238226511878345
0.029051319095945372,0.06907475028600683,0.056877083480223,0.016581540410386914,0.059130738026962434,0.017669554423224813,0.04776925060958114,0.0031996110416104124,0.00461261634398846,9.327251838656819e-4,0.0028505429949845012,0.001089548444372791,0.0042607953068232686,0.04340818485311354,0.003675325458639135,0.13553290013369657,0.0012253686652309048,0.004703874379102655,0.0010042631998130817,0.002070552339921194,0.0028571015834520657,0.0015182154655480362,7.269557926621463e-4,0.004148125674987919,0.012635993114112443,0.013933661592229937,0.26896829467571953,8.576263768457525e-5,0.009931189505111264,0.014639568736771922,0.0022915917633696296,0.01046467856588256,0.0021232479610949896,0.004010240880563728,0.0016709689602493118,0.005410434040880637,0.01845251549931123,4.0565799904070587e-4,0.012829923042927047,3.463057424755633e-4,0.014304627349628594,6.020747749025723e-4,0.008161631399576742,0.006285280833021067,0.001649558605342967,1.573476026986741e-4,0.008643604563242787,0.010029576460367116,0.0030031825814001156,0,0.005919100804111755,7.772553321619913e-4,0.008809499280929584,0.013329975223935931,0.0256663739676282,4.899333094839384e-4
0.03224837677328133,0.06907388942717181,0.06424292046304247,0.014850593325757009,0.06724512935217854,0.018919859711437406,0.04590470196146679,0.0034044720119640595,0.00321710468203016,5.374277193818962e-4,0.0020876627400163283,0.002471139591370979,0.002835794089629239,0.04403308690314081,0.004694160611370609,0.1172169881724837,3.416615690673013e-4,0.004240777090389926,5.214696004096662e-4,0.0015288280659925251,0.0035191080938938553,6.744803606136809e-4,0.0010964147758577663,0.0022469102314575198,0.013557231889438024,0.016140067931638167,0.2746923754024387,5.804346313097652e-4,0.008546674475604704,0.01571623639457833,0.0017327364373465276,0.007415635865038763,0.005432646594278164,0.0022646871251992243,0.00203638008802413,0.005082827770161851,0.020416343892827364,3.1368818452098525e-4,0.013893508077702602,0.002682990004508202,0.01288021265336087,2.9495410659042355e-4,0.007781636956700692,0.004215784098966507,9.195469145710925e-4,4.477212874727895e-4,0.005914427033385172,0.011958400255372656,0.004226870915166319,1.1030137983603555e-4,0.005725542232927117,0.0010114133932676958,0.008069354995906077,0.014270393565389745,0.023143313991907794,0.001372704131158144
0.03710447396007553,0.06804515488218163,0.05746793828089176,0.019114773258588867,0.06170339448128344,0.01634413261556418,0.04729728323618685,0.0015646430469837052,0.004206144783261279,5.219436016104834e-4,0.004540926139871265,0.0024606911077872354,0.0016281101902652592,0.04501357088462449,0.004972203317959074,0.1204363499060946,6.744099726280438e-4,0.0038741613016387766,0.0011520732535816416,0.001562402000863985,0.0031673699204011227,6.865853700098022e-4,5.985323087908968e-4,0.0036364535885148952,0.0121827765273897,0.011949442649986033,0.2843059887814298,0.0015510887406990261,0.006682848323873544,0.014396770772758418,0.0026411388386376492,0.009713001857913703,0.0031968749283300566,0.0037253376376691245,0.001656468859245314,0.008120704149754224,0.017712564012265637,3.47485951347526e-4,0.01374020338090309,0.002077793246150356,0.010842566266228778,8.5923182288976e-4,0.006071472695403017,0.005227194399982767,9.753374504046375e-4,9.656735702260141e-4,0.008818620538991101,0.008123130729845576,0.002689938698757608,0,0.007072290371531198,2.1365314859458036e-4,0.007654063629291348,0.014333447290643888,0.02338954677426541,9.896225449323162e-4
0.03358730336531884,0.07147687517192253,0.05548562564177887,0.020559797330345287,0.0609243726781914,0.014938420824985406,0.04982244500751925,0.0035909147131122643,0.002710404953249957,5.988931887324009e-4,0.0016897227317441317,0.002065504087459497,0.0018673600736186322,0.04330265532539162,0.003240152820827353,0.12788852335951473,0.0016119258949704488,0.00530220845229767,0.0013201345006995783,0.0014542748229381005,0.003860885533184032,0.0014326233794293667,3.3857407453586756e-4,0.001053813849005571,0.010067270502644202,0.012134542147231675,0.2899525547225384,9.74913420335869e-4,0.007461932023131116,0.00968126697850766,0.0015899823474867767,0.008209577011613704,0.002269069786387477,0.004340367759583798,0.0030986183763200554,0.005478268183819532,0.01758316415334382,3.6468728747433935e-4,0.013695450759347697,0.001294456162927513,0.012036899322927584,0,0.0072043945148539444,0.004948523710169034,0.0018931937401116849,7.562928273471271e-4,0.008325239325123116,0.009499991460130435,0.0032212760256878415,0,0.004709431515791863,4.672477138731643e-4,0.008364736488780042,0.013311317062669626,0.02514993774598943,0.0017919851430786729
0.034985440601300516,0.06608608362911514,0.05627297494309623,0.012087671348585896,0.05703635664516977,0.017858811549735554,0.04784915737884228,0.0037299516114613403,0.003888814421319637,0.0014858772122718627,0.0023114058176275246,0.001168154188876655,0.002611751436223529,0.04328223257735867,0.00442388013610731,0.14998912701030234,0.001478413804240837,0.005130498576616547,7.735264327943953e-4,0.0023408760972549046,0.0029467629121896076,0.0019187849050925996,2.117527973393709e-4,6.377431703569859e-4,0.010968802225498973,0.01010808601505832,0.27732404138747496,5.997580289792839e-4,0.008938178180411172,0.009142970592877485,0.0024830680403814275,0.008017071986081504,0.0031547905668691404,0.004148586535442056,0.002170568702729999,0.005522130855121347,0.018137886748940332,9.5509034801078e-4,0.011501939437915025,0.0031795120617991823,0.01309529148681686,3.930099656503423e-4,0.006472601670086364,0.005434841627077677,0.001828398265636211,3.1256715243717825e-4,0.007351707060481736,0.011154049530576395,0.00463654053120661,2.2980373588143735e-4,0.006071984313451648,6.847644132240029e-4,0.008133790855678696,0.012566986592916631,0.023733984316892366,0.0010411475651153335
0.03742148941327477,0.06962063401543257,0.05745207797027147,0.01664623445233892,0.053030757656885454,0.01651312521319004,0.052662197106352567,0.0010190132107534555,0.00366199623460872,9.678933330514316e-4,0.0023776917073263498,0.002812318731495098,0.0020560587488308952,0.047191692061520796,0.0034804575546067483,0.11644539538395872,0.0010165469018527766,0.004993684723053931,1.67518738760179e-4,0.002156218362492971,0.004046943028469563,9.603210987654755e-4,0.0012863175095184799,0.0011028326687350567,0.012838482483039525,0.015211188160474285,0.29702290115860985,3.3380097072891217e-4,0.008440240699983398,0.010226021877026318,0.0016463263787436786,0.007785570738309146,0.0026703809471024464,0.005278694791679871,0.0019649494420024157,0.005020999260337458,0.02059484920320223,6.918780745197635e-4,0.012087598641356334,0.0015021943039858368,0.010760685464218885,2.5893640462857736e-4,0.008819164548226234,0.005392891192802072,0.002454497842345948,5.163271264687136e-4,0.005861852049454289,0.008772417926266677,0.0049369565758774795,0,0.005753260086559536,9.660661662937897e-4,0.006650797752298705,0.01235009945787993,0.022892254200312556,0.0012083002497186694
0.032797629963188656,0.06475683862204668,0.059461509593838446,0.016268446941110012,0.05437431984174978,0.01652671607627654,0.05301986704978937,0.0027571594419964845,0.0026970737914948357,8.769303418761078e-4,0.0014142217032724982,0.0037134679052891494,0.003188224510815615,0.042948824158690266,0.004486400667271102,0.14558290247472355,0.0011414955734042377,0.0036889923369005225,9.543962635568407e-4,0.003194108846230789,0.0035683246603387306,0.001440451554286726,8.873075095740394e-5,0.0019074242138147858,0.011894618096715569,0.015214516292203321,0.26422332514753755,2.247957841103584e-4,0.010433741842032399,0.010723088521509359,0.0018848200084307582,0.00996032353999681,0.0042676999491179715,0.002719406393023817,0.002969511123094902,0.007332138938535141,0.015931840059643487,0,0.014938715190410137,0.0021421148312259753,0.00903351661730424,0.001154917735925224,0.006170821487284875,0.0037972205342769356,0.001649917062641425,2.4559475993575004e-4,0.00818885555093928,0.010555951585962788,0.003655298753126612,0,0.008052588016807144,3.613957388499656e-4,0.009335314766807327,0.014185892199573294,0.026883606131292533,0.0010139960587659334
0.03088428105324787,0.06790338318001957,0.05574741866467718,0.017248448092588027,0.06519173864584131,0.0160032688930647,0.05164126433729062,0.002939967664311585,0.003693855543929456,0.0013810950337642392,0.0026783310546742967,0.002535182684234696,0.00242807813197881,0.04450079196508168,0.004068871440750553,0.11953569039596829,0.00218568236898165,0.003383057230951288,0.001882305008416256,0.003820440704154319,0.002850414093707308,0.0016587593489501803,3.818159578681261e-4,3.7733242101865074e-4,0.009607924969133066,0.013188392178281397,0.29045094880544764,0.0014022046616297917,0.008578960726446257,0.009183179179859703,0.0019079611670275902,0.008879869336989272,0.002779424609463993,0.0022385734919357953,0.0022730869090336688,0.005341779716525059,0.01938576381584286,8.228611633470094e-5,0.015649820884913162,0.003299685431212522,0.012301303309091962,1.0400194735723312e-4,0.006702280948565671,0.005964221388070622,0.0029435760723107614,0.0011496710658411128,0.008607564705357803,0.009705245449652452,0.0014609681276212733,0,0.005900883683066582,5.733824887917587e-4,0.008887233176443996,0.012232119046702933,0.023770115474992186,5.26097200586538e-4
0.033651287151042576,0.07155538652245072,0.05589990076824447,0.015529541985755943,0.06319402256427015,0.014143758056310839,0.05033596535221691,0.0014311833225259488,0.002581812070152761,6.668832099998972e-4,0.0029213966798958325,0.001973041277728251,0.002063126093899689,0.05841848212324341,0.0037907140802892056,0.11795476964682157,7.934454275025007e-4,0.004333047567292927,9.246245837132676e-4,5.916702475449444e-4,0.002466664352628526,0.0012974457178260943,0.0013478022274070703,0.0054940730266987235,0.010217917199956562,0.015358691163229365,0.27218898897152216,6.479266456753283e-4,0.00623810101908483,0.013629787508976452,0.002392020201952532,0.010022635426916018,0.003148149380614131,0.005454133733684588,0.001762990006838469,0.007398515592679757,0.01741601294554162,4.148882190470696e-4,0.011815890500629492,0.0019796850530895385,0.009612787071832638,0.001082441924405046,0.008856878851868588,0.0050542321055275785,0.0016529244514058774,5.980475166881183e-4,0.0063122588813493835,0.010303148992239443,0.004723989387493145,0,0.005685123418271603,1.6269333442465417e-4,0.00950040828500507,0.014491350738119739,0.028036207639893944,4.811297765750504e-4
0.02869598522838884,0.07024510386173115,0.054777050375832616,0.01497088366056563,0.057955648695355376,0.015424897053903043,0.048102224302014635,0.003030951363688067,0.003606575732668017,6.317686865115592e-4,0.00400665045397151,0.0025547134792748053,0.002647240702810636,0.04711992281242107,0.0036916784620281673,0.16580093129236897,0.0012108872448351434,0.003972009835066793,0.0015083924108365827,0.002157485527576769,0.0037010440707583043,0.0011442070181131557,6.10429017673353e-4,0.0010147626757163017,0.01258246067362408,0.013917532662279433,0.239802761900982,0.0018673709738128027,0.007292816143613914,0.013557780652490825,0.002023191260443959,0.010048551391204596,0.0044773864152703406,0.003011330516417836,0.00271941541235657,0.007141785114734761,0.01911999163945776,1.9367762927743207e-4,0.012700862480281551,0.0021596388621090514,0.011117996310139258,3.375696422035023e-4,0.010358913608095629,0.004442374926501462,0.0016114394038557402,4.3475505991279835e-4,0.007320852073888358,0.011809626483308588,0.005000010733477519,0,0.007448307226007624,0,0.0071394957945856196,0.013405535368204567,0.026694185375418455,0.001680940301933485
0.03465371862448841,0.06925193359922005,0.05970403398840205,0.01678229016200684,0.0617749008159123,0.019339277242640868,0.04549302108004669,0.0027621380490711997,0.0023599709726091138,9.314538950547528e-4,0.0038172876772226633,0.001859262683118985,0.002587229011312852,0.05069195863236904,0.0038552892717812403,0.15537819770304642,0.0018755805526510527,0.0036625838357822486,0.0015387375317974271,0.0034080892996409457,0.004492019136386993,7.228706278298173e-4,0.0012436827061004937,0.0033995022501874055,0.009386005486676386,0.012442426392307738,0.24367804345460206,3.7712952141414236e-4,0.006688078962817493,0.010398511939437144,0.00288815298276816,0.009446840015979658,0.004055221329128646,0.0029225609122336803,0.002509697327847201,0.005520848455243809,0.0208765673606964,3.870598516736536e-4,0.011648785794792872,0.002028143934212209,0.012696957721329347,2.200557188256495e-4,0.0052436554373525065,0.007898231317782719,0.001845896874440077,0,0.00844583565352875,0.00980711135760095,0.004517310380615809,0,0.005178177283168198,5.271386935300109e-4,0.009517266131215433,0.010957270422945939,0.025312500520504988,9.934894166484939e-4
0.03136943189721614,0.0721113818405076,0.061895815848281695,0.01442281755437223,0.061637565936719034,0.018917902437263878,0.04705154813532885,0.0019272766520587637,0.0031196640716862722,7.618770381750432e-4,0.004311672066807619,0.0026487856570651443,0.0020822699875164006,0.04334060183077706,0.003864378283411714,0.13887336603994424,0.0016217220014426263,0.003939738831678798,9.93885165487348e-4,0.0021159206203644576,0.001996750269331376,5.133281628183313e-4,8.233838097781715e-4,0.0022936949542409694,0.012351600837344932,0.02056372802183636,0.24922187316075647,5.154138723812642e-4,0.009093261609540453,0.013754121244996018,0.003301644031405694,0.00835617527067168,0.005274843201096318,0.0019038482015021506,0.0030217941533389474,0.006136871374322619,0.016439242312108807,3.732866508939785e-4,0.013808417206889596,0.0036812627507041007,0.01452229248789034,6.423669266744782e-4,0.006772116214959881,0.004521012674234401,0.0016715116784540118,0,0.0068674201794405075,0.010206050223650261,0.005450026601200922,1.325953903825049e-4,0.005756441370715367,4.688176287023569e-4,0.00916641717482333,0.013158382462014532,0.027457767778463,0.002774618216330969
0.03275059800547161,0.06758656472357022,0.056802793975067475,0.01481450501018311,0.06642996395335193,0.013097566967536797,0.059854768192486696,0.0027875181900196624,0.002719557065071944,6.588011357429527e-4,0.0028744312854080767,0.0025882281163007084,0.0022002039686155185,0.037066076927894855,0.00440451749368572,0.12252715631448947,0.0010235944004337075,0.004220484017593692,0.0017548864252959816,0.001967636899035563,0.0026812955441317394,0.0012333355640534146,2.588765963992476e-4,0.0028326132863876917,0.012792074025085112,0.01383072747891745,0.2842755448031404,0.0011467897099777858,0.007427016930160475,0.011758156176964907,0.002957982037090262,0.008159918747258275,0.0041949819442829205,0.003406999158710592,0.002380501153641656,0.003191575700151208,0.016359651863124745,2.225418420712423e-4,0.017727860010244883,0.002124442460871806,0.013221308308423068,0,0.006597722167952324,0.004093800654379924,0.0010212478523363812,0,0.009032318614839639,0.011242307956126265,0.003374950392384088,0,0.00594924925369195,5.749756634624997e-4,0.010322106477122693,0.0127147685352947,0.02418954853972655,5.729574843384443e-4
0.0300584332012706,0.07011747641458334,0.05112971070626884,0.019512452423634644,0.057725902092899045,0.020674246375968288,0.046379859470946166,0.002062239726372988,0.003172138460351679,8.02845918731073e-4,0.002460258907253107,0.001941879375035135,0.0033123999489214277,0.04688059238821073,0.0038558830365553317,0.12626592031845926,5.593709881127941e-4,0.004808036263460518,0.00202055133309332,0.002446138853378091,0.0018228679060247439,0.0011869142128642653,0.0010629306335176913,0.002588061721287426,0.011274885960891207,0.019207979212197378,0.2817149971036153,1.7105355316532247e-4,0.006615267736666164,0.01435113238549304,0.0017003935781066506,0.00890114083800126,0.003102407079675315,0.002793061320385416,0.0023021973394096768,0.005837864264444357,0.021338261766253915,6.383572807457196e-4,0.013556235317168387,0.00271513151488917,0.01338728290548685,4.4584653675703196e-4,0.006311119272658462,0.005615075945550675,6.819396999288831e-4,0,0.005987415578660368,0.011852675340256056,0.0035744459555400246,0,0.006113274585549417,6.694338056025977e-4,0.008472598071560486,0.01048489084142104,0.02441086068474701,0.0029256638479723224
0.033879971621256735,0.06467756975022182,0.06428884854104833,0.018415464303141327,0.05595162986338153,0.016055062457883303,0.05651433053504068,0.003577123190803807,0.0023871281875612895,0.0012013466282008128,0.003420947005973665,7.132331263563724e-4,0.0031313626147597934,0.05058985585315883,0.003523730047423317,0.12085123786690029,0.001462283006594509,0.004816479223642256,0.0014886338332108235,0.002263555785756282,0.0035835653710332583,0.001610418983327402,0.0010953125004884681,0.0039814649504146165,0.008340803781186174,0.024461051251625034,0.2608306683597029,0.0013111082847516344,0.007426913170903288,0.017557572667017924,0.0019155582943089892,0.009373947799036775,0.0027039747921127756,0.0029040191029018137,0.0021717359980859894,0.005982248616075143,0.020083585726083784,1.0457223837700027e-4,0.012143677530516473,0.002690480585156868,0.01482372374134497,4.0724267467623387e-4,0.0055064339295831525,0.005836083025407738,0.002463157596979076,0,0.0069705314775946915,0.011421914277773976,0.0050517884042974625,0,0.006550340926180074,4.585853670850092e-4,0.006347304894317528,0.014276363956788721,0.019663282407195608,7.407738753536765e-4
0.031084675286058808,0.07806115890998615,0.06163222079391488,0.015799928115810033,0.05832209524614236,0.01767173063927675,0.05397149593773578,0.0032650577030264596,0.004427159831162185,6.264790379291585e-4,0.002595168273211597,7.071618043419871e-4,0.002887583847379116,0.04762922360694968,0.0036865831533008536,0.16801574250455925,5.45894652936325e-4,0.003951162832026728,2.8260263499013357e-4,0.0016504674969913702,0.0033110498019399155,0.002002460734385694,7.112408754518928e-4,0.005100089195997183,0.010115733793582403,0.015542617925535535,0.21594416678266765,0.0012269216393128951,0.009269688390903587,0.013521430251123205,0.002288925956154888,0.008265937063395507,0.0036751211810400124,0.003068307520955904,0.0018883822508586779,0.0048073295976568155,0.019126870613950464,2.913983634028253e-4,0.011568711072273318,0.0019011044772428566,0.015360533751632611,5.7451505685229e-4,0.007096881894799197,0.0049975754173108775,0.001721729437192549,0,0.008088679173420751,0.010838820164958267,0.004490881606862718,0,0.005858016039090918,4.0544853613637925e-4,0.008143809838239782,0.01417889887126512,0.02728316206508428,5.199683515934134e-4
0.03290503502192051,0.06996186610662886,0.05358063138475231,0.01839203368316911,0.06046252948285785,0.016531524101496168,0.05062277346174893,0.0018624027496389529,0.003553725231210469,8.111451657033875e-4,0.0020608604124764426,0.0028494620250549946,0.001824216665677356,0.03956564341971966,0.004278847019275129,0.12394010864286832,0.001329166061593221,0.002902959200522169,2.593947657648165e-4,0.0027717906374430806,0.0028507841840562033,0.0015662040497138115,7.51149980183241e-4,0.0017418201170355228,0.015327870488186936,0.013036653274799956,0.2933352764047991,0.002205934471933101,0.008404172464821886,0.011781950245603265,0.002715293359734688,0.009233740765868064,0.004498735622357929,0.001589211617902305,0.00243893334189385,0.006859868711678529,0.017104038964694153,3.674064302290118e-4,0.013728688253132209,0.00201175296681784,0.01169796807320943,1.1834295732646354e-5,0.00624911761288478,0.004834244657451853,0.002177671439784794,9.164623605309981e-4,0.006763994080025651,0.012164550990494618,0.004675265776303286,3.1993897674196267e-4,0.00435677411275273,9.717005061237223e-4,0.007159033779561817,0.010316435834212833,0.025185695490890194,1.8371105833532017e-4
0.03371969420038111,0.0725726004183455,0.05791558576742384,0.015586155033991312,0.05822377110431439,0.01414108143981909,0.04966877630938546,0.0012296723899967664,0.0029922949919259935,7.943254292148022e-4,0.002358454520297143,0.0025812029031887914,0.003090854711914152,0.0431422652277909,0.003781696620186072,0.12421532445823945,0.0011868006117648122,0.005234439562552062,0.0014011683016708196,0.0036752381077753684,0.0029426734472864043,0.0012263220981606352,0.0011295209993753483,3.3128796799389613e-4,0.011624533528845685,0.012557425336336294,0.29221058229612035,6.298588697502642e-4,0.008691896066881737,0.01293386277339074,0.00253248785502042,0.009556223531521505,0.004115001700754641,0.0026985840438119163,0.003888410521846506,0.0042784449547514525,0.015346347235800738,2.1459375000161716e-4,0.01556935168476875,0.002311153362966282,0.011387366256961514,5.094158218391249e-4,0.006634207284309164,0.002957084439968204,0.0010812264861552964,6.666145041080365e-4,0.006472489035792424,0.011651978397618865,0.003530801724911119,0,0.006953211018110571,1.5108939126439456e-4,0.008308183194734258,0.01218731667952341,0.02415507440886139,0.0010539772202792174
0.02660015647940515,0.07194396252434121,0.05390021751597646,0.01571296123143707,0.060993867528903324,0.019512257601083022,0.04843486950355116,0.0024409744096181413,0.004275325634053061,8.59851810560775e-4,0.00420026434981504,0.002671278241199802,0.0020388778758357495,0.04660147090713615,0.0038806773727519004,0.1483378486726845,0.0010608975269842831,0.005650171450782252,4.3238897694205245e-4,0.002142309882507759,0.002175862248450332,0.0012085441014290403,0.0011173918598718466,0.0012719438539197593,0.015902870189009297,0.013129703370828003,0.2507582904373297,0.0010019540649917477,0.0076644052342152566,0.013922608181760854,9.543258379115746e-4,0.009415888702913442,0.0028779645152845128,0.0065180799620604395,0.0025796049107554677,0.005192022211761699,0.019402164452935286,0,0.011865582764816637,7.415929717097683e-4,0.01470719642765744,0,0.00770827871944256,0.004062423473473847,8.810305541776232e-4,0.001203809413213472,0.007397288518798983,0.010939949348330067,0.005024193729826591,0,0.0050864722967217686,1.296114239457297e-4,0.008434941196631088,0.016865230340199693,0.027753887402892283,4.142577871653156e-4
