i2_health,age,household_size,cantril_ladder,r1_1,r1_2,week_number,hl_covid_num,vl_num,region_Islands,region_North east,region_North west,region_South,gender_Male,i9_health_Not sure,i9_health_Yes,employment_status_Full time student,employment_status_Not working,employment_status_Other,employment_status_Part time employment,employment_status_Retired,employment_status_Unemployed,i11_health_Not sure,i11_health_Somewhat unwilling,i11_health_Somewhat willing,i11_health_Very unwilling,i11_health_Very willing,WCRex1_Somewhat badly,WCRex1_Somewhat well,WCRex1_Very badly,WCRex1_Very well,WCRex2_A lot of confidence,WCRex2_Don't know,WCRex2_No confidence at all,WCRex2_Not very much confidence,PHQ4_1_Nearly every day,PHQ4_1_Not at all,PHQ4_1_Prefer not to say,PHQ4_1_Several days,PHQ4_2_Nearly every day,PHQ4_2_Not at all,PHQ4_2_Prefer not to say,PHQ4_2_Several days,PHQ4_3_Nearly every day,PHQ4_3_Not at all,PHQ4_3_Prefer not to say,PHQ4_3_Several days,PHQ4_4_Nearly every day,PHQ4_4_Not at all,PHQ4_4_Prefer not to say,PHQ4_4_Several days,d1_comorbidities_Prefer_not_to_say,d1_comorbidities_Yes,vaccination_status_1,vaccination_status_2,vaccination_status_3
0.10277174790064317,0.03666082579535928,0.018606750156965522,0.00931254909636611,0.1558482834264788,0.009843647790536583,0.10022970507493387,0.0028742241618953286,0.003289771657164997,0.0035673362374572725,0.003599364739436344,0.002253466771091437,0.005844026838301299,0.025652663504229678,0.02376482135723916,0.1522456827366823,0.0016593280697383085,0.003864952861575894,0.0010537068166860254,0.001672082642392707,0.004646922616766981,0.0014488786457690103,0.0015497555220816842,0.008854053828614913,0.008069105013949111,0.025480416560046976,0.16207161199784498,0.002255763133409275,0.010880184752284883,0.020184300798349968,0.001982255418024271,0.0021685377601781326,0.001243790463954141,0.019240238711840555,0.002318290507567088,0.0015308225438515856,0.0026708219476316523,9.086783549021243e-4,0.0023853743154091,0.0015100283239381552,0.0031715870603548405,7.789474324664444e-4,0.0023329537825655493,0.002151292102479769,0.0029143816194871757,0.0012324277568137561,0.002244716868953113,0.0030424929861219293,0.0023670356649837707,8.567384710001737e-4,0.002450474681084016,9.050153467313726e-4,0.0034300855292165203,0.0035788832059286293,0.013292987276409957,0.009235211363814238
0.09105649188801243,0.03641548620386376,0.01970738496096586,0.010200242322326612,0.16767859184121175,0.00907556227358549,0.09958500157236878,0.0031022328337342825,0.003417598433208297,0.003935986599551791,0.003461665595376621,0.0020103113512912343,0.00473535734666209,0.021341492048625416,0.025061684147274436,0.16252517626053706,0.0015360374423663244,0.0043780036903944474,9.095434872742424e-4,0.0016657130975277984,0.004105717473100934,0.0014486073879254233,0.0012939366301224196,0.007457470159053063,0.008528757633442111,0.020128099990358136,0.1593957688603913,0.0022879185469608866,0.01203651773835515,0.021213721578683557,0.0022245493899721385,0.0021369971465672773,0.0010451317821112735,0.01629254673283852,0.0022589541231851193,0.001298748868408185,0.002449426809693698,9.899667822315212e-4,0.00269327459586667,0.0014877471669403565,0.0035018137157184566,9.558229299291645e-4,0.002368518150543133,0.0018697774003421342,0.003133740456720848,0.001139280246844661,0.0020024812186247667,0.0028939610323042474,0.002743526095162902,7.894794311125482e-4,0.002085899667675884,0.0011907878370584835,0.0034733732526445902,0.004364412417919932,0.015028761615036603,0.00988494173999506
0.09956711965311028,0.03707422653376353,0.016895626637662055,0.00980243741828725,0.1532559938023312,0.009412471173569035,0.09883615787437731,0.002703198281774675,0.003232152750768874,0.0038739586995075784,0.0031623157814542635,0.0019991554209064016,0.005663192796583609,0.026129975805877757,0.027398566972673996,0.16175125940377594,0.0018872296053297774,0.0041034938432504865,9.742885814487812e-4,0.0017639814604552596,0.004176129696030706,0.0016900824496790061,0.001402701466350545,0.008732210920954997,0.007863826865839989,0.023182983544203985,0.1621937887705089,0.0021616945890806333,0.010088399702882148,0.019434333456180633,0.0021259497001106463,0.002276627782355652,0.0015840807917906184,0.018106961393598773,0.0018854383317026082,0.0015951869546400935,0.0025903398911030014,0.0010006561223193098,0.0025116666998143524,0.001532050407883282,0.003981389601183191,6.730843960973296e-4,0.0025126730130829995,0.0017563311302509397,0.003188074066021529,8.524325736819101e-4,0.0022545450062508307,0.00318552388683911,0.0022997213459156015,6.637326467915955e-4,0.0019764579898987897,0.0011063042087680116,0.0032631037953376745,0.0039204939177236485,0.01373749875860654,0.00900672162961231
0.10094972698555914,0.035893026328679994,0.017608293939599298,0.009624624447432418,0.1615343809310872,0.00958038864956107,0.09384825539482711,0.0029506009891525214,0.0035264643587527827,0.003370868608238809,0.003642161348723719,0.002184774379620595,0.004949740716029717,0.02337932305614219,0.027434142396796573,0.1613936655598257,0.0016457909214360657,0.003556260292322431,9.838913809316107e-4,0.0015783389503913462,0.0034968209872789026,0.0015360196024577486,0.0012666089805081055,0.008869056111552049,0.008856303179328612,0.02076514368058149,0.16305271352004427,0.0019555266939891252,0.011641980066472319,0.021444951240041314,0.0021707965246977384,0.0023162641167895014,0.0010949193420848476,0.016495225437175996,0.0022070474192889796,0.0015457753169778976,0.002394905831063486,0.001030231218049646,0.002843579218643441,0.001700140266648437,0.003581349418793025,6.221311695870097e-4,0.0026352053185406178,0.002142563919099719,0.0025511927460695333,8.599928515763366e-4,0.0020195576796579948,0.0026912485798091103,0.0024546996335832955,7.831225844503434e-4,0.002119399345567172,0.0010678651013441738,0.003372337530052512,0.003947140629102948,0.012948217386629846,0.009885247717352106
0.1105189496150007,0.03494956878923905,0.01858645239888395,0.00934407597473683,0.13919932481667674,0.009649653053124745,0.09777598557865559,0.0031219760715489367,0.0036370570445826648,0.004899750293131425,0.0045482545625225215,0.0020327106797090673,0.0053624826164057225,0.026197209334167904,0.026791293105734925,0.15511626998017117,0.0016917587399583676,0.0036834190991460593,8.383717801882408e-4,0.0016740698441506789,0.003999381675758328,0.0014829904353985107,0.0012070280013003988,0.00910863003346711,0.008735611730982987,0.023781107612121166,0.16837398856044306,0.002135634489570077,0.0112887921582361,0.021650030646161098,0.0021108905281701728,0.0024288983289888796,9.94975508227909e-4,0.017052514919149973,0.00208631023509886,0.0015651642933207637,0.0027586796504607282,9.568348443774169e-4,0.002697083030222052,0.0016346246271132841,0.0033924623449720884,7.250438971108916e-4,0.002249673820037864,0.002137565632806061,0.002515725090325461,0.0010625469312493141,0.0019759577316290034,0.0033894659563459264,0.0024696343227380013,6.570050194750057e-4,0.0023529848019273897,9.385186306018726e-4,0.003393788769895689,0.004166916340016467,0.013411249556701376,0.009493656467863458
0.1021683104551899,0.03700566938336877,0.017893792354254548,0.009723870985389278,0.1539976312785172,0.010199170767207296,0.09614168364835628,0.002914045847505788,0.0035450268987810897,0.0037367880412689275,0.003931946619351975,0.001990957830089905,0.005759591653073281,0.02706698560545489,0.0278954519393086,0.14945245361342907,0.0017073653690929309,0.0038504623483648047,9.592273400248561e-4,0.0017262404168069444,0.004650301217186209,0.0015234944190577343,0.0013289530301777105,0.007079738162783545,0.008461144244408822,0.02402974655798731,0.16754172720470548,0.0024189273840841898,0.0100965056404199,0.0221947521174362,0.002110693495804467,0.0022681001651646614,0.0011962182142187137,0.015597860399271338,0.0024961055276696434,0.0013986670957872617,0.0024033314912890106,9.402822639489563e-4,0.00270087268225274,0.0015985093696219126,0.0033272579685741156,8.757512700283285e-4,0.002634052178959762,0.002024861509142371,0.002962622492633207,8.181338769827803e-4,0.0023691119037963027,0.0030893951565442164,0.003030173415394359,7.897164543360383e-4,0.0018578926581084268,9.47967307532034e-4,0.0031874542262178545,0.004844533898396101,0.01351307808101975,0.010025394524222223
0.10354812556407338,0.03652382046731455,0.018577809207100678,0.00943413359621097,0.15542744174778228,0.009422138230474537,0.09189176068852793,0.0030046548754058436,0.003261947327703066,0.004158262498418589,0.00405514525614482,0.0022088690112293257,0.005365471922813797,0.02696752453430757,0.020367428199359643,0.17558988349656282,0.0018213860331528081,0.0033752994258425145,8.400236766122098e-4,0.001490988479947689,0.004003854981287493,0.0017278642926069731,0.0012270148341958795,0.00846443312487009,0.007623945603466535,0.02133560705638893,0.15526715933389265,0.0019185857848047858,0.008797990364140307,0.017194252465210474,0.002102986631650023,0.00229545826672797,0.0012072045381072893,0.02039148611905512,0.0021825495437180144,0.001698089613729413,0.0025199510941891386,0.0011649972402505231,0.0023975924709816205,0.0016179330957448086,0.003448677395823583,8.456909839251158e-4,0.002309511493132383,0.0019555787415129517,0.0024664666090399665,8.034548250543474e-4,0.001962008806083036,0.00294392618499113,0.002606039087163128,9.219520178697386e-4,0.0020205666589855685,0.0011207917994245334,0.0032252514238004983,0.005055376430193856,0.015468011069971765,0.010375625779025293
0.10486557091649765,0.03577202859885589,0.017074664908427187,0.009686282856233689,0.14874730065772063,0.009681048490085461,0.09764695591210328,0.0028284107326919518,0.0033886317645039823,0.003686140109887379,0.0034983921274764204,0.0023600180065350717,0.004930304563458577,0.024030350857850397,0.023514698920180127,0.16288629686034287,0.0016394600485006706,0.0035875396526876533,0.0012071563495210085,0.0015958195516677773,0.004359761608787497,0.001503983753892288,0.0010824422589466537,0.008937380527915898,0.008659119820475809,0.022686607328473173,0.17604528876446918,0.0021314791466197375,0.008955548405022858,0.01957997155246002,0.002123599669963984,0.0024030255890203716,0.001137666278803732,0.014297582944744886,0.0020759634941200783,0.0013737794977021322,0.002604392816542992,9.161111886345454e-4,0.0028855099065525445,0.0015439476793409916,0.0035081116192909895,9.527866904707322e-4,0.002299377344462958,0.0019417685051376613,0.0026073723870016037,0.001007921721142478,0.0021558757968685354,0.0029350618838384756,0.00235732485014189,7.479245137134084e-4,0.0019870757498657455,0.0013494215927188356,0.0029523329265354896,0.004224769914730103,0.012639207120873906,0.008403433265490104
0.10884047807849231,0.03816091730311262,0.017239865895973663,0.009197669337431987,0.14669678803468977,0.009847052426082647,0.094813826430261,0.0030508854098614388,0.003479425051618338,0.0038335236934409693,0.003537518685572101,0.0021460388387412187,0.006414039321265166,0.021550061762132904,0.028267703398444227,0.1582400115562537,0.0016102761897116818,0.003456601207004961,0.0010311437623163103,0.0016305882188655143,0.003806654775095459,0.0016076317982102568,0.0014174245834247194,0.009953408672972786,0.007943519080109335,0.020607727766192824,0.1719128313332997,0.00230527144092393,0.010214198672317884,0.02122567112492449,0.002211451491947313,0.002312512518790933,0.0010963539137129356,0.01453163601951876,0.002109618159432693,0.001675343772257615,0.00254387048734419,0.0013462178282792716,0.002863793582910497,0.0016922120963251944,0.0032313542545605073,6.734016809785062e-4,0.002391320664102183,0.0020826198125056946,0.0025953873892848372,9.22631460720519e-4,0.0019244766115540787,0.0029744592437573464,0.0024344517224863522,7.75623319788678e-4,0.0019355293477015655,0.0010387053217764727,0.0033294697155188753,0.0038255050574633976,0.013674134529135325,0.009769166149402405
0.09907074675326538,0.03975016530619932,0.017615293442969346,0.009765333284082725,0.1500903061882582,0.010005185757016768,0.0993263756962425,0.0030924293348729075,0.0035230067528905814,0.004537113735217217,0.0037471302341890275,0.0027227724104225523,0.005267130829940547,0.024295226489883148,0.02930932204637468,0.1461116892793569,0.0018149279854434769,0.003619243293635938,8.955767177859939e-4,0.0016450549813194545,0.004626702317213882,0.0015819391158020486,0.0014839100356465727,0.009333443143209497,0.007984103418671923,0.018872451729761926,0.16957454278215722,0.0024313817967389286,0.011636249694974387,0.021703786825588878,0.0022156246126339737,0.002412002570115185,0.0014373442381327589,0.020630832210605902,0.0022936841667510976,0.0014640067219560344,0.0028493016329333752,8.70569092104131e-4,0.002664142643027353,0.0017793382768420954,0.0035345539999209626,9.198925430000173e-4,0.002389903519581043,0.0022335129549754147,0.0025603239748814895,0.0010867495291969858,0.0021159587362114714,0.002997169891505113,0.00272160147029033,7.521538948903112e-4,0.002357979762395082,9.794372937653407e-4,0.0035471422016841074,0.004859933965170288,0.014149518560783907,0.008744780157514235
0.10962201828732658,0.04047537504413918,0.016341621130188326,0.00983434465175186,0.15222061068363688,0.009882388611509689,0.09896344315516106,0.0030979939704812907,0.0032589898613662803,0.0035556842803650245,0.0032526791475831706,0.0020298257125005974,0.005848126892624584,0.02761466652955165,0.02534593230208098,0.15255918396622623,0.0017156255113259875,0.003429423230885072,9.311358501792033e-4,0.0018204012295482254,0.00449262124215056,0.0014759866925511277,0.0013483226876549587,0.007533469507997147,0.008223072088718638,0.020394743349777516,0.16088080234736551,0.002125794761281726,0.010837330175343168,0.01995986497985094,0.002181789685430803,0.0018651528123846113,0.0011829951046329584,0.018113811559260354,0.0021458665287025663,0.0014864563262696419,0.002701756915417522,0.0010358345551357477,0.0030989436873211113,0.0017911865917605626,0.0036038730997765807,8.147576081152429e-4,0.002753028506584862,0.0022222203472220307,0.002841541610569881,0.001289264156149137,0.002255890642714687,0.0028569618215010745,0.0025789473541118785,8.235592300490785e-4,0.0023479853047640078,0.0011227558559789824,0.0030879740171429674,0.004722988039105175,0.012648319553927475,0.009354661204847814
0.10150513308121133,0.03733132961737337,0.020758461618041884,0.009211778666521514,0.15813245550051894,0.009807822375548714,0.08967745017291952,0.003027232791017492,0.0033307823619651254,0.004207190956415689,0.004121647787713657,0.0022954154061303926,0.006021573032692712,0.02302469779518524,0.02679212176647092,0.1602564848508853,0.0014325283263934246,0.0038234261026794908,0.0011324999977735141,0.0013862580297293293,0.004469676657334545,0.001730045783489669,0.0010947432455633071,0.008339419626644737,0.007304558124642377,0.025126227312251722,0.1652780415501785,0.00204676692720837,0.010004967820195968,0.021711497389499134,0.002124336112674147,0.0019767744663160853,0.0011971928891351923,0.014663502817990578,0.002103423734280924,0.0014564432100948503,0.002402412456993126,0.0011315529726228185,0.0029010403208678958,0.001510232204586912,0.0033760773964629383,7.790433418219775e-4,0.002442799330112059,0.0020891897783169087,0.0024981312629257734,8.647369740483412e-4,0.0020162287275734174,0.002853475532299725,0.0026445604869000726,8.070845320325536e-4,0.0019101055909051135,0.0013200567191198516,0.0035781379911401334,0.004544789555218705,0.013762915453768962,0.008663521467595144
0.10407191917074733,0.0374029544607328,0.01799043226122094,0.01038256620334025,0.13890672410883076,0.009942960576694668,0.09975724937932398,0.003137252786661082,0.003738030596729321,0.004558008771829792,0.0035428944495100546,0.0021393059572196883,0.005716328249451638,0.024935699183211046,0.024665734145432914,0.17552655988542148,0.0016819878100252468,0.0037444966615675906,9.7187493793016e-4,0.0018534714412424859,0.004866790102485422,0.0015726603802272427,0.0011319791094621494,0.007533969525853582,0.009134440000606847,0.01793112337186466,0.16124984636149076,0.0021679588862374335,0.008305189288285506,0.02224980420250864,0.0021096131220487953,0.0025199209586199457,0.0012660349451506419,0.0160647065918569,0.0023882079640735344,0.001527693528461,0.0022913335488346518,9.119823893185539e-4,0.0027510477264404837,0.0017885325871875293,0.003805895099450495,7.589550850903604e-4,0.0025326841550178123,0.002069445517642736,0.0026904235722005954,0.001004429459013734,0.0021181871043744233,0.0026827690759592274,0.002433830565468941,6.624387391421402e-4,0.0020693964865829938,0.001214027722081954,0.003180054854028933,0.0040143561539214175,0.014075939927758286,0.010257880854128454
0.1117903115624389,0.0346262732121578,0.01642846261646579,0.01079411698157419,0.16097781612391915,0.00942255677861244,0.08850501205799804,0.003304114412050487,0.0033519057087777124,0.0039018136744196994,0.0034241411995877863,0.0019484054377660075,0.004982362080330131,0.021969945089992896,0.0241473681896636,0.16865239536003615,0.00159154086909679,0.003934147629531041,9.180504766742412e-4,0.0017201686568421675,0.00490874621372597,0.0016374200185322848,0.0011352857593900922,0.008092980235198019,0.008515486597414454,0.02415909414972383,0.15277523171192797,0.0021009855291816287,0.010220527928107032,0.0180674251469098,0.002167861807867304,0.0022350936903779038,0.0012268801531561371,0.01666998020075572,0.002017014848159101,0.0015034556411299,0.0024706012150899318,0.0010636431856660049,0.0026006285181884407,0.001757899595255432,0.00359917968962934,7.457383553539459e-4,0.002571629193209207,0.0019755866132801165,0.0027843726573448446,0.0011171724850995853,0.002320571960159196,0.002959175018959729,0.0027798591192625855,8.85390789363951e-4,0.001912959333273334,0.001068741773289512,0.0033669644039747864,0.0046527644411024326,0.015225991980911594,0.0103167519220939
0.10596750184837118,0.03454196498506583,0.018264586010122784,0.010473084418979756,0.15309696265748368,0.009493717626521925,0.09823375257263045,0.0029787482773568266,0.0033085171479398648,0.0037115327997028253,0.004519572135196283,0.001868681876795933,0.005731518232322728,0.024680946087573298,0.02527556068474105,0.1648726768371416,0.0019566293063769413,0.003579902172949206,0.0010441045383951747,0.0016156441299531629,0.004115855442639657,0.001584549927763955,0.001163681814030211,0.008507069576159784,0.008003577506920658,0.021122822385495187,0.15607065246125795,0.002443887253308837,0.011995444191560171,0.017256329432862795,0.0021087723311961648,0.0026395787466648645,0.0012616754443730812,0.019400880472484432,0.002441470143759038,0.0014023341869634197,0.0025575670241768955,8.292555097474241e-4,0.0027682278683036367,0.00173832675106648,0.003536281492484713,7.551801043066746e-4,0.0028150123812273457,0.002027340350504131,0.0027639146481632662,7.459977084694811e-4,0.0023440559009469107,0.0032162702213195896,0.002425508077810114,7.667723433010375e-4,0.0022090506049400388,0.0011884998981224598,0.003262999630623274,0.0038482840787338424,0.012346160739192641,0.011121109003499297
0.09803212254364044,0.036653453147254746,0.01810725720540116,0.009508460027287351,0.14838537192105605,0.009460985760098694,0.09778513103492448,0.0027962235866390195,0.0032557533128722556,0.004091039356002541,0.0037955823853541766,0.0021642269056506903,0.005129468959949745,0.024572903735441833,0.02439519282065987,0.16111641593233786,0.001718726838982913,0.0035502559560631783,9.465487434043262e-4,0.0018724086026367167,0.004247996643030253,0.0013953296711308623,0.001313726840861418,0.007410590327965525,0.007909384492394245,0.02389528877979689,0.17588178697412057,0.0020757366190220696,0.009512890917609384,0.021783752329142703,0.0025645933804913056,0.0022138896316590763,0.0011615253406108569,0.015561863508854839,0.0024378932015038587,0.0013995281971429239,0.002325710626101027,6.960964898218996e-4,0.0024552013167825283,0.0014904687868792248,0.0036882499109525415,7.031074593467472e-4,0.0024759002963273703,0.002029716504343712,0.002449555939163438,6.11633412051971e-4,0.002085365639109532,0.00275309511313092,0.002754267157923353,7.098652287301484e-4,0.002102630355261003,8.300714778465512e-4,0.003138213416845853,0.004498499316599643,0.013583104588382309,0.010515941333405325
0.10710959584614649,0.03678728010700042,0.017865032106393543,0.0097938692274717,0.15442694882913352,0.009686817196218587,0.09448830442426844,0.003215308915082889,0.0036535106400051314,0.003792842082165204,0.0031044152900382245,0.002209389370029133,0.005073762429170876,0.024744761436026264,0.023402311764962307,0.16529137993755458,0.001748654447302917,0.0031374581509007707,0.0011595596091014113,0.0016761022176225223,0.004038127141534673,0.0016675031373501051,0.0013311135052722237,0.0084647034851324,0.007788245510162318,0.02594515770017645,0.15954605162279123,0.00201349101227582,0.00828477323324193,0.01811863574421695,0.0023716142832281915,0.0021624588166630552,0.0013511056628023668,0.017507191300212523,0.002400491707259054,0.0016034584688537435,0.0024609400401700825,0.0012546754122780706,0.002623115091661428,0.001545213897892187,0.00396974637864703,7.791170323162489e-4,0.002264525707432478,0.0019226681673418767,0.0024721311020969765,8.877551333997295e-4,0.002037068125921125,0.0029213295040625697,0.0025997656524375766,6.455519286380544e-4,0.001982711153331998,0.001064784919033313,0.00321127613473686,0.0045818780565910575,0.01521501776109015,0.008599302443153092
0.09427841775820711,0.03563346221058623,0.016005066179450272,0.009898420083936281,0.15706855452312757,0.009319289900940336,0.09250490172068809,0.0029610754291753702,0.0032782099890712696,0.003217295251505836,0.004126296981578204,0.0023479561738180533,0.006171397367188694,0.023411326185329567,0.026300423464709663,0.15780021672460529,0.0016957032343607739,0.004285180246341414,9.701077276039376e-4,0.0014870232334754142,0.004125585574228467,0.0016292861420803694,0.0015307370917626033,0.007674730263662184,0.008583521100504189,0.02051510183858311,0.17704005743098292,0.0023084074981050092,0.011548093021035362,0.019848015482097678,0.002360168102740139,0.0022274901045232793,0.0013148940476786892,0.01763507506351311,0.002369670370265018,0.0014928706527336383,0.0026285460766376344,8.469313042165695e-4,0.0027359429322150706,0.0016342625141317062,0.0036261012537933063,8.774878914089389e-4,0.002545007762120989,0.0020134281219354837,0.0025515417950035197,9.657839952393537e-4,0.0018302797113012353,0.0033182749950210156,0.002732518085228421,7.62438894996564e-4,0.002386331447157676,9.781964983563251e-4,0.003163563896877084,0.0042290824830941605,0.015971451619915575,0.009238800551154216
0.10137878306561215,0.037832169491829014,0.01962282148788975,0.00999345539370692,0.15206401674590828,0.00979676972166025,0.09652833916102753,0.0029668896246569307,0.0035312460694740433,0.003784290427077995,0.003615805996569879,0.002180152039682184,0.005471797321238874,0.025749806062983792,0.027005780848163654,0.14824710198189708,0.0014074009460393374,0.003638727210629178,0.0011964387308045818,0.0017995810547591605,0.004462597566386561,0.0017686730279914715,8.963729495436303e-4,0.009230803804028666,0.007261327297343661,0.021117760126020645,0.17039890702635438,0.0022677774546062705,0.010060812698297651,0.020210260004338905,0.0019729465778714054,0.0023899849284445187,0.0010138311705229367,0.017879100132926602,0.0022082421210567493,0.001521405758298004,0.002204398846022548,9.937236876442085e-4,0.002790130913561894,0.001592375213520146,0.0035704561876180323,8.062527773613231e-4,0.0024003435570689948,0.0023360901863168837,0.0024043374922275073,0.00123267877699988,0.00194411019778615,0.00295400991420446,0.0020920935026502215,9.246106023479111e-4,0.0021590880684196185,9.970774523278972e-4,0.0037061757258194552,0.0040606870429312604,0.016552896861914326,0.011806286967614597
0.10318103042762063,0.035672855195214945,0.017749113655777384,0.00999535674216254,0.15736406459775032,0.009739068000137331,0.09033166382020864,0.003054094511403643,0.003376384135769185,0.003383059863051098,0.0032494053294196607,0.00209644067983834,0.005495497073121847,0.024819539201822248,0.026138785151018817,0.15574763119084065,0.0015095052111022455,0.0037435315052715364,0.0011490707557185354,0.0016934267218351809,0.004637254047098223,0.0015745615592103798,0.0010881220248099806,0.008435171199857198,0.008255539384288241,0.02160629025574455,0.17518111967791752,0.002185940228832057,0.009903006487570714,0.019916512589749368,0.0020077890317095237,0.00247711722781619,0.001133847951791805,0.015628712433837056,0.002262560605453945,0.0015409531149238275,0.00269175134433852,9.851027032388938e-4,0.00282082461443636,0.001632941888114708,0.0036045221278768877,8.958826451526122e-4,0.002578258579165009,0.0020213045067289928,0.002995181382571645,0.0010004334742492328,0.0020326397163656145,0.003160003812803026,0.0025986561147141956,8.773096608341466e-4,0.002051317721786055,0.0012297705875453006,0.0029665029536784684,0.003717351918120065,0.014894001112138294,0.007922221546446529
0.09751473332545292,0.03593390237765876,0.017780615023214732,0.009573607185903641,0.14941205218247636,0.00936501596677679,0.09804730776560702,0.003109241322216525,0.00308703018139255,0.004113320598573805,0.003192483485136721,0.0023990859954589345,0.006348541616579529,0.023874189291759725,0.022475329818908363,0.15630572130110232,0.0015656893355051264,0.0040105037765740086,8.490885099746765e-4,0.0018957709081527472,0.004816231748989017,0.0015075126139047156,0.00193492141488126,0.009811162937353192,0.008523086639050425,0.018301661483305212,0.18174342615220326,0.002126562634158084,0.012908356954522218,0.019291932428289176,0.002170900443692328,0.0021866394875739302,0.00112870465533302,0.017189863402521866,0.0024400160951315903,0.0016359907519023242,0.0027097641068398524,0.0012153548271511628,0.0028756028896941965,0.0017086548911578916,0.003026294791364419,6.291958397994389e-4,0.0023316571103752523,0.0019482753976471684,0.0026701084474995214,0.0011096146408416721,0.0019800976134311727,0.0027655577748718135,0.002360259696439461,8.649128501622e-4,0.0022672322036382322,0.0010262082226543839,0.0031874543342550457,0.0038429674737143183,0.013164198935665351,0.00974638814156061
0.09233934483180492,0.03731275340717439,0.01843298408995052,0.010237130264209412,0.1653099387964687,0.009102549013785242,0.100165971936684,0.0028789914771483486,0.0033113541122696422,0.0036418514538684413,0.0038337707925400464,0.0022701588634074506,0.005715015626397005,0.02426990286773065,0.027381631847671214,0.15938100373494513,0.001730989233546416,0.004023655220040121,9.874840039674937e-4,0.0015432119562518514,0.003992876422563525,0.0015179800389678267,0.0010888928104637215,0.007151645558838307,0.007772572291707021,0.01827261198754352,0.16241269228969632,0.0022127946637611677,0.008407982579265977,0.02040647066784246,0.0019524825827927368,0.002098187486936892,0.0013339101774972472,0.01945536350888984,0.00205616208674121,0.0014684987170005912,0.002420436153033671,8.653388351572438e-4,0.00271921941981499,0.0015130884742800233,0.0033828422961791143,6.829584713730197e-4,0.0024679339779782408,0.002192032235975822,0.0027444583621662488,9.270242374759654e-4,0.002002522581172198,0.0028245562809294193,0.0024494271204261744,6.864071504509707e-4,0.002087708855916886,0.0011272738319213838,0.003360039271185913,0.004790571335530127,0.015299425262176073,0.009985918446487198
0.10460315614718102,0.03508151035792268,0.018361014286824073,0.01011535034724171,0.15783448799146635,0.00955155706807458,0.09217964127490601,0.0029859091389688717,0.003486604872396123,0.0036629899739024823,0.003958398667370849,0.002045510951507559,0.005592392465406763,0.022519221926316026,0.023355877104936917,0.16039759169867562,0.0017598795557327914,0.004082744024151458,0.0010551292270646283,0.0016803054170007414,0.00478660019506944,0.0014744085652248005,0.0012859416142020662,0.0063914144200957115,0.008076570368894552,0.01928733559826111,0.1702691252189934,0.0022248691896402605,0.010919805593932895,0.021095444003648135,0.0021921772775479642,0.002197673462388977,9.795507330731404e-4,0.016745884554579413,0.002297185405889502,0.0014006896431683767,0.002573183213245001,8.374020966086646e-4,0.0025584710669979208,0.0014722195243332488,0.003982498428290261,8.79519374270665e-4,0.0026353290673554186,0.0020039936502440256,0.002418710083516343,0.001151836132547608,0.002132489325954143,0.0024310291773434805,0.0024655769095697864,7.316835031438868e-4,0.0022344083812437495,9.918674278333955e-4,0.0029016581222508623,0.0053342844788302,0.014481773135296314,0.009848118559468058
0.09817629040129319,0.038369357812428624,0.01890638091931273,0.009749866581883353,0.14200894639325237,0.009911846637756853,0.10143089456526952,0.0028508496377022434,0.0034324325563759293,0.003734779594497475,0.004430347833613785,0.0024427295543809754,0.0056207319015141154,0.022229931679774582,0.02441530508214169,0.1610926746666396,0.001711345576352412,0.003788234934937246,9.772414767829348e-4,0.0017010222640683862,0.004077923342416147,0.0014426689131968467,0.001116083081158809,0.008056126487615466,0.008110407019210397,0.023697695065585084,0.16848435830382044,0.002291143038384818,0.010934664899735588,0.019645453868663586,0.002250520937124092,0.00219105547660619,0.0011849549575063906,0.02036256131875222,0.002279221934623234,0.001568617059259216,0.0027047846916990544,8.879063322523826e-4,0.002572153127056991,0.0017783697720048222,0.0036010573404586625,0.0011347139774722415,0.002606496966377684,0.0019507739181577263,0.002675653288794564,9.55882762679317e-4,0.0020203956975628863,0.003235808853520404,0.0020585592409369615,6.845850820079702e-4,0.0020287704933098887,0.0013324530351792195,0.0032296889635603375,0.0037916314777118373,0.01563397518857962,0.010441674017040811
0.1033687638231781,0.03721658943144596,0.018072412547189894,0.009752159539423187,0.14502618383509513,0.010231009866130644,0.09934937597412873,0.0028397566048685365,0.003222420099049516,0.0036677533483790025,0.003527890075769587,0.0020546791185761318,0.00539860481879645,0.02257707712878147,0.027996357835502177,0.1728440864136299,0.0015095098221254608,0.0038694997378221864,0.0010801569433475768,0.0015477405232437306,0.004200040162296438,0.001517846101395313,0.0013535391421820617,0.007682735816031388,0.00757197348173442,0.019929009482336953,0.16091069465735688,0.0021567352312700117,0.010759972025939285,0.01866996223306289,0.001992711362529565,0.0022526715136909066,0.0012074916644106422,0.01690749692418678,0.002164023534118846,0.0014063269261929677,0.002598842666202713,0.0010368489481074087,0.002659541146981542,0.0016813281389940786,0.003307736171291293,7.956321660286275e-4,0.0024535595252837532,0.0018846492368981805,0.0024343974876138287,9.158855160828752e-4,0.0018792985407266622,0.0029637704003943584,0.002663655019144387,7.065582053327954e-4,0.002164520239140551,0.0010602138573736423,0.0032547001031265656,0.0043952898860765074,0.016054446685083667,0.00925386831489785
0.10388473180417834,0.037174679518754465,0.01747598336879726,0.010435758554813448,0.14786758636066963,0.010359180692247052,0.09742765626104696,0.0030924728884667023,0.0037065131945093798,0.0038535449780247926,0.0037829861067587836,0.0021419091321570626,0.00549210425336411,0.025740211168646537,0.026490463511047307,0.15021062539088217,0.0019009100719967788,0.003339934327652682,9.507032566287967e-4,0.0016225426422472712,0.003968789177827787,0.0015253399187304083,0.0012735816307326217,0.006367901853363751,0.007773880781538089,0.02091654180943381,0.17495822190316707,0.002170223540414296,0.011076150628518933,0.022888410283643586,0.002380560924042606,0.0025139233033517816,0.0011433580352250411,0.01653845362327203,0.0023547052196821365,0.0016327182021886283,0.0027417273434071237,0.0010911884284726988,0.0029227382790947415,0.001826089753458237,0.0037753051107997666,8.426815645993736e-4,0.0025402643904671915,0.002223648085593314,0.002697604605920274,0.0010873999085644693,0.002200832560073614,0.002989497297549666,0.002826079824452147,8.279352339580851e-4,0.002211811402448655,0.0010326428817226123,0.002864557300610821,0.004810936053325348,0.012743663781910873,0.009310137875548958
0.10282485168494312,0.036161780316387455,0.01762644901783501,0.010040857408519547,0.15189593776936866,0.009751658331553979,0.09380574222488602,0.0031318345850579617,0.0035394238168807053,0.0032643318188676535,0.004036881975934299,0.0023271115032751084,0.0055668745064226316,0.023852809779809556,0.030170355966016044,0.14526497947857334,0.001524928237408493,0.003513079382254329,0.0011222454342811644,0.001697443559428467,0.004203574450677903,0.0016759564431186235,0.0013394092218091493,0.008498348725352177,0.008098177577829997,0.022031720100013887,0.17053874092104956,0.0024393848885085646,0.011680413250162404,0.023831444756665286,0.0020316751175184136,0.002089890812337608,0.0013044675629937548,0.01791045654447447,0.0025524382193535208,0.001392814686992423,0.0025120841700057937,0.0012769678679836495,0.0030839365263565428,0.001829277227492947,0.0035085025425217035,6.957659830814924e-4,0.0023694944505594207,0.002084837448536623,0.002765108968978287,0.0010197365293989928,0.00212708980679699,0.002809648868685136,0.002523061733036706,8.908624075973383e-4,0.0020283631473238437,0.001115752729318386,0.003279656858438091,0.00482399677462001,0.01641663321678417,0.010100732665922665
0.0989919808521977,0.03762379478434144,0.017595072104769828,0.009411728914918763,0.1601118299958356,0.009891599899775075,0.09704862740698447,0.003081817778283062,0.0032534271357259493,0.0037898505508967622,0.0038244376720444756,0.00221291478474859,0.004832989381778484,0.022753624361816015,0.021855161872437908,0.1661996702884498,0.0016779920254957267,0.004104418696361785,7.978508058311216e-4,0.0014939578366707149,0.004563390727783175,0.0017201699226464023,0.0010648391725996344,0.010411860670631039,0.007955787171115749,0.02475601243234626,0.15844568418352653,0.0021475797068283894,0.010530577402851992,0.020335892515807356,0.002362606076054719,0.002141905666922509,0.0014165870805639257,0.01497990714911358,0.001983098997207176,0.0016147846004131458,0.002662416306280544,9.093288729383241e-4,0.002915748685730378,0.0018160125948548144,0.0026552683019376053,6.032656625358745e-4,0.0025523944758753143,0.0019252160195544468,0.0025084805063977996,9.396389207634089e-4,0.0019448894003256147,0.0026588053996446444,0.0023716983710650517,7.439036808549372e-4,0.0018256972647451358,0.001242026273196504,0.0032474171660604083,0.004544590475444348,0.01553615963453173,0.009413611361488217
0.09484082067402051,0.040299273329806116,0.020416321677248453,0.00991733704716647,0.15214865375874495,0.009959014821415271,0.09403074528000399,0.003011445222187901,0.003277276655202559,0.0034630897548741124,0.00455667799441253,0.0022672513289067457,0.005281431011902222,0.025105097097827836,0.02507512916890062,0.1574430173434325,0.0019764560063662987,0.0038628482125451715,8.58444578240192e-4,0.0016378292504315762,0.005623864780321123,0.00160751831865959,0.0013129787886478376,0.00819986666373617,0.007347139381514906,0.023222484541482857,0.16669867797265495,0.002312667547096484,0.010715832998022914,0.023839585490529617,0.001979347230480402,0.002226556080034308,0.001441429342548204,0.015769060920762495,0.002264461143847082,0.0014916291353600263,0.0024732375440347336,9.919830528630508e-4,0.0027170960725094785,0.0017921711863068382,0.0037266406183230944,5.401282572267502e-4,0.0026016230687440885,0.00218191802946176,0.0026755239716558872,7.14382373668411e-4,0.0022403824083435664,0.0026801495530234323,0.0023873098678407604,7.279162434495861e-4,0.002043661394196231,0.0010504170679938732,0.0034206393859009623,0.004490065844296462,0.015525783361205709,0.009537710149620293
0.09915132541638862,0.03470362004646341,0.018411542235389922,0.009282146443112536,0.15005320892591292,0.009669366959842938,0.09993950390070308,0.0028655564628284813,0.003638278930995641,0.0038472820472165675,0.003832378311521677,0.002015391314199124,0.005159201509231478,0.026228748676742165,0.025739638497431112,0.15703334898580523,0.0015956232301821804,0.0036681038409239397,0.0010925753650219004,0.0017284251403603993,0.004487641085850787,0.0016070787013024476,0.001195519264378132,0.009774293570397915,0.008216874321153762,0.021337270967447065,0.1715329785570682,0.0021583078747206435,0.01041405644450427,0.02056301663669654,0.0022588300296429898,0.0021504746539374817,0.001160210524394644,0.016428819517067345,0.0023447412084519757,0.0012931006052383372,0.002240049138239117,0.0011492169637551748,0.002576806795161797,0.0015505141912109676,0.0031955733209292105,8.557585453574637e-4,0.0023408772624946904,0.001809425827278499,0.00265417177096445,0.0012068359139221962,0.0019591873817606186,0.0029126197897836417,0.0026345171046533336,8.006372522634796e-4,0.0019633270292124493,0.001064293744639518,0.003231936676670833,0.003970559375494951,0.015094080992150252,0.010211130721531575
0.1010011860654166,0.03735009403243361,0.017716372582629862,0.009086581844409894,0.14615406024147776,0.009444001326172107,0.0953597925239811,0.0029898048780387524,0.0036603837291279166,0.003696984571183782,0.004026543292996313,0.0018368546099855466,0.005545995723279517,0.02317012325462546,0.026495142770042817,0.15613742909603365,0.001643587666924047,0.003759228631677259,9.086549314059655e-4,0.0017631833981978091,0.003650904151146804,0.001570144208650895,0.0014185089251333189,0.006774311422181538,0.007643303806417958,0.025650519063839573,0.17365271056832499,0.0021709817544441224,0.011417822732012892,0.019501857523662722,0.00220057638236452,0.0021287711447702494,0.001233654758074284,0.01966978107522016,0.0022606340648170273,0.0014935242050964823,0.002448358566941852,0.0011483205187566025,0.0026226298710879613,0.001635031365694025,0.003646348000445702,7.016157977134054e-4,0.0027151041398609196,0.0020890828174789573,0.0024973884026732386,0.0011135372719875568,0.0020365032695241108,0.0028958460682906853,0.0026955722662770874,7.331327365466662e-4,0.002271091205904819,0.0010960971285132201,0.003164731167347078,0.005193006759506191,0.014563764652904009,0.010548827036348508
0.09973121024639228,0.039347341779907015,0.018126214109124784,0.009183276309278784,0.15010301891927488,0.008902118788608995,0.09117022538287409,0.002815857890535548,0.00296987126746927,0.0036280042775640366,0.00366370896676895,0.0021584493532766647,0.0051615316506308465,0.02365345359061425,0.028234484105818608,0.15808499621844976,0.0016517074522498492,0.005237213402825395,0.0010625771807830575,0.0016052321816590672,0.004714155291417589,0.001475018419218541,0.0013882513752722606,0.008213378737169931,0.007608371786640072,0.0242879909796847,0.172348566800889,0.0022135026550773747,0.010501467129123823,0.02429204679209902,0.0019556608394838055,0.0022585930649178165,0.0011657343259968468,0.013882692525778383,0.002148360556619325,0.001403012209574852,0.0024359557123950003,9.28805993224412e-4,0.002712039611545745,0.0016678957251025322,0.002881847660720142,8.243461404425401e-4,0.0024116359587140457,0.0020191801713868606,0.0028430041308747937,0.001142836631346969,0.0020909142827391803,0.0031408382237174616,0.002759444081370398,8.927405928561957e-4,0.0018665802780548667,9.323140677095726e-4,0.0029092803923702277,0.005249945003842041,0.014705888426607317,0.009237210351910299
0.1028335612338231,0.037159317660277046,0.017076634804822,0.009297960003706205,0.13983536459912424,0.009961575360522168,0.09629430828518439,0.0030495958663700287,0.0033887027159566945,0.003956916946751853,0.004047337955192181,0.0020263756276665728,0.0052388065144652555,0.026272800472089287,0.02445365073551046,0.16956777982173937,0.0018037624333631663,0.004223877776920299,0.0010155457490919502,0.0015909252022076848,0.004844002274320807,0.001764067073763416,0.0014682086241920383,0.008472084969192856,0.00841546125636054,0.02381788526736152,0.16274940779329866,0.0020589760254875874,0.012409244442139483,0.02071809495478851,0.002130624629984749,0.0023758367798943285,0.0011437575904032838,0.018917005082393294,0.0019317545404654664,0.0015351788793773768,0.002277455706329105,9.550878756963065e-4,0.0024686560411722558,0.0015784280279257275,0.0035086698973826073,7.07591932017259e-4,0.0024247007326035934,0.002118094546408299,0.0026025320920724294,0.0013349809401918638,0.00206677478944362,0.0032599170948558035,0.0022596534723644222,8.369242618981274e-4,0.0020813848950692305,9.391165669873046e-4,0.0034519710654464836,0.004338145163193066,0.013360942864578956,0.009582582086155774
0.10343169302895924,0.03494988938355257,0.019077077145692754,0.00964826847626432,0.1615049858143985,0.009417346268307945,0.09359343438981133,0.002949775467561208,0.0036288409016661705,0.0038206799928094024,0.003357218084362489,0.002165760954939975,0.005094289901797296,0.02472071635310383,0.024397093517055247,0.16150058135445491,0.0017203548843730898,0.00346556273147287,9.871777581251526e-4,0.0016044347766745956,0.004185825750838835,0.001489792523947039,0.0013874267197228848,0.007809898810090014,0.007575045859400323,0.020924235466219,0.1638611325714594,0.002102157858738079,0.010606923188573767,0.01953968335538791,0.002510709268888862,0.0024297234380324276,0.0011060461180783384,0.01748357241737738,0.0018912074718549414,0.0014556604578459024,0.0025411217718321623,0.001108553371886532,0.0031952686539527195,0.0016561080792035978,0.004075649927233896,7.296611979852012e-4,0.00234910725797283,0.0019502789434629984,0.002845748939550083,9.95014531656965e-4,0.0019465337509089553,0.0027388212656984695,0.0024952204485914767,9.386550764726592e-4,0.001978072086022776,0.0010506792733958534,0.003129917011929557,0.004353871167761982,0.01400489393743685,0.008522600845206488
0.09600495979378063,0.03656252926015386,0.017395728090621558,0.009491688205801055,0.14153420339532943,0.009112028700711783,0.09681510893376252,0.0031942954076463275,0.0034975398273334665,0.004119186499824222,0.004347387798833957,0.0019510914366008525,0.004370500412031215,0.028828461413338065,0.026792288527236644,0.17199475876472464,0.0016984075510858274,0.0032197147755510334,0.0011304021017465322,0.0017643240085998967,0.003789564669714435,0.0017865600754182014,9.23383983980643e-4,0.009297869750892728,0.009153349042004407,0.023443020291253492,0.169167752016695,0.0020868482597567357,0.00894781309722705,0.019949079941661913,0.0021990030752611937,0.0022981350242910555,0.0010453931789538118,0.017274357679197192,0.002101177495862103,0.001366123045764914,0.0025082984554703042,9.550930881661787e-4,0.0027966838394776154,0.001679135373790308,0.0029094879842472463,7.77601569815378e-4,0.002288111502290379,0.0019887709455310588,0.0025940294463074223,9.090314743044103e-4,0.00199422324406035,0.0028808991912422743,0.0023475645600241853,7.293252724234725e-4,0.0021866172996390506,8.499025105609094e-4,0.003274418062454354,0.003687279250175859,0.014919395956740751,0.009070095440630007
0.09590854737210808,0.03799564678600822,0.018742846845700774,0.009790560478521311,0.1648582618957577,0.009673304196660064,0.10031353150208187,0.0030176653136814763,0.00341380610070816,0.004088210917881797,0.003913780158695269,0.002214366614002456,0.005497855917329288,0.02459945240989869,0.02577283282886026,0.14953315686075153,0.0019101615520341166,0.0037113598410399916,9.849133326468049e-4,0.0015961404470948815,0.004476140839473995,0.0015978803803550568,0.0011270285037996868,0.007021427387927825,0.007547593107090252,0.02456283695437307,0.15916460481696068,0.0022302484912592483,0.011316117730124751,0.020039410848586802,0.0020171979667105862,0.002131358609322788,0.0013477360702376531,0.018477822027201586,0.0020277284336680463,0.0015505747820594288,0.002367752975315341,0.0014108500916929288,0.002659946113196313,0.0016264276304203047,0.003496659994636133,9.756257346280721e-4,0.0028640680168764564,0.0021095040431537643,0.002793247723394361,0.0013330917117280303,0.002080668594300398,0.002996119348793839,0.0028000718460031984,8.327426416651769e-4,0.0020432283542047296,0.0010889623822564643,0.0032412550594075394,0.0043506008268479595,0.014329115009219908,0.010427953581644889
0.10248890356920197,0.035106110978669336,0.017654375762831836,0.009723568135687501,0.14350442935107097,0.009772679356292823,0.09954730688288851,0.0028861399525398177,0.003385043796500432,0.004124577131539492,0.004387986580253355,0.0018854328831242229,0.004910409624331507,0.02493896639858577,0.026058656441823026,0.1601938853282586,0.0017023004647436597,0.004149581591863212,8.947165447677699e-4,0.0017283542175557816,0.004613345911401729,0.0016986955227827507,0.001261292937174196,0.008450645796939295,0.00840625234148357,0.025126495042086517,0.16924267818707045,0.0023360191198007626,0.01206729771750921,0.018699743561373747,0.0021444636005910254,0.002482456894050333,0.0011671523227959613,0.01594865638348352,0.002313305771031928,0.00165798545302752,0.002359411643536612,8.211186717690329e-4,0.002629013601987915,0.001764816220948694,0.0033458470437763782,7.309071854822429e-4,0.002601696182985001,0.0019403082656470234,0.002198503426133592,7.443678977986398e-4,0.002067006450396623,0.0027454490882640836,0.002890693474863465,6.799168463408379e-4,0.002197385988227236,0.0010866799610679651,0.0035924635468128677,0.004252189657398639,0.015247216348256829,0.009445096943174238
0.10090078085801388,0.0373622915745112,0.01861654029928941,0.00965678591216364,0.1663734311611694,0.009706496120750986,0.09375035399111464,0.003069142547885766,0.0035161947457439877,0.0038302725950690193,0.003804349309349145,0.002173677455079373,0.005359883301657551,0.023543789776448748,0.02862364862206679,0.1577885443172439,0.0016612098179521004,0.0040064725948979986,0.0011156465300008007,0.0014629950467318089,0.003904048271024894,0.0016600397736414982,8.665541585991546e-4,0.009930672258344082,0.00792953477433566,0.020433420404329942,0.15838514581797328,0.0022118586608298424,0.009588665372963002,0.021656764222657846,0.0023853880071361367,0.0022513009350128427,0.0012486891629417964,0.013991450672880833,0.0020519412213590017,0.0016066771872984725,0.002579823603992194,0.0011023096509099315,0.002372705758664056,0.0017069210793651717,0.0029875898517486396,9.642033584593249e-4,0.002499694206802577,0.0019795825089095574,0.0028159431787376406,0.0011260240478445653,0.0021290926224078435,0.002675781188634012,0.0027154040861581664,7.871881542680673e-4,0.001978766563689577,0.0013128186818370691,0.003412253752806802,0.0046121216014601086,0.01452625058183758,0.009290868042998626
0.10246637885751313,0.03511246876492144,0.018920330689651172,0.009838518709064556,0.142337637965641,0.009350443005213822,0.08991300897614672,0.0031048123954135537,0.0035486618692428034,0.00384432441837432,0.0038985847603981256,0.0021984859227613006,0.005787544975515189,0.02423789257633323,0.024634601119642673,0.16654454201843805,0.0017864541323617928,0.004059933997638769,8.773191667276253e-4,0.0019269589880212667,0.004285528646705008,0.0017209108891990915,9.969405826952017e-4,0.009324509098880161,0.008820400870521578,0.025139047177757105,0.17024335728512624,0.002380071990871397,0.010785888952876315,0.021157420690448705,0.0021702173443156336,0.0022264007914626315,0.0011109527347401421,0.017355222015097548,0.002181196315162536,0.0014903764615550469,0.002206927700419502,0.0010056749989965673,0.0025909761277374188,0.001823782502598957,0.0034077038485582777,6.971090355521789e-4,0.0026119460097231094,0.002104795334959794,0.002689077953158114,0.0010697811961781728,0.001963080102473348,0.0029677988638600354,0.003108698302921412,8.156551136191087e-4,0.002077877407353045,0.0010940368396479775,0.0037817237246271333,0.004371078789230544,0.01467123968077288,0.009163691311177426
0.10520384245120243,0.039472231085135145,0.017319509852180597,0.009191012467407425,0.13968802518010032,0.009823222394105095,0.10130463622311627,0.0030374658001609024,0.003222664528171844,0.003284343646652651,0.00410832143758218,0.002324902667138368,0.005570570787056376,0.023468041205986834,0.02581578456279293,0.15771789759636254,0.0015369866501592799,0.003959786653490581,9.15937337503279e-4,0.0016804730148627185,0.00487685773786382,0.0014489343785966061,0.0012041745490840201,0.009897520931416803,0.00852715776429936,0.02113740597268625,0.17294148095627693,0.0020615709023389744,0.00967350533378164,0.022919512602376957,0.002200260815894522,0.0020833656369725513,0.0016450915233697143,0.015368254109399763,0.0023064954339268324,0.0015651417814451926,0.002598831009960351,0.0010133013026400184,0.003349546359725276,0.0015219698137376103,0.0034123723859322626,6.340454147343949e-4,0.002548159068248286,0.002342395736141301,0.0028495772651032326,9.077455541995643e-4,0.0018973322193872816,0.002697655559553503,0.002903996049255335,8.381275899802016e-4,0.002153202982101912,0.0010490568799034828,0.003295242237129522,0.003751290462350101,0.012431625806162255,0.009302140332856403
0.10083661720866907,0.03904980008141064,0.018907808607953096,0.00952699512987486,0.1468616670626621,0.009298098620585097,0.10143617156055815,0.003303826353095702,0.003538863059764859,0.003970782656153852,0.003315719986745673,0.0023027719404755042,0.0047155101648818695,0.02455811041608557,0.022155842479346412,0.16622943190800468,0.0018087462075776005,0.003620806082391916,0.0011561881063514947,0.0018831384077441487,0.0041327182933811445,0.001659356582223571,0.0012992595713723577,0.0077618811590153035,0.008923540755722029,0.01933634823607306,0.1624207472409512,0.002244570709801386,0.009254435901144628,0.024067416471292742,0.0022541548249127557,0.002327230247984691,0.0011463542183890905,0.0185608800183125,0.00221139625275122,0.001491782621943447,0.00260858296109039,0.001240937533840891,0.002675152329444116,0.0015350628404119273,0.0038056260905493544,8.535540276955888e-4,0.002475268554335356,0.0020617115855793744,0.002483502702013389,9.885680791534256e-4,0.0019669444996179503,0.0027060492410438458,0.002554501973252374,7.639296898085911e-4,0.0019665941600095767,0.0010255604330898862,0.002710916853659757,0.004163751486177608,0.014230438691907292,0.009614377121715907
0.10101064296570121,0.03804614527933024,0.01968805833586565,0.009669750680364603,0.1524641879524295,0.009225828200109074,0.09855904758130501,0.002812505914162678,0.003304275844383292,0.003331714101863719,0.003639389215001046,0.002101361688220029,0.005804214599105006,0.027150995035183808,0.027177099665145817,0.15236137448826226,0.0016260503620951672,0.003549834756474864,0.001224789469132509,0.0015657629190470883,0.0041655913051828215,0.0015828176860748597,0.0011848445513707123,0.008250417389405849,0.007353488363417569,0.020610470850049575,0.16915743556054422,0.0019689905414950826,0.008512621750215336,0.019671120040649474,0.0022594853756838216,0.002320225425167001,0.001152161524336687,0.02249900514156129,0.002234417374730259,0.0016494141461219618,0.0023105986987699565,7.598607070005727e-4,0.0032622334667347904,0.0016877282526393505,0.0035277797501651704,8.844909483081314e-4,0.0022473732487504477,0.0019178276843676023,0.0025206855951477526,8.44986218154349e-4,0.0018142492652906564,0.0033722040076062817,0.002365216245331981,6.29237752242292e-4,0.001982512974575238,0.0012491131281488173,0.0034838306382695343,0.004509544769011404,0.01229806753789472,0.009446923032401956
0.0963879654067141,0.035922785601413945,0.01811924158588653,0.00990513174261551,0.15240804803636251,0.009802491952175047,0.0997044746309155,0.0032626347112928986,0.003606525660333307,0.003472660302325951,0.0038620107760083426,0.002122215869805084,0.00569100009153585,0.02719922377319498,0.02461132790879691,0.158929681899258,0.0017432466118834959,0.0034810877665746257,8.954940643915035e-4,0.0016690173819719888,0.00424932662732011,0.001619774272939639,0.0012093032724712093,0.00872663579873886,0.007200415202049215,0.019096981039524324,0.16963333645016807,0.002307566720305431,0.011560690224325713,0.02146477856243254,0.002134534645627044,0.002363682327188336,0.001218355258849146,0.018239149525682345,0.0022272433073668046,0.0015043903235100972,0.0025340917469890843,6.72439748353384e-4,0.0027717242261693933,0.0015485562553595477,0.0034152719540973485,6.307068660489138e-4,0.0024457445427059263,0.001999437823445026,0.002302452253754027,8.446808318174928e-4,0.0023587418176956327,0.003481784957309535,0.002581738928343122,8.191146908571661e-4,0.002121501133208607,0.00121038753682568,0.003377564167947733,0.004639313828287091,0.01347213772312148,0.009220179635708843
0.10467338928362915,0.039745133930538065,0.018098014144475854,0.009189007411704095,0.14515942818612732,0.01005353647228662,0.09199976913486112,0.0026236399882988075,0.0032131197813683554,0.003773431977681858,0.003933183211952789,0.0021732756081473716,0.0056754972173118125,0.026144120532437868,0.024260235391129682,0.15776858296804921,0.0017228414985884784,0.004059128853778141,8.687756925236023e-4,0.0015633563492542329,0.004711036377485864,0.0014812997492614183,0.0010495590180909856,0.008173978298799801,0.007842894933234722,0.022208893155764294,0.17299306090008684,0.0023167257079177855,0.01133274100313455,0.02006228276024332,0.0021865043630067338,0.002301796764826626,0.0011627389337237099,0.018893762036488414,0.002092342628429084,0.0014970598879724183,0.002355700671982213,0.0011722388937322925,0.0024925030824986907,0.0017562367137070576,0.0035269520071875707,8.045218377404433e-4,0.0023689890527756234,0.002350764693169444,0.0026520608845221412,0.0013279627600910142,0.002017779238244591,0.0028349365582644977,0.002622259890191842,7.715119855257667e-4,0.001872802561703226,0.00101080344934008,0.004024090817620363,0.0034523824472482115,0.01376175744914415,0.009819600852699728
0.10702480954360413,0.03612657384183459,0.019085554454167746,0.009755609934962816,0.15416748267241032,0.009877906264640225,0.09339724335742576,0.0029286633641252297,0.0033349216321707778,0.0035061089744036628,0.0031756415835731645,0.002032970516866542,0.0050138501071211395,0.02432445980601579,0.02490410586203837,0.14857829414692622,0.0016472287896657227,0.003527307867653048,0.001103351177975406,0.0016082270247728388,0.004620599052384543,0.0015393140487641329,0.001547215071497942,0.008012675906287998,0.008960766083194509,0.024118554262011285,0.16870742510329623,0.0022210953219749144,0.010729704190905286,0.025026404467745077,0.002042418400896829,0.00226891797261246,0.0015195326345525178,0.01698612904967792,0.0022233747865205624,0.0014655362682717723,0.002347514636827933,0.001092973208311138,0.0029258846752271066,0.0015392861613841378,0.003609013284640357,8.24905697988937e-4,0.0026329138305591086,0.0019130987928949632,0.0026262087155927358,0.0011426727332602526,0.002289983967586562,0.0029280403611661164,0.002734049592381556,9.2591046854426e-4,0.002142280984313476,0.0011382995718306065,0.0032033050726694616,0.004465267975287772,0.013513793496922976,0.008894623229662973
0.10327782817062657,0.037321748864295984,0.016289473319401396,0.00894502270542209,0.1437692235728344,0.009334494384360393,0.09705018906025303,0.002896014057311086,0.0033450048340817017,0.0046086370861266775,0.003513500486264513,0.0023357282504539684,0.006135856023117619,0.025948985481086227,0.02473559068320398,0.1614725644355709,0.00151667785825251,0.0034896120213115723,0.0012425077994113955,0.0016672855934044544,0.0045023577662483905,0.0013859239937067114,0.001328271740909205,0.01009984174636746,0.008315057268761417,0.024135794885340258,0.16838233432627697,0.002026564409761187,0.0100570649939773,0.02259094790320608,0.002086198926519162,0.001808806869656529,0.001339646094455196,0.015149923607273037,0.0024954141798110654,0.0013655437312623362,0.002616058037164653,9.922879644809369e-4,0.0028481850376340908,0.001433416797538471,0.0032737165185755725,7.983190247151627e-4,0.0027269856271960333,0.002046159223315552,0.00274350212238684,0.0012717150378833062,0.001899262307443044,0.0027951838419507167,0.0025212154822402484,8.777932215459226e-4,0.0020346549310650604,0.001002175567344497,0.0033507884881814366,0.004320457534790707,0.014972914731852737,0.009509571372372173
0.0976690569851439,0.034242906189500925,0.017310535671980973,0.009737267548508403,0.14723093102231835,0.009215284591492479,0.10347092159766157,0.00329726515951834,0.003528697584170509,0.002954663871439347,0.003498141911327718,0.002168988055275111,0.006094887717964886,0.025253049232878407,0.021074766430442888,0.1722202413486349,0.0015725778338493768,0.00423570599335075,0.001033963280960179,0.001469871267079018,0.004568609136690737,0.0015910980907092628,0.0012166892265420728,0.008462456616337705,0.007431165526908085,0.022527889591455855,0.16647244327193975,0.001970683103690889,0.009990365590839871,0.018972465314925167,0.002149225403546368,0.0023122795032180414,0.0011508201241646387,0.017102050173597852,0.0024463411461076597,0.0015691122139536236,0.002333787111033758,9.716996807334393e-4,0.0031295718122833676,0.0016803446582007583,0.00335653643839544,5.477068824762834e-4,0.002443682233629484,0.002088673012042349,0.002478453748070747,9.18009526233971e-4,0.0021850610561120407,0.003232761204148197,0.002548410341783553,6.83532609074013e-4,0.0021615374511818296,0.001083585270515864,0.0033408487062049556,0.0046158986485684,0.013283369226248948,0.009703113054937073
0.09558246437548305,0.035383878982622054,0.017939901361322685,0.008835637452984445,0.15819486701318108,0.010960568385963808,0.09676311292251763,0.0029263117907343955,0.0035083921962368323,0.003776050948079604,0.003394674685213933,0.0025632348894960217,0.005830619303304677,0.024566644637219325,0.026936523336741035,0.1587119497740505,0.0016844292341281035,0.0038886529987802727,9.236117854176464e-4,0.001760251101762819,0.004187184746607015,0.0014849132656451363,0.00161993355298242,0.009724588300708525,0.00903848905914091,0.02108391371907083,0.158353778139408,0.0023441823672725533,0.009357501617261888,0.027018125435516186,0.002068715398766308,0.0023585440598441927,0.0014326247096808553,0.019026703546356362,0.002065679590726944,0.0015302836355838199,0.002369478676709608,0.0010623043223362072,0.003047006428296499,0.001505090499874796,0.0031466448447601,6.949193104773239e-4,0.002728983530780621,0.0021887149824990127,0.0028293346814905985,0.0010741881588666382,0.0022927025333499287,0.0031477395468043423,0.0027134279745798296,7.21715773779364e-4,0.0020765964120286824,0.0011394098545604787,0.003428039462268813,0.004830127551527894,0.013277527350855247,0.008899109784342161
0.10181060972453493,0.0367149823520937,0.01695930328990131,0.010177196378441486,0.14840063842795376,0.01046957215695796,0.09716038509389799,0.0030982285932676305,0.003247868207050193,0.004265272190663414,0.003192368669207348,0.002216267105155404,0.005193707560606656,0.02392906323210148,0.027680838448037298,0.1647407825287807,0.001694791736525864,0.0040678517377695225,0.0011284461576586717,0.0015574810380101969,0.0044232179903127625,0.001594734391621874,0.0016887748881027097,0.008465972459974535,0.007278185841641715,0.024800074432432852,0.15929833717400135,0.0019138865910569378,0.009356764919737214,0.02244322829866095,0.002291982169407714,0.002460774797355707,0.001239549087953892,0.016702376885619017,0.0024507022246098536,0.0016879645780833504,0.0024260941064893123,8.231301203211003e-4,0.0024382518135827604,0.001519380586376825,0.0032123241837916138,5.233344594892891e-4,0.002340370869596688,0.002226148324093238,0.0026608186914018907,0.0011025384779081208,0.0020882383872442164,0.002430890880562994,0.002330525675806121,7.45550050903258e-4,0.0019306817417136955,9.929652071567236e-4,0.0029868219530682174,0.004942773422587704,0.016408870509528765,0.010068109179189525
0.10088144003078142,0.03736492319581442,0.019300062698848534,0.009940748208104967,0.14854849543790072,0.009913926114010468,0.09681686064262429,0.0030547092074928958,0.003317237845584355,0.0040926798453870495,0.0033158165296241797,0.00245313122295705,0.004878257661653103,0.025028652517505287,0.026157415571649956,0.16663335630549006,0.0019290575772835264,0.0037467657800369565,8.558948172744529e-4,0.0016220515080829822,0.004440189308055758,0.0015057234385113243,0.0011654966212306338,0.007847817902402198,0.008201689791325715,0.020443385442765492,0.1620596584472479,0.0021085250245259494,0.009495180897445686,0.02315922839987095,0.0020478901013309095,0.00210183727020828,0.0013030983404763833,0.016455007138643025,0.002341840378575496,0.0016572674802713785,0.002562636347092167,9.665636747464623e-4,0.0031129363648504634,0.0017892715531232458,0.0032578496556637518,9.192565790716608e-4,0.0022964616817275412,0.0019944325442503037,0.0029449873731177256,9.762176632020446e-4,0.0023512922842905412,0.0028970778836536278,0.0029492821057405757,6.079366540786179e-4,0.0020285611988116762,0.001015148611531727,0.003244588844419811,0.0042789886589833185,0.014796409007585824,0.00882478261306513
0.10053201385103448,0.03495111970106293,0.01772781081579462,0.009877231180412083,0.15793139071689907,0.009477977025020184,0.10084863418795922,0.0029058841818046617,0.003650365745057023,0.0038963334996832497,0.0035285305412930826,0.002174375463867706,0.005836006478221352,0.025494855557339425,0.02462970156403457,0.15637679872649032,0.0017187786229861661,0.0034468828246675314,0.0010425397934094357,0.0014578519527137248,0.004687739952637629,0.0016726077454862628,9.389020086130788e-4,0.007834222752494352,0.007845314543153731,0.02428791737293595,0.1653454166681047,0.0023346142317917967,0.010532024882661958,0.02011133371509117,0.0018954363933606228,0.0021661576240358704,0.0011019909231587061,0.017592757427968363,0.0019954229278157172,0.00151016393819297,0.0025572289603374414,0.001193259613307378,0.0030762253949039786,0.0013650867586573268,0.0030938411452646917,9.654856531207835e-4,0.0024724762843936023,0.002002573182630644,0.00234196257033127,8.810765586737707e-4,0.0020512396890313774,0.0025648805404931106,0.0023528141631934288,6.438682801845535e-4,0.0019979092588014707,0.0011417725070027413,0.003277677677964956,0.0037993543840271174,0.013981497846205514,0.008882663994221026
0.1036090766126613,0.035992036667479334,0.01935384317490549,0.009753196422419208,0.15670555477565162,0.009428570149900537,0.09408342945183154,0.0029226123383456403,0.0036272121185429683,0.0033463104237556433,0.003824121839870459,0.0020695299973186206,0.005129014160523385,0.025889541663964507,0.026378189119124915,0.16918074614698012,0.0015916990571522717,0.004446703414588986,8.479863888764381e-4,0.001651611975480892,0.004488181787634894,0.001476329663337445,0.0010051279872606187,0.007856633109198412,0.0075815270164080765,0.021555712498148364,0.15120956907487565,0.0021513352105468086,0.011647155798975148,0.01952810557040702,0.0022392436083613163,0.0021057994611008444,8.237731179795681e-4,0.018909776026072304,0.002220580160654506,0.0015089114151051934,0.002637588716599771,0.0013188497388741006,0.003112165644691092,0.0019791118036291645,0.003933148696492795,6.359625402599007e-4,0.0025444315537275406,0.002127746872681687,0.002685028520907558,0.0010843576667351354,0.002076867792143546,0.002605735454629027,0.002507300380673015,9.115117697680048e-4,0.00205719885423405,0.0010606577002375609,0.003282039547392663,0.004424494095365297,0.013829578419660484,0.009047476825857473
0.1126678483444661,0.04122887280808501,0.017750203336069838,0.010157599333523969,0.14652227637515763,0.009577630683848546,0.09760226896004182,0.0029764455512772546,0.0036662046530858794,0.00420944272306007,0.0034435469275715374,0.0023742619583245277,0.006077528824144341,0.02421894393643287,0.028618408068768964,0.14083213522335486,0.0017215617962812108,0.0038432694524597505,9.968242278399957e-4,0.0015676248185648644,0.004368972526187855,0.0015535843777377198,0.0016762546994226052,0.009726111557119896,0.007639828841139424,0.022972585839289926,0.16367749267211537,0.002385658465104626,0.012252897379422142,0.02458211369900192,0.001978655621205719,0.002056830403684858,0.0011568519071230945,0.017228463870889377,0.0023701281887338614,0.001644505855154758,0.002531618838464985,8.277977129014505e-4,0.002751771776995255,0.0017679407302230237,0.003714895062755182,8.180345613145076e-4,0.00237144371322832,0.002175870572831567,0.003258818348520873,7.938686888861484e-4,0.0019052627782986142,0.002734522719784232,0.002368229443897054,5.893563938258886e-4,0.0022327263273477773,0.0011616893331801226,0.0033124026221185085,0.004953469327073204,0.014297334145465064,0.008109112997196046
0.09804707626893104,0.03495894727174664,0.01848088740323894,0.009368934246953637,0.15386964644636045,0.00983340504313634,0.10022217500434348,0.0029584457616929813,0.0033314963905647582,0.004190166075955784,0.0033072930586045984,0.0023357478825507417,0.0053218985883703015,0.02522152184757004,0.02789705728329153,0.1498555563804074,0.0016368059683461392,0.004082478856067589,8.999770149930234e-4,0.001644591095112702,0.004751562462455669,0.0015404959060737423,0.0013085954635414807,0.009784724361283083,0.009010646782590647,0.026830357209865843,0.1620283697996257,0.0023174716639739494,0.013574242352875614,0.022911806301480434,0.002002530432408381,0.0021726648147552203,0.0011443442356133982,0.01517869511971967,0.002261302682340862,0.0013568216698971822,0.002452874688180936,9.843806277529368e-4,0.0027343614036935892,0.0014368664468029956,0.0031694927347555185,6.330922815780453e-4,0.002430740741898882,0.002004223086908702,0.0027489920699561954,0.0013241863911089933,0.0019432899854586322,0.0028442213945143306,0.002643205191818542,9.321917422395877e-4,0.0022656442825893224,9.888767235612698e-4,0.0032029524978074626,0.004184654454803322,0.01667213689193121,0.008764877215900526
0.09747578526409222,0.03410901105863929,0.017242512155284422,0.009615414205332013,0.1605415804533352,0.009055054601744323,0.1011726883196707,0.0028979175681312238,0.003201716695761144,0.003985248447444791,0.003656768375915409,0.002040600496736282,0.004958334187391073,0.024916408190023758,0.02392804042767978,0.1652950603965238,0.0016336690385190858,0.003248202618624446,0.001134881082856269,0.001676625608462013,0.00419926459483859,0.0016263567678101568,0.0015287546206695032,0.008047841636498054,0.007781945245191246,0.022459381450888886,0.16259895005695468,0.0021122714535578373,0.008439191268011254,0.020000918370435085,0.002053172766744691,0.0021356896916620714,0.0012784679582983694,0.01863350763547662,0.0026158851063654816,0.0016686903257731797,0.0025909094835284093,6.98939520354576e-4,0.0023053200811758655,0.0016214265072836277,0.0039604633204177704,6.331129771353428e-4,0.002575949729279752,0.001797674206209335,0.002537270821777878,8.127100960413565e-4,0.001925720745102373,0.0022795740531263227,0.0026339632692671177,6.970029967205488e-4,0.002083092344757374,9.768555634970194e-4,0.0031555983461107663,0.0045759991995813435,0.013592868315038847,0.009579740282251352
0.09412437395431561,0.03800761062753158,0.01811560290611503,0.008990848364910499,0.16009998989965224,0.009768782071606046,0.10056299946837945,0.0034529002622814306,0.00318016314272292,0.003366806641430285,0.004154654676971278,0.0023068875792675407,0.005766254477090652,0.025894005843381567,0.024812255879563067,0.1472833587843505,0.0017584607186703263,0.003480382351792164,0.0010033697181414984,0.0017673880268629732,0.004865332041191431,0.0016800575709910366,0.0010857944624881196,0.00837616528440442,0.008286980966223738,0.022418641566849747,0.1771593424987134,0.002221807621775034,0.009812794196028526,0.022085331186363577,0.001954687489584732,0.002132910191265007,0.0012737657774227523,0.013982740212181283,0.002169728820939017,0.0013595175186138135,0.0023889982894874403,0.0014222448866685806,0.003103496145530354,0.0014485561101685747,0.0033061064388269835,8.792980307829333e-4,0.002392907077494215,0.0020147571512611423,0.002432917336088283,0.0010227433671171223,0.002178793450336598,0.002739169160969091,0.002355994249759519,6.466635454305701e-4,0.0017771586155135362,9.683341910742821e-4,0.003059821756134983,0.003978842978769355,0.013462618799768119,0.009657885618745983
0.10120797366751694,0.03960927236219335,0.018328109514263984,0.008768217440840106,0.15697670350741924,0.010482781172212335,0.08917031139914998,0.003048772315416348,0.003591905691372162,0.004307189146612584,0.0035039787444125304,0.002336605308874284,0.00557041443083854,0.028112005730074937,0.026116364530192362,0.1606590023424935,0.0017097024848428879,0.0031539502646722754,9.413424588214997e-4,0.0017048173859423048,0.0043576991501121844,0.0018592974132285792,0.0012376717297194059,0.008589350613796757,0.008634009568282504,0.025663083504121706,0.157131817969292,0.002289692369100889,0.011703400660661676,0.022329101534138664,0.0023186504914646825,0.0022038235954681376,0.0011206423454677716,0.014222801687495349,0.002536951208050212,0.0016074294818337253,0.0023825972324587282,0.001306066917027302,0.0031106857605252103,0.0014467453198136562,0.003360603272599423,7.666191718238717e-4,0.0024206961714978124,0.002016271197792204,0.0024919366231360342,0.0010214554222276627,0.002048812356571127,0.003139768804832071,0.0028378751955501153,8.498722596087969e-4,0.0020893827430544247,9.098446248272142e-4,0.0031170528835380976,0.0044951674288756325,0.014044232378222167,0.009039471015622101
0.09340878862188214,0.0359309461417704,0.01780624477017657,0.009120359598799256,0.1581659873121579,0.009598509904064832,0.10004440111850973,0.0029444211495137777,0.0033618604545500507,0.003851034294112892,0.003273259312763911,0.0022159844704388023,0.005019154451165845,0.02467095544082784,0.026626948734850497,0.15699903207584812,0.001559776654451166,0.004151490718957524,9.519460509514946e-4,0.001625741697070496,0.003704356092449624,0.001566384259144102,0.0015789892123785586,0.009045770274998297,0.008344249309547164,0.01984694633655676,0.17122771272202617,0.0022230751159734337,0.009613266328937704,0.02413368806562538,0.0021023091486733134,0.002326672099884609,0.0011252216510960413,0.015337873247931181,0.002330306212070157,0.001669915163859067,0.002632242743228965,0.0010235785125180077,0.002657640315482403,0.0017475936317434097,0.003471995942501737,8.626172784590563e-4,0.00223153233619495,0.0019324664115420087,0.00251290388747227,0.001043301299097401,0.001965152113829334,0.0031743636184233645,0.002602252539391784,7.256271331164072e-4,0.0020526876179066825,0.0011866411174867634,0.0032392276503289486,0.0035958107729529678,0.01355241142217028,0.010286375442138479
0.09933777550488497,0.03793002601024274,0.0181327096591339,0.009373130715853516,0.15158033008328922,0.010307000017851474,0.09730371141334819,0.003180769663086738,0.003486798716707759,0.003797707550761512,0.0038187826327318276,0.00221068376134781,0.006199955599890671,0.028873178276913287,0.02651491357536408,0.14912263375002396,0.0014445818657568073,0.0034118248199579734,9.817536037795024e-4,0.0015049222787735413,0.004662550833568245,0.001673174733311516,0.0012673020708525234,0.0072249786085314405,0.00834730713632128,0.025111692425374026,0.1668920236369455,0.0024075226893020833,0.010949948411795146,0.023643710077089392,0.0019855752414166053,0.0021198075941184823,0.0011162551809707794,0.018220863283318723,0.0024504274379401393,0.0015164444725374489,0.0022938085441646934,8.898604957126005e-4,0.002304162100839608,0.0016183836603347545,0.0031555811438778837,7.246142003775008e-4,0.0025041615931761115,0.0023511312534505997,0.002850615264664397,0.0011562288450179684,0.0019580609986341387,0.0028689263360909428,0.002610192227064672,9.029784115623939e-4,0.00185761714347652,0.0010919199242058846,0.0035826647612392133,0.003958984441397065,0.015049926472147751,0.008167408849472433
0.10539155643577693,0.03640846356378428,0.01679951489730214,0.009208164656836456,0.14803132277106912,0.009437260080928371,0.0900971302821949,0.003170660478039453,0.0032760955071804492,0.0035794386305702266,0.0039173990384187155,0.002296692109559057,0.005204078460415388,0.026094760853075903,0.027028138009080084,0.16839215364712432,0.001566965106596947,0.003778126641523171,0.0010747129097376346,0.0016291624866452716,0.004102174200888468,0.0015338833382967873,0.0012751857574556736,0.009629539098168188,0.009557368319058625,0.02468275902159983,0.16141827722963017,0.0025101572994622166,0.012005737782644393,0.02050022904027156,0.0022458413147189993,0.0023509521791603713,0.0013084006837515653,0.01668015849997452,0.002322000417034665,0.001569317857721647,0.0024670875766798464,8.489135689594225e-4,0.002391302554910999,0.00146075948056717,0.0030945061849070956,6.448989793760934e-4,0.0025537491565557394,0.0018907117617557327,0.0026745434834489564,7.81548901317815e-4,0.002113115525843107,0.0027246644046798004,0.0022945983809344187,7.785570103205909e-4,0.0019955272632158085,0.0010617859694259139,0.0033852491932758644,0.003994831053549235,0.014024834115208265,0.008745036829371609
0.10638245978846392,0.03411856912162945,0.01769504327699274,0.009769562699454818,0.14681169279746203,0.009869927300830356,0.09840470426113186,0.0029759130595846898,0.0033711009057837394,0.003333554977006791,0.003774379718290655,0.002061388394815316,0.005001411854262258,0.024992923114358016,0.02185737404062646,0.15647357675736778,0.0017089889812874352,0.0048612108294598284,9.590871095262768e-4,0.0016698781437752214,0.004124520355340836,0.0018617212703567858,0.001370918907718257,0.009431693096000523,0.008149341354873349,0.023645532134695533,0.17019825930441893,0.002177121051293935,0.012485597603788834,0.01927668836129565,0.0023323825820263776,0.0025920342748395643,0.0014541911120419012,0.01582316081940711,0.0025905045866770372,0.0016125243765523236,0.0026923614560246225,9.614643186606271e-4,0.0031385220044160417,0.0015860065656108033,0.0034623141279143286,7.233059721502847e-4,0.002260854037913077,0.002062596414795936,0.0030710778448058422,0.0011755988364591922,0.0021266113094060963,0.0032486541503954835,0.0028484421996966304,5.92497777537025e-4,0.0019045477990890251,0.001217509480757959,0.0032958525202108797,0.00353366908539974,0.015572975685194073,0.009306200090125822
0.10270273654757599,0.0344924252661902,0.0193858051175597,0.009958628968580616,0.1453860512070997,0.009683798217649774,0.09918610723376922,0.0028679353630111015,0.003155930866465786,0.003946302313355429,0.0038786686795863235,0.002411845913732488,0.005190788315956462,0.02708456956280571,0.026917719699221895,0.15886514579319655,0.0014935533118639794,0.003337709861091403,9.736830617328821e-4,0.0017275006356994183,0.003746891914160426,0.0017046164647136605,0.0016271743739504265,0.01041979940503656,0.008431293297921083,0.024587331988732884,0.163294647074113,0.002193690536664016,0.011665610745945559,0.020770771844937547,0.0023113260334694354,0.0020292668330526543,0.0011917345950056535,0.016529236239443114,0.002295608497034622,0.0014734577825738914,0.002402079640223744,9.605618168289222e-4,0.0026900472510625107,0.0017368522831029195,0.003475247166306643,7.26154843291463e-4,0.0026111503787322353,0.0018830710557619496,0.0026185797382619535,7.345213831959808e-4,0.002003876539994477,0.002771916832178832,0.002261809188232968,7.809102821564521e-4,0.002134372316581549,0.001045292133756081,0.003293834004899203,0.004017543682914082,0.016254643720330957,0.00867817217928802
0.09857571339004005,0.03610659653266063,0.019856475443530183,0.00913903833725626,0.159392505723151,0.00968368081613609,0.09847969499885756,0.0029573003916153946,0.003773516007945931,0.003513391302585894,0.0038123687144783485,0.0023168085704799364,0.0055550641572459135,0.02406900111124574,0.029457938436383516,0.15274309622153467,0.0017282723140031233,0.0032506781056018097,0.0012099550844970437,0.0016537825370522138,0.00405583592860314,0.0015867665702740234,0.001020560440537182,0.00862541590278313,0.008690779126700878,0.023593083221277764,0.16927966059630528,0.002275674332347073,0.009590988792325436,0.018493438294036907,0.0024662326551740483,0.0020716367666340605,0.001228367680901443,0.016395657000093367,0.002584449026809252,0.001596079516236321,0.002619177905968742,9.334221315309695e-4,0.002834644970137142,0.0018417082884880905,0.0035005310853143666,7.222293914852079e-4,0.0022957762174305426,0.0016829516420083196,0.0022609457601857857,8.301636425474318e-4,0.0019532200414336207,0.0033461116013324232,0.002344768839901632,9.237012976409058e-4,0.0019978735192661395,9.283312309716198e-4,0.0029745120735235374,0.004294677036956804,0.012133591015879856,0.00875215826065622
0.10380558433278744,0.03419590762144238,0.02020359141391971,0.009405521147348054,0.1463867768211823,0.009237533911039427,0.10025873824200142,0.003014986840143762,0.0033342060945596055,0.003795931961770257,0.004247102526168215,0.002018129977236815,0.00638289252755991,0.02198446565606218,0.025969649428751646,0.14373276337465607,0.001433221359909825,0.00388301310958227,8.928084088525064e-4,0.0018704485422524845,0.004075114596311284,0.001606816159077171,0.0014180499758890534,0.008394505860122444,0.009381034732633225,0.01888147128650513,0.1837604835297316,0.0023025794647551097,0.009974259780194127,0.021487485296568125,0.0022924354327937433,0.0021429864327685653,0.0012573705453457905,0.017510143746846202,0.002004566198298244,0.0014290447085750033,0.0024388778162877356,0.0011450564784117965,0.0024848083340527345,0.00154629026107132,0.0033386127741068163,7.595401102956527e-4,0.0025408284699892547,0.0020506703863948255,0.0028769538266648015,0.0011317824269004857,0.0020161450465983497,0.002749011264116211,0.0025312227371479716,7.81013408442242e-4,0.002074612755356261,0.0010512104285985919,0.0032483526432565205,0.0041509731170470245,0.01651248807588151,0.010599928595738753
0.09265837626290861,0.035993757408027426,0.018785271619393955,0.009607038820443671,0.16011453035024006,0.009604254232391305,0.10097566870297045,0.002738971569394612,0.0037923121584201272,0.0037871201252853777,0.004236219235690879,0.002305292372017136,0.005706120396184005,0.026329436045545426,0.02325810881914185,0.1574412626364866,0.0019207790387257727,0.00414640534582483,7.695550559617059e-4,0.0014942613088335592,0.005064177637733834,0.0014786433452341527,0.0011725028187316226,0.007999196800448274,0.008493498375785342,0.020475266077016555,0.16805543516333496,0.0021080198924674563,0.009860305923267396,0.019702211279661062,0.0020660179877878275,0.002175419202095923,0.0012825804328394515,0.017852301838973197,0.0020965018059902083,0.0015476590766643535,0.0025853039080310524,8.233229568889994e-4,0.0027099929551197333,0.0016444197992121902,0.0030918537578310426,6.821284371638961e-4,0.0027501833205984304,0.0020602688343558384,0.0026707439725790413,8.799669249707695e-4,0.0022079496017891,0.0029180262073932985,0.002722336139246681,7.583846006167048e-4,0.002035971740348071,9.917319094480772e-4,0.0034115322968552818,0.003951590309220654,0.014146921084149059,0.009862892082262995
0.10184742374619153,0.035911433556731,0.017836322038487343,0.009777177274876748,0.16310882205869554,0.01055689899182656,0.09194938501885816,0.0029413345057359157,0.0032456247294798163,0.004031149006018213,0.003776879825438156,0.0022677708732365357,0.005859637272197986,0.025541664702523167,0.02261440019926923,0.16173905862877788,0.0017647726083969745,0.003387336698345136,9.068201004398736e-4,0.0018231967069680041,0.004573129013727757,0.0016042558507134946,9.988104012217279e-4,0.008574707597107666,0.008299147467093905,0.024306775629067773,0.15833430025333123,0.002143779152075372,0.009070999468268743,0.022671092563722992,0.002242685730428138,0.0025564545159123655,0.0012847335270568146,0.01732966399752323,0.002319353512027069,0.0014665839543962667,0.0025341254379274815,0.0013768517047508934,0.002702123618988417,0.0016427025436372765,0.003546254026835387,8.182628892020241e-4,0.0023008041394208334,0.0019992357237937856,0.002397939411200427,0.00115682943178175,0.0019014194852334583,0.0027580502296200337,0.002373105305407054,8.140511478667975e-4,0.0019505517098638884,9.842766168748937e-4,0.0032828954309570475,0.004135595692870632,0.013332530935709356,0.009328813341890235
0.10363915445679765,0.037248836538861206,0.0180264514016792,0.009296808700303414,0.15387997661683392,0.01028244196634426,0.09223017027599512,0.0029454446115168677,0.003501177866282006,0.003239452442824307,0.003938032647408491,0.0021312902588361956,0.005125693198300516,0.02607966861012739,0.023571798347639998,0.15882611446127748,0.0017194164047280192,0.0033667423865266777,0.001048010588245716,0.0015373188777715796,0.004496867648107902,0.0016704754196324265,0.0014923370743100868,0.007114047597702449,0.008669620092140378,0.01990076845959857,0.17021380701755628,0.002177182163408268,0.009365787698682375,0.0219643581996016,0.002116627789678634,0.002437035179541248,0.0011452796128861111,0.017209580871158193,0.0020510836207003765,0.0013475670836543652,0.0025134269178670805,0.0012724481654208782,0.0027385593754993033,0.0014336623966854376,0.0032048967579009118,7.544447597606316e-4,0.0025759967567019633,0.0022245204655405725,0.0026690371998602225,0.0011863344880899574,0.0023112441217256305,0.003047033107320409,0.0025980872445941295,7.882900545087916e-4,0.002014203839751369,0.001020122464127156,0.00387010762477853,0.004596146365508762,0.014331610922547379,0.009843400785151646
0.09714804039716439,0.03568167522432761,0.01840366040565932,0.009285786734899064,0.14905720236752754,0.009580200530773155,0.1033344493663608,0.003012324022994966,0.003431697892408396,0.0038038823389703793,0.0035721798566845887,0.0021196630141239576,0.005342274277537956,0.026475788043409353,0.025453825567978688,0.15131976126721572,0.0016156851404901308,0.004150808576344988,0.0010551222538830649,0.0017486165905781425,0.00472480436507743,0.0015042714632508881,9.420906265171046e-4,0.009110838194983841,0.007572918857881331,0.025248141023638926,0.1733115375467645,0.0020147626964552626,0.010474202487116691,0.022925152582387337,0.0020249490002253903,0.0021038072006032372,0.0013425988107781143,0.017276989542309766,0.0021986683509960373,0.001526608233343984,0.0024311927938683075,9.669927962470083e-4,0.0022426057279855438,0.0014544342408978873,0.002981844756684821,8.520746018465425e-4,0.002461337849698053,0.001943031327725926,0.0026508882147086737,0.0012168245880030792,0.0022061861398113254,0.002620185253295712,0.0024899095736385757,0.0010321674921506888,0.00198605043718801,0.001150392166074345,0.0034529649537692595,0.004211409058810277,0.013191004434403514,0.008563518741530501
0.10445638383055088,0.03716980024159725,0.017087893302758003,0.009209582628455247,0.14939048286391976,0.009519979808288644,0.09856683431757796,0.0029588628493606487,0.003570556809153361,0.0035003150376859368,0.003683571752083477,0.0019652042538527772,0.005103412569911844,0.0270128268901152,0.02700447935329627,0.1597486639261729,0.001462670578612685,0.004134352952555941,9.828090817635624e-4,0.0016629249135019363,0.003763543454949266,0.0016515874413361947,0.0014492274354545355,0.008310806988746639,0.008364662043494913,0.02271247589695059,0.16532655189073803,0.0021022033046009317,0.008157069680765615,0.021733671965129514,0.0021887546477396148,0.0025188899413722656,0.0011129367681106913,0.018869446097163088,0.0024032695921756735,0.0015676529012947026,0.0023802890746958453,7.948221961080578e-4,0.0025943257623954144,0.001665644646656392,0.0031806694299311264,6.168756474772397e-4,0.0022773257195200284,0.0017604619386602763,0.0027505931211413938,6.882828633196252e-4,0.0018912908755872543,0.002759604697761919,0.0027258987541841843,7.140349478770196e-4,0.0020779017597875554,0.0010159837679824882,0.003068700381440197,0.003965789942554437,0.01368135247828279,0.00896579398340016
0.10501722936921275,0.03678808840696537,0.017785188885052657,0.009586213187164825,0.15284808644941447,0.010194869719953302,0.09895785552129618,0.0029688592673211846,0.0029924094019023414,0.0040766345852076055,0.0034875442289086242,0.0017901498705659184,0.005183490843712839,0.024315836043284307,0.029059755527814705,0.15302710784954277,0.0016963114407102492,0.0032993999269355133,0.0010841982471302388,0.0017714347103001701,0.0037404111976911793,0.0016826324631095489,0.0013269509027690682,0.009166303212056342,0.008545121530983045,0.023359291383257458,0.16358503057199977,0.002097727027561664,0.010865014535742054,0.01958784960523346,0.0022555644303470152,0.002141512028858707,0.0012456168864402343,0.019329545343355098,0.002370898790762435,0.0015786123656324814,0.0024309283139234516,0.0011503836863163953,0.0025239959380810037,0.00167489079156381,0.003544898159216941,8.95080169694195e-4,0.0023864624339226537,0.0022182667758369346,0.002702582490919962,0.0011983941275667174,0.0019794659393807335,0.002740398291621726,0.0024745364261746033,7.86212407169729e-4,0.001944086059373668,0.0010492827375959077,0.0029343292356501065,0.003605777510476833,0.013036668832472922,0.009914613914846113
0.09652981154498504,0.03616820109273374,0.017126404392134722,0.009487832427260786,0.1513586588093403,0.009670342010203396,0.10070290887416396,0.002942700870230695,0.003628726837254755,0.003002525127888287,0.00355181135657553,0.001778730204398585,0.0054187836140788485,0.02554180964652674,0.024858802222980987,0.17198251136306442,0.0015362676858178801,0.0038616080414635664,9.048587633845705e-4,0.001666561647513061,0.0035277868517003246,0.0015397866422038934,0.0011285328998920595,0.008814307961598704,0.009471118197484469,0.023755586930907093,0.15912523068034282,0.0024241668556742326,0.010854927017216636,0.020190576340844934,0.0018713713191143891,0.002346959434875693,9.371519347174061e-4,0.01856000983285259,0.0022184389923625304,0.0015372254028064387,0.002688620167380401,9.38271886334438e-4,0.0029384355297899594,0.0017796068336425664,0.0031701733018750632,4.872507592422409e-4,0.0023278924603869476,0.0020614596398336304,0.0029358278863839734,6.705184524051204e-4,0.0019849600067144194,0.0025518849527233164,0.0025072275578809306,5.700744831212065e-4,0.0019667248287858125,9.527324090417567e-4,0.003365925126009783,0.0035686663563987003,0.013364396672660673,0.009146316862795031
0.09395892465631259,0.03966907137054289,0.01849241124353404,0.010286616091167503,0.15604861833821912,0.009204425648718866,0.09535397629415457,0.003087856076389142,0.0033409403350974387,0.00420137995921932,0.004289864185810263,0.0022157464682394895,0.0053728055765980935,0.023981222985779375,0.026745900263341907,0.15150003368113882,0.0017033743733642001,0.00401284470945335,0.0010356784140521877,0.0018011312565880337,0.005178471319249457,0.001871188540039012,9.615383944435481e-4,0.006347994331304289,0.008110536055809846,0.023550803819837714,0.18128699146925098,0.0023369384045020276,0.009645337428248215,0.01847894357475093,0.0019407805493672702,0.0022403897154358184,9.454801090503347e-4,0.014307471238602407,0.002196998302924907,0.0016898644934073032,0.002310362469046476,7.411352586858909e-4,0.0026441823577067094,0.0016515894521699319,0.0037713025319027235,7.229941890587097e-4,0.0024941667484128585,0.0018534078032513435,0.0023388436385015426,7.585063306050212e-4,0.002198018816080428,0.002789427764033954,0.002372240841184628,6.771812780567904e-4,0.0021693091776470723,0.001121971067930662,0.0035751867801990483,0.003872574286757491,0.015165432781299658,0.00937961675352393
0.10727579284356693,0.035295371141877856,0.017291690942033346,0.009288515883807469,0.1523188416055659,0.009675171349212724,0.09743259850379955,0.0030187767424192627,0.003610713591550256,0.0035053275513220144,0.0026550455308275798,0.0024728196875854636,0.004949777747589197,0.022915360878325644,0.020772115662587663,0.16322676381734438,0.0016444791132088057,0.003909483331273221,8.775989579148874e-4,0.0015277349866043282,0.005068078424103533,0.0018161036219432472,0.001076546776313422,0.0068072743073490025,0.008449596797268998,0.02301057291326793,0.16892796716987543,0.0020505500687415636,0.010926252831763298,0.01851777448535912,0.002016922489414646,0.002472935634429893,0.0013308508181201037,0.01525851932951393,0.002265970127890628,0.0015693713968254926,0.0022384848745937874,0.0013412950056166074,0.002805818547928807,0.00161414342758933,0.003554278010329774,7.068333162548656e-4,0.0025459568017599738,0.0021311031963551965,0.0027462944578959285,0.001214800095355694,0.0018543239762268667,0.0031201375166327915,0.00274727397461877,0.0010319621055011026,0.002093715507673234,0.0010223740268542065,0.003418427661001343,0.004903356777450144,0.014541132785661662,0.009139020874103149
0.09320079648986279,0.039192631673843875,0.01794221708656566,0.009687178550619999,0.155084661831253,0.009946512738018286,0.09435983846659095,0.0030034516448371206,0.0035280842368729127,0.004140304422331569,0.0034874874154771046,0.0023190854861860825,0.0056848524396032555,0.02206628751174379,0.026191536192740554,0.16806576769437714,0.0018360700928739832,0.0037004234745061106,9.328911836461796e-4,0.001620004565271343,0.004265029497252187,0.0017945641060227206,0.0012560243250258163,0.006706915247022474,0.007215042335935379,0.02069255954323513,0.16264455446706488,0.0022322492998709314,0.010273819323747041,0.021861651420499544,0.0022993598859513235,0.00236192108845164,0.0013182581193435592,0.020392759421819746,0.002544235473227142,0.0014444347233968941,0.002570157644946624,8.56766866616746e-4,0.002918625708289435,0.0015716606880171338,0.0032007489283465656,8.47031119412623e-4,0.002508230861676737,0.0021275366771012234,0.002475207252799278,0.0010147639127856957,0.0018355032326880143,0.0031861141254266364,0.002617020257506101,8.524758962779723e-4,0.002174287733798752,0.0011490454767337983,0.0033980038334897994,0.004083977571664037,0.014909185498109137,0.010410195239225498
0.10241864827541934,0.03517793698656601,0.018485682194653418,0.00970423074347568,0.14868983852545453,0.009832613054920366,0.09598352574322405,0.002927292628794083,0.003459800283099234,0.0033195324969139406,0.0038228518400089066,0.0020990602275597157,0.005193771564467578,0.02395504173484068,0.02887848769593717,0.1587633112133593,0.0014227197761781162,0.004702806658266016,9.895486054341135e-4,0.001679508252151149,0.00415214505070197,0.0015164095016103386,0.0013175661683338825,0.007525251902533008,0.007562748958229988,0.02007652687464596,0.17043759479160636,0.0021870708528051804,0.011596589225218787,0.019439221467344312,0.0024910037726378893,0.0022577021704201935,0.0011798193733603356,0.02132306836065458,0.0022122580789541955,0.0015752393521861862,0.0022236586407789988,0.0010152622144511039,0.002866270102280049,0.001783081333358171,0.003391739744516882,8.424006331654733e-4,0.002240047869071926,0.001975791185783656,0.0027501909636865837,9.62905618611198e-4,0.0019549207881567974,0.0030649429605455673,0.002384572448790234,5.744508442731518e-4,0.0020445781811721086,0.0010551505005260973,0.002877383025482848,0.004154136129464361,0.01514261647785361,0.008339475936064544
0.09750173689662316,0.03649184868669011,0.018908517954575377,0.009698378311257118,0.16409789950570183,0.008685894674066096,0.0930988781382706,0.003165523305797409,0.003148753706807143,0.003368285869769097,0.003889895475137788,0.0018340055186815854,0.005223534290158757,0.023327362231488274,0.027053098761802608,0.1562635298596263,0.0017088392512472972,0.004216031834273709,0.0010468049658169162,0.0015641384798920084,0.004616889839655829,0.0014198995530582833,0.0019356780420123991,0.009198336132240595,0.00810185278289454,0.02101330197729777,0.16849908961144072,0.0020193576653956056,0.009300905769143428,0.019377629911347952,0.0020084139889370092,0.002379995560691109,0.00109363226036296,0.017309229157846107,0.002204878574905896,0.0016770939050548648,0.0023335895860817787,8.140795410875848e-4,0.002631939346232793,0.0015052696558913918,0.0031549479663669842,7.180489263868355e-4,0.0024129515937935794,0.0019246925601117647,0.0026570906713365124,7.983979644636096e-4,0.0019259638518763845,0.002841782433848177,0.002439437543329081,7.018494665918961e-4,0.00213918347143736,0.0011043180174654962,0.003104408100252853,0.004593482325052358,0.015312571776879941,0.010436852751545477
0.10246760657607372,0.034630387678541645,0.017403441569204033,0.009133504509241101,0.14204543197202285,0.010481888787301908,0.09640211992364045,0.0032807095455480353,0.0035641519793602624,0.004075713004677494,0.004084822647060459,0.0021495211191791663,0.005953646248927151,0.027146374351932765,0.025196039311735655,0.15859557412291783,0.0015158010112374632,0.00307952979279791,0.0010523197647481183,0.0016103999825782989,0.0038168206450657086,0.0014402119628936,0.0012406901971080007,0.0079793093141747,0.007821014854730138,0.0224731844596511,0.17091659395569625,0.0023478056908012392,0.011124378726804884,0.024722710626623,0.002118633328959478,0.0022721921104260088,0.001362840441173246,0.019391088643180083,0.0023118389689916535,0.0015382693282725076,0.0023274976737436355,0.0010233275471203782,0.002535152499149508,0.0016514297645632125,0.0035031667012601995,6.347988089015055e-4,0.0025335750925091515,0.002067449018917058,0.0026520241765957265,0.0010190262004621605,0.0022226484379584553,0.0029283709729234064,0.002232290005344285,8.303794723196636e-4,0.0022545756307724945,9.736845883947466e-4,0.00350875974806113,0.0038656066641052167,0.014644048040251401,0.009845621803368705
0.09793962205354725,0.03524079171564939,0.017700542729577974,0.00993450953521714,0.14860888355551388,0.010281702897969112,0.10138038871356946,0.0029767984894767474,0.0036160892180823415,0.003260617213166982,0.0036185376398530397,0.0022412665558174246,0.005097779790725406,0.026090772461483627,0.026058163617491664,0.17196359879903952,0.0015980762890336975,0.004694734755987195,0.0012138854380180015,0.0017129094554554076,0.003887603701527916,0.0017808805599827822,0.0011489250191049703,0.008496193990983789,0.009189725303594793,0.019910832731645022,0.160036165046408,0.0021565284584270606,0.00875038080209645,0.019209163203790888,0.0018627343146523112,0.001880643863485105,0.0012284078686694018,0.02042026132456737,0.0023065332990724425,0.0014108768658756545,0.0022824265250981734,0.001157925488220697,0.0026095199404064526,0.0016266909703375354,0.0037527694015179803,9.496853416844392e-4,0.0022117215628341515,0.0019753019222460396,0.0022143097082200007,0.001009851744322002,0.0020430852378284688,0.002718220864469276,0.0022024556249101894,7.46290893695971e-4,0.002005000351159892,0.0010886731127661843,0.003316599846456314,0.0038447713543584548,0.014453042000881496,0.008886130830026946
0.10141238178128228,0.03549800788852027,0.016882048790014186,0.00964541654473888,0.15877742763832542,0.009283459034864449,0.09958667708414408,0.0029181818685014528,0.0031737633480351476,0.003738638419736948,0.004072857607989352,0.002076639339787525,0.005266005539093052,0.025107703322179088,0.02398921811257611,0.1580268206231216,0.0015802007239511652,0.0040541075805687905,9.62106111227267e-4,0.0016088797111438228,0.003925103025052335,0.0014130139522195604,0.0014605683362446777,0.008067261379757055,0.007942465627695867,0.022091392487969236,0.16905452956847744,0.0018844141673934845,0.01052007193135061,0.017143206400374415,0.0022543462966721555,0.0023130978361006744,0.0013124515421419527,0.01615647907210954,0.0021291617398683784,0.0016786272954056726,0.0022011065271868345,0.0010019964328993926,0.002555599213790784,0.00155941694598427,0.003595330471971584,8.092478982909182e-4,0.0021927754468419386,0.002133991034660322,0.0028688852790099565,0.0011574707725097064,0.0018730823583917085,0.002870126945382255,0.002352424801787263,8.463822319049951e-4,0.002329304624417092,0.0010890721389447842,0.0035351472525138494,0.003890821829533663,0.014339994732289252,0.009791091333055583
0.10021674436021663,0.03758576853324231,0.01808590296818052,0.009841585315459898,0.15802959349378315,0.009221365555338961,0.09681296067356039,0.002871120200390377,0.0035143950479515442,0.004280633567018807,0.003621991894052027,0.0020240114596257563,0.005304905103959374,0.02296374465560559,0.02881455163124035,0.1492507747629228,0.0018313135184677483,0.004144416814858976,8.606247444786658e-4,0.0017233974266963885,0.0048730644703785944,0.0016749676248680036,0.0014148506708347602,0.008244916750057504,0.008501051040459272,0.02252696827198163,0.16628970630094053,0.00206649198022799,0.0104518054444228,0.01869963432623283,0.002105192347175416,0.0023218995302236906,0.0011856559983231911,0.021990060544916302,0.00216284502611972,0.0015186960082267512,0.0024283906124586024,0.00115864566651981,0.002811356115419847,0.0017185237123912612,0.003104255316405324,7.402610926820097e-4,0.0026370171815525163,0.0021474020820179177,0.002784401765654821,0.0011009279204324523,0.0024085658441674903,0.00294721587911193,0.0025447328697858476,9.020867703026049e-4,0.0022952977812152123,0.0010452787639885824,0.0033707571221102037,0.0040873305718022975,0.012886310532265233,0.009853634337276828
0.09833594569576112,0.03442390405545317,0.018861266086616302,0.009992325671777219,0.15684278357919682,0.00988599825632141,0.09512889675737382,0.0029276561802341417,0.0032543465869567245,0.0036754992002978673,0.003930179516728374,0.002441792099909092,0.005551623227387894,0.026887841312519357,0.024482770247709514,0.15439017386477108,0.0016322357350381533,0.0031719670692086878,8.703055966708177e-4,0.0017608803258955968,0.004798286451504548,0.001510889561143448,0.0012253150438087744,0.009044101491642791,0.00815983340020697,0.026474109802729,0.16497480452589047,0.0022134270925338925,0.01037119882864068,0.023377131538697755,0.002069822078606957,0.002090849947097697,0.0010654964469518074,0.017997626236533604,0.002046317495930352,0.0014833636378616196,0.002428108572735847,0.001316463440075298,0.0027626906255283855,0.0014880980185735643,0.0033858227518416668,8.219258077586403e-4,0.0026905268861334834,0.002026410745431171,0.0028454645854240302,0.0013760150675125719,0.0021039326268924045,0.0030916150377762797,0.002615400003730592,8.858656888443351e-4,0.002308463763253433,0.0010790139713846027,0.003226054693938759,0.00454811575199703,0.011937696884026601,0.009711350431533726
0.09656290815899503,0.03494848604122721,0.018830343011388726,0.009167664452664087,0.15214249006638364,0.00985263829607476,0.09806766348591112,0.003089921715896176,0.003450834448470582,0.0036972475802967628,0.00300082902932265,0.0027363986214432117,0.004873420478342463,0.025790232094703873,0.025425543788874704,0.1533261849862694,0.0017299867377844759,0.00403284043940054,9.549459301731524e-4,0.0018710331237504151,0.0047191004928570125,0.0015969690022243934,0.0011077833856869392,0.009157989091374682,0.008233318349326614,0.02074002279596804,0.17846081746360473,0.002176153852561323,0.011601550558590377,0.017153387849250263,0.0021661724162305913,0.0023725817394433246,0.0014079680528276087,0.017992742535285444,0.002095732574099868,0.0015580688634087294,0.0022324075783213314,0.0011590041896673083,0.0030572374776168783,0.0016244523739404205,0.0033716013336267804,6.756121126169271e-4,0.002483500851834752,0.0019635238585820262,0.0024567943164705212,0.0010005723837102798,0.002207940212686155,0.002879966712346956,0.0025783225988119346,7.325430082750148e-4,0.0019192623139527732,9.91405379042508e-4,0.003291459519113064,0.004952620767724823,0.01482906479152795,0.009500736710018618
0.104721144823702,0.03484312825108334,0.018271608205681158,0.010314382353428948,0.1541037630617131,0.009325138150981264,0.09858197935927972,0.003160113826319185,0.003545083910031758,0.003740435974647547,0.004456651956880137,0.0021684739351350898,0.005579924993803801,0.021989461855337806,0.023381722826254215,0.16074941713054078,0.001509779817674677,0.0033226943423264894,9.415083061741577e-4,0.001458953358601653,0.004026559850916535,0.0015381809096100547,0.0013437871717390493,0.009675402171193307,0.008163538898538606,0.025656404884656564,0.16393893626241204,0.0022760906648613306,0.010927701704159956,0.016425855020102374,0.0021321897245526328,0.002460833748752246,0.0012320790352885584,0.016983105949249816,0.0022831729704618246,0.001481652138140258,0.002246266537760032,9.380701184565876e-4,0.0024889604465309135,0.0017669108641737616,0.0034766192658972394,7.297898606100034e-4,0.002544315838425934,0.0020620892623414945,0.002913711241253941,8.905600417660151e-4,0.0018863134931006418,0.0027394716830272704,0.0027092958041664765,5.495334224194348e-4,0.002180434495780404,0.0010079212505699688,0.0029631367508516815,0.004303170600918498,0.014803055374641681,0.010089516103076061
0.10177270494465851,0.0384132570263578,0.017928855368865942,0.009710847352306923,0.14758185622123693,0.010113163666256215,0.09890256986033312,0.002796328606649709,0.0032723559818564505,0.003776838070199595,0.0037583160753565975,0.0020138164870402066,0.005005181106114424,0.02145649190986188,0.025520056308237782,0.14921640254974453,0.00210285997426163,0.0038210938982760037,0.001019965672632576,0.0017647710961700602,0.0042202456308391,0.0014981749164952156,0.0010791784029358766,0.009060650484824163,0.009066032439873447,0.022766753736678382,0.17509701854842344,0.002059033661037032,0.011129872672388751,0.02412631676744313,0.002036821895649798,0.0024577252134335465,0.0013441535142568566,0.019163585215295993,0.002032977596370127,0.001467618531944106,0.0024326958957202657,0.001187194471625057,0.0027953083603694225,0.001578054518317917,0.0031400680787983773,8.247061259971453e-4,0.0024881192321878007,0.0019263579347136908,0.002278661139282453,8.672596994238184e-4,0.0020601756768582925,0.0026418102652738533,0.002297283493451773,9.044467714271402e-4,0.002063131129326346,9.81657337893363e-4,0.003376503140379409,0.003885345540296657,0.01444617422223016,0.00927115556212119
0.10470555714827899,0.03800383509813393,0.01761125901621815,0.008792044082356893,0.14485045133308402,0.009323032126167429,0.09298685431827206,0.0030898037373740177,0.003526341918478287,0.003728839641033725,0.004125687149637829,0.0019626844156575536,0.00619388026002152,0.027463421152688915,0.026280619298080923,0.1745668417956123,0.0016494766799020945,0.003956580498225423,0.001065283961669448,0.0016685470383989202,0.004161582081545537,0.0018239285682182989,0.0013971399338717856,0.00789456691283509,0.007362176401208749,0.024200359204786453,0.15450381098655136,0.002100048387951228,0.009705594389801514,0.023596446960956512,0.0019515452839889054,0.0024217029784039928,0.001086723006320594,0.01569581481299547,0.002132513255399998,0.001550411262242237,0.0023903743665055553,9.790293177840495e-4,0.0027232125166213213,0.0016225391333139993,0.0038142631726093275,7.157748509910606e-4,0.0026821419643900386,0.0019315880260600386,0.0031777695413424283,8.46127591110763e-4,0.002137116536400178,0.002895419340035009,0.002620411089445645,7.308947175427198e-4,0.0020637009328737465,8.839070397655556e-4,0.0032077190134438185,0.00413588332348649,0.012753579317494762,0.010553143112413378
0.09895881365165671,0.03821892271416089,0.016698087287641484,0.00934023494338108,0.1496122774009192,0.009378024400557199,0.09350380909176952,0.002990834151502651,0.0033156459372253853,0.003942686623136838,0.0037493365607221964,0.002384380105588363,0.005176954839065218,0.02153675251745397,0.024834531958671052,0.17213338489394045,0.001721437731613759,0.0037044458355559523,9.467376457123041e-4,0.0015653277882431008,0.004076573964170596,0.0015896459558614254,0.0010593424868405262,0.007630334811728911,0.008585726134139547,0.02044558287942012,0.17114651759223046,0.0024484289990036956,0.009434233299873048,0.019501352068469625,0.002510507202860141,0.002202231174568549,9.653060450606654e-4,0.01608385377795064,0.002033068522093757,0.0016213130840689175,0.002580699318615303,0.0010942511419167805,0.002890301191022363,0.0015814446131014214,0.0031227503669549028,7.3476373110058e-4,0.002378342191986434,0.0019317005013820433,0.002369894495961631,0.001347443252822221,0.0018557057165016625,0.0028087260695389494,0.0026585685223170772,8.844633994442576e-4,0.001859543869158484,0.001039842664749831,0.0031912469592556667,0.004597264179198485,0.0158467183370876,0.010179685401026314
0.09958385020428127,0.03950923984188982,0.019709890907352,0.010118348106107906,0.15107364568245332,0.009714882757842993,0.09773747846790463,0.0030071793329750855,0.0034557659955879107,0.0039059721116548986,0.004267352139418538,0.0019966726909825955,0.005419198077702556,0.024559744060527872,0.0274489106738087,0.1500089369853244,0.0015499642418223098,0.0033476642972724013,9.406346760701363e-4,0.001608374913957784,0.004374803296695932,0.0017527899557681084,0.0011231021566686162,0.007738788938335938,0.007611392209626359,0.020164586547122314,0.17333762290582166,0.002301384565107238,0.011611458585368821,0.021165936740350753,0.0018696878516952118,0.0021653690433469075,0.0012213172998057796,0.016360972524172627,0.0024732885116965793,0.0016385281317109136,0.002302765746532297,9.411362864114024e-4,0.003093385880902768,0.0016348972873337516,0.003532413858245374,8.150920486848922e-4,0.0023439807919934746,0.0018919389295285896,0.002984678173442322,0.0012289901169646627,0.0020579920638674537,0.002995199458276775,0.002677672158767106,8.983263179108295e-4,0.0020158931072646307,0.001139797809311635,0.003064098199273473,0.004340880035392758,0.014800471768239561,0.00936565453342539
0.10229838292445968,0.034687916564599526,0.017819098165284084,0.00934936909780828,0.14520202556431822,0.009338011920314564,0.09336268124096447,0.0029599255544183987,0.0036026105186125236,0.003978079780290884,0.004066010263323095,0.002721411673858261,0.005405105458582493,0.02502621826433777,0.02507358794212362,0.17073534889733788,0.001669954518200096,0.003475118129227931,9.68113699125022e-4,0.001601879076572137,0.004556459979297909,0.0015530019674166362,9.352724568504761e-4,0.00983845943465307,0.007634687439811037,0.02239640840806542,0.1672256287920684,0.0018910943761238461,0.011790940332261147,0.020571400920469083,0.002256131002057307,0.0023806563822026546,0.0012333622043313329,0.018243962630289295,0.00232219103079468,0.001453223250693404,0.002291439283301194,9.526816622076525e-4,0.0027727423894825308,0.0014966762661032709,0.003317312274922019,6.723190347048354e-4,0.0025502815774685822,0.002078773482761874,0.0027997419559188173,0.0010096484812062972,0.0019953147612906228,0.002839387132049244,0.002487728173091371,8.443743457393095e-4,0.002148025513599763,0.0011150372521779007,0.0030398204711226786,0.0037132563036728415,0.013578832080626293,0.008672877697408253
0.10447940420164566,0.035710716455973145,0.019622909078449838,0.009138355764086493,0.1579693812055489,0.009392205794013111,0.09251697745175315,0.0032362105119351165,0.003427727140083348,0.0034740329898249917,0.003240653435642311,0.0020076781341453855,0.005104249698563758,0.031039620743209297,0.023148873543147028,0.16900558171106048,0.001619087453025559,0.0038058196753733733,9.366783610649354e-4,0.0017249953102623687,0.004581522498831617,0.0016647042466141195,0.0013406282745683042,0.007341965142236179,0.007868554629161955,0.02423682065986312,0.1490895207236269,0.0022515495401348976,0.010469965714246203,0.02252868348426536,0.002250368179621704,0.0022415103698914785,0.0011923555862966312,0.014659642934523282,0.0021908442090781115,0.0015132358925193945,0.0026897846914574757,9.421906503405481e-4,0.002763954094763815,0.0017613616706858536,0.0036082591692947583,5.644885818539696e-4,0.002447884459979814,0.00200946466984606,0.0031561653198247494,9.17618136181112e-4,0.002231942768447901,0.0029666758594258757,0.002650842720850121,7.14515932269911e-4,0.0020615189976666724,0.0011167638901652154,0.002864841277699316,0.004712648729270847,0.014288924902924636,0.00950712273276376
0.09696682892830871,0.03659122380946397,0.018389631989659587,0.00947424550586197,0.15912986359038245,0.009488287317609376,0.09350123768541826,0.002919784942463534,0.0035573407661502066,0.0034786930836178194,0.004190499028973415,0.0022419801883627947,0.0048135953714297025,0.02373190133445264,0.025327632305065857,0.16200347944558074,0.001922314559152147,0.0038887563588635393,9.649869038353022e-4,0.001635568077585276,0.004151731740912455,0.001793117450961462,0.0010053027810834525,0.007849176095624409,0.008073123210829496,0.021437588366454447,0.1729622892187665,0.0022403047549097656,0.012178626671766595,0.015495354682895566,0.0023895719632571976,0.0020947295570321544,0.001090949470792243,0.015999741744677057,0.001866022978008717,0.0014944157801707984,0.0027125140226587096,0.0011313857461416694,0.003018090043726507,0.0015360671324312304,0.0030502503754393545,7.200151079492595e-4,0.002692917627843749,0.001995799795273515,0.002774871340334005,9.911479785345925e-4,0.0019416443091241414,0.002833672854288098,0.002503525966715097,7.615481291043187e-4,0.0020144337867969513,0.0012347325336728538,0.0030854616097856355,0.004650649048853737,0.014732731266447335,0.00927864366449965
0.10171089010675596,0.03406716496673335,0.01769839636106822,0.008950336780678407,0.15523002358360777,0.010088610758110931,0.09778987358436884,0.0030944990988271497,0.0031999620696206385,0.003590370872915769,0.00386682424754455,0.002446474897925569,0.00472048678262083,0.022849664153429494,0.023767170949289002,0.144385338150328,0.0017286433721680078,0.004399473351202316,9.124642847270315e-4,0.0016507533962492166,0.0034699788638731075,0.0015376025404139585,0.0012285480404534699,0.008851201625933832,0.00825800209810876,0.023148635161727597,0.17952782472668222,0.0021087486503438757,0.01006257345463784,0.02222575460802963,0.0021163107253065,0.001956865746387695,0.0011979722148800847,0.018855402708614185,0.0022477607744611073,0.0014244539385900336,0.002465395505805166,0.0011006163282730338,0.002772159415458072,0.0015401787507423365,0.0035321475423848625,7.35630547631949e-4,0.0026703406434064707,0.0019469426079233643,0.002435855059635764,9.151521628134007e-4,0.002091317944713341,0.0030348456230558907,0.0027879407679544136,7.202730727331862e-4,0.0022938339945296257,0.001017502012888213,0.003346962987782847,0.004267284855154384,0.01513997780730824,0.010820584723190524
0.10428918584689849,0.035356836160831566,0.018946617180025622,0.010012339561133635,0.15111517723830953,0.009052315033060872,0.09539829363440375,0.0029842255966807327,0.00323583949072375,0.004099203638636561,0.0034189870420873575,0.0020534836336904014,0.004843464000615689,0.027705530621583162,0.024606012399334576,0.15216727335346958,0.0016273470493226227,0.0029174705663069984,0.0010809630373287773,0.0016385579370892392,0.003972001363002606,0.0017606375653003135,0.0013391505586369935,0.0076568928940957985,0.008792472990350384,0.0221561547487587,0.17277544615769333,0.0023050633849395954,0.010299963476627502,0.023058446714235195,0.0021673137555501755,0.002214755549508931,0.0015016150026231877,0.014608627063625769,0.002330340696372873,0.0017928701428416504,0.0023026580499059444,0.0012007020129652572,0.0028805930994044208,0.0018074807856562844,0.0029724642594626087,6.514857727413329e-4,0.0023432046513946134,0.0016864137753812478,0.0026376200608667073,0.0011301546383528825,0.002098659944819013,0.0024521242342838666,0.002434863176651616,7.437713843489911e-4,0.002069502068456748,0.0010039066443640293,0.003178701913402959,0.004930446554242946,0.01627860866190653,0.00991576322569612
0.09923494215853926,0.036827119557278486,0.017112744949415594,0.009130554168795312,0.14885310085748896,0.008853618092937708,0.09419335762584859,0.0027803964708292294,0.0033787892214936065,0.004375538131755085,0.0038317315873067914,0.002200826475454761,0.005608097057729487,0.02308974733317757,0.02368785774206855,0.17680284347086167,0.0017526150451607854,0.004059249948020767,9.143454698337077e-4,0.0015074407184794167,0.004487003398335275,0.0014396970479818747,0.00156332989938978,0.008906362628966435,0.007568614360010329,0.02115196451944601,0.16671225830148845,0.00178537346823005,0.010253479128245901,0.022019862391941473,0.002331707475801061,0.002346508063252544,0.0012589487639801506,0.013243797566595782,0.002239428822398557,0.0014360970034499598,0.0023930224390616398,0.0012444994213180155,0.0023858271286772295,0.0014001429480087417,0.0037157901846516517,0.0010707769078577764,0.0028174637267818284,0.002056752183924298,0.0026187091499002657,0.001129483537339586,0.001979262891982367,0.0031274680962893073,0.002359916157002563,9.314563181156636e-4,0.002183623261703558,0.0012313410115182893,0.0030692293498405143,0.0040055838638284325,0.014248483716497758,0.00909181878371156
0.09690975408259855,0.03800130739107848,0.01748825818336459,0.009234789741880724,0.14879347471720814,0.009695145486212182,0.09654452780437,0.0031938321253615247,0.003182239290892776,0.004095501465412892,0.0037061896906158717,0.0022649014679022124,0.00600066510179055,0.02427809685524886,0.028089024495246678,0.17544719432512343,0.0016154199703480587,0.003751170818100953,8.820625899405505e-4,0.0013809848434503478,0.004639915237731436,0.001593485887389322,0.0012525509463842592,0.008495661498579915,0.008404812259707531,0.022568197289069482,0.15445902642248577,0.002217690387105696,0.00899756161113054,0.022264196337187993,0.002012869706351798,0.001973825968032341,0.0010661879485760744,0.020019576899908294,0.0021618114649169335,0.0014331814117942519,0.0022529381529534645,0.0011760900581649747,0.0026125795618358815,0.0016007324348981688,0.003431625112717319,8.576768390693671e-4,0.0028335577078665328,0.0019399577913319747,0.0022827007096844687,9.739634061518485e-4,0.0018575245938735714,0.002464482732684535,0.00212049708808273,8.964035415220701e-4,0.002006606251938539,0.0012016838019202544,0.0034816424628887135,0.004927923443967014,0.01393069293754701,0.00903562964840254
0.09953928139321654,0.04007836979136396,0.01819466330242721,0.008801334339385057,0.15692240904756258,0.009737690301173836,0.09753374901627421,0.0029242075762544737,0.0035252375162268482,0.0034874132602046204,0.00359193340987763,0.0022178421781548587,0.005806574330407748,0.0233974327852687,0.024870689237634528,0.16092499623237386,0.0017241949988914735,0.0049277745904042864,0.0012264736131560794,0.001458925034407224,0.004755611693991377,0.0016587997398961898,9.35919583679717e-4,0.007841113435911321,0.009027732291422359,0.022983064317743388,0.16231563613389766,0.002130193470921835,0.011248211836599742,0.019603738281222482,0.002196720066889443,0.0022143968441143452,0.001202061442531622,0.016965324524010183,0.0023504875844857116,0.0016038529920881397,0.0024076873060435637,8.706657645966894e-4,0.0028263334273822154,0.0017982583088203045,0.003297659062731482,9.207029199411685e-4,0.0025749722860645375,0.0019390687203999838,0.002442651562277041,8.873991160079727e-4,0.0021225278898852847,0.0030394223239546014,0.002354876485117414,8.47300938034258e-4,0.0019928534959932982,0.0010315077467066402,0.00356354345455757,0.0033951040247062318,0.012296923964603348,0.009466485008105102
0.09934598084913902,0.03714579658802161,0.017545679913560517,0.009700348184385905,0.1584454596661857,0.010211036864451808,0.09958535529457856,0.0029186397269122455,0.0032441753252991155,0.0037839247000326167,0.004047340675369812,0.0020118697190377134,0.00609360580760667,0.025928583096800076,0.023458632323876568,0.15586503076753228,0.001603533379441352,0.004261312491459135,9.888621360571487e-4,0.001673180705139431,0.004556775768546727,0.00154201969104262,0.0013808396982140875,0.008289322550712632,0.008442408522869725,0.017236335580852007,0.17139791108235725,0.002511265514038852,0.009627624639817641,0.019425219764564194,0.0023191510094869115,0.0021330523046841797,0.001259177582767008,0.01611371045155817,0.0024022109029147552,0.0013366529531990657,0.002149565694033097,9.797715349041257e-4,0.0025915736716908278,0.0014350947413219377,0.003558813788825265,7.517514809707179e-4,0.002309455982492972,0.001983040633760483,0.00230422928551885,9.084029562547116e-4,0.002020616976503379,0.002544395730291095,0.0023226260490441103,7.472978431056907e-4,0.0021845076224889194,9.38138876142498e-4,0.003516419715687694,0.004660541040151369,0.014012786152134844,0.010248943992164307
0.09178606149878539,0.034301917524771325,0.01791471616339674,0.009407243253316018,0.15685063616677758,0.01005901920565199,0.09127849492807899,0.002993848137221922,0.003122850054265785,0.0037195772944892598,0.0034670827630733205,0.0021780478547666305,0.00503013465375202,0.02677908333953569,0.03128502671737544,0.16396411338208666,0.0016843508295890305,0.004595382004073763,9.738335564524333e-4,0.0015351573733322825,0.00488177879542761,0.0016935524781359532,0.001132906089430167,0.006765476084640262,0.007448218579343023,0.02492636144960946,0.16317513971095762,0.00225234820390793,0.011963251568583777,0.02198045764946391,0.0020669206822915643,0.002057481308258874,0.0011155666070288305,0.01905321473171747,0.0021505924655262384,0.0015475736232697782,0.002402434273766802,8.22071658600217e-4,0.00293271625834619,0.0014337513557927458,0.00323543289410479,6.268242263203443e-4,0.0022745559579003126,0.002100524527475025,0.0024272747361102245,0.0011591962260658064,0.002064922740732843,0.002851809931794304,0.0023582166984569904,7.312487015632917e-4,0.002340958634206569,0.0010585285936106825,0.002948478309506134,0.004186399274035953,0.015571609555003819,0.009335628718222185
0.10324445215289095,0.035005555860293296,0.016519165793384038,0.009344279431181208,0.15716984138801954,0.00913077672552009,0.10274884545371794,0.003060324127161027,0.003469235172264141,0.003798221306229259,0.003897223019056006,0.002058457621482953,0.0053545322434194,0.019530066595049494,0.027273154110436286,0.15980405241891105,0.0014754369542382196,0.004060059669463742,0.0010128310627588789,0.0015117713956828418,0.004085385225444405,0.0015261373624599081,0.0014919353062662825,0.00828796023982298,0.008639618521339786,0.02803732910367374,0.1542175368504084,0.0022714151128363108,0.01032936328795229,0.01929255329389296,0.0023407713632179203,0.0023247946412216086,0.0010744140950700001,0.019206929679014054,0.002410378352556685,0.0015321445919546657,0.002459649079923436,9.61745871945309e-4,0.0033130168189440686,0.001499309775277898,0.003527650150220592,7.623819794882526e-4,0.00247444172556091,0.0019942582805152873,0.0025432990887122166,0.0012583732736977855,0.0017387973348968909,0.0028482119798276897,0.0029457420617616894,0.0010320945523615475,0.0019943730622235998,0.0011015989883306377,0.0033071949551136256,0.003959207920970503,0.013482211191492219,0.010259492380443424
0.10425983411779169,0.03527476069029104,0.01700331177651928,0.009783084759394958,0.15867531407103413,0.009331168075539565,0.09640770592456814,0.0030610089248547783,0.003444489028315563,0.0033961404317168343,0.003329474902792133,0.0020549778988016563,0.004908442943776035,0.02537521287380998,0.027844048997068094,0.15715528614791546,0.0016692539861541652,0.003586079388004022,0.0010222474801023917,0.0015407485687340013,0.004160482321021504,0.001533608918563936,0.0013074866517102167,0.00808968094394319,0.008099154235656748,0.02040952836164443,0.16091988521050665,0.0020965918273494095,0.0115947598308568,0.02326123126357933,0.0022704152729757787,0.0021793360517331868,0.0014935380611070899,0.01713910274031164,0.0021921817850777225,0.0014214499403571142,0.002882793827342154,0.001020075125994105,0.002771297542586602,0.0015868029362404831,0.0030676912690816055,7.716253805971865e-4,0.0024624812010964362,0.0018041223105256727,0.0028588862817622803,0.0010342239308716225,0.0019294154248278583,0.002873737109766058,0.0023195261401491134,8.27517393536252e-4,0.0023364016610985697,0.0011442206724365566,0.003810573908962862,0.003941573319691838,0.014493962628489,0.008772047531365096
0.10335962795604257,0.036662883898802776,0.016858585435083433,0.009016467098541474,0.15455669844251865,0.009795885049127822,0.09884753119738372,0.003252419403502209,0.0034972375941249973,0.003941741085620027,0.004062842611642537,0.0019593634694017024,0.005924805317483516,0.024353828164767156,0.02411749028343913,0.1606621292823035,0.0016501880299421145,0.003932158308298817,9.957488706186534e-4,0.001667479618500615,0.004982042394786147,0.0014992515963195368,9.932632734262683e-4,0.008110482028756976,0.0077990389423757715,0.023779126500586854,0.15872304779398302,0.0021910113590308507,0.009946221182413572,0.01990643454666976,0.002000619252401948,0.0022620806260666027,0.0011971090327752116,0.02065212114174811,0.002095830479993913,0.0014419102514163687,0.0027197825164226204,0.0011400013564261638,0.002778017876438187,0.001550469022659152,0.0032915587591699604,8.380382751774088e-4,0.0022798971785149363,0.0021731604203144646,0.0026259184921637226,0.0013771174954183513,0.0021660908747203685,0.0030577918129229926,0.0023415900860649006,7.679594105646987e-4,0.0019114311054306767,0.0011922684823776957,0.0034342067084947433,0.0045944390247137186,0.014572128328202242,0.008493431253906704
