i2_health,age,household_size,cantril_ladder,r1_1,r1_2,week_number,hl_covid_num,vl_num,region_Islands,region_North east,region_North west,region_South,gender_Male,i9_health_Not sure,i9_health_Yes,employment_status_Full time student,employment_status_Not working,employment_status_Other,employment_status_Part time employment,employment_status_Retired,employment_status_Unemployed,i11_health_Not sure,i11_health_Somewhat unwilling,i11_health_Somewhat willing,i11_health_Very unwilling,i11_health_Very willing,WCRex1_Somewhat badly,WCRex1_Somewhat well,WCRex1_Very badly,WCRex1_Very well,WCRex2_A lot of confidence,WCRex2_Don't know,WCRex2_No confidence at all,WCRex2_Not very much confidence,PHQ4_1_Nearly every day,PHQ4_1_Not at all,PHQ4_1_Prefer not to say,PHQ4_1_Several days,PHQ4_2_Nearly every day,PHQ4_2_Not at all,PHQ4_2_Prefer not to say,PHQ4_2_Several days,PHQ4_3_Nearly every day,PHQ4_3_Not at all,PHQ4_3_Prefer not to say,PHQ4_3_Several days,PHQ4_4_Nearly every day,PHQ4_4_Not at all,PHQ4_4_Prefer not to say,PHQ4_4_Several days,d1_comorbidities_Prefer_not_to_say,d1_comorbidities_Yes,vaccination_status_1,vaccination_status_2,vaccination_status_3
0.11937609124201685,0.047695371236624394,0.02271819983248614,0.009317712754775373,0.17489141488420473,0.008084493556014883,0.1562860160869191,0.0019096065075299624,8.823820050439179e-4,0.005446426139359285,0.003143737157747158,0.0022687351566524805,0.008351537219243586,0.024501298254250292,0.0022562028066559735,0.1586729435714268,3.3133217555633606e-4,0.0022353572795458443,5.068801348618158e-4,3.387367239599174e-4,9.102688065034026e-4,7.664441108590255e-4,7.495394472521933e-5,0,0.00436921869711421,0.008450779185216748,0.16935990675147955,3.752796528112569e-4,0.006690697601064594,0.011218824999272282,6.869792220580679e-4,0.001000485940603567,8.304366380362838e-4,0.007221073311372909,6.961965383703671e-4,3.020581419688145e-4,0.002125834708916361,1.29682815499083e-4,0.0034731713722120747,4.861170319543253e-4,0.0038853794873026037,0.0010403877498039883,0.0026516998313526837,7.412602103068137e-4,0.0015718656754770085,0.0021419001699394783,0.0011636037064585367,0.0040989985029710315,6.892020947323608e-4,2.137707719058362e-4,9.631360019221522e-4,2.292760386906673e-4,0.003608370076645666,0.005976387631756884,0.0020927319017514726,5.491459540698155e-4
0.12864470603844033,0.04915282032920828,0.024648866123227163,0.009225889432353928,0.15850636889269232,0.007603305440962145,0.14536625164223427,0.0019871677662825532,0.0010973408133156403,0.0074457261281034755,0.003970721485560827,0.0025036569074770236,0.009383405258096084,0.027448931079732612,0.004792979593733563,0.1478108007573354,2.5883944058930464e-4,0.002247485534407585,6.735886544597526e-4,8.284102456948297e-4,6.839003777727958e-4,4.3523480122579226e-4,3.3874805744720497e-4,6.364726866406105e-5,0.004478333583585377,0.006427244356629982,0.17090744119914683,0.0012654000045527153,0.005549641354635854,0.01594959031128373,7.684256447638491e-4,6.752485959005761e-4,5.870958230655086e-4,0.010236849696388484,4.557068761205271e-4,8.416663985197279e-4,0.002814524147291595,0,0.003961012675371169,4.88513200128816e-4,0.006107036360314734,2.974679996835764e-4,0.002743934195133692,8.205836354746704e-4,0.0016267689934776897,0.0019179796782920083,0.0011556358204616824,0.005097195700159249,4.1462250774179643e-4,4.461619313261962e-4,0.0010608600651973322,4.7360831262606017e-4,0.0024483032198320616,0.006181540207412346,0.008561266831717316,1.2154860474788245e-4
0.11919679556182554,0.04541905858950574,0.026877928314464748,0.008173827566895952,0.17402345429930818,0.007391286191004549,0.15636818594688118,0.0014099639748220514,0.0010333799325971463,0.006862421772635896,0.002634784220771895,8.947208326157548e-4,0.009012284878870033,0.02499363510394669,0.0014810385823798488,0.15895755877003187,5.810102331658085e-4,0.0031104140850407875,1.292138463292999e-4,8.041724434016379e-4,0.0011660702168371042,7.595260548942427e-4,0,9.738749234370741e-5,0.0052302779783904565,0.006626298616128795,0.15924394044602888,5.657673444559462e-4,0.008039633972707422,0.010759432799585945,9.994963882258177e-4,0.0010084447386539885,3.4422451210314485e-4,0.00969316334445466,5.373190964131116e-4,7.339618163626755e-4,0.0026518805348141536,5.320363495897505e-4,0.003775324661372979,6.03345246909932e-4,0.00471803127893465,8.9893379439906e-4,0.0027382309856519302,8.552867047678593e-4,0.0014370271078205734,0.0023147393437057046,9.489198463648057e-4,0.004152327097404761,9.023379691837425e-4,5.115825464038084e-4,0.0018767020283664052,3.514897294015254e-4,0.0025311386515244217,0.00509703166655078,0.007213755398608059,7.297990941445976e-4
0.11979882653930667,0.05395944239819909,0.02404837984858238,0.010406929104655257,0.17385824841341738,0.0056866654007280805,0.15678745877671463,0.0010417541981460306,0.0024817963307827333,0.005772497243644401,0.002701679901608711,0.0018786324210633026,0.008153431969710393,0.024098576184160274,0.0017696675626351361,0.15633908684410308,1.6248561337249475e-4,0.0023697743655624326,2.129733107791337e-4,0.001151056714562783,0.0013457658271237424,4.232458956642198e-4,8.2199813678993e-5,7.7437496383474e-5,0.0046348403217261755,0.0038091402137956096,0.16477588639061075,4.954188380849583e-4,0.00684080020465399,0.012873341444798046,8.438295334812115e-4,0.0010669086422664099,4.065217643554267e-4,0.009032172573816147,0.0011577608073992602,6.675326269661192e-4,0.003182698993037662,1.482625507245365e-4,0.004029235977595931,0.001053872762724911,0.004536124104191215,7.488361620549504e-4,0.0026935685776776743,1.9483323253859935e-4,0.0018468331733198658,0.0021395678002198862,0.0019696924750533702,0.004699567787135371,6.869204149602065e-4,2.937732641641464e-4,0.0013260054101894149,5.611534669017904e-4,0.0031715571402377474,0.00419116547213493,9.115539018442321e-4,4.026117967546455e-4
0.12140646499421112,0.04866720769495663,0.023153012299116035,0.008416466433691195,0.16519334995281296,0.008231850063361185,0.1450197528958226,0.00221969388247171,0.001621655231466392,0.00686628869998713,0.0026749884611370037,0.0024071140746544763,0.009806328305716447,0.02374706175075989,8.253903242121935e-4,0.16201115672132516,5.894260801702488e-4,0.003610073622162546,5.768964877796095e-4,1.5259770494398652e-4,8.427418579594643e-4,1.4796781966614668e-4,0,1.0491694118056616e-4,0.006341069902888974,0.004482325036209863,0.1661319056903107,1.400465077616736e-4,0.006189847797417836,0.017646147367552996,0.0010100280565834097,6.914768126277208e-4,0.0011821140792991022,0.00904534334895843,0.0018337955129985755,6.801193813314044e-4,0.002116893698401949,3.214825367765465e-4,0.003176860489201416,0.0012617124972814833,0.004843495008873111,9.814177561190262e-5,0.0017760984738174703,8.560946981047385e-4,0.0010247304274984697,0.0026407735918063733,6.131714994173959e-4,0.004637592119705609,7.57712572557001e-4,1.1395044132756904e-4,0.00100488055987659,6.01064886231533e-4,0.002893040525739133,0.006935185382660193,0.009763049241790717,8.974477798154271e-4
0.11904594462427807,0.04881921096620125,0.021684998002028236,0.009189866790603969,0.17273863668721479,0.008343330176001225,0.14845721929088046,0.002270433159140387,0.0023129490500798278,0.006845993169424667,0.003584712326765543,0.0012137757140756689,0.009545671976562753,0.023868716350720277,0.007912297065353596,0.16501392567075604,1.7145907494661142e-4,0.001422294215030354,8.230880348315485e-4,2.1770609727501678e-4,0.00203866113711025,0.0010411099292220395,1.7233458694788e-4,1.9290263904798343e-4,0.005098850705469033,0.005914372987448597,0.15586921496821662,3.5618041502061715e-4,0.0049137102265493626,0.016855745169915202,5.689912322028983e-4,5.798063630016439e-4,7.700740374171684e-4,0.009302451907893949,3.6005356543093655e-4,3.192283899702939e-4,0.0028105034333898255,3.0239899433881685e-4,0.004111413959851081,9.110925198644728e-4,0.0035900153771696165,3.9968233414022677e-4,0.0025039725769413572,6.192681504629604e-4,0.0018951766941493371,0.0023045054252105513,0.0011522529283781691,0.004708877881821148,8.012286763643609e-4,1.730977621864591e-4,0.0011748078847108462,2.5161773391176034e-4,0.0029128076196221946,0.004703012311483666,0.00514376469634707,0.001694586336621306
0.13024922929822563,0.04937302762720274,0.026271816178759934,0.00952440792486228,0.1767168755238104,0.006794486389344333,0.14709085027729543,0.0011763705299119918,0.0019083740878537375,0.007256704118528407,0.003666023258868171,0.0021122839555006174,0.009097092361303473,0.023952731456530298,0.006048060689559175,0.15939495160282513,3.8919810041675385e-4,0.001953073560724251,4.1438076912609766e-4,6.252916791203917e-4,5.380146420897518e-4,3.9772364285463747e-4,1.5508187738100425e-4,1.680730209434006e-4,0.003604126570842986,0.005242777811550034,0.1557048434857082,7.164570217899555e-4,0.0073958701842290215,0.011565229536634228,4.042262245754141e-4,0.0011495030491862814,5.808303285050959e-4,0.010087338426576498,0.0013027023668515424,6.431719859256736e-4,0.001982494384980094,0,0.002164768559421697,8.851526197324907e-4,0.004128338480134997,7.926858008962755e-4,0.0019225658722980803,0.0015149080126859703,0.0018357798006509904,0.0023219208359378397,0.0011113389969073387,0.004783190211695782,7.452574124704963e-4,2.904002546502908e-4,9.039228653285588e-4,2.559370730104677e-4,0.002387458594425279,0.005086734399629972,0.002716244819864781,4.997014398656254e-4
0.11939440795841695,0.051589855480042,0.022484617488423588,0.010184136670112974,0.1651924507347382,0.0069739853119564895,0.1557734566912048,0.0013294656932128243,0.0013329678885387823,0.006337493599796801,0.0016677033237845434,0.0016332241156292134,0.009513174245312764,0.02443422586700808,0.007420140929442855,0.15071784852478817,2.804768135842144e-4,0.002882575491130587,6.859767416890015e-4,7.163224517376127e-4,8.292663421973804e-4,4.0237414323081067e-4,1.0939960066447255e-4,2.0547437617850486e-4,0.006012762332235462,0.00901027332058839,0.17393227159971672,7.437103784060288e-4,0.005844540815374381,0.012100901173373587,5.075812543855031e-4,0.0011491936649802269,7.897633812601714e-4,0.00904367467374473,0.0013849660311478994,7.923184879922855e-4,0.0032197016072585713,4.0971133760996613e-4,0.003938271176431969,4.3379770827841095e-4,0.0037680421371603205,7.602479733613352e-4,0.002950207961902233,3.546331944993976e-4,0.0015481365880720827,0.002866631668137459,9.075039039034081e-4,0.003921068941865643,0.0010709184649174551,0,0.0010537584928488445,6.063378501923098e-4,0.0024432367177413894,0.004375705448969915,0.001747925717348931,2.2118551347333223e-4
0.12449426318696558,0.044925439515231785,0.024941983643798044,0.010686966293139422,0.16773329647363416,0.006777418569844196,0.15255679691040985,0.0017840866977903709,7.227097790927537e-4,0.006569172865920653,0.003402418483783105,0.0011716076655987492,0.009352253294924204,0.023797142769314862,0.009395337868964328,0.14993841199305905,1.918418986781601e-4,0.002737688692896308,7.197837525723434e-4,4.5695693328047987e-4,0.002061166332779313,0.001159592967560162,3.4314909266193575e-4,0.0012776275126876254,0.005219982981325977,0.005768196880429502,0.16462007027963332,4.054763973281368e-4,0.0050174295573664094,0.01918941237609658,0.0012598113582139166,7.798037872895348e-4,7.872184555441035e-4,0.008592296161072483,0.001336711402317496,4.6854280081234256e-4,0.002703766096117587,3.178357672594401e-4,0.003537825141531276,0.0012252110474117383,0.004102176013514254,6.252765212130493e-4,0.002491057534231233,5.213684620912497e-4,0.001754012032210101,0.001965777814272992,0.0013799191774742676,0.004546265766073345,0.0010162616299296135,6.695597709161191e-5,7.745575989344409e-4,6.348312424894775e-5,0.0022375478263564116,0.004813470216636117,0.004988270377491816,2.268962438932598e-4
0.12445473668012122,0.04997422603089451,0.024183316338466845,0.008165290421834235,0.1711462344982634,0.006424937812942136,0.14688228257729188,0.0021440629587237956,0.001161020723003483,0.006405351880216951,0.004196479445182813,0.0017523526033441346,0.008868364618279327,0.02574330505470997,0.005741046448911903,0.15148447235341825,4.199255987186629e-4,0.002818625460652467,3.140732895015535e-4,4.4695940247166925e-4,8.112831335459581e-4,2.2377107324156293e-4,1.4715634896934996e-4,3.1839726785039865e-4,0.004504233813977533,0.007379734572800172,0.16216340405004498,5.501651533679174e-4,0.007115677139891295,0.013193703376781444,0.0010143213108698608,9.391734971888394e-4,7.558578109038065e-4,0.010984318767235364,0.0012587568122557863,0.0010167459484583803,0.0029712864461456283,4.4890320282504545e-4,0.004024244382855946,7.152263774314005e-4,0.004515537005353031,5.183935737082011e-4,0.0018959133298796383,0.001218759130073409,0.0010098646812624775,0.0026002651603029632,7.857713029165063e-4,0.00396909250018366,0.0016139286034636473,5.40459004465209e-4,0.0010613292739036105,1.7823055970316297e-4,0.0027508921059414596,0.004933934864673647,0.008535356338385263,6.088478821942363e-4
0.12630160140991648,0.04385405081059016,0.022110083069912946,0.008514286925415053,0.17291562538743646,0.008849474073047798,0.14654175238755315,0.0015267356752314226,0.0015005639149447132,0.006001435646698543,0.0026603109189420257,0.0017474371867646668,0.009143642430514807,0.028325749400861057,0.007422776539109286,0.15227010899686327,5.998872835939388e-4,0.0022966523903489608,3.8094943171002076e-4,2.8788142858805814e-4,6.067535977022231e-4,8.267647480389723e-4,2.6877178266297827e-4,1.6758010664526013e-4,0.005360184122457432,0.01007073134204999,0.164576920578221,3.186335114104665e-4,0.0071256778979334945,0.01129032353973166,6.213799710862325e-4,0.001717128980822585,3.8817250440534453e-4,0.00856475637712668,8.564228053796635e-4,0.0012387661027939605,0.002736522692810627,5.358302388913084e-4,0.0030702423236169205,9.801189069871816e-4,0.005561315324450937,0.001273151919856295,0.0027558245225543245,0.0019723212400019003,0.0015307530484239748,0.0013031832256468505,0.0013175710222921178,0.0044271750532966355,6.965996543534592e-4,1.9707523550498024e-4,0.001023821091720749,1.5966535032581694e-4,0.0035865776583313912,0.005484093755643788,0.003242349207973257,8.958352508067212e-4
0.12489480006433543,0.04892712075343079,0.024406787155310954,0.007487018229848097,0.18334462606598106,0.006312584607316752,0.15321847142405495,6.987513843466177e-4,0.002393526067979813,0.005897898714195126,0.004618545173172045,0.0021567822097046186,0.009891952269556649,0.023962348000698054,0.011256646999189202,0.12881290194812003,0.0012139503408919218,0.0025601374235118004,0.0011487798816060394,6.529385727300465e-4,8.906987830730895e-4,7.046855742242306e-4,8.94374774133569e-5,8.071505409845834e-4,0.00492404279296787,0.00846626821163045,0.16448968480482962,4.954144733925864e-4,0.0064948815731372825,0.0111353877233964,2.9322898731839434e-4,5.350158787629591e-4,2.1307723947170936e-4,0.012375902473938468,0.0012298639422125728,4.2193443186828744e-4,0.0026921703550746912,7.377443278550227e-4,0.003979325680128312,5.688180861049856e-4,0.0063282106290400856,2.577231353404927e-4,0.0025489682378450986,5.454583969899665e-4,0.002302565634490917,0.0026549050481561795,8.139803405202848e-4,0.004498154681387959,9.740068357456676e-4,2.5013339268533985e-4,7.466853653691567e-4,1.8599035037298353e-4,0.002989504341436745,0.0038515457744569864,0.0035621137500032175,0.002088753442394043
0.11913716062087112,0.046180619258178075,0.025996618732915214,0.009948248212745541,0.17037495499775607,0.005068516196935227,0.15528652669469387,0.0015503920237804937,0.0014616697193297152,0.006541812490012688,0.0036613240570643546,0.002256280340898539,0.009483319512424355,0.02611154498651647,0.0017873367388176957,0.17528597017972475,7.436740901533952e-4,0.0020210270846205153,6.610938657396431e-4,5.771276864382507e-4,0.0018702305887728103,2.2790400566127805e-4,9.146538498747741e-5,2.721367171744783e-4,0.005281502308705972,0.005266749483720676,0.1428469460440111,9.330424936467325e-4,0.007256127442967686,0.01179471103059982,0.0017684383123530542,0.0011467919348091794,5.596125793524988e-4,0.010646257434416115,0.001587173829339412,0.0014058324324989562,0.0039768566310447685,1.8661904345364494e-4,0.004438176082810374,0.001269957864483751,0.005037336299691177,0.0010131859481837169,0.0032013746395620976,7.348334642989716e-4,0.0014369260571708326,0.001788909976184332,7.326081267671013e-4,0.004546529270014986,9.075406655418635e-4,7.959503340350633e-5,7.972736686969223e-4,3.8460215860485153e-4,0.00282633077198032,0.005827712250342052,0.0032544210839832834,4.690714511482103e-4
0.12107437879302761,0.04603716693464112,0.025544808086600146,0.008692435694992763,0.17333286449653085,0.006269631571333131,0.15372004512887222,0.0018928638815502341,0.0011130248040983348,0.00546324906281514,0.004218660354758231,0.0019428262495935502,0.007482979650527432,0.023652063216969388,0.006832445837779693,0.15402314261562272,5.499489593704238e-4,0.0016787086160924935,6.974012240807539e-4,3.90528504607402e-4,0.0017876842948958427,6.983539662404768e-4,9.33187054129263e-5,0.002087650172714461,0.005154281183775676,0.006994515924760844,0.16281062398920618,5.305146578819801e-4,0.0071798532732022784,0.014161734530381297,0.0016969742507158595,5.710272746976157e-4,4.828727527668285e-4,0.010099219538786796,5.009656907461713e-4,0.0013072744636184,0.0033007158142013084,3.281101485624526e-4,0.004432466561705767,6.460802983243908e-4,0.003870232693967958,0.001201368516172855,0.002389551287832395,0.0020551521570504262,7.528192214056202e-4,0.0017491904069842639,0.001316009011422378,0.0047513853033023384,9.570436213271441e-4,1.3209765193530315e-4,0.001045900356703104,9.947447971464483e-5,0.0022828596892372614,0.004104862537203046,0.0038186418892800643,0
0.12914284529771142,0.04712551739169545,0.023180874734701536,0.01035843374658958,0.17889920619637179,0.006049772656855691,0.14932261150003492,5.378953958174147e-4,0.0019132350429724794,0.005284635747809715,0.002684394287198903,0.001444733475814033,0.009904249014460496,0.024885645456103663,9.6667841068035e-4,0.15842969224557263,9.29469182664421e-4,0.0035655279388200232,3.316153072632111e-4,3.98409483078473e-4,7.809713932242747e-4,9.038669327541253e-4,1.169621594022659e-5,8.110801605144299e-4,0.005110865351161981,0.007682939812363784,0.16213542433579486,4.074402388266218e-4,0.008109346652744702,0.009154999160063055,9.798069160843633e-4,5.414224650100133e-4,3.3512888372753713e-4,0.009065908587422249,0.0013943734430347898,0.001040871179959864,0.0026473068977113275,0.0011501557076590905,0.0040587643431298755,4.931135423809511e-4,0.002894678969027544,1.8216171557477282e-4,0.0026048135833520933,4.1125873479095243e-4,0.0017068366977918386,0.0021854274861806086,5.840112787992966e-4,0.004392483411808284,4.593505349143586e-4,4.476159279877995e-4,5.334281447006719e-4,2.009437818513763e-4,0.004003152111013863,0.004307783335243149,0.002790803382538432,1.243261727006457e-4
0.12187139538408741,0.045396690464504466,0.024534185481365812,0.008199561595639155,0.16718078651326032,0.008295892429055311,0.1511067852453373,6.167480744875366e-4,0.001784137495655708,0.006276494486178633,0.005025307793840014,0.0019018113543530927,0.01006070118938721,0.025081701826786127,0.0044026940701157044,0.1622403563610347,6.033189208452285e-4,0.0025951139188548295,5.431964718172482e-4,9.691784862819888e-4,4.521994649141169e-4,5.495054942772974e-4,0,5.390182246264545e-4,0.0049103157239969485,0.004784932285203855,0.168748318365431,8.71383170363923e-5,0.0062116469576239085,0.00956902488981656,9.779780858580633e-4,0.0014194547374212917,6.938945864915646e-4,0.011587498669427697,0.0010112569691848395,3.011965747034761e-4,0.0037238925063847257,3.738080127895023e-4,0.004252977905713904,2.18379230188185e-4,0.0024110124482839813,0.0010889399676135502,0.0021747178387823383,7.125144392734055e-4,0.00132632255957676,0.0017608817097224479,8.478523064841942e-4,0.005028618914291632,4.057908697084496e-4,0,0.001072290448067684,6.880923528663425e-4,0.0032845731649408945,0.005589806443351,0.004282324270643925,2.277677024158127e-4
0.1255514906293609,0.050852152530943134,0.024167634640608247,0.009548916785196442,0.17517733656325302,0.006137211939568479,0.1539601976530997,0.001885651549130106,0.001450670224906762,0.005671104545292581,0.0026801891748082693,8.150839601503945e-4,0.009331493841229048,0.025012694047971334,0.0068834032821842245,0.15121915797600283,4.6520102524574624e-4,0.0029952461374660906,3.54931876231024e-4,8.908722226189325e-4,0.0013944965335761987,7.300606357557818e-4,0,4.90621149554826e-4,0.006367974506158315,0.007299167559942025,0.1580149591076062,1.9994504797966138e-4,0.006541799316317986,0.010567939420309704,8.078319431584831e-4,0.001748543069603321,1.321163825782036e-4,0.009522021182610084,0.001296319279080562,6.684581532879684e-4,0.00340565109906957,6.446455363424973e-4,0.005498057854941704,2.8044404702530653e-4,0.004105441884045158,5.603098279474995e-4,0.0025420910095093536,0.001692129383465831,0.001856098328805999,0.001681062577679525,8.566019437604595e-4,0.004534821767805861,9.95105992024772e-4,1.5226098661275336e-4,0.0015064985111114739,4.481388744767351e-4,0.002563752297673125,0.0033384367948198273,0.0016795071898624962,8.26050200233443e-4
0.1322617305286039,0.057393172776601165,0.023790507204570734,0.008457772140849612,0.1717507867419733,0.0068106134327154755,0.14782207371118702,0.0012357383106251522,0.0011136735350581305,0.00589449582030223,0.0025694400334288405,0.002255323928339891,0.009097362552772695,0.024760617665623118,0.0012228257072385373,0.14667071835881845,2.5231152859735953e-4,0.0022044081934972652,1.9561308227415114e-4,9.343948200779525e-5,1.4834623279777657e-4,8.177382487795897e-4,2.3285825295472803e-4,1.6452405241239505e-4,0.005540590223698785,0.00614065716333288,0.17066423488015697,0.00053820011593718495,0.007495110218111446,0.010451903130894499,2.2465959539613362e-4,4.7511173799283537e-4,3.7586549444785654e-4,0.009763089245814557,0.0015267035213412266,0.001471412589422997,0.0023557138497585536,3.278068793825957e-4,0.00437774171979963,9.744332734668883e-4,0.002692446331659886,7.782315913200904e-4,0.002536704362885043,6.214135812453103e-4,0.0032990348382389277,0.0016075193644239886,0.0010159728006966786,0.0033344804988020595,9.872748449776484e-4,2.189068353305786e-4,7.16283495947316e-4,2.042921481342401e-4,0.0025508846535128244,0.004073407533978626,0.003765884566647321,0.0016779373912150805
0.12016163931205211,0.043863241463217635,0.02713916985824661,0.008069946282046577,0.16454241427512373,0.008851328095585375,0.15546100598111223,0.001799203181161389,8.164077166522458e-4,0.006684566299275521,0.003076858109609639,0.001199860752313978,0.008695847861694656,0.02770474052498527,0.011679337600268859,0.14295893815244493,8.675267399763072e-4,0.0025262856499855117,5.994198707807349e-4,0.0014344909324736149,0.0034612800811504325,2.446029206508601e-4,3.531218084203844e-4,3.13832013596486e-4,0.006496429166787088,0.009532412093960671,0.1656397711897774,3.102169662283634e-4,0.0072362506191224136,0.018295247871542335,6.444811007678092e-4,7.721551220326638e-4,2.849460115762009e-4,0.005818579280840579,8.645195903327187e-4,4.7773370914022586e-4,0.0032832505153446187,6.134901690792189e-4,0.0031263465082919306,0.0012957091959011002,0.006592140960757792,9.356019534784207e-4,0.0016850576328124893,8.467386757428549e-4,0.0031032441422934303,0.002200186893143671,7.50746664250256e-4,0.0037662204575887362,0.0010439350664162039,1.021491814933321e-4,0.0017031737894558213,6.438106166608727e-4,0.0027562823999017568,0.004417031310172678,0.0018040338630881366,4.53041799193118e-4
0.1307442901326711,0.0491892895813346,0.025371968928358652,0.009844012887457884,0.17706151586740757,0.007715960010172745,0.15317376839201738,9.013022165117914e-4,0.0013929888482545583,0.006801246657504704,0.0028243002785734027,0.0014601405449802987,0.010985655560576752,0.02186746551282196,0.005573733870171932,0.14597406691220083,6.000117112120472e-4,0.0021414660865129186,3.9272976251236507e-4,7.436211227565404e-4,0.0011371071199408247,7.291130589889593e-4,1.864421516605936e-4,5.145299705827192e-4,0.005344604475283855,0.006282910691258556,0.16000088610932994,3.4535549549894796e-4,0.006393076767354483,0.011795339690179303,0.00152994871920672,0.0016633278500834162,8.013115392426597e-4,0.007781703000240116,0.0010440276267127714,4.6394707983326585e-4,0.002712422500048811,6.018714200369683e-4,0.0030236987726849755,4.63414355004865e-4,0.0029200661451757636,0.0010187874353038697,0.0032669789538289904,0.001476474711992228,0.0011448446957587196,0.002360872775930684,0.0012396579314390597,0.004528912366172639,0.0010122759176317483,0,0.001580901107678934,2.6341870718395546e-4,0.003146956404594626,0.0055498725986568,0.0024999163019873965,4.154906694817885e-4
0.126593529884895,0.04825461388811027,0.02718189838724386,0.01004059334111725,0.17151541845357626,0.0073124395565032614,0.15297307319981057,0.0016305202368779195,6.031985379150809e-4,0.005337122761679655,0.0029133204259413625,0.0017792727616331913,0.008087772378785382,0.024810242404138035,0.007411669392606586,0.15920441280136202,8.314150993610808e-4,0.0030859652926937004,5.731401088845592e-4,5.73370575264916e-4,0.001547147216151876,0.0014093538150041084,0,5.27531974452347e-4,0.005234260736859091,0.010203051625993496,0.15083111962484463,2.767526311826432e-4,0.005803506162085643,0.012200633733369019,6.243954462477645e-4,6.149263469724763e-4,8.492536685239959e-4,0.008420086153446969,9.172306995145409e-4,3.9648591443815657e-4,0.0018999744803654469,1.9169026457325672e-4,0.00354639673680959,0.001236502208714662,0.0034758227144523848,0.0012859401662920743,0.0024610133100391764,0.0016320392904404758,0.002250555460592923,0.002786939582836633,0.0014921796722298672,0.0036649928187123437,6.817139293515956e-4,6.226421771422611e-5,0.00209769867399086,1.0726372246447639e-4,0.0017154214162756667,0.005728071725346698,0.0024472245327465656,6.675698385643796e-4
0.13465222618628056,0.04534941879388936,0.024642372230060366,0.007846569050398091,0.1680024284493741,0.005520655348650212,0.14578665688621695,0.001657410666122733,0.00213199385231405,0.005985611374221973,0.0031674000695961443,0.0014100896904629017,0.0091252879719129,0.023761231103440077,0.0015331243014846422,0.16979372604220655,4.672863178702478e-4,0.0027939261816020094,4.681026013570437e-4,2.912220682693371e-4,0.0010583311381383667,5.418511302063251e-4,1.3838110819571224e-4,2.3963550904065666e-4,0.004978793622274378,0.00354172294864112,0.1629002266470407,4.155443301347431e-4,0.007727321921230642,0.009712591695599373,0.0011411555564823047,9.04659108596514e-4,2.6152068076388716e-4,0.009746022826647709,7.850063515728213e-4,4.6111123790277907e-4,0.0027333597741803673,1.5493875835694747e-4,0.003652846924514177,6.035458134322875e-4,0.004552652879351523,8.866002082766698e-4,0.0028558361400676845,0.0012722674761466847,0.001298486832602558,0.0023354534980310777,0.001471312736021548,0.0038374858269485195,8.548232149755673e-4,1.1826903784728745e-4,0.0022803748251731606,4.013695476538684e-4,0.0025484127178368424,0.003512454382222847,0.004624821443640131,0.0010640729645219435
0.12745348854713018,0.04497669528073,0.0239576998727658,0.010688383754107666,0.18050416539410533,0.006033231492983559,0.14477134881808681,0.0018784994560966987,9.243811232205071e-4,0.006363846774433442,0.0033520942385965847,0.0016044422462488754,0.010510242496649103,0.02589553620806463,0.001345202928720064,0.16274403149389777,4.5758821220811066e-4,0.0023722344957476946,5.281711038562246e-4,7.735379551235064e-4,0.0012455932891204669,8.722630453020213e-4,0,4.954590486931981e-4,0.004095193605197608,0.007187589194202456,0.16150412903492603,1.7755523873645235e-4,0.006712399362205001,0.007366301372869174,7.27785918998493e-4,8.224114056379934e-4,5.12069611980014e-4,0.008680789497493605,0.0014962368904670247,5.237854990680491e-4,0.004793751169692988,4.55405844264134e-4,0.003315464236642593,8.750651547051914e-4,0.002188348776148136,0.0010047414190098376,0.0018862408449180365,8.296238813741625e-4,0.001610787365077617,0.0027844292276501563,9.001742261882511e-4,0.004694519441006744,0.0010030160042904185,8.302686547007212e-5,6.715881332800648e-4,4.005501559009373e-4,0.002139399202805895,0.003447118667243185,0.007362365476661438,0
0.12499269379150167,0.0519174015247026,0.02418911145260664,0.008556694293934724,0.17180878435848607,0.0065482332718012895,0.1477163107635794,0.00137174914683082,0.0017639378504803167,0.0063136217827697285,0.003497193280015899,9.515754830348372e-4,0.008307527543305953,0.022992295631660796,0.0018344500281569206,0.1665124678025435,1.640980351149879e-4,0.002274732075166332,7.493826924063199e-4,7.905283465848509e-4,0.0013258451326840657,0.0010650280038365417,1.2037945429096271e-4,1.322686505931585e-4,0.004663679835767555,0.0059053733052430646,0.16910509099533036,5.143166470001549e-4,0.004645257701405656,0.013458174552827057,5.159089108535533e-4,0.0010081830396844777,7.877531291872348e-4,0.006540832262182956,3.8255510700010905e-4,2.6774517736749206e-4,0.002200259845773203,0.0013126157635075899,0.0026893895880028785,0.0011941164256364827,0.004453636637842396,8.731441154443194e-4,0.0020367210052761636,9.447226923707191e-4,0.0011753739147400762,0.002300660327583583,6.977532239452313e-4,0.004293705015729849,9.171865388019245e-4,1.2762974668602321e-4,0.0011494826329796082,3.6581642719591095e-4,0.003487443558963447,0.003921304318759275,0.0015619802641610135,6.058768966622296e-4
0.12514875511794954,0.04861943852363942,0.02404934239477909,0.010029173847389595,0.17589166144130566,0.005891709321142471,0.1577522992454808,9.025185052774958e-4,0.0012543313680621355,0.005822635704703766,0.0024245835830563477,0.0012749953619191087,0.009149411688428226,0.02356935764261778,0.004430304103174904,0.16067165385304966,0.0013673070188714043,0.0023234316671689346,9.564475315903905e-4,7.486625223738129e-4,5.116226439526632e-4,3.1142654642339065e-4,1.786111829668731e-4,9.170580784716066e-5,0.005794984782684795,0.004014356975954078,0.15369658099487535,5.007486605191176e-4,0.008047078033144651,0.013395255476314621,0.0010442062871457555,9.809264232287878e-4,2.2847893447291404e-4,0.009129302942162666,9.66391306189201e-4,0.0010803451634494037,0.0030615042188493467,4.099278556981474e-4,0.0031323025281546706,9.138701025742415e-4,0.0048035073666925394,1.7864567789797767e-4,0.002088725041994279,7.44062750821467e-4,0.0017857038499310448,0.0028854566937933025,0.001070801154231145,0.004750957815492174,7.503524250219791e-4,3.7298665682574246e-4,0.0018202371147022218,6.85603868946936e-5,0.002032740923116684,0.003680629872658314,0.0026983065792077704,5.006783821302991e-4
0.12909826308182668,0.04821540517962182,0.022851265542057474,0.00875231925388864,0.17660169896908226,0.006353068812447165,0.14067337299237107,0.0012885234048804301,7.426524541515388e-4,0.005994280141664628,0.0036836911684368753,0.0012956010073213054,0.008538907944402593,0.022229408772672345,0.0018072925845558647,0.15547403869716114,7.485512628051356e-4,0.0027780168195514245,8.978074961176798e-4,4.542093418196691e-4,9.968456944417872e-4,7.449205069577992e-4,0,0,0.0036711573763681363,0.006029091259578145,0.17495113256002126,3.38223932645453e-4,0.006981827663862526,0.01197786988576934,5.105591909578153e-4,6.415554939029777e-4,9.142642016290423e-4,0.008719570070603078,0.0013068034469615314,4.1960557890107706e-4,0.0021974363849703252,2.3118482138699084e-4,0.005381017849641755,1.757132733723161e-4,0.005417490818894264,0.001084903703694658,0.002456435464445331,0.001391098629862,0.0015394102579253616,0.0020913841995992733,0.0011765510623254428,0.004219625964644962,7.903192053279401e-4,1.397731838714167e-4,4.796347961571538e-4,3.1090402478263084e-4,0.0030730173722738822,0.005012614274011566,0.005869482978712963,2.80199944664077e-4
0.12018793560224873,0.04876627134452991,0.025681917959833624,0.009405663512894265,0.16263519776572471,0.006783854183333975,0.15618290086108083,0.001330949293610104,0.0011083241249977354,0.005876717369023321,0.0020232415138667953,0.0016248687344056212,0.009162503731118028,0.025829291208175998,3.542580313759747e-4,0.14689265236083812,5.709540578268175e-4,0.0026304043332004584,4.953697743025919e-4,8.177912902716122e-4,5.949087166985052e-4,4.3411651598022997e-4,7.918466920206891e-5,5.756035051533944e-4,0.0048845683262826785,0.0037204164841694305,0.18840107586270835,2.9766114907327126e-4,0.005919454189991735,0.01083725242128696,4.034606873267765e-4,8.671589507742571e-4,3.351929966898858e-4,0.009255859069079858,0.0012719693689146993,2.5594742053039e-4,0.003292564175527742,1.2594016559745388e-4,0.0036313944953200753,6.132679342484354e-4,0.005223466274399762,0.001035387939816221,0.0022437815471372615,8.367661181890865e-4,9.904895806200312e-4,0.003163320882574258,0.0014355794075803297,0.005246028881251394,7.44101990929351e-4,8.497638113759678e-5,8.668073797917146e-4,4.610785754215751e-4,0.0037742717441486763,0.006159375944700027,0.0029772357686545367,5.99267426432762e-4
0.12377209439248305,0.04559737110373114,0.024835302990760852,0.009598042455250824,0.1691612232928272,0.007009968276779739,0.14415071959323125,0.0013508753166368184,0.0014656556014177545,0.006977561967112591,0.002680586926344238,8.114408936423256e-4,0.011343526275453649,0.02484256030690549,0.003294086845212473,0.17277819090827073,4.929246858152321e-4,0.003086956109297469,4.964129519044279e-4,6.210119242093098e-4,7.84691473942721e-4,2.653489099037099e-4,0,2.388186968781714e-4,0.004380374137245884,0.007223986122552187,0.15164612187182144,4.7850971220985436e-4,0.00788699609370862,0.01122762561279152,9.256229611290952e-4,0.001067353308931192,1.0802782552687565e-4,0.00907219592895017,8.033283373284828e-4,6.540466298779901e-4,0.004314521121560637,3.1942851704572624e-4,0.004483989467140712,0.0010343877650101484,0.004097917135592821,4.6403650271574585e-4,0.003151995731913885,0.0014788340966315281,0.0010959016235652986,0.002260489772942943,8.458952184346571e-4,0.004397409991034898,0.0010372376108874564,6.286929488749867e-5,0.0020333575020419553,6.496612765192196e-4,0.0017974056232491007,0.005999359423800573,0.007467658658768327,0.0018780832261723916
0.12547351313074637,0.052197671824622795,0.023550025660573227,0.009894414415543886,0.16449781178352244,0.007246267700923505,0.14172491956501315,0.0017416364554854991,8.979185583404163e-4,0.006686873838922216,0.0033927277327301672,0.0013617281764275613,0.00975384512398108,0.026166905945022263,0.006332524233182914,0.1495074750330458,9.446639312542294e-4,0.0028203653985223263,6.393271926894894e-4,4.5570109784513947e-4,8.64710823427353e-4,0.0010000198758711102,9.005627377930028e-5,3.948546783627314e-4,0.00516191379569949,0.008189048912544926,0.16414894604249988,6.392397681411627e-4,0.00559267416252124,0.018369683623008875,4.93416954223385e-4,0.001083791144230856,6.384108874692522e-4,0.011140161348010243,8.237189453311672e-4,6.131158204868821e-4,0.001891711140988089,3.8946812676364506e-4,0.004387529322603894,0.0010402445502480772,0.004937473230622876,0.0011058787431350102,0.0022199753938127375,0.001638305970128391,0.002488579002553137,0.001907606203257531,8.456815377927446e-4,0.004753090593589591,8.21523949476348e-4,9.700138784637352e-5,3.853421945053097e-4,2.198822011499697e-4,0.0026910540432473454,0.005068446292007882,0.008581126262268741,0
0.11906379369345492,0.04739420288835851,0.02406902102775448,0.008097034377469822,0.18010611070022434,0.006159925541839273,0.14710423023810593,0.0016558946850696056,0.0010871451732535249,0.006072479306213772,0.0030718656097578683,0.0015159752744560086,0.010784783883504534,0.024669735383981605,0.003809045366941566,0.14636314755135096,2.9863270681482575e-4,0.003032240772833508,5.347898630887833e-4,0.0011570756621105745,0.0019105975488229962,3.379392892755007e-4,5.3985594561321664e-5,4.964199319765153e-4,0.0051683955666849465,0.0046767730620050196,0.17944175407604238,6.193383336051511e-4,0.006614012131846996,0.01219182567897674,4.7355186098580214e-4,9.484806684520201e-4,5.065368554180636e-4,0.006229130794321929,0.0013390158741474949,4.647974375144617e-4,0.0028465638739025062,8.595341519604472e-4,0.0052355403586967515,9.782739005114386e-4,0.003989225692167783,6.869901010964547e-4,0.0027536542699837423,7.485822583190855e-4,0.0020934610437958923,0.0024348510545302016,0.0010658340910719385,0.003133913802340048,4.946506118102654e-4,1.7342280836178987e-4,0.0014776694901614549,3.0288936026661524e-4,0.0024048066256888096,0.0038716578359000763,0.004821614635827969,0.002107179622384989
0.13043755890929082,0.050911464485393125,0.022950066475580205,0.009157907620197598,0.17516157172155764,0.0061494511553646875,0.1536599817979499,0.001518171772399987,0.0014335328867475154,0.0064649075373408625,0.002884321114969871,0.0011034110762547567,0.00895529276498584,0.024860429536005098,0.003955370632362478,0.16026236244529166,7.683590470145224e-4,0.0021517005340020053,3.17424503753788e-4,6.444727741438645e-4,4.05288851629349e-4,4.806949494195477e-4,0,1.447324080469316e-4,0.004975145917195474,0.004207814034431786,0.15233305057684687,2.14366074964816e-4,0.007608363280467157,0.01460686902057644,0.001185781336001726,0.001036728849755975,5.967582536793039e-4,0.007780165116789842,0.00128074806288794,9.473235699423334e-4,0.0018877891988206674,4.719265167803022e-4,0.0030605102691456084,4.781242818738573e-4,0.00513563760097857,3.6095995975526566e-4,0.0028081090691380157,0.0012138509027733392,0.0017551046443651038,0.0021796658680433025,9.635176037897759e-4,0.005109751407706382,5.020365744428964e-4,1.635171898808615e-4,0.0012417418000123155,5.001758134378622e-4,0.0025581275953825175,0.0038826448161413314,0.004072224536049738,1.0299525824056336e-4
0.12254226250830957,0.04815089491645271,0.02289623400113168,0.007878723461510286,0.16575046607907662,0.008077500085965694,0.14551026815226326,0.002037527042591437,0.0010015263314722119,0.0065961325749990096,0.002299875790129754,0.0015471633810539606,0.010969329810082322,0.022482891742657617,0.0022489769530914332,0.14591612088379838,6.709575070820359e-4,0.0030796422569880173,2.1447992866032873e-4,2.3166569526884132e-4,7.542806302366878e-4,0.0013730684046242708,1.5988366634578648e-4,1.6859912700208692e-4,0.006093547382763622,0.005063337149928417,0.19594758253020023,1.1004728873117125e-4,0.006235129430774915,0.009823050278941883,0.0011978848366464337,7.634790312423185e-4,5.464917536099862e-4,0.008175139047702019,0.001520272083353839,8.614974461102583e-4,0.003394369847615301,2.680459912082353e-4,0.0026729494527443836,0.00065404845397310635,0.0040671095989586415,6.815656944833617e-4,0.0025526238287686045,0.0012443771900904675,7.457886442997535e-4,0.00237736005552709,0.001105924215342118,0.00528858428814402,0.0010488034362844188,0,0.0010456801301110083,4.025062710362213e-4,0.0014531472195232942,0.004641737700819942,0.005395380106481752,0.0020640686837891907
0.1249040300195097,0.04767004356848211,0.025121126790452624,0.009469423306352327,0.1678953155683972,0.0053521524679216075,0.16276347827880322,0.0020374018362338004,0.0012310315340919187,0.00592761882463819,0.0040676594074208795,0.0016179877917132462,0.010390372643086565,0.02382193156850624,9.770794805435794e-4,0.17571820367656768,4.878522193569137e-4,0.0023569833252525363,9.047004025849172e-4,7.130163237293129e-4,8.501799234311636e-4,6.806479867824363e-4,2.9976693964677307e-4,1.9767486314155493e-4,0.004894056614316442,0.005600559384775988,0.1416249557765386,1.4453799335245506e-4,0.008342139704790051,0.009404517942991665,6.587805963060826e-4,7.869222423136095e-4,5.94797756862008e-4,0.010301306342505317,0.0013311249988658012,4.5550321706883297e-4,0.0017449707702748482,6.183279823056384e-4,0.003512668237125676,9.605184763115608e-4,0.005223039961350504,0.0010006276828750226,0.0021190421071339647,0.001352709429869329,0.0013992119998151565,0.0019221761767885721,9.916447786741654e-4,0.004358404013197453,3.719618223939017e-4,1.6098615323808886e-4,0.0011724794527142083,2.3053169893264125e-4,0.003150453825462235,0.004895547338233933,0.00460477492530763,6.150418506621054e-4
0.12486012400596114,0.04933498329363516,0.023018505906428927,0.01095537037623839,0.1736114094453256,0.0076587615397360215,0.15570435028225274,0.001964568250533345,8.90072496116378e-4,0.007266743175360275,0.0017944786137471685,0.001448802544353232,0.009898018751020862,0.025349837706737738,0.005088690756342187,0.147039470301129,0,0.001829896806772507,7.276090023032668e-4,3.888980081032212e-4,0.00051455626242375525,4.361556546363369e-4,0,4.8799558039333156e-4,0.0054646805972638265,0.00766081886540602,0.16227163031021646,6.487352451646118e-4,0.006556447824771199,0.01202404979001092,4.1812488551583375e-4,6.467768749631879e-4,2.6928998917102767e-4,0.010836033420952287,2.786776148998775e-4,1.8812622364789105e-4,0.0024628664041970246,3.2218526934422906e-4,0.003410398467807106,2.928127329294256e-4,0.005503141468942919,3.362025242462647e-4,0.003325786963398346,0.0011370672849246905,9.944881302897332e-4,0.0031396313110480314,0.0011586943069356395,0.005178224500759895,8.277650802860735e-4,5.60115694136764e-5,0.0016796771264153778,2.477702721646513e-4,0.0032382965389773487,0.0037080369093357435,0.005319079341541253,1.2917339550885378e-4
0.11597810784895271,0.04808505006156159,0.025681236782804963,0.010949535653331432,0.17851366729300136,0.006856252183661458,0.15632463162079394,0.0015748257390966354,0.001499707455811407,0.006360835358269249,0.004386865671007254,0.00196122590683342,0.008527695325109386,0.024183843441077074,0.0018958270958906222,0.17092986605605212,5.726507719961286e-4,0.0022376810236666737,3.238113831321716e-4,6.376925003566779e-4,9.670301845464654e-4,7.330200800652974e-4,7.963451395464434e-5,1.1972207826090941e-5,0.005757642487655703,0.003642293427396284,0.1511841467554625,4.186601963458211e-4,0.0061660294760677295,0.011003483350698857,4.909208261825933e-4,0.001855883647195212,6.292634946291154e-4,0.009450935937024499,6.961719373905538e-4,0.001006919432248778,0.0029663875096466504,3.227116664479623e-4,0.004152246422493759,0.0012574645424648196,0.005033312436714429,0.00019170897966645165,0.001983387995274461,0.0013999919032289191,0.0013003523393654672,0.002118311117700024,9.590417094647817e-4,0.00420873609277311,7.662303164805534e-4,7.599491056010054e-5,0.0011551815800686955,3.959843522538698e-4,0.0035254000238350465,0.004146439510552077,0.002049269356048876,4.168301078635349e-4
0.12316288464819285,0.047664427833016845,0.023680286698491138,0.009862287862046236,0.16361805513333985,0.008660241289833679,0.14353967930657685,0.0017913413402237126,8.556461377203642e-4,0.006150683329398664,0.002017305760691813,0.0021210907519121683,0.007729243621293297,0.025987474288531813,0.0010807325563662953,0.15674355079722954,3.888299495378014e-4,0.0021642818934230483,3.885554355227597e-4,8.757695656137974e-4,0.00217885031600285,7.712375353684506e-4,5.077304463760047e-5,1.5114616864542028e-4,0.005529496094731509,0.005362595463570211,0.1779158108923497,8.194195264470328e-4,0.008002617006560268,0.01053475459566648,0.0012450266820873902,8.311798667729882e-4,6.733038365820748e-4,0.010180501525961488,0.0017330014121201241,5.035742685300856e-4,0.0026449624710954685,6.834670142800703e-4,0.00458618143994961,6.361410358081247e-4,0.0048628811938208095,1.565049053528436e-4,0.0022839751906266765,0.001408124529650435,8.05538442442189e-4,0.0032667861503792722,0.0011894887311237536,0.004346042349734147,9.134049994528105e-4,0,0.0012698916764024122,7.730950567916251e-4,0.0026580081810202937,0.005109061429304115,0.006699496978137573,7.412917896315581e-4
0.12669022575553113,0.04708446018881569,0.020216498492615476,0.011469588402002922,0.1716376936526325,0.005880108402491941,0.1472226828628388,8.978501181967026e-4,0.001833526789207545,0.006354831166734835,0.0033729837952024035,0.001647364413941348,0.008423235654751534,0.025121387716912184,7.737714305524517e-4,0.1597877766594907,4.3410750304681865e-4,0.0024696926281893377,3.463184842274082e-4,6.340939502765726e-4,0.0018447496452631662,2.2419617076615002e-4,2.4379179815602091e-4,3.124373994762089e-4,0.0042384247306732695,0.004370941655953326,0.16517049056140612,8.319125561371738e-5,0.006327837847269153,0.015448520535004368,0.0011119363869413262,0.0012504687854543567,4.650625427933367e-4,0.007054635739988601,7.458737451207639e-4,6.800038288820783e-4,0.003141436186603095,6.116999546600239e-4,0.0037222103770349294,6.882209394869812e-4,0.005002735755951814,8.522333176662262e-4,0.002435824082400952,8.388372925276388e-4,0.0014340485649033197,0.0024629192203972903,9.907011916452941e-4,0.004332501608821277,6.838619547276533e-4,1.4708862617445137e-4,0.0010896627761308446,3.4285506663400033e-4,0.00307536177225844,0.004562448320142588,0.011667899041069544,4.669325434342027e-5
0.11762713495148287,0.05217731641587179,0.024768199698261106,0.010017654481259795,0.165960906003509,0.007178672461296727,0.1607950245088637,0.00135473914732668,0.001071699669516438,0.006397136696135847,0.0029404883375905005,0.001502166838693115,0.010406383840539466,0.0261363470384433,0.0015039989781362396,0.17271144480625233,6.34007885372906e-4,0.0034286505217906013,6.565309183239093e-4,3.3652298564711787e-4,8.657604918519103e-4,8.404794347034891e-4,1.7144826768574075e-4,2.719324810576805e-4,0.004486210108087327,0.004770053131364106,0.15026803011354567,6.70606157966726e-4,0.006436808736630295,0.01406538084469372,0.001515519788468234,9.5244712910261e-4,3.372573968120682e-4,0.007834514879209881,0.00123380850448614,4.7322997956834265e-4,0.002713620560270204,2.508597935033766e-4,0.003944934330152787,5.768958725668934e-4,0.00520946324347833,6.757298195885551e-4,0.0022094734957694277,0.0015682321994440502,0.001960443910883065,0.0020553603189935815,4.4893911441052346e-4,0.0036166788737427686,8.650239353246143e-4,8.728482461096318e-5,9.253715836202293e-4,3.150003887919167e-4,0.003001050414852556,0.0046383737940997455,0.0020070654236235474,1.316844727254749e-4
0.12374516307826172,0.05106549399806056,0.025730696958022038,0.011182738090398004,0.18240269148357569,0.008249426697560795,0.14530775408924554,0.001145813860858975,9.262391834651791e-4,0.0058855511548832895,0.002773815919194897,0.001649595613063411,0.009009771856197822,0.027098381078486014,6.136388634969208e-4,0.1502496687532131,9.174737884232535e-4,0.0023293959680632343,3.6693099573196624e-4,3.659853430683036e-4,6.362534805988512e-4,3.605809450089152e-4,1.3931920135284848e-4,7.265768709632873e-4,0.004178860286497037,0.004469827326029801,0.16745333087354053,4.216115183097505e-4,0.006065894594998421,0.016272870168639538,5.144913138236968e-4,3.62611077592932e-4,4.655734917921656e-4,0.008211181104555458,7.279982748770413e-4,6.111339634989547e-4,0.003005182058882206,0,0.0032042198747453962,0.0010876158581717371,0.0026127975735653697,0.0016745970698262627,0.0014436628607954756,9.856518249353463e-4,7.918218526244645e-4,0.001736609591367352,8.801261985041062e-4,0.005069398555843184,0.001510390031489885,1.9377786888060273e-4,9.515761017623005e-4,4.467742444293988e-4,0.0027047448785478237,0.0036769158084026124,0.005315327384924639,7.446909695187041e-5
0.12249672324763267,0.04964570498573068,0.02510555118593582,0.010383506629912451,0.17878958622552757,0.006555488786146637,0.14744360524629488,0.0023143410113496366,6.736901293655597e-4,0.006723844264333611,0.0030348325886693124,0.002218669695494072,0.007974981307313644,0.02826377423173827,0.0056285572416625166,0.13744849833729733,4.3630596074035175e-4,0.0023194488591969944,0,7.888801107610368e-4,6.59545203494349e-4,6.404933894951656e-4,0,0,0.005825423156917467,0.00832181323744839,0.1726997565217914,5.588183747412155e-4,0.006493582595829989,0.010729450163461527,0.0012991526293302292,0.0014220116272108665,8.707262413373851e-4,0.010566204046942774,5.886256697023569e-4,5.070058553448265e-4,0.0029417739113608466,5.208677507799378e-4,0.004797520626001238,1.3923056501173947e-4,0.0046992407805409135,1.9946955197442553e-4,0.002185865629942186,0.0019349210595259751,0.0010116568542092822,0.0022343204406023867,0.00136716719495373,0.00460858669954113,3.142848897391576e-4,3.565894246936564e-5,6.794334575846292e-4,2.172972660956082e-4,0.0032892245617077653,0.004751110771065015,0.004570609259324589,7.316102941908854e-5
0.12641725795256054,0.04680119314649162,0.025482517437618386,0.008253074917972412,0.1682054882407983,0.00985634279573221,0.14208489406615699,0.002363297841902117,0.001168208186554513,0.005322296770605341,0.0038103672877699136,0.0024958686241246617,0.008551446892904723,0.026757498068566764,0.006158997249888014,0.14200111264995371,4.217920655998708e-4,0.0017355614268201149,6.481450077299368e-4,3.803047922051153e-4,3.1628768223540646e-4,4.14007324937938e-4,1.2812776454030128e-4,8.053046333368433e-4,0.00880407107779615,0.008156908693213637,0.17555680659290102,3.6771286845420993e-4,0.005928006320024699,0.013826251722780345,3.299039544519597e-4,0.0013610274134585442,4.605920233829765e-4,0.010633666581807297,9.894565994103635e-4,6.776272647283208e-4,0.00295627560948581,5.040450288783537e-4,0.0036185189167178685,9.709738488110866e-4,0.002717660335833918,0.0010048166984452348,0.0025316828735934722,4.333589661548854e-4,0.0021904857161622513,0.002681003807108219,9.982569170447857e-4,0.004087361649468564,4.7707795031203627e-4,1.1368817298668688e-4,0.0011121577515094479,2.0107884271095732e-4,0.00195804017585196,0.004793056504778675,0.00654133200851288,0.002437704286217622
0.12847489652590663,0.04718046179435797,0.02324886868272774,0.009226155775109306,0.18300404943414553,0.007733907964969744,0.1458686754589857,0.0020491925370177593,9.278068315328503e-4,0.006623170641154229,0.003462761575735071,0.0015305323652985865,0.00860375995727553,0.025516568836522174,0.0060831502851214645,0.1364120414118523,8.190543713249887e-4,0.0027872009221626875,6.951682153712754e-4,5.576796577336658e-4,0.00150403357712148,9.425959578978029e-4,9.174775164879621e-5,0.0013881720556109325,0.003967166432209412,0.010257009328981317,0.1642140768745679,3.001595688723398e-4,0.006939903158801028,0.016049004883087137,0.0010724265403211492,0.0011655869001271479,3.595238317712182e-4,0.008020674824474452,0.0011333946283035902,5.650168195592866e-4,0.0036687150642961148,2.60121746239551e-4,0.004888014907874615,7.385835811384362e-4,0.0030883705775519394,5.459360818239692e-4,0.002235724373230626,2.0753955039700227e-4,4.0488087367923853e-4,9.885834741659287e-4,0.0018125114786715702,0.003951903260931102,0.0016103047723100643,1.0883873691955839e-4,7.927148880371328e-4,2.0869774907604442e-4,0.002925734904699356,0.00528058945198596,0.007051576961097392,4.550611882141912e-4
0.12131072447360897,0.04691584501865226,0.021907769984624514,0.011021750621598842,0.17142578165203318,0.008143750683850919,0.16460904933426732,0.00234656211100022,0.0012621951583572286,0.006645903016032202,0.002764894644879904,0.0015763721033642247,0.008078758739669921,0.025059451840418183,0.0056037690327731425,0.1507474392396398,9.081639114158938e-4,0.002834433003393619,4.206481941906715e-4,6.300101007171658e-4,8.672760448995965e-4,4.244651838653995e-4,2.2477159093256858e-4,4.815147580778822e-4,0.004644009000622695,0.005081591695018708,0.16740431675594364,2.5667486008941297e-4,0.00541184681349244,0.014262616580097216,6.402417390227256e-4,0.001026002756813105,3.221014512948811e-4,0.005689453575875026,0.0012556265968997693,5.38177976390487e-4,0.002334424923750412,4.343455479571367e-4,0.0037173062475396317,9.207950401963581e-4,0.003956775127903776,7.576600346374082e-4,0.0025206322718051796,0.0016954021118993085,0.001417827956114498,0.0019547498252028964,0.001105495489938755,0.0037756115793134678,9.814172698253216e-4,1.087219115241797e-4,0.0014783889542116654,0,0.002021843011721061,0.005218370238771911,0.0025886113247025086,2.6766088916082984e-4
0.12443170944110361,0.05076022485658839,0.02382498644881731,0.010502903019263448,0.16990413392653436,0.007927379474105467,0.15205410951167314,0.001664444984783869,0.0015527440361552964,0.005862607895930794,0.0048179733349894656,0.0014185933519388642,0.010035965974498478,0.025139689102025627,0.006287029765906433,0.1468491644025599,7.660401918537053e-4,0.002067565521751079,7.661162921084566e-4,3.504730116744015e-4,0.0010920205798647037,4.7378285896785877e-4,5.572657743080421e-5,1.4226308902615705e-4,0.005568001616109291,0.005610477002712019,0.17038862911299993,2.0288243687663327e-4,0.00793929624990781,0.013232256250424833,7.00824519639179e-4,6.875337812788558e-5,2.848941920390118e-4,0.009691673234040049,4.2924180234403194e-4,1.6201879270376644e-4,0.0020038477357173876,2.7399086520199837e-4,0.0031880716623282008,7.061920208820604e-4,0.004310948194817898,0.00015109534448878381,0.002928823389837229,8.23206457220627e-4,0.001955485408817386,0.003192949137826679,0.0011250607114106752,0.004362131204667022,3.7492306625643983e-4,1.5272456109871607e-4,0.001407557371073804,4.27797020557412e-4,0.0025178843672451945,0.0035869995726109487,0.0033695843000325636,1.1413137043289681e-4
0.12488900093838234,0.04888617173156577,0.020340883945851963,0.008852071284716012,0.16707461723605796,0.008860820540477723,0.14194309169178226,0.0015090625062427702,8.715052637556728e-4,0.006904396917755665,0.003250195320055476,0.003086342120080233,0.011824154868570148,0.026643559207227243,0.0021494496382930667,0.17367194120853977,0.0010211400137877772,0.0020846171652697944,9.355125462243384e-4,4.5820450656477275e-4,5.320665230600138e-4,6.287074789758493e-4,1.4208535567738492e-4,3.2150342966041174e-4,0.004020861998494084,0.006759933208527702,0.15397993144241665,9.505038734815051e-4,0.007817344912563744,0.012725920453539381,9.172503041804858e-4,0.0010641330461200276,2.4377178457296762e-4,0.009437948768943745,0.0012568225024786432,2.7522750077676214e-4,0.002366144132334589,3.0527658989722915e-4,0.0038452692366208272,0.0010936417790479336,0.004244675372455974,3.1309335412212444e-4,0.0026135998816367253,0.0012715839296253736,0.001266504945147444,0.002179521300202413,0.0011026270327824798,0.004266872875347848,8.981065465898697e-4,4.4252666163254926e-4,0.0012245921972801471,2.3786076281773783e-4,0.0029684167359317016,0.004016205799142466,0.009012729632714489,0
0.11889137903496282,0.05004683907728526,0.025270406416938136,0.008779176134975844,0.17350549651372257,0.006999864883288486,0.14842154279271344,0.001695882813630631,0.0011098736857748286,0.00717115528628233,0.002067058645162067,0.002508804056350749,0.009245998669173455,0.02477231020546792,0.002136468891650745,0.17675973012968862,3.678033819737216e-4,0.0017373648013201762,1.2028096372996095e-4,6.773767669801078e-4,0.0016205940571829387,4.3817248108951167e-4,0,2.2788437576734067e-4,0.0057792355132173364,0.00565038434154704,0.1448378972284983,5.945987375713836e-4,0.007301370455044733,0.012092225099602522,0.0015591215100349371,5.596069453880183e-4,3.94596978831967e-4,0.010994969888656602,0.0017153237410428496,9.347862735747523e-4,0.0027960844127588457,3.3310088675146167e-4,0.0038954336746038036,5.526188201475222e-4,0.004245533412658841,0.0013565408035063555,0.0024563963618497997,8.866375838349051e-4,6.545734194005582e-4,8.020634354179382e-4,0.0010367034369214382,0.0037408823777925443,0.0010100014454042325,1.8218221368373862e-4,0.0016268109920260052,6.986550036241746e-4,0.0020470903970747304,0.0054770425796046695,0.009216067964816324,0
0.128181813349901,0.04885754385022256,0.02484365201077125,0.008275788692323394,0.17742992771796534,0.005756634607542502,0.14946420639438215,0.001868348381435749,8.911368721658944e-4,0.0063582637876645285,0.0031313019434698218,0.002177501464039005,0.010662665280625573,0.026933539958616234,0.0045346255314234266,0.1402598533373125,8.179671420421254e-4,0.0025199542160567272,9.847189641779674e-4,2.7216512029018346e-4,5.351689199054171e-4,9.612704818422474e-4,2.737810774769254e-4,1.4236292263234242e-4,0.005415835774948488,0.00903141137817548,0.168354200056036,9.751288714385594e-4,0.005934864278489804,0.01664283527558965,0.0013536315295039443,5.816484877692712e-4,2.751742245025282e-4,0.007312228027868807,9.851908227106723e-4,0.0010027985398975336,0.0033125340383489,3.849006498303616e-4,0.004124386121312306,0.0016949579164638384,0.0031128036295208685,0.001108084054211116,0.002798468366216152,0.0013661487119267866,9.606966752526696e-4,0.0019507436595102977,0.001989355788511534,0.003978278888006951,7.73027472748899e-4,4.784612120225293e-5,6.518333397584207e-4,2.7789666687600827e-4,0.0015373442888910978,0.0035713151226200264,0.002129323602518266,2.3091559505764806e-4
0.12269974817326504,0.05056957918485126,0.023217195176740476,0.01033851725856959,0.1755631177833332,0.005773631771212247,0.14479570999712466,0.00142683231215874,0.0014936373560266562,0.004734381055577308,0.0015334528900084509,0.0022454396012408454,0.008379828335558368,0.02484404173393007,0.002657601122328086,0.16241608240466449,0.0011082180301241434,0.003401999177040468,1.7665820296556005e-4,5.207209438146332e-4,3.806836333004941e-4,8.23033038453884e-4,0,4.4549768184269786e-4,0.005907399270116367,0.0037230966309195067,0.1590992302985999,4.563787555123253e-4,0.006828020407491727,0.013345974087363405,0.0011687931750715595,0.001071958858086027,4.577876174626345e-4,0.009997191829682863,0.001521550750025834,3.876858974198606e-4,0.0021776480713928104,5.72729871099229e-4,0.0026675562056037803,0.0012978209554443897,0.004788598325044641,4.0616275316570385e-4,0.003214965487800983,7.102766244549669e-4,7.851163033513355e-4,0.002685901432125736,9.23316856955843e-4,0.004335374458343869,4.091396212505204e-4,4.035297687612001e-4,0.001051089933809095,9.502250217412795e-5,0.0018612168561704336,0.007558003822415479,0.009770961693068566,7.748940156839447e-4
0.1203787684178196,0.05414239615935508,0.022882614534787387,0.006173439148325728,0.16999016107721407,0.006858970487030221,0.16001648068351076,0.001699409297223696,0.0012106622634167222,0.006622757587059249,0.0037887357186052527,0.0012190012978541289,0.009031123766578261,0.02328717236726496,0.0013226586831333275,0.14519776643381194,4.331679026447298e-4,0.0027250115261551154,6.897755699403734e-4,7.860980793323897e-4,4.91968589940685e-4,6.466516541271794e-4,9.278999125148105e-5,1.995764713689288e-4,0.00319969947651309,0.005882912180977575,0.18248591029213776,5.414167449968628e-4,0.0046523347451267886,0.009073426583980138,5.292665399057972e-4,4.834267371777481e-4,1.8002272259454687e-4,0.009059254241854811,3.6859733899769176e-4,5.63209700937781e-4,0.0021362354875042776,1.8361266633896354e-4,0.004177125956013232,0.001097895598326503,0.0054520999292385795,5.455040983903179e-4,0.00367348567618976,0.0018906928365906728,0.0019169548136284,0.0017426498187284379,0.0013544465822998663,0.004134023741814855,0.0016268805570808583,2.642195626764273e-4,0.0011850583527586109,3.6012404606265567e-4,0.0033028970250883046,0.005926853092409235,0.001356356540340129,7.662486055680541e-4
0.12802277631772438,0.04535123130163233,0.02679849459666609,0.009843202464619132,0.17073820912961893,0.007507589016792696,0.14155890414590078,5.748154479353604e-4,0.0020458253605085733,0.006586801909376337,0.002923218577406305,0.0017983884016202574,0.008088410415867818,0.025802738326434902,0.0019351001588484042,0.1468053944981778,4.800839621009377e-4,0.002102292164002314,3.038346282381676e-4,0,0.0014553207541123053,1.9297553147698806e-4,6.926500880319774e-5,6.230547214117651e-4,0.006763674746293148,0.006273466640867052,0.17182950776089506,3.788336744959057e-4,0.007347271661236315,0.014343751115415493,0.0019805968503324167,5.733328836314294e-4,4.229083784112027e-4,0.00697510374918237,0.0011438437120492217,5.168944248667334e-4,0.0032970549951867136,4.573303793328031e-4,0.00404476540775975,0.001445105961644165,0.003840485539425129,8.694034046746498e-4,0.002959075685456922,0.0016701349274988494,0.001399050042153593,0.0020281177333999322,0.0012438251276123387,0.005941571351759306,8.749184251073609e-4,4.1774062140175763e-4,6.898901347699279e-4,1.291589667369717e-4,0.0018769320237324687,0.005282183762768656,0.008088871706086784,0.0032872713665398116
0.12429356619810869,0.04305249363762105,0.023906773454665436,0.008816366869906186,0.17487422652929632,0.007627041773228694,0.14661757332724382,0.0015640030851538408,0.0011454200683563523,0.005707863683061067,0.0038332756562663513,0.001714949121109966,0.009613544776589851,0.023376625894261493,6.33859508765572e-4,0.17605572708475054,8.394985020227007e-4,0.003337598465202196,6.069013171578551e-4,9.406705114288204e-4,0.0014693134931960297,4.547856277357232e-4,1.1853855258951773e-4,6.527966733062676e-4,0.004882415507336385,0.0097228462598948,0.1560037144668212,7.386774640414697e-4,0.006110921464340053,0.011216506551450183,0.0012761384547811585,0.0011647605431106744,2.8540091112443593e-4,0.009272854154433768,9.996667725552697e-4,3.176893668238576e-4,0.0027200360813960265,3.845724157165844e-4,0.0037695201192331496,0.0010460381855259345,0.00456280901698905,9.579905581676969e-4,0.0012134113857159494,0.0011181720210904312,0.001018340520064582,0.001972354730296972,0.001122156122920366,0.004994476515584982,4.8782648044649337e-4,1.4495232925532956e-5,0.0011324543719158878,4.071461029912257e-4,0.0019519658643731837,0.0037352082739613066,0.003648739425703673,4.972808472433569e-4
0.12104645742325999,0.04803506351598249,0.027605156061411337,0.010459684660410489,0.17513925799638383,0.008063089654394204,0.15286214317286917,0.0030503364284308766,0.0014578966409061573,0.005856802874521448,0.0035270619170741702,0.0012205781900710142,0.009522570341995069,0.02269573469661138,0.008604217986376629,0.15554294612436684,9.455502233061912e-4,0.0026797512729285953,2.3497168030542603e-4,9.434111180872445e-4,0.0021264165768012707,6.618462829522043e-4,2.3784565475449808e-4,3.355800246981759e-4,0.004218816393014806,0.00605078780147961,0.1520378497974995,8.022088746305361e-5,0.006735958208739733,0.014070551638169943,6.685337963036918e-4,7.619610844178618e-4,2.472064609636675e-4,0.010039810393579858,0.001220304620925631,2.6885393071183914e-4,0.0031039076032836747,4.348262762362966e-4,0.0031737535735624003,8.071978725075879e-4,0.004961743283367579,0.0013869128327617948,0.003118454503450187,0.00108426551345221,0.0014944502308694295,0.0013623899704146385,0.0016004811791643617,0.004293642049544743,5.455785934380026e-4,2.2054081423505587e-4,8.267529824688341e-4,0,0.00336992512714035,0.004131503739202568,0.004828448322732374,0
0.11996237221995572,0.0501977765471207,0.024182739628934014,0.011668160062272023,0.17196567393648016,0.007098392354393975,0.15364540313452157,0.0024241058742549815,0.00165556626955009,0.0071495165471843454,0.0033825204675122004,0.001508060566452243,0.00863471268063109,0.02588584796401636,0.007962457080328025,0.1474695712748952,2.907008461141843e-4,0.0021324830952255684,8.810227630002061e-4,3.070795166944346e-4,0.0016447418182632429,5.493235450286069e-4,4.603554260045986e-5,4.1613687572156287e-4,0.006286888818584081,0.00879241611931656,0.1556532430160155,5.046678918595504e-4,0.005619738078962714,0.013033708350987374,0.001213516713491843,6.965340849004317e-4,8.752450791755232e-5,0.010390656906860822,0.0012702191511171528,0.001446421716885894,0.0033180605334596405,5.332586102278362e-4,0.0037762566571699014,9.03064226725612e-4,0.005479442737824858,5.646480612302064e-4,0.00414596061053349,8.40416412394693e-4,0.0019854396543448794,0.002432253394304837,0.0011886285200392607,0.003971358739720869,5.494136543068639e-4,1.4116957390488893e-4,0.0012292051221652535,3.089194142612899e-4,0.002816809991436253,0.005576217835093685,0.003835053474137419,3.484868086677983e-4
0.12310603098872896,0.04897237080167531,0.021763249498381244,0.010321751696110307,0.1771521030010373,0.006897612950921352,0.1479847209442801,9.550837972225224e-4,0.00127753461876299,0.005745933487272677,0.002063849723715441,0.0025950568248413984,0.009185104446112194,0.025341450818284393,0.00707308057640394,0.15479468665474355,1.604639559812901e-4,0.001845964257215753,6.769999819923743e-4,4.324597714062155e-5,0.0017320351322993829,8.656304612994812e-4,7.105066376717486e-5,4.507824165622317e-4,0.005711780184433873,0.005433046647439318,0.16175099088776015,7.165590579870623e-4,0.005711717027482729,0.015233936093237609,7.306362375711297e-4,8.53100465903775e-4,2.2339697115860346e-4,0.007759505981486117,9.5310552387869e-4,3.84483245983959e-4,0.0036808489807164985,9.731503371823065e-5,0.0050509943533206154,7.575064591042232e-4,0.0032547840251545253,3.654405122308519e-4,0.0033296540129012083,0.0011610170255377363,0.0018902063459509352,0.003230918860765371,2.931625104633755e-4,0.004513855224817462,7.307880075914812e-4,2.6887425894742367e-4,6.84021789006149e-4,5.602791694617384e-4,0.0029123309245836604,0.004704978470318709,0.005756341495037763,2.1863054129705081e-4
0.11995064588956189,0.053164638477429096,0.02431091560879244,0.008936656049039251,0.1602185277554013,0.0068950261787102275,0.14497876279732647,0.001954733752155459,5.412830218299231e-4,0.006544959973264276,0.0030137867081879307,0.0020223288502985172,0.0070260964477299815,0.023806254799522867,4.4146779111856906e-4,0.19292600913284103,5.642132029063293e-4,0.002930223431218029,5.20570913733176e-4,4.2689555992807043e-4,6.60472811802704e-4,3.2910574022595784e-4,1.1050295480212123e-4,5.959548978899345e-4,0.004572246744316313,0.0066403299737583755,0.14437767215747013,8.034378892048673e-4,0.006568049128854583,0.014975371524066907,7.988615861230902e-4,7.770658017565882e-4,2.7969602872197994e-4,0.007559581174850483,7.586067518471508e-4,0.0011561197661341207,0.0034507438408029117,5.797719953233974e-4,0.004558471548613873,6.876801643245276e-4,0.003853174953376545,0.001364735748261896,0.0016697224051539204,9.433799634865817e-4,0.0016180336263669913,0.002333939445269728,0.0016566479950637766,0.0037600915903803446,4.912574733399546e-4,5.6493796987812005e-5,8.989511289803684e-4,4.666942346804505e-4,0.0016988552959206406,0.005662620275089445,0.010855402729668468,0.0012562605160882233
0.12135665788192257,0.04830248875802035,0.024078325856497274,0.00818212320077674,0.1800132088393262,0.007331131679911056,0.14854799625020032,8.127914726122208e-4,0.0011905685825572064,0.006760842680300097,0.0029842179186973824,0.0013441294899234027,0.010931493186863938,0.024996823414034683,0.004784545054336565,0.1727240529431747,1.3791521209527083e-4,0.0026206138693728887,3.6262005380982104e-4,0.0011992736997770662,0.0014976831964049414,0.0018082517629428663,2.0724815082119968e-4,0.001517280672690448,0.005454497306934262,0.004911248811447554,0.14249671498715058,3.1432329050743476e-4,0.00828528285943038,0.01622075147113155,8.003387785695637e-4,0.0011335838981774264,1.8031332236619657e-4,0.006480466455848664,0.00117093735884211,2.1886978754124135e-4,0.0032109853839627864,4.401388937290264e-4,0.003068101131550179,2.679323434317901e-4,0.0025453121764659778,5.739081964826582e-4,0.00224930874259677,5.481707837917145e-4,0.0021053518807978445,0.0020755189380888927,5.910636055862096e-4,0.005225345381564163,7.377848010244925e-4,0,0.001205756108107303,2.9812210609691175e-4,0.003231379793975703,0.0050674727564263946,0.0051508981219860325,4.7836699318988806e-5
0.12698051401401048,0.050167848180752296,0.02800109046406731,0.008952347741615676,0.1601206904032742,0.0054816770898910025,0.145646356123118,0.0016534225706609455,0.0020084933430531706,0.005808272173839484,0.003896666120282338,0.0015939911913147712,0.008576265512844008,0.025137933032809773,0.002875327741596401,0.15837856156640326,1.3669294033230112e-4,0.002142551686320353,5.508969878156257e-4,5.43959534574639e-4,0.002055158311696263,8.240110436860577e-4,0,1.717497682153238e-4,0.00476602529369913,0.005512518146108006,0.17394086120216665,5.593170136061562e-4,0.006793717783642702,0.0158645856776456,9.574677170736439e-4,0.0010562823833278545,8.724423597980903e-4,0.00645455571008541,9.159151309627992e-4,2.542044697066631e-4,0.0022999957217064684,1.1354830549055339e-4,0.0034107591044508618,7.301241007892211e-4,0.004913670442691704,0,0.0013741202424771629,0.0012277210427400634,0.0013584185349515764,0.0019274643563888625,0.0015158182305065363,0.0035810969464451846,8.421439257830952e-4,1.7952416280585595e-4,5.798337564304234e-4,2.3071547118843388e-4,0.0032147056744292707,0.005128583225092742,0.006966984866287469,7.52401459348157e-4
0.12318598915221535,0.04761027950159808,0.027801122819936526,0.008935380775886967,0.1690263409468668,0.0065249563638580576,0.14272374841357774,5.903220380431318e-4,5.707999937819942e-4,0.007840580443451884,0.002198772094336792,0.0010277328267447748,0.010476483494234048,0.024553198070376037,0.005661482162237592,0.16971287883990363,5.375219905942378e-4,0.002076202980038851,4.07947237508529e-4,4.429141204909485e-4,6.030181471150376e-4,2.3143267072350758e-4,2.0050107770616904e-4,3.9002973006993416e-4,0.0047528175834040546,0.007110211573950989,0.15712144534970396,2.0003347391135828e-4,0.007622557389402504,0.010637924616918235,5.439423468028739e-4,0.0012265301009876269,5.477695943617953e-4,0.011369996831935937,3.716635158646162e-4,5.417948470464253e-4,0.0031801878876992306,7.359368525623465e-4,0.003919761805328269,9.334714874601878e-4,0.003571150939696682,6.172941177739504e-4,0.0026337342161059066,0.0014978990747270542,0.001469528049219117,9.948925665455067e-4,0.001140685603071604,0.004824992539593894,4.457672080687804e-4,0,0.0012531717049656594,6.674214142872548e-5,0.0022270984027148283,0.006719136459748485,0.007144464248942406,0.001247761578760364
0.12491849328994825,0.05187583062320278,0.02681548497740374,0.010156113967281059,0.17194321665234458,0.006571767777244769,0.14550347627759955,0.0017267147542592322,0.001764115672085571,0.005739139700477145,0.004346706857910809,0.0028184629433427757,0.009162050853386183,0.024971251511647617,9.239831995236392e-4,0.1589367231728137,2.48190480307843e-4,0.00240375146260095,6.444843806058846e-5,9.626640599188455e-4,8.050365460613993e-4,7.558182144955003e-4,2.7297651556534342e-5,7.580025739709454e-4,0.004862066299511159,0.00710125874642586,0.161370048757021,0.0013202483102363967,0.008011007494930594,0.010225261345933623,2.943115569186066e-4,0.0011000832703954631,2.364348313635521e-4,0.00633014475674044,3.839662428088554e-4,7.606099498504818e-4,0.0025668012922731615,3.818265031659615e-4,0.004223603986444044,7.601498531044869e-4,0.004143039511491285,2.8030879095928093e-4,0.0022548732995771267,0.0014382524468749074,0.001451407543339469,0.0020827874574411193,0.0015116007975191856,0.00477144258784074,0.0013085844767262553,8.55947506693142e-5,9.383434339309991e-4,3.7253980934586595e-4,0.0035351644558555993,0.004541875454360226,0.006257183522719162,9.00436806781794e-4
0.12744344956890977,0.05033722206976635,0.021354443823834817,0.0114095638448277,0.17938842335421912,0.0066927436880554626,0.14796387653059054,0.001221690264453583,0.0014699365810465915,0.00572399534435296,0.00370968945170314,0.0017373034677340541,0.00872010886875439,0.02160329367741809,2.565678392685348e-4,0.141359693636361,4.538933405140059e-4,0.0025404130818526185,9.082098047247648e-4,4.4577093645999967e-4,5.857216903753157e-4,9.79617623824859e-4,1.1355032928166477e-4,7.154889992034114e-4,0.004999721157070678,0.0041279809657125905,0.18149280719664965,4.101694338572273e-4,0.006468731055114149,0.010390576606999576,1.6954437777932707e-4,0.0010973966258515995,6.291978931430217e-4,0.011576113278260096,0.0016490983180666122,6.534488515565131e-4,0.0025796898440112264,7.321317746363108e-4,0.003494770469306026,4.985528104811414e-4,0.0034994726594670326,5.463992040815777e-4,0.001412140410504048,8.228141251453704e-4,0.0011108806571063785,0.0015896248761208898,0.0014187011490998354,0.004805949290261269,4.422344148348422e-4,1.1876185499751518e-4,0.001127783147786162,3.663596122523265e-4,0.0031377827662218984,0.004954011705488099,0.006373091927642106,1.693937229621909e-4
0.12389064675151829,0.048985621938205805,0.023231929939276575,0.00918032666857484,0.1778880316577369,0.0064156810076604395,0.14447439558285877,9.373581114392145e-4,0.0017028673910993023,0.006593936441731563,0.004023237409614083,0.001190581396801315,0.009155161286262979,0.025556040016738477,0.002500097439355618,0.17800203725799466,9.938450413685006e-4,0.002710465579120217,6.447153695820148e-4,4.97558414255667e-4,5.644782726808071e-4,7.828895315375552e-4,0,1.9487564504300868e-4,0.006945500697370141,0.004864607137403456,0.14646992547869978,2.037847828394798e-4,0.007040658182943089,0.011408158399631435,8.182423862484297e-4,9.992764604592542e-4,2.1993988316135462e-4,0.008240396597135073,0.0011497963731883503,2.6936554516483535e-4,0.002412116505201483,5.753350588136686e-4,0.004513670152505923,5.519645106098934e-4,0.004341169413327547,0.001618008242887283,0.0011415336664904732,0.0021979808848180222,0.0013709343745287143,0.001807922386315796,9.598669121853888e-4,0.0044558185659439664,3.369830227017827e-4,1.6268013875478748e-4,9.639358169615764e-4,4.463377306912651e-4,0.0024748947807087343,0.005151141755438592,0.005526930487277463,2.443455191363744e-4
0.11826687144572846,0.04933284963554997,0.023541057172670025,0.007857336712525975,0.16868377885316665,0.007659723454525751,0.1479763383431282,0.0019330211064998266,0.001336245011875009,0.005597248034166315,0.0022564293711127745,0.0022688291597455514,0.008443156112080167,0.023340820767587207,0.0025823466494568847,0.1622008474785664,3.021770612465282e-4,0.0015825332642598077,8.996880359878683e-4,7.472706784872388e-4,5.079796005452455e-4,2.063447260513531e-4,0,7.647673745948483e-4,0.004555828775705544,0.006136250146297157,0.1686597353293543,1.5689962487800451e-4,0.006528374368472373,0.015349422807137813,7.735985226617817e-4,0.0012737698019689397,5.124732545910926e-4,0.010078300051348589,0.001718363259130345,8.86167713844086e-4,0.001754879744920399,0,0.0040629322708852075,0.0010969740406028706,0.004660805005683909,7.539279062094755e-4,0.0026417079388692108,0.0012881813242540307,8.720690449419345e-4,0.004102106677096701,0.0017221644330663924,0.004909686965146632,6.736123201413028e-4,7.878661249240528e-5,0.001120910897731632,4.529206584817663e-4,0.0027586818240832567,0.005148311856316328,0.0069188695770559605,6.562719707251503e-5
0.12728622577720294,0.049359566063727066,0.026368591887900167,0.010183105285768178,0.1630671068941078,0.007507478488004306,0.15265504182134862,0.0011919041654396086,0.0012033046767618895,0.00636233803691453,0.002799276849405337,0.0010279115026850245,0.007816039387032096,0.023936846175552976,0.0018333404553844657,0.1573046524462325,2.2509587687012826e-4,0.002420352271308755,3.5218128301854227e-4,5.922237399353706e-4,8.904890737425657e-4,5.698613962656895e-4,1.2194247096757059e-4,6.536978895296439e-5,0.00539768350677972,0.005989330000889415,0.17303298135102949,6.767210770970458e-4,0.00566760037682521,0.011196854581411161,4.992188694871013e-4,9.898431662084654e-4,5.19620441333406e-4,0.00680484824863457,0.001613424204183312,7.76800409284543e-4,0.0027247648419792127,8.237011371652359e-4,0.004746652627407219,6.985855549460292e-4,0.004349453936585612,6.380432500154604e-4,0.001602344640897354,0.0015257727169857647,0.0016521972122830126,0.0017954946185979744,8.463266346570889e-4,0.005400538615946635,9.445864935725814e-4,0,0.0015553819944702676,1.6132941538107832e-5,0.0027383742813752512,0.0036439000277207747,0.005804837157254002,1.8773926890986584e-4
0.1274040184871033,0.048148984008192314,0.025486662020199783,0.008365773993836917,0.16615836551623003,0.00784044923547152,0.15764822054285416,0.0014966819770605903,8.349069845041927e-4,0.0062037822471277025,0.0051470325360309524,0.0019641633134009355,0.008275628591242328,0.024249616335717556,0.002141827598162212,0.16299037143925865,4.921945743388037e-4,0.00306641296335577,5.574064445676513e-4,3.663474332107855e-4,0.0010469650234520042,4.3861919417371314e-4,4.5639022557467037e-4,1.8589247049486423e-4,0.005241138930406374,0.005936444803708739,0.1558489991376563,8.130842756279538e-4,0.00816242269675768,0.012050105335808227,6.3677680390153e-4,0.0010823559703475253,4.773317569817799e-4,0.007473857874162456,5.727689080690416e-4,6.152606336683276e-4,0.0026019111998530613,7.756940981304295e-4,0.00421100629162005,0.0012598994485202922,0.0041609096728362485,6.900670988217662e-4,0.0026728515849972997,0.0010196092220829637,0.0014896458008105738,0.0026051193577062114,3.5116774081812537e-4,0.004140465149639977,0.0020670074049873514,0,8.920111391168491e-4,2.1550654484659486e-4,0.0017691826639246457,0.005178182977862423,0.003881728876913087,1.407734438546944e-4
0.1155768939518738,0.052702191490593776,0.023872789375751415,0.00957649098328896,0.16767197535579945,0.007373411909689656,0.14961866500705975,0.0017904773510060902,0.0015086209567911693,0.007051408220536081,0.003871834336096556,0.0012434621682819358,0.009080358165900821,0.02907526807300491,0.005042674137737094,0.18173435835765983,4.024352983215252e-4,0.0016299271665773509,5.463464771634062e-4,5.023692841477342e-4,7.707375808105174e-4,3.486747244068739e-4,2.2254031209701802e-5,3.7953576859082157e-5,0.0046274480511384886,0.006361491345112136,0.14187561597488,0.001051876525307346,0.00792170247525596,0.01019873468455716,6.738456589226304e-4,9.606040012860862e-4,3.234690135143424e-4,0.00990257332641703,4.799931983715185e-4,1.8877838124914322e-4,0.0022724453305301325,9.249322770317291e-4,0.004870494775796284,3.097644061995851e-4,0.004309907398457323,5.964868600076339e-4,0.00197902114430239,7.719961442401344e-4,0.0017184959432512599,0.002418303276025316,0.0011194001459605594,0.004785879632368036,0.001169084154936029,0,2.1027171569236227e-4,2.0084503757337435e-4,0.0030687217430183694,0.004723277993176376,0.007780174296493107,0.0011527871083606908
0.11870962175685969,0.04522957475073513,0.027628200576954365,0.009833933203858123,0.18146710706474273,0.0061472087980404405,0.1536092017793055,0.002557363347572048,0.0016780947754368612,0.0057975397398748844,0.004100787038075854,0.0019447828212658287,0.009193239487869815,0.021819681402109558,0.003235752138075601,0.13691398171713756,3.063735259036694e-4,0.0032146916167059636,4.3190935607468093e-4,4.2426284143514217e-4,0.0011349514730423058,7.155986432385975e-4,1.0595839139539517e-4,5.075380184716816e-4,0.004782918340581409,0.005256963147680924,0.17856877962022802,3.906210747470034e-4,0.006467039742999283,0.012285697637386038,0.0012133804312656272,5.565580589982519e-4,5.15265787271786e-4,0.009686232958037859,6.423572570027092e-4,7.71610987252994e-4,0.002763783409594097,1.8038246889637126e-4,0.003781261184546531,0.0010504124376190128,0.0035512483851397503,2.3380662418783508e-4,0.0025976739811965463,0.0015683088885968088,0.0021662466331580747,0.004152372342618223,8.836203564354313e-4,0.004207416921192212,2.3371106886651077e-4,3.3421558271774115e-4,5.87466081141878e-4,2.2552242239693617e-4,0.001976512544185484,0.0052391697184522605,0.005819433906435717,6.026557349892536e-4
0.12745016434935977,0.047806528554604544,0.023956839823106386,0.011070038119869166,0.16809298421905494,0.005956158771135206,0.15055038724448622,0.0010803368085702955,0.0014081420938308958,0.0069423994630293424,0.002282035982689418,0.001342284553713301,0.009026346608931165,0.024219525496471033,0.004531463774220348,0.1684292670232879,3.0368262351484674e-4,0.002888068485976252,3.3060837490887844e-4,7.352370362326312e-4,5.640534408859463e-4,6.546099643678284e-4,2.747635358511149e-4,7.467247604348974e-4,0.0032304934163541656,0.004297678909662129,0.1602374212152708,2.9543428915630737e-4,0.00679309302556993,0.011495296380188504,7.810129398636804e-4,8.337062082347949e-4,9.483520614285231e-4,0.007940914515125968,8.167084837821999e-4,4.740369501147143e-4,0.002835559995347945,7.809874569861445e-4,0.0038403418999099852,7.539149102395562e-4,0.003980929967571415,0.0017639604805690778,0.002930435436481405,0.0011012911529704288,7.198481737908796e-4,0.0025695353123672635,0.0011109615286658931,0.004100124460643958,0.0012225737366832572,2.382324331084114e-4,0.0016128942192420268,2.4455385333901355e-4,0.0026753821537454895,0.004845122944290505,0.0037572793315934273,1.2927104916991378e-4
0.12840874202901284,0.049185035376731766,0.02214077835644109,0.010149387152176975,0.1808973414745011,0.007155355911638127,0.14597168532213495,0.0020329552211291626,8.283058861783901e-4,0.006333492587527248,0.0038584437043779644,0.0016292758220226985,0.00972121896508484,0.023154745991320773,0.0024225206572079197,0.15167658950662363,8.502842671562824e-4,0.00229455039284554,5.704018139457007e-4,3.2876465290949497e-4,0.001926418900436043,3.097357656339242e-4,1.1459587181118638e-4,0.0018368217076520266,0.004197478155123496,0.005920329260876946,0.16757530278697405,4.357473658284832e-4,0.0073552559521880565,0.010578421435617482,5.436152072180416e-4,0.0011884239385817443,2.1912222787112952e-4,0.00823873892596092,0.0012635484155304048,5.452151994512535e-4,0.003466912945584386,5.337802367630825e-4,0.003613145636459857,5.002057400849869e-4,0.004246271124901059,0.0010119467793437227,0.002005003773041531,2.95470731766567e-4,0.0011109346260982022,0.002750147911675851,6.961785857883336e-4,0.003988385329975523,0.0010934907425856713,8.750659772946363e-5,5.582050272160387e-4,2.3056170597072833e-4,0.0029370888562163834,0.004050265067335749,0.004336608683413155,6.292436903280207e-4
0.12938991815772086,0.04787858481048527,0.02179424343844809,0.010404727288577557,0.17494510795943713,0.008477857030763251,0.14143259077289447,0.0016176965730577365,0.0011409070332965426,0.0061616744380318415,0.003152215103952484,0.0014094297117702198,0.00944981271210144,0.024764359364044308,0.0015665890931264815,0.15443479780591793,3.3170370579659107e-4,0.0024489638226044223,9.371778239832028e-4,8.83742649772779e-4,0.0010552718189274304,0.0015297521920329463,0,2.8024969467480964e-4,0.005674823644683845,0.005201556615479507,0.16950079251085434,3.64536351192819e-4,0.0060858520778322624,0.012847160985651331,0.0012137126224293256,0.001120034157371553,3.214114762989135e-4,0.009943761739621313,7.330810783247972e-4,6.659353550122915e-4,0.003297087331653234,5.588906099493978e-4,0.004047851410819073,0.0010843314269043942,0.0031977816395537765,4.935518146616002e-4,0.0035350384618980887,8.749642725346169e-4,9.454547166215838e-4,0.002233048499814841,0.0011608223973307678,0.0044766461113955,0.0011860889052729142,2.529586668506771e-4,0.0011561111027457336,2.996919579975669e-4,0.0026867940924216204,0.004455363042503919,0.0038189232332143364,0.0010785686896862456
0.12044608813516648,0.04719222927519342,0.021401013884012967,0.007328094849937505,0.1707573107132612,0.007192065938442511,0.15469906193511693,0.001791059144849706,0.0010731340115856898,0.0060873849581185024,0.0047184140752008445,0.0016288295969683845,0.009266579428051803,0.02501581810330089,0.001429141264304534,0.15923839645266583,4.331583478434068e-4,0.0025363033515868184,4.970080999130636e-4,4.968865236197317e-4,0.0012523238574610814,3.977156987578056e-4,2.291777401090685e-4,3.5726943716443227e-4,0.005175197435140748,0.0045815421771281855,0.17301826725475952,2.1203496965519316e-4,0.007777512555244169,0.010636270587045814,0.0019121785143958586,0.0016772761565689632,2.764193387570779e-4,0.007453432392966206,3.7238799744076986e-4,6.682804179587403e-4,0.002742496529038008,2.0825728744511954e-4,0.004337769124690269,7.66857619968596e-4,0.0037510478741602103,0.0013870635525536626,0.0027622978559889155,5.595096027555134e-4,9.48301029077782e-4,0.0025542145479462374,0.001306831624499631,0.004226050718990114,9.454758790326457e-4,2.4980425737435675e-4,6.207562935042365e-4,1.8756849676081233e-4,0.003271501500187593,0.004532424706503276,0.004862153440554592,5.543534392746111e-4
0.12546428406124277,0.048255372420894546,0.025743084462198425,0.010821130139110702,0.17061443433199575,0.006935987023878115,0.14742397300572194,0.0017380714533776918,0.001043574896781697,0.005871995023454658,0.0033385191434977066,0.0015335718889485073,0.008374305330569438,0.026297744252848157,0.0033829076719107793,0.1655049663186529,4.022308634275624e-4,0.002097147927673276,7.304893211745276e-4,7.46385628905382e-4,0.0012945741842563697,4.694640454240228e-4,1.0001923571993506e-4,5.839143841724944e-4,0.006610428827790573,0.005083631439071645,0.16033222054983098,6.590231426581794e-4,0.007008660918004564,0.007836633558216807,0.0013686118528955604,0.0017786333807909519,7.266946229112978e-4,0.007376867944713988,6.888096643810886e-4,0.0010845128554352898,0.0038477783710381642,3.1412036327032705e-4,0.004814320952455335,4.5422446983067706e-4,0.0029781596501782604,2.7911731226857813e-4,0.0021493991041400206,9.601062178068041e-4,0.0020258242048622446,0.0034017167912592542,0.0010596015145059715,0.004235002235759974,6.148814151108547e-4,0,7.652676765061811e-4,4.465217133265119e-4,0.002877349593661473,0.00516105220129311,0.004201702472404196,9.097796778377363e-5
0.12175870558550048,0.0463741088086441,0.022807569420206775,0.008439816607657745,0.16975994608208717,0.006070891535818925,0.14745769473658463,0.0017193185131077048,0.0012589347280632835,0.005317427563209513,0.003992257855705656,0.001973621240676973,0.00917322850848132,0.0258104547243512,0.001953952164669889,0.15886692506009178,5.583481640707692e-4,0.00253770350497754,6.104013554205515e-4,9.707844250704787e-4,0.0015261956951311668,7.734923228098542e-4,0,1.5078081238623962e-4,0.004133700612088149,0.005798630705501938,0.17442150846973506,2.522138532807398e-4,0.008082666143144936,0.012089886281013597,8.20505917254995e-4,9.039741971840575e-4,2.7399018780503427e-4,0.0072584609524728545,0.001070146382865497,8.006472303028268e-4,0.002161996938114261,5.224394524398091e-4,0.004614581140819191,2.2045275303084557e-4,0.005724847948889977,2.6023096741045276e-4,0.0021203707313632806,9.889315457236466e-4,0.0014217638954101273,0.0026640470409540593,0.0010566977535015182,0.0038906238013312736,3.4819933991448484e-4,3.837899666503649e-4,0.001437780062917036,5.617795453109643e-4,0.0040198451969178555,0.005820220798624529,0.00544542794410054,5.670828292023577e-4
0.11652640920256388,0.048697844644538496,0.029198326854343405,0.010305691265792345,0.17609902737762473,0.006401576565773813,0.15577718800239265,0.001689572868806961,0.0019232516144430311,0.004971465075898138,0.0031052946880027036,0.0031353774310657325,0.008616127302347697,0.02523381920593254,0.0016615923277171036,0.16593210611957174,3.5500282672622387e-4,0.001821887561805543,5.338453554654221e-4,3.816409649177329e-4,7.547945294380402e-4,4.618989333491524e-4,1.4601689384909333e-4,0.0010443565158037389,0.004324186863285952,0.005536572330231477,0.15748502619847501,3.1779257500817563e-4,0.007749028268085194,0.009491838143846184,0.0014516782388177116,0.0010302654429950532,9.142171989602151e-4,0.007899783391386793,0.0014066142085953919,6.941146781683401e-4,0.0030649074751033347,3.862813292666429e-4,0.0038279328661281102,5.969983224132526e-4,0.004207551938273759,6.558285943069246e-4,0.0023295659585805626,0.0013175765722130879,0.0017511026993565807,0.002136473884500939,0.0012104609430444997,0.0034259969560293266,0.001071498665314034,3.723096205009905e-4,6.404866399740097e-4,3.9018128784479994e-4,0.0020066740443604784,0.00574350033312488,0.0013613249692707554,4.281152343675765e-4
0.1285485316962247,0.049889196561167845,0.023480076990620744,0.009648825321515958,0.17592722538651961,0.007433048844490578,0.14717473601536707,0.0011138123277733135,0.0013092308141136085,0.005789583246729549,0.002525723633002218,0.0022611518264138175,0.009312155439291987,0.024715823582846092,0.002104148534269667,0.15184109449869823,5.388318175946492e-4,0.0027424463324490765,0.00035986173701242575,5.795102381115761e-4,0.001577080274554251,5.290152861879599e-4,2.9298136157254186e-4,0,0.005906461964754222,0.003655246620581015,0.1720782971504916,2.0250272675066986e-4,0.00593132625847508,0.011642861352750862,6.816891801043739e-4,0.0015630883373064354,6.381716591925745e-5,0.0061713043855785065,8.704542610796776e-4,4.483184432071786e-4,0.002247534346245576,5.783903032441025e-4,0.002689341725028106,2.1835913702109502e-4,0.006409962087029381,4.799092188753773e-4,0.0031759185779931787,0.0011752360678290825,0.0019170737720959228,0.00154367777953145,0.002014726422527058,0.004250922247062301,4.908799951687326e-4,0,0.0018719464857570448,2.879774949471751e-4,0.0032549201086954286,0.005197798451595305,0.002473734772371261,8.122313934560484e-4
0.1239684392126456,0.04969626128426677,0.023242187358700785,0.00975872286936304,0.17642924171043872,0.006947960437544663,0.1373267338419262,0.0020204508648428675,0.001629817868147506,0.0077100135863592285,0.002143057640969242,0.0012741212995886978,0.009202571796241302,0.024203093995264147,0.0017164799740844745,0.18154413045993995,4.953343967412753e-4,0.0022677968206467774,5.725694234139108e-4,3.5747157167555004e-4,0.002105314398090081,4.184299868973618e-4,0,7.687496394781037e-4,0.005033664572596089,0.0030485933509968462,0.14595777091900888,0.0011719258808262046,0.008266097807601147,0.012349371201499306,6.151191450370064e-4,6.150743092810699e-4,2.4156139334713725e-4,0.009648987222790346,3.488079858752115e-4,6.955116374180325e-4,0.0029688032754751534,1.599510504150751e-4,0.003425980997599731,8.756752037082955e-4,0.004421450484567386,0.0011368976384893224,0.0025728318776267176,0.001416061767920135,0.002563810516421481,0.001631894240395549,0.001172092581988062,0.004036732057950849,3.857154463386022e-4,1.8120735018787502e-4,0.0012182258429189738,2.817006708083331e-4,0.0027247152774682094,0.005597171495186412,0.00705098732656241,0.002386659034427886
0.11668537532202772,0.050461352434064556,0.023817053709425877,0.009639670185441658,0.16995153480624614,0.007569333719118201,0.1584828412009183,0.0014204097062734096,0.0014600893290272912,0.007046932358081017,0.0026318406987031226,8.847424763194533e-4,0.009506943787428265,0.02427746021159729,0.0016707623634343357,0.17195735785790103,6.592972377786189e-4,0.002874763829502036,3.2561210540623243e-4,6.319670687066639e-4,0.001021466735128433,6.679537337266887e-4,1.0300138839564452e-4,9.673593436718345e-5,0.006723165505318524,0.004425094868272162,0.15205725767174916,9.519433990206707e-4,0.006634841608643806,0.013614363253230125,0.0010669982148261215,9.143147678360775e-4,7.055380609343107e-4,0.008738611530050889,0.001688487366322091,4.2645664718291796e-4,0.0026132153281100867,6.262192274777436e-4,0.003641054158698914,9.125092341608624e-4,0.0035135518979844934,2.593016339966775e-4,0.001789359044951097,0.0011823980791742402,0.0011513325143832668,0.003131703437751748,0.0016402651264345923,0.004930655813167565,7.213107565624928e-4,0,8.806418793462207e-4,0,0.0020917149745468037,0.005341134345681062,0.002968146803171631,8.139146519944476e-4
0.13273475219282413,0.04776075669762206,0.025262650873838416,0.009754710346924066,0.1676789821593345,0.007013384280241657,0.15126086714945103,0.0013615086820584394,0.001741281471284512,0.0074233409496075615,0.004711287146564577,0.0011461026886532704,0.007658630559896796,0.02536527833160156,9.894997889393813e-4,0.15983986124073282,3.8391120021056066e-4,0.0020391213926347082,5.090388979142616e-4,2.041744002523026e-4,3.8070064028846286e-4,9.950483415286009e-4,1.6954850663828978e-4,1.7518734712371602e-4,0.003999718420313892,0.0048040319091080565,0.160320043555304,1.3555648906977733e-4,0.006813440925060901,0.012426974910546796,0.0012344800843464327,8.193054325919365e-4,8.820268807464844e-4,0.007569216849007868,9.878491492885417e-4,5.439050198972732e-4,0.0021746334928522885,1.854382594684727e-4,0.0047795931222347305,4.661605072065347e-4,0.0028553886968482583,7.374415481206292e-4,0.002566637433436991,5.717873137797433e-4,0.0016165934551398767,0.002733082576804145,0.001582429895962114,0.004905173338127902,0.0011026772309615392,6.951165348412651e-4,9.427206267159155e-4,1.9370542699693473e-4,0.0023025182614510235,0.005826348921224539,0.0047538184628325856,0.0019125599835469198
0.12493429125698308,0.04906216546278868,0.025911528250208427,0.007636682979825394,0.1747682386628118,0.006210888407804707,0.1448789775518465,8.827334003354838e-4,0.00134589009248179,0.006982419540663376,0.0021104086155424584,0.0024474342608599314,0.00816035148684911,0.021284804966393574,0.0017641387929156831,0.16124790124814437,3.609533117650761e-4,0.0022670314278459528,6.992460844177364e-4,0.0010621235604461592,0.0011282698153300076,6.179732424084727e-4,1.7160589366754098e-4,8.363575661528762e-5,0.0044423606510824555,0.006313982110737936,0.16530435506449873,8.52531191999717e-4,0.0059144226274354325,0.0134089896987222,0.0013370670404727711,0.001374109882138149,6.843057292111918e-4,0.00897905508436982,0.001082210990746853,6.771109068882525e-4,0.0028603010464101812,3.053014264792818e-4,0.004097162666837669,6.039906283881544e-4,0.004759004860831055,3.9548762288124683e-4,0.002312520463145242,0.0013297336294470408,0.001611075984614127,0.002162422145440591,0.001104685726675751,0.005567158567525524,0.0012884975416636456,3.534405017901602e-4,0.0011693226187500826,6.108652389944745e-4,0.0026958060099263304,0.003678860160117,0.006553305185815908,1.508629270124226e-4
0.12047332793109401,0.04601296783189315,0.02451841202351342,0.00909494540172391,0.1771789748123544,0.007364633006655264,0.15832295777159247,0.0018302508112960313,0.001369988489151525,0.006648581125054495,0.0025767083175081583,0.0023833018372498927,0.008973467616531904,0.02253898475372998,8.168963612085244e-4,0.15761249618866036,7.898025507793337e-4,0.00224479755305702,5.049460178241296e-4,4.2035855232161256e-4,9.738021343826814e-4,0.0012836318184967163,6.994733033005531e-5,0.00102206186367205,0.00611184609027883,0.004606681828799688,0.1641973088620027,3.988403230519259e-4,0.007179290436964083,0.01136007002913881,6.346652335024579e-4,7.395287169857197e-4,3.9189395309188296e-4,0.007365125374233492,5.66800765203401e-4,8.678131628374468e-4,0.002313600784365828,0,0.0052455368963200116,8.094286970750319e-4,0.004497890857588612,3.2986165903426664e-4,0.00208095025332128,8.022397022871737e-4,0.001242251213530212,0.002797248104638303,0.001355774693459505,0.004729589620697159,6.953894621075443e-4,3.093473779602311e-4,0.0010013892757179711,6.446548900007814e-4,0.0023531402556990475,0.005914353601339847,0.0032653565182147425,1.6588926047090584e-4
0.12871970173853808,0.050460634237793636,0.02118584966238924,0.010082170911400424,0.167035540254536,0.008482724447090471,0.15324257297607072,0.0016281979149855522,7.896531855585339e-4,0.005816549270413177,0.0030459974550442405,0.0018516993570029778,0.009320905636929172,0.025535733523184452,0.0042175701216808515,0.15024500115169556,9.433194277865823e-4,0.003235587557487405,0.001092240885073197,3.6853202786297373e-4,6.655107807872037e-4,5.271455638431895e-4,1.8212144050174376e-4,4.173215487149441e-4,0.005719181502383932,0.004961719909183936,0.17123127642586797,2.684509546081195e-4,0.006360120566883966,0.013591324274478251,8.273104931459651e-4,9.804381142569578e-4,2.431018892783903e-4,0.00753212516601661,0.0016734048718574106,0.0011781970699124285,0.00249126128607735,4.327127577069412e-4,0.003651588821032783,0.0010065295770486492,0.0029266516153337485,0.0013057493034217948,9.77608330731501e-4,0.0010657610713859717,0.001386092523317577,0.0026270622004831044,0.0013937813316729037,0.004766972291097584,0.0017042599977590686,3.6508573729085697e-4,8.84133564679485e-4,2.881283708590741e-4,0.0021480022445249177,0.0041341316372724155,0.002418592419253561,3.669626048063975e-4
0.11932891997508568,0.04973305776526854,0.02512041113270035,0.010665774975177997,0.17263356716700975,0.008310614722204469,0.14330580392373682,0.0015846041908435266,0.0014884652960183457,0.006865592317301823,0.0033239954360860867,0.0027855995370451698,0.007377695376534517,0.023342474231518407,0.004408386554398078,0.13661569618762917,1.9804970673483222e-4,0.0019690415352150857,9.150556353856515e-5,3.006826229733903e-4,3.632893809814311e-4,7.687775137425664e-4,2.679411154305405e-4,2.9421965693697695e-4,0.004118152515676796,0.009569190265102615,0.187058758764849,8.147742686378901e-4,0.0061192421308867906,0.015793730328600354,5.177299086870785e-4,9.773235102784573e-4,6.587190751364983e-4,0.008290728163015671,0.0015985008573415557,0.0015711625043260777,0.002331884007406851,2.749097870116288e-4,0.004314365625591521,4.977941740304546e-4,0.004071283591098303,0.0012505036036609051,0.0014571315431452035,0.001185055866628211,0.0013596530444345304,0.0015236184860968882,0.0012908511128833457,0.004593409893512209,7.335803330009579e-4,2.612431227288766e-4,9.683430008215368e-4,7.955758185632846e-5,0.0038478871377949425,0.003733838965200329,0.007804413574336412,1.8849737210964925e-4
0.12485861275551043,0.04611704754204742,0.023572962740800486,0.007872352248945554,0.16381604215321224,0.007241949806859453,0.149953897392474,0.0023704098033991788,0.0012909261138371137,0.006945379528463341,0.0029915792367309624,0.001629156352984148,0.00848394891912584,0.025573741506070582,0.0027846091688172848,0.16585522306948436,5.823352688963258e-4,0.0035433743962540658,1.9000105284756316e-4,4.7577516698059065e-4,0.0010909068008056895,8.819260887614197e-4,2.163774753129363e-4,1.3283893313320927e-5,0.006047792764346687,0.009799100727200987,0.14546641786959547,3.8299465725812954e-4,0.006544751391919198,0.01662091601673315,8.65534769206672e-4,0.001159421999807809,4.5135139033101876e-4,0.013484195768473355,0.0016636385176539402,6.375465426265729e-4,0.0024917189171363933,5.669683260736366e-4,0.004279134289353461,3.391354165583451e-4,0.004441110583407249,7.511926660278748e-4,0.004477820421632448,7.445848951473388e-4,0.002342229781367338,0.001989960666609536,0.0015509342545888033,0.004418241538381279,8.13571078144283e-4,1.0896787975076401e-4,6.470869020792282e-4,3.939112857704051e-4,0.002230120519111206,0.0055413645056608596,0.00822756568650529,0.002168899489606995
0.12416659123913078,0.048392553572005934,0.021645308886422864,0.008930100488419421,0.1633655668335674,0.007155896935687923,0.16397525240565114,8.717668404387433e-4,0.0011368232604240197,0.0056684783088611,0.003140873588082056,0.0010903695262780638,0.009528348903179048,0.02584194772288953,0.0023119583923168286,0.16691971729193522,0,0.002981352665934905,5.277485015675738e-4,5.955585940635149e-4,0.0013937308766727287,7.971049612444254e-4,1.5137740429428106e-4,1.980188807488382e-4,0.005403120112970182,0.0038967756732244843,0.16054197291497607,3.809418382815001e-4,0.006224448624024779,0.014392785996743715,7.429469181273777e-4,0.0010987990691710124,1.5336195996250594e-4,0.009524448241366845,8.693554630101323e-4,1.5752404609848978e-4,0.0019105028936893683,3.6520159787825103e-4,0.003982842246942003,4.93102737496006e-4,0.0049174031432115345,7.520375702318725e-4,0.002504594574937666,7.135336449887389e-4,0.0013111112330536597,0.0012285793671396289,3.9262193268461927e-4,0.004715593015773393,0.0010986220187635268,5.373941180675468e-4,0.001725685333948678,2.8903863449935804e-4,0.0028791029588316006,0.0038030568484813806,0.0016144943676962903,5.92554823911426e-4
0.1242475836978933,0.04999752360509918,0.02598443572156951,0.011818474952238707,0.16125737226208556,0.00793375598815347,0.15898830174721348,0.0017244893506810064,0.0015452386134467847,0.006113272148015645,0.003016256864943769,0.00206238351506401,0.008891394398200771,0.024493033180491487,6.971731400446901e-4,0.15410427767849633,5.970032650140433e-4,0.002112925994766322,5.042836215725804e-4,5.594484975118908e-4,7.95497978293755e-4,6.84615092468469e-4,6.840755336829414e-5,5.599794371474899e-4,0.005882783150201129,0.004629661318473039,0.16685281407058591,6.300263528321956e-4,0.0064237339284422814,0.013182771751235287,0.0013786790357854931,6.992927506211835e-4,7.975760553415301e-4,0.009234527066431604,0.0013016213574185858,3.821630072659107e-4,0.002862860129835248,0,0.004840937369181808,0.001298518140226183,0.0033776444617657896,0.0011683152143572874,0.0021495528569089786,0.0016710506211239508,0.00204142519009773,0.0023035721101210896,7.900426489555357e-4,0.004254888612769465,8.89822184233793e-4,1.9770428336157592e-4,4.1258911827574525e-4,7.553171712871192e-4,0.002536878277089755,0.004072265633125695,0.003822883889625277,4.00953939243281e-4
0.11795715179206222,0.04610975006161364,0.024214997988272997,0.00879777736060981,0.17922835227979392,0.007675134861637958,0.14890254896385263,0.0012441516134558135,0.00133943672877363,0.005641622326435427,0.0029984989302045033,0.002012575777555869,0.00996003609325524,0.024030575170630786,0.0024586483821600526,0.17550592888707958,5.231928279489392e-4,0.0027293317879165816,5.135265948566202e-4,6.822608560100539e-4,0.0011153451601494952,0.0015895222258302066,1.0697821836151166e-4,0.0012418112239978144,0.004598321393903424,0.006234392779868001,0.14907739502035453,5.436994998586317e-4,0.007228502856783998,0.009363744947925612,2.4432244444509964e-4,0.0013697891659590542,1.2496383886590362e-4,0.009485928230626462,0.0010950233149380076,7.133966674649534e-4,0.002987432217729692,1.4150332816770635e-4,0.004609902583472197,0.0011178742268619119,0.004126642804405218,0.001043644487714084,0.0029183876803617133,0.0010237532630390392,0.0019141621922752071,0.0023722701381614615,9.96733482255623e-4,0.004751193609618723,0.0013028999774310805,4.63967476322836e-4,0.0012776105938256503,0,0.002396586400644051,0.005137305138960459,0.003640486551387203,0.0011190075739071549
0.1258507658204435,0.04986558387689786,0.023646351181085504,0.01031349106754213,0.16426455597943224,0.007285966074269131,0.1479448094102675,0.0019296944985445316,0.0014410142752514681,0.007265311458513902,0.002434817591096467,0.0011879757528551003,0.008636936362722777,0.024535639579830057,0.001290071996370287,0.15767039727554616,9.250291062428863e-4,0.001559911442978724,5.86053090240507e-4,2.8184451153230106e-4,7.309465327392234e-4,0.0016091738638613765,0,3.5212662539139836e-4,0.005176250757611611,0.004184774099426118,0.1786784919405073,0,0.00548822844003002,0.012470286682379858,0.0012362190031916813,0.0011330574197360977,5.91907347916816e-4,0.009231878837116922,0.0014639364647559818,0.001111662802220067,0.0026796845611810447,8.066135423375595e-4,0.0047667818251833855,7.980738187017871e-4,0.0029372247609556193,3.9536485509275284e-4,0.0021347333168499107,0.0012798293861927522,0.0018978759295236033,0.0019246231833943757,0.0012890078402605135,0.0036648137348039944,0.001279683021679272,4.2628365902915846e-4,0.0013636649347158365,3.549392186167063e-4,0.002190936429058565,0.004082829493851735,0.0022714287322792514,0.0010804465877446892
0.12456505534272559,0.05167016751364305,0.025505532141596458,0.010004305324479212,0.16834351648952323,0.005200409190318411,0.15098947068030516,0.0015865708570033158,0.001535566665083063,0.006818115843898848,0.0035050851472964144,0.0022322759052283633,0.00869254272561209,0.027120963352107504,0.008973641041490017,0.12969240426795725,4.6906302441875725e-4,0.0036068390549456658,3.8104736243402764e-4,1.501125850905367e-4,3.3385119805832666e-4,8.866186049735259e-4,1.086399435757954e-5,5.483235922254435e-4,0.0037803817071689963,0.006536247000787554,0.1782993444222348,5.197093255839809e-4,0.004358177750959833,0.017375792660470006,8.272840822303909e-4,8.514182879959385e-4,2.3693787714850894e-4,0.00971105238247226,0.002040382357485404,3.906835508465411e-4,0.0031382451336157318,5.126558392684852e-4,0.0032271848851254865,7.145260153074611e-4,0.004974071655512023,0.00141591703657242,0.0020695410698073945,0.0018209982824273663,0.0013333975924525842,0.002340031191795456,0.002123316642970273,0.004229300080075038,4.615429087897547e-4,3.8072918652837327e-4,0.001128097150493204,3.496078830479435e-4,0.0029495969639771295,0.00511482215725066,0.003826476100418678,1.4018891440849705e-4
0.12221785801879173,0.05142560205010176,0.021856850247158062,0.009556214424546535,0.1731062502721062,0.006003110640576694,0.14847721368197744,0.0017261646934144616,0.0011715086050462084,0.007236526046980122,0.0031602885920431877,9.962113588697693e-4,0.009314423266192562,0.02429472433640644,0.0028155103122242875,0.15544132318631151,6.753169054922615e-4,0.002863906805364357,7.446654453224001e-4,6.043732313584758e-4,4.5470210542428695e-4,8.664174287907658e-4,3.6880065479416997e-4,1.7733095310483603e-4,0.005662130142159009,0.006109769711408988,0.16532571864541248,2.705729167348805e-4,0.007019594179923148,0.010694183034157355,4.6992079677554677e-4,9.512564784927376e-4,6.757297518643287e-4,0.01091326044402874,8.420957495265121e-4,0.00101081373984847,0.0034467396719558697,1.6015799962620984e-4,0.004759022971505953,7.915618713267676e-4,0.0044830562593083465,4.82149217807208e-4,0.0018177175219460824,9.736430636873232e-4,0.0013824992806338915,0.0028054437495165113,0.0014864177724239207,0.0037024356965992267,9.458940077418271e-4,2.482911560227287e-4,6.79361232369964e-4,9.98284041737464e-5,0.0027853174488892355,0.004370632801678048,0.009079491020056427,0
0.12166804254680878,0.05077726256986264,0.024242993230160204,0.008600348401777902,0.17780117356788563,0.005656429824776039,0.15572738704998285,0.0015061086340171074,0.0015276208656161917,0.00522351304090222,0.002534149911931581,0.0016396160069178448,0.008959969924932589,0.022163347793494933,0.0011008988291388929,0.15688494668478845,4.390409278002706e-4,0.004089486188401481,9.323470529744394e-4,4.6035522419868573e-4,6.030681582331667e-4,6.851606753623109e-4,9.802491326207006e-5,3.3880150441294464e-4,0.004340633031111283,0.0050266276599329794,0.16771069084736623,1.6867124972349867e-4,0.006317548551009655,0.01323797879878277,8.559680269356318e-4,9.775048830051659e-4,2.005579354690148e-4,0.008850914193405232,9.807082419578152e-4,7.062234035385757e-4,0.0025266380869528233,4.7236037568754185e-4,0.003930972806140155,2.2050705800597887e-4,0.0033513320853517507,3.537298156710814e-4,0.0021688062523636917,9.760960155752198e-4,0.0010254237730014434,0.0028955732911432643,0.0011489479326400594,0.004479017967093922,0.0013719551032814537,5.874675130236597e-4,0.0013143418178461937,3.931814924626691e-4,0.0024404565989392135,0.003788294239932374,0.0035207774250104094,0
0.12222089917703131,0.04651585540575186,0.023811868865540594,0.008747834326925817,0.17453748210516118,0.006457314695621133,0.15302421719602455,0.0016086294522241278,0.001982377053793494,0.006337362465646254,0.0032398438782823094,0.0018753941960731753,0.009338400450804144,0.02489804507049614,0.001354042765827641,0.16584689372714798,6.60314608314715e-4,0.0020359177773188928,5.131376931075062e-4,2.2024664125660032e-4,0.001737464472535247,9.248951109639948e-4,9.451026464295154e-5,1.35795223905585e-4,0.0059713351670328645,0.0037951388566323224,0.15742016246611418,2.3140031764651043e-4,0.006288993456713987,0.012343500316377773,0.001460806235202663,0.0014078101364732184,2.5815228870717816e-4,0.00854544321556327,0.001136117334519224,8.684991429219909e-4,0.00374908182166975,6.368258628379617e-4,0.004696979015173672,5.190979056646222e-4,0.0037200419551874074,5.129525943480298e-4,0.0020815141509263036,8.633919989233278e-4,0.0018258759172313226,0.002347517048432572,0.0010312261957039156,0.004675079183016486,0.001017265188128614,5.638615244492554e-4,9.455486006400478e-4,6.525362893296489e-4,0.0028865400202969,0.004420874286510778,0.00490218133087388,1.0550755235314019e-4
0.12073540762513908,0.0536216472626972,0.0250727586565502,0.008456888952400505,0.17055721424706305,0.0075910337559939225,0.15099177086375523,0.0012252858102343603,0.001237943516185305,0.006163463248167337,0.0020289443752378876,0.0013211583314338628,0.010417002479125212,0.02596415164085119,0.001463844436754947,0.1651773567282029,3.645506330564819e-4,0.0020687118632371137,1.7462739523338032e-4,5.686081077639424e-4,3.976557040914585e-4,7.720637707273995e-4,1.4750760895113592e-4,6.324691751283888e-4,0.0041220529259865454,0.009810591956625397,0.15033617463911897,4.113413887247253e-4,0.00800484303480953,0.010381136991512578,0.0014480496178892602,8.88088767107812e-4,1.2497380380300258e-4,0.013863221031452046,0.0014119418801012017,0.0014818073678336784,0.001816251084631606,1.3513286839356937e-4,0.004137466697680512,7.403048264432679e-4,0.004147108147234387,6.176253627717683e-4,0.0025334976692110516,0.0015814061371860729,7.422934264420622e-4,0.0020209480783165835,0.0013686247556069096,0.004869383222373153,9.571348476504663e-4,7.024105607539642e-4,0.0011412554014905375,3.223410914041525e-4,0.0026295230604769086,0.006822836212123884,0.0032355369587427248,4.2629998120188024e-5
0.12199964220320626,0.04807440304408765,0.02540604103184105,0.007764919765292242,0.17104577467083235,0.007069056414339447,0.15068110403220464,0.001217639101058358,9.857234226781097e-4,0.006306102872026545,0.003655357158174754,0.0014949974125880972,0.010193338431980623,0.025727986110035475,8.03225302098803e-4,0.17684497302032678,4.3689650256449424e-4,0.002520471363497651,5.70712130006336e-4,6.079864879248799e-4,0.0011206712334144665,5.366025982300683e-4,0,1.0482995939024991e-4,0.0051558939377458835,0.004337659089454154,0.15735680536367225,5.40683958792178e-4,0.008054626244604584,0.01068986019284356,4.397956928715385e-4,5.97761751273089e-4,8.808998051164553e-4,0.007704764517040273,0.0012274176400013908,7.172993724639037e-4,0.0034254060314299786,0.0010194053416412085,0.0038387050570834157,6.877783339178925e-4,0.0038452033619549527,9.08336131064132e-4,0.0017219383202961443,0.0011857494496124255,6.919591343523789e-4,0.0013523789532216563,0.0010362613078918974,0.005097584361883463,6.701542453877219e-4,2.429852100192399e-5,8.697890282269615e-4,1.5856829179619313e-4,0.003099871291333474,0.004320876287878629,0.00290691542864417,2.6689928770280507e-4
0.11897586499761692,0.051801108013159014,0.02341561911450071,0.009612804986418156,0.1608082814629234,0.009733000740202792,0.14009097240141308,0.00117682729438594,0.001123697631396564,0.007309425926119229,0.004458678767235646,0.0017885676492192606,0.008191704926815448,0.02279537082802476,0.0010179615365525751,0.17310014847271077,4.844117090098489e-5,0.002615776841580816,6.074134912040098e-4,7.348957488785959e-4,6.355669792026348e-4,8.176671002902459e-5,2.5117630044555644e-4,0.0010462552333049713,0.006188561263626449,0.006644771539690263,0.16261193374757427,3.346287118496628e-4,0.00650355543168507,0.012999601261030223,8.315241301888211e-4,0.0012332301065581816,8.332968845468478e-4,0.00919538730305292,7.614437123469682e-4,7.06117284389023e-4,0.002375617188793644,8.685209764425478e-4,0.0038240275499585048,4.457533890239335e-4,0.004024266708516761,4.6637062964744196e-4,0.0019187457290741152,0.0011474658623117215,0.002774131723840095,0.0020328255877632164,9.829723077493992e-4,0.004306553666109447,9.69471225437984e-4,3.5539497127890353e-4,4.0214873520023496e-4,1.0234302285778995e-4,0.0034330774114775826,0.005928244426831591,0.011876537093857593,0.00150015319304797
0.12356639810080447,0.04999479719472829,0.022681267548756174,0.009350309075051333,0.16551127792390777,0.0071864849999417986,0.1584430314236626,0.0015882301495150023,7.624754049003351e-4,0.005972906278500923,0.0037414558851683755,0.0015164277040710457,0.009159575743841051,0.027018406391784988,0.0032474987248856135,0.14613507400944675,6.594295191814147e-4,0.0031493629426644354,4.411193681513314e-4,3.1535900152161717e-4,8.85722263622498e-4,0.00105658328068968,0,3.866926483523626e-4,0.004294091588786268,0.005142145206258999,0.17741527532318765,4.437464739895599e-4,0.008180180038545775,0.010204749408747061,0.0010960636133668118,9.815638487646443e-4,4.6016907290277867e-4,0.007397626399865178,0.0012065531839135996,9.913518741345908e-4,0.0026779840259624293,6.225701714187175e-4,0.002973548200494131,9.366172371211746e-4,0.003486284034230207,8.889905696393186e-4,0.001591877044023614,8.323161610905831e-4,0.0019418525424935622,0.0019178747724068633,0.0012897333842627871,0.005087249554202195,0.0010640304937356295,0,9.940381310835462e-4,3.9399058035293985e-4,0.00277140311518619,0.003686155664104811,0.003206374028750773,0.0030537086738277445
0.11814305614929438,0.048822922750713295,0.0224399028620323,0.009502710998328086,0.1765381350968639,0.007861497600942742,0.15091529689397892,0.0015284202602254124,0.0011759222973224109,0.006294561766183764,0.0052233431066034,0.0018322232881156024,0.008570515736650727,0.02422968161550474,0.005265298905763269,0.16212747289087795,2.277036840341747e-4,0.003433880230141969,7.018704059076048e-4,2.991861507407624e-4,0.0010292107471079504,5.589180478950026e-4,9.344313916987761e-5,0.00043424446090032114,0.00522562330381242,0.0047694342360558965,0.1596585815831149,2.1203577398907464e-4,0.005953276051746071,0.011966463869531489,5.104176585919062e-4,8.689601796085637e-4,4.4459620028149165e-4,0.008954111492888165,4.916689619059553e-4,6.00411061656658e-4,0.0028569715797303165,9.315466694071164e-4,0.0048170809368310976,0.001674432490282573,0.004534848024630887,4.795381763428456e-4,0.0012890745793970179,5.527497073426536e-4,0.001960318236635726,0.002641352269505441,0.0011408927730274052,0.004749126029842081,0.0010259829188659056,2.1548613619994924e-4,0.001339714545222216,1.5269356436022326e-4,0.0020222518713163854,0.004880550901805514,0.005533235932077952,2.971531986955549e-4
0.12624724748365926,0.04216199261108612,0.023951229269455438,0.008675615455846376,0.1793323438301705,0.006220907371617599,0.14278946566595163,0.001814502671928454,0.0020799781026627122,0.007265531744291913,0.001757991490521102,0.0017488712346905417,0.007821761736395287,0.025363333563374165,0.001600759676757649,0.17180605670298485,4.958283541622822e-4,0.0023835538932429055,6.004040957143255e-4,5.283820204723869e-4,0.0019869400535071267,2.2731334693860863e-4,1.723300006509705e-4,0.0013228138123616649,0.003531382637875874,0.005235786493164892,0.15791899685881738,5.519645324495487e-4,0.00605354051208937,0.010636869134541963,6.489176741621868e-4,0.001069320914914386,3.0972654869634993e-4,0.008707901071511518,0.0014633964944568874,4.811396072709162e-4,0.0032091558780635325,7.729817955127389e-4,0.003845935597765577,3.380059720747529e-4,0.006560373349413096,6.366436324515251e-4,0.002839058754238095,0.0013663842262882976,0.0016912317234154435,0.0020898320835354275,0.0013550232705808257,0.004854948277401172,0.001349319495618087,3.6081306521813057e-4,0.002172026640586264,3.9592504865788397e-4,0.002997313284308482,0.0043085684100972995,0.0035241377189851753,3.682251073930663e-4
0.13057125440238115,0.048726602766310814,0.02109911991781862,0.01070591080854643,0.16447426074173077,0.005647278468989351,0.14333829944205195,0.001089796144800827,0.0011459661149410005,0.005474974813673139,0.004631691659700419,0.0011805213861270437,0.008785139068570771,0.02364056132985463,0.0012752322274479616,0.16596892165644753,7.341899005741055e-4,0.0022873346446392693,6.555540235179194e-4,3.9411915008794886e-4,0.0011224197494786954,8.033604925082547e-4,1.2347959471209745e-4,6.157331970057247e-4,0.004597949008671032,0.005100023613867024,0.17259256611606705,4.926990692389148e-4,0.009918744729070766,0.01080730655355169,0.001051637574712857,8.71511217421731e-4,6.765836186164233e-4,0.007538672315634472,6.206278324737892e-4,4.3846301475567514e-4,0.0036090688627352266,1.8852961062779217e-4,0.0036173307719763502,4.736133348286072e-4,0.003401157551398907,0.0014865316781542666,0.0027687159973199373,8.886383497351048e-4,0.001691534813046261,0.002069443399587635,5.912955724747106e-4,0.004868381452673757,3.7586890669638357e-4,0,9.94947319558417e-4,6.975911557981766e-4,0.0020866943163773194,0.005927604566109192,0.004345787240085954,7.187587348181724e-4
0.12828411069032253,0.049702772471797926,0.02497294652946703,0.00679921203269902,0.17882999570911948,0.006239476083136143,0.15060135648962839,0.0012048554716323871,0.0010953085353782748,0.007188441398839983,0.0030147295614993677,0.0018924858224125866,0.009084251270451938,0.02341398256624036,0.008168472477895187,0.14577276637543957,7.782169518491893e-4,0.0037372947022431963,7.265762673291751e-4,5.409815055275078e-4,0.001020341921703368,4.027733339131458e-4,5.22121120646276e-4,6.374496584826478e-5,0.005090234968229581,0.005474063132203497,0.16310642007913476,3.1878903867655814e-4,0.006593810920073035,0.013895276036202359,0.0010432132712634061,0.0016677150748689168,8.74641686867245e-4,0.00952922656936672,7.530563517543608e-4,6.807510498426576e-4,0.002442664320994581,7.852621530211586e-4,0.0028826867909198125,6.751294389061238e-4,0.0034320058895886568,4.8811038527401537e-4,0.002615914680577293,4.5305621622172175e-4,7.842369608112742e-4,0.0018560441143143818,6.031554517436562e-4,0.004074144496385438,8.544876687331743e-4,6.775207850064568e-5,8.663245479187672e-4,2.7039439138816176e-4,0.002042961544608355,0.006025321655343514,0.005210199510941578,4.857352703042953e-4
0.12273098037210542,0.05046538493315479,0.024458039082634834,0.00988962166844498,0.1884712963147786,0.007202601408024515,0.1505553122291692,0.0016767817800541294,0.0019306411977737148,0.006466681290054249,0.0030225304565440862,0.001238661102544339,0.009384134345863916,0.022287975310976958,0.0041109347614708145,0.15253116319541946,0.0010668583769096187,0.002653896254753777,0.0012394722905040298,5.099565291829427e-4,8.044015070841469e-4,5.163088278554648e-4,2.0940619497647787e-4,0,0.00773003130097502,0.006139315583027755,0.15082907857453542,4.24303867088248e-4,0.006585173983417892,0.01049559996146498,4.803062878255105e-4,0.0011877525574870867,6.459307919727001e-4,0.00989323812595944,8.68140558390066e-4,4.799776352154623e-4,0.0019868599761509093,3.7573265591432485e-4,0.0035137431302548635,9.132702950539707e-4,0.003273742110726299,0.0012740169407701176,0.00209146976091487,0.0017305285238673523,0.001938533336228627,0.0016525107208618733,0.001091800914732197,0.003996168502759624,7.418091166355944e-4,6.36343758758867e-5,5.585115954572477e-4,2.7971835176685803e-4,0.002841792621282423,0.005277943946973954,0.004137174113045558,0.0030791503530873707
0.12737974594158807,0.0489754774678701,0.02573139936255257,0.011696961914937127,0.157774576095716,0.006343712364172582,0.1552822119370605,0.0018482051829444518,0.001297879307921298,0.005464709055488128,0.003551245715431611,0.0015217523132944287,0.008951168850884853,0.02590225546458204,0.001879934079632024,0.17166996400996917,3.64875785749015e-4,0.002221912679323534,0.0012218262434491628,6.760583014117482e-4,0.002098913857275447,5.591518618916377e-4,9.247583366252161e-5,2.798187361217721e-4,0.00394173699255235,0.005790646786595645,0.16039667942085467,3.8722108350506385e-4,0.007991357155207544,0.012987518445562415,7.687998219232818e-4,6.268051725074052e-4,6.807853795762411e-4,0.006992664535518376,0.0013643936969681694,4.765792724967277e-4,0.0018339976298463088,3.635398490968327e-4,0.0041725657055767685,9.958773848797245e-4,0.003223311835845161,9.044839974469246e-4,0.0021733392337339435,0.001217460350688511,8.885408607546417e-4,0.0014659878974045432,0.0010584576774603468,0.0044455392775361495,0.0010673909179921457,1.7289656954084736e-4,9.525670183057068e-4,2.9708101263317964e-4,0.003276525914751406,0.004099839483912054,0.0020527929632846893,1.4638429311244436e-4
