i2_health,age,household_size,cantril_ladder,r1_1,r1_2,week_number,hl_covid_num,vl_num,region_Islands,region_North east,region_North west,region_South,gender_Male,i9_health_Not sure,i9_health_Yes,employment_status_Full time student,employment_status_Not working,employment_status_Other,employment_status_Part time employment,employment_status_Retired,employment_status_Unemployed,i11_health_Not sure,i11_health_Somewhat unwilling,i11_health_Somewhat willing,i11_health_Very unwilling,i11_health_Very willing,WCRex1_Somewhat badly,WCRex1_Somewhat well,WCRex1_Very badly,WCRex1_Very well,WCRex2_A lot of confidence,WCRex2_Don't know,WCRex2_No confidence at all,WCRex2_Not very much confidence,PHQ4_1_Nearly every day,PHQ4_1_Not at all,PHQ4_1_Prefer not to say,PHQ4_1_Several days,PHQ4_2_Nearly every day,PHQ4_2_Not at all,PHQ4_2_Prefer not to say,PHQ4_2_Several days,PHQ4_3_Nearly every day,PHQ4_3_Not at all,PHQ4_3_Prefer not to say,PHQ4_3_Several days,PHQ4_4_Nearly every day,PHQ4_4_Not at all,PHQ4_4_Prefer not to say,PHQ4_4_Several days,d1_comorbidities_Prefer_not_to_say,d1_comorbidities_Yes,vaccination_status_1,vaccination_status_2,vaccination_status_3
0.09911785707542427,0.036701200806417186,0.018721044523072272,0.008918264450577851,0.15927782475100016,0.009886158025035714,0.09140088263080441,0.003324625429198644,0.0031436423296422023,0.0034234196366363873,0.003578150993730372,0.002258623590500068,0.005434034364185751,0.024793583554834752,0.025627053245411223,0.15474507813159835,0.0017578840234296106,0.004433846631822068,8.725216609602081e-4,0.0016753892574351385,0.004719913887084121,0.0015358796162509133,0.0014518190028615105,0.008639191380004742,0.0076869800340087155,0.02253229171574922,0.1666138071232384,0.002371929207280022,0.012296319413691175,0.02547386061153867,0.0022520545207462676,0.002355643695528344,0.001437745981923258,0.01679937962782715,0.0024369944120287133,0.0016094193440942784,0.0022276109177824604,0.001032256653005405,0.0026141788944631294,0.0015475433682331334,0.003379120933582754,8.256728313054516e-4,0.002406094281291133,0.0018550279379064482,0.0029712949282570023,9.696806249617779e-4,0.002045209709578374,0.0026711766909343453,0.0028061287105040095,8.185474812264133e-4,0.0021124512744762408,0.0010747982578017225,0.0030080305677413575,0.004472846494044407,0.014186854026375867,0.007671160730956354
0.1016931641536043,0.03426314465004378,0.01887869997204222,0.009806391149938287,0.1460764321161324,0.01023618757352391,0.10177738953433874,0.0032514164628262895,0.0030568435911324534,0.0042083629202639234,0.003580825749718718,0.002227279888371208,0.005459700311641985,0.023778444605431347,0.026549470272241384,0.15982532326425858,0.0014913368313663857,0.0044055269076020065,8.58836150929019e-4,0.0015925814599102607,0.004541778667095656,0.0015142501687474444,0.0016734848808109474,0.01152143591246719,0.007967707882272164,0.02124992615591899,0.16535996486917598,0.0019407125467057536,0.008308968208637123,0.023355372837402334,0.002157179561044329,0.0022316257440834256,0.0013105100960057827,0.015826463117983875,0.0021835490566686033,0.0013789431152449346,0.0025980726874929552,9.85166117426426e-4,0.002980661366100641,0.0016412260596013065,0.003814850336656294,7.231755495415729e-4,0.0029095241038297336,0.0019621508417633545,0.002879997962541165,8.403360373001067e-4,0.0018600851474360985,0.0025549948659553453,0.0022401238471709793,8.362652168461419e-4,0.0018637850707726009,0.0010447928599849016,0.003432044776757856,0.0053027982076862285,0.014725095697959299,0.009265622861595326
0.1061153466446317,0.03819307282760209,0.01829255903636574,0.009699930912807044,0.155182452203487,0.00889658332728249,0.09598092208657372,0.003163144116302283,0.0027717789231224265,0.003378392214553467,0.003608798189191954,0.002173733838018099,0.00495053124351797,0.028899461242504188,0.025194136990793793,0.15091482431306938,0.0015811632901253452,0.0041732758981098414,0.0010283464466590976,0.0017345627729285628,0.004896958226241866,0.001550504596928737,0.0011593770321293218,0.006755849704662877,0.008163458580671733,0.02207706928341551,0.1691641991485481,0.002162717510104263,0.010710124543202061,0.022363859516633198,0.002116583820851567,0.0021195464810253354,0.001133735895090182,0.013923007726662327,0.002143925558670837,0.0015227555664516822,0.002443672294912688,0.0011239311800661893,0.0032301425344486217,0.0015207112789835922,0.003399017363407334,7.912884693151084e-4,0.0023825641891627616,0.0019805650634344965,0.0028620031885338553,0.0010543590393049943,0.0019877831576509413,0.002566205589285706,0.00228048990450445,9.049196190056541e-4,0.0020784815256372265,0.0011404241965074144,0.002849533624764336,0.004452128661827968,0.013528458821092196,0.009526630589218748
0.10131267471904525,0.037361559605214034,0.018747632308904187,0.008717172566170061,0.1641244966679182,0.009855531146725093,0.09364347774946587,0.003333945119691145,0.0029591696673209617,0.003830493899728853,0.0035509177689639826,0.002195091372321974,0.005707750721574623,0.02380314759016746,0.028564089359228047,0.1488601613308682,0.0014752133845962814,0.0037364855670581607,0.0010480789488428019,0.0016879779527628012,0.004475371503072798,0.0014841101500357415,0.0013006028425780966,0.008350943282337119,0.007014043236984352,0.02795973085371904,0.16248862658082835,0.002053108005424688,0.013010618604559682,0.02173393512473137,0.0021676062390916,0.002217567507870839,0.0013421098438237457,0.014082691239627248,0.0022380878273475136,0.001419948251317177,0.0024289182791721485,7.457578945810679e-4,0.0026301797360851194,0.0017417547147296482,0.003495031883536152,8.753641658383373e-4,0.0022344428514536343,0.0022233946300633414,0.00279864677826196,0.0010040789979833468,0.0019130823012025245,0.002859979325038108,0.0027731039544895276,8.515453776598501e-4,0.002058476027012689,0.0010831298867438142,0.003657555438549359,0.004316380169995629,0.015058907625124072,0.007396101422562359
0.10723697199846069,0.040591902134008685,0.019019116809204834,0.009521467044643975,0.14657141895023887,0.009513593445513837,0.10058113297899468,0.0033993666173490244,0.0036187504617161267,0.004041226805358381,0.0031218534350403873,0.0021599714216591044,0.005281972860093788,0.02567776835000143,0.02690636534527423,0.1438279044350687,0.001686433931205425,0.004226043347321398,9.243737719439421e-4,0.0017847171576935918,0.0044334964054256465,0.0015653253768836144,0.0014852756478315643,0.009241276661186015,0.008616900997020553,0.02461523270960004,0.1664767707007316,0.0021576566285877955,0.011502404994490279,0.02276386174563813,0.0020230117699025886,0.002084559281970415,0.0012281280917004185,0.018130670024990723,0.002215386093652202,0.0015116165645883035,0.002297030192540439,0.0011975467901911383,0.0026995525429851963,0.0017016170960009237,0.0034350443396907065,6.021177981461228e-4,0.0023438460588342514,0.0018384301216759938,0.0025902109370380356,8.663240896961906e-4,0.0021875255738076213,0.002609881732643815,0.002174899289290017,7.262609989235523e-4,0.002161319599062904,0.0011153359720267272,0.0034242431463692314,0.004301494052621615,0.014095681394104657,0.00788771327935978
0.10312063236480046,0.03742241599875342,0.017244814936021893,0.009692562596509267,0.14990550855498053,0.009003749719588129,0.10011394671143066,0.003707160913023543,0.0031168146549733133,0.003384288887543204,0.0043291919362667425,0.00197700247322493,0.005070954166798795,0.023915596703495332,0.027170284235615037,0.1673234101243093,0.001650011264416724,0.0037139229063716923,0.00110017711658054,0.0015249376077004712,0.004534123727004908,0.0013667381515731645,0.0015821588530684039,0.010187500276977806,0.008249826330093494,0.020389961225994402,0.15346101455954964,0.0023139876167243716,0.010360130338426645,0.023661813011323394,0.001968981247783664,0.0022627948530332376,0.0012627692636304657,0.017801344047442238,0.002528064152819989,0.0015940328573997298,0.0025342766528867375,9.16155165397705e-4,0.00260326583456955,0.0016178902496699354,0.003006694187673483,7.303944405227392e-4,0.0022979611579417034,0.0018828278609680262,0.00278702593908476,9.397295109745123e-4,0.0020268198383232624,0.002725000544567738,0.0024389541595780185,7.611630691382445e-4,0.0019522150314502196,0.0012655580987199627,0.003131688775463914,0.004388589863701658,0.015210559013074958,0.008770606221043347
0.10515675718894953,0.03670941352938119,0.018488723351762784,0.009081439108552549,0.15654274580611824,0.00933520371627171,0.09297714058694928,0.003291870899802561,0.002750333445099431,0.003981384308047955,0.0033026008377156266,0.0019877275155673764,0.005914564572378794,0.026360678374535672,0.029838499123858376,0.15931171085589096,0.0017776915876081818,0.004100384900401249,0.001032128837532548,0.00174346420382515,0.004292292197916845,0.0016906071422174466,0.0012276816680307152,0.010553118119216479,0.007569263643777033,0.02181942960031538,0.16110202675296292,0.002276506019743495,0.01178982884485052,0.018914834343720557,0.0020525015000218746,0.002074413664637783,0.0012325354252524434,0.016081754686704277,0.002058975664139832,0.0014907373554211966,0.002471583340756265,0.0010948843453120743,0.002625391794890097,0.0015287867850697215,0.003196851696226599,8.870647656075984e-4,0.002301757866613813,0.002127914054191911,0.002846508592640273,0.0011927012537252125,0.0023209436488379476,0.0026821380787892344,0.002521706373860576,7.755149672927067e-4,0.0021454442118808937,0.0010053846852966482,0.002879666563340811,0.003723001151657529,0.014036006114190404,0.007725780330641629
0.09945838558466577,0.036778466759140545,0.018744756150163924,0.009170175421868215,0.14607984075919084,0.009273295272103528,0.088677811436143,0.0034694739095515524,0.003013454507111517,0.004133335635226915,0.003729402055907864,0.0021244690568792027,0.006560156475482233,0.026186567803370923,0.02660106067896017,0.15111839114905679,0.0015427734193534071,0.0030865747555043404,8.719210913699367e-4,0.0015873448161485798,0.00435452842289807,0.0017141161764421735,0.0014105965456452383,0.007061191232952016,0.00914292643143963,0.025603117153894187,0.17876245482893108,0.0023316052150321657,0.01071389479729002,0.025235074911738185,0.0020730789580367818,0.002331935385892519,0.001272919817298016,0.017623150041694038,0.0022183462977411225,0.001615423692288821,0.0025118688503677103,0.0011832360708533714,0.002647249399174419,0.0016333718443102265,0.0032479762810324357,6.8023035507893e-4,0.0024007117163284877,0.0021879780768872827,0.0031646224144904964,9.76921926093011e-4,0.002245985213818683,0.003025867120480632,0.00256135010297188,7.409737369474837e-4,0.0020918882586800193,0.0011506397474086696,0.002738593612376314,0.004104421582383206,0.015137809999889687,0.00989628704401369
0.10093698670757502,0.035866534418052,0.019039411037756897,0.009575978918384657,0.15456642967130713,0.009027935623302959,0.09984100526133291,0.0034480242590751776,0.00299453730207776,0.00363233258992506,0.00501803196397764,0.0021968721667321093,0.004406733489276651,0.02428572654324403,0.029104894240694484,0.1445318929253963,0.0015767104165604153,0.0036503799246868996,9.774881513933615e-4,0.0017159899140206352,0.004261469271104912,0.001601279041778018,7.418637295186271e-4,0.009435587538929395,0.007895153919306026,0.023377077863060727,0.17441369743294752,0.002303192274000035,0.011825977641365983,0.01746318085004613,0.0022534868210005656,0.0022950867032331622,0.0011851803538774769,0.01921488696699935,0.002204907750092608,0.0017130788685711892,0.0024752654974861802,6.922512390420515e-4,0.0025274905286385126,0.001678245489979991,0.0034967138428218616,6.052964895995406e-4,0.0024062002213567205,0.0019031760369795972,0.0023164766971758306,0.0010058925951187063,0.001771314684869093,0.0025567320156835,0.002320698591868958,6.755233512996865e-4,0.00210848205956382,0.0010335952304973525,0.0035195961107639733,0.004109876518300114,0.015552199655743112,0.008665970592607661
0.10373406223448005,0.03633311999748033,0.018821814682840415,0.009615470020613881,0.1545191239240675,0.010074886531611276,0.09557367453042269,0.0035663261155546603,0.0031865920075654867,0.00375461270722463,0.0035181181639808317,0.0020704326518201583,0.004849072607511092,0.024066543277981432,0.021345349384894963,0.16254233754791586,0.0015470078064926038,0.003431348699355566,0.0011530752245098236,0.001609120169799893,0.004469769331441018,0.0013593104079043128,0.0012426164471135367,0.008161341829277123,0.00766179636883443,0.02462113778400633,0.15951988627571623,0.002227505794410496,0.011048197784621903,0.026562356408166937,0.0021692639652511557,0.002127302504098211,0.001391478273463166,0.015895134062285918,0.002306451184748224,0.0015728381452700829,0.0025873734696228684,0.0014830287674497808,0.0029911406820250686,0.001727515978890098,0.003500405823941569,9.522895872351726e-4,0.0022037998072272687,0.0019113938517387468,0.0023923495139971753,0.0010347726120984704,0.001969876102035029,0.0026639200781711546,0.0024570622286916493,8.125549577008946e-4,0.002201141272949487,0.0010431618106121702,0.0031914354796903095,0.004155721585260464,0.013949052736235345,0.009123528801695003
0.09996511650392392,0.0366031866491125,0.019237749582792514,0.008905084916810307,0.14630884981885803,0.010223106465817332,0.09775378672111157,0.0035773548347379325,0.00334786833972807,0.004070132024249218,0.0037692764212800766,0.0022548617647881013,0.004970680193799099,0.025707307986066987,0.029899917762781197,0.1600335515417155,0.0016135943712091221,0.003756551614992089,8.209975983903007e-4,0.0016024887478532505,0.004799888652905457,0.0015633538329935628,0.0012082122857665386,0.007826070088429374,0.008505761519568857,0.019530770621871148,0.16725580511327431,0.0024143590689127857,0.0120905223394828,0.019827499923525043,0.002536230381096507,0.0023026892631034315,0.0010443612748597783,0.0164819513034617,0.0020990755669468837,0.0014935919408436578,0.0024698418590317728,7.861911611555169e-4,0.0026331391443207798,0.0016551340112942784,0.0034233831992330974,5.030445589468262e-4,0.002543170635085183,0.0019814903058903207,0.002950961106922617,7.908408343805236e-4,0.0021354220369520943,0.0026826483485430028,0.0024249774723289637,7.552107893613454e-4,0.002140403323770759,0.0010293866190206398,0.003213212169852297,0.0052104796602146465,0.014585515435964671,0.010683940290671755
0.1031647569532788,0.03607187897989023,0.019792880016171254,0.010285617675401188,0.14423404219861682,0.009583994210305192,0.09925755969445432,0.0035010810071068885,0.0028672939877541154,0.0038668186352557215,0.0036486247336768077,0.0029371132745169533,0.005114980707048998,0.02171333967490592,0.024304055791541133,0.16553337601751922,0.001511200149898867,0.003930225596141832,9.587066118545979e-4,0.0015434301667411182,0.003954788365950773,0.0017568561976789064,9.98027713661191e-4,0.010199028668704221,0.008234898376399942,0.018780720966230638,0.17185149179684786,0.0021741719516457938,0.009143528891719809,0.02077366382870064,0.0021615323807263323,0.002122591793840032,0.0010213099219643792,0.016255629259916398,0.002300000491002759,0.0013968197849084346,0.002637252434661331,9.496105620096914e-4,0.0029033901441179208,0.0015256978334414015,0.00341411389040915,6.991795744773264e-4,0.0020380552701914126,0.00196896745050731,0.002387292660564204,0.0012944497220491234,0.0018622656952497472,0.0027772378453787432,0.002703309077392411,6.033560082399647e-4,0.0018678644164741157,0.0010459308896648481,0.0026151542903930453,0.004050147376721468,0.016057170899339418,0.009653517486739224
0.10324756565138205,0.03432158325279413,0.017910974828406367,0.009783347597792693,0.15394255822480146,0.009716205292251817,0.09565000216542158,0.003419010936018662,0.0033562123202761805,0.003476301711676157,0.003475412051700176,0.0020277157599954613,0.0052245618148026255,0.021754556833917797,0.023899910091059167,0.16362398459907954,0.0016318633730569479,0.0036688070922087307,0.0010145159439320897,0.0014499755243324816,0.004485220719441934,0.0015277086617343431,0.0010175562372144742,0.008714113200215786,0.007529311486278274,0.02486007999392695,0.1631975205319813,0.0022312176577466347,0.009559208251258186,0.02249256863045656,0.002293493813307072,0.0021025480409876274,0.001172212074397337,0.017444353883073374,0.0024176038047948848,0.0016393085505958817,0.002161887789391929,9.839604748578075e-4,0.002817108288972161,0.0017397232431099728,0.003429703800759008,6.544868439352974e-4,0.0024899847676187557,0.0018705800681756402,0.0027384327011537486,0.0011906387323684562,0.0018351521830775874,0.002793261427228088,0.0025511983686288407,9.030966922210234e-4,0.0020256939753487777,0.0010761405992721896,0.0032604591866869414,0.003907976226321053,0.016911983529114053,0.009379440499441852
0.10247984372783572,0.03384355939228298,0.018763904376163085,0.00919315104601383,0.15552558261775942,0.009469234623912222,0.09501521108039905,0.0036235893183042224,0.0031244085549451605,0.003620194888177877,0.003379310275735608,0.002318973904464641,0.005687268719656809,0.022746772901897163,0.022925668609917738,0.1522426177146942,0.0019132344761635188,0.0035282835281037527,8.931533079865342e-4,0.0016876799431695076,0.004440034985585538,0.0014511759882481978,8.829939115241251e-4,0.0058853077379985895,0.008233209988515618,0.022939598067982375,0.17955474640046626,0.0020198280184295578,0.010939837864177597,0.02343096765229054,0.0022061974884969235,0.0022412714886209696,0.0010801267076668004,0.016264750725687564,0.0023691151631038214,0.0015751491321166502,0.002379870930043978,7.436247139600417e-4,0.002819802279928146,0.0016535898366845144,0.003366083772086614,5.660586105915005e-4,0.0022985985047822444,0.0023360687818326027,0.0028000640084826374,7.904764719667025e-4,0.0020745991368529225,0.003085790936835442,0.0024586676616679152,6.270175780107701e-4,0.0018984183533791647,0.001173423731419647,0.002925993629329645,0.004248661326930021,0.01405559835994004,0.010201637046781313
0.09948010358338678,0.034855477182665025,0.01864532540847824,0.009483614136279569,0.15206043030588706,0.009558095652396233,0.09816047352555535,0.0033811379190831804,0.0030539703783700315,0.0038826832299914873,0.003950099022031471,0.002136073390901816,0.005959860327928168,0.023986622705546728,0.024281589131577852,0.15056713821846412,0.001526198065543191,0.0034651044649159427,8.645107546439198e-4,0.001501648085455283,0.003936654357541447,0.0015462329877603852,0.0013058372383155542,0.009441646243755264,0.009500626080901155,0.02474501593688138,0.174078865191175,0.0020725696441772287,0.00987281969254843,0.022763084494811563,0.002460408929958532,0.0021081205499430284,0.0013196236022665422,0.01844770484840573,0.002269524392084938,0.0014663588183059665,0.002256950255525452,0.0012438942720456704,0.0025320360337910733,0.0017275596187090474,0.003220634862108066,7.980552674156871e-4,0.0022070755749830626,0.0020957527184324496,0.002597777698969809,0.0012608938772794244,0.0016561533480302767,0.0027538801424908544,0.0029331402224667337,0.0010625883359618264,0.002065323246588614,0.0010263541140025456,0.003013578015558159,0.004922564349398578,0.013029830198202674,0.009460709350106476
0.10019853024511553,0.03666389943559135,0.01914258554756674,0.009617926671588334,0.15732542861831186,0.010110039281426396,0.09371290845574178,0.0037145172669358945,0.0029656270125601393,0.003444616818642811,0.0036280130877666844,0.002215667291450482,0.005460946914652519,0.022459050626934377,0.022928252823336943,0.16696551687576103,0.0016348992079927684,0.0038906770792086634,9.271586537289258e-4,0.001514353124491703,0.005223754428949978,0.0015989247192557813,0.001557877733163485,0.008055814962912437,0.006723106012379405,0.018432088145165806,0.15885035089673477,0.0022502794043326026,0.011169837657702126,0.023595772122237343,0.002217560572745458,0.002142644745685753,0.001457340643987952,0.020139346263088678,0.002544827496903005,0.0014884802947923914,0.0023989897843733625,8.491091501469826e-4,0.0029332795141382103,0.0015826209901908135,0.0031788181067158375,8.709102992565858e-4,0.002848225068852202,0.002218489826963988,0.0025044308241810747,0.0011403908645464674,0.0019247355526176985,0.003099424045377986,0.00206044409031449,8.699523684549848e-4,0.0021076623366700614,0.001137137385965358,0.0042476261246360515,0.003938979463374327,0.014664237584374571,0.009455915480007073
0.10916106956521905,0.0374700980210087,0.017461517158481238,0.010871166818564204,0.14318562417981526,0.010629141566353245,0.08883312204472098,0.003366886405964022,0.002862382141447629,0.00404234550805365,0.003973025887399091,0.00235358832122997,0.006125841045461172,0.02678631614783277,0.026550085617296597,0.1533137495060942,0.0016045908925373413,0.0033596762129417526,9.018776307638454e-4,0.0016648390032201214,0.0034252688527020925,0.0016594566722550512,0.0010110198346977269,0.007991535921269848,0.008334924329947991,0.02299103714235396,0.17739984212169832,0.0018438054982755575,0.010892793905591973,0.02046861203061513,0.0022052658408596676,0.002478550959409602,0.0013026368564044441,0.017299320982297507,0.0022437102681038238,0.0014432347640829237,0.0025803296152545597,9.0882308672195e-4,0.003268519667840545,0.0016739047252273293,0.003956270789007072,6.230951218529136e-4,0.002567074177729002,0.002104999123637456,0.0024496864482222978,0.0010479866306328494,0.0021481085590621444,0.0024720738432841708,0.0025347538498398515,7.87317418189989e-4,0.001904361141739737,8.876534166030419e-4,0.002812928112497191,0.0036395284606887345,0.015395189507387762,0.008729436649610981
0.09787640870871854,0.03696406476279096,0.018098490305634807,0.009452370800832747,0.16483844868288133,0.009460574598262616,0.09787619074784834,0.0033185228643742883,0.0029578122803014697,0.004450124482773498,0.004046877669621438,0.0018274989513772835,0.005727322060870378,0.022767159722493054,0.023433973633738774,0.16726068012232898,0.001757548236959999,0.0038675816788752335,8.472033913239797e-4,0.001641678017563886,0.004552756449161886,0.0018353216855987921,0.0014756295928667969,0.009222645546548938,0.008603805320910252,0.021639987274350434,0.15153284620693305,0.0020552309160733534,0.011734589880085836,0.02261220556213246,0.0019944391811147206,0.0022381664181162775,0.0010545294814276018,0.01479853877044742,0.0022470472091710146,0.0015263418735390307,0.0023485356984259955,0.0012962700251374917,0.0028171193743452283,0.0014470590043336527,0.0034932023644066376,8.069810315077104e-4,0.002125054669605509,0.0018959324070597187,0.0024102552446217482,0.0010324723064536689,0.002017864013931875,0.0023995059922916396,0.0023703079237895144,7.665522587414252e-4,0.0020082236706321335,9.312960704193142e-4,0.00346194571041808,0.0040422145713819024,0.015228902802795517,0.009505691771651848
0.10551769463727147,0.03907859712285392,0.018970659825477028,0.010028339473902985,0.14761858255538762,0.010127683169872535,0.09982899926165735,0.0033597343447007697,0.0031836216572429634,0.003925108399279273,0.003793797788983358,0.002500195559942629,0.005644117108230438,0.0263618362450688,0.02655187913478318,0.17155592711609532,0.0018978219179419445,0.0037765165372407625,0.0012985317578970874,0.0016565689347878565,0.005219274673787009,0.0015465902116920968,0.0014967075930545585,0.009362609466771187,0.007529636156947855,0.019600385668733736,0.14262998577098154,0.002460937664920731,0.010442302445464333,0.024271897519902656,0.002291399122297127,0.0020836975222758105,0.0011344050722906476,0.016460694503959386,0.002200456877195461,0.001544948300903445,0.0024049465040264437,0.0011233578162976486,0.0026916167896068838,0.0015610529382998526,0.0032046872756927073,7.371705520387466e-4,0.002677399366887377,0.0020704125473250865,0.002468372055462038,0.0012609960403564104,0.0022810175055400354,0.003148095563454667,0.0024956302644165945,7.915608308149071e-4,0.0025329535200674567,9.799990852177708e-4,0.0033168983542520643,0.004784262305532186,0.012830841229438842,0.009686588335477345
0.10175378747400345,0.03690810487690309,0.01795034254847794,0.009691502834085394,0.15056248066632685,0.009895886639505382,0.09328536001848525,0.0037631148763496384,0.0029479391942342577,0.0035117686827225887,0.003597254439151013,0.002263002053204954,0.005154612521961038,0.024265083293183495,0.02497542569558313,0.16226647051157211,0.001490018628611429,0.0032394607373151503,0.0010162890047817892,0.0015853349590273834,0.004561278371507316,0.0016142632623192337,0.0013235578586469619,0.010236347273970712,0.007474198986232622,0.024218895492224526,0.16814853572151311,0.0021903315358522387,0.010437772099738686,0.020047080319477904,0.0019349125603807414,0.0021617052051258264,0.0010024478614808667,0.01568950077152389,0.0022307100536591864,0.0015006244693185516,0.002638960176265414,0.00108276622937906,0.002890517758804662,0.0016383483557241782,0.0029280712216695147,8.133238441048699e-4,0.002292960891601903,0.001999238228936585,0.002387582540271407,0.001183799894031841,0.002204645070229108,0.003385322411184197,0.0023214005233619783,8.866119866929535e-4,0.0022078581122366666,0.0011829899051294798,0.0036799514938880462,0.004057790925934989,0.015443627524740421,0.009878831407354937
0.09259407478644734,0.03782954116329573,0.01889493275079192,0.009585521395061665,0.15011978258267727,0.009945102060095478,0.10009894918461995,0.0036454899175992423,0.0030323736288616096,0.0036459461359006702,0.0036222096164877466,0.002099301981234187,0.005149288754923239,0.02504505566586689,0.023764946128079792,0.1664915225221661,0.0017014199853177974,0.0031477430790834695,0.001022505474573466,0.0015763259249787446,0.005180641293881431,0.0016778627157365163,0.0012838618908914577,0.009646980242278681,0.009294487610315972,0.024116499573724446,0.1595462003794246,0.002154097059771928,0.011102229965870906,0.02442070485150903,0.0023354875349357058,0.0022354835335258263,0.0010980323817907176,0.015252146417997844,0.0022282454673404235,0.001518991839643927,0.0024727553191389758,0.0012295646303061194,0.002653925914541771,0.0015946168278834455,0.0034123074390680127,7.796279978033135e-4,0.002513665998365372,0.0020508827029109603,0.0023144805197043276,0.0010512247117015088,0.0019889031760581912,0.0027987831259878295,0.002130036282370209,7.600641760235126e-4,0.002125011333318172,8.346224631430738e-4,0.003484819318027702,0.004221512513127624,0.015339350461534468,0.0101398595922837
0.10037254068489745,0.03513851099713913,0.01874313215978802,0.009537657806071085,0.15105901004171213,0.009839571105498912,0.09955357703848201,0.003575580781109572,0.0030689934169581047,0.003483362020374273,0.0032090133402315002,0.002242371606210452,0.005238951713176838,0.02419629265523407,0.026429080070181587,0.16013534139377805,0.001522921593923367,0.00426582451655975,9.95570838769964e-4,0.0015977448042244747,0.004849818702518611,0.0014962472723994544,0.0011439379805484246,0.009369990063971424,0.00770789588883739,0.029046454073244975,0.16244722611599216,0.0021490829320525767,0.009916878317031894,0.019653609671402287,0.0020739692883451114,0.0021706640456024117,0.001097161488695245,0.018238060882725962,0.0023683574531822354,0.0016706981476596375,0.0023241524451158963,8.780497909421802e-4,0.0027350319722713404,0.0015911097124191886,0.0035461003158054945,9.398630040317548e-4,0.002741534120809147,0.0019562986715574095,0.0028371554171195625,8.04695272851975e-4,0.0021228786546323066,0.0032595320985266316,0.0023334455593363914,7.492886182089679e-4,0.0019394523905643397,9.462685055079662e-4,0.002829307008133142,0.0036425058207802947,0.012881859820875028,0.009336369891980357
0.09247086580743674,0.03819362608931003,0.01788319573234465,0.00974602211466952,0.16216839580259232,0.00991594598452571,0.10122483358926583,0.003676365851811714,0.0030562133888650486,0.0039497480364394846,0.0038656093494393246,0.002321133015427649,0.005944694319753025,0.025398456144525433,0.023758520393775105,0.1513369680354309,0.001512735304998646,0.00370321918540305,8.820560857946961e-4,0.0017254683326235099,0.004826487317721279,0.0015561685349678586,0.0013552284782844166,0.009287305858614632,0.0076877161902054155,0.023514547032812923,0.16185804354546643,0.00217931709532007,0.011013497061767408,0.023556516788634626,0.0019379349659961226,0.0022984276253941414,0.001434847147014803,0.017387168549790766,0.0023048263422194423,0.0015435739151235968,0.0024463972124528547,0.0013176568889250576,0.0026463928079227986,0.0017937140406021168,0.0032245693676042817,7.137986493172741e-4,0.002564398835061818,0.002023494053386975,0.0029890132255034636,9.763447601817627e-4,0.0021451884080871215,0.0027207442167221075,0.0024808098504985046,6.885913824762448e-4,0.0018025503258405713,8.693917805313719e-4,0.0031407197044764244,0.004540665515787835,0.015492816441305847,0.008947063519549181
0.10445702275691837,0.03790378561299557,0.017729706140341923,0.009630212847180736,0.14907859063616383,0.009624337160551973,0.10493403056095033,0.003345467145790251,0.0030444533040635442,0.004306341048966902,0.0039032683047291682,0.002216354926905248,0.005847782349252267,0.027102043985021102,0.022185057882888694,0.1633799994236572,0.0016430255227906979,0.0035272497624908956,0.0011353855713908585,0.001670405432707262,0.003947114222362789,0.001518623060692664,0.0012728233645652994,0.010591014894126151,0.007670440147723901,0.019963368916945255,0.1531747413326978,0.00227260343890759,0.011149002734032366,0.022804100062924687,0.002224129806743831,0.0023435093353697386,0.001198767136217159,0.018275671987820406,0.002261479121906225,0.0014313619406272691,0.0025313574497422323,9.889141963697987e-4,0.0025931775524031943,0.0015092865120795846,0.003593677755846294,6.555011892868955e-4,0.002151023922875662,0.0020594354831293257,0.0024284228997844743,8.068856460254689e-4,0.001907742457646653,0.0027566433545239584,0.0024249924004965655,7.827618818456822e-4,0.0019507657610302659,0.0010753618340704095,0.003289383132319255,0.003881253890603146,0.014699304410324654,0.00915083639017663
0.10222372375646269,0.037091867014439936,0.018370547300727496,0.009250046944737637,0.15566971805986834,0.009421287549241902,0.09602435224299907,0.003255274069133106,0.0030724539548860697,0.003944043545442447,0.003337622522438625,0.0021630240913371426,0.005073977845703356,0.024867644551816767,0.026950793051814883,0.15266354500496987,0.0016337624175235838,0.003971606888980242,0.0011239557721179055,0.001470904008527065,0.004235237556708221,0.0015757725161058295,0.0015650310748245573,0.00814528524701177,0.007469913814335011,0.023615411012154787,0.17438895220523,0.002209073497550783,0.009314770648257767,0.016776145252305176,0.0022795248483911787,0.002124358165841275,0.0015519905683379145,0.016419052960677548,0.002311931522836111,0.0012680660892583383,0.0023952372363304935,9.655078396554385e-4,0.002771300970799876,0.0014405702038043898,0.0037248135373777603,7.116559264509726e-4,0.002473583879780075,0.0017759729500476885,0.002565613626444923,0.001096999430558515,0.0021026649188508185,0.0026307437441621625,0.0024690037135901136,7.468472622403449e-4,0.002415046437821022,9.454449474986183e-4,0.0034456779753105874,0.004898133353793595,0.01571694112123751,0.007877573351250706
0.09527791945781938,0.034211780620008625,0.016271772958801646,0.009871716602270942,0.15268754903790555,0.009218527486634875,0.10046735795113443,0.003490617591994911,0.002961518700411788,0.0037209749932270533,0.003682030706305841,0.002228545752933878,0.0052878864648511804,0.02373371182836858,0.023912858793140472,0.16028629514197013,0.0015518517564209263,0.003416004401875245,0.001035167354231728,0.0016386303454996804,0.0044731935645794365,0.0016027699450571389,9.933375899111381e-4,0.010344169424432495,0.008412146229644684,0.02151550792581533,0.1715705092085133,0.0020766375874290304,0.010758741339164766,0.021517587208575214,0.0021182505284577462,0.0022664845157868772,0.0013740969757597963,0.01847837863703809,0.0023012764712055083,0.0016548083800833912,0.002290591066289897,0.0010932115961046086,0.0026313809295462217,0.0017364833598217137,0.0032900946623578013,7.544142200175191e-4,0.002544187755365021,0.002229360806425911,0.0027447380554053145,0.0010222341321337045,0.0021746021224912982,0.002959898434105901,0.0027408811398134535,8.778642012266761e-4,0.0021447312463486177,0.0011684354042183597,0.0029285532141507423,0.0033035146724455827,0.014416633329025779,0.010537576175445165
0.10200705379585806,0.037336444830397296,0.01865103204740829,0.009624836518682617,0.14680990256162801,0.01059305605025486,0.09784542792621335,0.0033753992905578563,0.0030524408738324084,0.003448584295663986,0.0037480536123706116,0.00234234616436694,0.0059684822562835775,0.026465467802540932,0.028725997908265945,0.15700376627253534,0.001861492361519763,0.004143296130477005,7.852480112734914e-4,0.0017602062728416831,0.005066706765860764,0.0016812119338804276,0.001542896427527843,0.009458438936127963,0.00736006962693851,0.02210831911814987,0.15906333845705153,0.002176224175656064,0.013329643366852438,0.019507458318630183,0.0022892824342363016,0.002375828805195201,0.0011877807720198279,0.0189550266084991,0.0023449356054523343,0.0014779177367660592,0.002274319161704583,8.254958097616892e-4,0.0030463644714533323,0.0017167514609167168,0.003303115038967719,7.235272105844305e-4,0.002805360085302163,0.001974150030818953,0.002481333238037421,8.579746205373963e-4,0.001911667536930992,0.0031163208271671634,0.0025220625599245822,7.299708949795034e-4,0.0021990833706683802,0.0010782682072966953,0.0035674430168607307,0.004361695218604882,0.015336855623159028,0.009694627544507114
0.10086925536139622,0.037964427323485025,0.01830092103680865,0.010048046210715193,0.1611135324930443,0.009885436758240723,0.0967950154127248,0.003278505766521424,0.0031510622396953097,0.003245779216582946,0.0032345122342675374,0.0024791512067663503,0.006083901031196365,0.02408329954065213,0.026029176216962092,0.1583133397081853,0.0020132671945851236,0.00332556105394907,8.939733689583183e-4,0.0016655656911792787,0.005108454058756618,0.001649109323485424,0.0011354827797398737,0.009012603245220366,0.007548922926949847,0.021199956813002456,0.15891709900363954,0.0022695669217420882,0.010185879526642693,0.020711230287642286,0.002325383824900614,0.0021354253241680178,0.001141742041971882,0.017041281644929886,0.002634120849460812,0.001604205817070635,0.002709785147096411,0.0010045848570190996,0.002425939736844231,0.001702971107533736,0.0033035813427077397,7.699624453930992e-4,0.002523974780514848,0.00190574771541167,0.0026477845624524,9.587659426207967e-4,0.002137587856374433,0.0027364784196875326,0.002653873295137963,9.486508470756001e-4,0.0020695313848957497,0.0010875946970241507,0.0031088924466504456,0.0041480334838115826,0.014625099089230573,0.009136967387278793
0.10851611287967901,0.038032916399704325,0.017267916424104898,0.009278332227928995,0.15566781169845545,0.009640308417530963,0.10079584054907464,0.00347654956915109,0.0033932106863629927,0.0036247017010418462,0.004011878827360055,0.0021585159806121273,0.005616367365898521,0.023466588986544613,0.02341692833683628,0.14485964295840856,0.001731666574874923,0.0032069018000423517,0.0010600829089639106,0.0016791487399749042,0.004404781785064979,0.0016502396851967595,0.001063546333281313,0.007212691842365137,0.007808805791408885,0.021882305856193586,0.1700822091962992,0.0020502786452364767,0.010941498475951446,0.022374426460162147,0.0020906646396471893,0.002272825037268941,0.0013452656428143879,0.014561916850539286,0.0025063917877422032,0.0015012621464580913,0.002413279257277023,9.606934923802791e-4,0.0025971496400839233,0.0016401761315888274,0.003551390116446863,8.886685450832501e-4,0.00264820467387689,0.002169965408905139,0.002558601444495281,0.001024857472668956,0.0019911720017102936,0.003130556316371332,0.0027298864012995495,8.464694969913474e-4,0.0020832397061619165,0.0011505288616453283,0.003412991791722261,0.004614608264472129,0.01480607288722904,0.010130954881409858
0.09629976436564602,0.03500592119418547,0.017437573562110543,0.009586809856497774,0.14576002735872123,0.010139807012519597,0.10296798273251252,0.0034930386082217793,0.0031585500082295,0.003575115456377738,0.00338354068464016,0.002175642004039979,0.00593940772528848,0.025838589179237263,0.023194449897635847,0.16189016977198878,0.001701063630870463,0.0038169414685290263,9.705440108658341e-4,0.001391246994547252,0.005055309653228653,0.0015513715196513185,8.68313081969218e-4,0.005959149754867544,0.008819309594756903,0.023032235900431925,0.1739406504228516,0.0023748203137852783,0.011902742184187807,0.02072139027301066,0.0023655461042475794,0.002030454088423114,0.0011691253858617083,0.016520784338139256,0.002010686893068384,0.0014528548899532705,0.002589211588160523,0.001114064155511213,0.0028484845471347642,0.001446583183429753,0.003525575434320724,8.430912083484917e-4,0.002526507039940988,0.0022937447650585928,0.002646440619017383,0.0010141002259628148,0.0022061088963528856,0.0030650028283607496,0.002863300955201705,7.292116791603082e-4,0.0019812030581296456,0.0010950656080954133,0.00299364157366333,0.003809793689790899,0.012407152812321598,0.010500786210938766
0.09442546163590985,0.03806469197891719,0.01828956539291358,0.009043662242922116,0.16834505991502707,0.00966526277728075,0.09808844319244456,0.003666348636143261,0.0031647704842253503,0.0037841670732145123,0.0030290414921767504,0.0022742780456747537,0.00594351601787281,0.02476309156662659,0.026126889355073412,0.14398571328567844,0.0016312276045810533,0.0032065946302564877,0.00118164900255442,0.001639239867975973,0.003996206209815798,0.0014869269240165885,0.0015295468096526738,0.0073079443085545485,0.00802693121154086,0.021134854057531908,0.1721605517023585,0.0021819427495060476,0.010866693441840701,0.020248979218713745,0.0023503535622135074,0.0021604839151628833,0.0010868007354790869,0.018304528959190592,0.002278404715727099,0.0014698096172071089,0.0022625722576235475,0.0012703069957781309,0.002713852916367203,0.0015005202008874206,0.0034487508058723805,8.490658313580776e-4,0.002283927275570242,0.001955084806191751,0.002851966798506299,0.0012009704951359797,0.0020342999709824657,0.0027960309534605363,0.0025641808330973443,8.955622384653201e-4,0.0023125961073858217,9.86552796667687e-4,0.0034451180194760376,0.0038415976376949524,0.013466052805229804,0.010411357918268504
0.10185165038336993,0.03569062534983026,0.0172453348213463,0.00966367058635394,0.15242454787819332,0.009906555943209976,0.0946267935081369,0.0034750969119470925,0.002797538232225362,0.004556310916659208,0.00337506362852244,0.0022487147733830665,0.005847115330080505,0.026444048845595904,0.024946742859224894,0.15899733348307515,0.0017077172873436238,0.0036608700394681545,0.0010770088158489305,0.001690541801548937,0.004935234832528422,0.0015157582223732696,0.0010382072292006862,0.009395292488244247,0.008724188597711607,0.02222415377582416,0.1677813612450603,0.002127695866914384,0.008145616420985942,0.022140897590605002,0.002007716833694173,0.002016686965828133,0.0010759168285352134,0.016316876890823524,0.002107551524008154,0.0014199492517993268,0.0025523601227318195,0.0010377275646370455,0.0025578579162578757,0.001521413667946417,0.003793001313844302,9.285627655235935e-4,0.002160622237491568,0.00205964829495029,0.0026445641064194573,0.0012574865814824242,0.0019057277720963745,0.0025632812489312803,0.0027871709797557434,0.0010663931548930182,0.0021562946368464567,0.00120528366312498,0.003341439213521375,0.004156465651990614,0.015990708913293895,0.009107604234760994
0.09920213106655598,0.035805626871671145,0.018191154016031656,0.009312482719947212,0.15590018836393685,0.00943039764203049,0.09882088420318011,0.0034719014395656763,0.003202668451619147,0.004232950992621176,0.0038224858927590087,0.0019790760107818647,0.005360970715551159,0.02578928227121718,0.021279850992534266,0.15165890605811275,0.0018998632537305339,0.004114841080266592,0.0010023788195791807,0.0018279661978355991,0.004540425160253715,0.0017307693301398075,0.001057529021421953,0.008131052446445627,0.009437946189473849,0.02159260785543298,0.17592466770691242,0.002593841081905559,0.011255341753744532,0.018058454690389022,0.002386231967275888,0.002410780334937483,0.001543639693967485,0.016448993564128152,0.0021011784662753655,0.0014983774703187513,0.0028125411990086273,0.0010169183226384313,0.002806926784879468,0.0017291100621198853,0.0034151031310477114,6.255168820242143e-4,0.0024175194826662363,0.002186302779738747,0.002916815500889998,8.070251541730898e-4,0.0020100313088319216,0.002498558736422102,0.0024201778572010245,7.999552481217634e-4,0.0023715586060966205,9.540050530666256e-4,0.0032227205524677123,0.004448351726068054,0.01425061608922326,0.0092724017307644
0.09911467419435274,0.03712614620849135,0.017681480033793575,0.009633585652560988,0.15566537027910612,0.008761777303801909,0.09740819846418522,0.003647151452171773,0.0030198319367467706,0.003910107683292635,0.003858154553267963,0.001891552164731093,0.0046611135448081575,0.02309848551619796,0.0258492488324126,0.15564597796370008,0.0018785481344328466,0.003755741669325719,8.776787843956964e-4,0.0014954391289075854,0.004386739741344488,0.001535633991371254,0.0011904678193314893,0.009276532491684034,0.007507228005565976,0.023195978660544847,0.17276598002429272,0.0021318753107094275,0.00914304336344265,0.021336916744036857,0.0019214267758296767,0.002259516675434434,0.0011325151239975659,0.017892335830517393,0.002050293904565925,0.001464997988361002,0.0025686609555024896,0.0011576475603881323,0.002907103961371284,0.001477538898201354,0.003182282716450691,6.076761544333083e-4,0.0024215192823372417,0.0019947890963741746,0.0025119163749825857,8.718770463197631e-4,0.002094741464015599,0.0029164131308361207,0.0023012451385945915,7.904591896559148e-4,0.0020244892807577395,0.0010193945298169786,0.0032618557410325328,0.0038089028644966243,0.014954228896853227,0.008955511765867051
0.09518064208688627,0.03802133692255569,0.01673203252286251,0.00918155350310182,0.15791950547299224,0.009735363430734124,0.10375652934956218,0.0034864188377016422,0.003131471139359014,0.003675417236809561,0.0033176599771598055,0.0023424028424304656,0.00578625551873741,0.022520525409701928,0.024639978322702916,0.15053356876110557,0.0016570827517454804,0.0040470933187378945,9.488668808848751e-4,0.001568214318473968,0.004667514132405422,0.0015929323447328116,0.0012004713200073176,0.009678888501750565,0.0075899131939593184,0.01817027364336174,0.17603367988891222,0.0021718124805036425,0.0112103891550417,0.021623729667814666,0.0019294855478564146,0.002383179206465107,0.0012215301007599808,0.01669497645939489,0.001987785832568995,0.0014709072861615099,0.0025667736249552846,9.262171293797673e-4,0.002639722797878442,0.0016057184925580392,0.0030656530782835934,8.56594769225706e-4,0.002318398559608699,0.0020051655832956077,0.0026965166525284388,0.0011167912700924282,0.0020495703913137983,0.0029552581312110404,0.002474658397663597,9.114714646047976e-4,0.002099919410777592,0.0010030281119695356,0.003412882456498486,0.004379701675057565,0.013539103881902765,0.009567466755253226
0.0943041113248183,0.03688516515877203,0.019447056879536587,0.008832954174594275,0.16620996262345783,0.009559676958027197,0.09051829074465872,0.003487116349063524,0.003143701281176144,0.0038443122580703853,0.002969677680838114,0.0020477709201353763,0.0051375879420546,0.024928072874496016,0.022180705688910184,0.15188238493546055,0.0017743213413967535,0.00396416505422407,0.001067827529561286,0.0015078545583259225,0.004415737165846165,0.001648207141536176,0.0010538814298267866,0.008537579827816513,0.008743079501994879,0.02469701635248765,0.17866984301313416,0.002277372383621177,0.010147423843266876,0.01909119355589261,0.0024958109610836035,0.0023988588287398795,0.0011367056432520187,0.014119062847650174,0.0020712166542444896,0.0015273277536778094,0.002530170313293033,0.00100570399062412,0.0025305049421769964,0.0016600634567503515,0.0030247884392313965,7.786541943892992e-4,0.0022663573019137667,0.0018686592740711936,0.002519243822379333,9.86233177589382e-4,0.0018512618031717343,0.0028278693870766166,0.002584468432129888,6.780660819824519e-4,0.0020921836335820723,9.448758332628224e-4,0.0030936074089296843,0.0036198722307576627,0.01618678930024033,0.010227593794798946
0.10263782911798375,0.03907428403190395,0.020009213935084615,0.009257529011495083,0.14685869770436738,0.00959225308218573,0.0962042619986783,0.003383335707552143,0.0030167956501167673,0.004646265769507436,0.0034586841070468315,0.0023515260594045456,0.0061761645809287665,0.023186296901890537,0.023387903203063803,0.16596608383966893,0.0015828248655298178,0.0039591426884738184,0.0011292729894704966,0.0015651290894907791,0.00349577976782265,0.0017409357842166032,0.001121259357834419,0.009973826687826091,0.008586462828732318,0.022406465563551678,0.16152375339878378,0.0021282847545384277,0.009745734230421618,0.022576053311505362,0.002110311425018573,0.0022002115779301387,0.0010708272542420219,0.01671575225544001,0.002038824690215372,0.0014797512431095233,0.002574682699202624,0.0010620609168453996,0.0027939006509170713,0.0016780244327472538,0.004068384729801624,7.694800833900758e-4,0.002335154657085254,0.001978148869171074,0.0026885139295498364,0.0011214145725509741,0.0019078748003794476,0.002530921772793914,0.0026513795856441817,8.789483968610268e-4,0.001998902805273475,0.001112050293492337,0.0034063305850574065,0.004091588937227641,0.013587318550895091,0.010407190266082288
0.09751156032330249,0.03685233130713051,0.018525912792059302,0.010245015529094702,0.16431513305946735,0.009978536628749323,0.09018685458229685,0.003667417234694124,0.0028073417707083987,0.004313823761800609,0.003595400091913467,0.0027918409810331994,0.004945907802184717,0.023015492141243914,0.025144533543225208,0.15286087646552066,0.0016897314985394188,0.003724283092276279,8.166654529068547e-4,0.0017331574837801214,0.004067159233802662,0.0017659035448304788,0.0013820266863600929,0.008759059681293846,0.008051441635772911,0.021614648392021495,0.1654823592084221,0.0024290540586510527,0.011070009757874106,0.02563046178127635,0.0020175446829946812,0.0024980530635063747,0.0012395854455060239,0.016047219667109404,0.002699441853418569,0.0015399832751855015,0.0028579045645741393,0.0010708855431118848,0.002839567844841377,0.0016182214549956644,0.003431592760588482,8.128249998211153e-4,0.002198482281246165,0.002068683872642975,0.002908678467192092,0.0016245236016124952,0.001926532942394296,0.0031818788448633585,0.0023400719127010146,9.86848043679797e-4,0.002151356001001167,0.0010404675631796687,0.0031926078069120342,0.004865307018680885,0.0147777369958147,0.009090059970193447
0.09950635199937494,0.03696576595663716,0.01761572800207597,0.009691211769055819,0.15891293569150908,0.009975779400079678,0.0986667382044161,0.0035789511699239685,0.0030719912805043307,0.003615951610739587,0.0037440484427099085,0.0019825174619405132,0.00545846911583154,0.023881470696111448,0.024248104808467563,0.16092059875568054,0.0017155289130942788,0.004248620368197288,9.39795477782594e-4,0.0016869487789920104,0.004480202194692543,0.0015201190564982452,0.001353801598463885,0.008505354416541254,0.008233269981258612,0.02284128415705915,0.16189222055808813,0.002133345634058333,0.010403227412960903,0.02148822416635336,0.002232729585184176,0.0021275920824165035,0.0012910668201145735,0.015738410597271556,0.0023052556700607183,0.0014418389746279642,0.0024355266482008905,9.678310456534134e-4,0.0026941971939828265,0.0016092192321957174,0.002969267748691648,7.570658560142934e-4,0.0024965892835926086,0.002058405853570648,0.0026262453977918074,9.199422749012877e-4,0.001916615489893351,0.0028261964383045368,0.002714248373452327,7.129238714839514e-4,0.002223175585568982,0.00110097276496066,0.0030943472594863607,0.004420412026626468,0.013611111587971098,0.009430255258882912
0.10833659556367997,0.03355414794932001,0.01841111757903096,0.00950176228728452,0.1532836027804591,0.00904829334235132,0.08808159120130248,0.0034299037593077124,0.0028802957843581576,0.003708866233588597,0.003972641034449498,0.002043438217982711,0.00516290401599504,0.026403830447825093,0.02646181886408127,0.16166535876433052,0.0018418759726364661,0.003968370001391468,0.0010204695135394752,0.0016780582564382095,0.0037439089049256125,0.0016422961270308263,9.465455565059694e-4,0.007742282652559476,0.00769755734970649,0.024542022957780282,0.16493948167805944,0.0019542573506916806,0.009626293076546338,0.023375334089102168,0.0018606044827766362,0.0022355037630220976,0.0010688197092508127,0.018404663026059944,0.002348280274433618,0.0013539636768406208,0.0024807579908137562,0.001325461563300664,0.002904452355768257,0.0015595920001029153,0.004041186047316783,7.121536198981133e-4,0.0023430506429024936,0.0017891015489287234,0.0025854071467674784,0.0010510592559649565,0.002043927166009926,0.0026011240810925418,0.002696691002226793,9.405610573057542e-4,0.0022416426722995856,9.547698596566272e-4,0.003144921145985237,0.004376336859679679,0.013331651541624568,0.008939396197710652
0.09653188345738978,0.03851239114777707,0.01855389021717449,0.00961243995446917,0.15406081685379583,0.009944021382107458,0.10275406172466331,0.0031954208922615316,0.003104055535052379,0.0039602452519599835,0.0038334293630173676,0.0022887212849021905,0.0056266003805614355,0.02733626027564688,0.0256244700795749,0.15997005172525094,0.0018233933439672984,0.0042287732734122676,8.67145807207873e-4,0.0017354353926756919,0.004726641581497392,0.0015267417110668472,0.0010721480053512207,0.008693938521584309,0.007560241443408597,0.019468341392415895,0.1642102094967425,0.0019881532584802722,0.00902684502335992,0.02238003867357525,0.002002368180557953,0.0022130492246396063,0.0011474609978921258,0.014952008781155698,0.0021668456743047025,0.0015398362171487763,0.0026629231281727448,9.439608669385682e-4,0.002829299508554686,0.001521763125096981,0.003162966873061996,6.274264283900309e-4,0.0024506041453724327,0.0020560245899797734,0.002682075179673257,7.40759467660574e-4,0.0021521045102892832,0.0025932057573593414,0.0023937264981966403,8.250241825230221e-4,0.002100361870295884,0.0011446804072460486,0.003350751645646616,0.003836451378054221,0.01338833036204202,0.010299184549396939
0.10290513763470442,0.03829225340429758,0.017497944148980163,0.009406360647133601,0.1586903417186146,0.009161075129744567,0.10015557947784999,0.003434573287514918,0.003246923390243262,0.004101955250053287,0.004049004479921024,0.001898760201223869,0.004438982286972639,0.024050469122013855,0.025879933948517238,0.15023972558330007,0.0016187126536918786,0.003563559028226677,0.001058750461987523,0.0015711008101472247,0.003736124183080812,0.001559194973643396,9.065968564034852e-4,0.008346226814762868,0.006943100076771473,0.02348207258236546,0.17004647787821175,0.002281842732704175,0.011208928225538308,0.019717019210026956,0.002161874911377944,0.0023902966549131095,9.79356528841577e-4,0.015005121630340885,0.002377044223897941,0.0015021124987312491,0.0022549607726233016,8.105435056397928e-4,0.0026740078904356427,0.0015958120998835325,0.003252716702752488,7.491497344801731e-4,0.0023509151942460956,0.001915223669708645,0.0030130012622460356,0.0010461632206210467,0.0020924031555405874,0.0029641143945630193,0.0023176113107186013,8.106397766723173e-4,0.0021971827374272232,0.0010513262016892916,0.003414598767850518,0.004573020062386773,0.013598731918560484,0.009413344975204702
0.10330346462920868,0.03833315730807514,0.01916072683472908,0.008987039881398604,0.15977161891889172,0.009683335996230709,0.08911457626710434,0.0036593432700955377,0.0030922139283155467,0.0036145008855892865,0.00342991434103481,0.0023898214982441364,0.005280133624913236,0.024231122693592014,0.027961368728291917,0.16029008834085054,0.0016484571703343175,0.0037562664990104704,9.144403189697732e-4,0.0017031405701082667,0.004398072247036426,0.0017743359192070281,0.0013595832206038845,0.007731549568693238,0.008221466143724624,0.02327781535249073,0.15811105269845432,0.00201354957297153,0.010685648472569196,0.023029341072960324,0.0021761862991446133,0.002464116292089838,0.0013512391663110732,0.017092770722371194,0.0024052507543215846,0.0014313358438420394,0.0023444547407319625,0.0011916808671471135,0.002797735815611196,0.0016986606615550309,0.002810309511126187,7.295332366385783e-4,0.002201220827149382,0.002253630504694793,0.0028275594655646657,0.0012392259983142583,0.0018930840584280568,0.0031086856987057004,0.002266040477919271,7.366863449318327e-4,0.0024420775043054073,0.001243656024595358,0.0035291112939455217,0.0044298517930695495,0.01358555191242769,0.008823198211358655
0.10659400570602685,0.0371675897920101,0.019189284584343477,0.009505281463490901,0.14465465137363936,0.009891555904359679,0.0986734399631203,0.003410464490658619,0.0028160559084630557,0.003212085624697266,0.004115436482721984,0.0024647893462603383,0.005892063657034502,0.0212815046421941,0.028468030014392635,0.16226485902270807,0.0016779412415429812,0.003545501412226894,0.001164222806569495,0.0016940158543675427,0.004225128625537283,0.0014852670922397033,0.0013747736547147526,0.008319320941544861,0.008130500643015612,0.023309111508638024,0.1665246890426956,0.0021122960665989924,0.010499315372938193,0.022192293596928394,0.0022285543173245926,0.0021134920754468725,0.0012382415496552121,0.014898379805340277,0.002259017169215987,0.0014119960354719344,0.0022936882783075483,0.0010154424754202464,0.0027517843108312923,0.0016442289614306152,0.0031799740635303315,8.222755478849281e-4,0.0024403475812237556,0.0020610369511571787,0.0025816021822218,9.907646904417364e-4,0.001942962155590041,0.0026760731838846395,0.0026129281406143644,7.154816410093145e-4,0.0019554151138451124,0.0010648261806730764,0.003307387564698865,0.004089562620420296,0.01266868228222127,0.009180379286459213
0.10216208124966257,0.03516322994733259,0.02042915447528625,0.00978512295216015,0.15475375268473754,0.01016510418159144,0.09644718154294597,0.003900882029289487,0.003022294583393241,0.003983698627663338,0.0035094112481045374,0.0024047786555942557,0.005748223464563738,0.023283072548939073,0.023232502737935527,0.15701621100217183,0.0018751188549537764,0.003221236500695116,0.001001030015802436,0.0016777862448469827,0.0033184515202739516,0.001625053533102325,0.0013658722573331868,0.00846844294629893,0.007294036239841065,0.02272912160550485,0.16797424653471815,0.0020803755151879476,0.01228161555744156,0.01872619498896961,0.0022289731444040772,0.002200534568740635,0.0011701039314295115,0.017893585165160597,0.002408133354376086,0.001462955846706619,0.002469762523448241,9.224787440541897e-4,0.0029105434666083724,0.0014486403364192008,0.003622318810840072,7.186616179570562e-4,0.0028664221415943447,0.0021315327394271,0.00290853192136437,0.0010602807617856643,0.0019897633777093498,0.0030247917232262525,0.003101812198748892,6.855625683195246e-4,0.002156628456372906,9.707171821411761e-4,0.003162688176572932,0.0038346759918077102,0.014948646904563628,0.009055970099880064
0.10015975683316956,0.03951288382815326,0.020165801523762922,0.01037824715553253,0.15013927062600343,0.009372791478032853,0.09299697062295545,0.003642106882749573,0.0032224673705865685,0.00372413061082109,0.0034230113224740177,0.0021787708470362038,0.005525408063295499,0.023663829540440783,0.026353941674445342,0.1578042859248456,0.0018136525791787289,0.003907708052766633,9.325202146456743e-4,0.0019108571186070469,0.003529097835115153,0.0017319578100274216,0.0015762579529525972,0.007586129760499689,0.007534019628930598,0.022839713192337387,0.1710225053887855,0.0020459398550566814,0.01156760550569253,0.022918326726295016,0.0022666583445266797,0.0022612222344828336,0.0010456331291262978,0.017689451310459157,0.0025696720469522475,0.0013476889108465268,0.002476339738169858,9.620679663366851e-4,0.0027778043212511273,0.001522971146137395,0.003364290820152408,5.751784265627458e-4,0.0026341207482295124,0.002193595203156114,0.0026848752881760063,6.193547492106486e-4,0.002086518608981336,0.0029572054617496447,0.002365195392580393,7.186927809808897e-4,0.0018958461410902956,0.001122827195741958,0.0030549118255505494,0.004065090159599392,0.012986143184674791,0.00857667894007918
0.10044917037842205,0.03370119553310435,0.019140692507659016,0.009932487316608772,0.1601704808617029,0.010596987150277364,0.09179353586809567,0.003561974217126796,0.0030802072849457057,0.004524674895725152,0.0035318956801475604,0.0019840608323369565,0.005552966719116858,0.02738198963082407,0.025763068611907382,0.15818361802540623,0.0015567356096168577,0.003591558345037113,0.0011190471972781012,0.001590799020877502,0.004381491416271398,0.0016293503460406075,0.001297998542961197,0.008183184745947635,0.006882979716218874,0.020437155167992143,0.16416959080327573,0.0026099268944244046,0.010632163887595863,0.019782263893038554,0.0020235403124241173,0.002035255095045942,0.0012040360351187587,0.019964154446776506,0.0022452682899608625,0.0016085182690797847,0.002485395721547784,0.0014766283424186282,0.002602995947574178,0.0016324149303041705,0.0038873393880081947,9.598081609248394e-4,0.0024310047871001317,0.002018543731322347,0.0027863747293618685,0.0016295303219020494,0.0018783048070684849,0.002665754767579227,0.002629213895977427,0.0013596907761656077,0.0019375860235467865,8.437210840924282e-4,0.00278410726355616,0.004434373020193641,0.013593228446667598,0.009669960306299548
0.10003711390713332,0.03666820298587734,0.017211407352579425,0.009329568280542102,0.14816870102793211,0.009598773474891102,0.09808633719609362,0.0037188013033372124,0.002870700869380778,0.003522326283995128,0.003564964850808557,0.0021369827599760746,0.005569691831938833,0.026716895861633647,0.024230012227374968,0.17191338229732928,0.0017010396935259631,0.003764506463087215,0.0010991069647351707,0.0018251525201277282,0.005007899534193692,0.001756883746141939,0.001057336346553314,0.009167005333837757,0.008956649554855416,0.019272657562084235,0.16076318869915732,0.002378397671007078,0.008832799237866763,0.024078798231865883,0.0022625802478044746,0.0025453437836985403,0.0011544606733195403,0.01484467388767611,0.002466852933533506,0.001622038990537486,0.002469804100247588,9.167013930501587e-4,0.0029991890902017573,0.0015977810667714108,0.0034566627023391774,7.286316340301577e-4,0.0024762358319070704,0.0018853859681494745,0.002477317663593257,7.658436878147305e-4,0.002021030837224342,0.0024610612646557557,0.0027234571019901753,7.897464752170588e-4,0.002130258989401001,0.0010000002466734371,0.003380772167562325,0.004336305029011124,0.014054759841671906,0.009427820322055563
0.10348332690589009,0.038434237729160846,0.01855979043026438,0.009423336620842646,0.14425906373740163,0.010261287601565344,0.09702282470550205,0.0035522657158243527,0.0030539385430912486,0.0038441705485645623,0.004048697141950814,0.0021822702057739045,0.005273522567676923,0.025234491127733405,0.02832527481372489,0.14964711840252465,0.0015428166833983377,0.0038993982388874464,9.793755722749013e-4,0.0017096498517562972,0.0038932211428946957,0.001685612715591252,0.001262597233741886,0.009678907869203003,0.009798690522549497,0.023884967218284245,0.17106023486114316,0.001918858954404996,0.010775761097786845,0.02152710446854479,0.0020576710632637103,0.0022996002694070446,0.0011438059008515443,0.017983979962256605,0.0022031241160897766,0.001539684908366341,0.0021976988838529974,0.0010030598483309807,0.0029574111447190597,0.001605115166763816,0.003065663860054654,7.119886011133318e-4,0.0024254063590269217,0.0020503108234355,0.002685710360784096,8.453883380557095e-4,0.0022691094788292714,0.0031569690619125197,0.002582174097165496,6.30635292755728e-4,0.0022272188611512783,0.001075296442502248,0.0032559497926172277,0.004485664973187012,0.014093356686200514,0.009225192479353555
0.10341440345203272,0.03627593999723848,0.018536682182052216,0.008953474468981728,0.1598845482606151,0.009530906924648882,0.09205967985552714,0.003515526794116321,0.003100387736576487,0.003650109938677771,0.0038900963780976604,0.002353464351234936,0.005306934004075896,0.02553130887209401,0.02636302898170262,0.16785042517543602,0.0018030712491320735,0.003915036626152862,0.0010731026329918862,0.0015258104979095233,0.004447612432265301,0.001484056625301961,0.0014886130199825657,0.00825858081613354,0.008914354543372709,0.02665467065107198,0.14754168227416978,0.0020708077649002165,0.009456981452758495,0.02179570874980743,0.0020885229789780447,0.0023103713223227742,0.0013709750023630741,0.016194391370707734,0.002202096939540555,0.0014612453189814878,0.0026296976872051494,0.001077364247854195,0.0025306253667161348,0.001726663651205594,0.00369376661455848,6.343844409110889e-4,0.0024149152100091382,0.0017969179845936038,0.0029840763222533893,8.538136777576745e-4,0.0021330225026682534,0.0023987202146389976,0.0026301478549918917,7.504240975076677e-4,0.00201618880398115,0.0011033977424822281,0.0033340207148655284,0.004896477557518081,0.014264359132686881,0.009856406533642946
0.10656739040200228,0.037154542715147676,0.01776976325974607,0.009372699791754301,0.15228270207069589,0.0097390163408696,0.09471668994781995,0.0035166547660171344,0.0031026920369306463,0.0037017056749345666,0.00362465009232736,0.002548703560314638,0.005852654040095873,0.023306314324413116,0.027549942189145183,0.152292568909639,0.0017939346912938154,0.004161109634815046,0.0010032828396424978,0.0016116768713029686,0.0038007603031810803,0.0015366665769217676,0.0013031497894178418,0.009810691376062296,0.008315379049388723,0.025716357861219338,0.16991994380536704,0.002292294991196947,0.011198925529004729,0.01981900092639548,0.0020238687548445313,0.0021563113430355762,0.0010690772711449146,0.0163325264210391,0.0020444558458838523,0.0015546620344344666,0.002187579288431757,0.001082955459734085,0.002477613108679612,0.001553583562399996,0.0033854392872029056,6.62532659899221e-4,0.0022837966988372006,0.0019753228687180626,0.002558091514548071,6.971792385811937e-4,0.001951299233198259,0.0029171665213370323,0.002134680554647806,6.316111866193704e-4,0.0022408499885541748,0.001079275725347245,0.00326609301539602,0.004076470494556805,0.011800364415575927,0.010475329140290014
0.09329996395654078,0.034850010869302214,0.018416210313283755,0.00973714253448548,0.16330513851530998,0.009443179583307895,0.09666790729943193,0.00350446720800541,0.0030547842392659058,0.003601698720444786,0.0031338242660292406,0.0023669477314001677,0.005533415206653947,0.02523798123305646,0.028110950726784417,0.1691096510588234,0.0014930151034547182,0.003959197390120106,8.120515176309155e-4,0.0016499663972954764,0.005209979474509848,0.0015160971433435247,0.0010096515403085517,0.0078115359453771295,0.008575738943612661,0.024039203395845837,0.15040744223128874,0.0020863274409805067,0.010712254109355624,0.021635979732354257,0.002031213112016351,0.002573231307089935,0.0012655182661567672,0.017167716502775873,0.0021370461660253537,0.0013930366875813806,0.002399109519645298,0.0010453879469900422,0.002338139531217202,0.0015632726204013834,0.0037200348081694074,7.163338043940904e-4,0.002472530110992631,0.002127671200261544,0.002597957597002755,0.0010280063610533072,0.002355708195429229,0.002427631453726587,0.0023788923069609663,9.957637224157862e-4,0.002021973589066156,0.0011493354393982897,0.003611730415574864,0.0043016895755984205,0.014786190000959674,0.009103165931493148
0.0955063868605872,0.03750074694869577,0.01898075308797733,0.00967916094952573,0.15756375428510502,0.00969242097358191,0.09984378419648215,0.0031653100877608665,0.002959015491586139,0.003877549004302739,0.0031914107638110196,0.002000347684613289,0.005762757484322152,0.02361196746656949,0.02327384848565886,0.14200810790358223,0.0015640681446386084,0.0036696663622189235,9.045807810450149e-4,0.001535534304275424,0.004716899500465317,0.001557557226156964,0.0012640989699495763,0.00916695912172551,0.008148474519338818,0.025344903502070495,0.1809464004061533,0.002487372870154601,0.011115449307484463,0.02076193582735442,0.002104250790687494,0.002159034071751571,0.0011783489055391364,0.015279159008093006,0.002359421799793635,0.00159278638536894,0.0022887781849377674,0.0014951076662803118,0.0025386357497461385,0.0015543632235140625,0.00341578398280024,9.926656555637454e-4,0.0022768603644315907,0.0017751159354102537,0.003091470143187738,0.0012198251015007788,0.001871061326166026,0.0035459433003748905,0.0024870594167815644,7.035749211993391e-4,0.0022800364023157723,0.0010595447518522733,0.0035110188088759192,0.0047683567895949195,0.012659169028430313,0.009991405768609272
0.10063817509936034,0.03610582603888704,0.01763665561431123,0.00916265221629756,0.1517715450569744,0.00931561173950953,0.09060239849721809,0.0034473795666724277,0.002808045870481151,0.004249578243883711,0.003322292582158645,0.0022788169171282053,0.004915156498054783,0.02529181681555983,0.028418154477993812,0.16189706782081426,0.001493410233005162,0.003522367244418279,9.91961769274949e-4,0.0016460516682173538,0.004088151974750993,0.0016977297942473838,0.0014352811177605687,0.006749845078136682,0.008301139872782318,0.022305458185371697,0.17456498677816243,0.0024203789640241265,0.009660551965994534,0.02036565185337773,0.0019325745743255078,0.0025202884582489816,0.0012439493924377692,0.016217287614962207,0.002064119234387816,0.0015018032994088709,0.0028296926693722546,9.01521980974627e-4,0.0027035302196001484,0.0014666922071409532,0.003710383507112661,8.066232878038825e-4,0.0021194860841447444,0.002033804636281677,0.002398499083680367,8.888782685804946e-4,0.001944133867435227,0.0031447716424534158,0.0026314582350498578,8.338399121358363e-4,0.00193790786526621,9.662590202769831e-4,0.003246212467541848,0.004287402799498467,0.015446897522248534,0.00911784259480149
0.089573958955314,0.03747543974635711,0.01713759773263447,0.009163104524583103,0.1572572699046419,0.009615197145721302,0.102299984648706,0.003392678773083539,0.002936547370427299,0.0036426303717331304,0.003916862892348591,0.0022072500261990638,0.0058104543876436035,0.0232082320978137,0.02838005868332021,0.16014700589768918,0.0015937055867162998,0.004013178430150027,0.0011714303757303396,0.0014944772898411362,0.004994839911676135,0.001513364429495069,0.0012095389170860074,0.007926697916506058,0.008895746615932105,0.022735046294125278,0.16237205122024925,0.0025968582907998903,0.01117940687268657,0.021115733528003694,0.002134704643949302,0.0020504327633860025,0.0010231614928420789,0.021338098016062016,0.0019262783352543022,0.0013735383414388094,0.002639077056198096,7.025103631137663e-4,0.0030125235009944556,0.0018115785786093196,0.003385780340529114,8.903907623429332e-4,0.0020006854844541225,0.002018009018886206,0.002756410459356947,7.976763112833635e-4,0.0019565467575547485,0.002783076313456175,0.002223727168514563,8.419690980639526e-4,0.002069818953662332,0.0011383597387910585,0.0029967329972914393,0.0040170464943705825,0.013826860453719373,0.009308657718660936
0.10375211912509108,0.03727151944334607,0.01707095081263866,0.009908573735108643,0.1494029185435111,0.009827031771563573,0.09344660719278086,0.0036208929520761355,0.002907400819146672,0.003526851255520783,0.004611990985128198,0.002214158302911206,0.005686911721448872,0.028749844346046525,0.02528396404721752,0.15938683230168388,0.001457630207848431,0.003307093509296852,9.645580176946846e-4,0.0016633395941062072,0.003898661025113654,0.0016167091312003891,0.001433735057035558,0.009355944832155945,0.007905236473333205,0.028813930674018173,0.16297632441669832,0.002199201216630375,0.012628091508237977,0.020630344394011194,0.0020559921507925377,0.0021979670066405747,0.0013328671248418677,0.013596493353266511,0.0021975471946488233,0.001588406575167295,0.00264956942885441,0.0010903881996404629,0.0024901997872751836,0.0015326786432059369,0.0031492929049132846,9.214608573596072e-4,0.0023162899288678134,0.002066410220922691,0.00251274514057099,0.0011450245109454367,0.00183917704578416,0.002862163938708384,0.002533156643883395,8.362435937842925e-4,0.0021193716464935736,0.0010780126664877107,0.0036168680028485145,0.004358371196658523,0.014767210643999077,0.007626724180838255
0.09639828648868595,0.03847254377666145,0.01788068268163408,0.009028964692814927,0.15512265075922593,0.010085770410791702,0.10117855700376642,0.0033406236898165798,0.0029739134430192974,0.0034121234861469465,0.00425698434614585,0.002331270187756883,0.006152295809842273,0.02669483023589465,0.023870933452495708,0.16229329858716346,0.0017787350594208613,0.0038427007443270133,9.437995918128548e-4,0.001540110696031653,0.004092414636562096,0.0015289739099343664,0.0011710589410036424,0.009284963973405589,0.008152731119285108,0.02165675336342899,0.16046995457235974,0.002427812273160567,0.01144315920893161,0.02078348355934205,0.0018878067326967116,0.002308597176894878,0.0010663127805331557,0.01589706783726897,0.002112154416150081,0.001458668385189488,0.002256636390328109,8.967099463344645e-4,0.0029103306966356576,0.0015346309146284775,0.0031294895143538213,7.257830957491548e-4,0.0023756759372504156,0.0019909470953910014,0.0025471608122898943,0.0010509931520406245,0.0019984177074118944,0.0027780205372459703,0.00218946388485931,6.844051037693541e-4,0.0022360015002894106,0.0011355139961087331,0.003397276389656424,0.004688173187284151,0.015053155178369377,0.009080226930402151
0.10233706683810893,0.03730436627324677,0.019583700422229133,0.009376200099565194,0.149075580193936,0.009182576659585185,0.09310695806124741,0.003313155667367982,0.0028405627357803408,0.0038563651081376725,0.004307858310283404,0.002077683694634234,0.0055612093681320215,0.024908048293888232,0.027194183893157923,0.1477339263582586,0.001740473089657147,0.003780568472527254,9.722571693863616e-4,0.001401777894314006,0.004087735891403823,0.0016001420895179238,0.0014066303826294174,0.007617400919650223,0.007231603508819496,0.024993339898337446,0.1752728097444581,0.0017923137170126552,0.010857322871466431,0.021341865820204267,0.0021941334972732087,0.0022015974247948113,0.0012491196249096493,0.02207581766358524,0.0019370819150564312,0.0013264408195405198,0.002391599827251694,0.0010938603774444434,0.002897627571224266,0.0016313039418517125,0.0032709461756505387,0.001035201012478684,0.002168191338494798,0.002255407929702873,0.002546112745154235,0.001344964739107452,0.0019208799623390668,0.0026674341283267886,0.0027670417317325643,0.0010500475557420953,0.0021753716816477397,0.0010464290205276115,0.003432126619613912,0.0037496436272128632,0.014423847675642082,0.009292087946751034
0.10039457550881586,0.038821314230873046,0.0178236062015796,0.009548845508126222,0.14315344509339623,0.010133820896401509,0.09288822744745776,0.0035651932051385437,0.002724247817975765,0.004195527088472548,0.0036282366238840277,0.002208961755091189,0.005507942669480815,0.027010095535837175,0.024754508329199593,0.1631092371483094,0.0016021864846384594,0.0036648457341577744,8.868071098992141e-4,0.0016310973733944358,0.004971814779498544,0.001601801452615924,0.0013795214516546638,0.008307432256987175,0.008613422868272434,0.027936067850433136,0.15927624905607676,0.002100649696628394,0.01226747291666685,0.02788258510121942,0.0022970760846249072,0.0024391095997484693,0.0013212549976604371,0.014631603347433011,0.0024179000229291687,0.0015237175842283195,0.0022024520554116515,0.0010338794066460974,0.002905310863854449,0.0016740925214986588,0.0030876268417879805,7.682705516422447e-4,0.002589279876955341,0.002299880795704378,0.0026336299711657465,0.0011493898167561582,0.0019240117239496533,0.00293305626904298,0.00281351716352685,8.397878725932992e-4,0.002032081545902442,0.0010617659341595875,0.003396202445354105,0.004204552786498354,0.015224702420721686,0.009006108308021505
0.09437405517177795,0.037877927079504686,0.018434068202345402,0.009489289986820611,0.15380090823849404,0.009684189006470365,0.09483572078093043,0.0033209757315401304,0.003074024367740905,0.0040830799626588666,0.0037285078896806215,0.002155810050598088,0.005686049942761511,0.0215108149479749,0.02295594719451224,0.164574236258644,0.0017126074221219343,0.0030479698825260078,0.0011240234754848397,0.0016775930411598596,0.0041522162113197215,0.001423925397641854,0.0013435363241939237,0.009129727086744664,0.008290629484420739,0.021913277081043635,0.1677879864662953,0.002022723920311087,0.009796884538035016,0.024927788804187927,0.002350407683920654,0.0028041006049581256,0.0014106036810719385,0.018545331480806816,0.0022325513661733635,0.0012548026815023183,0.0027660314019673092,0.0010093314819839886,0.002757674654978455,0.001638239549178316,0.003503242935660484,7.199685004330524e-4,0.0024444658220487483,0.001956764736431237,0.0025513503575391463,0.00133111187245215,0.002226689449336823,0.002820734535419173,0.0025648093112484783,8.975254278882678e-4,0.001965739867014571,0.0010119518956344129,0.0031355672635994198,0.0043038665218153365,0.014719206398980417,0.009141436570015775
0.10231350983768102,0.039145510865611854,0.018879838715427436,0.009680202223780346,0.15624932737453084,0.010022944949961986,0.09705887959821573,0.0034379858836817764,0.0031003672580631942,0.0032884568183250465,0.0038860882390225316,0.0023504008501229003,0.005725427117425836,0.026331433112813198,0.02772377926805604,0.15874885254020119,0.001600002869635901,0.004238432636849658,8.074811051659652e-4,0.001631961747508296,0.004519074502701043,0.0018302143132426414,0.0014095703498890628,0.006241288119917511,0.008875654607643531,0.025103938401365416,0.1529530100089841,0.0022035351328370143,0.010470349091339483,0.024031626232601484,0.0021057479673217863,0.002295133785895533,0.001266484779649099,0.014717408046430949,0.0022458960930842814,0.0015319802079904327,0.0024771012570692784,7.526482164916854e-4,0.00294270584435871,0.0015987332850858824,0.003476067232120425,6.67943819161264e-4,0.0024119740864938692,0.0016713572843280664,0.0031599395370890656,8.315874443595488e-4,0.002140665075473346,0.002880324513086602,0.002702213230959197,6.272265818282508e-4,0.0020779919744313606,8.865564304045495e-4,0.0036293062272525507,0.004751480288159563,0.013791572146677773,0.008500810872194878
0.09885940083381356,0.03814603016858964,0.01776943536786434,0.010030038317388662,0.1524504826372661,0.009066484261987048,0.09927526798092737,0.003511568774604511,0.002748875983613375,0.0038399653283430436,0.0040192789257005,0.002324487469044075,0.005286670086537409,0.02220256015825947,0.021521904706914938,0.15948362178777456,0.0017172522382950456,0.0038481709395891306,9.74310453395761e-4,0.0015373427712156238,0.004623032305959438,0.001474968046139963,0.0011766913767299483,0.008283516888056544,0.007018326903636822,0.0214817548582508,0.17686987159831505,0.0022944504860731916,0.01129119024625063,0.020369596139068902,0.002248383426367366,0.002453669536803672,0.0011192434406397233,0.015738220855099676,0.0022492625319176784,0.0014928122431350041,0.002743806208071745,0.0010661994775172132,0.002683568193063239,0.001682611800434336,0.0032523827323133357,7.667481188855575e-4,0.0023957043172279707,0.0021381108225257918,0.002864893803327187,8.589075337444495e-4,0.0019880151532518184,0.002665823486870674,0.0022980571522268943,5.990341427548976e-4,0.002114671098931967,9.980484846128174e-4,0.003101263535950871,0.0035763259488479893,0.013796758668954506,0.009610929246918204
0.0997508453580898,0.03955855760239789,0.0181699553555596,0.009655686118799927,0.15098271595823487,0.009852593297283904,0.08964504250900814,0.0035402755064518282,0.003249081595470403,0.0035341019461044747,0.003746299317304659,0.002236046656187336,0.005149298372194295,0.024378631974995277,0.026057554009384185,0.19381348802233395,0.001564540894453435,0.0034870075724617645,9.509004537826596e-4,0.0015638011286581328,0.004230447565475887,0.0015066627364434305,0.001043755357911083,0.007005356367746142,0.008279259458063652,0.019896150764080023,0.14361415310583714,0.0019982153368913323,0.009683586267522385,0.021051864666402294,0.002317521382608173,0.0023976571135009878,0.001253733249019066,0.019137147988062424,0.0021457116194800304,0.0014497163033026536,0.0026534752460137044,9.438487574208228e-4,0.0026768242308941913,0.0016135363927214537,0.0034102683845910198,8.234953586522637e-4,0.0022942268336977522,0.0020686364565241345,0.002828072602791924,8.114463774475935e-4,0.0021420348425046877,0.0030898902420760355,0.002986328190120911,8.661095245701671e-4,0.0022110502661684675,9.134233219316336e-4,0.003396725206923245,0.00477082819434945,0.012990766205333997,0.00861165043376327
0.10096025124312832,0.03851029882107876,0.020196475828199698,0.009277009351803216,0.1477743449367086,0.009047929024148653,0.09565974777381843,0.003292545554712081,0.003187577472143015,0.0037433296630486495,0.0036092481897567227,0.0027731474459938036,0.006144489205218306,0.026267657869515324,0.02120750324936268,0.15771273817118484,0.0016019787787315562,0.0037165855721276483,9.590892576254667e-4,0.001626464351262433,0.004324579076094695,0.0016300866631003199,0.0012948280781671304,0.007091121981082853,0.007236872088517593,0.023239853825538958,0.17325957695797567,0.002334864490664043,0.0110263941174184,0.023316325399436066,0.002255048546073226,0.0020010299253812465,0.001170207351191172,0.014878868498446366,0.0023465687716549568,0.0015227849199607115,0.0022523095004058,7.942692674652435e-4,0.0028929817578537483,0.001652190021568718,0.00291061503218548,7.21927662555091e-4,0.002530012558558013,0.0018667911741147567,0.0024476025616830825,0.0011274703245853508,0.0020301753329524546,0.0027737531020741047,0.002619971555752632,8.227939165703576e-4,0.0021103477743622747,0.0010760034567984602,0.0031076406645762526,0.004513335925437191,0.01600193898269517,0.00955044697753423
0.10501489872041335,0.03425066656034259,0.018731382210463048,0.00990353665915199,0.15797231440874587,0.01010541407891427,0.09484806497796011,0.0035684687561631954,0.0032219376333362595,0.0034333310982943553,0.00348641937629563,0.00226089383057286,0.005608814360735206,0.023842668312131565,0.028087866011024826,0.15429852574470262,0.0016478798422482673,0.004253719474543272,8.47162177344614e-4,0.0016773713120499917,0.00519299093442357,0.0016451125762844724,0.0017903157897263473,0.007795966862179814,0.007631999012065815,0.025264589342047304,0.15583081393503867,0.0021689140838365675,0.01057565923949422,0.02189063147842322,0.0022934715353898263,0.0020213004566983304,0.0012246758398755577,0.019859137991536345,0.0022666013288499547,0.0016499631442938158,0.0022720144571385524,0.001143187995024083,0.0025526734972826028,0.0017618311527238142,0.0032423085971213707,0.0010111951774824713,0.0023507657466722105,0.0022056809743454496,0.002953873231135472,0.0013407366319171331,0.0020595217329029115,0.0031197658140222065,0.0029423490194401864,0.0010442544924689542,0.001967651787692992,0.0011675353772815044,0.0032706628490073476,0.004288911393720042,0.012789339533356406,0.01035226144366662
0.10370213887739152,0.038362041014723756,0.01867013942358927,0.00953037028223564,0.1400813894042532,0.010145696229236589,0.09560682905578896,0.003411590927271503,0.0031082323558648166,0.003452755305472394,0.0044747260258367885,0.0023573119278476693,0.0054725955395428455,0.025648879169487916,0.024648248353086127,0.1740474749609978,0.0015801468173314629,0.004542100103220581,0.001029843938060321,0.0017067247485673606,0.0038439280016508634,0.0015678051604133007,0.0012107072045789418,0.00857758945624573,0.007183008949535794,0.02142957420928528,0.15911545484025408,0.0022186642823203793,0.010967003125821372,0.01783102952099658,0.002412336624204581,0.002314149683430071,0.0014749959942048818,0.020492953008482195,0.002160944363510727,0.001629369937770206,0.002560155029774244,0.0011115930888361564,0.0028462100908875315,0.001589576923907382,0.003108559935108925,6.985240066463685e-4,0.0023948704394869233,0.0021315377293843842,0.0028219725762668913,0.0013041998700891798,0.002155729015702209,0.002936853848365276,0.002622117694563979,7.394668311096728e-4,0.002099786602067144,0.0010465580199288135,0.0032351027270959174,0.0037320115466115164,0.015209387234625926,0.009647037967030127
0.10315621180373775,0.03872594489546349,0.017746742387716966,0.009668005847910442,0.14765308518978792,0.010379341278352171,0.09888117064233294,0.003700516005086429,0.002987269784405039,0.0033439094943499975,0.0039040139770769016,0.002143110298832598,0.0054114312581988325,0.024242005876439047,0.027096229354416027,0.16056276258350252,0.0019852991631310415,0.0033020125976073174,9.131826281082818e-4,0.0017731163861130403,0.00461348988254794,0.0016579207685935961,0.0010801444801314902,0.007016947303403394,0.008747877941379099,0.022027007200222194,0.16056774696238385,0.0023015336011143854,0.01052937769909923,0.023600518087312675,0.002399569923104418,0.0022280219789287824,0.0012603281600692138,0.017716741700036055,0.002177455307948839,0.001485759854085925,0.0024885646910399696,0.001050655348001102,0.0028009892529943783,0.001541993780051184,0.0031347012006855057,7.624696663686957e-4,0.0025988934663796473,0.0018827024208892189,0.002562071839199061,8.814795186289377e-4,0.0020124173218873586,0.002773532063593266,0.0022579702500184927,8.101552074969037e-4,0.002150804199708876,0.0011200585612535445,0.0034858759757597944,0.004671109629577142,0.014634615278595081,0.009393138024941917
0.10496614587292508,0.0361299426711372,0.02051683164381407,0.009634857897210799,0.15555536189322225,0.009553615672093705,0.08863072939889936,0.003581557731775116,0.0031753692663820036,0.003795294524035333,0.0033508705957446113,0.0018558890231256643,0.005605816976630122,0.02377770686433428,0.027905670344538808,0.15978012012126408,0.001637843377879977,0.00362513044890756,8.857149964775834e-4,0.0015538960208827072,0.003990271124821492,0.0015027090527557825,0.0012656451183517112,0.008916055038709084,0.00815653910852409,0.023226655375432427,0.16516100578467532,0.002255676449189288,0.009763080635444529,0.021852859692030845,0.0021537025093000357,0.0020604723907179747,0.0014432092199675554,0.016798644722755808,0.002008997958662503,0.0014684605861083908,0.002392633593304749,0.001001870858834188,0.0027876691125025637,0.0018868189655010428,0.0036019053037016978,7.823780120986353e-4,0.002479076265998325,0.0021245961501383825,0.002383043739095014,0.0010866076269942194,0.002156240498650636,0.003116131783815049,0.0023009975552684184,8.89006834810098e-4,0.0021040419796860017,0.0010453266788668745,0.0027503520072353887,0.004848807808248446,0.012982654623300099,0.009737490493223023
0.09816799114667926,0.03626674271805839,0.01803418085626543,0.00985809738749113,0.16190707342387706,0.009579259987354575,0.09926422466967581,0.0035339607838701438,0.0029135454447468106,0.003542121734164201,0.0037572095104796413,0.0020602814853828326,0.005301469714612115,0.026632960478119447,0.030168672623283425,0.14390417091946184,0.0015713555617918073,0.004504215141165254,9.766869807133216e-4,0.0016993975524202802,0.004522643175010777,0.0016050016074433133,0.0014047349672554675,0.007239936313293953,0.008184253397993764,0.02672798728418428,0.1646334813847377,0.002426180324761258,0.010776574322300074,0.01802933474085027,0.002092665576749061,0.0022877067241260317,9.69310543386774e-4,0.017157481849734892,0.0020908727288931066,0.0014425109512480625,0.002330207198748862,0.001303686731033908,0.0027462064456573814,0.0015893258626079412,0.0034663030204564542,7.745540888457995e-4,0.002492533062720972,0.002010593990859694,0.0028536385352662245,9.87621967287489e-4,0.001717882171884212,0.0028956523800171157,0.0022848751033482328,7.448956284738105e-4,0.0021067246872943338,0.0010485804274983812,0.0034238066164275194,0.0043410707498868235,0.014088305556046645,0.011559241764056573
0.09955612746826507,0.037250993510199,0.016822208340725477,0.009507666066496976,0.1578660961309771,0.008704304298678137,0.09203079006044088,0.003337906968914797,0.003004438373158219,0.0030388265644817943,0.003624613676371063,0.00223476688065064,0.0046993690732804495,0.023419142114370833,0.02850111842780506,0.15849203096926545,0.0016962782957136368,0.003954433283009196,9.026110279803875e-4,0.0018067863135897558,0.004136261130034713,0.0018267182302276273,0.0017729160207766094,0.008260517911700913,0.008488657602547476,0.020909666321153316,0.1721327313518771,0.002216349873026036,0.009904846628273824,0.017543881940674824,0.0024744290723328344,0.00223887063326541,0.0013485154357970645,0.020015043032290097,0.0024048269879439655,0.001550990508982143,0.002544371545447058,8.087506259695836e-4,0.003115774852324196,0.0015247261056701626,0.003180028421401462,8.092104919182916e-4,0.00233098800678585,0.0019721339951076036,0.0023445218100240288,0.001074252898625345,0.0019746959743973226,0.0029839346153276423,0.0024589160099124977,7.893491072488228e-4,0.0019318464848559881,0.0011450907156970854,0.0034609105125213207,0.004571829951302625,0.01466046222893104,0.008642475121254193
0.10583511503429542,0.036579782907519294,0.017768502959706254,0.009226969646988447,0.1568848284017218,0.01007870758678876,0.0954739325265009,0.0034440142168602286,0.00331835727187002,0.0037493073811116925,0.003710520216852433,0.002138564208502059,0.004761052771552121,0.02376584550019732,0.02211075846433405,0.15643124340390369,0.001774101284513439,0.003348227299094473,8.040460254384736e-4,0.0016922778913909067,0.0045123841702372795,0.0015356376218537222,0.0010499933491354783,0.00883153938510764,0.008481721850768792,0.024372574990226378,0.1609827238592799,0.001971877949112667,0.012490607666224217,0.02266071857134191,0.002062479732325784,0.0024215814813242933,0.0012845199439320643,0.01592849957050298,0.002385073986663495,0.0016725077960167982,0.002468857189421573,0.0013550941633991723,0.002778990983485569,0.0017041132979364296,0.0030781240642082214,7.298778483160782e-4,0.0022091801350884606,0.0019336077994283687,0.002656076642673463,0.0012764671218857483,0.0019515935223328488,0.0023717954639336683,0.0022897334333126865,7.408103215048264e-4,0.0020089390634412444,9.553878519811516e-4,0.0032373683662157253,0.004430223794398125,0.01607278400029477,0.010210378013546777
0.11083663030945021,0.03730642672918714,0.017747248976582697,0.009424524474892991,0.14369172986657586,0.009236600508486317,0.09683757954902551,0.003485124158844289,0.0029058651972738315,0.0031485506855469616,0.0035722702107359124,0.0023363310394926206,0.0053968721372890825,0.0246360854365933,0.024312268887752002,0.15056596099233993,0.0017423624336911955,0.0030938602011645606,8.6345769864635e-4,0.0018697103808330685,0.005026762976172027,0.001537349570704918,0.0016156286105541598,0.009415232226496095,0.0086220740745097,0.028286926600620606,0.16504721101337846,0.002239350539696825,0.009361476201253023,0.023953877481201587,0.0019518460970443798,0.0018655270626753856,0.001427114961708696,0.01809611751316617,0.002072914844146789,0.0014384106539822028,0.002325673334235258,0.0011411218447086049,0.003311055184103842,0.0014622011308178448,0.003370662304688474,6.399627653833127e-4,0.0025183219039391063,0.0022599548264771985,0.0025295650059441463,8.004073719358033e-4,0.0021951356393125074,0.0025061118808211006,0.002327817897429908,6.278037648744825e-4,0.002328785892492472,0.001104086470464372,0.0037630522885730494,0.00468928941071653,0.014680325240589799,0.010451385540777389
0.09452684356511258,0.03634929093188488,0.018949072899092315,0.010119131900664062,0.15328606732103353,0.009787379093418808,0.09992969355283463,0.003772634728445378,0.003238694694941007,0.004375642527098033,0.0035422076007955374,0.0021702114282270385,0.005196561034692019,0.02629768072399025,0.02234043323722887,0.1416887296626646,0.001774745118337952,0.003069085702903872,0.0010131892735628554,0.0016177679118609862,0.004132018641823338,0.0015282424705331833,0.0014303941512101349,0.00830530956126609,0.009397545921884083,0.022679787819425687,0.1833378816351989,0.0021539719393536996,0.010479365970827447,0.023941954198467605,0.0020964447267648313,0.0021254032430505655,0.0013299307741466333,0.016212062403197502,0.002221688967008854,0.0014723924293636233,0.0023950190752892236,0.0010274521615336524,0.0028119880800187625,0.0017278033368446667,0.0033454519626681116,7.655297199534791e-4,0.0021373518742551383,0.002187316350090653,0.0024756526282873684,0.0010252242025641301,0.0018399029553628533,0.0033824257966703396,0.0025872975165586163,8.603092403699702e-4,0.0020349765955841,0.0010592793301590765,0.0032037693040671868,0.004634729200257663,0.014151804310381808,0.01045725859677178
0.10487046216382018,0.036519176435908234,0.019338321141962374,0.009672015742128481,0.1580877978176701,0.00935377683333166,0.09340823847419988,0.0035768706799543365,0.0030927103365537864,0.0041782046037106176,0.003937096050838422,0.002332781272811632,0.005584540519112982,0.02649835616143736,0.023273185100275994,0.14673642944391538,0.0016519765819951598,0.0033105717388846713,0.001118843768764443,0.001610195292670588,0.004187677618692421,0.0017565672020787401,0.0010640800937586012,0.00777242278526019,0.008471582760876999,0.023023098832051083,0.169069785160473,0.002362058861001233,0.010100015439658444,0.02374350957537161,0.002055546356138282,0.002280444065142519,0.0011196822459285164,0.016469486700649377,0.0023280598575859345,0.0017717589080525648,0.0023524646294139666,0.0011311173277436999,0.002706520398857464,0.0018009393767888116,0.00396411767095952,8.569965809387195e-4,0.0026066375951762756,0.002176472736203952,0.0025472651213607335,0.0011530820619272675,0.00196514770168367,0.002845555536167942,0.002354998164635785,0.00084851517226665655,0.0021781801813324127,0.0010557727327634844,0.003642427301560282,0.004419241853234028,0.013570282935518607,0.010096938298800984
0.09593410028864359,0.03983806897982909,0.017966022656967038,0.009412918644198588,0.16012999598962008,0.008881406189012444,0.09279135101362763,0.0034524274275575277,0.003192749063564087,0.0035249685002509594,0.003436657566644215,0.0019434377914320385,0.0050313426829683375,0.021977435764898957,0.026372625613571943,0.16284909495153202,0.0017299432095666558,0.0036067097446981777,0.0011481049156269049,0.0016505695622679388,0.004471806948334901,0.0016883941536648805,0.0015644361439032996,0.008731951056058054,0.008315098019266378,0.021700155897966044,0.16900384348686073,0.002444649325553487,0.009694101954083725,0.01863368575085438,0.0020875221861612397,0.0022903627308242204,0.0010124476135040753,0.01804803066340841,0.002121381965331358,0.0015622652028588495,0.0025562204024149405,9.219235790241163e-4,0.0026675379864054597,0.0016383591124593695,0.0031430214775814143,6.624058087416118e-4,0.00238710822681365,0.0020736669516595585,0.0024348010662408577,8.295406522346526e-4,0.0019465640727482927,0.002789969493671296,0.002346547742926613,6.436086201502744e-4,0.0020602105670377625,8.383406868695788e-4,0.0033451588148555277,0.004319470085699515,0.014438993386741969,0.009716487610611209
0.10199567311763556,0.03756557911554672,0.019309665390969975,0.009530108735846437,0.14788024093040394,0.010550426078968396,0.09925657463492386,0.003725713537843354,0.0030564712564363833,0.004209605000484571,0.0036301490793871926,0.0018392370820692842,0.005966481785582019,0.02528255326097963,0.02336046252974138,0.1544609128773146,0.0014827487245176734,0.00434025446730522,0.0011541351016301823,0.0016001008768010152,0.0037481658193722627,0.0016200854265644193,0.0012750142048812319,0.009782023548353778,0.008672590520715645,0.020092969648993153,0.16454287345368424,0.0019754950459941667,0.00934550552037778,0.023860180544476965,0.0020324649038805883,0.0021129195621091947,0.0013693847321949793,0.0207742248815722,0.0022997730390121617,0.0015674578387081914,0.002281572626063849,9.475151555682756e-4,0.0029570542447719256,0.0017236922604703534,0.003361835362620088,8.253396155533802e-4,0.002353632070634939,0.0021454890907080942,0.0023736932516302024,0.0010605565865051032,0.002291707554576334,0.0031166186342449593,0.002408905627796094,8.768091138608742e-4,0.0021804364034056435,9.338937519381615e-4,0.003310774448890371,0.0046318059977855965,0.01483621250782573,0.010114233419871563
0.09534648468892988,0.037891745035819456,0.017892074109757402,0.009607816025589596,0.15029970992489525,0.009640015559675625,0.10049109374190884,0.003277166059187498,0.002926519446132064,0.0035479666468149775,0.003606312652010959,0.0022229014191592427,0.005852083707635529,0.02591771703255367,0.02427923029695092,0.16606455357989522,0.0017394338680603485,0.003986698932970389,9.78721435715041e-4,0.0017136694337791347,0.004582138455296754,0.001599942985734339,0.0018662622303255202,0.007933886876336822,0.007743084381775,0.021951508178384423,0.1644286133542104,0.002382462671607302,0.009613655337999015,0.02181208003706038,0.0023441105588001975,0.0023125785087047238,0.0013688415642098316,0.016999115799264285,0.0022179666331904294,0.0015146881675803402,0.0026067703061881525,9.569483784235273e-4,0.002666078578511802,0.001648780212672803,0.0032708637620359653,0.0010228903782454153,0.0023429813723992673,0.0018190016202575515,0.0027459816237661505,0.0011345721021785837,0.002215915384652754,0.0028116276790461545,0.00258188386849733,0.0010670149564583817,0.0022236727333542886,0.0010205266714983718,0.0031722203005132375,0.004178828149026914,0.013672804168492451,0.00888778841586014
0.10520595657696667,0.035324290211733646,0.017410839842867235,0.009587910941960208,0.14914887654143869,0.01021849924214086,0.09862499741062529,0.0034454010877313593,0.0028256644555179544,0.0041668799985556,0.003215257102295753,0.002293402050031686,0.004639230363327254,0.023174303627353548,0.030302122661977605,0.15306993609552252,0.0017227454343837784,0.004125410002803314,0.0010125304215508738,0.0016781583916981064,0.004575531582877482,0.0014993620120025912,0.0016618657677048795,0.00989170151512183,0.007665261621677425,0.023925977971672504,0.16465890218780851,0.0021741813151874537,0.009709522460664578,0.026176747867757703,0.0018903613565629026,0.002172005339755968,0.0013568489605704141,0.01664838598473699,0.00201222187571937,0.0016196189223892249,0.0022706056729989866,8.052932202367166e-4,0.0028914982773150955,0.0016419515952765446,0.003024457614527466,5.731324852003661e-4,0.002678404218161386,0.0020073647527078906,0.0024760327818882833,0.0010538005243056114,0.0019111914976349311,0.0031146168591065617,0.002675135042912555,8.747775065441315e-4,0.002022304121831194,8.804940862681566e-4,0.0038898360262627964,0.003768261765112556,0.013305483218378449,0.009304449530638552
0.09912192962608624,0.03552100564076934,0.019103921218924725,0.009258025086182104,0.15193623164778358,0.009608570243585317,0.09658037797436676,0.0033425487550405525,0.0029358402236718344,0.0033693150572357143,0.003338455839655088,0.002137955221084154,0.004973612751781583,0.02423044048472917,0.026048734440494294,0.15827136488483548,0.001709624757015308,0.003020299231434414,0.0011833082883559744,0.0017388285180846433,0.004317537559745542,0.0015493072683816344,0.0013106682080811526,0.007660049459812833,0.008212829629938726,0.02429915897758063,0.1780409114316985,0.0020683090198397027,0.009453572203443443,0.017882408090570876,0.002311132485128523,0.0020075482878657847,0.001436548469504049,0.01703504363623354,0.0021402905226090797,0.0016101767335945478,0.002194106725260161,0.0010890526486040698,0.0024216834130804765,0.0015779010912648464,0.003187848909653306,9.405463232240759e-4,0.002549503389660515,0.0019533897724500716,0.002475673450692248,0.0017186564988451848,0.0017475479847825152,0.0030919398054717944,0.0021631960442638474,0.001038301411534578,0.0020508550267522175,0.0010134903592770284,0.002811229725063482,0.004082564078682855,0.013998948402465563,0.009127683063826364
0.09730164129253684,0.036077855543132975,0.01723326432509065,0.009688764684543329,0.15011628313730807,0.010675301066452604,0.09927745079634881,0.0030624293731130498,0.002758080639128152,0.004285531680468623,0.0038480573233779384,0.0019939041238433036,0.005245064491445086,0.0245587209398645,0.022064538358423,0.14946713723039562,0.0015680320267243823,0.004479669612436424,0.0010974606543262934,0.0015096635217541558,0.003893503596074441,0.0016179391478519894,0.0016295454425747963,0.008821293872330683,0.008313480443373078,0.021945425767171605,0.1847749865865781,0.0020936444251572475,0.011080607837869058,0.019446802901373357,0.002137353290851901,0.0022722840456875794,0.0014134949234385836,0.01868524368986264,0.0021868729800033513,0.00149247583133299,0.0022388818792281264,0.0010730702799306958,0.0026420718795051655,0.0018122213280998048,0.00340901005113606,5.240522956817553e-4,0.002432890695089489,0.0020536625281461635,0.0026933040916000766,8.550429219034194e-4,0.001860729312392336,0.0027874266615430933,0.002735764450349625,7.084253899449259e-4,0.002211486652142759,0.0010648867444523831,0.002981603141438573,0.003807974995506372,0.01361314246355229,0.010380546636111711
0.10012322288135718,0.03723217346420398,0.019621143781270244,0.009304244293684299,0.15794165911830646,0.009035658637227363,0.09588534616394216,0.003216020586563871,0.0030477637073388288,0.0037043270804623316,0.004292576170954422,0.0023551717471736837,0.005699599863405827,0.025196164395495668,0.02721968128338249,0.1510302233612491,0.0017546518211754684,0.004843172603884199,0.0010674360912224978,0.0016791100464475935,0.004896171043021047,0.0018066327632595862,0.0014199183870078026,0.007464864793006627,0.007630483679680733,0.02259887052493916,0.16812175558315753,0.0020639658695337094,0.008844808860354067,0.0220628774181643,0.002064226319443616,0.0019402018372957108,0.0011697834309885604,0.020647845491229153,0.0022539812075418487,0.0015800353347776507,0.0025522933688812218,8.041041608126265e-4,0.0025042136658782574,0.0015788294840934926,0.0035295473704377084,7.665231878634772e-4,0.0023643477290038522,0.002056497350040594,0.002461691488186031,7.590846590183623e-4,0.0019725499473243276,0.0026385198486355596,0.0025467287205743973,7.508466283591872e-4,0.002019138301812006,9.810593339299224e-4,0.003674564679997018,0.004147558079188091,0.01288584720080612,0.008190285153008878
0.0963266727820458,0.0346733476427916,0.01699441790416079,0.009838296676295016,0.16204335274466958,0.008962235918909801,0.09728239441359503,0.0032678868589740315,0.0030433231014670684,0.003906363280026857,0.004109517859185809,0.002162911706562836,0.005000425239778879,0.02117136830753805,0.02794866475466068,0.16140918569003548,0.0017803997911151866,0.004014317201623431,9.062939072920045e-4,0.001653983437632434,0.004140846608705972,0.0015930914175103545,0.0012771408295863935,0.008897617498899378,0.00739290678430438,0.021610713992361814,0.16808467438690922,0.002250424990123209,0.009685296273453433,0.020224038065435438,0.0020244261307647907,0.0021523096607952742,0.0011042923928996516,0.015912618437338877,0.0022022483403361746,0.0015691009778433787,0.002767950386095694,0.0010512225965363864,0.002400558734452739,0.0017583270908426523,0.003276626816803355,7.308032308930343e-4,0.0026593217384239423,0.002054269594154924,0.002707190452964687,0.0015763255866199485,0.0021819694927999846,0.0027923680440447066,0.0025815519243065983,9.146883763907448e-4,0.0019949057330646788,0.0012791352456306693,0.0029139004635043548,0.004059020444357289,0.014339007071268372,0.009343750971217068
0.1051788189098693,0.036636805762049786,0.019078510489638694,0.009383499101466408,0.1557958267469982,0.009580619981821081,0.0934793275237341,0.0036489752933439906,0.00303959831095106,0.003379852369515372,0.0034009798730426557,0.0023528243937844407,0.00553641032869719,0.027153902530604537,0.024684209668911182,0.16625257647144695,0.0017458266857136432,0.004151257836959355,0.001024480118523775,0.0017522054498370276,0.004921574507811283,0.001513309634670518,0.0010952592313218388,0.006376814337056963,0.007527402016006741,0.019052554576294314,0.1629947246920974,0.0021872494784508346,0.010735752260612425,0.01790921236933327,0.0019541636354356512,0.0022098107531537963,0.0011830522283602387,0.017156110056851574,0.0023629657545619874,0.0015878159743863676,0.0027293158536457265,0.0010467310029738009,0.0026925336273304467,0.0017044721440667282,0.0034837592565424864,9.199260006832614e-4,0.00232455160383729,0.0021202059033003815,0.002559823488339077,0.0010727367830033138,0.0019014166770803924,0.0028276801422548654,0.002566969100314918,7.51924456518105e-4,0.002219177420155086,0.0010348788477893757,0.003317986490792424,0.004251440219532905,0.01409424191937659,0.008355949709148956
0.10007081722751202,0.036798480937522686,0.019993435649063408,0.009515972701578373,0.15120311931413352,0.009136870565958789,0.09162172248979639,0.003537741139824551,0.0029374797723105417,0.004095754436364149,0.0036850368027211075,0.0023504662760437927,0.005649158316930182,0.027560191194854266,0.023708918679351636,0.16571728147514042,0.0015237551433649494,0.003911229159739049,9.768809412063202e-4,0.0017274181241103475,0.0045111458722527755,0.0016022908336330286,0.0013259143284894916,0.011940069790419646,0.007941060705708916,0.02822971853481441,0.15858342140192347,0.002042668273859108,0.008682967733806975,0.021621793151291282,0.002349263001707247,0.0024559927223250853,9.822771659409944e-4,0.01662725528958338,0.002157930406774522,0.001551875621686727,0.0022805387429762052,7.770915900989548e-4,0.002658148900787783,0.0015888417896254771,0.003314852737229979,9.060742795339071e-4,0.002246622016426775,0.0019501193814161876,0.002339632431357785,0.0011655613211332134,0.0017853128437797159,0.002873364788098244,0.0024557275686302397,8.851768172388584e-4,0.0019758425429659485,0.0011291600873715598,0.0036047620843272545,0.0036987195284615007,0.014543682272377689,0.009493393094419168
0.10070520219884507,0.03680255651987855,0.01865318463872478,0.009261599044434942,0.1546765383253128,0.009085890825394176,0.09002687923853343,0.0033408067384333557,0.003184288716991388,0.0041311640181949634,0.0035122757984237503,0.002012357525468698,0.004795776060709332,0.024590085719383904,0.024705153697649876,0.16566514283135217,0.00192422551287351,0.0032515359563108142,9.483222115639748e-4,0.0017095746401550314,0.004563468080218285,0.0016943707046442552,8.511454134858765e-4,0.007460407672027232,0.008063497683812728,0.02495507259235599,0.1612877679657101,0.0025586873140245408,0.01001927556563823,0.023864347924898204,0.0021315692404810503,0.0025749999843848645,0.0010767936661899536,0.018149479263285292,0.0022927677724564137,0.0014842340234618304,0.002621026066661393,9.187158061943141e-4,0.003221227326250265,0.001671982452606245,0.003596305361636838,6.63134555439089e-4,0.0023690369721052545,0.002134832881026808,0.0027719086825872766,0.0012643921861640618,0.0022362640457662553,0.0032632128587111926,0.002628111959485062,8.238834515171237e-4,0.0021214265251424417,0.0010194320820500827,0.003420962681636928,0.003988286229012043,0.014700048852611083,0.008555363937686782
0.103808689019808,0.036119736124649575,0.020175093366714893,0.010272977355208948,0.15219179466924482,0.009898505185751569,0.09348555737299105,0.0035578756290048615,0.002970492979662057,0.0036744557659871765,0.0031167828960400406,0.002382076148375948,0.005382087371808901,0.023333875581995258,0.0274813421872799,0.16809281473358434,0.001626942825270196,0.003585820945501743,9.342424600446063e-4,0.0016226461109689729,0.004107804420143882,0.0015389110289950635,0.0015083420466430316,0.00823462539585254,0.007668026395218072,0.018358180629006612,0.1565439701971301,0.002215323976437396,0.009443358494805201,0.029108480669523866,0.001959636805018356,0.002345123841030129,0.001330313879914129,0.01714400537479944,0.0024773796838422667,0.0014547712444278628,0.0028107879922653844,8.163850656815062e-4,0.002649554700907981,0.001694385614902344,0.0034412455259273623,7.462209467292241e-4,0.0021988451084418883,0.002024554583259916,0.0030891921181260768,0.0010017604152432903,0.002114335379692483,0.0032375076206769583,0.002610649025917289,8.293455042772266e-4,0.0019046090369139537,9.454574568075443e-4,0.0034117026023274557,0.004138483933083069,0.012429115949051547,0.008753798607086714
0.10752859233005645,0.03920991084837738,0.020465294505646683,0.009381311940705465,0.14732330667331528,0.00980625892683828,0.0936071538833373,0.003442445092243945,0.0031043445331359176,0.003956430615734929,0.003592909579979128,0.0023533685805414723,0.006210519153362858,0.027670448981219013,0.022031232067860344,0.1677079590652875,0.0016528638135959168,0.0033775476863629255,0.0010132811834127505,0.0017548228905609076,0.004815484503255348,0.0016622618417874808,0.0016032110708018195,0.008969263617118545,0.007140895729165515,0.022235903629400713,0.15038621781461495,0.002431474721768904,0.010829407265429596,0.022928880407407815,0.0019254495952349515,0.0024467896249911027,0.0016259905719565421,0.017531063075809653,0.002182138065249848,0.0014381173562156627,0.002415751220796982,0.001214728103746757,0.0025011905014386995,0.0018019272709451674,0.0035593558862201933,8.09280313208037e-4,0.002383822054835343,0.0020024389821559664,0.0023099514344320973,0.0012667767229477937,0.0020143641431185117,0.003640558244865562,0.0025746899982666783,9.926116433877823e-4,0.00220993543742185,0.0010483334492200256,0.0035506453488292713,0.0046316335730801584,0.013227841861496219,0.010501612567804013
0.10281704056306755,0.03947679555950808,0.016371600037989452,0.009030944277325353,0.1570822132727811,0.009712339232203842,0.08529224682609676,0.0035544965055527983,0.0029698798668661066,0.003457954034630123,0.0038355550712037513,0.002192747424653753,0.005040539530334575,0.026754510172289404,0.029356137376220552,0.157270876400449,0.0018436654179296785,0.004274891935589354,9.573244600439708e-4,0.0015629549914149227,0.004833835308519831,0.001631617877281224,0.001401144126565559,0.009321679027356217,0.008624600269685492,0.025237056887166914,0.16368659371704897,0.0019764095616210953,0.01145473672085953,0.01962027702648868,0.002375496741988803,0.002199269494875226,0.001204500938028178,0.018108005521955982,0.0023873187890953657,0.0014402825984881872,0.002276704820223243,0.0010669290109324265,0.002801330511997591,0.001723592318656811,0.0033314319712386964,6.554087876197238e-4,0.0025076283637831165,0.0020468060863471876,0.0021413348567156467,7.828458443983242e-4,0.0018867937505561074,0.002760453541959867,0.002768090520514933,7.900857732888459e-4,0.002185568450326412,0.0010790707210563478,0.002811814784133189,0.004392372859632539,0.014237909921301986,0.009396289542141625
0.10431005910847699,0.03864341221978165,0.017617708992849448,0.009189466589396844,0.14776760494204438,0.009632177044796299,0.09884863155537729,0.0033119546537847266,0.003046474369402968,0.004136754451436084,0.0034071256159517826,0.0024456399340041677,0.005479727567878149,0.023224182547548683,0.025078303369609926,0.14809870283289236,0.0014633500617878415,0.0039364354710590315,9.215009170095423e-4,0.0017483780360079081,0.004264495285274305,0.0016830069629628051,0.0013172274866994585,0.008526651184783286,0.008108042308285327,0.023415894417038667,0.16986370143637625,0.0022318601438501675,0.012904025381399337,0.023282841650945008,0.0024529689992955485,0.002224404088670713,0.0011918537340748782,0.01854509876867714,0.0023556408327290025,0.0015734453838187987,0.0027730972294965988,0.0012681435239162984,0.0026848038262800773,0.0018822207485008273,0.003371915601366132,0.0010754896631486146,0.0025806418771636345,0.0018629591016670706,0.0026429090977935932,0.0011693416068499858,0.0022582160332669265,0.0029647214701410975,0.002657884365421522,7.516584831595558e-4,0.0019515296206087582,9.994951789046806e-4,0.003090767473791853,0.0040443084672878715,0.013274424347678991,0.01044672393757905
0.08980349536025814,0.03812474210661482,0.019309627773980504,0.009341766994814007,0.16567235575808972,0.00958514575157615,0.09757612451667667,0.0037852100324694436,0.003039730993864293,0.004000660613668452,0.003450487453990788,0.0024241235971501065,0.005302498707279712,0.027143659524721513,0.0270732398121908,0.15692576676333359,0.0015849518703208907,0.0031444304535886607,0.0010350333759336367,0.0015934088071076168,0.004242627364647858,0.0013930824334699695,0.001033602722065779,0.008513949844024449,0.008561562355909063,0.02267895691929688,0.1659827629931482,0.0019228699764006912,0.011158298674774265,0.018882482288911647,0.0021091639626822176,0.0022018260306755407,0.0010617229442036371,0.016756683807308926,0.0019552684077266793,0.0015394444945104804,0.00229482622165996,9.179726251563124e-4,0.002797786294073359,0.0015235452042731907,0.003182633049688482,7.041899527700065e-4,0.002009672890277987,0.0017860008854726057,0.002606441556031893,8.602598723003174e-4,0.0019556343979688687,0.0027723786602744218,0.0022674447210802506,6.785450205579511e-4,0.001870874983187263,0.001074724115370692,0.003392828590608822,0.0038045335694262368,0.015897529844638682,0.007691412057796986
0.10609612840093059,0.038128276485587746,0.017880687642714662,0.009357012155377148,0.15627673978817802,0.010362143846970432,0.09473190440294066,0.0037950727636349908,0.003010324470448242,0.0038613991759358516,0.0038291023133530696,0.002191671916026785,0.004675334010836046,0.02568035905721365,0.02228326316798922,0.15069530577673987,0.0015443156515049068,0.004212259938545315,8.697117791131675e-4,0.0018515916630134413,0.0036084812735303357,0.001803285532951262,0.0014054660039003275,0.009139970678440757,0.008112607275570746,0.02496774876875722,0.16768976394001697,0.0019702813707172164,0.010759256096420812,0.022146279593526812,0.002048525899463626,0.002312319214745152,0.0012637347670915846,0.015794258179519446,0.0022165678673151832,0.0014009705659589972,0.0025156178409045174,0.0011905031651432533,0.0028705097581565742,0.001671266632960997,0.003975062345130442,6.987737918731936e-4,0.0028422770308038536,0.0019911922729909286,0.002819258467181566,0.0010165965145001307,0.002071783721868858,0.0027707151840257365,0.0025498039475513523,7.208399396296471e-4,0.0020641893299512652,0.0013126379139218852,0.003342641358068873,0.004320983159922941,0.011582040825696489,0.00970118536473729
0.10247847346133739,0.036938083013646816,0.019699473212267078,0.00945990088416128,0.14445893917754385,0.010263957808352323,0.09930503944501538,0.003431035931456995,0.0031689314129227397,0.0036467525151960955,0.0036109058943414084,0.0024684258103386024,0.00462891307728052,0.025501876661601367,0.020952479954419408,0.1719222711384165,0.0019268730139939984,0.003988864902297906,9.170004027011496e-4,0.0015703484350497346,0.003945676875535602,0.0017214015663249461,0.0012831478218160261,0.009294711875892153,0.006826358789081768,0.022483774298413903,0.16183595059293676,0.002136439532587094,0.00913387962134406,0.02199350717768562,0.0020386168366642653,0.002370266021151442,0.0011501302514796796,0.016988271566528983,0.0023645948110525253,0.0016001592493343933,0.0026441031105514917,7.771355961453449e-4,0.0028272510456367585,0.0016457123008272176,0.003695190294977636,7.872532804542592e-4,0.002601798225458792,0.002186131372769217,0.002699746058523548,6.624464939130013e-4,0.002381394417211845,0.002880889108736537,0.0024801053958807846,6.58248243251603e-4,0.0019220177727852315,0.001064993371830364,0.0032072076695634695,0.004811342803763682,0.01289162792058243,0.00966997247696706
0.0997174865474312,0.035524346398628046,0.019653068468956113,0.009139905012767372,0.1561385757453954,0.00990631183668191,0.10129823780118717,0.0034328197156010473,0.002873471146225442,0.0036013735743977825,0.0034572893362900784,0.0022075815854175835,0.0058859101871995695,0.025514861612777107,0.028302660473869572,0.14416845222758076,0.0018945615668150805,0.0034680046682513087,9.006440985464409e-4,0.0017385293917353596,0.004373078826965191,0.001428642267603697,0.001585896144237291,0.00837842643039509,0.00814853185860278,0.02296700999438359,0.16958919815932794,0.0023752923177822317,0.011686223699554701,0.0210647855950455,0.002235035424302707,0.0022085421890092366,0.0012038236434844135,0.018307802863316628,0.002365297009474693,0.0014896780101992762,0.0023563879332304154,0.0011324924361163905,0.0027731322009566612,0.0016512274378914673,0.003416249189715153,7.568991655785397e-4,0.0025882172401338866,0.0018886919190221343,0.0025105799133247403,0.001061775765116357,0.0019087195894159899,0.002639412936857525,0.002740540674413594,7.819267786351231e-4,0.002071749431329821,9.478969025091918e-4,0.0032286513630900315,0.003394550516921419,0.014500881529536224,0.009418661246766071
0.09734051456594238,0.03528338176168232,0.018520919141358286,0.00936967175343861,0.16462963659040108,0.009154622532972782,0.09117636461759318,0.003385547403932181,0.003108003787354347,0.0036567452849955258,0.0040284325703706745,0.002161117159244035,0.005308240330975513,0.027060512488426947,0.023986446263625116,0.15944205568906927,0.0015149577989338487,0.004303504913061254,0.0010031237206578588,0.0015479712794367402,0.00403877298265157,0.0015816259537579972,0.0011613794089853583,0.007248787403413409,0.008167457267065891,0.022631189887379163,0.1682524564241244,0.00219116437872655,0.01019645513186518,0.020375838138958394,0.002208719213633777,0.002442035708205979,0.0013746107820882178,0.01625813107393171,0.0022895234217020673,0.001641212808876994,0.0027442953853884927,8.51161055242585e-4,0.0025998127155104187,0.0016233055859550245,0.0035781704485883664,7.537711831634459e-4,0.002140627843443649,0.0018197003101618782,0.002772661902324744,8.371799426045214e-4,0.0018663025679046766,0.002868280292430717,0.0027442840729781045,5.724748400345488e-4,0.002121622393489725,0.001249022413284367,0.002956940179621185,0.0049459772753005235,0.014198057482328363,0.00871522247140612
0.11066921795580613,0.03633577186232569,0.018701571865754572,0.009709717414349811,0.15084303377550873,0.00969568060562645,0.09266950156801881,0.003730352085907296,0.002936406938449711,0.004998666766340006,0.003591539142252042,0.002167428493129209,0.004637882299943071,0.02414707864445261,0.01942754609328857,0.1675584289250372,0.0015275249412157502,0.00338695897391207,0.0011322141218252384,0.00169813868947626,0.003689478764523481,0.0015334242469161891,8.907222960194874e-4,0.007462555680790715,0.008260054548777842,0.02041240671087129,0.16839016537636095,0.002048909695331558,0.009075823927204263,0.020700065638328286,0.002422830320506345,0.002334187086434251,0.001445275222213456,0.014265324281376203,0.002245694048796792,0.0017267340238679315,0.0021893358377622816,0.00123997362051912,0.002389351778079731,0.0016616278079217709,0.003203559611833373,7.487255098632381e-4,0.0023239878497295008,0.0019731871473542464,0.0030706136348974144,0.0017117567206360843,0.001986503499784654,0.00289156189991361,0.0025659426311118363,9.40920700913116e-4,0.0019968274907152866,0.0011631008272740763,0.003367880265071269,0.00468613064958809,0.014901097243611359,0.008519602242481746
0.10317902763512678,0.038258535191466304,0.018788249147524288,0.00946008374164166,0.14805588519661636,0.009447406612012198,0.09527917533474672,0.0034275361118505498,0.00316959413929185,0.0034617219478471346,0.004140472429875216,0.0021376594719001367,0.005159615546615024,0.02432126589120691,0.0258693779010044,0.17570117650600459,0.0015122846477250928,0.003988084027841628,9.592188462649666e-4,0.0016161765625522812,0.004150558649306489,0.0015860518555323086,0.0014202719345568773,0.007590127345708221,0.008905258444904432,0.02015981401154651,0.15465748580596592,0.0018812450551897383,0.012122211817523343,0.01916001840851862,0.002104453896126878,0.0024989967987493478,9.990338911688658e-4,0.01970276710975625,0.002151858758569365,0.0016987232897179684,0.0025708324794922344,8.076208080787471e-4,0.003219041414228475,0.0017507578642173098,0.0035475948998768547,5.968888604137481e-4,0.0023253628275069914,0.00208335640037333,0.0027195449736311097,0.001141811788646763,0.0024279028075726303,0.0031679749608244114,0.0025582642886383808,6.801245676530933e-4,0.002042642900153781,0.001084176348246022,0.003331116702073444,0.00345840190852838,0.013130269463832868,0.008634889774056265
0.09563207345415949,0.03587255418910763,0.02024879157852993,0.008810322562202726,0.1595633701051618,0.009025347514944666,0.09476934299856579,0.003612347652046662,0.0031156036778136166,0.003529797710198473,0.0036129877683911673,0.0022117609190657945,0.005838373013073148,0.021439849736761836,0.023523469083417983,0.15718869163130136,0.0016899727853489498,0.0049379970217998505,0.0010494873343669402,0.0017739027618176647,0.004319142784410465,0.001585072733273853,0.0015144574038984983,0.008533245394725874,0.008467522821617978,0.021170088889874716,0.17221720959852913,0.0024092654122108664,0.010776690438251206,0.019598531504253502,0.0021227667319777487,0.002366881486685295,0.0015684903167189233,0.018905281463714188,0.002260156861274696,0.0014485784447853928,0.0025241171636032557,0.001172277152155027,0.0027682650733416234,0.0014405656181395476,0.003242180801906888,8.983666866451717e-4,0.002641319250429865,0.0019858984200014766,0.00266131777730322,0.001471552242855772,0.00209644383764366,0.0028303579183112794,0.002176184961197251,7.934334605052572e-4,0.0020331428140634815,9.138723518943601e-4,0.0038845587142449347,0.0037724160435208777,0.014156059879783984,0.009828244048175255
0.1014135606578518,0.036212534608078537,0.019229694069613956,0.009088614708866443,0.15507298162217192,0.009335079393643366,0.10142136471788499,0.003470984626071142,0.003300271025085108,0.00446072281411444,0.0034131635669516274,0.0020631815603904076,0.0049748360039183976,0.022694908018696856,0.022669142321349967,0.1452541112964979,0.0015784498188892216,0.004317627808326976,0.0010098280672762696,0.001497576380797727,0.004193045030033786,0.0015472128679890277,9.984646850247348e-4,0.008535925795714994,0.007784524911635961,0.019485257505447467,0.18150805037210282,0.002050027310793192,0.009782659730462984,0.02558603744358258,0.0019263573985010623,0.002163877280581373,0.0011771443550811168,0.01531093916368757,0.002205355394101517,0.0015482935139199475,0.0024117275376167213,9.56698551096348e-4,0.002586994964563371,0.001967887842199363,0.003655924206816824,5.719103198582046e-4,0.0025449012595885772,0.002048408324496684,0.0024179784887610185,9.978210179609538e-4,0.0019767866507815735,0.0026277674513392395,0.0025920032442988774,7.382137611135312e-4,0.002199238766048303,0.0010705871701442709,0.003766869200200557,0.004899215295897829,0.011489900620004531,0.010197359482075959
0.09880561678813855,0.03586815739786745,0.01826472691793143,0.009197014286785796,0.15387806480696734,0.009323528848011993,0.09616231147550616,0.003701353107695896,0.003109493809654825,0.0042292665447844525,0.003273924496230919,0.0023936656304675225,0.005099252955874161,0.029588172681807696,0.028135123834796244,0.15225678782575156,0.0016780419055298717,0.003430765598791185,9.6934009693585e-4,0.0016875787090631787,0.004869701424129058,0.0018077212873778912,0.0016745802740171288,0.007675509007419154,0.007856762381919126,0.023857063341638327,0.16460726237273282,0.001961602855375935,0.010560229118555548,0.024072535485048282,0.0019916506794460677,0.002196968279996228,0.0013276656760189986,0.01723568910000105,0.002365043623538766,0.0014346639166270697,0.002484525006052685,0.0010757030814454208,0.0025256202015970547,0.0017527774679355057,0.003105238492298517,8.989696128582626e-4,0.0024999655125512083,0.0019985039681258304,0.0029168918314003167,0.001098380178029325,0.0023029398625169836,0.0030086935449448976,0.002535024285028065,8.342188375050925e-4,0.0022154553498521965,9.809130271790545e-4,0.002848780421093661,0.0038776595098555322,0.015010454539208967,0.009482448728087981
0.10062878927928856,0.037818947647103945,0.019683992734831925,0.009235728948095224,0.1504167993575612,0.009618198050066418,0.09524498808033571,0.0032797744820467437,0.0029450541984068824,0.003633818493638816,0.0039160495648860065,0.002266426247738667,0.005676326074606418,0.022135716938362,0.029379515987980304,0.15464822176010282,0.0017748982422973061,0.004167208385030081,9.83663445532967e-4,0.0016596866038352477,0.0038050090215695814,0.0016399930344348983,0.001084481992372002,0.010535411249134308,0.008579511136887144,0.025663050876084066,0.16712927653115123,0.0022541107861552673,0.009444731302944456,0.019602402828587242,0.0020110305462788585,0.002288996755292213,0.0013408460410277519,0.021140703678740505,0.002174955206234422,0.0016284555682554481,0.002394543383285269,6.768330095921808e-4,0.002848117331045169,0.0016051813835623078,0.0030828590800848253,7.496016732509854e-4,0.0022991141371583577,0.0019893661356302572,0.002684689612134822,0.001201589403615301,0.0019818140433762953,0.0025241234237009364,0.0021262673843671005,0.001000613014029668,0.001986669428739486,0.0010580096857813765,0.0031917224141394264,0.004116070816014385,0.012685372771601594,0.010360670791993608
