i2_health,age,household_size,cantril_ladder,r1_1,r1_2,week_number,hl_covid_num,vl_num,region_Islands,region_North east,region_North west,region_South,gender_Male,i9_health_Not sure,i9_health_Yes,employment_status_Full time student,employment_status_Not working,employment_status_Other,employment_status_Part time employment,employment_status_Retired,employment_status_Unemployed,i11_health_Not sure,i11_health_Somewhat unwilling,i11_health_Somewhat willing,i11_health_Very unwilling,i11_health_Very willing,WCRex1_Somewhat badly,WCRex1_Somewhat well,WCRex1_Very badly,WCRex1_Very well,WCRex2_A lot of confidence,WCRex2_Don't know,WCRex2_No confidence at all,WCRex2_Not very much confidence,PHQ4_1_Nearly every day,PHQ4_1_Not at all,PHQ4_1_Prefer not to say,PHQ4_1_Several days,PHQ4_2_Nearly every day,PHQ4_2_Not at all,PHQ4_2_Prefer not to say,PHQ4_2_Several days,PHQ4_3_Nearly every day,PHQ4_3_Not at all,PHQ4_3_Prefer not to say,PHQ4_3_Several days,PHQ4_4_Nearly every day,PHQ4_4_Not at all,PHQ4_4_Prefer not to say,PHQ4_4_Several days,d1_comorbidities_Prefer_not_to_say,d1_comorbidities_Yes,vaccination_status_1,vaccination_status_2,vaccination_status_3
0.0263995562927162,0.04439110628981409,0.05511653495603258,0.01725988080621107,0.05635405745265023,0.01584011062054687,0.033534636098799586,0.0059601178880014805,0.006283685231254294,0.003141189029531756,0.0032855356899325573,0.0040085679027469946,0.003974060301316662,0.049075256251317034,0.014974262926468442,0.14510592871250672,0.0016504990007139668,0.002934693003279325,0.0018046950248408384,0.0033647492238623846,0.003648611343867005,0.0035729483561258513,0.0017656858555837422,0.018436805074361573,0.010755696448281822,0.02944892560046287,0.22978680493025966,0.0034143677951619872,0.014358339007830793,0.0128929008755664,0.0032167623077451776,0.007965688615612932,0.003704503447794955,0.013712139719742882,0.0033325726022323887,0.005238463944088472,0.0126575705630696,0.0021189692255430105,0.009231469694469842,0.0038310913474113805,0.010361418786437194,0.0016207770529375646,0.007126739393479791,0.004218830039040881,0.00438585572013111,0.0014018681271652132,0.010215496427078656,0.005165502940927918,0.005508973991119888,0.0010226108629911924,0.005537067812067254,0.0013530932094890928,0.006095699098770319,0.01470258220422623,0.02880542052317923,0.004928624353203074
0.026533105590730646,0.044175333704971495,0.05129767873918117,0.0162887342345648,0.057745367007747885,0.01617198618983977,0.030004045988668418,0.005661003142598675,0.0059894653773831085,0.003086264355845604,0.003578693009682144,0.0036335192586590733,0.004017979692784754,0.05103033757502,0.011080232157460554,0.1535507166769703,0.0019283686790618326,0.0031444392436883427,0.0017122874943770253,0.0034676516068445676,0.0037739144408340097,0.0035371492835746168,0.0029449891933939483,0.019798587653848208,0.011099652811913085,0.028601125515335425,0.23215966334371285,0.003733775332680012,0.013432538290705155,0.014351536226614968,0.002962629142918636,0.007383575856477783,0.0033920564700347117,0.015382475812040037,0.003950106191125589,0.005094054237964643,0.014435369571249967,0.0015538981993883279,0.009611065331140136,0.0033075039395709547,0.012602013184471504,0.0011535084291140496,0.0065059518729887016,0.0038234986840238933,0.0037512095718994225,0.001681504098395835,0.00869324127037535,0.005003742957533643,0.005771798967611893,0.0011731778578004351,0.005320594925189621,9.638146329549714e-4,0.005654012626342016,0.017112163722602724,0.02138000902454546,0.004806881603547281
0.024526867550701714,0.0455598910947979,0.05008805522281138,0.01632791876615484,0.05322940354405853,0.015613471841185094,0.03522588085029553,0.006254587008226342,0.0056338472827239736,0.0026741555478828564,0.004038072911240121,0.0037733307324335596,0.0043897640833015375,0.05125375696800942,0.01373554252501799,0.15755573819367175,0.002026908893785028,0.002946470883105854,0.0017374004083838643,0.0031862154527898855,0.004122963256989713,0.0033561318480851226,0.00337539766679572,0.019641360040111713,0.011152317802840764,0.027867811498471506,0.22975803889019658,0.0032856381038529935,0.013275098956287491,0.01198975183918553,0.002442463643695,0.008223253764024828,0.004524770497642005,0.013762866378374218,0.003724778921024784,0.005442476698264177,0.012598868390411706,0.0021053869475433453,0.009399558956992004,0.0034139461175424607,0.011575178092398008,0.0012614987289040298,0.007010846858456821,0.004722024446435878,0.0037858931056288896,0.0015579132029265989,0.007639408244888675,0.005655639266671048,0.00584012916854839,0.0014558687852159588,0.005004073385550559,0.001073034550637518,0.006375184058498802,0.01626471811997996,0.022732694325106703,0.004805735681243375
0.02358741445255805,0.05100319010959869,0.0541038239673555,0.015491732538380503,0.055367192582139936,0.015380030616234608,0.031213618051023708,0.005798911224681518,0.005773151718045542,0.0029235967597159565,0.003656039206199517,0.00374294161934914,0.0035091971459171394,0.049793421842315964,0.010274218858584327,0.15695356002816882,0.001982676554154134,0.002270695933285711,0.0018277955953526403,0.0032320267029092744,0.003315446310655639,0.003288445324104608,0.002883315218085827,0.017488680203028274,0.01200187579584731,0.031620600745548885,0.22865808439092544,0.0034895962088241045,0.01447726482337647,0.013482677065715268,0.002919224426706458,0.00758497625315394,0.0035359896458436123,0.014133173602870206,0.0036237650520051273,0.005697181425836799,0.013597833865438114,0.0021379138635955115,0.009707622991980734,0.0033342736664599346,0.01230826428880875,0.001524274155451995,0.006362009785948856,0.0046940823305837345,0.0030434605484137237,0.001288516455960797,0.008806450416654822,0.0052978071383036375,0.0057823054770571244,0.0012529600764377893,0.005269912417754578,0.001115047947695033,0.005326267694778703,0.016196233854143885,0.02211613240844214,0.004753098617591471
0.024611607321295532,0.04394418535473847,0.05794175972835021,0.016306591876964982,0.05532225139633037,0.016152555426708307,0.0321866537421315,0.005780095920971312,0.0060768949905649124,0.0027870860721271942,0.0038949110314449994,0.004053924923678909,0.004145166463524534,0.04823406944420748,0.01379181408099605,0.14864213576869612,0.0021096033184550512,0.0026381990790584637,0.0016478134310809708,0.003058452778474364,0.003626434718465382,0.00345166867471301,0.002321020527577726,0.01848111644516809,0.011942976421170341,0.02961909381871894,0.23302396139704182,0.003379815289907868,0.01427079715033863,0.014290556985005988,0.003824617034815715,0.007311353145650789,0.0029724735086849555,0.013083257379915105,0.0037556025556981106,0.005462155081932117,0.013076117261507566,0.002101307451834066,0.009033316080721937,0.00391915230239656,0.011549488424934824,0.0018753967443846159,0.0069724213469769545,0.004495878261635432,0.00431734039375137,0.0016044901910501122,0.009305649804401501,0.005205199447642794,0.005569223717493736,0.001207894598372435,0.005865880947261101,0.001325389731900213,0.006118056700075329,0.015220487177609104,0.022352130873289452,0.004742506258156604
0.026957967761419767,0.04567832594859926,0.05458496323789853,0.016037922868312997,0.054550379703565514,0.016020467106864524,0.03230579031657945,0.005732821016152827,0.006000261365463271,0.0029302449845005915,0.0037478064984031254,0.0035078417345810685,0.0035020286186381606,0.049860875629906494,0.012009142702206774,0.1693670270426584,0.002069561099992502,0.002535508245144185,0.0015874454090110367,0.003441015389849849,0.004097252012504784,0.003963496207573954,0.0032692692980625785,0.018318889925824488,0.011057819306877067,0.028761888632557443,0.21744725626241868,0.0030238673194845273,0.014845199969331153,0.013137168859824546,0.002719934970076918,0.007943086724024788,0.0036763081961324515,0.0137898485782521,0.0038785159089082958,0.005529517802390077,0.01397436398450968,0.0018281231179141653,0.010270185205747743,0.0035823981962657633,0.01087898867036551,0.0013147883815001454,0.006876867366502733,0.004314475936516268,0.004314961341702839,0.0010171520656442566,0.009304194241061197,0.005020160461644991,0.005570451036498452,9.719338942188743e-4,0.00519158827303871,0.0013478638487355043,0.006179174295147505,0.013796328125895253,0.02167366231777582,0.004685622585322449
0.025621507458246526,0.051500628263715674,0.05192052000757983,0.01551865637785307,0.055318809755747586,0.015472967136650728,0.03566814478389026,0.005850908053024465,0.006058445313365395,0.0029936331312142967,0.0035420522817393146,0.0036456722182086313,0.0037684788122390642,0.04845682245370425,0.011927150239044249,0.13778163048688155,0.0018460907602620774,0.0023984522500850227,0.001503100367891911,0.0033835204721659267,0.004192928859255257,0.0034106532036064126,0.0022986814786639417,0.016682014021943508,0.01122452422586073,0.02952491268390724,0.2449917436147365,0.0035917409499803578,0.014255707335427161,0.014444009666959795,0.0027705635749834066,0.007456519636636974,0.003675541647785558,0.013904278516841203,0.003543724646437914,0.004958125934605553,0.01470541419134342,0.0026109407952754817,0.008695315670590866,0.003491969584942467,0.010647688685103926,0.0015122650805099887,0.00733368232956376,0.0038375978499193527,0.0038238633900687094,0.0013397792928049193,0.009306209144217545,0.0052899730964622105,0.00535106788030704,0.0010923097728616357,0.005694585574469282,0.0012738839770888473,0.006341666458177663,0.014601043977493325,0.02281759331215229,0.005130289315505968
0.025684690349362316,0.04848173695938355,0.050793456290016345,0.016022713921975264,0.05559833642798775,0.015275438791159269,0.03362145548081737,0.00571952299356346,0.006034887455352958,0.002716766925733014,0.003401890619110702,0.00370877058858217,0.003886576505349901,0.053854374958390995,0.013549570196747848,0.1496897770236116,0.0021070516550187727,0.0023598684432005815,0.0017088838160436123,0.0037266667309449816,0.003349755439822241,0.0035521916335269194,0.002444117088811713,0.02057448511697399,0.01203854284194717,0.03151650701084812,0.2248915769368133,0.0033025763408973258,0.013293868403450208,0.013358845282371723,0.0032990553025564967,0.007580757872158409,0.0036877590188810535,0.013489352981143898,0.0034630764425041443,0.006034076569190707,0.01652777224058058,0.0019369967653391643,0.009925481689490277,0.00305388879260518,0.010848002457509732,0.001407042134153702,0.006738424509918819,0.004220958832347369,0.003784726797753447,0.0013352941145975514,0.008869830877540312,0.0057352828248187935,0.0060962407072632785,0.0013487591010675382,0.00560995021188503,0.0010989237281630892,0.006917170851605601,0.016379708029325736,0.01924807287236726,0.005098492047417613
0.027319942580854444,0.0495851544545933,0.05673091520230323,0.016361586288592623,0.06087261394328058,0.015606040709447377,0.0337239030055119,0.006050415897425735,0.006742247998064917,0.002859216492495718,0.003630382597668659,0.0040427841065804005,0.003945019924440814,0.0480222765570686,0.01557520726565246,0.15279598528704835,0.0018414529193566472,0.00255295831739791,0.0018370985505426936,0.0035178669866637604,0.003616158540742312,0.003226373468690717,0.002737641201088691,0.021205134846831418,0.012653660497372488,0.02571555627489074,0.20449772139669864,0.0033398916594502303,0.01489331961360427,0.01699805173580275,0.002890337830638761,0.008280265634180509,0.0036427205592159165,0.015133147648254578,0.0035698518780159735,0.005388572150168402,0.01708795281576672,0.0019238608894376228,0.00968752542277275,0.0031110236501860045,0.012223501861211686,0.001736344239456626,0.006684562216532528,0.004704824636580496,0.004053437168482955,0.0018126938242432466,0.008739955863898764,0.005358143709419111,0.005217487550078332,0.0011287142301986762,0.005637223223513216,0.0011173573188756952,0.005344166745356884,0.014590692010525905,0.02378827917041593,0.00465077943241036
0.026317437920121013,0.052274304079933644,0.05299238572591883,0.015464832482274066,0.0529097309802764,0.015322254794254432,0.03347599753138729,0.005897378223672486,0.00655449996167657,0.002991474597043814,0.0035480506853443,0.003670540880430016,0.0041094310443321,0.0548468180506175,0.013263780478581478,0.15583065485028497,0.002104661583971985,0.0028533167131083196,0.0016924946581138723,0.0035581555692680926,0.00360350153857036,0.0037108595754685525,0.0026388463374076147,0.019393684628938004,0.010276342821289605,0.03063623842064342,0.21102313913974785,0.003593823418796687,0.016667943230261502,0.013290934648659757,0.0026467182208873385,0.008185884285596716,0.0034416538836505362,0.014862792459193617,0.0032127757757364,0.006888235040489832,0.01344867062061357,0.0017336300659676679,0.008977222152370432,0.003683360872071053,0.01309389121148812,0.0014290501658517545,0.007126649570286192,0.005378515571391082,0.003923561078989662,0.0014229957658306394,0.00853784760306466,0.005277993001420871,0.005759637975046014,0.0011546682057273468,0.006016269427216869,0.0011074016875328356,0.005800262827771244,0.015912128743383307,0.02141969468622805,0.005044974531799694
0.024176648891201268,0.046923015182321635,0.05083591513003624,0.016279035545254027,0.05933660737846436,0.015471557448058311,0.031683518770686245,0.005814960361334817,0.006146644920242153,0.0026501289151576323,0.0038711452420463325,0.004003866299458632,0.0034194837519140233,0.048348565075544525,0.0120678071693507,0.1609105869693826,0.002057174391654186,0.0025726847852491305,0.001598918333933427,0.0033196350130339173,0.00324783307660834,0.003624698387387066,0.003210521823793475,0.018156586204236356,0.010797808618560147,0.030173477739675898,0.23013861231632346,0.0032693348947556472,0.012886245235036693,0.012546831109111428,0.0031437481916698606,0.009055187190144042,0.0038718696673440537,0.013452765492251132,0.0037769916922352695,0.005787936194687814,0.013213157717223898,0.002513612315240407,0.009231130702417148,0.003202494134580828,0.011362160548781747,0.001901585920258302,0.006673342942349553,0.004913804294641566,0.003429252195941566,0.0014720440780330104,0.007958601525465575,0.0055479211758825645,0.005195491786917333,0.0012649824686794358,0.005653118928949831,0.0010625393882570478,0.005756247014339242,0.015335794657659356,0.021270415170100615,0.004413955626136095
0.026513974982401815,0.04463815454356571,0.04947604087804019,0.016270851472698793,0.06159150316008709,0.01567610153461925,0.03444638922900696,0.005579902094959725,0.0064044557549879574,0.0025345914066454887,0.003568137157248759,0.0036105332326064926,0.0035681102320740915,0.05408222151041045,0.012748351722761462,0.1653701171759484,0.0019300499630460974,0.0025044122607176043,0.0019420289139317813,0.0036044286584292215,0.003491789202467357,0.0032155150623445735,0.002890864444583914,0.019073839360777046,0.010803501287339624,0.03072536296118918,0.2113718126993673,0.0030326413332460033,0.01714586297609303,0.013904883890769375,0.0026933213581848007,0.006977742591817667,0.0035408218245634726,0.017157245506885094,0.0032920435891806497,0.005219047843348678,0.013354243356531728,0.0024983911138460615,0.008578320371089137,0.0033874565268778283,0.010869224947537002,0.0014393313294487622,0.007085411519698797,0.004136597843244805,0.004423257105670387,0.0014896267919431493,0.008338980348651756,0.005011196599785056,0.004986406656982406,0.00118498546432027,0.004828708926177645,0.0011669879884258058,0.00535871837643795,0.01620369378675504,0.019860833882981696,0.005200975247249604
0.025955904578195143,0.04135638177997177,0.05383095205007453,0.016343541924873976,0.054900484159044714,0.015264765648466055,0.033543420571546814,0.005549252818072927,0.006173429439801842,0.0027927071457472677,0.003810083240403557,0.0034424725212652873,0.004113727169925729,0.04866608569295021,0.012386860288813768,0.15251683678824693,0.0020422434500570372,0.0026119515370507237,0.0018469466741787889,0.0035384876175442942,0.00350387503670348,0.0031301816135968904,0.002498151477534411,0.018286405101132046,0.012431391354739993,0.03042236880692701,0.23449321391699735,0.003431524473558806,0.014747609344793439,0.012501655720092361,0.0030585211246090534,0.009477016296992154,0.0033839181389612233,0.013491753293966373,0.003529982041908508,0.005940716453591124,0.013310062348801326,0.002537884597825847,0.008893052928868708,0.0036544796120530623,0.01077647525858905,0.001518495516241104,0.0070450818356105355,0.0045289813115222104,0.003912795732279219,0.0013127849794112695,0.00887130119232967,0.004711959315678446,0.005864897236524548,0.0014476671122575706,0.005254732897796628,0.0010409041840804692,0.006077543491561589,0.01581745847618814,0.023448204486947167,0.004960418193097815
0.024696284921400073,0.04358289106071329,0.052488909023920484,0.01637674674661257,0.05385201000738658,0.015845112586040225,0.033506832699214846,0.005921269069062341,0.006092766235813103,0.002955625049122507,0.0031812411698412153,0.004340978417133154,0.0040001889081084895,0.04584921110280143,0.01481169966793948,0.16985719929831358,0.0019058936061705132,0.0026706772219584852,0.002029316259984831,0.0036464403220162417,0.0037564861552612685,0.003959437667168385,0.002530216844706664,0.017847617009967384,0.01151034275840168,0.031413262212405486,0.2168802246689091,0.0036457178630168925,0.013251793482636094,0.01387534333761921,0.002685405505620723,0.008607455876648257,0.003466905755837508,0.014421046130749498,0.0037502114824991663,0.005665539291466271,0.01518048543574224,0.002492079695189545,0.010277513251083639,0.0035744257624874946,0.010410634440422778,0.001322590000513023,0.006413469581671657,0.004672380636926136,0.0037914848501826126,0.0012462826058605807,0.0077519392794107595,0.0052555130472241385,0.0052229725734337885,0.001021021576610381,0.006508145201348045,0.0010775950147882333,0.005860840191581071,0.016826015505107223,0.021834087593757188,0.0043822243401923835
0.024559189189198208,0.04549055411476209,0.05418580978804106,0.017109200285533213,0.05510427799292257,0.015450114823107083,0.03338548920825065,0.0063603414751377,0.006451890581590413,0.002367164119937859,0.004192182467464298,0.003994782249811914,0.0039153688138201526,0.04459675551117112,0.014474886083746598,0.15042137210614442,0.0020799938609972982,0.0027776463827997705,0.001599102816778375,0.0035760717767120646,0.003732898153043443,0.00299076731306632,0.0024243740007846284,0.018311932008074776,0.01246551892996593,0.027882258205329774,0.24213676247309318,0.003694827182855784,0.01167866394092233,0.013592931628739856,0.0029073786061595774,0.007387966745562782,0.0038369380789321926,0.013262938086238612,0.003430033780736878,0.004733985965450596,0.012269330563322443,0.0022530999571010084,0.008407065334707729,0.003348885090873073,0.011987475053449454,0.0010986514618340798,0.007395260643072636,0.004266728547472053,0.0041333580423309705,0.0012883670112348157,0.009376617325291802,0.005267273324259605,0.006352422717892962,0.0012350756182529154,0.006336476538166255,0.001139614301365283,0.0054699018413990885,0.01553164877463426,0.021362918655542497,0.004917460450913509
0.025866218611935648,0.04258822083432345,0.058548643854488595,0.017294620542766048,0.05342385502668196,0.014918951593019508,0.03249054844154432,0.006126769069531624,0.006444908327898703,0.0029005906106580356,0.003566966640191644,0.003450178459243076,0.00457881085145166,0.04688369290339923,0.012941741739463927,0.15798865447231641,0.001879629559967432,0.0025331136886760043,0.0018191124553294067,0.0035932792429485367,0.00381046664221104,0.003555213114857458,0.0024106975103383387,0.01846752651619019,0.01261316764657715,0.029016374423410207,0.22680203378873298,0.003609468919041616,0.014048647589396194,0.012363585522808666,0.0029671636958713706,0.00749460384858882,0.0036832013436867805,0.015945361494176403,0.003845559698545695,0.006590727003962331,0.012739699735291847,0.0016187637219161933,0.008790373314541237,0.0038286686814458645,0.012306317723237635,0.0014183581410853086,0.006772848240494701,0.004287519963991324,0.00387634364708949,0.001408307011982122,0.008663576232076026,0.005246974586704348,0.005566960352670729,9.765844881197915e-4,0.006050856538938787,0.0010332037595909447,0.0057841353215246005,0.016497079500478358,0.02188960902178451,0.004181514332805673
0.025635641336909237,0.04659494112587397,0.051856989730308035,0.014448976124127108,0.053178605464157855,0.015696555428119034,0.03184966117492124,0.005348662174957635,0.005495211519365258,0.002932152936151384,0.0037914356275312693,0.0036433939169504288,0.003522508606084193,0.05485550396546222,0.012631523835509022,0.17175703274234172,0.0018960999197524802,0.002751080788217108,0.0015308504786137064,0.0030576861519337724,0.003592130289878253,0.003670126894587815,0.0021736785782727943,0.020288604448804815,0.012685526821248743,0.0323221079066051,0.21110982087938404,0.003581585283548401,0.013705187841941146,0.01107446874927446,0.0035673064130960614,0.0073308603163306915,0.0037468406726134684,0.01515619808480613,0.003235077258316503,0.005006649908680308,0.01239130643936276,0.0023946550414517417,0.011033602516194204,0.00309697262336305,0.011663777904397724,0.001454464616953929,0.0075476699365182925,0.0047921692348626525,0.004414394502931994,0.0017511699011819482,0.009459536535956449,0.005979972481033444,0.004631545373139186,0.0011034177031781312,0.005120225299228114,9.181871475504459e-4,0.006242187786347386,0.016494018824254275,0.020510408998300873,0.004279633739118002
0.025137507235279005,0.0508589142429176,0.0533125017615922,0.014923932836157191,0.05192088694966046,0.015579409322169589,0.03135131020131887,0.005613553439754322,0.005845640235154341,0.003012700106751579,0.00358249106364299,0.004125111839390147,0.0040017748469460615,0.05358404580250998,0.013341766670955409,0.13822250337505013,0.0019194862765516546,0.002497648859725871,0.0016281910756996566,0.003515900402095077,0.00380441137289106,0.0035144193931830525,0.0022378499714913584,0.015734215065327874,0.011283343588554942,0.03598639458332163,0.2409464165315623,0.0036697242960356444,0.01450802643524465,0.015136846460181297,0.0030141927663673773,0.008209511177581102,0.00358766902580048,0.014149725024444013,0.00436122796861717,0.004698229474740427,0.014825362575030001,0.0017236458443521498,0.009061553896453377,0.002794579958686165,0.010697320171893029,0.0016201707032972323,0.007417773711321633,0.004866353257801362,0.00406780981074142,0.001439595374972681,0.007766657072802174,0.005088440288134189,0.006189823756792267,0.0011001712318091585,0.005989799276827046,0.00110169232965598,0.005999689666008361,0.013226560895712041,0.021331250273119915,0.004874270225923309
0.02690080424838685,0.04712966289005507,0.05073034318395999,0.016426431206187517,0.052105572281967064,0.015349990629769354,0.0347176315078483,0.0065421697446412025,0.006028522412326831,0.002775978130118142,0.003809999709198381,0.003844935825486906,0.004009371213665906,0.04659429475990752,0.013203800573659582,0.16015593204121287,0.001738084240296694,0.002706120922573454,0.0014989755366539017,0.00331036004341117,0.0034073395064747386,0.003397128834266047,0.0025552730533179215,0.01613275529025325,0.012254342618417046,0.026425814873366257,0.2319593748402113,0.003755919884944957,0.015366643661751798,0.012442986721033392,0.002937742781953008,0.008057972931301276,0.003785895600236239,0.017080829353779657,0.003648515917622865,0.006463568189667415,0.011425986611036543,0.002256864888659397,0.009671140360044772,0.0029848001037522166,0.013464913037561328,0.0015364538325801794,0.006620982321076357,0.004236573883321947,0.00386175620412174,0.0014404847709473007,0.008705132558007376,0.005289672729687038,0.005329801610689341,9.671760061845578e-4,0.005186755043410608,0.001132413258209963,0.006172054545209096,0.015820207472439757,0.019881015220043544,0.004764730383093035
0.02476138805445003,0.045569880003947155,0.049682688571638114,0.015637707344287845,0.05496469980281409,0.01581040351663697,0.031926601765748616,0.005992519476371906,0.006270783457976855,0.0027646242448258977,0.003832160107581344,0.0037393398315290717,0.00379450004289552,0.04951869151670712,0.012829475668180688,0.1679147955799183,0.001718516614932717,0.003123058883259169,0.0015284922772285847,0.003433343707816242,0.003603975057207983,0.003457725023530431,0.002773324531503602,0.02069172782226022,0.011143457763547188,0.033721220649693046,0.21858013628288978,0.0032845807762646724,0.012059709666700408,0.013425217081880879,0.0032080002314327644,0.0090315543529268,0.0033112308889182325,0.01331865575904775,0.003770120429682157,0.005943862083697334,0.015414920896268877,0.0016678624164319508,0.010211599052705477,0.003331990439654,0.012007983729783936,0.0011444861863563823,0.00655307685094831,0.004455550064178943,0.004255939294733068,0.0013418402845159882,0.008467322804615016,0.005146205350002194,0.005226730136338788,9.984624099437455e-4,0.00483066757571374,0.001124718139072406,0.005164289665929655,0.013791498563671208,0.024134484139375276,0.004592203129831485
0.026601466628724858,0.0430097218680242,0.05299039238034174,0.01622514728455068,0.05686537401388491,0.016193069835900686,0.03281125079206429,0.0058441268768356916,0.005510823339013759,0.0029943550020964287,0.0034546913601970278,0.003706772493305316,0.004457943474281557,0.0517846783007275,0.011575654262537358,0.16641176501963495,0.0019512419658744783,0.0024590992325206115,0.0019113565275302713,0.003803096720242624,0.003948906673691158,0.003387118840589374,0.002647946091958027,0.020186762270871763,0.010806319988008614,0.025184519865310725,0.22388486714811007,0.0031665503665371055,0.012291401372384329,0.013087009687121667,0.0024266452721434088,0.008448347498867229,0.004009182785077646,0.012263946348452494,0.0035464566790867702,0.005031683854998052,0.015458186467545211,0.0023662780097936527,0.010103161577860996,0.002913825355390002,0.013078471615213286,0.001491415950814812,0.0074772624407213354,0.00448956982727357,0.0040825961532698525,0.00154534933895644,0.008130402234404699,0.005253289328199714,0.0059064191332809865,0.0011583075405567642,0.004997640265629175,0.001302597905145493,0.005210948618093034,0.014538588793778893,0.02102481023714864,0.004591187085426039
0.026349218160268004,0.04713910922392389,0.051646185797000206,0.015604693218783905,0.054844769038946126,0.015506769390358761,0.03182967494848222,0.0057495858447011,0.006077747891128808,0.003090067514081583,0.003991075560488834,0.003927442670167385,0.0037437735310219995,0.051897526388932386,0.014364294665566673,0.1719852820000368,0.0019145027098166829,0.0024300734099382483,0.0017489063759184207,0.0033557963505938394,0.0037072189283862476,0.003623259240291143,0.0024034321436399685,0.01739817135103434,0.010670189783859866,0.03233134299054606,0.21262085522407304,0.003513153656470073,0.012274380518243687,0.015144535427008653,0.0026834069481658108,0.007434685240795208,0.004192124145934029,0.013428976765475168,0.0033822099498548685,0.006361610178867273,0.01468809275730978,0.0018799558043247218,0.008172869634009866,0.0036520513379265595,0.011859175872506338,0.0015762221292540631,0.00611455321154728,0.004710864068344336,0.003999511243082976,0.0018334390403062836,0.008491786563582826,0.0054228384000307136,0.005276917609110082,9.986876222584991e-4,0.005302147941580757,0.0011821120341509864,0.00529319422953654,0.015085505301565943,0.021379407688728525,0.004714620328041692
0.025420091377684136,0.04564152633419753,0.05607230692000153,0.01581697507246628,0.05496094795189278,0.015547858310751153,0.032138416256217286,0.00580738894206391,0.0064164324615707,0.002846606946908317,0.003616195239739417,0.003827111364570723,0.0037643141946219127,0.05355051533770711,0.015879176201536182,0.14439560635478155,0.002026390116328848,0.0030815483938996116,0.001494234926168808,0.0034132067537569546,0.004128864096013532,0.003982481729609743,0.0028517581859418637,0.018069471516941632,0.011550772348627027,0.02865734068523028,0.22847555715002232,0.0034182328534615295,0.014318616031616653,0.01521996418537048,0.002902302079026405,0.008675683581893169,0.005103809890702022,0.014179921244254757,0.0036028477756066568,0.00570972825455381,0.013750452935742305,0.002155437010642399,0.00913433950395522,0.003102469998127673,0.010889213730846656,0.0013785350791767114,0.0065575423825238646,0.0044086880666185,0.0042274230301324696,0.0015202731814623852,0.008834061170370387,0.004674969082936476,0.005459330186215906,9.718352820092239e-4,0.0056359727219183935,0.0012212743265158363,0.005740561874405882,0.01565289660380316,0.023370848318461552,0.0047496744483983815
0.026322187046979282,0.04678162232264154,0.05442958111242277,0.01603874351440293,0.05772825145610288,0.015471404453684466,0.03284053335782323,0.005755803978602704,0.006310274397646859,0.003243409090969084,0.003850631275062397,0.003970650199147547,0.0041736022202002775,0.05245130845621547,0.015139041158985183,0.1656955518399335,0.0020817649818333393,0.002534196614451904,0.0018961340577239912,0.0033873007058873397,0.0034799300790514798,0.0031649411618481457,0.003328238051397374,0.017891502685419655,0.010645647735728238,0.030027640736608047,0.2133352872380659,0.0030716360410393325,0.014868314342769307,0.014008916719901118,0.003000409797383023,0.00754007716510252,0.003690770142101388,0.012499119387729005,0.0036271797722708023,0.006331614900571796,0.014131914669855887,0.002156797604427065,0.00950525140371106,0.0034771781315714755,0.011030271207648004,0.0011373094805217907,0.006879855464665095,0.004244548137341693,0.0039439416535579225,0.0012435710435667107,0.009059042138545234,0.00495591573121447,0.005713328107678162,0.0011796518086764826,0.005303104267378765,9.704574681363619e-4,0.005859391508685042,0.014563427302798835,0.020083396853004646,0.003948427819311501
0.024786287482028435,0.04161114055241067,0.05211081397602553,0.01605601792075398,0.05783944214094444,0.014995057927613386,0.03267209942600939,0.005792296445005752,0.006166908833659032,0.002921688390265952,0.0037053263664091536,0.003785585532470746,0.00400952423994807,0.05029431687316055,0.011489640153470844,0.1630234112000952,0.0020673521471779133,0.0024687636634396796,0.0018004300788161131,0.0034250288005876805,0.0036968558744505057,0.003577817783999617,0.002617765219184618,0.020527080089321224,0.012887080592008804,0.026757395070214306,0.23441863944550148,0.003539882863727723,0.013029851088179216,0.01141674661010865,0.0028682233548558184,0.008462363501376908,0.0034838399652099717,0.013884420591202165,0.003843832232005291,0.005705330603099055,0.01274986218737548,0.0018294432077196894,0.008931322279824891,0.0033003863540602024,0.01104756210178939,0.0012601728060999884,0.006744574903798278,0.004512544806233929,0.003984035923781346,0.0015419678343841607,0.007995764161964852,0.00451923731435165,0.006558202220401585,0.0011981824455746277,0.005547086431887053,0.0010878933803849654,0.005404889867491329,0.01530024972102639,0.020324420585989628,0.0044239444311226705
0.02588315902343157,0.04628670068047732,0.050700810595436754,0.017090561670713333,0.0616889845527931,0.015271678010788584,0.033491917304902724,0.0059344950711762556,0.00640305354000333,0.0031159298604529003,0.003939500610575838,0.004219145107883629,0.003891616372375167,0.0507806271543117,0.014052638782221658,0.14770684679520904,0.002001875357871946,0.0024056490271093522,0.0016095086650628324,0.003285821690310296,0.00383307608627203,0.003937807628991833,0.0027988791408875635,0.023481250829898093,0.011221206682823297,0.028922520713547287,0.21751717352160857,0.003263803331749074,0.014910443255787715,0.011030235441939743,0.003175038301652286,0.008785684746665195,0.003312844483884792,0.014714654159810681,0.0038988109928083017,0.005411392011522475,0.012816398206871258,0.0015743423327242822,0.009841982385672788,0.003053716595627537,0.011883496307312344,0.001402061103977405,0.007469765896486629,0.004636536841886402,0.004167787687952965,0.0019432220323043353,0.0101213595917796,0.006092345403347552,0.00574299603294932,9.396233060122857e-4,0.005672494465969011,0.0014067111890399568,0.005289825696402753,0.018613163684968043,0.02262099674580433,0.004735833289955006
0.02788556369732213,0.04563154041505761,0.054020046518975004,0.01637535840842623,0.05566509944437565,0.016168095382414024,0.03356124653005791,0.006338212107995705,0.006157225640444856,0.0027797813989190786,0.003636638661879697,0.004230750866038016,0.004224854827032354,0.05458283950464457,0.013007698755961758,0.15856660375961215,0.0021895440443812026,0.0029789931152994363,0.0020542238957902414,0.0035281525416335675,0.003721585414294508,0.0038588609760862006,0.002807775537195273,0.018298551288608765,0.011163066923081678,0.027844215558027206,0.21251447132931198,0.00360724471661456,0.016154496599494663,0.014062336420891598,0.0031391439218749553,0.00800792239178528,0.003272699386044038,0.012044432033086225,0.0033805686318660296,0.005871299022554994,0.01601308105635805,0.0016463424203211371,0.010196855677972785,0.003151149845747913,0.01226174477213645,0.0011889227297598942,0.00715360695993425,0.004405198427144453,0.004105460433627574,0.0012784950223467225,0.00827998796033932,0.005504187413478016,0.005822354758110088,0.001071639365040252,0.005324274248309534,0.001176538345286579,0.00558641932060155,0.015934834354808556,0.021981223921315907,0.0045865433002818005
0.023787742449241384,0.0413922269624817,0.055482417882605176,0.01612497786214296,0.05361077408618716,0.014853157449552934,0.033093917915120244,0.005619338871390757,0.006276187949626378,0.003065247058512506,0.003541051866465921,0.003464738750909236,0.00384378253909946,0.052702743344714933,0.012641611408781337,0.15230036838428185,0.0018267911287425333,0.0027433293666097288,0.0017542573352307181,0.0036314141153282,0.0034986764595937277,0.003503256940947303,0.0021493740998157398,0.019072539188383076,0.012978742530747267,0.029502218869121175,0.23072248799143194,0.0032832296709659125,0.013317066057058666,0.017294508554176746,0.0029900194460828274,0.006541806209924159,0.003685702851077945,0.013730372973426521,0.003507856281410477,0.005779699053567053,0.01355627030434777,0.0018438427780534796,0.008752826362962216,0.003591671857505453,0.012786752064258165,0.0016969842989301295,0.007475964540826784,0.004827732382152215,0.003767680377114268,0.0015382367882225433,0.007724687510995579,0.0048505505029817425,0.005654654072453896,0.0011721716586792542,0.005359672313166358,0.0012127434535404785,0.005694939012659956,0.01602688067812247,0.02499231187430651,0.004159793263965129
0.02581175993816848,0.047726911740711274,0.05353571492324474,0.01679814183538099,0.05676869639056986,0.015342615227164349,0.033663809232437995,0.005234409717419268,0.006414544811602135,0.002899328384663063,0.0033478378031852013,0.003582045697683907,0.004024667683027329,0.04562337198850983,0.011583094753424651,0.14546207506526346,0.0019053327055711447,0.0027066187890592056,0.0016666356588799188,0.0035838214789059015,0.0035193763632669407,0.0035986354146525694,0.00230680235248272,0.021240077754303054,0.012183370816396252,0.0312755876611932,0.22738604173488056,0.003233245303100786,0.01402706806940839,0.013406583760553713,0.0035152305980715253,0.008693550200182466,0.0032422544312307546,0.014597930178342445,0.0033492749849620834,0.004314696532837965,0.013876151818909107,0.001981987308490524,0.00926000361736974,0.003247798096272532,0.012403046356035508,0.0013663176401390632,0.007215598223542412,0.004380010419893836,0.003811043372569358,0.001550270893751601,0.00956492142510597,0.00509433347323613,0.005757481524827386,9.439755825966195e-4,0.005915160948091359,0.0010080910812251367,0.006698251895622656,0.019089366821934094,0.023992250874041745,0.005272778645607109
0.024581516042365272,0.047207423990401585,0.057782735515307194,0.015913842780396346,0.05563936718029164,0.014393650630669372,0.03495578589536403,0.005689512134840609,0.005899272236228546,0.0027872618645695315,0.003508178206008707,0.0035082559774005607,0.003407357510587436,0.04919516626528246,0.012876752143427954,0.15707875990534864,0.001981898746219223,0.002919212664419848,0.0014626981026661775,0.003339297688884737,0.004152791944318835,0.0038661744669578925,0.00285466134748463,0.020359219419777017,0.012363762004864876,0.033516347113016806,0.21447283466092212,0.003363438757527557,0.014463998536854572,0.011993655857045576,0.0032380171344359014,0.008390824053502463,0.0038161614217952834,0.012539966469040712,0.003157363528224824,0.005781097826479132,0.012988864510834856,0.002537909735158312,0.010449340105795629,0.0035873693941656875,0.011046296504813164,0.0016815625163802079,0.007403180168135908,0.003855723242779994,0.0038484915330088743,0.0018102025825182738,0.008138626695709857,0.005568756819994807,0.005871246919467662,0.0014493361839202894,0.005727753413565521,0.0011816690816626872,0.0059744510857378695,0.014805532767904113,0.02446460849240793,0.005150818223110288
0.02573135374103754,0.04420114964335743,0.052876012838623934,0.01620660749106668,0.05570508328453526,0.015413592355057284,0.03456865039760296,0.005878451398658339,0.006390128868020688,0.002887500444298478,0.003207786373952637,0.003786444965343333,0.0037806049115337048,0.04860887004383333,0.012913204751328582,0.17929987256442134,0.002098151160827772,0.0027897297100411508,0.001569721977936009,0.0035752188400333964,0.003331722490088103,0.0034117716871396235,0.002543914963503193,0.015429763250268038,0.011499291147744853,0.028085592443828196,0.20976998431942007,0.003587863353095043,0.01372002804002035,0.014884315168912043,0.0030471670580091473,0.007951473929137908,0.003570336885864387,0.011432237410278295,0.0034044446070153425,0.005354259394122201,0.013309660174502599,0.0018973716968734818,0.009703998366040417,0.0029282273822227637,0.01026234245286742,0.0013038845851962764,0.007282035267953839,0.004394188393964059,0.00413781202632928,0.0016866065100622778,0.008015566936934589,0.005299311658515422,0.005141264215745547,0.001186499220923603,0.005730175681252575,0.0012844784632687694,0.005942370522111758,0.017389563565406167,0.025935867735970848,0.004656473233901676
0.02616993994405187,0.044572952118528616,0.049591166957748165,0.015386967073885267,0.0550065570161652,0.015397488153819373,0.0327130286851431,0.005840618526727468,0.006180543401445625,0.0028730883445152212,0.0034117650221251027,0.0036203767690028044,0.003633476780275515,0.0485027901959571,0.012715840968479278,0.1574167790960276,0.0023603605456991553,0.0025509935144035333,0.001372938196797253,0.0036425070208801146,0.0037068331429361166,0.003530721520886432,0.0024831359705472632,0.02392548707752133,0.010950848299999564,0.031282064769941643,0.2278478129235173,0.003302769589849421,0.01360488273997375,0.013659064328093424,0.003097045782819131,0.008710381006649942,0.0038894788710385226,0.01184594564661805,0.003811991211710268,0.004968724776964222,0.014014264249970147,0.0021820608069405855,0.008893552176640946,0.0033195212412512934,0.01110321522174628,0.0015268942445934462,0.006784489018900836,0.004043256289363327,0.0042552284167652705,0.0020576575113533404,0.00925932596616627,0.004199477482596554,0.006190735278476436,0.0010949524709986975,0.00596334033864716,0.0011168432960917056,0.006307126054596547,0.0156940571940314,0.02390119929014494,0.004515437459981056
0.02512089265547118,0.04649228143449493,0.05190670657352802,0.01626236379198584,0.05317522084875644,0.015596740868653078,0.033646346652057,0.005762569472919234,0.006539567020772869,0.0029209142606297614,0.003821953265158826,0.003861709922909616,0.004529417681891209,0.05305470034891296,0.014050749462289975,0.15368288995588755,0.0022315275341470895,0.002777578314217248,0.0017002497495508878,0.0037246311955849327,0.0038218862956854783,0.0032960618699232856,0.00282775020019103,0.02089159482502778,0.01099417627138653,0.02736631277692254,0.2237710967145421,0.0037128661696389773,0.012791822250547051,0.013148268208099424,0.0031392315539811436,0.00836924306425623,0.003211890893491708,0.01711619779965245,0.004213771825621878,0.005634434474890648,0.014859557080676709,0.0028926364574581014,0.00940522688782211,0.0036190228288389952,0.011675318645187812,0.0013440127255859983,0.0062131687843224705,0.004598014070074541,0.0038673453169386124,0.0014833946394488613,0.008704545871396912,0.0052852469417565264,0.004992704292458366,9.970594853003357e-4,0.006511135406383054,0.0011304008054806812,0.005343199063586678,0.01628561798409086,0.021481700074859104,0.004145076434656309
0.0266994641177027,0.04410330297247443,0.05611419006375451,0.017337349270250504,0.061011284879999336,0.015869399335109377,0.03311412095555049,0.0057831035888453565,0.006007770982523843,0.0026507673374475777,0.00400689921176806,0.0035489152774569126,0.0038740856944598804,0.05148452209196911,0.012177207209569985,0.1537748733544045,0.0024821302982995512,0.002804523722350655,0.001886378522387902,0.003094459470194295,0.003584963217074839,0.003578235594340712,0.0027170755574314385,0.016135138038211424,0.010106571675612344,0.03441877273172223,0.21675580264998118,0.003962050798915419,0.013228766737853677,0.014036326474092238,0.002616905245785889,0.008857896743599204,0.0036815112998447325,0.014100165581370174,0.003661081499414063,0.005836289229626687,0.013949220505080415,0.0019129334561651273,0.009638711800448079,0.0031590273590049443,0.01241880142947182,0.0016345310709166938,0.0075767471399467,0.004364220524364777,0.003934522929506647,0.0013231687915699077,0.008498736309970598,0.005392968812878229,0.004871626626697269,9.471672088844044e-4,0.0055403247588008174,0.001109215907762205,0.005986632727984082,0.015826707966958682,0.02218071726742383,0.0046317159747695505
0.025789318162712987,0.046639315706353775,0.05222230303982488,0.016074998033357688,0.05681637273850604,0.015290580180325695,0.03497675259341227,0.005450720307866864,0.0061203926483840215,0.002853505760013746,0.003617219559679131,0.0038025729831827454,0.0040117178214428275,0.05045707848909061,0.014616404865459629,0.15856751358187043,0.0020054485965687926,0.002292073064550358,0.0019473590939751409,0.003515948785809373,0.003577811569947731,0.003146418510176925,0.0025405858597562898,0.01970804267150273,0.01294219272342808,0.030808813522844012,0.2153507952804373,0.0035807928294010936,0.01262103102973646,0.015000356551471517,0.0032692506477647394,0.007548973945193072,0.0036032826341333923,0.013690703714342,0.0032677877933607706,0.005339316299340388,0.015137983827186705,0.002017030771448187,0.010908776533141132,0.0031885670715738434,0.012521113721963267,0.0014601809865969406,0.006654928218286575,0.003956759252854718,0.004201247257726414,0.0015989116813132577,0.008960035499641987,0.005523052114957009,0.00548393114884311,0.0013836075155286768,0.005684104451483801,0.0012721760209820077,0.004753199755548512,0.012495619098895804,0.024876584341460804,0.004858439135343734
0.02581101959168842,0.04632899429127021,0.05103522736180389,0.016496254580455196,0.05504820012762216,0.015439884899103251,0.0355953715992288,0.005815045693935829,0.006056088022466705,0.0027528395147922062,0.0034764617675857113,0.003719174531537526,0.003716257843211533,0.05217609990548804,0.014334449329574157,0.1710496507651282,0.002013883536030782,0.0024306664053070685,0.00175453947273578,0.0034103674889606906,0.0039013634183596136,0.002836847004867535,0.0026947486823371714,0.018351477174813415,0.013580725719716497,0.03541343769093942,0.2025414169587638,0.0028763425284241565,0.01360326122307853,0.014297896792812473,0.002613648343720828,0.00819506480514517,0.0033785660514377403,0.01463593411156743,0.0033490007336300005,0.005603047436436052,0.014062282810164039,0.0022831575980932126,0.009342896981185747,0.00385524035975282,0.01135208541126328,0.0012716192460501792,0.007227780722639421,0.0046131261233893495,0.0036716799511234315,0.0017519834792430948,0.008888175377757847,0.004909285168559045,0.005276427700326822,0.0011637901494276558,0.005241915387947418,0.001034943768362709,0.0058777685699589535,0.014909155165610657,0.021966549052339874,0.004966881572828479
0.02553210789607795,0.044487983828235524,0.05168221544308291,0.016647247793717897,0.054093126434671776,0.01625396254443463,0.03451135269512475,0.005812288361546136,0.006289796785554458,0.0031402181142193195,0.003776267116003811,0.0038899265896780314,0.004356696740773793,0.050423867414717924,0.013766180066110308,0.15744043964094903,0.0022152840298989788,0.0027265366975455342,0.0015582701613377084,0.0032142368184913278,0.003686400178320123,0.003630822483858702,0.0021162657024027926,0.01994879763390419,0.012604797886315964,0.029956870783900746,0.22600064445464116,0.0035300318262965137,0.01416121827417038,0.012994045805202421,0.0031710882814407638,0.008616908667554352,0.003919959636071381,0.010378226566187377,0.003693651329737104,0.0045817953728744245,0.013973252171552092,0.0020504468666609826,0.008925048789322985,0.0031422180115093755,0.012278084428288843,0.0012331234129124317,0.006620623480258769,0.004364584550670391,0.003625860737164252,0.001161986390915032,0.00876665656569982,0.005003255588148318,0.005552036060983015,9.1572171782887e-4,0.006267331126577924,9.546149425343726e-4,0.006082922052976245,0.016702676476995512,0.02316053738498858,0.004409489188961977
0.026719694962636237,0.04501636820390063,0.058090510171567536,0.016268552817929324,0.055609112972688626,0.015219228610064113,0.0342535202225141,0.005484624212531704,0.006235650117971562,0.002588952529983749,0.0038529330369814927,0.003798690617503152,0.00409091805488841,0.047907492966484555,0.013498251438277167,0.16725694394048884,0.002241611797660118,0.002658468583644451,0.0016721366731579728,0.0035006686175708215,0.0033156042592132713,0.0034108512093950455,0.002082647626191012,0.015500008657167825,0.011598669086021605,0.02636040949156886,0.2223523825416666,0.0034032438330965716,0.014165648820550651,0.013748845051331731,0.003035349095731798,0.007819466205293347,0.004302761517603588,0.012959477709582992,0.003811722058901011,0.004717370331816419,0.01366729162419099,0.001930058618258059,0.009823283502904555,0.0033837276883554633,0.011172692943954008,0.001363655652907042,0.006029328299312417,0.005053736910125023,0.0035079276724128564,0.0014652374377505076,0.009505947194043093,0.005470473383015517,0.005591343153491186,8.734138195985679e-4,0.005651263534103495,0.0010901678113395261,0.005510807570996121,0.015017592000017213,0.020428628114180548,0.004914635025466981
0.024350133137228263,0.04402132541187901,0.05234968617951779,0.016832256863322886,0.05400983302715121,0.015472565718601493,0.03319843241332222,0.005600001439521157,0.0070038576465680505,0.002735529873190238,0.0034912121597759,0.0038368097346495123,0.004117560622581375,0.04459289141130748,0.014865107569722414,0.16050037683296625,0.002171994882286962,0.0029582689756321406,0.0015838929699378479,0.0034077531694796195,0.003938025198810411,0.0034039926283954683,0.0029446908672432154,0.020950925834507538,0.012244531157531775,0.02701673095883844,0.23491242651389277,0.003193129729490751,0.0135285881601835,0.0138726510653345,0.0026650380519931405,0.0072451802327244495,0.003545694060021651,0.014235836097624395,0.003660372478291186,0.0050736625123377135,0.013034634930026604,0.0016172296539640975,0.008594029179938982,0.0033062892081740305,0.010490954961665591,0.0010843459785720845,0.007302725475503014,0.003992433004684082,0.00427157860916191,0.001223666260990474,0.009419511251451906,0.005058309935939672,0.005445364432191835,0.001076974779711633,0.005626815413956482,8.260284011499159e-4,0.005494937988390528,0.015079011997266356,0.02235629279575643,0.0051679001556415895
0.027010133542222387,0.044373249092335726,0.057260097684105664,0.01544326819938279,0.05308039443115007,0.01464000772028378,0.03300449466160249,0.006137998571460209,0.006727584148775474,0.0032335890164639585,0.003851324465576529,0.004021901728817901,0.003918776595177269,0.051161026699225544,0.013521816345436996,0.16103796665060913,0.0020102249771821183,0.002450499222473489,0.0016397792914116928,0.003640637851874161,0.003284960218703653,0.003024293164533886,0.0018609942532132311,0.017063016826502818,0.013040175220821359,0.03051696020442077,0.21713623017260603,0.003388621773402449,0.014424595191128108,0.013692258477198582,0.003063583535918122,0.008864676455700637,0.0037343554736427144,0.013938947658982933,0.0037156259256673017,0.006305860223832419,0.015055779078378026,0.002296233043336689,0.008698317396441193,0.0031304600027070306,0.011369025068021767,0.0013247388707192248,0.007348901685158695,0.0047630545761816806,0.0038257909199364034,0.0015831708965894362,0.008607376088025765,0.005089097651952404,0.005370982756014339,0.0011436034562350632,0.005649405941907267,0.0010600338162517183,0.005736230909578736,0.016770999462028143,0.02128442135379347,0.004672451354900611
0.02620872618564549,0.04597414456522681,0.05354728354701674,0.016392029251074584,0.05166858358791687,0.015790417829205143,0.03183826957827049,0.005803708596626687,0.006308167221918467,0.0029296216605125196,0.0040529770295942924,0.003582939639596476,0.0034557419176389718,0.05253419224938201,0.01215961571739555,0.16464678070243874,0.0016653701223254991,0.002581080195477703,0.001796584052293336,0.0034007910763153887,0.003597244028354589,0.0038958594107301753,0.0026324572218914665,0.017699528664589785,0.012447747471426395,0.032433769522975,0.21587126059085612,0.0031836430834125246,0.013139874247535042,0.013473040494836929,0.002759429888907067,0.00815981008918198,0.0035284495514884637,0.014160098787716013,0.003470725032714104,0.0051153361240786925,0.015502917081774462,0.0024118382558690307,0.008695363129218784,0.003382234555615438,0.012039920910935399,0.0011891545089751027,0.007539706257403151,0.005110431076077538,0.003958324663323108,0.0015826600757081382,0.00964883515268121,0.005024987147187737,0.005946160433991516,0.0013254592558506022,0.006451379499108711,0.0011700822446544593,0.005204951700810605,0.014923873886839694,0.02252185063964025,0.00446457058776899
0.027553089488349825,0.0432937967385942,0.05569633309063957,0.016149885440662138,0.05575912519075166,0.01657315204583265,0.03314414897465808,0.005596301532817051,0.006266667479506216,0.0028922715331178126,0.00366182042273626,0.003868167708829899,0.0037249113930280507,0.048787310945618306,0.011868708190046387,0.15904686385298683,0.002006669427743801,0.002548146874305831,0.0017300991470496467,0.003569083628019317,0.0032064193690415554,0.003180111602399616,0.0018245578955788909,0.019501927935934655,0.011721494874596365,0.027203849907034366,0.22245700470809654,0.003371379132024614,0.014880641467361172,0.0151038636626649,0.0031936196590226598,0.008456158542010974,0.0034905771914101056,0.014914446565336477,0.003279185985643683,0.005537716122837824,0.014109489556623632,0.0014629816735267592,0.010677913126853743,0.0033957696456708673,0.012141560333946425,0.001808186958759126,0.006573153008604022,0.004666905364228952,0.0036054109273792106,0.001407774088763266,0.009526641157023076,0.005242534836902566,0.004868723825455796,0.0010601893644041726,0.005476806744798056,0.0011815268212848082,0.005684527360701669,0.01595675741501643,0.021496578813688938,0.004597061250080511
0.02659034486798205,0.045051899770292045,0.05093516523866673,0.016258568381388415,0.056724434001075186,0.015199384894872778,0.03452267865509363,0.00579035266683484,0.006029334674111923,0.0027017430130909705,0.003925370643948358,0.00401006406252745,0.003800387753838526,0.04991556496112933,0.011748262444396237,0.1513931313514416,0.002207792131300656,0.003089788602694087,0.0017191035777857962,0.003497278859635854,0.003975195052401961,0.003483515355862677,0.0020094400086894974,0.020190881383079434,0.010891028339692231,0.031991776045942416,0.22146434695698175,0.0036925466816287817,0.014164261884637009,0.014314442793552175,0.0027648445691657707,0.007494786111865766,0.0035621845604646963,0.015221799328902413,0.0034805876234316226,0.005078739168466484,0.01611831471635375,0.0016509483684999176,0.010042789893842094,0.003458933709334708,0.010866290602110746,0.0015965219195061269,0.007030630418908038,0.0043520612870615386,0.0034928797648541153,0.0014539926360435194,0.007107935943729667,0.005726789435615952,0.006160515299790094,0.001122747447109661,0.005581037246329913,0.0011489865944053978,0.00590407999402643,0.015495489320449331,0.027733876877221814,0.005064152107936041
0.02687414660247767,0.04546306851150352,0.051730422957122484,0.01699089120336932,0.05238665583124958,0.01595473802292283,0.0319702896360965,0.005636394081805179,0.005641121294117751,0.0027963082242092817,0.003773973175191482,0.004164375773324487,0.003945084969434334,0.04663201114022899,0.012669545764802061,0.1444725866748903,0.001855808057104957,0.002489635957690563,0.0014984137837745738,0.0035804639133916504,0.003669774614770459,0.0030293472011909007,0.0022709247660037085,0.01928513052271847,0.011509173359445629,0.03336054024298323,0.24770018073796343,0.003183893175280441,0.012086928608475954,0.013097451515979394,0.002923516957401963,0.00751777431702254,0.003967116543282926,0.013171736853413454,0.003224345222373557,0.005731240239868713,0.0136225539115901,0.002007492806191132,0.009729087520242772,0.0031072724869662316,0.011480642171539653,0.0012274114961809384,0.007827487299679654,0.0040562827354408675,0.003486101493811988,0.0013704151519206467,0.007786968854009621,0.005117399448677401,0.005499418527113367,9.439111516774053e-4,0.005632770267793278,0.0012029482312821472,0.006045007711221189,0.015550789922259977,0.023550743439119032,0.0045002849204003464
0.025773451951828733,0.044934768206794644,0.05411629661762363,0.016965561515002746,0.05920063949129882,0.015538990598873639,0.032125739788048564,0.005450382166281707,0.005850209935863617,0.0029066984970146236,0.0033267339796912714,0.003817742837170249,0.004264801418450895,0.053702238661987596,0.01179500422967775,0.16578499661678484,0.0021426938726562183,0.002547969498562803,0.0018290175771340377,0.003724259969175822,0.0033888635982114723,0.0036535856061714203,0.0028173884023874845,0.020548626513123065,0.011435105129330984,0.03129762056457072,0.2118236680516097,0.0034309332478824972,0.014280564856018398,0.013974476509386685,0.0029798700688468656,0.008951233171959262,0.004489289295608316,0.011675885915391945,0.0038242372821308745,0.004048095637919108,0.013230111692091475,0.0022233107661931133,0.00826221506309816,0.0035413415282237923,0.013476734125149912,0.0016349734487109135,0.0074589123317768055,0.004217763740039171,0.0037041042998259676,0.0019058376469331905,0.008500517022575824,0.005281705388118813,0.005578962169642811,0.001063932827491971,0.005564883928025162,9.751271217052558e-4,0.006555864189712683,0.014666557539837852,0.01922410916556329,0.004515394724812844
0.02665150657962506,0.046732806065482455,0.05307889826098027,0.016495400320013565,0.057502291172328926,0.015994150584221264,0.03385538422837873,0.005414927996632119,0.006084123310522575,0.002680396610998223,0.0036249636950193786,0.00412550369793831,0.004008156978642863,0.0508910757914631,0.011029746911604977,0.14484121868123995,0.0021536323660806167,0.0029138435954219936,0.0016259944910666923,0.003549106866332695,0.0038002338866077044,0.003571468881508712,0.0022003588946105566,0.018319418197342115,0.0107041500607873,0.02433671202757526,0.2376564517789939,0.003938808818609977,0.013664796542904529,0.015085712510998392,0.0030761622557744198,0.007666407967701124,0.0032821352444443444,0.014307477525024804,0.0037833297636199544,0.00432501462092691,0.01334677362972056,0.0018967723515578828,0.00887718855153625,0.003145659840654009,0.012951002690374093,0.001215560819720255,0.00686975167463755,0.00490983701571442,0.0039904386591816466,0.0012613413369242492,0.009765887716120823,0.005127046251908123,0.00515645578557934,0.0016257752452597115,0.005475021052282283,0.0010996437666347188,0.005956256729805313,0.016192930980112097,0.02375081813391406,0.004414070586938858
0.026082586185208628,0.045478210465593485,0.05061029448123388,0.016248739296172883,0.05420922011643816,0.015512165765996974,0.035210997137419466,0.005850351762134799,0.006618463481322481,0.0031691014902120768,0.0038554229135188654,0.003349313556308379,0.0038745108894033906,0.05009077505414865,0.012509160261336107,0.15370511569244077,0.002036253140272014,0.00272969889138118,0.0017081710813373421,0.0030282081602260647,0.0035479819519666925,0.0035101950369480295,0.001916214666788921,0.017647826511279396,0.011081188327640561,0.02866806022230122,0.23233599971021607,0.00303491410849399,0.015075300212978515,0.014271544852057033,0.0028427742271912534,0.00707672893426816,0.0037278199175318338,0.01526437514746765,0.003518481331055694,0.00602419766509303,0.012719031933140649,0.0022256574174265684,0.008221241053833558,0.0035740404549797003,0.010998099684033372,0.0016058661580323767,0.006652515001282784,0.004661066570086334,0.003982541234874234,0.0013890710478668307,0.009304543792549155,0.0052539583014116166,0.005941191927480607,0.0013528887681319346,0.005410621541701162,0.0011777504013810432,0.00603064107473167,0.015756864410045143,0.023858709886977622,0.004463336694649966
0.025729643759433627,0.04702413481908628,0.04806256025608791,0.016698655118970545,0.04969898313492616,0.015750778865406594,0.031810062519714175,0.006211871172511064,0.005703064461076219,0.0025249589591391283,0.0036220220252310077,0.004238075527404717,0.003802503251983423,0.052374802682970116,0.012315885743011668,0.17006754408678884,0.0019065271128149335,0.002811966775064396,0.0017553877590381591,0.003662502555904557,0.003755354525673216,0.0034132674892958705,0.002626569225883953,0.01888416216272629,0.012573690049938222,0.029415367713465496,0.22727282301736698,0.0035179052220564635,0.014835604102726727,0.011977589750403647,0.002803130912540018,0.008036247794287145,0.003913680305179146,0.01258182175220315,0.003315844225663609,0.003956214478951213,0.014304487860296618,0.0018852131216717648,0.008149902079022246,0.002839103385758801,0.01104836021860405,0.0015504051632766354,0.0058853254464086065,0.004210418227359023,0.004165228807145109,0.0013792311759807919,0.00866842618956612,0.004962171321088737,0.005755988231619887,0.0011464139510653218,0.005350771177201539,0.001042134138993925,0.005893694757328354,0.018343758224407064,0.020426411906763732,0.004341351301516933
0.025868711589837636,0.044046261547112275,0.059295200554607505,0.015625136323483994,0.05997138687575739,0.01627596239372484,0.03454729157752969,0.0051145896324529365,0.005930552754905057,0.002974594011820087,0.00373925013405328,0.003946548889823418,0.004196293542833128,0.04979882020695648,0.011898021050415559,0.15619991976844713,0.0017918981810866566,0.0028169072033481187,0.001772574419218217,0.0038260794581390185,0.0041261299424568305,0.0034160536566157644,0.0027020903414309433,0.0173634646481394,0.009916643370203312,0.027223727077810678,0.22211730194132978,0.003766879586560887,0.013575404878268593,0.015077902311477442,0.0029054181939759775,0.00844844508041377,0.003930401339148133,0.01220743685014149,0.0034669763090919127,0.005549728799564789,0.013133202564294181,0.0017692301628465651,0.008874929188581777,0.0035240844917956244,0.012162134755305037,0.001176574629219437,0.007146589138459869,0.0046746189089405905,0.004204786625506523,0.0011022660351675839,0.009199597092751637,0.005077172923340507,0.00547147582277175,9.077413658288579e-4,0.006030741883248954,0.001135835984794934,0.0061009544842198695,0.016242925365261434,0.021399695046427775,0.005235439089055007
0.025235834712974546,0.04809202240001774,0.05157353484625274,0.01647007866465942,0.05096241009698563,0.014568540121495603,0.03252248786596844,0.005798311754180344,0.005928325994348614,0.002915830400266246,0.003694485365310058,0.0036807514636452154,0.0035625265100117606,0.05102800266043446,0.01243346058738754,0.17527258864895837,0.0018661593632360472,0.0025959276623121787,0.0015095638657246662,0.0034013225677286315,0.003368635196013927,0.003193756953913929,0.002530023443374897,0.024208054988614506,0.010779253246183626,0.026792699998994893,0.2098528106514497,0.0034789775400102052,0.013623940343919703,0.013160672040473892,0.00293514386469113,0.008763548070785455,0.0026668943470083742,0.012907659041037462,0.00367118235389213,0.005630754687377761,0.0140198005055553,0.0018555113160777853,0.009992026201950114,0.002823566826975479,0.01245439335158777,0.0014989104114023469,0.0073995482950575415,0.0047940344634331,0.004585616920879239,0.0017518206015286377,0.008708958214540327,0.005535017251576805,0.005737693032146917,0.0011836537144447837,0.005402745208116833,0.0011412670399618163,0.005787104864165606,0.013592176957544732,0.026862747395052112,0.0041972351083628835
0.02694002394261085,0.042406060547607885,0.054231608449899875,0.016700252203995895,0.05569131660492165,0.014971095613485363,0.03205093361077008,0.005730374741681377,0.006519887369412118,0.0031048473945013803,0.0036148727735374887,0.003975442039868801,0.003920876275017856,0.05150111031076388,0.011878737499365018,0.16013783450300137,0.002022582413907452,0.002873645074523118,0.00169735380124507,0.0034934634633520196,0.0029293212440256104,0.003940962241082814,0.002225386712575101,0.02117322833674031,0.011707431943357618,0.027645456751677403,0.23049068582666124,0.003523056044023428,0.013834487192335602,0.013442989639586638,0.003014903343888178,0.006769835683546193,0.003051491444179749,0.013860687049490197,0.0036651034521271793,0.005425189202808718,0.01360469515764184,0.001722585229589823,0.008905896757076795,0.00360401472317879,0.011091103320959339,0.0014788875687029351,0.007259989919024846,0.00462728213913131,0.004029016070977128,0.0013535916083660885,0.007151720564836172,0.005207141179932055,0.006047721670119451,0.001015760860553408,0.005466325019444883,0.0011399942294979938,0.005473034366418612,0.015559294976074898,0.02010677368742291,0.004992636209476228
0.02649459667200063,0.04658826721633348,0.05732111614284243,0.016223310175151145,0.05351424970043946,0.014561637284767339,0.03206799531456638,0.005881778650682967,0.006759980926026836,0.002830221067980627,0.0037622753254410732,0.0042862851969100325,0.004101856126064647,0.048259190980644656,0.013709475089121044,0.1439312944385985,0.002444297679427177,0.0027598107475087182,0.0018098900764842638,0.0034645268259832275,0.0036691097998759236,0.003225191580039782,0.0026470538274388626,0.02024768484548368,0.011771206132668506,0.030606769923009217,0.23302676739891195,0.0033846333912131445,0.014042632103798379,0.012311632986199703,0.002857587528816209,0.008014321209495759,0.004009032380075666,0.016756540478381005,0.0034936855030170393,0.005716620247439261,0.014734431092486823,0.0019300424191740278,0.009969000263291011,0.0032737067036229307,0.011812159532890873,0.001441520775431308,0.007536113957096815,0.004754854333730864,0.0035989076805061967,0.001268187947997056,0.007649267823366797,0.005658042222211906,0.0053935242813611855,0.0011335748850386878,0.0057884074275145634,0.001171849107236516,0.0058996972568944265,0.015549778786558974,0.020524812062387526,0.004359596468362815
0.02554866647769984,0.04428265760413591,0.05199163244619299,0.016836037028026527,0.060958462852282506,0.014832458499121763,0.03066545098582585,0.0056394251819974865,0.006594686226174785,0.0027152047644374323,0.003876265738222172,0.0037192816219854406,0.004166064394293219,0.05238918922244358,0.010446411532698536,0.16049710688180097,0.0022301761083525556,0.0026904191362261977,0.0016849849368012293,0.0028772628010573544,0.0035793842633885077,0.0031000228496640657,0.0026562627540001006,0.015275174258236266,0.0117483889546368,0.02982011114639416,0.23072116927584485,0.0032400896160730505,0.013041871460756048,0.014413834991238859,0.0029003252870143884,0.008000198177878746,0.003163386374357518,0.013462991079123906,0.003647980569904427,0.005280555691211571,0.01388767581505807,0.001992109058343821,0.011499352480435269,0.0035883257644034315,0.010916289019259898,0.001498137758437426,0.006537428830321727,0.004084527629860803,0.004371707098006147,0.0013758573532040577,0.007678332008259086,0.005062102232720318,0.005108010794222898,0.0010039188774633202,0.005843026099551867,0.001113747914708219,0.00514029342814585,0.014606928405265049,0.021094309567525636,0.0049043286753075385
0.025608354792379658,0.044834593344930285,0.05511574332114956,0.017288594374583185,0.056700141751282546,0.015507551885911847,0.031497110116513516,0.00606024784634685,0.007061374335161101,0.0027739059767119276,0.004111632816980096,0.0040234983707484835,0.0042029602318579655,0.04773790363356008,0.013695166091159724,0.16099459733650368,0.0019085651895623008,0.0030724470197412567,0.0016860420665528917,0.0031430236692683755,0.003164519824060699,0.003402398396181134,0.002487314496932877,0.02014664928651128,0.011713042577184633,0.035783824445771946,0.2140379291492038,0.003438228904669432,0.012647153841170291,0.013160834919258155,0.0029016106889515423,0.00799850859529553,0.0031453966476895825,0.014677029145772522,0.003665701795294716,0.0052077469001737325,0.01528108669213015,0.002386434097789168,0.009318655565446563,0.003425349189053693,0.010734868745040937,0.0018596241698969978,0.00680889659371747,0.004211022265785814,0.004293040267887281,0.001992902372435616,0.0088473402174851,0.0049598648499430565,0.005300910277912811,0.001169202081357762,0.00583413381053715,0.0010520888906053044,0.005238701619019936,0.01697509220686867,0.021773952289800138,0.003935490012259159
0.02531572274280206,0.042888853905024144,0.04985322942539315,0.016026784034513197,0.054333337954020004,0.01573633857658695,0.0328724715135488,0.006054955980138368,0.0056330348749854,0.003132541950203857,0.0035109937289365912,0.004036494892306061,0.003474512054924438,0.054728428294570156,0.011815877976339427,0.15638171560820116,0.0021855781471666813,0.002560889758784955,0.0017259455419506846,0.003155614592758153,0.0032913180703676706,0.0032435785617155486,0.0024982318182351073,0.017329388657937043,0.012177696968274667,0.02965177155939585,0.24357383116553583,0.0031192066283106286,0.014152891785570606,0.014265576988765315,0.002859853237038306,0.00716505246105843,0.003919732559826256,0.010697447759621479,0.004007999706680391,0.0061053208244817685,0.012979300195406331,0.0018454180057049755,0.008294050704348823,0.0034449944497786022,0.013029212852349642,0.0015284682474208642,0.006525571294768225,0.004734939905279479,0.0037702387428679407,0.0013553974242733256,0.007172238373744612,0.004749414166259915,0.005218634728280383,0.0010441436173489933,0.005135937278422729,0.001034121792204412,0.005128189274947771,0.012951283136407348,0.021824987642924124,0.004751237861292344
0.024960886938118893,0.04876804196026565,0.05213409882035171,0.01601866498794311,0.05548577488755651,0.015866388931658197,0.032850415790063175,0.0055890211294142254,0.005869586267005864,0.003165486308791325,0.004221072455116906,0.0033165125711842264,0.003427559095956421,0.05382336387003827,0.01229129590253839,0.14732264134538686,0.0020165666936778678,0.0027939677768796887,0.0017507280923358237,0.0037815988602286524,0.003872106340774692,0.0034540824819874723,0.0023900450839637035,0.01758108913615566,0.011285749572790441,0.02966727620082559,0.23333436503330193,0.003674907619252452,0.015505763635436426,0.011915316172984535,0.0028715691971743554,0.008254377687388943,0.0033346750403865813,0.01365371130487941,0.0033343961977138534,0.005553609522429434,0.013793753660578265,0.0017647036569457739,0.009739020278040286,0.0033381555445310927,0.010944312099494724,0.0016483091723754515,0.006336904924209014,0.00477604650986665,0.003892421481243886,0.0017641311351233944,0.008414821504988608,0.005003239359515182,0.005609433860396488,0.0010838574434486486,0.005466552700802635,0.001201353106754996,0.005702808535639666,0.015037945916346484,0.02375863439996977,0.005586881797771685
0.02820146200792644,0.04709768501366175,0.05610159500440014,0.01555099903655306,0.051574825943211534,0.015290393336975872,0.0331585869153577,0.005429921334253745,0.005926692249151043,0.002460689259343113,0.003720898425941062,0.004039341137905586,0.0033587853135550265,0.04810242535318675,0.013529365245869153,0.16953290909170468,0.0019503660809219504,0.0028476620029986265,0.0018487202387242273,0.003477023802681949,0.0036557024343789445,0.003576901492170912,0.0024033413332654073,0.016576138435974764,0.011685253238483958,0.03379712125519523,0.214448004844672,0.0034885610386706676,0.013679536300754688,0.01449625722426408,0.0026794688142806364,0.008646086488452715,0.0033463540285886034,0.013538470747732354,0.0037769479365952823,0.0057078405135955745,0.012901868241340177,0.001787325997044297,0.009283030440902099,0.0033297766419593706,0.012032109217810403,0.001452806253825181,0.007329424022517679,0.004728881248312026,0.004033387620517484,0.001179341166046896,0.008008228566273664,0.004829618745465586,0.005195598037744121,0.0010266846955583817,0.005633672170386131,0.0013324446051763555,0.005681905910924873,0.013351240271231926,0.02339471079956895,0.004785612425995159
0.025874198107649488,0.04529045497498861,0.0513409340494585,0.01659413269324814,0.05390609013592807,0.01505264711537314,0.03275216424601872,0.0057490809147055085,0.006102030186454346,0.0028344356998247526,0.003659123729071525,0.003773988457744521,0.003930103248678576,0.04919083235929588,0.012662579350732218,0.15662461167687972,0.0022763504245808188,0.002436796686893119,0.001826580583155764,0.0032759655769881127,0.0032593998361168065,0.0035748101382544577,0.002446464800221908,0.020010590803632988,0.011683268405946941,0.03335648702289629,0.21543066114119508,0.0034739505679372124,0.01400353189553289,0.01793120474482177,0.0025095980234901352,0.009432870279082456,0.003973645489313429,0.014326723330406554,0.0033604749304748543,0.0056918005838863675,0.016567193223286217,0.0024286862681739247,0.010669006450069332,0.0036105954037409507,0.012034776251852335,0.001354017285860737,0.007073418652205463,0.004946200002822402,0.004130231539742863,0.001819958880177934,0.007881834851335647,0.005026472170476451,0.0057132401903720546,0.0012947201500863445,0.005797059534175455,0.0012014401453285487,0.005403291931390713,0.01605458925280396,0.02189068408747685,0.0054840015177422055
0.02486073945469793,0.04578913797201664,0.051147353909420164,0.015381293558539063,0.054465195712978386,0.015462774664910934,0.03245242807833804,0.005794915184432305,0.005909639149987123,0.002734099065160205,0.0038752245378979966,0.0035600775185749512,0.003839743096857397,0.04978410881952372,0.014839145813816885,0.16176416908338326,0.0020315541437617123,0.0024142641889083063,0.0018009418432256127,0.0032755650490200487,0.0036184823642564103,0.0030093385093403775,0.00286372784130508,0.021640705994987686,0.011683223978932563,0.031702178476795205,0.22015609671866243,0.003373060917040636,0.013946542901130623,0.013764270131431002,0.0028838264903347966,0.008961021411464896,0.003494458354179762,0.014516257073366462,0.0032788831191993217,0.00578413998129883,0.014096090889454672,0.0023048571124131847,0.008879474923266364,0.003500921919011649,0.011112958818352737,0.001380234871338981,0.0067048472248807745,0.004354915600204024,0.003892667901389623,0.0015876199696861612,0.0098062392607986,0.004849465506208795,0.005245561354612439,0.0010214075124572776,0.006093996901223173,0.001148756219531354,0.005299786157208975,0.016584468033750074,0.021677863325052452,0.004599281389981934
0.026102235268156616,0.0438913855970308,0.05173686949977158,0.015992078996607585,0.05182664133198596,0.015176121283690185,0.0343324691982635,0.006338197978985372,0.006434465671052703,0.0028682456634181145,0.003754340648227933,0.003860346299471783,0.0035265747835383325,0.05071896292928066,0.01169280453172349,0.1635161051898008,0.0022992677098449973,0.0024817931750193496,0.0016885617670258277,0.0035871409609333498,0.0037863586962991556,0.0034584581657857876,0.0020993741146929142,0.01925750720675119,0.011387038074755844,0.028239929948023282,0.23172743493552514,0.0038759573504213024,0.013799743703721466,0.012185756951466347,0.002939598212916269,0.007168666289391002,0.0026991419729095025,0.013042188907796825,0.003690061767189204,0.006158003935978007,0.013206952026473897,0.001946219620890924,0.009557544297874527,0.002993914372422859,0.011416794561275407,0.0012435310543207337,0.006555826877640592,0.004328555275257586,0.003853732278321111,0.0010658614215845518,0.008544365263987316,0.005187148434813371,0.005076610891340267,0.0010883913020276836,0.005324166481376488,0.001130369874358481,0.005142938467782605,0.01679829137307162,0.02384737722931588,0.004351580178411918
0.02464760096665205,0.044939472692908974,0.053693043684815596,0.015949883837366056,0.060499284163559125,0.01359961825922105,0.03479084344873799,0.005611743475425041,0.006472526114837121,0.0030490649963387743,0.0039928611954270984,0.0035173633931080616,0.003593507944552444,0.04772049213132269,0.0112720920990107,0.16151633886273667,0.0018178868020874124,0.0024110778894245012,0.001760692400259951,0.003907190590484081,0.0035496045589086425,0.003107394929986406,0.0022583907527586175,0.017944677894629262,0.012279731379051173,0.0276398277334455,0.22933229204408082,0.003578764659143927,0.012789678815942986,0.013087649084096865,0.0027855274357408075,0.009094172344342412,0.003619547154993344,0.01283886502127442,0.0035471811363780516,0.004954077554894098,0.013305659173975928,0.001964227820082914,0.009169665504383792,0.0034700679097973237,0.010656338469833986,0.001142373616954181,0.006264277794828034,0.004195095371206294,0.004105490701312627,0.0014192967351578899,0.009525093248610787,0.004947981627299273,0.0054506900904634555,0.0011727646330557226,0.005369701757447887,0.0011536555528414635,0.00514387526938553,0.0177375826283202,0.02215528492984286,0.004480909717257099
0.02487788084742637,0.044713677086211705,0.051658758345845684,0.015583005400183344,0.05480397233429434,0.01560430558795372,0.03230892130803532,0.005887372532895221,0.0059672939234654805,0.002948667812011899,0.0035841048411052625,0.003987190234013583,0.0036205417205901883,0.05197435970192908,0.014429847621617652,0.17030642292762727,0.0018463965099824017,0.002620475701611417,0.0016744939661962814,0.0035304301718127105,0.0040557059921822415,0.0033882506851489014,0.0025932395475675,0.01922568218288384,0.011163893815694652,0.02438424403350992,0.2151964109813325,0.0040321500386654215,0.015152314175798924,0.014764586490241833,0.003002611950300559,0.009359592287026123,0.0030848372168515927,0.013046615663520063,0.0037524771161229977,0.006116373662707388,0.013747465618671361,0.002064613838317654,0.01057499210161928,0.0036737810531024145,0.012433482651859883,0.0016740206654222778,0.0060820641271487775,0.0053846096088411574,0.003904353932759784,0.0013467002138553192,0.008263782181263665,0.004722704171458966,0.006242576016717661,9.305891032375948e-4,0.00598611107693478,0.0010888702774977338,0.005837526869315987,0.016136804066625474,0.020753416794333613,0.004904431216653221
0.026643271205020233,0.047019886580930356,0.05264338880835021,0.017666777694497936,0.0530621670806049,0.015648040788540377,0.03306735365940641,0.00619585516040671,0.006472894856879173,0.0030615699094048957,0.0036465553993098726,0.004159371874041152,0.004169357440226538,0.05603337639262785,0.014377665291404123,0.16477084989278912,0.0020239835574098297,0.0025099226828552692,0.0017294719291620162,0.00338071514124919,0.003813214455511922,0.0034643343693595884,0.0027407227686159137,0.017125713485094108,0.010636209152679129,0.030330648949642807,0.2077367233075746,0.0037072283258033074,0.013246433822771804,0.01570632277918172,0.002631395970776023,0.009520155581975323,0.0047684153776830895,0.01227616669462472,0.0037597689122564637,0.005860784631133895,0.014628321382285111,0.001922258824285039,0.009591936333843669,0.0033922072507516117,0.011592039775224907,0.0011890954579949174,0.0077754417804482565,0.004552586862633966,0.003571056503171954,0.0014116127844851407,0.00850469623130856,0.004877030830849777,0.005624465418979021,0.0011233803094289963,0.005838093650468435,0.0010852518677604865,0.0055317201720852345,0.016484458575311788,0.021153486686032195,0.004544145372850387
0.024246603079664263,0.04673436537895023,0.05188929399085985,0.015689283409583313,0.050260520345803285,0.015510076923045566,0.033744874023420364,0.005689143681681344,0.005642277854988487,0.002630508409686171,0.0038584284186175574,0.0034476459350723924,0.0036429431896443177,0.05567918612618681,0.015689961764710363,0.1604852567176895,0.0019136356766739095,0.0025293386676425726,0.0019022742461206308,0.0034701156232623217,0.0032725172938833447,0.003468580536816451,0.0020062941356914733,0.017940475902419293,0.012486544683898832,0.03507731119319594,0.2206356594510903,0.004216167317498517,0.016053772473559276,0.012996664080335896,0.002777919710043173,0.007762959682075975,0.0033368631953612925,0.012990072455362716,0.0036059509230013304,0.00567831297835839,0.013639862515395196,0.0019490442181439788,0.009310560500033125,0.0034619368290416193,0.011182765479791442,0.0016755378375843694,0.0070502981063934175,0.003974107163819502,0.003944083002866652,0.0014509039338221775,0.008684399026311853,0.004766393557306026,0.005630110807938529,0.0010228261150789812,0.0059070603508819,0.0010840622489317775,0.005814928378453257,0.013311855171873062,0.022846339263257034,0.004331126017180673
0.025993876192886088,0.047763853437435645,0.05174883480487855,0.01635340637611469,0.05565934408331934,0.0157080467452446,0.03224282598872332,0.005613487040227204,0.005815631967769218,0.0026319538144815155,0.003924812071965325,0.003815677901850759,0.0036485529703372084,0.054688992284237244,0.01418773928114411,0.1556008686464014,0.0019499090754750816,0.002507967647293813,0.0016537128421202868,0.0035721012991090017,0.0038069608446560524,0.0034130714792092462,0.003001122757514854,0.019157104541186867,0.011318775181596867,0.0321711092090975,0.2120365412546395,0.003430826978261468,0.016240131963214027,0.01407966620533361,0.0030007791074936354,0.009162874828944482,0.0035575921610585615,0.01226721113993614,0.003455579212411115,0.005368362704821601,0.01344960949615121,0.002309585837324609,0.009533654124834513,0.0038820758690049804,0.010952072526429352,0.0020279168083127313,0.00731655158841428,0.004678458654241258,0.003880577659212593,0.0014492184797529335,0.010452025289109414,0.005343683302542747,0.005280371713155241,0.0010208435209280396,0.005411040959170395,0.0012826078025720048,0.00640331104211476,0.01655533197502719,0.02340185656107231,0.004819902750239481
0.026035601287098625,0.0446010729572341,0.05758518567866351,0.015006335538214937,0.06054519548452889,0.015506735835948185,0.03193379139700956,0.005738756854797177,0.005748530472341198,0.0024709400414378363,0.0037591536090619874,0.003530944496010713,0.0038437794754055212,0.04532733310261635,0.016472999634637043,0.15447994420800654,0.0020204977725768124,0.002648298501142781,0.0017714020363413015,0.0033210243371137376,0.003611650938460829,0.003293190844102714,0.002595608455261448,0.01755645852243203,0.011903888766589878,0.025858975956184565,0.23652269132994622,0.003597615619361236,0.012914291119304443,0.01125910734116195,0.0026353510375942807,0.007023058473252737,0.004616794646022453,0.0138452717630474,0.00400839796138676,0.005351533827824651,0.012312945494244743,0.0021766134843057387,0.010019475226937443,0.0031190023598956116,0.011088562738909824,0.0013864846345714344,0.006873272241419359,0.004383551826705592,0.0035049375972606477,0.0013928048146371853,0.009170769902511897,0.0052032304797300245,0.005420597440649532,0.001141598254442047,0.00550107645043554,0.0011430490913089428,0.005561644429131588,0.01624064335360962,0.020771001702631565,0.00464732915454123
0.023636526367074126,0.04595909876221391,0.0554099948073487,0.015082416106132812,0.05753875497622087,0.015042305659823214,0.03218784525713395,0.0059244235209579225,0.006002802024540547,0.0028434738251530596,0.0031517521878665243,0.003511252172212145,0.003993300550876718,0.05466059391691115,0.01550522410146369,0.17050477570961362,0.0019671447524937436,0.0026390389481081135,0.0015819550945204543,0.003077647130233344,0.003642336365971241,0.0032415769046983144,0.0025589732222677177,0.024047638807213143,0.010955216789592872,0.03038138281236435,0.1980932835034952,0.003887129367857673,0.013466561205348579,0.012783366688303509,0.0028458093286956145,0.0077147925357055145,0.003921601575199317,0.01577983115257589,0.003223967574825454,0.005480010860351025,0.015464782759334526,0.002318663230625624,0.010772427755500085,0.002950033264030674,0.010496942237064365,0.0015497949247941596,0.006592993971819097,0.004369098064890861,0.004567392556201923,0.0016941748601552837,0.010409542480217292,0.005349624534009773,0.0054994246151432785,0.001193397499992827,0.005940721019859597,9.957633922244372e-4,0.005919275045908128,0.01378127917982802,0.023477276437603403,0.0044135876054325705
0.026468059528292523,0.04681681326097598,0.05055342993249455,0.017249434042338214,0.056075354939209995,0.016210879168628414,0.03394887356168266,0.005781984200708668,0.00602211650625176,0.003113034839035794,0.0037476099706218423,0.0037657207756013394,0.004015772344695619,0.04936896004335305,0.013155444271131491,0.15413748130503876,0.0018870200925159254,0.0024893119734015453,0.0016233080241283896,0.003577876375737946,0.003817325301743151,0.0032085047313642453,0.0023966488390949918,0.019775873533532638,0.011327976006693934,0.031315079341368686,0.2267988776669923,0.003619022648733579,0.015462948543244814,0.011442617402775253,0.0033872755267936126,0.00870467283913477,0.0031431008828986676,0.014442160087475743,0.0036126546055978218,0.005441808441079365,0.012184055215699015,0.0020077802160330185,0.008244835068285427,0.003341162291394245,0.011001505634879543,0.0016357506998810926,0.006104985639517316,0.005016587182031447,0.003188896767710804,0.001687915277231887,0.009221853290511863,0.005774350602931677,0.005561999281403946,0.0011259450659387065,0.005720241231780383,0.0012523045372467411,0.006676596123698384,0.013795694047816017,0.023435072498460954,0.005117437773179538
0.025740844701210165,0.044820797384672977,0.05399015773006448,0.015672880440341905,0.05738769723376829,0.016573900431104165,0.03465435544378859,0.005791973214601745,0.006083009529000316,0.002935518520829759,0.0032484570432719097,0.0036147332222621694,0.0036934130319991928,0.048511861880114096,0.013092789859203927,0.14393034736089655,0.0019244316883035956,0.0030317120084232146,0.0015573762879315957,0.004218164294897211,0.0039064684635065905,0.0037662539282657414,0.0027846910140973432,0.020515276228441057,0.013838131884406446,0.031772982858359264,0.2282963645176814,0.003616189308287384,0.013340852463258786,0.015456078466166734,0.0035545949764183575,0.007774167419442157,0.003908763890632705,0.013231916841072206,0.003677261299754565,0.005841266395651825,0.014270944607087041,0.001782504999781105,0.009147048910326526,0.002946807283857262,0.01312697932600174,0.001340863652106999,0.006618942535003766,0.004273241734618197,0.004043226409125778,0.0014481936630936017,0.008728944239738074,0.005318684385273091,0.005702584893991327,0.0010218857400506156,0.005373036717147684,9.921447991025252e-4,0.005474160433237437,0.014743083124198923,0.023227866469280392,0.004663174814849557
0.026601598157226593,0.046939423477956814,0.049390028385636386,0.01742488085926295,0.053977134949763986,0.015317665777509553,0.03248810958519008,0.005483420544876712,0.0063709316368980974,0.002659920677090642,0.003953415130980934,0.0038106334714020566,0.0038154454532654536,0.04888166408784179,0.014425299541022167,0.16456358443470773,0.001856240958238743,0.00223209341731378,0.0017127647067110984,0.0038710048970251178,0.0036370720178295355,0.0034147612849014975,0.0027141871272897567,0.017682653933017517,0.011033675279053422,0.03199094895453004,0.22121374373484978,0.003350686243303592,0.011538245649664436,0.012745850781639142,0.00291703064709291,0.00804878015523108,0.002998451580790275,0.016591439212566544,0.0037931964678658728,0.004909392806674686,0.01367281589104428,0.002015796573333552,0.008579219264012727,0.003676444620684323,0.011840009352089778,0.0011622318176398633,0.00711097673122574,0.004975607483092395,0.003668259407714979,0.0014749532447427885,0.008612218661112114,0.005949047598522319,0.005542414065341431,8.661360253958956e-4,0.005943398519180888,0.0010787239001393662,0.005721634902301041,0.016907669332816094,0.02211299931218411,0.004734067271205555
0.02576150323959513,0.04749117814066523,0.05820797421197382,0.017108228630056274,0.058741243716574104,0.014976144353624333,0.031169395400752763,0.005579327138513503,0.006187657964769367,0.002789696177590716,0.0035964496216684214,0.004350423320616264,0.003959311805359116,0.04931405166623797,0.014433126934648646,0.1581762663538326,0.0022919297339162,0.0025009256508117905,0.0013117450225325251,0.0033053932410327066,0.003323648218529556,0.0034094748684695008,0.00286251689803498,0.0191485288360476,0.011503391690194313,0.034316148676267325,0.21015551435126448,0.003753348444204858,0.014416873675790469,0.013598831082409791,0.002859431470411628,0.008842621766767212,0.003996941006991677,0.015512594802714722,0.00346120720181606,0.006183622392517744,0.012290918539091538,0.002110067636082837,0.00817421987608246,0.0033061491032243765,0.011302177336472827,0.0013939670388221986,0.007398762244385286,0.004305638800760886,0.0032644515582551034,0.0017694040359629041,0.00908007342720082,0.005282385316599377,0.005415302923309913,0.001141173652198839,0.004852560218778124,0.0011550114454837602,0.005563926392965272,0.0163567378035115,0.022135211850101907,0.005105193093506598
0.026347630712782802,0.048783214267037,0.053101489789134336,0.01567054777827441,0.05160090742812177,0.01524355211547045,0.02993242709541002,0.005880974171016867,0.006002917515612291,0.003005290048362039,0.003673314600098255,0.003913427156102167,0.00400772633596211,0.058452296161814514,0.012779651004240623,0.15324931208913886,0.002033917645135144,0.002789351915962892,0.0016925174878797452,0.003340019391993014,0.0037423671932082614,0.003237514775786141,0.00228222950432137,0.021006190574079507,0.012632517512249478,0.02928534477649712,0.2197252643675729,0.0034685311513672954,0.012810525707368847,0.015561272605629829,0.0028837162874199586,0.009606469989645436,0.00412342366652975,0.013419031825503747,0.0035685982574335247,0.005852251853850727,0.015061306850204029,0.002555076519869454,0.009643204391328092,0.0033078727925474035,0.012416541325025504,0.001422627752499324,0.007480719138652125,0.004003497073473098,0.00408866718264611,0.001887854275432462,0.008661440090135501,0.005249067633643579,0.005060550483553159,0.0012191328842942302,0.005588690783161954,0.0011330778714886448,0.005678399107306567,0.014341186204391244,0.02136943326436169,0.005125919617972678
0.025516024794144637,0.05026940824463166,0.05425034702509331,0.01601205455789776,0.05596607135539231,0.014664150665937395,0.03174107896043142,0.005678830468971583,0.006173364051545914,0.00262651342593806,0.003764012593913257,0.0037546319264851187,0.0038742684163194457,0.045716312128749347,0.010748094596185554,0.17406976478403943,0.0018272810193638647,0.0029926982755862437,0.0014929949680599866,0.003322152430744652,0.0032336667118915184,0.0030475519477289772,0.002924262725343276,0.018298226351113594,0.011286484589576337,0.030754812261436604,0.2114452363705755,0.0036265537289789005,0.011963724572288696,0.012755024174193214,0.003032996306798021,0.007811642133681258,0.0037318865909914067,0.016656466587756887,0.0035623894079148005,0.005167435495965815,0.014660973395746577,0.0016806396195937852,0.009544814769967293,0.0032104144936409176,0.010890231833628833,0.0010289181326507083,0.008545793434914701,0.00472217995504467,0.004502682692275361,0.001827056871742975,0.007748711532275376,0.004720230739341894,0.006017001953346585,9.207492196129097e-4,0.006173246972422857,0.0011992672837197486,0.005816095184690774,0.014403622514464465,0.02355899463649505,0.005069960118758789
0.02667578913086096,0.04189344312328068,0.05428658159068312,0.017844374264302812,0.05775392846760826,0.01552789880939466,0.03405077578564379,0.005954135908885793,0.006586846182738312,0.0027439333512705496,0.003880519017246684,0.003954033623095357,0.003739224992781662,0.04711570851888178,0.014223061942689207,0.13939186845348092,0.002111657471298461,0.0027443530112862364,0.001960726258059868,0.0034812744521408126,0.0035350245163186535,0.0031404084582264467,0.0026564083670562347,0.022517350522486754,0.012478791725754779,0.02952366507372862,0.23372893504839135,0.0038104571411940527,0.01537736961815488,0.012883753191671517,0.0032841775567655387,0.008516860983734092,0.0031594432906490335,0.01572413739116632,0.003934992002555552,0.005496744188578306,0.014855043978959434,0.002251185851250689,0.009265360901299053,0.0030952127721032914,0.011988012914935016,0.0012385475398451098,0.007189476862247688,0.004844492345912734,0.0032694605714036758,0.0014405753298750283,0.009595598316248023,0.005551331971837598,0.005300868123249235,9.627077470140458e-4,0.0053024909846198015,0.0013211358152853288,0.005566988267361433,0.015185020909979816,0.022058644335621293,0.004029191028889648
0.02614240243342625,0.047167643555149,0.05076188686639132,0.016574122969192067,0.0501224796728795,0.015469496866549083,0.03166577647383764,0.005891293428869035,0.005928366595234096,0.0029165994861203,0.003526975309997024,0.0035814344406980224,0.004135351520759604,0.05132694125232403,0.014222046740538213,0.1626169598463278,0.001992593088915068,0.0027427055454524872,0.0015944577442409342,0.0031218419192543772,0.003910977350439455,0.00333189782119592,0.002556485413062553,0.0200389661702939,0.012941858055850285,0.03194441502288426,0.21451903037058398,0.0030438805215632007,0.015893899751472665,0.0124029599840242,0.002880755775536155,0.007836393426459866,0.0042285578641932135,0.01270698860719706,0.0035296725065450847,0.006163257073677639,0.013444672901840267,0.0016684627443401877,0.010003923608530118,0.0035119896983552925,0.01092093820989007,0.0013254588846882821,0.007627101600422909,0.0042765163867677335,0.004422582089643555,0.0010423455013906537,0.008112764417307556,0.005048524721338155,0.005554489143619848,0.0010211531985227765,0.006081428568330434,0.0012033484964255267,0.005964786264382762,0.0198210398542756,0.024768762449757623,0.004748339789035427
0.025268163714097885,0.04929130651922172,0.04997476527106782,0.016695331294138888,0.06194398116013259,0.015933146313815535,0.03308141748208312,0.0064441402088736815,0.00572489340733977,0.0027748713470567028,0.003768111954093623,0.004048641996183585,0.00388616139618173,0.05214222737657562,0.014650885183925176,0.15854858752498452,0.001910088538185267,0.0022493829915921177,0.0017686804101401327,0.003205674260510371,0.0035290585615017325,0.0037829911779510015,0.002760019422629464,0.01595166380202034,0.011878466587446141,0.025355684123269634,0.21856542189105566,0.004069748088993742,0.014712496250036998,0.013378024354209421,0.003102261228291602,0.008368585371137691,0.002973563253841618,0.013265898793996344,0.0031877240034109775,0.005245813501912852,0.013581413888432125,0.0017337947820584782,0.010901544182955124,0.0037663448093707263,0.011011076019997873,0.0015169401646522682,0.006513484602997949,0.004558690404656334,0.0039985841813049315,0.0013370817586343315,0.008376948450105882,0.005642666160035455,0.005481615451985736,0.0010355890437411175,0.00598769627238377,0.0011060752591868243,0.006236989397311224,0.016217021615427932,0.022426758672750135,0.005131806120106785
0.02665030264219928,0.04265661317396454,0.05476167308847037,0.016545744201893767,0.06045058162956058,0.014979988285093185,0.03301028855006909,0.0060344359144538975,0.006004540722663215,0.002787776027409022,0.003530847839185084,0.004169228766183706,0.004229998457666719,0.05073395975128966,0.012108378347971021,0.16119996391598218,0.0020219690338832675,0.002690492092798006,0.001620581013262768,0.003377289128992332,0.0036027538650268737,0.0032862373436837217,0.0026861761302053454,0.019117896766901496,0.012923248374993231,0.03226939305964821,0.21158365397684442,0.003307000323307959,0.01594277798759981,0.013759621772493673,0.002691888074971542,0.0081802390176005,0.0039119355534169035,0.01564501085063356,0.003549331410608267,0.005342214130410472,0.014358504127020324,0.0018763903439001017,0.009013372430479444,0.0034270221054304192,0.01189853423211089,0.0011946321781686337,0.006200740555097972,0.004561904853423398,0.004194369901279233,0.0013483038813061623,0.008957816978066805,0.004813125417466433,0.00556307680541394,0.0010661343066196908,0.005389044731152054,0.0011338600019211024,0.005671724388757761,0.017236296154647758,0.02003441860751717,0.004696696778882992
0.026710779999024974,0.04886148424187031,0.04775289539956049,0.016388703044116628,0.056050946465874205,0.015546801028286346,0.03207620501053369,0.006031245323565437,0.006144776616411292,0.003018304861166162,0.003792546394510929,0.00375436165462066,0.004040836456827718,0.05573033232611479,0.015376065509068193,0.15985082214429047,0.002279991785012471,0.0027100266742125477,0.0017614551410101659,0.003142580746288357,0.0035896927167740917,0.0035339142176178686,0.002991533041383329,0.024625173228443206,0.011249791782177544,0.02909829470798489,0.207483271612206,0.0036377032051804698,0.015722713315041898,0.013463372177794222,0.0035365757236161337,0.009402557800358194,0.0031024719067646155,0.013454660428034818,0.0035319310289229915,0.005383548796440648,0.01409796170633656,0.0023031394304033038,0.00941902372001139,0.003471314312329016,0.01259856105256397,0.0013576831490476056,0.007558716209898123,0.005167064125314205,0.004531800457963261,0.0014851504938578268,0.008022479377930044,0.00524042504148173,0.005877647547860291,0.0011513333556297468,0.006302553181243755,0.0010339074439431675,0.005400528208420586,0.013475183003551125,0.02218648547018025,0.004490676200927335
0.026344308957811455,0.0429477358591887,0.049854007999209526,0.01598963300799618,0.054782612283845414,0.01521680126131848,0.03239540227217645,0.005694191555176692,0.006227050815292498,0.0028286619327882352,0.0038220023557119652,0.0036921977772784993,0.003870532290724402,0.054641000659013186,0.015493163257362129,0.15434678990366205,0.0019184748846623658,0.0023759101308814595,0.0014951831220038657,0.003243246625153452,0.003720082503126916,0.003356777898975905,0.0024427163214094,0.018933758078110933,0.01308290459461149,0.03603783111669872,0.22092668067104212,0.0039014944067662684,0.015561322546589854,0.013556985596612166,0.0035277855047958153,0.00914943189989843,0.0032862771863507905,0.012393671433448437,0.003605533972735596,0.00536140827736984,0.014743407056160878,0.002291295314695754,0.010047569834451818,0.003247000630476313,0.01213930527402429,0.0019030986951247765,0.006916399073422192,0.0045983416377047,0.003552197830245665,0.0016955485427693835,0.00797373019317542,0.005107082256602394,0.005119837867144345,0.0011845664041421023,0.005434823234793012,9.659267331569872e-4,0.00577663329751991,0.01608362771001873,0.02076007971076011,0.004435959743811564
0.02605188591981722,0.04806898680932022,0.049810932796618766,0.015962520743998215,0.05978442935756698,0.015444951121414214,0.03172715935250542,0.006156547961052421,0.006729762122023436,0.0028708062172268303,0.0037307531590060265,0.0035687102213374433,0.0038346817493147495,0.05436595544836193,0.014240883828224573,0.16797800910220925,0.0021316942678501986,0.0026372695572939105,0.0019865854256387564,0.003637941055426281,0.0035317076078036384,0.003152962134076487,0.0021384487566706296,0.018790742640670235,0.010643449947871473,0.030302211658717527,0.20806988125825873,0.002942209453372165,0.012795564354423647,0.013380100594664695,0.003048223418594382,0.008256789873140416,0.0033163151895789188,0.013477536114702536,0.0035851959706688537,0.005668433180593537,0.014053191930614403,0.002068038286175118,0.00956874400015325,0.003409712973924555,0.012209453112420734,0.0014244352180432921,0.006936628149261515,0.004395613142479115,0.004422752739337829,0.0014299046867195676,0.008699978511743513,0.005105555343991486,0.0059570358172489155,0.001291494692582316,0.005723739503887438,0.001077126507796598,0.005704457480511224,0.014941156341221833,0.023162376361922924,0.004598366829949694
0.025402241493638993,0.04411162640622212,0.05535462973646229,0.01578305167713234,0.05594066436596255,0.01581501317888575,0.034374363176094665,0.005495655663822489,0.006169425885125851,0.002345124476068768,0.0035356803415919013,0.003917362697032626,0.0035517063992044117,0.048961855809661996,0.01562545119459549,0.16489393098143695,0.0017266968603288503,0.0024851216010068973,0.0017318675312476028,0.003382399280895168,0.003490245339336024,0.002841995242770013,0.002599167035372096,0.018280067796103566,0.013617322758282292,0.030650708471971697,0.2179116557349395,0.0035604250121171735,0.012389535718539662,0.01398026584166204,0.0030813521189969008,0.007402082147538764,0.002954991491227369,0.013744688741952747,0.003770707501495555,0.004966623609771295,0.012333360853715518,0.0019260323523432837,0.009302796838022216,0.0030338901386102375,0.01156475451645675,0.0018986903492609478,0.0065292690419432795,0.003982745742830884,0.003696964327310219,0.0020130695068741977,0.008844020636189123,0.004713990798646374,0.005271059615429507,0.0011829265088381614,0.005662668150051669,0.0011321648419683342,0.005708671853705129,0.015577430433036442,0.02540367138186885,0.004376118794404411
0.028821101674868115,0.04531638709676716,0.052729179430167784,0.017740756003234888,0.055712690369729465,0.015810537202506435,0.03461619152113709,0.00592275821031562,0.005764451184345498,0.002976232062022264,0.003860095399594776,0.0036512890407068184,0.0039410963431927995,0.04826390472146915,0.012920670865071138,0.14582995763954493,0.001962664897442788,0.002222437969219508,0.0018173094967647288,0.003701898904226445,0.0037867198355901535,0.0035774099981864017,0.002639616223551748,0.017975010907813022,0.011588584210865435,0.030388278465842314,0.23426841061462028,0.0030238742837281015,0.01362789661619889,0.014304656021962467,0.0029302724152511696,0.0070362840677630064,0.0032583616133647145,0.01317721501716883,0.0036106866690607154,0.005797311951400696,0.014452859761384752,0.002021426343745536,0.010247256465049315,0.003120597090309991,0.011771385138700541,0.0015624343052477302,0.007206142490252849,0.004729469361549428,0.00391584284315884,0.0018005416807678695,0.008959926385516704,0.005024703362948744,0.005476702457523849,0.0012077513283880962,0.005255618397984628,0.0011253940034700919,0.006093242482365827,0.015776486790837676,0.02140019723531513,0.004279823130787036
0.027274298413334765,0.04637834493833545,0.05666138637509215,0.015196015687849384,0.05590941125163035,0.015559928125851486,0.03215042065548298,0.005633601440218373,0.006086353353418767,0.0030755804387712885,0.003064651486581976,0.003696486769503886,0.0036814222274072802,0.047166428160190635,0.013898545717172736,0.1473420981815997,0.002208989092894433,0.002718688994569733,0.00164210476914381,0.003416855258768071,0.0037845867610584055,0.003546566084111623,0.003058983540049314,0.01941931846194727,0.012105637501467564,0.03083082798260553,0.23713138096490394,0.0030905468755081534,0.01309233843939539,0.013151586771405054,0.003106412463864846,0.00766052813106375,0.00396534262358201,0.013074466164112354,0.0038459289899312956,0.005404509069141825,0.012055328415337305,0.0019701674677384475,0.009436618616256403,0.0037888877865521063,0.013215958539596798,0.0011057878997846038,0.0064351012483009834,0.004849053547012683,0.0037174097928189703,0.001417164927785426,0.007905669741403614,0.004676020335493156,0.005603688729732594,0.0010862070476271653,0.005972622799389526,0.0010685069776389094,0.006236058667820393,0.015648455175739266,0.020141461114644054,0.004639259007361976
0.024984757698501177,0.047996717822194834,0.05826414559617507,0.016156789166302372,0.05536023990961348,0.015055550915618462,0.032475387529308924,0.006199652946225049,0.006176336223734018,0.0027814106160307358,0.0037728067540149677,0.0038331740979289297,0.00356334789748945,0.052429612366073276,0.015054797250553803,0.15735907575813946,0.001994136067227605,0.00233702923456742,0.0017520557024791148,0.003543630104480851,0.0037316284329394537,0.004047331575407948,0.0023625169960456603,0.02028835491982737,0.012798499280210205,0.029438550251299832,0.20500592574896753,0.0037551092689459505,0.01241851910922438,0.013836502677206595,0.0030341681824316517,0.008915166931331955,0.00334916087066452,0.017210106556180254,0.0037287335958956164,0.005689897814967532,0.014057501686085569,0.002289027838234917,0.009029540601815225,0.0032020209734841183,0.011370327028048372,0.0018305806607680712,0.006360169461475617,0.004627498738140243,0.0041884532430580415,0.0015430140910555991,0.008859363402366859,0.00532805694737304,0.0054804791905380635,0.0010733688495110879,0.005619687229384455,0.00119229721657556,0.00640392910063024,0.016790394586710757,0.025236385902921054,0.004817077383617669
0.02632451339794269,0.045384318243421644,0.05163737414092943,0.01644130095306154,0.05904375056770561,0.01534031748824174,0.035019593653315195,0.005867133887718705,0.006346151741409897,0.0030600350701617675,0.0034121828733418734,0.00385261718826969,0.003719743223956629,0.05193073061982252,0.014233574134869137,0.13770968392603272,0.0018526410180129663,0.0027864970498577384,0.0018067937595671886,0.0035255933573125563,0.004022179505261865,0.003390930061774914,0.0025459583426251935,0.021134224528147193,0.011868547482585064,0.031333694879754063,0.22961969438545576,0.0035873032865781015,0.015366550418882009,0.013383713961480729,0.002760579906163931,0.008006952078798786,0.003854905828092702,0.014301863847698482,0.003411400775637229,0.0047346204897788305,0.014464412635076062,0.002382493119656814,0.009591522424154715,0.0031795379534249103,0.012116606406450993,0.001402743614745875,0.007139907721960206,0.0042177738815696785,0.004211830005467794,0.001698951452801065,0.007955013292716447,0.004832761662864795,0.005811259470566069,9.062922640247662e-4,0.005526335924865312,0.001170326796184711,0.0055630821342900864,0.015973362186128458,0.024375776016793554,0.004862344962591564
0.026169315865302228,0.04763134982318687,0.05759201587753422,0.016824452701969205,0.05620087791411128,0.016051773252008444,0.03322833106105546,0.005909624123498644,0.0061064825490500475,0.0028379952091380067,0.003986274667477703,0.003803592625081811,0.003772367377246544,0.04837524578848478,0.01454326524329512,0.16071672314557395,0.001972188172346917,0.002657520088270894,0.0015718348292063696,0.0032694536487049334,0.0036323105618366394,0.004250457237993319,0.002755368592478724,0.02003892912562881,0.01245089496683238,0.02820696363164192,0.20888376990088092,0.0034189654406889154,0.01467324716324201,0.013418426770076696,0.002930604765432489,0.008931849885396605,0.004576968943645213,0.013971791174004159,0.0036139479293347504,0.0048354206821107654,0.015056975666241543,0.00148436213434364,0.009895115838070083,0.003439333209076509,0.01147297534041535,0.0013767986330375569,0.006388189089003856,0.004794265192134568,0.003992918674479715,0.0013810359915503781,0.007681937414676217,0.005501055195938598,0.006748393301295361,0.0010325926599689323,0.005566912505483479,0.0013046559069980273,0.005381566559448553,0.01388264308724201,0.024440637249720527,0.005367035617107346
0.027093446551154466,0.0445868244875028,0.05288227293854963,0.01670699339798146,0.05661530926056391,0.014973874826455616,0.0354798668616141,0.006291295329172741,0.006473090204095035,0.0032176235818823246,0.0035442508690250642,0.003756162566606023,0.004327778805698598,0.05120254776453945,0.013316606560418677,0.16100942111758454,0.0019669308461636144,0.002584405962463019,0.0014440338190646487,0.0036014100073166835,0.003606438755278153,0.0032489611039542344,0.0020196366810917893,0.01923309593354922,0.01201844762770474,0.026082421605604193,0.2133168318320681,0.003357208805909732,0.013597710021200153,0.014519058227697874,0.002867717190303985,0.0097031645549519,0.004363232372853222,0.013448212192820271,0.003675125904258469,0.0057405345790572035,0.014097102869917609,0.001614644108332759,0.008946055421361091,0.0037347715350726333,0.01073183728913645,0.0016101714973368961,0.006599413336190699,0.004429296523114809,0.004080808883818736,0.0012600741929741082,0.00996343756395553,0.005464236786477333,0.005823717452619575,0.001219997301417747,0.006790712961468756,0.00100941380938076,0.006008249172697356,0.016937770065572653,0.023525071929597338,0.00428127415340156
0.024963260928001847,0.04643737447734893,0.054940654470404124,0.01633126331564795,0.05702733280334184,0.015648639544436016,0.03308267744105575,0.006328320327153129,0.006166811091524731,0.0028456069987261145,0.0038051575961260053,0.003642073696922899,0.0035585113929320045,0.05096645527467243,0.012492649179545613,0.16353472590765608,0.0018087369529963637,0.002944729046810711,0.002101996176986266,0.0033856902500364445,0.0035380218302140795,0.003518235500220918,0.0028639802559998206,0.020032160281106028,0.01171217133159069,0.02730371662842231,0.21590755004877227,0.0034538265330113513,0.01385100593855446,0.014790100595690782,0.002815116502033803,0.007451872963615186,0.003350533040888567,0.014796722164179384,0.0038013461747995626,0.006096498739935508,0.014952402167500272,0.001804093575621124,0.010050623604452563,0.003106156526335505,0.012005201802619027,0.0012690307089643174,0.006225880829296184,0.003996120568736451,0.00381280403874107,0.001255247483475987,0.009164617007595223,0.0051620798367321445,0.005717697240818949,0.0011455379203451274,0.006269176197023491,0.001278939943796707,0.006105629430170994,0.015342837342538083,0.019519164445580155,0.004521233928296699
0.02492626604826312,0.04545185537065243,0.05284672855433116,0.01539994589611795,0.05182890900656344,0.015554618141174885,0.032863465819984554,0.006049409553843427,0.0062195820266647125,0.002981946917283233,0.0038446367275878517,0.004051896230400669,0.0045623783005242675,0.04627806725276698,0.013633527811282908,0.18111447174185613,0.002018005243248853,0.002456942298997904,0.0016476150500276236,0.00343719039441294,0.0033630193979975287,0.0034322842471181457,0.002631089171594391,0.023149025072003893,0.013354878012725733,0.029616472720296907,0.20635153792399946,0.003566315241327308,0.013380448111355654,0.01380716301773799,0.0026882517656256766,0.007505594395433414,0.004576514137692393,0.010920559655941112,0.0035953900348263445,0.00568851850317966,0.014943053688153846,0.00153795014097661,0.009457361502302516,0.0031917882305100326,0.010998407808971822,0.0014170169033589637,0.0069170859089045635,0.004556976553726135,0.004258581384138651,0.0013091970331250455,0.009269147350803371,0.0053745138870488224,0.005246847047235007,0.0011222700444996965,0.005329938524711939,0.001284000934959463,0.0061369184342372745,0.016091628391067488,0.02239904605756933,0.004363750378858743
0.02460763108538745,0.04711617822261458,0.05423801364193602,0.016915544343566707,0.05762496569509423,0.015209388003631683,0.031092783044988727,0.006049682845347469,0.006183787914653926,0.0026879291787611243,0.0032778785707789537,0.003385140244692363,0.003949145548726632,0.0498556639244732,0.012305229074271777,0.16172810147965092,0.002322676581096486,0.00259262288568705,0.0019196682133573774,0.0033645861509940264,0.003500931949124432,0.003296554207393782,0.002445064167083969,0.019423264980868302,0.010870116329882584,0.028671154355739047,0.2152515895034,0.0033304995703811995,0.014452251442291102,0.014286260906692355,0.003025910080483751,0.00800109202311868,0.004874900931510935,0.014526044925899144,0.003865387118139911,0.00596636171933755,0.014766705681296462,0.001723354690262979,0.009745160402539537,0.0031043443754810865,0.012248796036813777,0.001185109970980729,0.006447295749096899,0.004435213232611926,0.0035262462710996794,0.002012090673121274,0.008741859908330134,0.006028214899197157,0.005506523150396301,0.0012271015393325944,0.006122089051260455,0.0011867236272723142,0.006651615531740918,0.014649746341301026,0.02335368082276856,0.005124127184038686
0.025829012602038216,0.04409729109649508,0.05310341698236321,0.016496472254838343,0.05208101128713013,0.014396163589409984,0.034269933964308615,0.005882229719537801,0.005994458612232271,0.002996926707938333,0.0035212604744689793,0.0040261772047188735,0.0039498532216670264,0.051557471359828355,0.013276155270311967,0.15522405146448415,0.001895474198686759,0.0024196457519167925,0.0020517204673276834,0.0036005418023345366,0.003184579242459329,0.003883354441963215,0.0030554747409678802,0.020250607125550466,0.011699532948792574,0.03258333650102609,0.2226250532117637,0.0037724096540935437,0.01513872756860436,0.013228265008270124,0.002912469324697016,0.007940207629588851,0.005810304142267124,0.013415663415255498,0.003444876913383535,0.005216301871361175,0.012747658436281872,0.0020145975833457215,0.009816473468324361,0.003361782775328557,0.011163257149227722,0.0012636656863557044,0.007307473473913322,0.004143467294297036,0.004015224081231726,0.0013637220450571335,0.008763348550324821,0.005503379875991235,0.006314115048837841,0.0010186413929042868,0.006092337918874986,0.0011040337862968227,0.006073766186923298,0.016124165908635506,0.021746500964464736,0.00523195660130177
0.02564825182022266,0.04528404407569212,0.04741122338675161,0.015639700303324896,0.05181456456872439,0.014796639632534804,0.03413211442546626,0.005177632839683347,0.005952235963394319,0.002680560157228994,0.0034161936640542453,0.003975724053501707,0.0037774766815126385,0.04826285813176463,0.01277223159082944,0.16531048170662524,0.0021645811530253984,0.0027799951589943276,0.0016221882127750995,0.0036845142100772293,0.0037079691390381224,0.0033339995462526514,0.0027247103615672687,0.02533332580482351,0.012113214429140495,0.03291692126465884,0.2258099289239524,0.003244193833584357,0.013724121305940465,0.013773660832228302,0.0028750720895731347,0.007571331001617754,0.004254900705438434,0.01190874250264306,0.00349824578258096,0.005325974580671204,0.013247113750185502,0.0021879963907886378,0.00948127827897632,0.0031424843031459095,0.012203018754569193,0.0015827294513422725,0.007190332581104011,0.004157506923091407,0.003950275336545166,0.0015080746285718117,0.008847871782330036,0.0051939822381963565,0.005303241676073841,0.0010639190473510677,0.005296540767746574,9.569694276783053e-4,0.005304163684010481,0.01738107291682165,0.01949610684754482,0.004085797374032275
0.02574011199513203,0.045514239704433815,0.050101212368127805,0.01686910750524315,0.05534645449333478,0.015264068946390472,0.03271305045453135,0.00575536310728388,0.0062804379393303356,0.0026519111515705255,0.003284382337099457,0.00449122071846449,0.003682718486741318,0.052359141664762146,0.013037474763599151,0.16361263396299244,0.0017107297920422643,0.0029611443929215115,0.0020104634911818756,0.0034014473471889917,0.003596896971915277,0.0036052178907107946,0.0032402663415093936,0.018715213683392,0.010188045141158073,0.029158830274912784,0.22196626317204105,0.0036771440502960163,0.01432456461374786,0.01683361293184009,0.002610290960663,0.007273011089833708,0.004307851617834946,0.01198577724844491,0.003482878235245723,0.005158594676780133,0.014545823485199257,0.0020505566104005685,0.008749613187096482,0.0033179062045437255,0.01277982098913229,0.0014734195301839583,0.006928892833706847,0.00434835342632125,0.003682262572052077,0.001102456581621202,0.00973241638305677,0.00468351043337737,0.0061195067544156925,0.0010874704198406576,0.005722226750034141,0.0010177089587277749,0.005595522859765831,0.013718493036170634,0.02172908463505781,0.004703180826598099
0.025750813152015377,0.043441493871579646,0.052450054513471005,0.01671548521179336,0.05659823284227491,0.015006739770662204,0.03593764201762102,0.005545841415624897,0.006479138129441542,0.0031500063041967332,0.003274705778363595,0.003531581322571029,0.004228290463032758,0.05045976789725925,0.010596153054161665,0.173334609824434,0.0018442878118164771,0.002591683234223931,0.0016021519453288428,0.0031683904704382466,0.003425479024119639,0.003520617776049592,0.0027360452177257366,0.01683246118312955,0.012182088625396624,0.035150842328211036,0.2128260488319038,0.00334425691264259,0.014679699559021655,0.014910364220169416,0.002693528851071992,0.008317729846375502,0.0031993800407192382,0.01181310509538912,0.0035634618689475883,0.0060057757650273805,0.013475205736097602,0.0015609561667329582,0.008041696296780197,0.0030324684013461308,0.012942207669507466,0.0012135291575624016,0.007080880063280953,0.004450534253403801,0.0038125818454012484,0.0012891892431772217,0.007221108925979685,0.004533406278636529,0.00593198143026067,9.626281862643635e-4,0.005783275674311363,0.0010360489847700772,0.005898768962056484,0.015030713295506249,0.02150624349274906,0.0042886217599645265
0.025591444024686723,0.047336458537754283,0.04926867075537761,0.016382456521955073,0.05046951657994937,0.014910701490517571,0.03373070203808169,0.00574265184262444,0.005655075100344374,0.0028017180029604183,0.0037824227320668864,0.0038476823081107408,0.003971707989543649,0.05431928054203271,0.012695208394689586,0.1569572596544086,0.0020363696229579605,0.002470230853816594,0.0016231270449996958,0.0032219489277829786,0.0034628778208125955,0.00354089490087257,0.002311718548546208,0.01873268072738113,0.012154073396377568,0.030386337100888935,0.2332562903772873,0.00329820664526882,0.013640601155053096,0.014754490913274694,0.002406417953029889,0.008826958510548264,0.0034004280470606406,0.012332173753043907,0.003689215315838865,0.004777737770544766,0.012175370782313911,0.001661653162054507,0.009669279174359762,0.0033401510385781875,0.011840432617379474,0.0011034039450814885,0.00651483716644889,0.0038103862812104063,0.004018483750477297,0.0013011690459389781,0.009129742204367089,0.004974605354448786,0.006263705457602679,9.719604193889282e-4,0.006060313174352599,0.0010131013585421406,0.005619992274734736,0.015150061429051858,0.02297504560640006,0.0046205698567780345
0.02819854689253416,0.0492697478019576,0.05168260686168624,0.016395603276309387,0.0565189100065224,0.015736196847478054,0.03620957188176623,0.00597981590459859,0.006651108616719322,0.002898964543175946,0.003565238242483575,0.003924042654251259,0.004378972453641019,0.05074417545018806,0.012829154928256838,0.14765897583923662,0.0017820491626513843,0.002853048218414746,0.002100483525214231,0.003374517854384148,0.004135012986241847,0.0032876318885607676,0.0026132131679562427,0.016149608978728976,0.010635720062737882,0.030157351203059093,0.2220272531838227,0.0037166157878940572,0.01383873575900001,0.0161586162600311,0.002960190973645164,0.008062325671702881,0.003971177013547458,0.015197631669844856,0.003509466759658203,0.006012034366323176,0.013883711572911246,0.002227359769470899,0.010125871200040791,0.003462451234007188,0.010601348225225021,0.0016374082523925102,0.007652103494018933,0.0039360960929779275,0.004621632908529962,0.0016118235171060304,0.009244946164461205,0.005259413186603355,0.005506897021108165,9.37288034214762e-4,0.005644822201401732,0.0011799480555433372,0.005805930587306103,0.015572614659469684,0.021723024350361126,0.004180992778625799
0.026801215554844205,0.04773128184625767,0.05701468255189782,0.01697002789828676,0.05546470488633678,0.01584167132556416,0.03293484223406905,0.0058796122436657865,0.006895151410863427,0.0026974409462102262,0.003656174606525479,0.004129852867756959,0.003878512448040492,0.0487193111979494,0.012710854740419348,0.15580572274190382,0.0019431790468820485,0.002548372992603643,0.0018898797512854352,0.0032939505202742793,0.0041340216285218525,0.0036483763289794197,0.0021897955541268837,0.01748548555734677,0.011052697639109014,0.023481126391609992,0.22142132457067146,0.0033571029307989724,0.011522734052180026,0.014281045781452704,0.0030179526127274365,0.008434561925398931,0.003921060101161654,0.015682055063002177,0.003278541360749034,0.006681580468070713,0.01651008981599149,0.0018863134232660215,0.011309931506147612,0.004106944921972372,0.01177596233382769,0.0016140228930604384,0.007438638247442043,0.004563747917980967,0.004283453868100667,0.0012091472123854962,0.008012418416271792,0.0052305238022505125,0.00629893247325315,0.0011769164382889952,0.005414165336598816,0.0010517371790218265,0.005861177113610214,0.015110412030415705,0.021448332661994186,0.00530122863057611
0.02577729533470064,0.049876526371487255,0.04967885465120616,0.015665564701409528,0.05756640665755447,0.016397424513724737,0.03284010408961582,0.005929599201320306,0.0060238955603927336,0.002559367617991409,0.003476089989331929,0.0037241687738877255,0.0035361610148394386,0.052848975218012136,0.012588495796445538,0.15904261168927727,0.001963837373987162,0.002583203305144634,0.0018314288801545252,0.003439846807570546,0.003616470992485495,0.0031908726991767195,0.002333290000283102,0.01823960347566193,0.011943361099280533,0.026710967937515092,0.224380301333002,0.0031525646844486953,0.014010611920978815,0.015359874023958893,0.0036496896669374304,0.008209400392008738,0.003564788866472122,0.013496552767460712,0.0034197059218658626,0.005214611058208277,0.014866450663560104,0.002346195153295079,0.009658543247877712,0.0032606216987905354,0.01014879126699835,0.001549639911433821,0.006649006322258697,0.003985917384798878,0.0044158223694772914,0.0013005088171700238,0.008869911070580048,0.0053840418184620325,0.005942081009717612,0.0011363254828038506,0.0056035666031333375,9.592480670222106e-4,0.00580776161181475,0.014820096654913599,0.02099808497101912,0.004454861487074631
0.02663224637406757,0.04725271235714123,0.04948393945053576,0.016567989846519755,0.059301936250478374,0.016006783502396604,0.03404854332159262,0.005387786896865749,0.0063123595364152265,0.002896099624646688,0.0035275554860466716,0.0042085701633285365,0.004165807771554285,0.04927424760429635,0.013482397284552217,0.1773404204819863,0.0018813583662667293,0.002553004550030685,0.0015516314080013696,0.0035448722672426322,0.003598963499379308,0.0038610180659128497,0.0026975678326736858,0.016526965292218615,0.011724789986328428,0.026903189146954647,0.20980885478605574,0.0038793044849882437,0.011409850012500609,0.013485928239356081,0.002693187134844659,0.007125263374016836,0.0036730302575221016,0.013375367379514952,0.003538459118144515,0.005896509665993812,0.013546441593230683,0.0014955000654432598,0.008360915234393473,0.0030668770441368938,0.011422379090735013,0.0012591758415796714,0.006394965562215394,0.004345568700918075,0.0037907020602803744,0.0016294507622752806,0.007605726816762853,0.00605410771908842,0.006137645145913435,9.482555716088264e-4,0.0059853923313464156,0.0011442475380302574,0.005194112217196468,0.01747805848981963,0.0235990978128889,0.004922869581766185
0.029141631477650393,0.04574103471480205,0.056523585362039386,0.01739473204660388,0.0572245745390695,0.016639252125287735,0.033130217388805346,0.00607358234055568,0.006398477260932242,0.002891081583986218,0.0036057843931035223,0.003809662724055983,0.0039742585353274825,0.0587238385785517,0.012909203760809939,0.15107914216083912,0.0020528086946737627,0.002739646412243225,0.0016538826984258638,0.0031975484170703354,0.0034325199602551733,0.0031196020723034935,0.0021520391859795695,0.020944464966672502,0.010162784693229723,0.027326859656779744,0.20803985473312064,0.003466614450564476,0.017717775876124834,0.015493969465620526,0.0028635885465524446,0.010096630210229045,0.0038804605808510284,0.01348479995590521,0.0038709867001906328,0.005377269649843393,0.013531513227304535,0.002049671431080225,0.009163266675350605,0.0030654140014036387,0.011663595031006084,0.0014766814080199118,0.007253326293136094,0.004252200498860306,0.003694366137588131,0.0014651157527827887,0.009609831431935405,0.005452877382768072,0.005967288317692049,0.0010969569334064687,0.00526631005650962,0.0010619097021140709,0.005501673544926644,0.016647512637583902,0.021044571664005404,0.004401751953470223
