i2_health,age,household_size,cantril_ladder,r1_1,r1_2,week_number,hl_covid_num,vl_num,region_Islands,region_North east,region_North west,region_South,gender_Male,i9_health_Not sure,i9_health_Yes,employment_status_Full time student,employment_status_Not working,employment_status_Other,employment_status_Part time employment,employment_status_Retired,employment_status_Unemployed,i11_health_Not sure,i11_health_Somewhat unwilling,i11_health_Somewhat willing,i11_health_Very unwilling,i11_health_Very willing,WCRex1_Somewhat badly,WCRex1_Somewhat well,WCRex1_Very badly,WCRex1_Very well,WCRex2_A lot of confidence,WCRex2_Don't know,WCRex2_No confidence at all,WCRex2_Not very much confidence,PHQ4_1_Nearly every day,PHQ4_1_Not at all,PHQ4_1_Prefer not to say,PHQ4_1_Several days,PHQ4_2_Nearly every day,PHQ4_2_Not at all,PHQ4_2_Prefer not to say,PHQ4_2_Several days,PHQ4_3_Nearly every day,PHQ4_3_Not at all,PHQ4_3_Prefer not to say,PHQ4_3_Several days,PHQ4_4_Nearly every day,PHQ4_4_Not at all,PHQ4_4_Prefer not to say,PHQ4_4_Several days,d1_comorbidities_Prefer_not_to_say,d1_comorbidities_Yes,vaccination_status_1,vaccination_status_2,vaccination_status_3
0.10445945547874597,0.03892699882664967,0.01864369366428367,0.009869738230702068,0.1556103904341656,0.00929927994291593,0.09776139992368192,0.0033412412398946454,0.003126896470794502,0.004151998087643643,0.0034521088015379473,0.0021328670032025304,0.005759060615207203,0.02313761163822568,0.023918798806638258,0.15922507720293405,0.001595304869225232,0.0031376759881815673,0.001063965447989674,0.0015713584610309035,0.0043488394461478706,0.0015413102875882292,0.0010081350050435275,0.008096082930471577,0.008461954823296945,0.02166492964204872,0.15563355141321844,0.0020539874585265585,0.010821951098301981,0.02249531915884998,0.002127481133589146,0.0021160930420882807,0.001313569222845093,0.019150975433366513,0.0021920972155710767,0.001534603619139983,0.002671585209563268,0.0010634928299835798,0.002798679458402851,0.0017209840917264986,0.0029994679227727124,6.634217782114147e-4,0.0023105447788056227,0.0020935330248146185,0.0028175569362496183,0.0010154033173300572,0.0018095539225511672,0.0028821166179604923,0.0027695057253519853,8.179670367196313e-4,0.002076442819817435,0.0011422885897704935,0.0031304856737752957,0.00539846722800313,0.015832437300087248,0.009240263674358285
0.10239717519007147,0.0357795717128071,0.01903541928132682,0.009869129218704534,0.14943565979958,0.009290303674682183,0.09738408564441894,0.0037178803641434413,0.002979144398790023,0.00351028470581524,0.0042850638755987805,0.002535608999664845,0.004777904733735029,0.024137366588567962,0.02670625809336329,0.16046955222608403,0.0016347729121719426,0.004375392104420263,0.0011427173329178703,0.001812096367923705,0.00553613829582557,0.0014780824110816717,0.0012516122148382505,0.010454408282030137,0.008281644129016877,0.023084179575504807,0.15639258801000713,0.002262909981053944,0.014052154636144149,0.02381860924234528,0.002141140589035523,0.002042279135966266,0.0010251532316522005,0.015960977182363157,0.0023599676027493337,0.001484346698273568,0.0024677160954638478,8.366537435965719e-4,0.0027535533737601016,0.0015370059356201867,0.0032104958642182667,6.977946480311169e-4,0.0020657158047474897,0.001964081278998779,0.002559272492355586,8.832300523459648e-4,0.0021564118108512377,0.0028930840617093986,0.0024224393842794813,5.698630964835442e-4,0.0023854737203897122,0.0013068626712463623,0.0030660505573500358,0.004435390568834862,0.015378574481686644,0.009508751915355369
0.10070098552931223,0.03687503047888079,0.01800650054182308,0.009400779367230652,0.16151992184505792,0.010140987409659612,0.0922460856678825,0.0038048952377228973,0.0033017324771463757,0.002969859075637453,0.0030465092609076906,0.002210256618296456,0.005221061090112581,0.023310875689290623,0.028521770650238278,0.1534862816373511,0.0015348579807396693,0.003132940036425007,0.0010141065215944008,0.0014244405626670491,0.0049181494702564615,0.0013749040125806931,8.979008867948078e-4,0.008855562994422922,0.009190570411564998,0.022053536182559338,0.1711309102540097,0.001953957768023476,0.009748915413120849,0.020165886035486583,0.002274029745763342,0.0023551588799253314,9.134694972311263e-4,0.016423660287911222,0.0022461772819507304,0.0016153942132639035,0.002493091880378734,9.60687236239606e-4,0.0027266182157548234,0.0017421817630741039,0.0036004824644401347,8.355997160426414e-4,0.002189654929663066,0.002256503877257561,0.002662435882804296,9.76423574431055e-4,0.0019355642242261002,0.0028482512185085077,0.00255119946934832,8.471824678498375e-4,0.002043034128584257,9.121648380038258e-4,0.0034132901725554606,0.004392039509517892,0.01398438932873197,0.00864114408974593
0.105855727043992,0.0373842348142122,0.020274211389143596,0.009507960578432544,0.1558034816004853,0.009911286418036675,0.0983316355886541,0.003292064809568089,0.0031491065531722203,0.00406729172297697,0.004174448803900954,0.0020939174385433343,0.006081107051942443,0.02441092004436035,0.01924409317873213,0.15884675731800962,0.001738872173048165,0.0036961308208493604,0.0010462955654056193,0.0016738040029971601,0.004267028628040131,0.0015187350613586645,0.0013582501385254189,0.007981320945866444,0.008737760754169705,0.01928776255508418,0.16640137668988025,0.0021582343628295227,0.011170854686691293,0.01969149174008554,0.0022336894035764735,0.002269926960039748,0.0010464038586078573,0.017079515433927883,0.0023059610227360184,0.0013594837732351219,0.0023230219741072378,9.402200815872248e-4,0.0030841015294373673,0.0015232163272204233,0.003536513768042873,6.993216124671032e-4,0.002538964355600942,0.0020224017463558435,0.002063324249773077,0.0011401642332559375,0.0022998606061696903,0.0025477923026133984,0.002386879504521635,9.317670700083015e-4,0.002038896325963109,0.0010832893638126986,0.003347441973209566,0.004380598133859511,0.011393335247868595,0.010267746663008462
0.0984612103374204,0.03807633308397872,0.01828356948740496,0.009187912127906064,0.1530214154935206,0.010083022905053403,0.10351402895631993,0.0034464734932070852,0.0034506474398304223,0.004207401819930336,0.003982083693620329,0.0022118951737698676,0.005173133704127704,0.027626505023841057,0.022407308839462473,0.15989824568791974,0.001538030181632896,0.0036871680729908545,0.001009854795481302,0.0017270027555860142,0.004077329215205145,0.0016384860769024236,9.313847348082835e-4,0.007604191228231997,0.009007695038466998,0.017176229609996308,0.16598644828164202,0.002225582836126319,0.010555834929567154,0.022703749651240918,0.0024213849726026863,0.0024121516956135585,0.0010951224690949285,0.015531250548098393,0.0024528569332500556,0.0014403861007995207,0.0023940707210961566,8.00035926848008e-4,0.002791658752432049,0.0015033834217270951,0.0034163824283856502,5.941634959962895e-4,0.0022216830709883145,0.0021188876547608712,0.0026128678421433117,7.583360905589504e-4,0.0019380565236475716,0.0027209294348217125,0.002648309531944888,7.704256001351473e-4,0.002137308539797476,9.427684715319607e-4,0.003508690844615304,0.0037462591519190243,0.013693980087962885,0.010428475014036534
0.10547183212521348,0.03752663167816337,0.017404303915116756,0.009971605520897996,0.15296096198223888,0.009546396866771677,0.09503941605371669,0.003330399228716516,0.003163493331318755,0.003526744236839381,0.004156082124690495,0.0025339756963299476,0.005454319614304773,0.026463026249975163,0.02172031934336063,0.1511450450870135,0.0017865171041660166,0.0035032706478433226,8.666484337262321e-4,0.0016904642239212412,0.005434590261800334,0.0016532183168431783,0.001309957551828518,0.007567568912450437,0.008095441013410205,0.019090717859659646,0.17957124984356185,0.0020710028948961396,0.009856967527098352,0.020315470288617774,0.0020601809991683873,0.002273272268029632,0.0014125622426239821,0.01712049499243593,0.002115058601606267,0.001352716938487739,0.002386320712857829,8.902464570784673e-4,0.0027407791478096886,0.0016348490574953278,0.003130684386857072,5.332077261836455e-4,0.002485473829843233,0.0021761989032863197,0.0023555645283757387,8.844732087326036e-4,0.0021088823803701584,0.0029220384072124674,0.002715658718512583,7.74543203725832e-4,0.0022366480137481055,0.0011202072796685082,0.003029534254187392,0.0044338394749654,0.014205104042011389,0.008673822290235158
0.09743411852856235,0.035197765195248205,0.01918246750431274,0.009515946694493018,0.15926145791349464,0.009098380762809444,0.0990460110391775,0.0033383590463144422,0.0036246902569448862,0.0036465883025021736,0.003427991707975278,0.0023204615118796444,0.005368017831632662,0.02465579555476877,0.02674857576453445,0.15193325537095634,0.0015499939334152565,0.0030622911117744326,9.748047588690206e-4,0.0015381418224285684,0.003971836821415607,0.0016659910180155883,0.0012721600571450591,0.009192700200995758,0.00785087776524569,0.022964076873641156,0.16387197979132387,0.0020493526335874086,0.010680163571384044,0.023985738747475432,0.002189951928839773,0.002282327284231212,0.0013627519445049813,0.015719736905280585,0.0023547319327473708,0.0013883957095756363,0.0025075029673890152,9.635749106725567e-4,0.002952921441177404,0.0017992368949631512,0.003901773918553493,9.968246001812243e-4,0.0026416020795415295,0.0021568555397290285,0.0029657877912279856,0.0010295929988419876,0.0019418564700044707,0.003028493036380511,0.0022703845924300758,6.607101679750139e-4,0.0022234093762969662,0.0010086700780855573,0.0035391804193804373,0.004560472884194717,0.015267153465633326,0.00985610856983861
0.10202870149114043,0.03769538196324843,0.018174727698029705,0.009629080582600265,0.13565528435891644,0.009444570193989303,0.09098673932861895,0.0036738513351110523,0.0034623602716217184,0.0034179390301549576,0.0029961850174000135,0.002187974265428204,0.005606593155416278,0.028005315985021827,0.023511902400116004,0.1551203328590053,0.0015750564510611785,0.0035056117860319913,9.800573971612502e-4,0.0017055539386482332,0.004882106729087341,0.001852924348809037,0.0015880493911836393,0.006340768738660747,0.007765211815537578,0.02119430343479208,0.1839386104585792,0.002581277071628191,0.009782098806325908,0.023472297805621108,0.002396265776815903,0.002444404829983874,0.0012643361769866523,0.019578991675214475,0.0022768985372743685,0.0015125166154708808,0.002293698753273528,0.0011918450743201006,0.0028329006095121835,0.0015862428205462055,0.0032336680651429725,8.168774989733017e-4,0.0026804547772741123,0.002168729532132142,0.002628097571549065,0.0010515306828241112,0.002268451582283155,0.0030494130451450517,0.002985873200865299,7.43368914177515e-4,0.002132407871818128,0.0012029024689775264,0.003394299873013347,0.0043833429974411055,0.016934829342417954,0.010186783597620725
0.09826141940071549,0.03440738305437804,0.01861060439986274,0.009798003184356608,0.1526766619337099,0.00918840787338521,0.10399983392522019,0.0035617095727988953,0.0030660009422479313,0.004081922122296999,0.004279959444254842,0.0021405878001442185,0.004691986273258371,0.02236876852420145,0.027860399597666993,0.1625077926428041,0.0017254105028987202,0.0036187018678045715,9.249290184871624e-4,0.0018446698937498683,0.004509064779406618,0.0014789986426798727,0.001299510334825648,0.008673774189506099,0.008837273906541095,0.025757159572887236,0.16031890353097034,0.0023114614638086637,0.011271899193491648,0.019384516243038715,0.002300504955393949,0.0021815611599676,0.0011259026850744805,0.016077375608918462,0.002344864899619678,0.0013399599738262626,0.0022537962529995867,9.157419203205481e-4,0.0028675957014741194,0.0016874880803407978,0.0036001170956555116,6.39042132058346e-4,0.002100726419935815,0.002090571800599237,0.002732280559562435,6.40317061179623e-4,0.0021027249178029524,0.002979320525169161,0.003081860379030342,5.603385653866461e-4,0.0024219235907644563,9.828383646064212e-4,0.0029985830436255675,0.004572082868424541,0.012947944487970025,0.008996823118895266
0.10249242799768715,0.03390165072205137,0.01811939206093346,0.009416938026024824,0.1438971841892806,0.009284851403677958,0.09466403055538522,0.00332139508783012,0.003071398044562863,0.0038404159888992314,0.004059296574602428,0.0021041657674684524,0.005593843946766043,0.0243867173334528,0.027242656821300868,0.15816847800656073,0.0016354947555139135,0.004789898640642758,9.544648536049091e-4,0.0017650132874424689,0.003539403509820384,0.0016230892468652475,0.0014028919462391145,0.009289807977113802,0.009125013548935568,0.023733690778484955,0.17297779285025575,0.0022661114163173854,0.011925612320892398,0.02140065790144838,0.002310340430641536,0.002366347139618494,0.0013279478893837508,0.017923229062864584,0.002253863337584464,0.0014919261841902735,0.0021541603552763223,0.0011706097857438677,0.0026756129349371376,0.001466689889650484,0.003384291161916037,6.406164335155356e-4,0.002220999090488124,0.0023061839994850467,0.00240875927807083,9.36366271913629e-4,0.0016920781389245577,0.002755229740217138,0.0031850390276537263,8.665068360590389e-4,0.0021013929988967605,9.205738636838837e-4,0.00306980019478054,0.003695327093492762,0.013454661602157128,0.011227661698793117
0.1026195278901403,0.03717900771886658,0.017862854555266428,0.008791023139877199,0.1467329372922817,0.00934380164769828,0.09259352333224553,0.0034195775364613454,0.0031541039676193368,0.003317125568243978,0.003154393420254272,0.0024098394329554835,0.005461658917066893,0.022115851684120842,0.03230982433902082,0.1537664059184957,0.001664662397587255,0.005384848008207193,8.492797152782333e-4,0.0017114438300238097,0.004029867408192522,0.001669924044017431,0.0010852557075927529,0.009796979974251432,0.007263058748212803,0.026349446444256495,0.17460748695571573,0.0022383193130061565,0.009566296079329118,0.0211841812888917,0.0021821733899480386,0.0019944191720290224,0.0013376819385380462,0.01656562659218489,0.0020645050672895345,0.0014345546451503446,0.0025782590557682466,9.370311796285108e-4,0.002702791611456422,0.0015124115375258448,0.002869588536615792,6.679383428786458e-4,0.0026329934780755285,0.0020195985685248544,0.0026813648424224026,0.0011315588668955152,0.0019695594411737035,0.0027236420340196413,0.002682294058187673,8.359846603198919e-4,0.0023872961979040245,0.0011553139069781391,0.0035028043276968965,0.0037431629143988786,0.014637580876488884,0.009417358482723338
0.10783072259836388,0.03430062320803895,0.018782389232298784,0.010056424729812774,0.1546378847058521,0.00920807321861751,0.09187576000085379,0.003576361293654899,0.003014397289288487,0.0038044720694321334,0.0035212141838300366,0.002228351850470895,0.00603621392122942,0.023972679609323297,0.021060724640688415,0.16313350728730056,0.0015530330331022682,0.0036296997927023037,7.297868096458608e-4,0.0018888359137212653,0.004004419203984611,0.0017235286812843009,0.0014822720812217134,0.00769867693695638,0.00790421208183399,0.020261756224168165,0.16889161334132066,0.0021307774373994035,0.010335481750563017,0.02002033705576393,0.002373230865380967,0.002346400690652929,0.0012069918352487444,0.01773092234699716,0.002346525343296955,0.0017488515024525744,0.002604907203930914,8.962219460052933e-4,0.002673301280112566,0.001689869637633814,0.003342959491534048,6.368687007004795e-4,0.0022136641812455257,0.0018746095657834363,0.002631861345960725,0.0010356103317405532,0.001953561943583195,0.002824793916268759,0.002543171138143981,6.552816915772069e-4,0.002480510429271112,9.705933459382942e-4,0.0030105507651117325,0.004478825406152389,0.014875067082676191,0.009560617829876718
0.10085794200787165,0.03778994637638789,0.01818411349617506,0.009763522418565101,0.15040886676650966,0.00962840659918177,0.09495541614348621,0.003424074309646224,0.0034119867040178537,0.00362859355373984,0.004754363404481083,0.002346608770949331,0.005751781033900553,0.02532695288292277,0.023640802756944718,0.15906364994605893,0.0017959779562848025,0.003753217146212225,0.0011117798466391843,0.0016737440485338612,0.004559736885894595,0.0017963747445640234,0.001217835002344776,0.008118228169685474,0.006855311070942175,0.02253428555279177,0.1665118101588746,0.0022163949259406002,0.01039607543029966,0.022624632221116298,0.0021600701124494374,0.002228785058993414,0.0011710892044459473,0.01777283168823338,0.001995166779024721,0.001418751260413483,0.0026945027325557163,9.299519780420885e-4,0.002489452321787085,0.0016205024399825623,0.0039043091669243375,9.42486983456161e-4,0.0023126542592699665,0.002103207533988503,0.0031473331540094306,0.0010297227907821347,0.0020107568858409096,0.0028660123058683556,0.002874527313502087,9.180150416982998e-4,0.0021163200879752105,0.0011358015160699674,0.0034772529197104603,0.004637434968563503,0.013587744695368621,0.010352886470081521
0.10081769153041108,0.03580173490548141,0.019573892689667017,0.009597202725324593,0.1658091619968341,0.0097721626061369,0.09278799462785162,0.003320703478934588,0.0029520741499088014,0.0036087594567181572,0.0035419795214110686,0.002586034467953484,0.005350025565235732,0.02731359556483096,0.025717615045987047,0.16649784956943536,0.0013268782301733978,0.0029998466359050695,9.336294654000838e-4,0.001771706357529685,0.0042829652070908155,0.0016715220519701603,0.001479286046092207,0.007382929542425159,0.007470650796827321,0.015337996400591466,0.16085706177208184,0.0021079117585513863,0.01013582291266284,0.01925623383879445,0.0020128468706102592,0.0025883079252543195,0.0012913764636793173,0.01669865263701851,0.0021360467394699752,0.0013949726049382893,0.0024631404601617563,0.0011830703209597649,0.0028047693749011057,0.0015133602862189323,0.003436014153014242,6.381710017242766e-4,0.0023765329034181088,0.00218517816919224,0.002655869169603483,0.0010635628853217284,0.002136489665701551,0.0029243342822680694,0.002301071672052903,9.069139832030257e-4,0.0020765494158015564,0.0012031751146462301,0.003074526235117293,0.004362565878958336,0.013647540689497847,0.008862042179049024
0.10575650347341128,0.03832590455883345,0.017817482739680764,0.009637776043013203,0.1492075331887565,0.009459195449304134,0.09759385225471032,0.003553091249422478,0.0031543616564013903,0.00354068515090073,0.003443359378717669,0.002465941477458344,0.0049945650749024795,0.025971350203379703,0.02457907469268118,0.16486211254371025,0.0017036715535958568,0.003441824175127636,0.0010381230054267926,0.0016638222273808252,0.0044031282817675,0.0016759649731089496,0.0013758516738501798,0.0075847501346658144,0.00797053045979984,0.02271342720248706,0.16328817255726596,0.002213587755609867,0.010741863375709398,0.01786875967716693,0.002318556946566643,0.002213277570678295,0.0010957974318944936,0.016777512867177775,0.002232165734855955,0.00174003381711003,0.0022339551809288758,8.819284042018858e-4,0.0030234083292745035,0.0014685755850280605,0.003531740494549321,8.956936082086998e-4,0.0025330088804625503,0.0021075541014035173,0.0025151483175065333,0.0010073193325298522,0.0019327997441399897,0.002516681392447714,0.0024273758213884597,8.497624902034828e-4,0.0020685849963477643,0.0012462128466259855,0.002914674290693212,0.0041618858819172915,0.013971541720099245,0.009288538025513323
0.10612771806431054,0.038327927283357,0.017950894638917535,0.01046293858550457,0.1418952909210497,0.009800830513217312,0.0952129758154792,0.0033410178370047263,0.0034609824383944193,0.003645208766263516,0.003861739383854834,0.002032221604796865,0.006059298725248531,0.025419756507118543,0.02799891218780413,0.16553861560240407,0.0016014574710194926,0.003501268634077709,8.857888573503659e-4,0.0017910537578801477,0.003996898445494681,0.0015001567457557444,0.001354464782859745,0.008812355889751641,0.008564567834364241,0.021553814902437175,0.16588263210649964,0.0023551775073663954,0.009214974052706522,0.01837771007949742,0.002266680366956973,0.0024601680898051095,0.0010373837474719411,0.015394335859530688,0.002128993546094621,0.001417748735372781,0.002426024942561817,0.0011441955343432055,0.0029961594879201825,0.00161368906768215,0.003722545991177334,8.708783270610197e-4,0.0026286041761743803,0.0017683307976074925,0.0022729283760412394,0.0011047042661348056,0.002127165899996179,0.002764634170084664,0.0026326782521712733,7.597806117149556e-4,0.0020889450482099374,9.496921556957234e-4,0.0032435602958738687,0.004732309424624337,0.014178386661296435,0.010740826226610451
0.09859795331298245,0.037636815287386986,0.018034510700454937,0.010138974759560082,0.15560419973913966,0.00907498430615575,0.09398023051942747,0.0034602805307598944,0.003470632446326079,0.003557395091934541,0.00311701502036162,0.0021973365656527575,0.006006861992411877,0.024408287014792206,0.020822372065057066,0.18543960328943204,0.001709358791732485,0.0035182811939749275,0.0013330348884051043,0.0018200666998276665,0.004190704615829097,0.0015701851785079404,9.486283440753292e-4,0.006984104023287155,0.007884675928750402,0.022300586041694166,0.14866798286141436,0.002192475306494622,0.01024980001802338,0.019448844542262478,0.0023115602587176274,0.0023399864082480426,0.0011728882068844614,0.017337201171531657,0.0021385595125135333,0.0015140726812351772,0.002796362930932297,8.456668414399937e-4,0.0028925871260291436,0.0018331113687968372,0.0032211751028109973,9.545074856756264e-4,0.0029402465090480937,0.002108721958138813,0.002960678305873579,8.810540727770493e-4,0.0019546340698655554,0.0030976636060660676,0.0024870288259126886,6.39116706087313e-4,0.002077815972074256,0.0012402447772208026,0.0031092496623815087,0.004219671263400768,0.015776115398341298,0.008783898701882332
0.09714643854236606,0.03758712432978271,0.01874855142357476,0.009582066467965417,0.14689205773949693,0.009832383412394556,0.09639746253262578,0.003572793105538102,0.0032742115661919782,0.003939825365597677,0.0033475141065050147,0.0021559777296537397,0.005622881261511144,0.024871341241934998,0.02640518556422766,0.15330707761832366,0.0014165328522805637,0.004161610634380994,0.0012472052710405985,0.0016923545468943888,0.004073115082672499,0.001626660478455914,0.0016509036439455772,0.007489671308224826,0.008198936190532063,0.022353894938110536,0.1759465355215293,0.002164961997012879,0.008968389430931048,0.021258924609910804,0.0021193301954507316,0.0023080111217181,0.0014159430282166784,0.019525790323374873,0.002175501118761478,0.0014648499108467,0.00282558593481475,0.0010068048061420188,0.0030563049613567426,0.001440829936332783,0.003887489020288266,8.146623089951708e-4,0.0023021402016941517,0.0018546834083415296,0.0030427710705469976,9.118113067203872e-4,0.0018586471435635323,0.0028178279071323547,0.0028488111705125265,7.175013081235877e-4,0.0023143029917920325,9.929986271706808e-4,0.0033823319029245417,0.0038048837702524207,0.016590116993723755,0.009587481017591106
0.10313964338096519,0.03706502656713496,0.017622486726180803,0.009090708705561586,0.14964405125030628,0.009420403307345985,0.0957032460151053,0.0034487815404176067,0.003073689014678334,0.0036165814097248094,0.0034935965582158558,0.0021897761656984914,0.00508228607347182,0.023933428929074352,0.026021433668574873,0.17309435902339776,0.0016403503299384113,0.0033680586141503726,0.0010153724373973185,0.0016995432581487834,0.005269207910788084,0.0016873202445916295,0.0011096890161568012,0.008136409360947982,0.008640263482703336,0.02553292397731681,0.15507645840054096,0.00244051486319698,0.011638872465605164,0.016107086746571225,0.002049070906887545,0.002402452591609756,0.0010182891742506986,0.018721211308443033,0.0020460187714846636,0.0014153186330033464,0.002610019915123844,0.0010098148985080019,0.00302100050120413,0.0015137037911173673,0.0035164871693956464,4.985688408418354e-4,0.0023339119236205543,0.0021071833407691827,0.002495713775351127,8.890850663254441e-4,0.001998832274375737,0.002539814893602212,0.0024223661736250024,6.301654621607448e-4,0.002110065705670812,9.546795521419567e-4,0.0032978834934154094,0.005111797941198295,0.01549980274826132,0.008785171703704488
0.10040101958687346,0.03625650669833902,0.018888869206844464,0.009062915515973113,0.1542652705815261,0.00962021239882899,0.09640338667233053,0.003249975997650035,0.0034271191003488535,0.0034328543592124176,0.003999344507056048,0.00217569694353869,0.005478594457056081,0.023710390919346243,0.027154573871565318,0.15460106888573977,0.0015358802100456357,0.004323411911864857,9.982139033417271e-4,0.0015715913044526105,0.004903668690699851,0.0015265597333323773,0.0011862904967107056,0.008454539617079383,0.008326248756411428,0.02112337420065516,0.1726857732800514,0.00218843446131975,0.01121777781019289,0.01921055256512045,0.002259581428495164,0.002276636767452662,0.0011822467783915713,0.017533737152442542,0.002076347726567643,0.00138937687061321,0.002636765236810424,0.0011036552299774616,0.0028556812532584135,0.001654481832438043,0.0035315044077782907,9.650152352377026e-4,0.002371720648232473,0.002156218151034423,0.002558846731645583,9.430816385366805e-4,0.0018988521991075305,0.003150605202705543,0.0027460037343323236,8.788934262778718e-4,0.001923281222336408,0.001135581764505555,0.0029752468330386046,0.0038584493873209612,0.01336048009225297,0.0091975924057026
0.09519719034821764,0.03720446737222894,0.01994597168402211,0.009454032384490912,0.14661161664075006,0.009246674621700026,0.10095797241893463,0.0036412241172983652,0.003388287219597484,0.00391046147727536,0.004113190403282784,0.0021971621350418556,0.00553556363626291,0.022167544374960213,0.02691973841192553,0.15899012434948384,0.0018169207623206466,0.003493560667762534,9.258523603127067e-4,0.0016990824386654453,0.004586162798961319,0.0015852293517808697,9.66203829084917e-4,0.008202214984599469,0.008545179330849292,0.018604600002803066,0.17032969929534977,0.0022506273864041837,0.010335508277733902,0.023033729340590885,0.002285800790324471,0.002412833665232993,0.0012625587753725233,0.017996691507540217,0.0021085379292491617,0.0016465565335652041,0.00249378966146143,0.0010820770872154272,0.002841871086722863,0.0017145658712046249,0.0037457433764623697,7.528003753805835e-4,0.0029928672585572452,0.002348657738676787,0.002602950190466237,0.001059419108492523,0.00184069845319122,0.003418740969948323,0.0024433982598552136,8.458392603004989e-4,0.00206218504785846,0.0011316396141960194,0.003692060313656144,0.004071034651008502,0.014619473707442312,0.01067141634392706
0.10643875213880111,0.038498337045393474,0.017546038966624336,0.010012674050049138,0.14015197801841098,0.00966579534251545,0.09631754627131109,0.0033021558170728375,0.0031182681320467325,0.004225222081278928,0.003061729325824623,0.0023152333354770735,0.005776566817952937,0.0236630238766687,0.02536643934695152,0.16240613270959547,0.001989223007089165,0.0037691009715999572,8.86551536134422e-4,0.0017963449094849948,0.004470565859194832,0.0014049518336687837,0.001331086817045455,0.006997012793105028,0.00886786739582838,0.026437909887532862,0.16882498938111312,0.002363365751021481,0.01008119017427495,0.018253058730117688,0.0023192895898559896,0.002138847120983239,0.0012918182901165037,0.01828831186323171,0.0023180506744315712,0.0015010598754850025,0.0025177624913267135,0.001175658091796002,0.0028151776194230305,0.0015956208086775835,0.00350396761928283,7.646486159361894e-4,0.002375570212406151,0.002050378503013312,0.002915700840672596,0.0011592779643422525,0.002140359726369992,0.002752611680291654,0.0030568948761440303,9.054107891817334e-4,0.0020213158710745923,0.0010985404891693646,0.003397296481033974,0.00344858392415534,0.012791907182241574,0.010316826476171574
0.10765610119277111,0.03728194277578118,0.01764137643229954,0.009396180463372605,0.15588351136707412,0.009524064026429638,0.09660421526259946,0.0031192194602119618,0.0030661283702498924,0.003862935634387942,0.0038763347131039,0.001977210591412966,0.005050151998583601,0.023786925132290415,0.024819384828808928,0.140120180723943,0.0015112906186214837,0.0030725007242165246,0.0010969659452908084,0.0019042599275823145,0.004365373816987604,0.0014977551474527554,0.0012106776777183652,0.008723728227201188,0.009234609869055362,0.026584999882363368,0.17901794802311316,0.0020749042125652664,0.009803483970284865,0.0190395719689356,0.002068245650204172,0.002299492204296604,0.0013216312149560545,0.015376056479962852,0.0022049861712674142,0.0014768835583424465,0.0024912042049606902,8.052951059389505e-4,0.0029552035249206096,0.0017622930079101607,0.0033122113493256056,7.779052730118593e-4,0.0022796655061987745,0.0022060161562598235,0.002995263248001106,8.59318942796529e-4,0.0018161783471861456,0.0028479349271814383,0.0033695891318748362,7.353275727812134e-4,0.002125902834491436,0.0012338401081009962,0.003210433985284638,0.0035414749003606903,0.014513827914395908,0.008609885695280194
0.10391149705916808,0.038353027424282524,0.020823325450896244,0.008867300548036604,0.1469906964628905,0.010044443898075371,0.09544853267606707,0.0034207610125731305,0.003237534212845376,0.003698276011653585,0.0032193341637047233,0.002314313157846092,0.005342151319106909,0.022497560934801705,0.0258898688519368,0.14997216693011237,0.0016763995337706796,0.0033618350941685892,0.0010585206279800923,0.0015364168662452197,0.005223721873251146,0.0015218506329061053,0.0012257373485505389,0.008227245406432033,0.0090407030236193,0.024344070896339363,0.1768956222277187,0.002205907536020555,0.010828113406679444,0.01906235207413872,0.002100051298307599,0.0023163876832490507,0.001310825748547348,0.015816707279808474,0.002266280341629234,0.0014436605732972723,0.0024973748909052334,0.0012733158845147556,0.0029929407375042893,0.0016027492308434128,0.0034683196158545016,7.164955193700849e-4,0.002266483751611016,0.002009171577728686,0.00235677955534008,0.001116025996014312,0.002040773907330388,0.00282755038227411,0.00243816734498271,7.114180200038147e-4,0.0019995760006728492,0.0012109707549446604,0.0034981555847241504,0.004537256618364838,0.015697013765611167,0.009246261274748488
0.10134670269345211,0.03441431921535801,0.018460331447507482,0.009583989764376412,0.16239791401208994,0.009971151420911893,0.09611098926634633,0.003613558121849894,0.003118205290413187,0.0037825214362724436,0.0036468272144987734,0.0021134932036360656,0.005196258429199136,0.026410396675416566,0.021450484645200364,0.1518105204466625,0.0018713539657166343,0.004270021642450116,8.145521007696235e-4,0.0016475629796285755,0.004192591412660973,0.0015172755676269314,0.0011624168405705568,0.007232284654645913,0.007935805659676675,0.019451821555517685,0.16994226467086382,0.0020594018782275343,0.011752281718352433,0.02123133535055225,0.0023878361599702796,0.00215758947806511,9.032124414380208e-4,0.020778392110961042,0.0024682157435412357,0.0016986688545187142,0.0024699579695799845,8.643839541581709e-4,0.002588947724340218,0.0016820716630011545,0.0037044218562547154,6.611898507673928e-4,0.0024799942733936546,0.0018929102117550233,0.002582425254441938,6.550803118245966e-4,0.002248939523726587,0.0025678068710087267,0.0022282473304764644,6.428731538392721e-4,0.0021498121779928384,9.105079094209366e-4,0.0030091349898659324,0.004769232082398137,0.014952099910988982,0.008037414911820154
0.09568690787324083,0.0330021564139479,0.017484068375242006,0.009768899687174131,0.15474067158901283,0.00958517231232674,0.09438511407590522,0.0033917437790044382,0.00321576756205959,0.0035161817919592596,0.0036565244119782067,0.0025048332098336606,0.006676316044182734,0.023893193337889446,0.025804966909966733,0.16261324383786419,0.0018054932548034683,0.0037480204811738754,9.525841944011493e-4,0.0016165743760490475,0.004294925767722116,0.0017652034698382676,0.0013733441668461821,0.006953532747187758,0.008445370105776936,0.019518731731444947,0.174076237492845,0.002097235253494167,0.010533296068368246,0.020042846190014653,0.002266190896730559,0.002371234258062637,0.0013249087121722457,0.01921330594130664,0.002245853763100604,0.0014840904995913535,0.0025998511925807957,9.47290699990933e-4,0.002796747731273948,0.0014171235433267295,0.003682388068097061,6.001493487439587e-4,0.0021813465251221864,0.001939744051588805,0.0028717136774181317,9.56731015331785e-4,0.0020924194169173065,0.002932731779180818,0.002403433012069331,7.445362721870754e-4,0.0023848295925877764,0.001108473193306792,0.003685617590546065,0.004397371471486044,0.015388965115521734,0.008813796120205017
0.099299390628802775,0.03843248018980322,0.018227703551064355,0.009619163488766163,0.1583777548732346,0.009454468810454102,0.09251538327824443,0.003677458800279816,0.0029313372713638272,0.0038032130982281758,0.004018038624360542,0.00233885429295419,0.005622067736258447,0.023894108792939458,0.026368852422292522,0.14712033334807775,0.0018908144902864887,0.003920339064030585,0.0011767456084803847,0.0017763608819901119,0.004196881933116545,0.0015492872845095662,0.0010682325155751467,0.00805357439734375,0.008091201379276991,0.021826746470861268,0.17293219594823436,0.0024764067460183075,0.011763682356162097,0.02183060330389939,0.0021703305893028733,0.0025017905882524947,9.686990235338541e-4,0.017157821520069567,0.0020492675868853736,0.0015569041403297543,0.0024826684129756063,0.001068521589789854,0.0030336067360550844,0.0015494140894680463,0.0035290193582426877,9.065062258317662e-4,0.002244203937354546,0.0022563334150403703,0.003014222483328262,9.634547318596031e-4,0.001875850324501284,0.002811207326468129,0.0026008924843545756,8.135690860503465e-4,0.0021731614489519,0.0011023446166273266,0.0035640883419864743,0.004623422291283733,0.015193548620738434,0.009535469443808727
0.10185493294919053,0.035840841802074856,0.018835615092622614,0.009543653381774167,0.15736033226467605,0.00977578750058086,0.09099238563618253,0.0036522120514148578,0.0030339824780119514,0.0036917711060188894,0.003619975698601417,0.002091633245956728,0.005740457358672877,0.025393296306457373,0.02566700584221495,0.15338201042159277,0.0017112049606487574,0.003875437287464585,0.0010538899726780346,0.001601416188162752,0.004745154786064321,0.0016361123442155672,0.0013762257541505701,0.007956828080341443,0.007906318759820603,0.021551475831770257,0.16610695720688415,0.002401193974587301,0.011215836559642235,0.023470182797051608,0.002342131489541923,0.002049949085871453,0.0016502352502432225,0.017506183319743476,0.0020638507034582278,0.0015879953945655886,0.0026483788244218804,0.0010091273952239392,0.002573184896656881,0.0016930384720616376,0.003543833819255811,8.214019077841063e-4,0.002393216511084362,0.0021703951955292034,0.0025101766658488277,0.0012088865240973258,0.0019172123595772117,0.0030208497295371017,0.0028909132279728075,6.719936028140928e-4,0.002125987774562225,0.001056938108081802,0.0032896961814592976,0.004407404712281396,0.016452648548604707,0.009310242660195835
0.10490037833365766,0.039857090878254654,0.017172159462038556,0.00934950937362659,0.1445284316644581,0.00994074623108215,0.09154223077892715,0.003425906345073384,0.003227651321199269,0.0036077564428567653,0.00355919600081926,0.0025753221296229657,0.00590681934580517,0.02324794095503085,0.02505656783870363,0.16253128660860425,0.0016813231454073001,0.0039471227374195984,9.279180941278211e-4,0.001564752857877466,0.004486969886069838,0.0017245756188311958,0.0012097002927733492,0.0077553627992949774,0.008110095489582466,0.023113149640314766,0.1689751710253756,0.0025976412629581166,0.010327392128598319,0.02255098450023333,0.0019816605641372713,0.0023651925570517367,9.458994796627449e-4,0.016624526423420927,0.0022242690526516067,0.0013766107525064691,0.002184508709248553,0.00103002336270482,0.0026378076399490966,0.0017880682270754946,0.0038542022701229745,7.64341487694559e-4,0.0020303161060080377,0.0020341727675376535,0.0028761395798833373,8.644227041228034e-4,0.0018570449012917328,0.003210160337218118,0.0028015159061515675,9.668109733526184e-4,0.0019611206803422793,0.001032660896810329,0.0031768035182898912,0.00485376723901124,0.015469454847052607,0.009687345828077006
0.0971136754910997,0.036855063556002945,0.017163171176802453,0.009270055582023247,0.15485279834338497,0.009193975261919132,0.09364641582102409,0.0031860951552733882,0.0031883615227597186,0.003755971938445138,0.0032375409468395097,0.001783893425209231,0.00486430610804084,0.024139632732125292,0.028580832284766402,0.15876956733628,0.0014692217063600336,0.0048401257657776685,9.374878110897878e-4,0.0014862139421040622,0.004200165700930947,0.0013528588968652062,0.0012716352677518787,0.008175662201471947,0.007456642655393378,0.02869960350044837,0.16835556053581593,0.0019994874390251555,0.011168501559038814,0.019121787479588467,0.002261399783736946,0.0023560021712715254,0.0010904380970527235,0.01742961119254308,0.0020998869608428307,0.0015056930683162732,0.0023156269775028637,0.0013277470167849022,0.0028376843022616133,0.001423293643897453,0.003049481680205438,8.8521506946676e-4,0.00233817693922302,0.002234097457503261,0.002680862769267474,8.668143390677584e-4,0.001995506458179077,0.0028083864661271963,0.0025220241832666483,7.009718507543744e-4,0.001984567210878251,0.001104832583330408,0.0033887467281945444,0.004361372163341363,0.014266387068383736,0.010028862674942783
0.09517652552538435,0.03503848082510812,0.017282697067861716,0.009535902490053063,0.16147060003721547,0.009782396622425856,0.09319944372577497,0.0036999410797755464,0.003287080036412309,0.003524635009341627,0.004653149211887199,0.002088052633061997,0.005773878481977151,0.021798951233249812,0.029442511852747866,0.15281084605382364,0.001645566649092121,0.0038385355006695905,9.600144193607608e-4,0.0016135864559285462,0.004028396256378931,0.00180243008745158,0.0010788847262804683,0.009420420251337217,0.00760933836110554,0.021191292114065848,0.17416559384572522,0.002181731206020009,0.011577301389173568,0.019899402557211957,0.0022832796425604,0.0024819992216519966,0.001108383125430563,0.01731929214220345,0.002238346487909199,0.0014832779571016372,0.002324832654894455,0.001050982345902501,0.0032915324710637702,0.0016882920874987765,0.0031206601315861885,7.162400201902011e-4,0.002468580549517451,0.002150226530759138,0.0025567139452383997,0.001003016095986468,0.0019763178675737602,0.002845911533517554,0.002322628865008051,7.88260458501523e-4,0.0019165048443383229,0.0010044719812465977,0.003297088666917512,0.004089012221727436,0.015119695741472924,0.009776866704299647
0.10088713432716762,0.035704137583391166,0.01899202255129838,0.009385603217719755,0.15398261195037263,0.00994837466294864,0.10196008887973751,0.003443831318116788,0.003192284441052031,0.0038500696522019034,0.003717341550521901,0.0022611152082482413,0.0064245009993235515,0.024822859438007563,0.025515927316790955,0.16003488533947416,0.0017709925428753069,0.003698923052673366,9.398143523694727e-4,0.001672221279547527,0.004514937055560767,0.0014422493949549679,8.613663819579851e-4,0.008464319796177622,0.00930615800255459,0.021832065783179887,0.15663846367548595,0.002310014758689098,0.013530624543476462,0.021058282726928383,0.0018156327788004989,0.00259441675909374,0.0010850974681602449,0.0166457855092463,0.00234025188231664,0.0016029570537285454,0.002621970186706719,0.001191418593311839,0.0027461443996533684,0.0016962331204673775,0.003744947489500949,7.524379677954115e-4,0.0024990919699930977,0.001947911392195645,0.002879314054014992,7.800417282637334e-4,0.002034080954989086,0.002721264147344014,0.002340185461920391,5.907175608224094e-4,0.0019999665488914515,0.001114593078045593,0.00300746112593783,0.004139663970915875,0.01456104029348517,0.00838415272159499
0.10442192784100339,0.03681324892585947,0.017671474796411298,0.009426629233801533,0.15285274193578768,0.009330547642115881,0.0958498855879075,0.0034852889925204218,0.003319764077861059,0.003509975992367269,0.003788730430028027,0.0022490096801379197,0.005330199661085574,0.024806070807297794,0.03066300413164193,0.15455515625537067,0.0014128478949851759,0.004048264157146074,0.0010098516826497128,0.0016718373851668203,0.003885789466870552,0.0016835869956256981,0.001207176251734658,0.009284345977460895,0.007766530207030036,0.024763024922819035,0.16607859779091486,0.0021027757357634153,0.008465161620247724,0.01998150560267684,0.0021511585904716293,0.002317427929519397,0.0013490009891030748,0.017928827779192212,0.0019677516288020636,0.0015507078357214121,0.002160987786744461,8.898992851376861e-4,0.0027569899721627176,0.001628093843758548,0.004126505547547088,6.890990594565831e-4,0.002527151105416302,0.002181810478893899,0.002632776338796643,8.039848444016849e-4,0.002076269213423171,0.002991983915925824,0.0025596206814703522,7.708810160826226e-4,0.0018485404099820226,0.0010998167816492325,0.003695406182483666,0.0037451319341766224,0.01281758326689121,0.00929764190050101
0.09838326202617459,0.03747294582018415,0.01885421806634258,0.009514104798104016,0.14965288291381215,0.009946826156795997,0.09599362675683398,0.0033430978833499368,0.0031963591456313227,0.0037097526023020556,0.0037213415426640573,0.0021107977686064964,0.005958121678136676,0.025100121093993896,0.0258664455097325,0.15607277677972756,0.001746292883273007,0.0032773408420405355,9.715107906911658e-4,0.001723950929409203,0.004232884557638712,0.0015176017588610512,9.05298713974983e-4,0.01036006637116759,0.008274453154980675,0.022159593914606326,0.1688560316580792,0.0022054995943715976,0.012497006332763882,0.021865047740732484,0.002153432158243487,0.0023378830549090576,0.001356651995665514,0.017501716025917224,0.0025684925151696837,0.0015615094928445108,0.002607738769330649,0.001201322048726793,0.0028046213045019794,0.0016440907293988546,0.003419999281552962,7.726153818533673e-4,0.0022101846443687927,0.0022998257531074897,0.00268324728083773,9.49688841423649e-4,0.0018857814114184826,0.002650845524320693,0.002430499382884171,6.38207961841362e-4,0.0019424664767311948,0.0010389280297282923,0.0029207837116758156,0.004537535161065646,0.015423117446663916,0.008969555830836359
0.09723209206908454,0.03621834956888915,0.01806198277045109,0.00921232815467412,0.15427122203266827,0.009256100396944009,0.09512720810857186,0.003195189305568694,0.003263534251037743,0.0035450229108381776,0.003480946387438233,0.0019138722197441734,0.00591900702425808,0.021827293362776116,0.021136283450131212,0.16036128674095612,0.0014273226424596694,0.0036735741091023805,0.0010594675356587052,0.0017347018148844008,0.0039728361591651155,0.0016597915444055331,0.0012987929919012473,0.006432770251709299,0.008249106988266046,0.02670741340029781,0.17425683902992548,0.002196026105931457,0.011099136481742754,0.020704157429209318,0.0024232661298101152,0.0023445007776538504,0.0013953789125317232,0.018665614914775357,0.002270763293901637,0.0016139879407017711,0.002355241956701726,0.001031078452207842,0.0030726036299632627,0.001551158001454426,0.003234919401651553,7.009763439108771e-4,0.0027741083844672527,0.0020703309410172394,0.002472142564692199,9.626710091506482e-4,0.0018901588454462697,0.002800073345669797,0.0024174023310578443,6.370499793462661e-4,0.002089557174094081,0.0010219093727557313,0.0031949009813508292,0.0037292563722823714,0.01557419038415372,0.009213103320560813
0.10351955313384373,0.03531339526012439,0.02007987200340152,0.009612758557142258,0.1590479345497905,0.00907116237929188,0.0943553195267453,0.0035969664475052733,0.0031326804071100446,0.003949551845011256,0.004301705948914038,0.002127733864860242,0.005059627628140812,0.02563859990722692,0.02128667966490628,0.15935561703001158,0.0016207921740372304,0.003286479949696456,0.0010561901267409522,0.0015952345046460702,0.004244697108499958,0.0016047496471278688,0.0011247745937738559,0.008032453647425386,0.008102943015057765,0.0237270869721881,0.16517602520049635,0.002266997459746591,0.01115033156849031,0.020100951757284654,0.0023734487820627377,0.0022944072013734874,0.001006908881521639,0.01646831508137974,0.0021023149169544027,0.0013944767114998202,0.002602078331927655,9.753174323198098e-4,0.0024726490396050137,0.0014493706880738951,0.003099745070369186,8.138430269912872e-4,0.0023847801686752777,0.0020537960279496336,0.0023653310007367024,9.601539900086186e-4,0.0017557294390820955,0.0029583520278663807,0.002183063734909466,9.329117139391408e-4,0.002072949027857058,0.0011436871651497318,0.0031532231401707983,0.0041173583937244365,0.014471781165491648,0.009855141961122822
0.09747864544434601,0.037499862265328844,0.01670857368536716,0.009559592446500014,0.15205407852000122,0.009333980514395128,0.09347843021008631,0.003530094330932461,0.0033949731465923922,0.003990051605273083,0.003508268120287632,0.001976977201888479,0.005394584212600116,0.024307079264352164,0.027141717248274144,0.15776721859733386,0.0017365201153020414,0.004617996399896528,9.794792957812362e-4,0.0017627486364610212,0.004228796338888994,0.0014382507706597043,0.0013204763399833003,0.008939124520113686,0.008011627628188762,0.02115629944939399,0.1766253022505776,0.0022500811835188357,0.009903566138784514,0.02016728129341841,0.0023053657533369295,0.00233153292361697,0.0012692283248021928,0.016946908748465137,0.002105321001382064,0.001557394383400393,0.0020228649934280795,9.518929146541573e-4,0.0028586732062230984,0.0014705599872400453,0.0032758480107888343,6.889699507086508e-4,0.0021108462238901946,0.0018716912527944286,0.002347456210294323,8.306807887073642e-4,0.0018759429506073617,0.0028902538608439896,0.0026044244118792422,6.80724436600082e-4,0.0020373703148069433,0.0010668960807885114,0.0029095763478119057,0.0040139026062563365,0.015925176878313737,0.010788820263831475
0.09985145386311275,0.03580982528627063,0.019319080035403988,0.009970456619089943,0.15754078366659702,0.008938851553379,0.09537399557185093,0.003432870543050735,0.0032496866927489098,0.003772392955725928,0.003396137408589661,0.0020806847318720406,0.005587230310046737,0.023791499043032505,0.023642672663357497,0.1673566487519115,0.0019111601998436155,0.004012632119681038,0.0010055465006804753,0.001550747642157784,0.003845838004005359,0.0017241517745342457,0.0010466674025202411,0.007489534928301916,0.007362084165137986,0.020181671529456716,0.16295460606073195,0.0020568847862826945,0.010815218581104425,0.020825408747731155,0.0019725104559502973,0.002591602853165362,0.0011584939616087777,0.017797367975581947,0.002258294266119983,0.0016304111669131665,0.0025078294669200114,0.001124957274860338,0.0026397079542188405,0.001538541572804995,0.003659827155760097,9.062117718125912e-4,0.0022038018697058065,0.0019081810492119987,0.002634247026584041,0.0012746421443478328,0.0020937829761958843,0.0024728674537645755,0.0023655301888215545,0.0011127513060797266,0.0019000437656291327,0.0011667004170684058,0.0029991087154902685,0.004879591149379847,0.014564127314104676,0.008742446609690525
0.10026576873896821,0.03755232195355695,0.0160986146313715,0.0095954194497693,0.14473528630707264,0.00990002184219252,0.1006057344696623,0.003566982699355562,0.0032100053531212173,0.004519331406979691,0.004554598610977049,0.0018974739297836208,0.005160991886772171,0.02440443764785357,0.024680948184386868,0.1642743849784556,0.0016957839711917364,0.0032441765039815064,8.102900939627476e-4,0.0015421204307042272,0.0037774343866517155,0.0013717462940920232,0.0013264759462284774,0.00817861157891024,0.007747560542539136,0.02040289389077275,0.16969802168069814,0.0020195748236517957,0.012134233551474185,0.022160982691814473,0.00220784549712538,0.002335778751891899,0.0011991817204309134,0.01720463925284618,0.00243681882294927,0.0016424559196911942,0.002351417579898436,0.0012076348566072786,0.00239487055208702,0.001445065333136847,0.0033016417550216443,9.47718222987873e-4,0.002298745219701479,0.0018893286662608143,0.0027063791293925475,0.0013231207241881434,0.0020707469836385678,0.002895268134459304,0.002709344471715844,7.077661756077886e-4,0.0019647455718608984,0.0010497325324114195,0.0033326210684633565,0.004186124500332241,0.013201807762180252,0.00985697231816149
0.10444893192065337,0.03626606706527778,0.018616560953015275,0.01014468875220543,0.15073654314758136,0.010216760215769847,0.09192315733942369,0.003475708397566004,0.0031553870800263943,0.0038089100223226186,0.003417982727516497,0.0021996423635891474,0.005270839087043314,0.028398198093298566,0.025792553425376317,0.1524520986262081,0.0015900057117475333,0.003558709070304646,0.0012068445964274598,0.0015826320628933698,0.0038450292447121063,0.0015797411523585127,0.0011279156852071568,0.009226322545678367,0.008066259250548106,0.022401947571425565,0.1698698270199784,0.002247074160220426,0.011127372953933292,0.025570678918127785,0.0020436459262717327,0.0019648527711517627,0.001265844342747123,0.015299096562768965,0.0023502599834038986,0.0016444670354059186,0.0024841810224781216,8.150466443809818e-4,0.002811858609147039,0.001567382096648887,0.0036267945322143265,9.034216460321087e-4,0.0024755709182740946,0.002149576197101833,0.002885375904199262,9.926529414475541e-4,0.0020937733750895685,0.0026446411590254387,0.0024715016987015,7.764902273662608e-4,0.0021957513418290543,0.0010741616158942578,0.0035090175050620283,0.0039028904395837743,0.014851445558645744,0.007875910784692377
0.10577435922899057,0.03572822624096508,0.016632285670472906,0.009046211880644021,0.1540629122477219,0.009548232592152123,0.09252294811793783,0.003572125607503897,0.00336254411957218,0.0044516139447568015,0.0036657656407084174,0.00206731782671261,0.004584143795298674,0.02361621051737582,0.02413857625364894,0.15751585540293342,0.001730173958100849,0.003574407020923578,9.762228851448202e-4,0.0015742168892796998,0.004509395931256863,0.0017259617870804302,0.0015566980029326726,0.008780500136544737,0.008517972056400855,0.023978783833336664,0.16898459632576535,0.0022502090423077185,0.010899787592530337,0.020133426929537533,0.0020439413305120865,0.0020184438105570416,0.001173278960866635,0.018410149743351437,0.002033604374156351,0.0015701177513625928,0.00243364063985702,0.0011736940422484258,0.0025865225289444277,0.0015847647056401687,0.0030254027946580186,8.842964757643064e-4,0.00267373087974188,0.0019182329578436594,0.0023215666628019177,0.0011818902746812208,0.0021691403391379534,0.0027306618626956568,0.0022440276242568875,9.968601854983873e-4,0.002007904195652146,0.0010087137265898118,0.003294570504738556,0.004549753119707241,0.01389305383583767,0.010590355194361127
0.10350374652047897,0.035638645540777815,0.019960851810708793,0.009607110532878122,0.15399840938622783,0.009699551764843642,0.09569234087428588,0.0035366604086557434,0.003089307626010687,0.0034860108150599365,0.004168178854075133,0.001749115214314805,0.006777310938964512,0.021864254126187244,0.024913072133871898,0.16419507859624297,0.0017225219678128174,0.003251858758032591,0.0010662246802630084,0.0017022748450124141,0.0038283015224418343,0.0015789138544341592,0.0012057885520368496,0.008859986159132515,0.008250638219802937,0.0208969892470759,0.16036024060906004,0.0021726263103047016,0.00846721901440218,0.024643398455247663,0.0019705398182399162,0.002379152620998914,0.0011704407785675588,0.017583669313757214,0.002348759723395881,0.0014171172518886975,0.00263306353891053,8.666040376713363e-4,0.0028079023892837946,0.0014500277009027733,0.0033820251822222983,8.700272294386315e-4,0.002247123378849122,0.0017879019626015138,0.0026268879364864488,0.00104008352706104,0.001986308204019774,0.0028972850416566715,0.0025702488139154067,0.0010928485772636939,0.002043107450130694,0.0010012435730510792,0.0031610763726173463,0.004084678801618494,0.015616325341954583,0.009078924094852933
0.10254520307299575,0.0375852973187263,0.017108440432626233,0.009188867875404254,0.1577923144953135,0.010306096442410527,0.09678799470487777,0.0035067002296151574,0.0030466785886780782,0.003495496421202661,0.0032504685179861,0.002097547974277807,0.005176356860977755,0.024011699934531637,0.024486505455326612,0.16089141370535254,0.001814386123103291,0.003357173455373479,8.696508324002143e-4,0.0017410635281122817,0.004527836904522656,0.0016356756100361445,0.0015259838553620445,0.0070253161693646865,0.007023262924155336,0.021964489470848506,0.16110348433355856,0.002235449162478943,0.010026709942572614,0.020362614839747457,0.0020408080512681285,0.0022543476450468326,0.001333634070660668,0.01764170954709902,0.0022492860869937612,0.0015600953009517631,0.0024659836988241064,9.092803005470055e-4,0.0027061978092172427,0.0017785119644370348,0.0037853093363100923,8.339281507679512e-4,0.002604450619696811,0.0020381290489480675,0.002912889443950258,0.0011253138917501754,0.002124579830502939,0.0027857595017719444,0.002919294767927972,6.410871392796689e-4,0.002066106935395327,0.001038699709211254,0.0033495260432999667,0.003832276020951572,0.016802421134190372,0.009710194769061107
0.094397103146095,0.03756355461962516,0.019545482464256768,0.009814651481893946,0.16632146188633068,0.009138251684663267,0.09691394374839145,0.0033981500365098645,0.0031649849915685747,0.003736410923101878,0.0033113938440680517,0.0023196713640305983,0.004820298565038486,0.02336811027711932,0.025302511249322618,0.15683535537667942,0.0016800609079346306,0.0036785067406666315,0.0010610123426198787,0.0015288136036976463,0.005087734681224655,0.0014686232449787823,0.0011082344149280926,0.007583020231629012,0.008162531545989431,0.02236693157338419,0.15793253794408127,0.002172932307638867,0.010486896173438476,0.025467815774433716,0.0023255339857210164,0.0021857984579429775,0.0011776137154210077,0.017928473391623366,0.002219098581905413,0.0013980947922456438,0.002653955000145204,0.0010070037588138744,0.0029512893621126313,0.001641014738221727,0.0031125972565426655,7.933754239627845e-4,0.002511380064753257,0.0021382821968569258,0.002541648685584469,8.494957164870791e-4,0.00193408440359177,0.002886185440762252,0.002553715050716679,7.452171028315353e-4,0.002218824928145639,0.0010719866761688742,0.0033768952544837947,0.004089158021083065,0.015818502298250495,0.008133788550285535
0.09729033971631876,0.03610252568046294,0.018094576035751597,0.009468528288659827,0.1543689525765845,0.008564514183083604,0.09669314517257772,0.003650105937203196,0.0033408592753230663,0.003624769315971129,0.0044960572427069,0.0021097154135108,0.004831932897863481,0.025443436483380672,0.030375315883191874,0.15344110630557947,0.0015349533516012398,0.00334468611673867,0.0012161680628802202,0.0015582307538655367,0.00438787346948254,0.0014727842284709084,0.0012845425309180873,0.010490311380116359,0.007932803152443534,0.021676653129597555,0.1713113494068061,0.0021711969648251337,0.009284981446078368,0.02201296347004582,0.00242036056889038,0.0020598414188106352,0.0010487222174049636,0.017375257012239884,0.00210167459985984,0.0015033765261453157,0.0024015319788888156,8.449264876717638e-4,0.0026133730201259456,0.0018469905907120936,0.003721566570849198,7.648650034335725e-4,0.002573611951386319,0.0021972990456950777,0.002699892705592613,9.332538420328923e-4,0.0018272249413466895,0.002757778207967282,0.002607918295343327,6.374676747763093e-4,0.0018224622320047977,0.0011310412442947912,0.002822511012994979,0.004008678651467698,0.01362376573078475,0.010079230597240552
0.10119331352805,0.036708439426987614,0.017472038764596336,0.009512011727526182,0.15050839218729806,0.009998389374415257,0.10238583975796206,0.003399208438477849,0.0029563654845880145,0.0031328845339547097,0.0036550123239457817,0.002107547743346402,0.004942142886645385,0.026209800975037376,0.026021312781155027,0.16436257946282062,0.0016574638031675098,0.0032032658943859423,9.989513347539395e-4,0.0015466604021453353,0.005138708201941528,0.0016001529407191992,0.0011218440691049842,0.008854822219031909,0.007717236521646483,0.024092850530787364,0.1613945617771833,0.002167022461064218,0.009894487061879596,0.019889082797480053,0.002182124397772516,0.002399549293539198,0.0013805269845171744,0.01740007411322357,0.002239179266036077,0.0013681711781002727,0.002488596617289864,0.001000509242260675,0.0023621586467284174,0.0015305726746403074,0.0034775706747081003,7.510244836880479e-4,0.0023636063785401006,0.0021685340797196763,0.0024688822570800937,9.629570182279336e-4,0.002095736677576421,0.0029705663581865056,0.002596339178219474,6.721155016828434e-4,0.0018020480476787595,0.0010918829103108,0.0034420485433128228,0.004542697777362449,0.011626309805819895,0.008773828481679858
0.10115636734696504,0.03830725954510082,0.020232664485232903,0.010275685929894139,0.16555671297628727,0.009478313445663624,0.09453721404515131,0.0033366455481831613,0.0034979836278649502,0.003271497297734194,0.004179396365803141,0.00198325624613125,0.005091827799516291,0.023184044771216095,0.023216321897868635,0.17048274344955208,0.0014422807355047131,0.0033469311432742614,7.760758578956206e-4,0.0016393077627966052,0.005046803295058657,0.001474115164826365,0.0011861685815805166,0.00807245485963976,0.007621269250628749,0.019157649627348318,0.15358112274675048,0.0021002573611053482,0.008975489984109287,0.0186359117516003,0.0022269581954592293,0.0022112236236796028,0.0010714463764079243,0.01645228178722723,0.0022058113492803176,0.0016581486106199178,0.0025323557382895463,0.001196667438115968,0.002836625796863707,0.0016362555961870107,0.0036728685660241,7.203451951134089e-4,0.0023760388047665924,0.002000353995014247,0.0023380760741205575,0.0010106236776720745,0.0021393423013378464,0.002778878956773685,0.0023750935278158366,8.34002023676494e-4,0.0018948283694209644,8.595563926114702e-4,0.003133715167134919,0.004560745615375611,0.014090574072587255,0.01034340984814061
0.09965503179639026,0.03658110724240207,0.016496540053581924,0.010408131466566752,0.14973060194637575,0.009479735230356981,0.09797481945001119,0.0034329636525911407,0.003127659558919874,0.004233289337880431,0.0035376182039023657,0.0022170900724408065,0.0048644561323526415,0.026609350855660893,0.026542640206613934,0.1529246940356213,0.0017138985602602084,0.003965922705269493,9.291446741265472e-4,0.0017137363008958883,0.004794669977985438,0.001784792123223934,9.868325095093128e-4,0.007767749701790682,0.007415844688823253,0.02373948916886785,0.17903232212525708,0.001890237931915479,0.012683950809188094,0.01639719018855405,0.002101939998078188,0.002172926303983332,0.0010774266600003153,0.018252511168442103,0.002099362476071203,0.001389011040865328,0.0023800825902953538,9.549141324600592e-4,0.0027801824374108788,0.0014818693853278439,0.0033597197186829952,8.277516918544264e-4,0.0021141358234990602,0.0019512544067345932,0.0026820846088976527,8.711169539858914e-4,0.0019393126301532318,0.0029721535241301633,0.002569653062043819,6.785983110946705e-4,0.0018106303910611493,0.0010914614378942052,0.003383271296087026,0.0043791484415053195,0.012427114929411029,0.009620855872694536
0.09862205526065156,0.0359075639037143,0.017541475867401672,0.009790992147214874,0.15149327836345283,0.009634267637831,0.09906803455602131,0.0035905191857713153,0.003152709020008988,0.003443059068817456,0.0037297144237357664,0.0019504231564297443,0.005627772808632356,0.023419616746734474,0.02710875437030302,0.1658846127163621,0.0015214205948336482,0.0034383403922461234,8.921533361195376e-4,0.0016281449381303982,0.004009162954260337,0.001556102358793475,0.001072747692647586,0.008838107476015352,0.010041624647205226,0.023046084453269413,0.15697067669474882,0.0024179318252112946,0.01287428557406411,0.019705205993543938,0.002185229911796354,0.0022728671707696827,0.0015313072749838664,0.020398049978426338,0.0021733676679328634,0.0015527645496366158,0.00249281213178385,0.0013662002087351962,0.0024492215354002668,0.001612646481925278,0.003179079142611239,5.236331408008096e-4,0.0024826749217573395,0.0020229169504806838,0.002480666389152279,0.0011892896845821486,0.002045671586248467,0.002780767806670705,0.0020792059515395388,5.499282727801339e-4,0.001947653929004141,0.0010997069828337508,0.0036104196160879117,0.004253768334708542,0.014450150474153035,0.009293161741027041
0.10957162459759355,0.03385862392145577,0.018605195092162435,0.009496938057139859,0.15638296406147864,0.009903524697162158,0.09457442284521717,0.003541309368092162,0.003297835152592956,0.004233746001602114,0.003548552582206968,0.001981179880336712,0.004934965682820242,0.02812503401878806,0.026192929866979693,0.16275541856829212,0.001561053444907103,0.0032741526247736037,0.0011214470867487866,0.0018409020457502505,0.00476729935460172,0.0015936236058008062,0.001082595506839851,0.007951677198701877,0.00820404547772577,0.01868656414262038,0.15459711572694346,0.0023880413297215834,0.01294697993770188,0.019045391914455166,0.002360547958730854,0.0023435585055235977,0.0013684621272048543,0.018150737281014868,0.0022557974140854082,0.0015125801295145245,0.0024289337449817355,8.896620027955467e-4,0.0028206286665510326,0.0016397194349964375,0.003659381516634763,8.571027395758041e-4,0.002311572903760705,0.0020148525495599923,0.0025821990614297483,7.529107860226215e-4,0.00211317233731317,0.0029837650347863667,0.002740224029166637,7.245572069022133e-4,0.0021140515591601054,0.0012452893259649897,0.00281230147512629,0.0039892845108643734,0.014556270671055811,0.008707283236064735
0.0982747394978903,0.038787776493242804,0.01889330397217158,0.00998663118675938,0.15160099446676972,0.009819569582569106,0.09563138381638366,0.003647953306916314,0.003288420449324684,0.004325036500886469,0.004177571226934669,0.0017953176351806809,0.006016861037493431,0.021900035845887046,0.023960561955467197,0.16560811148441576,0.0014785836682494882,0.004213401037246501,8.62469171878448e-4,0.0017054536421559083,0.003840322291942899,0.001664009241602965,0.0010651818966222405,0.00975135499730567,0.007589344241115831,0.021208995689896145,0.16728716294163945,0.002294036587738962,0.009542287929227278,0.02031687198462697,0.002187489909559663,0.0022201031340598615,9.636664406674591e-4,0.0172462926103187,0.0022112272926873345,0.001331189527708999,0.0026611241305154625,7.930421998796572e-4,0.0027058613864840444,0.00162550327176552,0.003316277371878301,5.211014504939755e-4,0.002417342803183956,0.002093748263916814,0.0027331898167765917,6.3831177383877e-4,0.0021104609596545236,0.0029414054048743205,0.0026766211125349914,6.507120621604434e-4,0.0022515662962763966,0.0010286102758018491,0.003221827355371483,0.003967736981650923,0.014947563877111401,0.01000428051128703
0.09969779723730336,0.0374021042516401,0.015232766022351525,0.010024321233382708,0.16178135117419637,0.009364520618958542,0.08791673685051173,0.0037753560238262267,0.0032743859670728045,0.0035171022098425086,0.0042009741979967515,0.002312963039409201,0.004697809824989695,0.02421681981366587,0.023178541757899237,0.1483924004463192,0.0017699971426068167,0.00428580690671726,9.94897489503435e-4,0.0015398794138028872,0.00453937877911493,0.0016385579056448327,0.0012426094579418316,0.008858745125540593,0.00911470973255517,0.025307810336960414,0.17665171095037646,0.002238691430856005,0.01060348417673184,0.020306587925729203,0.0023048127220603944,0.0023810177365722646,0.0012065781619789633,0.018697894436411785,0.0022588654809731026,0.0015530983403923896,0.002451165693945346,0.0010016803966945726,0.0027092860009638752,0.0014749071851004752,0.003492832372045991,8.467363831278163e-4,0.002492641072125706,0.0018909131700737174,0.0025282894853980815,0.001085042507328415,0.001987565144082359,0.0027888463668005736,0.0027645129414787485,7.663675539784008e-4,0.0019164583881368675,0.001376058892917307,0.003046819255262116,0.00458618785116379,0.015024688272321007,0.009287916745218503
0.10166951740495439,0.03509461466909868,0.017720940911990286,0.009800629984445027,0.15602775767769267,0.009858658231839859,0.0936292474594808,0.0033459869438951058,0.0031406513324843182,0.0043684940110804765,0.003856802664722501,0.0023165560661114206,0.0058341152006538746,0.023064722425495367,0.026733947644413048,0.1575181790743151,0.0015502715951664439,0.004467112681622098,0.0010047356908890548,0.0016172019557007327,0.005044953303772869,0.0016074810910146808,0.0011762853329159127,0.007952366914569712,0.008051663124877095,0.022494840175205207,0.17008080449572108,0.002066649766708716,0.009912525977544285,0.019990387258073658,0.002239796217658433,0.002807410622987264,0.0013308254246264474,0.014916354283056283,0.002278947407686092,0.0014156916917102318,0.0024923499491012113,0.0010708556294463077,0.002380087559586622,0.001616014109216102,0.0032363905514611355,8.82461502998389e-4,0.0021373729523316235,0.0019920702123301893,0.003015509754622155,0.0011220912848939988,0.0019453357295846894,0.0027586619032423263,0.002716195762751776,7.772146463634381e-4,0.001997325419776265,0.001024020882608061,0.002777746122158012,0.003922387799634643,0.015504696463251304,0.010644085050462663
0.10215048112359496,0.03577030400866976,0.01765936074501911,0.009537536502624844,0.15216810647781276,0.00971307153507164,0.10135591274855972,0.0031428082098724063,0.0032215680168218327,0.003933544709552413,0.003478930387866447,0.0023527382007805884,0.006071682638888929,0.024677690362852524,0.02300689539490752,0.15806020458816442,0.0014405121983852068,0.0036988881925892753,9.530626389781318e-4,0.0014652369224321127,0.0038259481262175464,0.0014931148156163464,0.0010489797549513872,0.008434342460370331,0.006833967638570561,0.01967444336952962,0.16941573660031045,0.0022015096829171845,0.01218771341358745,0.019840937508684355,0.00205433515015958,0.0021864838277689883,0.0013524082872437846,0.019339468419550587,0.002432638233428411,0.0014720657928687301,0.0024478892876624338,8.928093089087267e-4,0.002542430383983601,0.0016898984098168198,0.004114767370398582,7.672657837629759e-4,0.0025743851183384725,0.0019357927943579464,0.002797891983734047,0.0012062675626992889,0.0018232944227517275,0.0027258242460234078,0.002274129178803006,8.007353458528644e-4,0.0022115932275716763,0.0010450389408702863,0.0036557880441042043,0.004544219146607803,0.012846022860594433,0.00945132789793774
0.09444858566891917,0.03575120190371224,0.01753121723298961,0.010320932526376036,0.16592223471909942,0.010004988831665186,0.09504258131627276,0.0034542065828397544,0.003294408746842062,0.003997335463595914,0.0037555946904869984,0.0021077774224969566,0.005673421144724518,0.025380634537561626,0.02637117774570617,0.14080775752679572,0.00161898206059518,0.0038454261748329947,6.713124700516752e-4,0.0016137693473982963,0.004347522902534862,0.0016664770287951323,0.0011652628515646894,0.008143300444372035,0.008323101956317322,0.024399416040332342,0.17168684438336848,0.002153611742865167,0.013993629800001309,0.02111436051442257,0.0022754061477341966,0.002289641171080024,0.0010967481825638332,0.017044021021980396,0.0025159317667925053,0.0016417159972408476,0.002212322235110766,0.0010919228317678236,0.0027304595767708544,0.0015221406096484237,0.003978348258019021,7.238482455475036e-4,0.002260251972145702,0.002056425225642383,0.003097272100258364,0.0010209945013109518,0.0019459121994231901,0.002761737305869137,0.0025704233399348403,6.862379151006758e-4,0.0021679398137257927,0.0013062217898860517,0.0030020765353874664,0.003424447732519587,0.015511769635775278,0.010458710111228278
0.10616956855081913,0.03588395101297261,0.01942518223014354,0.009415308957091587,0.14292963908962192,0.009404693194104334,0.09538279747828836,0.0036246753019277787,0.003558850335694167,0.0040939902630928405,0.003909249298192937,0.0021609344362040015,0.006112712417323981,0.023987899503488445,0.02516857180720388,0.16082282999475941,0.0016298503713502684,0.004018950925739363,0.0010231169176346407,0.001643884354587996,0.004657777709019122,0.001768725660448021,9.993277701674148e-4,0.007345854973361342,0.007608862090641991,0.020603540664768633,0.17255216984417,0.002211996630382144,0.010947294978870838,0.02116338735213009,0.002212210634042145,0.0026203515175003784,0.0011607027793822194,0.016241855048128074,0.002241212666756542,0.001615390501232639,0.0022660583623503173,8.993304053755142e-4,0.002705497548868703,0.0016201121706956622,0.003645020545439406,6.040882589976973e-4,0.0024862359187564913,0.001980980681592848,0.0026451100024871624,0.0010758434316406936,0.001994714913463801,0.0031017213756537334,0.0025872559505846727,7.75123020221616e-4,0.0021589245376428656,0.0011966899525156435,0.002883806964719771,0.003982328878977854,0.014604545933304859,0.010469293885468007
0.10596177766864612,0.03648334288335916,0.017360144450188644,0.009610902087456245,0.1580815680385701,0.010847069467727089,0.09727479711671494,0.0035416533491725555,0.003054153873736392,0.00414398153721321,0.0031607005960263227,0.001995670996803421,0.004801400395735566,0.0227385781313833,0.027471072424513732,0.1500530681529878,0.0017552553110953548,0.003897575258289811,0.0012946106559768528,0.0018805358534071794,0.003844589791280712,0.0017376995740346758,0.0013315736025427461,0.007913671308767207,0.00871526654875035,0.023646031533638767,0.16256241172075694,0.0023560143402594474,0.01197641213341074,0.02095314387018995,0.002096228599600096,0.0024316833193921894,0.0013211154208000375,0.017216050641688616,0.0023616832190767514,0.0015269613312408874,0.0024657073052538744,0.0012054219981508963,0.002619746872811771,0.0015865009219000845,0.003436376556307042,6.225939050540181e-4,0.002472832559030268,0.0021546184741334314,0.002636931520732968,0.0010201800289527925,0.002366215869059371,0.002959163322073684,0.002741877807144285,6.840438289378863e-4,0.0023036804824704683,0.0010538194368872207,0.0031201175738827806,0.0047260962848795105,0.013390835341752158,0.009034844706151495
0.10316068731140673,0.03791981753371697,0.0170353306114748,0.009281071727625483,0.1543378129731487,0.0097260020348946645,0.09250863208512032,0.0032705788990608927,0.003250444252581791,0.0040309839538826015,0.0035805436649189774,0.002127829371525254,0.005833720444109566,0.02716750225087113,0.025633302753337053,0.1653861687474038,0.0014726743636100255,0.003624239231905226,0.0010365163150033495,0.0017747340821464357,0.004146638932363779,0.0017450333211059617,0.0014852059693199573,0.008846463487414864,0.008157421268454625,0.021859508553029438,0.14864539568701957,0.0023608773562540566,0.013404553559470605,0.021288530265578882,0.0022027108029277305,0.0025051988893308457,0.0012954810010612368,0.02094300404916567,0.0021631984952493193,0.0015456387125080916,0.0025209344050166277,9.593020380819931e-4,0.0031788309590509646,0.0017934951740470678,0.0035393406920303325,6.602219798570922e-4,0.0023180440428157657,0.0022357987953789005,0.002791558132965001,9.88233339528949e-4,0.00203196450799575,0.0027759663158591695,0.0027803449377639417,7.743348224857287e-4,0.0023216055016424438,0.0012106877228957647,0.0032325190150190204,0.004642315926400042,0.014153110563583178,0.010337938169583933
0.09931654849579696,0.035056405126014815,0.01929929496452919,0.008408453637125566,0.16325544195084962,0.009536932823762598,0.0936627365599197,0.0033991352036519475,0.003099319849398914,0.0035095810433554316,0.003286271051201809,0.0021833085914018417,0.0052505700646166735,0.025941608723511242,0.023336385481135317,0.16038814990402267,0.0015943418560091407,0.004436169782797492,9.086618416505129e-4,0.0015561847694122548,0.004339954731372408,0.0016131149792504812,0.001595015430677727,0.008177562583843688,0.007403724524372617,0.025173049728413763,0.16790808982375546,0.002089220740805236,0.009479797982814505,0.016039519655057764,0.0022447024677161947,0.0023923193696348886,0.0012967934293148724,0.019343846998556194,0.0019290707253178465,0.001575368621764348,0.0024138030454318284,0.001167241399303444,0.0027801256376335723,0.0015991325864297625,0.0033421230684071027,8.440740282325875e-4,0.0019150179374238874,0.001959795774961756,0.0022886845760473197,0.0013232252537512508,0.0020094062449754467,0.0028816579475146645,0.002475885610266992,6.803082991105024e-4,0.0020791042076762547,0.0011471072678529946,0.002645804553310844,0.0044019083333615375,0.013313653461930652,0.00870528725354582
0.09796970894425232,0.03523011964007504,0.01728088698517141,0.00979911993773847,0.16061849028428024,0.009593352886628137,0.09477970200649605,0.0032540696169673796,0.0031614921536496357,0.00368284637523728,0.0029983188980461347,0.0022599757675276894,0.006038507744513376,0.02175314868123581,0.02839929220233558,0.14217811458783158,0.0015323097830334535,0.003790242427189719,9.323095973148237e-4,0.001724075531787914,0.004789321485100953,0.0017345172803702946,0.0013927553947458776,0.007383468351596313,0.008772486390575759,0.02443295945663225,0.18132829776549958,0.0022804523005742297,0.011458454982422003,0.01693551459240079,0.0023090736160084227,0.0023936535717189746,0.0013144879840167386,0.018637411313708777,0.0021993754911288272,0.0015394971092366906,0.0023560864130092746,6.878395287296605e-4,0.0028359510376135652,0.001295081448739118,0.0031998325974896043,6.341124860812373e-4,0.002159052015978007,0.001972467758519009,0.0034769604117757,0.0010822252760699061,0.0019658811055271387,0.0029553132106061105,0.0026801700991197067,9.451645244947962e-4,0.0020397296196223084,9.765041250478123e-4,0.002985866483449998,0.0043026686901291664,0.015512369780393949,0.010058912250555442
0.09956049020130803,0.035194998011009004,0.018938166110689433,0.009658411052425061,0.15839758159570014,0.009345819115048235,0.09707262228693136,0.003527811965337515,0.0033956506146638117,0.003666041506990328,0.0044647715241587175,0.0022290097711357244,0.005249704328890637,0.023180976232469792,0.03003675956487662,0.14919697772458573,0.0017318968246417697,0.0037981200093707467,9.697895532643705e-4,0.0016181123590851203,0.004238066536176261,0.0015290098611021234,0.0015103244931234546,0.009551651243913132,0.008086005379121512,0.02672755370122715,0.16394105231329784,0.00232359823788469,0.01003507311883022,0.02070846436570758,0.002192313459218343,0.002474015489930091,0.0013093575825090225,0.018691130457920587,0.0020776069944396154,0.0015032964393582545,0.002395424109229194,0.001005348243062974,0.002808849475931186,0.0016531481041449686,0.0034828508464263717,6.774188935706491e-4,0.0026286002955006288,0.0022342463850483496,0.0025267341550196006,9.751748595071936e-4,0.002073590001619936,0.002716562047248649,0.002708546007909391,7.626043683951272e-4,0.0020396964935479236,0.0012063075716462518,0.0032229833214741472,0.003849292519579513,0.013846433692415342,0.009053958582380565
0.10632679797964094,0.038356695059364565,0.01824840137813434,0.009614100030653166,0.15665186781437856,0.009426422119954947,0.09617288018540585,0.0035534667685949736,0.003154423912789133,0.004431980460985355,0.004962266325929491,0.0021421703905085978,0.006021235543268257,0.023783624295815483,0.027882413452442176,0.16020246196855853,0.0018201511330373117,0.003350169140063605,0.001007379077161334,0.001721824124761494,0.004206063822377113,0.0016364172334464235,0.0012946591894596826,0.007437756395329666,0.008663568832473505,0.01916018379031675,0.15502313173273147,0.002257399440052655,0.008945591977805385,0.019097265599008956,0.0022606257257161044,0.002432200872532765,0.0013032301256783465,0.016788470407730183,0.002326463681091845,0.0015464098812201137,0.0025377907395186436,0.0010231644257828645,0.002709645185689364,0.001647773800467964,0.0036194585346110537,0.0010086753354514417,0.0025175663208029443,0.002127157040779112,0.0025761240364669644,9.495221552691113e-4,0.0019975729789491153,0.002569889294199467,0.0026298591748772976,8.117513342300458e-4,0.0022102601509068095,0.0012211438683433283,0.0033834985185574387,0.004788911419766593,0.015566594253357392,0.010893471563554035
0.09522001387069362,0.03529415431864787,0.019403998685625642,0.009368424951909548,0.1471840120456568,0.009503777162397612,0.09981910798033392,0.0035658713611609015,0.0031486597902941104,0.003760992934842074,0.004063250458051682,0.0020736259311660283,0.0054412097263961,0.022389892878115825,0.02878308236883264,0.17251086347922512,0.0015072563297107904,0.00427993847165002,9.094807708449178e-4,0.0014888064679960472,0.003843293269565654,0.0018160541796498882,0.0011310158041418553,0.007407891450379613,0.0084012257415735,0.022079709373408855,0.15785567042933826,0.0019746773011743587,0.011682938052018591,0.024914338517941042,0.0023678863723327567,0.002279490813664312,0.0011942229460447822,0.017982707240916353,0.002070874256989407,0.0014136383943219141,0.0026765260405955974,0.0010542652501651867,0.0030268275943796472,0.0016015007694904857,0.0032070065424720765,5.866631322203511e-4,0.0023514783227042623,0.001991352680327655,0.002131127555499027,0.0010350068155477964,0.002056590507655953,0.002693664091543742,0.002409314550600904,9.145727081594389e-4,0.0021169772590973086,8.345167847677547e-4,0.003263689095869642,0.004024377370090164,0.014214467698513318,0.009678021103287367
0.10304973767546349,0.03661480863088708,0.018572340577457498,0.010363262219851137,0.1429090151937446,0.010049564715547445,0.10408127413622102,0.0036067945833268508,0.003205211845938944,0.0033988237237968016,0.003659340061877516,0.002156327887198444,0.00510290258746809,0.02535366711640252,0.024621970353041693,0.1452062639751313,0.0016820135909635784,0.004121597681572934,0.0010773771070838383,0.0017959788922789612,0.0032120426277024777,0.0014933263310066283,0.0015509478466285902,0.009981552672693569,0.008219089576935318,0.023673732292745844,0.17639865251987713,0.0021980293733307814,0.009916734331449054,0.022030723327748507,0.002104763518167187,0.0021167928642883567,0.0015539488828725373,0.017450995036223056,0.0021626543954972087,0.0015551376688360506,0.002010659143659472,0.0010312311840966727,0.0029027291799655695,0.001730223972591903,0.00334613169560475,7.055594649438297e-4,0.002591125885509681,0.0024040237681866553,0.0025619242679838345,0.0010289277692731298,0.0020103507422062593,0.003212995001017563,0.0025798661444644943,7.601233600480464e-4,0.0022078265516975023,0.0010816726162123827,0.0029114568667953154,0.004566861934014587,0.014573975343250677,0.009534939287221584
0.10500859479121276,0.0363469502957723,0.019684109575831835,0.0090302059913047,0.15188517842020843,0.00957329246780155,0.08801513650627872,0.003550590933515106,0.0030627301863664046,0.0040287953888495185,0.0036694278119373197,0.0024244238201705653,0.005802280202342431,0.026665943784011756,0.024505355591476156,0.15619049146062092,0.0015727475998724004,0.0033289899744462117,0.001120723583676466,0.001873719811376646,0.005029311779622334,0.0017970019912003025,0.0011594007017817383,0.009157367927660276,0.007586422726910254,0.019494978269676777,0.1712671912366609,0.0020034414968969523,0.01179301979061185,0.022423040479045184,0.002168846977616704,0.0023577742044499175,0.001266085329295742,0.01727000018620023,0.0021863872325340998,0.0014754888861961604,0.002421783808003837,9.66933200300232e-4,0.0029831365030829303,0.0016654255080687274,0.0039017723415965674,6.442061379181469e-4,0.0022166907452014816,0.0020419815978365975,0.0026981243804310657,9.654904477888693e-4,0.0019110251893361373,0.0035412988736485186,0.0024891740993077094,6.732859541789455e-4,0.0023785838358273215,0.0011203041365067353,0.0030522080217800845,0.004525319141735562,0.01446452883837604,0.009563279825642904
0.10330596766830522,0.03705986221284228,0.017328773699847616,0.009640808407043202,0.1565294400593243,0.009379756510092022,0.09422122212738814,0.0035183069758165045,0.002899872816215635,0.0035954655552023016,0.004046804722141335,0.0021302783902984756,0.005338812662792464,0.02594829959568322,0.027835891840875798,0.14855392427859687,0.0017809409226601802,0.004515054533398834,0.00106023723433034,0.0017270218255753872,0.00442263772195327,0.0015147464886940834,0.0012922361073501353,0.007274804355330569,0.008303064429595327,0.024717773965900944,0.16480404834635,0.002229286271591251,0.01012570587523944,0.020957638839888684,0.0021709460080962975,0.0023456154258175025,0.0011377746969945346,0.018157308332418822,0.0020766308923648846,0.0012824556933274296,0.002795557133661543,0.0011277744902405595,0.002972652072954816,0.0014821353045735672,0.0035588946002488167,8.477416461617431e-4,0.0025548836453423165,0.0021615495561106684,0.002634732629379288,0.001361761615749716,0.0021690539028881555,0.00249414684366324,0.00251353691127581,9.521131108612974e-4,0.0021869645869884127,0.0011410487471052299,0.003356734965502891,0.004566868220478355,0.015760238193555282,0.010132196333914989
0.09214830411926733,0.035500484758912584,0.018942521078123897,0.00965420143508466,0.14281387067559606,0.009911197625960858,0.10002598052683401,0.003587338425502151,0.0032136457092515796,0.0039159616979084775,0.004744311763948307,0.0020112548502943884,0.005123478525772516,0.025151653000563486,0.02730438882193621,0.14890318192027777,0.0016618959303797915,0.004341315249424666,9.174959164117334e-4,0.0015600679945550363,0.003727556811580709,0.0014067722732856267,0.0017819168424457507,0.007914935089751492,0.008807300093905826,0.021019427090253485,0.18445569247585805,0.00201731658605688,0.00995603359978912,0.025105217941139003,0.002094203492465234,0.0020990082419408813,0.001435499236360049,0.01809245068287657,0.002254112383746378,0.001691591814273544,0.002767083430614801,8.962202388004544e-4,0.002357046440252273,0.00169752821079638,0.0034330505368453923,7.587491312915613e-4,0.0021852821300322326,0.0022461466011880165,0.0026001530487163534,0.001138146740315023,0.002195666610451738,0.0031213945571635557,0.0025129563063602004,7.508648368905366e-4,0.002016036760609644,9.490990065604768e-4,0.003229120977922779,0.004182678338500052,0.016267378521620846,0.00940381289333357
0.09787740841423602,0.03762166443990294,0.017619382062816158,0.009417464778491454,0.15503357833658662,0.009330489360831258,0.10018006364223966,0.003340757931587371,0.0030878272529587915,0.003337647727073254,0.0036937634026266253,0.002613910172960698,0.004737851495405529,0.02632337897597704,0.021009677869019583,0.16952630937873556,0.001660970917427879,0.003797726186039219,0.0010610048084848172,0.0017229752950572589,0.004606579753949309,0.0019003083733976492,0.0013892112883935538,0.008567993545546299,0.008803689600701289,0.021900142272389282,0.15271554309467342,0.0027103646807583384,0.012727604304137894,0.02024680258135398,0.00248520783229633,0.002132058526904577,0.001250202918678526,0.016943290574311508,0.002262006321793401,0.0016250037458271796,0.002423661006676842,8.196240152463502e-4,0.0027729707075079303,0.0016779810113539259,0.003584607186218762,7.272038950259941e-4,0.002413844762169938,0.002138177313411761,0.002427222407733318,9.704237482616075e-4,0.0019347020392676492,0.002960803356873387,0.0023800125232535936,7.864939868341759e-4,0.002001784287604496,9.3916729329378e-4,0.003345396385122487,0.004361873586778308,0.016127329682139632,0.00994685894165583
0.10293086306148196,0.038085095549794806,0.020200468049794324,0.009264356808568103,0.1484821446988985,0.009527873359372373,0.09348342381095538,0.0034275518206069596,0.003108797535432063,0.0031532248193090764,0.004407628942348856,0.002195662616949615,0.005673496871866184,0.025749436418646,0.02475458598234892,0.1466235175859645,0.0017043572128161598,0.0036840742465524684,8.784580481079619e-4,0.0015629481114582283,0.00558858893545863,0.0014337546189647388,0.001277028727464969,0.008046051479202265,0.007940371335655717,0.027945682042667286,0.17302815045914674,0.0021075176977985986,0.00994507626584012,0.02391060916311995,0.0022538542522571553,0.0023607390172728964,0.0010949903884816612,0.017975748042853425,0.0020929974236995126,0.0014248330700537097,0.002675227895648181,0.0010748896815168585,0.0026442177885661125,0.0016521274046837446,0.0033322709991329465,7.505246594139799e-4,0.002666076874426962,0.002311475185215043,0.002626148631151775,0.00106616224396538,0.002005562885168577,0.002479260413174452,0.0025158521638106125,6.544228281122294e-4,0.0021226286156568247,0.0010438116463858823,0.003255267650168337,0.004510694237948326,0.014623536773880298,0.008665882950763606
0.10073862578568973,0.03789145529998504,0.019883515107151587,0.009516042577554644,0.14656745172917318,0.009407229537716912,0.09586065858239295,0.0035130406414693284,0.003345989961133449,0.004461223188644085,0.0038799617644217034,0.002383317685106535,0.005634171037989105,0.025897399632441108,0.02153747295152996,0.16698348131067528,0.00169062511334834,0.003489792798990182,9.405541643467125e-4,0.001707999833680993,0.003988874806517621,0.0016069744409594512,0.0011941459130725624,0.007300312909944707,0.008727059775082327,0.02433927371453329,0.16389103114952552,0.0022151869416851488,0.010621343163646045,0.021196020620248182,0.00212758467711916,0.002239592474547185,0.0011221654812664393,0.016688039823239437,0.002294761475563738,0.0017699736034815779,0.002388284086605984,0.0012064155184781599,0.002784977522111219,0.0017182890730287675,0.0031162274027959997,7.780284397390431e-4,0.002370375257419873,0.0021617547605904423,0.00274030034271948,0.0010635663039443941,0.002075602743253025,0.0030941124580963573,0.002283302223832755,8.153624630837212e-4,0.001915867365900886,0.0010140563718259693,0.0034749513741894225,0.004965599378227497,0.013083187416073217,0.010297389824210596
0.09650661326138099,0.03718151683825933,0.01940179092035028,0.00915513120471083,0.16131680557647218,0.009628023439869264,0.09285783411528521,0.003537006875366976,0.0030659101256608782,0.0038712374221661224,0.004252894265596161,0.002397953868201769,0.0057850849645055295,0.025857354627780077,0.02355961133342932,0.15915182866324404,0.0016252301606971672,0.003887953664233427,0.001160279455415228,0.0016902599543279374,0.003798164444378317,0.0015041390130218694,0.001279229407557641,0.008304050600018464,0.007398366864603732,0.02043507745885453,0.16794979436270122,0.0022598331495543374,0.008922549111811534,0.022585131530859393,0.0021021388219141525,0.0024131092469374753,0.001222278549673331,0.016811596219383464,0.002156393254026324,0.0012926573365324746,0.0023204839000924775,0.0010221508399513198,0.002628257167120359,0.0015891547554348088,0.003533468988301152,8.679774667222808e-4,0.002624054776217649,0.002034320223122378,0.002551904722044754,0.0013251239722734747,0.0019470024765996562,0.0029415141588360534,0.0022933005193256275,8.50412923213144e-4,0.002115748285289065,0.0010343628057398503,0.0035080242023014076,0.003748017648346667,0.015282254928986196,0.009457635131300643
0.10044445610897289,0.03595101045718255,0.017335177887958044,0.00936602929985816,0.15716379560300714,0.009920200853092613,0.09418400443896639,0.0033856024202364,0.0031900606291674553,0.00358201101576094,0.0041077815633788345,0.0020294865641047877,0.004637564723898639,0.024608942977642687,0.025585260024515846,0.1558352852362098,0.0015155083726098378,0.003570744219439804,9.092642761010789e-4,0.0016032905203856075,0.004234523828649926,0.0015451309489557476,0.001316742863650074,0.00886730595352329,0.007684457541354116,0.023838163495057633,0.1675490935173429,0.002322453672413731,0.011969316824907433,0.021659276129300645,0.0023501110503073306,0.0022968087370221642,0.0012370526579906424,0.016275803657114528,0.002226635312172172,0.0017573942592502678,0.002746195737251405,8.443157857367069e-4,0.0030384454897323544,0.001678561793911714,0.003195410194492263,9.328251234432931e-4,0.002470378673116572,0.0021167038305128032,0.002874865985933273,8.99699518342834e-4,0.002261042352616569,0.003300663264469954,0.0025967267992864345,7.709789715673723e-4,0.0021070173180219543,0.0010235317083475712,0.0034132629738607874,0.0046274835182296215,0.014600908577821401,0.008445234741803073
0.1053983391095689,0.03718175157870959,0.017710429235981942,0.009525265248602427,0.14324761542900707,0.010212096500380815,0.098006428001273,0.003361933984011815,0.0030238520965309053,0.004185524508619583,0.003958774502200963,0.0019776195625554023,0.006168836143164488,0.023690807806452403,0.02486004747658559,0.1613904191189275,0.0017595643064107528,0.004009957804493562,0.0011138136805217678,0.0016425353304271922,0.005278804386782616,0.0016960074605597763,0.0014708694194799476,0.010442762351680271,0.008179995372627173,0.023423480416777408,0.162426457280659,0.0023466290556420776,0.009413515509954735,0.022069396876142983,0.002013681132950363,0.002385383747632736,0.0015759846552836196,0.017609961724426134,0.0022059836263674045,0.0014553438977718814,0.002275023457827757,8.220508657340905e-4,0.0025864512375879988,0.001498433789667221,0.0035907356822124812,6.399553396956984e-4,0.0021459859184237984,0.0021436237285623826,0.002534819167475743,8.713426153101099e-4,0.002211823349046412,0.002769366787911174,0.0026622384163784733,6.757462352154329e-4,0.00207375971782374,0.0010997831405455205,0.003348580942958756,0.005132953741766637,0.013673374575472314,0.01082408295122048
0.10007109059264739,0.03885779410346402,0.017052837015252467,0.009484019645337162,0.15088574804685936,0.010888983545149545,0.09877333413012862,0.003712386546924625,0.003118335471949634,0.0041899177837190545,0.0039527300385135316,0.0021667199506331235,0.005302836929260569,0.02674084751255776,0.027751036420392297,0.1583505858820955,0.0017588459018299072,0.0037611511733730923,8.762163018215872e-4,0.0016549977152825908,0.004632347343411094,0.001848773458592654,9.272659128586828e-4,0.008174212808904898,0.00801362711423278,0.01951847807398407,0.1645474808869603,0.0021500130550920304,0.010580310442646249,0.0198840261750862,0.0020287876998963785,0.0024891596140632216,0.0012305086445428112,0.01815958435953149,0.0021931887239925512,0.0014626170881763716,0.0023559849661662067,0.0011610688430154685,0.0024954694363494936,0.0016456363592341622,0.003817656030596964,8.523275540852348e-4,0.0022364446284834595,0.0023090314108362765,0.002739976675760459,0.0011166500003066866,0.0018425559606393888,0.0027962119557795088,0.0023605804893882675,8.732409850398295e-4,0.002030338036143088,9.932255799373006e-4,0.0034777806330476045,0.004578956811669368,0.013760905058448502,0.009365162475909024
0.0983659510138988,0.03433052806497302,0.019495316856857525,0.009802463951621309,0.16228023655058313,0.009583870019209533,0.0974298439126718,0.0030802648491776645,0.0030333695337238457,0.00357469787972097,0.0033367687294909533,0.0024000034873609454,0.005171720486247653,0.020713948700945468,0.029555131138131713,0.15138655188359396,0.0016420890558229797,0.003816546572274583,0.0010102296247082704,0.0018036905891503155,0.0045745983666831596,0.0015827245777802652,0.001092595787328876,0.008198674481010007,0.006767531387579826,0.02378404351492763,0.1731458469949953,0.002280441268765442,0.010505549052323501,0.020404623014104853,0.0019345890608987377,0.002266438980869844,0.0011284946772061634,0.015135248015516372,0.0021610294966848942,0.0015252685282907995,0.002511152439115044,0.0011402921288375578,0.0027396116496133474,0.0016246733420222181,0.0037809002451713735,7.585383533608738e-4,0.002609473637665002,0.0018815499821190546,0.002201518079241873,0.0011544861988019906,0.0020396563231869745,0.002645292047119293,0.0023210190133529187,7.498619437875773e-4,0.002065315310000044,0.0011234328177788186,0.002994918467681295,0.003786101661294752,0.014538556358302599,0.009032729896417202
0.09854033116432724,0.036971174823152604,0.017675952150798906,0.00919050586889862,0.14461225307683606,0.00924047466496145,0.1011481297035105,0.0033769299181744196,0.0030377413522300867,0.0036695945062614806,0.004139476768497743,0.0020554888736017225,0.005433179399059489,0.021923095307917587,0.02711956556384832,0.15756452853805228,0.0016911138039728535,0.0032340069393690537,0.0011661963361716304,0.001866292380693102,0.004224729924479823,0.001669912829217127,9.664720202821786e-4,0.009144543351467827,0.008269323833184654,0.023014895496105994,0.1705426980413162,0.0022168396016192804,0.011341480370901734,0.021219431756149206,0.0020377640058002163,0.002284558749453407,0.0012627468986222215,0.019168470262151058,0.0020643859163626305,0.0015307463237146063,0.002559834478388024,0.0010851161348539417,0.002576861650621817,0.001705282351214507,0.0036857025787131814,7.38855253537969e-4,0.0023949210666758093,0.0022842138516429617,0.002949903637393252,0.0011201643318404595,0.0018340472790738338,0.0030811872160496296,0.0027139860795463515,8.274030208898103e-4,0.0023841472470872323,0.001028498904691233,0.003115752626121709,0.00488856181979477,0.014524346543476674,0.009886183407223446
0.10273164790597199,0.0343522819463346,0.018146777748679788,0.00957587979793488,0.1566878667179223,0.01019765514479911,0.09603763493576417,0.003246676711156009,0.003135570444366999,0.00404556935645856,0.003832107560338232,0.002258758332984686,0.005756945810376533,0.0211876417510646,0.02887070691689013,0.15530262075412604,0.001800022475415014,0.0035284878649354274,0.0010141184410027433,0.0017628087298405838,0.004838322737838639,0.001483848708482548,0.0014736825777638299,0.007128361550253195,0.0074937794005480755,0.019594336401429015,0.16586344597847189,0.0024682717382635676,0.01150186124265501,0.02135935928030736,0.002173309624695079,0.0023981283357502707,0.0013007730115873152,0.018106339728080584,0.002362991360560913,0.0016070105785796448,0.0025529186027131896,0.0010673965108495772,0.0024777190089100725,0.0017346058904530368,0.003124039157180436,8.154891068355568e-4,0.002109370344792043,0.0022330231921853976,0.002645387443110791,0.001038732508922508,0.0020832587399176915,0.002851617178173077,0.0025924621003414992,7.049790661185668e-4,0.002289123388278913,0.0012261480784518633,0.003818753704878883,0.004441221393138906,0.016517035523294865,0.00905111745982381
0.09495110316364888,0.03694370596379033,0.019821127470634546,0.009375445498405988,0.15965581148948588,0.009910619530447536,0.09560424497666233,0.003469648630414671,0.0033971433952951166,0.003910157079788688,0.003727859646256039,0.0024051632416051604,0.00590391269970537,0.02609162044178873,0.025356460223571485,0.1741357971279913,0.00170378197053736,0.003622589719145907,0.0010687778527936386,0.0014702621107515797,0.004505579635156638,0.0016460770401831853,0.0011910320474658022,0.007873030030675717,0.007822734154344936,0.024449151205406142,0.149875222670636,0.0023477650731131235,0.010772202615260363,0.01709616961348133,0.002223498962563637,0.0023788396404516325,0.0010960280654967243,0.01841955676935289,0.0022751819586038003,0.001593254455864981,0.00237220005059901,8.974253094735572e-4,0.0027520812718362406,0.0014282879868611736,0.003350714219612211,5.999210961170143e-4,0.00233087218894186,0.0020558825811488476,0.002949105808555287,0.001015953192869849,0.0019147243452452734,0.0032067657815267074,0.002612272633918013,7.381982994312081e-4,0.002027632900988357,8.849657677560947e-4,0.00352267253640169,0.004578132260676489,0.013745675867816668,0.008925959729447137
0.10069915807462923,0.03565313374556904,0.018607383575731138,0.01003184864035295,0.1560475921251065,0.010042747880710228,0.08594266334932509,0.003290095462251464,0.0030678928046404324,0.004386954151163499,0.0034107106907081512,0.0020367924269996127,0.005141662404505625,0.025627774776571237,0.024328301237422537,0.17424612426808592,0.0017063743978426118,0.004114472230975269,8.655420447492546e-4,0.001808830376706199,0.005016887221499128,0.0015807319391529114,0.0017855282046272737,0.008131242917596879,0.009088130260307125,0.02569064750912872,0.15341782994928435,0.00205674096785282,0.013346580925002452,0.019916196363996084,0.002348129799264838,0.0024110676288234606,0.0013083951206119095,0.015326358095722395,0.0022823534355341226,0.001719187016045026,0.0023558248437382185,0.0012565245893999882,0.0029803930215199655,0.0016550771036000726,0.0035052596370588112,5.546171668053598e-4,0.0026154893814452143,0.002023717497730712,0.002980974111351282,8.702210774223108e-4,0.002023640593154645,0.002876827809130027,0.002871246673959232,7.149041086595431e-4,0.0020712371694534986,0.0010530049734539314,0.0033881517211161918,0.00453978422294247,0.01366645315035112,0.009514589129212016
0.09968551166113401,0.03629858645085757,0.019604588742482353,0.009664321038367804,0.15313793990559904,0.009074526879771816,0.09064833777860062,0.003421754410795714,0.003264815489956851,0.0038789926914779803,0.003988811392790904,0.0021960574878680896,0.006277664857195836,0.02423957439185758,0.025100506084614026,0.15597103705014367,0.0014298404466526683,0.004317739171387408,9.993519204657957e-4,0.0014725933365690852,0.003873214775318129,0.0014980495294666287,8.685116187085622e-4,0.00682465156099805,0.008369983479881762,0.01935939812507454,0.18648057953843347,0.0023235196081013397,0.012001645847733437,0.01609478659300828,0.0021800319579528054,0.002103323837460961,0.0010119039221156718,0.01655642285704002,0.002192314752507215,0.0016053429036647618,0.0023331743834731906,9.182103340499377e-4,0.002696761733900306,0.0016072801361087705,0.003173246635334795,7.722792307065858e-4,0.0027626056079751225,0.0021244853590717595,0.0027476376882961265,0.00121295388137939,0.0020602534955300187,0.002774103490276885,0.002198856456492578,9.906088273374234e-4,0.002296446264604445,0.0010463967589416083,0.0032368326104793587,0.0049560908961388365,0.012606970577095936,0.009468573536752492
0.0984770284765622,0.03577061351629596,0.018701925407323593,0.009667390137927213,0.1533003699049406,0.009749520237798308,0.09632789250197238,0.0034184845271155884,0.0032645845658923448,0.003731143113949012,0.00333003110229146,0.0020147888025761544,0.004978099993009911,0.02234350699691062,0.031225413944875973,0.14797858913943343,0.0015703780759090495,0.0040735253171761306,0.0010306446457370038,0.0016059694857608877,0.0038851848376618594,0.0015212816762094287,0.0012397076490779878,0.00873773447899448,0.008301966222474236,0.022397559949888388,0.1771520282450333,0.0023403588885499093,0.010201565514478409,0.02140540532534944,0.0020916498807762246,0.0021920335412932645,8.508117910737901e-4,0.019651665178683223,0.0021775762041097517,0.001501429343463054,0.0025925666188048404,9.823600263716224e-4,0.0026545635654092285,0.001727981452171867,0.0037173398515187627,5.950538049434085e-4,0.002237270724473729,0.002112988768736067,0.0024581923684053454,0.0011508203985858667,0.0019873177230809217,0.002655502099217182,0.0022787623878226487,8.474768140667181e-4,0.002002536819760139,0.0010394449930071215,0.0028659103750072524,0.004417994855352022,0.013826210578000292,0.009641847154690469
0.10030866757151458,0.03591039929701097,0.01785302766373157,0.009684328220286274,0.15414823546349884,0.00978599348564961,0.09678940961395344,0.0032663749877506745,0.0029288094672186822,0.00356941660971085,0.0034646960862540596,0.0023740429003510227,0.00545988744782383,0.022147483248772734,0.02628492189180479,0.1496335455159716,0.0018235596466840871,0.0040992088732453354,0.0010350563953704856,0.0017060469576457285,0.0036674628703220963,0.0016997796639030987,0.0012573655663993297,0.009043119676707623,0.00842620707350972,0.02045140918834618,0.17634570744404235,0.00250300922963416,0.010973637149707022,0.023763817074273462,0.002019139444737099,0.002236833588509383,0.0010121083383046777,0.01837757970554608,0.002491908348887622,0.0015441470099441653,0.0024096370827694103,6.878946925552284e-4,0.002784834884974722,0.001593652181149189,0.003286503138882587,6.95754040810963e-4,0.002308339039213419,0.0021317984252390444,0.002526281415892285,9.489352821666244e-4,0.002101495952236839,0.0029852500586754977,0.0024482280120940113,8.081893752600835e-4,0.002196003907575964,0.001020970690426606,0.0030537757455616306,0.005340947203233509,0.01323231086923094,0.009352855285028255
0.096739932361345607,0.03766856817061903,0.021733981076973236,0.009381379066646345,0.15811036363837655,0.009959913405012873,0.09534203167326859,0.003717888230304753,0.0031742984556104034,0.004155842324665247,0.003947965625356081,0.002112683286572604,0.004686592511325868,0.02596663373166774,0.024950131290309853,0.1543510148528217,0.0020049718758903914,0.0040993528494519165,9.70123764611133e-4,0.001607362944331584,0.0039722478542881445,0.001676805816453952,0.0013171392497184895,0.0073680642660241946,0.00873589669234237,0.019436284910150196,0.16941950732298994,0.0026084660960508954,0.009155688698898854,0.02260423327463324,0.0021894372043248537,0.0022504349460443617,0.0013390555318801365,0.016711580104057003,0.002155244517563322,0.0015298957035221048,0.002932490894121452,0.0010390637420803538,0.0027106679944944798,0.0015170999684981916,0.003128631620043292,8.148064076167993e-4,0.0023119484769121065,0.0022432856050908557,0.0025792341865341784,9.197022703692852e-4,0.0019912531647890146,0.0029023287167292194,0.0021376174095550627,7.658187195273011e-4,0.0020354119486810144,0.0010902153519695029,0.0034950583547600175,0.00499216734647276,0.01465112814032567,0.008591056357325922
0.09906098312971755,0.03888895337296267,0.018207989473284027,0.009615128674232754,0.15286314404525853,0.00901695241449196,0.09360034762546561,0.0032747549688607164,0.002723262516198788,0.0035874980786460195,0.003753414794050061,0.00242854948944422,0.005797175197712974,0.025409295568311244,0.025469877435687505,0.14909022666695204,0.0016677092654793916,0.003684304313537814,9.373046906230279e-4,0.0014999955083711785,0.0048550049916474955,0.0016142878844548644,0.00126903264030527,0.009410687529178754,0.007371861418265388,0.02408848680713128,0.1777271560447261,0.0023356200599467802,0.00980150335545421,0.022167972647175963,0.001960970196093569,0.00229281148950295,0.0012752282166663665,0.01682909111541273,0.0020967079247054053,0.0015872249320533203,0.0022648948577165783,9.488186929261569e-4,0.002373929891235817,0.0015517455488721545,0.0028227941993251883,6.944452187883374e-4,0.0023942942471013675,0.0020591834929784554,0.0028216534317357382,6.423770987285079e-4,0.0024862810430922285,0.002778718476177133,0.0023941999527662843,8.362601470216892e-4,0.0020398790828373707,0.0011129433697561733,0.003192713063952189,0.004187021790714663,0.014783943996948821,0.010353387915316623
0.0981989076663067,0.03830438933100514,0.018185735592808415,0.008943584721883873,0.1465003332140666,0.009235686404580737,0.0964526828029285,0.0036340703090982857,0.0031249027426046784,0.0041799800471115514,0.0040914630786084,0.0024075989101520756,0.005101292877206813,0.024553513941071668,0.025433844135568418,0.16487924887036665,0.0019186768360202162,0.003520868210703446,0.0011028813959257139,0.0017507961228007956,0.004859379669235391,0.0015547434491364198,0.0011414476516725953,0.008628904125875497,0.009158921164597881,0.020097674342633435,0.17015941418146024,0.0022674310759577348,0.010885269142256291,0.021148245225426313,0.002041848212055428,0.002167242592955403,0.0011926299714660584,0.016613027012730885,0.0021692495589036775,0.0015556346641885453,0.0024138138371602794,0.0011047474788566153,0.0028212248687298556,0.0015717547940535999,0.003863804473242723,7.786601336719794e-4,0.0027547802062832176,0.0018702729047945638,0.0027046939231846067,0.0010220507418850957,0.0020267731422052653,0.0024387170551999748,0.0028258942027607737,7.399129153579136e-4,0.0021713035304025295,0.0011262712405465136,0.003440675382889764,0.003717168558677915,0.014853762972178114,0.008592198386548278
0.09738019015981206,0.03575539770761508,0.018053982802320536,0.010438574409003136,0.15647498977649413,0.0093842102815598,0.09489038036545086,0.003139060798182466,0.0030084769099631686,0.0036598081757485672,0.004029157155117602,0.0022174595438407526,0.005957035928667647,0.026437279854836633,0.024410877725412082,0.15071397300081343,0.0017019960518588949,0.003946353296174852,0.0010361688094624886,0.0016268613771105135,0.004358323212742782,0.0014753186668884448,0.0015383394357716077,0.007872608649698723,0.00888374468637536,0.022003684842692637,0.1759572705631823,0.0022215162167615096,0.011739438551759249,0.02178850942206721,0.0019355422632401152,0.002192030403725183,0.001261430300046847,0.016652107827683057,0.0020847130679948083,0.001535287883037687,0.0027440207433087555,9.111764114351864e-4,0.0026953894223565814,0.0013981398374439398,0.003539962257117869,7.431755864238199e-4,0.0026004145685764248,0.0019415079012456184,0.0023357372596807774,0.0010735430836864993,0.0021793130792187925,0.0028959265952821973,0.0025523682486596412,7.545359050211992e-4,0.002166624275547431,0.0011420635901836064,0.0032125117659130287,0.0033018431042489407,0.014758381468729573,0.009291264772807855
0.1039947347157462,0.03517491513335094,0.017566057934047787,0.00946660550776954,0.15173720083851913,0.010386668648324611,0.09002034731469151,0.0036669819275801266,0.0033131791421738225,0.003369637965595156,0.004138912662506442,0.002149189084661875,0.0049313390381732275,0.02267034322745297,0.02523089755416292,0.15489504969525322,0.001971078873335007,0.003758179067786366,9.82573787133863e-4,0.0016404209258117975,0.004281531533453733,0.0014541486751168842,0.001252058874453523,0.009064766467085858,0.007863536253785563,0.020968047738509465,0.1786700025465068,0.0023096258851120917,0.00887110036705915,0.024250784597468288,0.0020837110136374248,0.002418595479901716,0.0014333265361554175,0.01563287993869641,0.002264408968600732,0.0015574897713178009,0.0027614236614668364,0.0010094864074163383,0.0028428381855735924,0.0017559762518644312,0.003388132093604676,5.238776828325059e-4,0.002457810986992067,0.0021305551034138006,0.002536929827606959,0.0010600723751256215,0.0018215471622894405,0.0027542637737671335,0.0023916407771176463,8.463645068022403e-4,0.002156487362871214,0.001198633364729526,0.0032754958559824575,0.0047741704151912125,0.01577724284098043,0.009096723673434564
0.0994321353156297,0.03803121626977912,0.01901488375683362,0.009162272953338702,0.1551988843822857,0.010028610133238178,0.09505635674354694,0.003583196212048984,0.003083731876740869,0.0031945932426651284,0.0036230845741628973,0.00221336540470932,0.005220930544219018,0.025815352178693154,0.0230255327591902,0.16471019341528417,0.0015551353163731738,0.004024013737853515,0.0010463041446916721,0.001688390654630371,0.004733587421688066,0.001868561995624708,0.0013026406518020276,0.00807349026324806,0.007993888795284426,0.021830125102128617,0.15921424834944942,0.002173006113466849,0.011784390433393164,0.020551761059097274,0.002164712728230979,0.001987700516907805,9.812529674284858e-4,0.019108463009565795,0.002327158736835808,0.0016931595298712834,0.002706704931621609,0.001115166106946322,0.0028121841330269095,0.0016471198964460815,0.002756966447588791,6.78648545806706e-4,0.0021313329297445558,0.002023496477917632,0.002491481225653725,7.809698597791863e-4,0.0021025299736072475,0.0025420581757725296,0.0023883308076914534,7.861002980006699e-4,0.001965624866545887,0.0010273732797196667,0.0033468778433867323,0.005733583391047663,0.01524154692961201,0.00922557259014738
0.11025064441129846,0.03712430519140308,0.019804458300020686,0.009273476233336915,0.14143643112839402,0.010254953741729952,0.09635420490916652,0.0037487367138276557,0.003131635020051786,0.0039545965973818474,0.003989529853653134,0.0023073118369264308,0.005485605091489707,0.027193121759053022,0.02691951524622556,0.15886908629293214,0.0017744144926521957,0.004930301165906277,0.0010223997580006262,0.0016069901179936955,0.004507090396481651,0.0016977848632266086,0.0013040195693137557,0.010162622422402642,0.007585605727125008,0.020674575633950608,0.16172334570237368,0.0022750656824619847,0.011018130477086673,0.020925031390657173,0.0021273351796183082,0.0023594278445682204,0.0013563572251515089,0.01652655520252381,0.002139819985323837,0.0014747956252758208,0.0022504399452767557,7.419497064388613e-4,0.0028447821392221643,0.0015803153918786455,0.0032797787863268805,8.83448212334241e-4,0.002272208547653645,0.002032716529283955,0.002902010613470663,7.594965070814429e-4,0.0018252910311507052,0.00272148588264485,0.002565226693464232,7.299412399499942e-4,0.002061533231129136,0.001065061840857279,0.0035245375669201123,0.0036014350553178584,0.015104698191121143,0.009964362099492433
0.09991630609928966,0.03727225631546904,0.01681872314528252,0.009223732289508015,0.148412812522917,0.009245286706986678,0.0997751844901488,0.0034381504233622446,0.002919823046035471,0.0036949488254576337,0.003518714113550064,0.001998722069489452,0.005273900772924131,0.02594622625519072,0.03038783608158963,0.16119174085932378,0.001461776983476974,0.0037873612020030436,8.805772503332496e-4,0.0016126652354032972,0.005253833616309616,0.0017099672528273651,0.0015388086546806606,0.007949586220710006,0.007579232051637442,0.022673002565764926,0.16489879947059966,0.0022722051525477923,0.009006554024102869,0.022212870174846494,0.0021604985694211533,0.002422689236335078,0.0010602627915477214,0.015614841685510706,0.0020930170081378883,0.0016437295168457574,0.0024717158751128123,9.513016682758946e-4,0.0026302975660418785,0.0015972728677740012,0.00416220108803687,6.358381724094315e-4,0.0022972680942596265,0.002234010911260581,0.002752860763089928,9.212780441745708e-4,0.001958738150216066,0.002544816596110859,0.002615526004458188,8.252867493330734e-4,0.002167529054003529,0.0011675426499348452,0.0034179889433665605,0.00415958692380704,0.014353423973011389,0.009268873225756412
0.09810281071178201,0.037681548972370076,0.020050650613264578,0.009404955709798154,0.1536095032100491,0.009335208616025353,0.09677042720527396,0.00358788284169375,0.0031054580561101714,0.0038421716708966114,0.004068886465389741,0.00202162352602947,0.005998858832111176,0.0253560163531656,0.0267716334359709,0.1595229561493464,0.0016920840182721693,0.0031846146428530495,0.0012729085269798481,0.0015859066416827091,0.0046629312811785895,0.0015336068421688016,0.0012483680900843089,0.007573545768832018,0.007366076299011937,0.017526603941179334,0.16763808797077562,0.0022838288202936354,0.010173220619620438,0.02338926221765598,0.0021842052791852225,0.0025520821577837923,0.0010833345020322736,0.015391478083097753,0.0022958651825367112,0.0015050834499164268,0.0023403195647942574,0.0012862331492419251,0.0027482787231077072,0.0017387952772765218,0.0032479025761751905,9.442126607608888e-4,0.002743345966955062,0.0019854385476590643,0.0024230986468388727,0.0010655564267137644,0.0021547598443378557,0.0033025898266552003,0.0026559827137473354,7.773238853513311e-4,0.0020602092971522424,0.0011116309796011673,0.003513723149152442,0.004503893118162505,0.013632875803196916,0.010390143138702127
0.1001985581938552,0.0378276617288899,0.01856916672332326,0.009324300109978539,0.150143050624861,0.009420283276946158,0.09949860410089167,0.0032809661988661832,0.0030405387031301827,0.004284606601827584,0.003609110858143106,0.002066740655987864,0.005309910384297571,0.02726554130865023,0.025339096030077984,0.15219395737518995,0.0013192972264146287,0.00343184837656989,0.0010031992392161722,0.0015881682785109986,0.004555572299131851,0.0015242705247773068,0.001551218951626282,0.008147303932443985,0.00792922356869047,0.026786706986512355,0.17140721442431237,0.001992354328002463,0.00867927300446779,0.021799176482691484,0.002193581337975505,0.0022720426100348782,0.0012436830516600345,0.015386237492092001,0.002222005930700694,0.001557650024525574,0.0023604691959725507,9.505836829750345e-4,0.0027732516619210657,0.0018509307393671473,0.0033662516814211506,6.218582416666136e-4,0.002354537627075997,0.002071473772212601,0.0025896598555732835,8.179037405482398e-4,0.0020563630758307612,0.003052156635459397,0.002574409159943958,8.897753970780747e-4,0.001993075747644681,0.00103959151340689,0.0032317987472665686,0.004062267340745862,0.01344718056757315,0.009934340671043772
0.10227301312167841,0.03705681594489239,0.019292817438210583,0.009786367119191963,0.156953136690592,0.010519788855821874,0.09152784323663042,0.003636704123489465,0.0032341048012431623,0.004026331300645479,0.0040217885658354584,0.0026495287243053986,0.005071902832377906,0.0250400926735449,0.023820569660600425,0.14434451687125685,0.0017952011734852344,0.0036289700633922546,9.084796885443878e-4,0.0018531724536342148,0.004025103373456414,0.0014285504281465024,0.0012860775480680667,0.008378376794825372,0.008713184003562201,0.01781643915183485,0.18197465121065098,0.002245896669149744,0.011072268327925088,0.02125415553865786,0.0020547087994599983,0.0019537573332792076,0.0013552680380834491,0.02038151160461835,0.0021952679427847534,0.001544398534352165,0.0026380485022578833,8.980747375255091e-4,0.0026471800701086514,0.0016310878857497572,0.0034826708268284406,7.128163573998935e-4,0.0023947042952747596,0.002131801330649183,0.0028690011237177742,9.19505040404537e-4,0.0022258412966819057,0.0025656834199719067,0.0024741008131364556,7.191975804234225e-4,0.002221912927436221,0.001131305395848666,0.0034722836252651487,0.004128142329709597,0.013161605777101982,0.008454276026280579
0.09314610990749221,0.0353541478725612,0.019138411047078457,0.009695072524609568,0.1505985617556651,0.00915947570117553,0.09685945773158872,0.0038586213136523034,0.0030909284721146314,0.004184274500808775,0.0038131842351087917,0.0022764911439862065,0.00595312915158045,0.023986843380158746,0.023191034187655304,0.15957731773528944,0.00153895542713779,0.003676681686184689,0.0010465418830329757,0.0016399114600935043,0.004985113986455332,0.001455243912860934,0.0011848878193105243,0.010903536773579203,0.007699510191672546,0.024841851522337515,0.17815169893199856,0.0024190703397086737,0.010606624779872564,0.021053173188273124,0.0020672862326881892,0.002327371657766825,0.0010991230865699945,0.01335840418421473,0.002084125129105157,0.0014208586497559536,0.0024309622648909564,9.709133167936477e-4,0.002637905727976707,0.0015595392069126532,0.0031024377868779625,5.531114128077844e-4,0.002384719062887683,0.0018638308607247178,0.002224098403904854,8.87915569067656e-4,0.002079837598929799,0.002736303746740828,0.0026255375095319564,7.601047674593082e-4,0.0019488557555869383,0.0010376087905769119,0.0032553303908792203,0.004099213493422951,0.015733453046303615,0.009665289784579575
0.09083668586580786,0.03463661886218064,0.01706549376717237,0.00953223254349958,0.14896061555525883,0.009342768016404254,0.10330840899174737,0.00351073190694708,0.003151883952361888,0.0036055166520993515,0.004550551510421955,0.00210469535969036,0.004605761736333268,0.027289561834685096,0.02271490284281649,0.1528859082718939,0.0013348369822561012,0.00388883129614982,8.400094685028254e-4,0.0017819489322967931,0.004368716527767559,0.0014410417891676562,0.0013984237540751298,0.008430887294293192,0.0074913820342117,0.021667738258624208,0.1839908711408975,0.002084153392814478,0.010579684373405708,0.02054404637617205,0.0022161896016635657,0.0021693127741785746,9.790942912277386e-4,0.021352000455203628,0.0021469161848266904,0.0014664635947145121,0.0023372334889388293,9.496041415524212e-4,0.0030567811325981414,0.0017242012917227211,0.003235861618545356,6.790577348199492e-4,0.0022722146081078157,0.002019896139805837,0.0023910439329341343,7.964318743025275e-4,0.0020720483675178165,0.0025829348160142395,0.002758386521575153,6.129726995325331e-4,0.0021375249592532042,9.95881840628132e-4,0.002885415008244058,0.004137890044075737,0.014620257890353903,0.009459475697707853
0.10649774055171361,0.03430267477969935,0.020411936651498146,0.009450603150387584,0.16006152052375566,0.00943274794015181,0.09090221937526721,0.0031263863856041824,0.0030547582501155384,0.003353365583106482,0.0032245172159605135,0.0020872443116007285,0.005341910479118177,0.022076698377878293,0.024428071595977513,0.14685675988431732,0.0015069862086829046,0.0038850102612019333,8.438797107858104e-4,0.001618971328017778,0.0036426565548576977,0.0014881123237908001,0.0014097293758945082,0.007845358537451982,0.007724749527720266,0.027851543383536674,0.17909191172354297,0.00227418758748791,0.010237494032342299,0.01979224728150325,0.002151795292982719,0.0025399290923579956,0.0010804843291538214,0.015379098167785961,0.002164842262753336,0.0015229224700498676,0.0023541170901662076,9.262052210632191e-4,0.002345270779757804,0.0016028802122960823,0.0030667063562853417,6.040050514227957e-4,0.002515691179061517,0.0019890259792744607,0.002610341838049477,8.89418411820385e-4,0.0018744845971750772,0.0027129414096642894,0.0025679962924507766,6.569002382227587e-4,0.002063701417128558,0.0011655453979555117,0.0030379440537428603,0.0038409259491716872,0.01484594902645416,0.009668884990784419
0.10393645368423271,0.03407899702488847,0.01792720940989483,0.00903178795029531,0.1482437972589837,0.010076460742631079,0.10540015587098173,0.0035250374995650265,0.0031498494916531073,0.003869036629347397,0.0033747875196926723,0.002359330578114748,0.004859266266649638,0.023222267338829716,0.025552385985229412,0.1500872820003002,0.001534052171111288,0.0038443202498720914,0.001149996754306865,0.0015957580087186864,0.0038040816966336552,0.001604501226735102,0.001386631117711889,0.008920269810456042,0.007807557648733373,0.021562632534682595,0.17109842052362947,0.002035317207249758,0.00921266041797411,0.024135183326605643,0.002104834242120979,0.002458501081224672,0.0013775789609806824,0.020369216625119316,0.0022754186083769265,0.0014065254288884999,0.002634616291279229,8.493121657046602e-4,0.0026830408063666738,0.0014716895389679898,0.003590980301834397,7.742928914278731e-4,0.0026694116548224853,0.0021749636367938254,0.0023855007541438724,9.790977412650057e-4,0.00198164398471596,0.003047831509494956,0.0026709373730483183,8.946098493927424e-4,0.0023193681484578624,0.0010911449573553405,0.00349057882067144,0.004019053104085887,0.013155174955954545,0.0087391886217956
0.09727025138825311,0.037359039219989745,0.01925034570616547,0.009616472317837282,0.15673413238713255,0.008923475414818732,0.09639183058327883,0.0035309832681210684,0.0030597129984596782,0.0038181184855598355,0.004499333950180601,0.0020276432016505764,0.006682490909647274,0.023283146959439657,0.023274881635667172,0.15679300030584697,0.001729517391953713,0.004052949540015855,0.0011564788456707642,0.0016449750575150612,0.005011595274658126,0.001841400110762241,0.001211577465064775,0.008140540057022649,0.008130040161310633,0.02325751125860412,0.1672358901503324,0.0023632324480703727,0.010398429651789028,0.019623226599130114,0.0018625276112525329,0.0025775132938478384,0.0014064681031513194,0.017958349581693244,0.00225288928386095,0.0016533861580523646,0.002853140259278495,7.330431158903858e-4,0.0031149418119767094,0.0015195881600269154,0.003421164930214687,7.536369731385044e-4,0.0023718382816704927,0.002052776481251184,0.0031297238816828045,5.791110355173291e-4,0.001954418923925291,0.002762232578619303,0.003174985447847173,5.933620613008197e-4,0.0020061802658705593,0.0011140769900530377,0.0032104901508317324,0.004407679667026332,0.014011618505422117,0.01021263370264956
0.0970390999628475,0.03504311134622511,0.018182083555758326,0.009007034230401603,0.1603418584667285,0.009369008137734084,0.09783469682182024,0.003392442259671262,0.003266100298031693,0.003954001688789512,0.004024610781364552,0.001957594649972065,0.005413694439989191,0.022404421886941982,0.02610725566810549,0.16995541587564128,0.0017593682361313927,0.003260496971892927,0.0010289966986680432,0.001709115389283265,0.0038427773013690286,0.001666119275351269,9.118907985272798e-4,0.00880698318910049,0.007098039690915766,0.01871166712554007,0.16063962953579305,0.0021544783427674247,0.010118083301837662,0.021612175692080973,0.002157499243366093,0.0025243516037119274,0.0013807544112755714,0.013697558714483677,0.00253219303357368,0.0017362309277105944,0.0023502050793803055,9.461435867144055e-4,0.002934032089982435,0.0014971611419802681,0.0031365090853985402,7.936634278114104e-4,0.0023600843350719005,0.0020132813790238006,0.003087208191789278,7.650915681086726e-4,0.002349089675237422,0.0031822868635459642,0.002500724024315443,6.918970862843037e-4,0.002048320297170549,9.804584030075631e-4,0.0036666426642664226,0.003615679685667664,0.016713351001318655,0.009727330860522496
0.10275773407052104,0.036608950516879395,0.018389094378019954,0.009230726875675176,0.15034033349633102,0.009441530740062681,0.09478246673634443,0.003428357094321006,0.003057041591731196,0.0034110594285425375,0.003961168448957783,0.0023140829749109895,0.00553278841436256,0.02386753039174913,0.03154234030711955,0.1678550529812177,0.001543550547613166,0.0033714175068147592,9.81526149462013e-4,0.0016997143831356109,0.003945173938178788,0.0015896254808561027,0.0015608277388465194,0.008051339791932326,0.00858891383013129,0.024910323943831292,0.15478754843777887,0.0019428011291374341,0.009145144374883523,0.023000243856942465,0.0023101230699738916,0.0026311499240156944,0.0011237133558627541,0.01638066775024238,0.0021498705115047686,0.00154312810167116,0.0023258934543512804,0.0011080466923013201,0.002999509103635568,0.0015363721812487944,0.003812392622291484,7.428377175754985e-4,0.0023938924331216487,0.0021985356130146028,0.0022341138950199005,9.792160971669954e-4,0.002204033027255072,0.002538571981371526,0.002502790686246445,8.662662159618744e-4,0.0021219517121584502,0.0010634683116159149,0.002944519766467947,0.003940017082667416,0.013979763021278183,0.009730746115689096
