i2_health,age,household_size,cantril_ladder,r1_1,r1_2,week_number,hl_covid_num,vl_num,region_Islands,region_North east,region_North west,region_South,gender_Male,i9_health_Not sure,i9_health_Yes,employment_status_Full time student,employment_status_Not working,employment_status_Other,employment_status_Part time employment,employment_status_Retired,employment_status_Unemployed,i11_health_Not sure,i11_health_Somewhat unwilling,i11_health_Somewhat willing,i11_health_Very unwilling,i11_health_Very willing,WCRex1_Somewhat badly,WCRex1_Somewhat well,WCRex1_Very badly,WCRex1_Very well,WCRex2_A lot of confidence,WCRex2_Don't know,WCRex2_No confidence at all,WCRex2_Not very much confidence,PHQ4_1_Nearly every day,PHQ4_1_Not at all,PHQ4_1_Prefer not to say,PHQ4_1_Several days,PHQ4_2_Nearly every day,PHQ4_2_Not at all,PHQ4_2_Prefer not to say,PHQ4_2_Several days,PHQ4_3_Nearly every day,PHQ4_3_Not at all,PHQ4_3_Prefer not to say,PHQ4_3_Several days,PHQ4_4_Nearly every day,PHQ4_4_Not at all,PHQ4_4_Prefer not to say,PHQ4_4_Several days,d1_comorbidities_Prefer_not_to_say,d1_comorbidities_Yes,vaccination_status_1,vaccination_status_2,vaccination_status_3
0.033224928172726785,0.06734553929095692,0.054456080739440575,0.01769138918529236,0.05700211268485761,0.014955202619364064,0.057142928233072474,0.004958797327758347,0.0034154057831074346,0.0013846295964284004,0.0030136041050348047,8.480510548950259e-4,0.00248765578107281,0.04570158989463244,0.0048532195288085245,0.15343596875179127,0.0012476856658419522,0.004834481370812337,5.426512028981917e-4,0.002352109467499228,0.0029488357619060265,8.58741732529539e-4,6.721595181138237e-4,0.0015576269437352225,0.01440767994840834,0.01988041641264054,0.25009052223866024,1.2635054960982513e-4,0.009445754026881649,0.013411548871374076,0.0025536417910170866,0.009291105307741365,0.0042636592104748974,0.0025247083618261195,0.002442390012481102,0.004708034840137292,0.017426473208530614,1.1727888035464701e-4,0.011991768583595566,0.003470149767689155,0.010152055691564913,5.525494361479848e-4,0.007316401167844457,0.004246837470600961,5.780838886771061e-4,4.1142907083147116e-4,0.0074718525129127316,0.010187587218393112,0.003997455096890293,2.266858118696069e-4,0.004169461402518925,2.724514627761092e-4,0.007631335291518978,0.014359024526702839,0.024458263405348363,8.856501214034685e-4
0.029602056989959408,0.07004063651149865,0.0563552829130559,0.018161664110874273,0.06454066100027321,0.015939429743391832,0.040962490185251055,0.003936995590932375,0.0023166407836450503,3.165145576539292e-4,0.002223083472531971,0.0030613663209369275,0.00307996841608494,0.04568672945427377,0.0038561103893970834,0.15286406063768462,8.48600815923469e-4,0.0041595413585064295,0.00124270761634747,0.0034348900440712136,0.0021743159456177118,9.150542746000714e-4,0.0012323086153101612,0.0010690691275142496,0.010310455181615337,0.014618834489486022,0.25605598709906213,9.10660770200572e-4,0.011437872838083346,0.011073838263973512,0.003334848248205047,0.009675625747212549,0.0027104050793908562,0.0035347086878272037,0.002900313836523831,0.00526029211240218,0.017182126427539964,5.90835672100015e-4,0.014625018733218144,0.0019327508560714668,0.011640036027157585,4.246048189968793e-4,0.0062318368928810765,0.005344062963750077,0.001200946502177322,8.278041662858831e-4,0.007936268202285388,0.010755446636423124,0.005639602462781365,0,0.005393749697033325,3.917858494235369e-4,0.005982309555718798,0.01356491998242373,0.028700217715702137,0.0017916556087118176
0.030997585601247716,0.06755949867516535,0.062044634329893926,0.015170861743851028,0.05732157196537082,0.017745614921373856,0.0512761494830141,0.004436791218825281,0.0034254364827230994,0.0010959070611272555,0.0018918145268793367,0.0013639641325816413,0.0028716900550299373,0.04481094959357832,0.003979140153066544,0.14908072578306947,0.001314733943661297,0.004752412612769992,0.0010768086669060582,0.0012571777630088028,0.0026407896772166085,7.530053645899653e-4,5.836554165152646e-4,0.0017201624741030354,0.0132318088079257,0.01788681750570428,0.25278373192337683,0.0011267915633370591,0.007611073701640621,0.013558262954577028,0.0017961580958631078,0.008591591480815107,0.0038117086070186333,0.004081604578552677,8.195851275891447e-4,0.0073826073750377875,0.015246112897798045,5.12557181506849e-4,0.012169824915867095,0.0022475053475673624,0.015492455805084439,4.3758948985942494e-4,0.008479984108714327,0.005835237149703527,0.0015461961797732604,9.889278380916275e-4,0.0052989642255950225,0.00956025923867094,0.004152641015829079,0,0.004043454333267007,1.6542810254756136e-4,0.008921500955790503,0.01337717488918489,0.029009605786351603,6.617571717907312e-4
0.03205217895064779,0.07527470720693338,0.05670526550289957,0.016685858449742224,0.05758783065957422,0.014107557426996811,0.05057843938940965,0.0035752352942636373,0.004641024609868501,0.0012001740284280462,0.0043160495982656555,0.003027613002882235,0.003400220489290222,0.04756773191715371,0.005208401069993437,0.13045515694391704,0.0012288341291579216,0.004315036970760853,0.0012623218884553445,0.002043377370373432,0.002491278743171424,0.0017372351226079487,3.6081937358490044e-4,0.0015267408460470017,0.011554790572828188,0.016437138278114962,0.26229373893203195,1.7219663577070993e-4,0.007123021765259221,0.014503948967927852,0.0029546652937370186,0.008497642752149204,0.002729010047923604,0.001694181115694094,0.0017076440980920446,0.004463305763095666,0.018895210408904746,2.8639609641182895e-4,0.01748683502076134,0.002136490373216012,0.015135243799733515,4.820555670054137e-4,0.006886479867209191,0.00535307444542221,2.618670762199552e-4,7.114991570219736e-5,0.00718742106701273,0.011694865876005968,0.006027834295775559,0,0.0044177221138597764,0,0.009062529345271507,0.013314680062896144,0.025136569497955768,6.832019635866518e-4
0.031251080284909825,0.06440961761684706,0.05643788037208257,0.015796954499568923,0.057489623309838686,0.020888002526721468,0.05023899938273512,0.004442190078535731,0.003063522277612759,2.860913455951624e-4,0.0029963886378991515,0.0020424092986836674,0.0027585778665717765,0.04436536819843024,0.00336862776504193,0.12443026579344368,0.0012028854111185425,0.0045285297488624355,0.0012395185892424565,0.0034784468748136456,6.338178668474627e-4,6.905465171356137e-4,9.249740027466216e-4,5.891390480870039e-4,0.01139231089546249,0.011887791861808517,0.29652941520348897,8.034506146015645e-4,0.008749172318762582,0.01218489850935709,0.0030946454618823185,0.009017244322572792,0.0025250877592085347,0.0015618857176256102,0.0025087549769472303,0.005554281909521867,0.018744891405338575,8.681588505758149e-5,0.01236656723016261,0.001039363683431705,0.012047111631332107,2.4099742571232133e-4,0.007922331095277053,0.0056119817890899985,0.0018772971404530864,3.378932223717353e-4,0.008345640752189172,0.012497986479121091,0.0037633369347429466,0,0.0066078196335497595,9.027221175956583e-4,0.007788468210731326,0.011237597592577702,0.0244014415997551,8.173393068993532e-4
0.03009903472030651,0.06629264233065761,0.061370152072791846,0.017327309280715193,0.06074424881446241,0.01734558055347144,0.04384808904407726,0.0029801755841652134,0.0036238784235043888,5.94146993362744e-4,0.00306944774980889,0.0023214077904472577,0.0024483815546915357,0.04828386819715836,0.006372924823896812,0.12638522061373206,5.986501220723122e-4,0.005180710597718838,0.0018319652507592535,0.0038504764939557763,0.0023377578711552332,0.0012664250851315822,7.878166368780272e-4,0.0019076818072188335,0.014503467479253131,0.01801924482394581,0.26339925168429246,0.0012583831854155669,0.009019966345236738,0.014270469538957296,0.0023000063448153927,0.008180182683148797,0.0030717138764209525,0.005985377504619414,0.0035394907410260476,0.006666281525264071,0.01605989248021515,4.0748205207639585e-4,0.013016628523919539,0.002362112804740747,0.015291867062383377,2.0465921768106322e-4,0.01044153538260987,0.005394270460831811,8.864288804530851e-4,3.023718500276304e-4,0.0064880435998284905,0.009387810217977507,0.001615178551019809,0,0.0051290538540299515,2.4178223015735954e-4,0.008290357472993032,0.016001151925048397,0.024957730559699843,0.0024398147297718708
0.028239107568617385,0.06572949007896495,0.054540392030101546,0.013383006359761087,0.05527616018031473,0.014818265010312156,0.054942893522812085,0.0035198073717486833,0.003605477831551887,8.877614023195895e-4,0.0036388991170437962,0.0025821365303126905,0.003524461196274111,0.04507793914287374,0.004808132541755862,0.13839249886044813,0.0013853280648447597,0.0048352681158800054,9.904691521936823e-4,0.0018306716488504346,0.0023342010873198564,0.0018371851359871376,5.893957854339108e-4,0.004056813099340142,0.01259560273627133,0.011972434328252042,0.2811283741091125,7.072384759012908e-4,0.00943251021577547,0.01307855665524385,0.0030802239838552325,0.009471841073291281,0.0028325614218576776,0.002441134668237498,0.0018204770803239908,0.007050040462248584,0.014789034124077517,3.157359095066603e-4,0.013790488549285712,0.001587256626895641,0.010633111907048761,8.004016899248338e-4,0.006639454223282191,0.004376635924791766,0.002492240351947799,8.056249538726035e-4,0.007355106567365216,0.01075603298482668,0.003600935813996495,1.874258819994181e-4,0.00678888232654385,8.599782420000334e-5,0.006702214152631772,0.01302861200930489,0.027663060061893407,0.001164992071171671
0.03089129715743584,0.06689048072471024,0.05570411892332395,0.01855706014662213,0.058101091959384676,0.015946201574342834,0.054187367751526945,0.0031142338637130096,0.0042320317828754925,9.544621599095118e-5,0.003898818462119982,0.0032105368560583526,0.003635381459233481,0.04693012815683483,0.002747040772064107,0.12471151509735982,0.0012621152608703042,0.004044368895604542,0.0023778746441531487,0.0017167763853550486,0.0016137229085314239,9.366163643576326e-4,0.00039480861343697496,0.0010641102522409081,0.014354762060454499,0.015040420105041905,0.27793676187513927,0,0.008306526478700659,0.01182400348467757,0.0023360145762652247,0.009067735761365289,0.003697475767346169,0.0026544084408815743,0.0026430723125279746,0.0069824192947854245,0.019665549742997876,9.766243355504361e-4,0.014361742128916593,0.0019446127812482216,0.013581085048534555,5.634018906288962e-4,0.007074277925707026,0.005131852116331872,0.003703773119657762,0.001327213609464468,0.006969783010200223,0.011279352480305968,0.004691635222361333,1.9844886354649456e-4,0.0035107289805286403,6.775822547069496e-4,0.008117770440815448,0.011515425620771269,0.02286702261443337,7.353734279604271e-4
0.034862852259358805,0.0624644862878099,0.05939648163926099,0.01905063181805724,0.054816434314905425,0.01620551184532318,0.04365443565782391,0.0031982848320148997,0.004693772328867318,0.0011618008529576803,0.0036022792712052084,0.0015022786098794583,0.0019443363797875585,0.04745112001119043,0.004304189133832956,0.11746943396767479,0.001289840641423128,0.004117397662180825,6.851865528664367e-4,0.0018993906473664705,0.0021680606416052198,0.0020138922801732724,5.744917815264614e-4,1.9262641449251824e-4,0.009977166075832414,0.01711105054399745,0.29162243359301254,0.0013283130848169018,0.013226767735445078,0.014972170350242552,0.0022768583060886775,0.009808587819338256,0.0032485752241271687,0.0018699354340915558,0.001903165636493742,0.005595246208109651,0.01949990881340517,7.029460790428427e-4,0.01066829780374006,0.0036127262034126827,0.015136319082297657,9.413796223080229e-4,0.005769009481536019,0.005211234320514418,8.927591271819331e-4,0,0.0064946056077669675,0.010294377587001352,0.0049408107292655086,0,0.0049985546394300685,6.417933462763408e-4,0.007791292450211428,0.013033804159942592,0.02699322513096096,7.174699725258949e-4
0.03288654318231884,0.0680851035225787,0.06118494253356442,0.013416954057271058,0.05839826313224549,0.016735544053816834,0.05105258723542188,0.005978523825603146,0.005065462466576098,4.907959257853606e-4,0.002366810718853078,0.0018452628579978534,0.001685899399398728,0.04351744271073167,0.006172525287421926,0.1204510650281411,0.0012667684769366657,0.006156079282811947,0.0014445522178437023,0.002251103951915607,0.002492643840488624,7.857563662742043e-4,6.501353245141925e-4,0.0027401086146562176,0.011870703960475291,0.019566448005347476,0.2788296297580466,0.0014723697609603172,0.008174909931080034,0.01065977502165544,0.0015326415604909344,0.008155069090174409,0.003969285197662537,0.001842510568475215,0.0035868258505851354,0.006378070013646215,0.015591598706116948,5.13754287325238e-4,0.011595281160915245,0.002792589463296738,0.012556705367844504,1.602491126871368e-4,0.008087897581204949,0.003983894898238355,0.0018624663494247076,8.60314754295518e-5,0.00616664874962358,0.009231366748723102,0.00609368827622253,0,0.006515420629399655,6.460194332905774e-4,0.01033738826750485,0.013507448360697259,0.025996254265961145,0.0011161841343269945
0.03115032490690601,0.07540722192430355,0.05192420394171061,0.018418282993592806,0.05699226760921841,0.01437269605838824,0.04804025146317966,0.0047535615219526164,0.00447991557274861,7.550487746368152e-4,0.004200833360194666,0.0017516030578747367,0.002826751950736657,0.04488773545966586,0.003521227175832507,0.1592555343197693,0.001285014951625645,0.004185321134049936,4.372218306846843e-4,0.002132205970680757,0.0017089707979053932,3.066367046574481e-4,6.678359826368691e-4,0.004712672915264903,0.011877009761112759,0.01290527105376282,0.2545770401164792,0.0010529867275605816,0.007720957443375806,0.014721920629983645,0.0018577782932890968,0.006346994263173624,0.00429784799657966,0.0029724530751323412,0.002491023317166352,0.008259713098216447,0.01740548097498834,3.855972429579015e-4,0.011663647494355318,0.0020592911584143532,0.01233037102642675,9.455500995368549e-5,0.007876066010314708,0.00587185370818889,0.0012046643636624591,7.642745367019692e-4,0.007589781399311246,0.010929978814469478,0.004631575405989572,0,0.004249085960530982,0,0.008010935919777515,0.012358805390694751,0.02352971808216067,0.0017899813470524041
0.03473298418642954,0.06691271089004186,0.057706049088059784,0.01602239781766471,0.06111292815202112,0.015160573979450146,0.04948804861065638,0.0039771763741295926,0.004868825202086968,6.395001184917087e-4,0.0037099247052689334,0.0018644246754475735,0.0023907138697537448,0.04527583233542695,0.0034346476028658296,0.11156855510783698,0.00116830587837981,0.005355764595625026,0.001815804997447392,0.0018809652599345661,0.0028992535817141513,0.001998454758801367,0.0014539950791400882,0.0033804449653564326,0.011057531855937403,0.01837265192846088,0.27974004130944213,0.0014276104503698345,0.011107893732462399,0.01248664270261964,0.0017456632244933898,0.008790611662675437,0.003263749134706492,0.003681445476153998,0.0014084996985464285,0.00534744007900899,0.012728775468616865,0,0.017942763819844724,0.0033220739565617374,0.014381418423465958,0.001783067626843768,0.005763288716471958,0.00525813174501308,5.133900198222796e-4,0,0.006513194808203924,0.01085166127116545,0.004024396633145774,6.519902046117896e-5,0.0067371167884773065,5.342134807152885e-4,0.008828393484771218,0.01462369880654417,0.02796911157561714,9.12041267350499e-4
0.034016449488995015,0.06830320821610802,0.05685680316882294,0.013753667089122429,0.05865087809591006,0.019210018867385062,0.049775061984311385,0.005204381204792402,0.004330665323434851,0.001622590254853306,0.0026841634161679302,0.0020069259617238777,0.0023420679003485845,0.04497794016240415,0.004232189414490937,0.13336196913769865,2.386704331153075e-4,0.004122338313967456,5.596611862596308e-4,0.002465777136166772,0.003988826870191259,4.7132342716715245e-4,1.1237541848320212e-4,0.0031738206751143615,0.011474986171195614,0.01348546958439309,0.2615267543624528,0.0015026794235228733,0.009029554720914873,0.011013043111609248,0.002958110653567496,0.011686658446196726,0.004972180745586034,0.0038682486427375614,0.00241377409051515,0.006253263253481656,0.018876026230911936,1.0998592460885625e-4,0.015640195250482485,0.002241451030668555,0.010855056180763576,4.129639512487679e-4,0.006564198504578947,0.003953764179240858,0.0016719117489089681,0,0.00728091105889456,0.009801048990120834,0.004633852795950817,0,0.006087807009333676,9.163063403051939e-4,0.009991546857360095,0.013945001733018308,0.02958865639678525,7.82819463610431e-4
0.032915451822849245,0.06677425890334276,0.059717490889111144,0.020068953669992073,0.054466405695375066,0.014991895144425397,0.05463617887219965,0.005734927317958941,0.004927972247892979,8.138035517117969e-4,0.002567722691063261,0.002513855112362206,0.0029869873100415428,0.04843332759297773,0.003586957503864226,0.1384772919497265,0.0018761058148051629,0.004439756438765229,9.746627318996909e-4,0.002025086866418718,0.003426246241128329,7.461969986681215e-4,8.076031514740793e-4,0.0014450394355192497,0.008162997791912825,0.014420898628769973,0.2665492505151887,0.0028665365811047843,0.007150253658136173,0.013027251124784702,0.0021838448704132574,0.007333063527403081,0.0036568958686684174,0.004459230516860883,0.002355579243289776,0.004750802858298084,0.015558093896011139,3.2590489483643115e-4,0.016423073881274914,6.487741085499302e-4,0.013803329603169096,4.3098230048893663e-4,0.0047181156526851335,0.0033892227693603223,7.612249922474629e-4,8.95339744637022e-4,0.006098108261124761,0.010955073328650096,0.0038404572878562434,0,0.004367274279313201,5.313776567208702e-4,0.00816290980115564,0.011676578488033528,0.029849556306717442,0.001293819608764085
0.031090570915983357,0.06686931801377716,0.058914759818664814,0.017091249738554068,0.06008091308996822,0.02072063764569273,0.045729362853575824,0.003743063759969569,0.002705545204330362,2.526086519216016e-4,0.002334738343279753,9.009243966358793e-4,0.0033500411358586817,0.050651369584231956,0.004745351801025033,0.11470807303580578,8.863196700753133e-4,0.007537875761570413,0.001129652541355442,0.0021639024552928504,0.003088485400884445,0.001150744533366832,8.479412902438887e-4,2.0286250346521998e-4,0.013238221423472706,0.011328769976675744,0.2878675569932694,0.00103690309991334,0.007692031894135855,0.012321789857236034,0.001898973344575959,0.009953384217956092,0.0035276959661905663,0.0021441863293958684,0.002173178636994655,0.005395765778805099,0.017661939797750117,7.533375177118885e-4,0.014531932047801215,0.0023479792928301894,0.009317707717706321,0,0.00861810265896868,0.005665580377303101,0.0014758544656566402,2.4397915135718876e-4,0.008800160215031206,0.009587433853754058,0.0050914705339546095,0,0.004278696791822418,7.960687199098463e-4,0.007901735570147289,0.014486168084670719,0.027545650439852475,0.0014214330996215252
0.029272323292731786,0.07128691106503568,0.05549581059270791,0.015033336144436133,0.05548665143619703,0.014529857821495332,0.05203972758203276,0.005028541001722238,0.004734613022497729,0.0013153184093190476,0.004520749726051416,0.0016361896954851108,0.001820206087441017,0.042051040267215345,0.0031215247196523955,0.1565617647105731,5.405412649686833e-4,0.004088748009349472,0.0012684201188227523,0.0016307041601558968,0.001792424961059966,0.0017705315871469052,9.48288946374798e-4,6.454926489529246e-4,0.012789792188616447,0.011048175114218697,0.26596810800275544,3.4091161267744546e-4,0.007286794026912733,0.019651467995084396,0.001761688051450301,0.009921390120660805,0.0024948797607259876,0.0018363625687987616,0.002262311658188577,0.005337075957808677,0.017911871805438302,1.6584392537539268e-4,0.013921982615903395,0.002184289965013288,0.011346166739912705,2.462523158020654e-4,0.006694934583651235,0.003299273702622916,0.001445010989895674,0,0.00709369698485065,0.011644672474312142,0.004712873243118116,0,0.0051571174012531255,4.624206696754178e-4,0.004934516535665185,0.014664933503064697,0.025290742792647192,0.0015047254224748192
0.03731254122753983,0.07004747425429451,0.06559613418148695,0.017182280183079116,0.06466085922101285,0.01233540599089611,0.04651292791480533,0.0037031435800247794,0.0041825647303712086,7.930294854246977e-4,0.0031256699899177695,0.001877242714573426,0.0023940330120167685,0.04852702616143677,0.005983593156349656,0.1280897479196129,7.625774880489326e-4,0.004395172234679162,0.0014112845040176328,0.0013203155556689757,0.0031206103692565405,0.0010476290754178141,0.0013932406748393895,0.0027637264359943623,0.009966924276837482,0.023333163498270297,0.24823266283199041,6.999911317631529e-4,0.006170805641814156,0.01649542560386204,0.003091387523982435,0.007207153838634017,0.005103131015377902,0.0035048078442492265,0.002341316581271564,0.008680974273625965,0.02084720756071918,8.359710510548428e-4,0.010869457526043637,0.0019844681762109977,0.013480783942326553,5.064962821037769e-4,0.007940977599830448,0.004868477587383526,0.0010410217293661032,0,0.00685683362818866,0.011639692746927702,0.004995992800210112,1.27968548744071e-4,0.005081051362386151,3.711477191923175e-4,0.006813158225305596,0.01531124635903046,0.022426546754499104,6.355262780326415e-4
0.03287135619932812,0.07146921269539114,0.05311553230898719,0.014642053594086246,0.05297575743479233,0.01780352729620512,0.05309150066074138,0.004516044212876407,0.004524089159891506,0.001750307395971599,0.0029622220441346474,0.0026457197270600493,0.0029585689281142295,0.0411743015785089,0.0029955412716307283,0.1405985836683885,8.063047804937265e-4,0.00510037457642603,9.193756766112597e-4,0.002664552185668542,0.003113390858092541,9.137645113152142e-4,8.77754997531324e-4,3.3072687055843756e-4,0.01460584155875095,0.011411347979173259,0.2815095205759623,3.388291816324992e-4,0.01132765634582446,0.011672357572787376,5.74852991375199e-4,0.008829978736357392,0.0037418013669925656,0.002478833558715902,0.002227353160972863,0.0048237583220233395,0.018757108771930032,7.583291353750057e-5,0.013356688629680669,0.0019416379837594877,0.011160806772283653,7.793292962512447e-4,0.007772555301161101,0.004703233678167034,0.0011266371642371926,4.567650272736144e-4,0.006245652815269152,0.011250397215174629,0.0035486905897651605,0,0.00602765052556589,2.3328589054510816e-4,0.006481349715223626,0.01497146410297266,0.021744603050873428,0.0010036165729555375
0.035612747169963516,0.06652542935078179,0.05874814615576142,0.01272797360200287,0.05536928726129902,0.013981326502729957,0.046324285379937186,0.0034888644829097785,0.004137888567387472,9.523787642783498e-4,0.004159186948679462,0.002890095709056807,0.0023012476795841426,0.04790858277775842,0.0035166064282593744,0.1190125923224767,0.001075290865265379,0.006459897759058144,0.0015451231764220675,0.002971997963001928,0.002360014452924837,0.0017735441328239105,3.478315615162186e-4,9.919786495006788e-4,0.01402518019220375,0.015186110877835968,0.29221793755246284,6.24485670324536e-4,0.01205112028558601,0.0104361070769726,0.003195810980988908,0.007644517798381336,0.0025199649744875314,0.002558992055635706,0.0015797769727143541,0.004761293017593408,0.019275280378575156,1.8388144372428377e-4,0.013043299014087456,0.002311669018223597,0.01050718329990844,5.172127189267437e-4,0.005924147182253977,0.004059155610158204,0.0020376492073525916,0,0.008427973206407575,0.010967769013890244,0.004653622628815053,0,0.005350317433992529,2.637399445221797e-4,0.009725109060463142,0.01494511645824533,0.024512602715107124,0.0013106565467800105
0.03055560437774714,0.07270436816210253,0.059615958410869,0.01654430899028072,0.05448789826321364,0.0192064451772312,0.05331623704934105,0.005221440482402064,0.004902196615147656,6.123708997504021e-4,0.0018368417965530818,0.001715637663905991,0.002698706191453354,0.04866520189421873,0.00443220618853736,0.16903894828476257,6.368977098104844e-4,0.005864772568051046,7.861174757614242e-4,0.0017320869298377462,0.002599687113131966,9.888420743785359e-4,0.0012998903319434414,0.006670741852141138,0.01142479600027219,0.020503160531806862,0.21928461421558426,0.002681230459587828,0.006942663013664854,0.011813847215422233,0.0017228953990995116,0.007530586001582212,0.00361811151417983,0.002506629359422102,0.0026378398160692294,0.00582021625958383,0.01889206234245639,3.581808749243113e-4,0.011606242986886294,0.002384926589980128,0.013112169388747406,3.194560189513271e-4,0.00792454423560704,0.004296411068628777,0.0011816152396192793,4.897174630284902e-4,0.005721540275838306,0.010785647324044296,0.005632135059193314,0,0.0050228274958194355,3.735552934023577e-4,0.007864553630543043,0.015997830113909164,0.024735328155510758,6.812601540626913e-4
0.032641096250960254,0.06842816578992159,0.05689748079260204,0.016490220434101394,0.06118627253215728,0.013499946113785102,0.05352117845841766,0.003584605263444216,0.002799081576976786,2.34497222621213e-5,0.0023550759989694227,0.001029758881120277,0.003393024621021812,0.04854854643582712,0.003371149042146127,0.1337394267177373,0.001226357981949464,0.005236698641987301,8.034152792736594e-4,0.0014133833340718755,0.0011938019417146427,4.92382920280932e-4,8.342260260278481e-5,5.841442734873856e-4,0.011237441367206204,0.016018506432651403,0.27250374975555025,9.107578812980973e-4,0.010897840992326591,0.011938747653365677,0.0016128828162450157,0.008134509846036813,0.004275543493954753,0.0024704285263592047,7.827356477873059e-4,0.004582659059344957,0.016195575072657842,4.536206349377579e-4,0.013842281749288591,0.0022042061393004577,0.01269528592299554,6.313525902281573e-4,0.005991082714396816,0.0037930966456997854,0.002672898835400896,5.673012519386634e-5,0.00820941273268154,0.011769915306668276,0.006107181874607814,0,0.008539016124834778,7.358668268748709e-4,0.009636588806902309,0.012603057026880608,0.02519708805266051,7.578537388447652e-4
0.0308728554336943,0.06511132187209095,0.05520450932398598,0.01687467323743405,0.060852758832889584,0.016092603088625586,0.049599818805167825,0.004737364703696783,0.004289545169747406,0.0010173379651136618,0.0028064572829031515,0.001980231958473686,0.0037160019755909253,0.04778536319073449,0.004543667268510367,0.152872040432181,0.0017083285750497494,0.005335686703150281,3.55905006256397e-4,0.002001217371602074,0.0029409480704130552,0.0014364925944061943,7.915233320206725e-4,9.03569220608802e-4,0.01081078777401378,0.014084334296857706,0.25128087685072215,6.405141542003992e-4,0.0083941007988648,0.012822435328725519,0.0021445678801332835,0.00868062116739798,0.0043050092285191926,0.0023216456506297166,0.001445022790723411,0.005881438618922912,0.020063353986142486,1.6147606934652632e-4,0.015357879194545702,0.003164838320084334,0.010693597714304722,5.488862585330826e-4,0.005284612643470348,0.0038138358631155736,0.0027329462673900415,6.335759230471008e-4,0.007200372140418362,0.010752440114632708,0.00549290493659063,0,0.008832045485070151,3.0520466889496226e-4,0.0083729322408079,0.014990826801015662,0.024484061335386796,4.726340831450826e-4
0.03480066873090361,0.06824647996921175,0.052443287383526244,0.016542999662898086,0.06346673900231507,0.013143279040574997,0.04530475444086555,0.0038592651204184688,0.003968076178550687,9.247046514178354e-4,0.00314989006459696,0.0020525261805147783,0.003374245751706059,0.04424122076954262,0.0030710005962016184,0.1108389615976721,7.136849266502367e-4,0.004122391617746443,9.923115621116444e-4,0.0025560172340564923,0.0027099508132319614,7.570403813793018e-4,0.0010072626063976169,0.005889253849973457,0.009964736095750368,0.018384885597709368,0.2925524200600859,5.963855329661186e-4,0.009842213451093986,0.01106733649613212,0.0020114469765865695,0.00781773312035895,0.00395027478957647,0.0034373127458522676,0.001049774238917364,0.007509318115328077,0.017551231658598985,6.710516669521159e-5,0.013543768569072226,8.61880684870642e-4,0.012366883242796283,8.606964993059497e-4,0.006235855310548456,0.0053413722493466185,0.0011511678248859272,6.539412938207264e-4,0.00771992978955737,0.009926135580588046,0.005245413365935187,0,0.004510120128131053,4.4109857861334643e-4,0.009243849683675977,0.015516338612821456,0.029868824119726776,0.0025345382881885653
0.03061212073912299,0.06276628544520582,0.05586482567914189,0.01540751810605718,0.05924098373929934,0.01807740942888249,0.049844818991010176,0.0024900666047741543,0.004385092691404254,9.228208019793538e-4,0.002208820782599256,0.002209317005159069,0.002506454534602762,0.04150839145643649,0.004885475160448322,0.13621838570931402,0.001790300203184777,0.005764513198694064,9.605713602202383e-4,0.002578721889122054,0.0015118657470026239,0.0012297425458089254,9.811217837723863e-4,0.004535189228300742,0.011991813265372017,0.019435309878456063,0.27495217391573934,0.0017479866672522422,0.008242339422254353,0.01033516975466666,0.0018937967671544761,0.009589837177150104,0.002432697613450118,0.002196291387702455,0.002237129290787285,0.004567180750669123,0.020352602450979997,3.760620871635202e-4,0.011182606416542135,0.002983735910736622,0.013718819696732599,0,0.005518951352083982,0.0034813655581615102,7.605629356286978e-4,0,0.009553692937181984,0.011105918456157118,0.004383344226044044,0,0.006827738353590841,7.999984706097083e-4,0.009274721468406228,0.013652927273885252,0.02629021461928884,0.0016141990646092827
0.0324173787947575,0.0636355088243914,0.056029133516382494,0.017718773020596858,0.06803282673066154,0.01513681065290048,0.05083835381978624,0.0039107496508382945,0.0035380917927958708,0.001103481311516915,0.003179856253137473,0.0013414403974061988,0.0027928847279363915,0.04926288932170284,0.0050329407033636074,0.13586301168259643,0.0010672316410265845,0.00457290009731884,8.198879753136656e-4,0.001856801001203884,0.0020010975246212643,0.0020234110909610917,0.0014636551437645373,1.600851026658209e-4,0.012952134207043418,0.015321635441520503,0.2628565196149589,0.001090646545985222,0.008597623978141457,0.009390436577395996,0.0023043616558748,0.008853247716065129,0.002524948316254593,0.0029097212386390062,0.002012593729692094,0.007538932323428811,0.016765253488473394,2.023915272259226e-4,0.01402816795546514,0.002029411128525329,0.012093155727820304,1.9145374418214162e-4,0.006781391533636288,0.0050968996053168915,0.001478443480964022,4.711793938554789e-4,0.008083040004248435,0.01042275903242523,0.004739031895327709,0,0.004982598516229587,2.3393893396148185e-4,0.008131100062936285,0.011700946534486318,0.030256505116097964,0.002160330196175974
0.03355224676672782,0.0713194097007656,0.05547350986546548,0.015464805391651308,0.054489064305014934,0.015264238609486176,0.05163926639895195,0.002360121420934688,0.0033388899696313447,0.002073421353903888,0.003823800353265253,0.0017308833477418363,0.0022054770957318053,0.046768483984469825,0.004337607588765225,0.13967819181799324,0.00193634972296944,0.00450787087994772,5.026920261449281e-4,0.004065301532884196,0.0024035500743996136,0.001207596740238085,6.02993291522204e-4,3.4720415867304735e-4,0.01292747549788344,0.00985342985799102,0.2748820141619761,4.768456263022531e-4,0.010616908409590465,0.01199908282061445,0.004417501160978996,0.00866030665820132,0.0032915672087455838,0.004332615909146466,0.0030247913238935515,0.007057263886332478,0.018399903957206146,4.182136407739355e-4,0.013380428226374945,0.0017675507664117573,0.012144865568265509,7.288263465295774e-4,0.005079119310937323,0.0037480432096069246,0.0012431939637943838,1.4589584781647555e-4,0.008562301221538192,0.011594082978461442,0.0036237532831880676,0,0.006101014007630213,1.4275466677816787e-4,0.010221013144894573,0.011920378907154892,0.019351569418700757,7.94312615000992e-4
0.03230785023911553,0.0695666062634601,0.06096355585649223,0.014706716658946191,0.0567648457766879,0.01757532393673298,0.0446975829541269,0.004712450919304189,0.004631727583675136,0.0013019411106192861,0.0023640452613488093,0.0014335124975444137,0.003387912006853735,0.04671502574090745,0.00600271322281901,0.14818913735046196,0.0014988107823374376,0.006220757433647018,0.0013126249684103876,0.0010685607463248416,0.0015011407756083952,4.518022475669965e-4,2.4157009101863274e-4,3.096212819188081e-4,0.010902916291510153,0.014850801877504665,0.25905896169793224,6.367453927611534e-4,0.008520265919095254,0.010572417134349733,0.002808167697956003,0.009115035919271722,0.0048785894715803226,0.002526277758209876,0.0024131399081655067,0.005684949688312001,0.01776538425090192,2.8878270926744254e-4,0.016147765187830693,0.002269317536282519,0.011977386450893307,3.980893767449256e-4,0.007900610989087746,0.0033311511494699747,0.00273553243954615,4.572904443038008e-4,0.0055564629043905545,0.009462274021342669,0.004557293114889361,0,0.006361380857436429,5.521900828583609e-4,0.008122653545729788,0.012159340591686389,0.02795147920402638,0.0021115106807346206
0.03143174175502329,0.06501057934020842,0.053876612641938375,0.014696438776578412,0.053979122963968514,0.017489355729653325,0.049810954186949155,0.004313482696979649,0.005808234451902043,9.912987603508977e-4,0.001869328606662361,0.0028939689424577987,0.0017617403340586014,0.0424754939210437,0.004679686626710008,0.13084755046657448,0.0012782697902696102,0.005165329546186167,0.0010074960212564568,0.0015118114910969043,0.0038599204071593147,0.001222419391492183,5.507536969563548e-4,0.0049035174990285256,0.01409883113024052,0.013670908967651987,0.29177916318699654,3.8763519109259433e-4,0.009605272021332937,0.009246361323179382,0.0022694647040723435,0.008118530005562384,0.002773581106689395,0.0026742002961689885,0.0014874488892537418,0.0040431881680237204,0.01924406530512579,1.5925361068042977e-4,0.014493660411383355,0.0031255386791132064,0.011214770291125713,0,0.007753214204671129,0.003989759287029598,0.0017807913025886925,6.089572226674048e-4,0.008352885787150748,0.009892927183797107,0.004191081784112523,0,0.005803019047483118,6.975542917178215e-4,0.007522937900858339,0.013243749466659896,0.025817383767449707,5.18757421616353e-4
0.029034104517064733,0.0692677527434176,0.05383066066531923,0.01908830697016489,0.05507578045102797,0.018492077354843196,0.04784828117204698,0.003960814405035724,0.004772228186206041,9.191885174336174e-4,0.003167276433743451,0.0028033156942837006,0.0020769498101255056,0.047344458569840334,0.0038488511485846523,0.14926609229097287,0.0011753963503475188,0.004713445304967128,0.0011816382851812886,0.0010178783392544334,0.004427538766790996,6.265946954484178e-4,0.0010967217075632102,0.0010340242577208964,0.010993439341541969,0.01894087997335662,0.25962144088201045,0.00160163875175,0.008624671232883015,0.01279427005826785,0.003129009621229755,0.008526872279557464,0.0030863784569760025,0.0029401389058399353,0.0013341468309050499,0.006768705016875732,0.018904146016315217,1.2208633313339466e-4,0.013517293949119965,0.0022588075013911615,0.012471946093953362,5.497542605640325e-4,0.006576041842864505,0.004938461029812942,0.0014200531360773717,2.739215685095132e-4,0.006659651479846624,0.00956567849606112,0.004155095706853038,0,0.006054680427042971,3.496782204554794e-4,0.007452883835094577,0.013568370940098521,0.02513907714906937,0.0015914040251586285
0.03322441034098674,0.06356455999242054,0.059665535324356006,0.015770349409490965,0.059391972504761824,0.01778133901464265,0.0535881620357768,0.0022421418286236957,0.0034165473695787086,8.967538712792757e-4,0.004224117085677462,0.0017231749526082716,0.002782878060009978,0.04132298145072962,0.003859713899323175,0.12672962085413395,0.0011296320784559954,0.0053038819972516344,0.0020643411942239697,0.0015302697274058728,0.0035919698714153765,0.0012566659718160709,9.640535527366245e-4,5.752426747856731e-4,0.012529383762416961,0.014740436850943847,0.2881884248709484,0.0016872187869331604,0.008538899485846475,0.010457462397866463,0.003772287051799805,0.007286161221035287,0.003455618628820846,0.002666064143279428,0.002115304699441448,0.0051146817058183025,0.02232229437375602,1.9735325472063282e-4,0.011841584853693495,0.0019609875304168996,0.008507344844363085,4.0240900715248705e-4,0.0050217637807392045,0.003892160990744161,0.0017981994373711388,4.7526620234629625e-5,0.005892979923393635,0.010817805909517288,0.0039516276485981865,0,0.005751067718035388,3.957845283534687e-4,0.010633388570765226,0.012841952027028284,0.025105193014846667,0.001466317298628815
0.030536813074428487,0.06879878942909261,0.055528052153875164,0.012745215282902074,0.058227645267067044,0.01839202474083941,0.04587718743752758,0.004150082872349134,0.003136716519223784,2.4923057385050734e-4,0.0034748467518521124,0.0022384497804046654,0.0017802182236619204,0.04690038006285873,0.004361465710358206,0.1236954178936147,0.001342129747385623,0.006545927225538058,0.0016589156327556768,0.0024154583578966816,0.002404369515978353,0.0016034894534348299,5.604458943687417e-4,0.0027214444491271157,0.011074033656923433,0.01603914471993184,0.28770617510735413,0.0013045442956396826,0.007549045398120974,0.010062528253122682,0.0020230360499806158,0.007759197219391403,0.0035015773044433105,0.0049515550039099425,0.002945556883697012,0.007942646209611985,0.018084806956735183,0,0.014498326459380725,0.0013525431302842319,0.00962270954698506,0,0.006432977495645943,0.005906009024855912,0.00261699080821277,1.7487311729453718e-4,0.008862209853539344,0.009199129804240447,0.004958382616703866,0,0.004532682063356796,1.934835965709705e-4,0.009169658425109773,0.014574310528085534,0.026835075874033484,7.820745464472063e-4
0.0295563686199279,0.07041497596842533,0.05264646558578567,0.01396397089581186,0.06171726082453365,0.013960867041184835,0.0505931140578661,0.004013545679249323,0.0056392065942992625,6.955005115265662e-4,0.003261015990289442,0.0021898951014958337,0.002281898854846964,0.042163296215131166,0.0033535376511361742,0.1295916501003552,9.389518720413883e-4,0.004380404601051875,9.329692326391993e-4,0.0013047586539955847,0.0023876920074668356,0.0010489778749933306,0.001410491892706736,7.453087165791474e-4,0.00963090905368857,0.009762994314386746,0.3033485557226724,0.0022730816368119987,0.0061357474885513335,0.013213282381462644,9.491001549754172e-4,0.00717086505493077,0.003751572898759353,0.002628603141670093,0.0023052888408972684,0.005910009832227248,0.017629642957233033,2.728977283203234e-4,0.013593775644440583,0.0020780926062710105,0.010888629006232406,4.5457524033361085e-4,0.005901029926612425,0.0035600546113875504,0.0016072507397199144,7.772833896235516e-4,0.006091078640245623,0.012153966776653499,0.005485831924702572,0,0.006521615949167772,4.081948064894665e-4,0.008678582186913754,0.013935558688072181,0.022346101755138896,0.0013437023580686047
0.034470705522040165,0.06634837455481293,0.06182716530405639,0.016513016279336372,0.056320927773547136,0.015591966693809226,0.05240813237505815,0.0038018849290807582,0.004028303399056755,6.72975426788631e-4,0.002143133321778495,0.0033720991230246954,0.0032206306668411326,0.04723983145683108,0.005320709799047871,0.13108953607059473,4.3057185579864287e-4,0.005661873177008256,6.738910588234375e-4,0.002036269637609645,0.0029857429535130285,6.955874661881323e-4,8.177800380589134e-4,0.002219580831348079,0.010708766923642593,0.01703386921092367,0.26391662085129985,9.358971353007071e-4,0.013115324187676797,0.01107078093672606,0.0026204142993768963,0.00853856233901204,0.0055789423171891325,0.0033772060602752646,0.0023187160005783496,0.0059190060105148564,0.01976224733090549,0.0011619551807009849,0.012176756454234973,0.002956156738105985,0.013302813640865248,0,0.006184298377506244,0.005002396277454765,0.0034922753616728345,4.2966060059000666e-4,0.007459823669572358,0.009140232603417254,0.004160797777278313,0,0.005857038736171596,4.5016611591017154e-4,0.006178593029286649,0.01105888500557133,0.024281038540509732,0.0019200685736772251
0.029268232513172628,0.06602209044897324,0.05776100523722435,0.01805684516598208,0.06093055157087123,0.0147213850678282,0.04590391256409661,0.003473593397448289,0.0031513791588954074,0.0015661489978008095,0.0027676594175552577,0.0030582156913739104,0.002399355312392327,0.04213448341237941,0.004306463291319495,0.12714770404139508,0.0013542536321594762,0.005957289338837348,6.791834612454253e-4,0.0027970636369761778,0.0020121389380777163,0.0014340622683429816,0.0016349999142422043,0.002387054758860435,0.010694456396972748,0.013693268759206706,0.2964183310216369,0.001688950652134419,0.007130334599718088,0.007327188129982549,0.0022383798211416182,0.008770456268706992,0.0030644319530982104,0.0024126863253256625,0.0038169494901705283,0.0039787876863171595,0.015750029256116523,3.6076347176154904e-4,0.014391679997992762,0.0038770140364579237,0.009551219470646473,1.124821097117097e-4,0.006231391995475868,0.005707088052398549,0.0018220587239009987,3.44917907682102e-4,0.007859054245592733,0.01137011319581966,0.0031297885158383166,0,0.0057201596840448145,1.1243049841980209e-4,0.007921491743180378,0.013630775647353644,0.027556839339632766,0.00239140976611179
0.03029186529128455,0.06928910233158798,0.05381031474478156,0.015346133689206296,0.057234390749222236,0.014612880281677202,0.05444155858318553,0.002073464837581604,0.003740378400807282,0.0020552858912602397,0.003721385235384385,0.002100243096259338,0.002025189882096802,0.04424168065807612,0.0030157964945988136,0.13506150229717712,0.0013471791360381068,0.006368054663002191,9.024715812685018e-4,0.001336457603911263,0.0020596210761763176,9.904310054917867e-4,8.034320562228818e-4,0.008117036668891653,0.009445934572050894,0.02224375618428768,0.25713269144837864,2.2397903327655048e-4,0.008598540228638776,0.011784166353345076,0.0017373165860826603,0.008415532378642848,0.0027725260213956105,0.0058953260226216634,0.0026536384913895626,0.005847947432301165,0.01773564724343999,5.371555937452212e-4,0.0150958918892544,0.0034629462540776276,0.016910808443743243,6.414676287537634e-4,0.00861564652389253,0.004931458971891782,0.0024277619378086654,0.0016620685296059442,0.007323888598205062,0.01079571613156527,0.004544125576568486,0,0.007007025209856051,4.724495021754864e-4,0.007992944065635372,0.012182647625649936,0.02548982642295151,4.333128435787584e-4
0.03383376628999596,0.061300848582782785,0.05888246846946961,0.014329149356589556,0.06604827316680999,0.013765394413897713,0.05675659933533574,0.0033748260200598236,0.003132054248426071,6.944991060312553e-4,0.004104042833958664,0.002868640921493589,0.004114402802277656,0.04265965231077169,0.003956476899253576,0.14186396808568535,0.0010460444108226618,0.0051508635608283875,7.827412721497126e-4,0.0024137535695665058,0.0030383581042491546,0.0018934366563209293,7.418920988217552e-4,0.003859549399168742,0.007870458844247115,0.010784939672052506,0.25815988332745105,0.001387604614569776,0.008894148215537235,0.016347833713233638,0.0015660952818993446,0.0073827510672470065,0.003906827659853955,0.0010645667164617518,0.0024001770128382963,0.006161850156928781,0.017609136228073058,2.8239657732427386e-4,0.015307078566060856,0.0012002361814061513,0.011948204170904829,4.826445128784171e-4,0.008228154925843348,0.003991071923285804,0.0014858898157658882,4.0091239976874335e-4,0.009613970628339796,0.012686293752407396,0.005485066596723003,8.989415223989363e-5,0.006352120062798587,8.399971365337237e-4,0.011517040464851375,0.013096283137247469,0.02168277937078411,0.0011619911996759232
0.03098984898780439,0.07174084603260515,0.05167922091869635,0.013816320021087031,0.05653386191734357,0.011296114287568052,0.053085105367921784,0.003463325760307812,0.0054134242446317845,0.0012483278047347537,0.0034750707368326607,0.0027581502744989848,0.002748100822800509,0.04593072428419502,0.0035215028407816866,0.13236169762293154,7.825758026857166e-4,0.004648069706423484,0.0015412808302878445,0.004110125757922317,0.001664076307945705,0.001343303813409295,9.929791935168635e-4,0.004540570748223286,0.0104439605098182,0.015214739687396148,0.27926367215731324,9.287779110980465e-4,0.0077358557308309355,0.01092965634632146,0.003463002760591548,0.008003559864089979,0.002848810971174795,0.004207400119841051,0.0017957874948769132,0.007739732622162161,0.018445121586541685,2.0485351083796236e-4,0.012687155960358293,0.003294476987578691,0.013153063814244107,6.127196130783927e-4,0.0067879213530080635,0.005490824281903657,0.0014905182038271328,1.9651634628666093e-4,0.005809180765404492,0.010099240181055366,0.005770537562508121,0,0.006167961423921433,1.5836928851366636e-4,0.007558269413145645,0.012540499773397476,0.026480597580489994,7.925920932291119e-4
0.030593230536990947,0.06858431929020964,0.05385661376086377,0.018120951009504883,0.058712943929850096,0.01759645441264769,0.040030728392573524,0.00342720909652378,0.004110811705192626,9.560972496831873e-4,0.003129649636338766,0.002313422238882035,0.001957038657184296,0.04291914569473494,0.005169367292669619,0.1365025174277836,0.0017034254811844536,0.004788730381419925,0.001265193385396516,0.0028870410374771463,0.0031139449321334516,9.809657826649102e-4,5.345533242707762e-4,0.00133866355467035,0.013289789795392007,0.009923402054967136,0.2882273200720314,0.001233340523971451,0.007127407959189443,0.009392203686801505,0.002346257435796501,0.008488258750364117,0.0040444742096846596,0.0034843010150326357,0.002500414005422036,0.008049010059458177,0.019698822414358823,5.817574390793477e-4,0.01230071363926316,0.002230539038780844,0.010449259991521884,2.645993795748714e-4,0.006086523555985864,0.004982712695147734,0.002402510389142908,9.873186258747921e-4,0.008284584240716486,0.01108330237270627,0.0051102236407594434,0,0.005199554661258718,3.8868871544757433e-4,0.008257642378329936,0.010885206189912353,0.027187278013595197,9.195648395818079e-4
0.03133665669662656,0.06362205307431194,0.056413963955569225,0.01798014015706218,0.052326762681388334,0.016327886517287643,0.04721674996449409,0.0029920150270995936,0.005409929726048861,0.00123017600878835,0.0015311580226244658,0.0029335695067538655,0.0025198682318506816,0.042086336278064636,0.004554898409145354,0.1307496888108465,0.001020134150123428,0.004608014555483125,0.0015951179848284296,0.0023239256652874403,0.0020102714678539306,0.0012170450041733582,5.271013491650973e-4,0.001800452270689404,0.01222324714403772,0.01000718245775136,0.3030969937709463,6.764992398294613e-4,0.011454434019053791,0.011576279389682899,0.0020471529581418423,0.010628038577476665,0.00266430504356899,0.0024253758671819495,0.0015646694708648125,0.00721646368996399,0.019195666690121623,1.3553903895918384e-4,0.012424673252040556,0.00230826149566695,0.013123742012626137,2.703168343919663e-4,0.00717592680285997,0.003252391548209073,0.0010771141874377477,5.260107986501354e-4,0.007896297888152702,0.010329590063307623,0.0047170504197157495,2.6595042117398267e-4,0.003687090605787305,9.866221441137918e-4,0.0076305078814264,0.0126095893890722,0.022040332903595937,4.3276847862471705e-4
0.034000394748398895,0.0685149733115896,0.050200208155387165,0.016912434250986846,0.05426812632577265,0.012175446642824024,0.04864082697204432,0.0037769719206159633,0.0028193162074090215,7.153016511541427e-4,0.003063872442260943,0.0024356017515508766,0.0022060537165550283,0.04194195056164279,0.005394523435918199,0.1326056680072512,0.0017122936049292381,0.004547490240883794,0.0014685803804699595,0.0022702093654572457,0.0020906687296909465,0.0018900271401977547,5.755077332348425e-4,1.919839210789446e-4,0.012759846231395913,0.009493036914838398,0.29948396070398586,2.595931414003944e-4,0.00949102596840211,0.012006278843497907,0.0015034296229037322,0.009930272696455533,0.004238206951838568,0.004011406118882884,0.0014999327498549245,0.005590667113049405,0.018413558925448173,1.3524525724119556e-4,0.014978885150244413,0.002058790544653119,0.01141472497873071,6.038661935598132e-4,0.004089933076984454,0.005012998874353121,9.616909077944095e-4,6.067735846280608e-4,0.007676922174572693,0.008846906454930616,0.007604061519636238,0,0.005893409596442639,5.97096757577462e-4,0.008087978362240449,0.012159661941149778,0.025688140832614954,4.8326659338765953e-4
0.03266165965019128,0.07164154219742293,0.057664028872338215,0.016636338888397127,0.058545073685655355,0.01337364124172924,0.04666592888186089,0.0052794083910348835,0.004387698840016189,7.799339249004554e-4,0.0020630199421952412,0.0020863676046049924,0.0023347352610188403,0.04355248817467876,0.004489682162165295,0.14079419960617412,0.0012194141815443918,0.005524989198338574,0.0012457145929750796,0.004549575846327831,0.002659450550256406,0.0014296699814589314,7.103661881598602e-4,0.0011792584336544412,0.012776347684741101,0.011306936929661603,0.27378275767491983,6.154776548287885e-5,0.00877778717752944,0.012257499866890805,0.0025388543356816254,0.00812330282531757,0.004723242297449288,0.002059027568699587,0.0015602941609383517,0.005171906146820035,0.01815276733943534,1.9248013800105145e-4,0.01403368492464547,0.002812294654389424,0.010104676664196266,1.8412330882656164e-4,0.0074689361071425715,0.005234052388093197,0.0017588055267766492,3.109803929706341e-4,0.007828216496870793,0.010497727900173828,0.004332722887173706,0,0.004684236287574295,0,0.009055742937110584,0.012552964240601113,0.02574222804806536,4.396690267217117e-4
0.03515428129250861,0.06601846685513187,0.06161088116377972,0.016758205328721455,0.05488883603219944,0.014665517902459648,0.05139700948668481,0.003579966722204408,0.003399795170290082,0.0014155477295395246,0.002228005771794621,0.0024271016458913847,0.002779270287814622,0.04769332405277949,0.0026274022650888333,0.14206478680888643,0.0010867821435677865,0.004402095884418252,0.001108132591730182,0.0015320142534114495,0.002096744083351163,9.40004781493699e-4,7.370336983182877e-5,0.0036512521574911744,0.010894711148494279,0.019412547213962465,0.2634789935597871,5.164434709541512e-4,0.009654698197203436,0.014614133129712152,0.0035112074523769433,0.009879487132097403,0.003705894845148005,0.002003967695015282,0.0011976943406618369,0.005882696814489226,0.015418104339597682,1.0892510673362391e-4,0.014605892574308025,0.0019513619910041522,0.012608316840003284,5.17339667323601e-4,0.00932234951181254,0.0043381956107852665,8.442102357871797e-4,6.370612960071273e-4,0.006351315906525348,0.009816934806145646,0.00337076910877208,0,0.004417078426306714,0,0.007893798336016925,0.013504302789334765,0.025018380160806663,9.240605117566213e-4
0.029538080119428576,0.06902730044859116,0.058650139937272465,0.01657623042245647,0.05777096458298354,0.014347910787057539,0.050252555692551194,0.00287536377741502,0.0029481765821166637,6.259832750082898e-4,0.0029044763117559444,0.0015480998551644116,0.002885766156473568,0.0399029754769239,0.0049313615786303715,0.1256404106033795,0.0011212028404931002,0.004707891091762004,0.0012319982067473944,0.0017991346769049151,0.002248345596093694,0.00115480070463963,5.204254912151416e-4,0.0013996137499962427,0.014158184868036187,0.015189797139649434,0.29098308790984984,9.002751045691936e-4,0.007442786302356104,0.011141976708765051,6.712411402136772e-4,0.008918721067768087,0.004493231882706788,0.0014219789328905007,0.002560417194244732,0.004623097711248588,0.014513370827324398,6.65575898354046e-4,0.013894566468468102,0.0012800377823970314,0.01346401374700111,7.167256830118298e-4,0.007614167466978698,0.0035326977803736967,0.0019991064231192493,0.0012218689727731622,0.006408670559261414,0.011694155853719069,0.005721124649786565,0,0.007557064409932049,1.7090601895685962e-4,0.008777623803144313,0.011314320956013984,0.03129037794199378,0.0010496208300317235
0.03776121157103821,0.06344198751852423,0.057758221935660284,0.0163020785039329,0.06170308762401415,0.016725952364337836,0.0471553882320102,0.003361934723434611,0.003556180540834623,0.0013153271038938718,0.002453991946120672,0.001546996931101306,0.002554860676026225,0.04047580079571146,0.004307063444908379,0.1303231946902713,0.0011005130220818192,0.005075148279631601,0.0010664844854522495,0.0013963840691106411,0.0018202741305804453,0.001228472970140483,0.001699940946314141,0.0027564473759281753,0.011948907278449723,0.012666906071114755,0.28768552021005467,4.226412293864987e-4,0.006533089307261474,0.011457294065668821,0.0015283128280315285,0.007669880226318947,0.004141700525925138,0.003283169871373984,0.003585127118436904,0.006895384720234757,0.01988211601283966,3.1272454227630547e-4,0.012284902062733805,0.0025821722961659297,0.010032788435682645,7.811084094874761e-4,0.005499944700674658,0.0056211772690557315,0.0013615882320479054,2.880135868232355e-4,0.0074041211084887,0.010164089965877008,0.004257735252662185,0,0.006309668972277129,4.014743693799335e-4,0.0069884760389461896,0.014485111978254894,0.025457237254722247,0.0011806721782873474
0.02995064685096085,0.06823420581819696,0.05838374911447518,0.012922789261806227,0.052764559072329166,0.016765367510482444,0.058792510553098865,0.004603424586472883,0.004700911431417596,5.980330313475538e-4,0.00287397347555006,0.0020183070176672696,0.0024143469301346407,0.04369476298463112,0.003770658185213769,0.12794948671213488,0.0013570939323903034,0.00709169856654597,0.0011592264926786715,0.0019625891534980405,0.00280528865893366,0.0014537851174923554,5.8544116116872e-4,4.439176258728373e-4,0.013164053014392087,0.012769518624010656,0.29008437844753476,8.821620548241174e-4,0.008879627966506458,0.013762741437796473,0.0011158783845083052,0.0072259618751149435,0.003738971777064234,0.003543443337959878,0.0019960328319527476,0.006644682236190831,0.01894740637692428,1.9145432316411607e-4,0.013797768533526033,0.0019601707901113394,0.009163575573216967,4.1208002767729177e-4,0.005383354116636647,0.004642066922100478,0.001444439839763174,9.047301537623013e-4,0.007797314731790928,0.010630214187120473,0.0027278712271825907,0,0.004234885965570611,4.638546454682282e-4,0.00803919532395969,0.010698684283955269,0.02655301314639793,9.036945993161146e-4
0.03108059302114153,0.06404161858580862,0.06194508245644039,0.016957812233834805,0.057529611024667984,0.016124684664876165,0.050487630811136455,0.003397245770810137,0.005251303481579989,0.0013864205655530356,0.004097126453970643,0.002077308918162796,0.0033430660348127933,0.04733371276240233,0.0041728173266025615,0.14200329386130672,0.0010141736049410802,0.004981463927634245,3.0817609339802246e-4,0.001738377206386201,0.003175215949206175,0.0011848991927158902,2.2386663665630716e-4,6.953726840746191e-4,0.010718817963590381,0.014942855663268743,0.26932651638649147,4.91623311941669e-4,0.007217420550716296,0.012009896703860368,0.0018525080505257534,0.007777139306419635,0.0023299432494880024,0.004294952264328324,0.002093694421831981,0.0049912727911104356,0.019662717279367904,6.87037243794025e-4,0.011942650620469656,0.0021634531417973443,0.012352856917823764,6.00824463709145e-4,0.007593031158180134,0.0043510809378879646,9.525997855321796e-4,3.6639258111353603e-4,0.007724320458631367,0.010037464476228764,0.003206465856746974,0,0.0062245092310290835,0,0.008894579634728846,0.0142192509209076,0.025056236764822302,0.0013670145955368663
0.03330319841575853,0.06835530503457184,0.059305142728048245,0.017823761601844457,0.05219371389806369,0.016149113849178196,0.056228046434528015,0.004007083625638969,0.005384276406589495,8.69404450957399e-4,0.00434376492734723,0.003773415353601766,0.00135502146048068,0.04653667654886288,0.004795382491643006,0.12791953390176078,9.422099440703671e-4,0.004290175628500069,5.686538263183243e-4,0.0021558203043071586,0.0028067687651178444,0.0014799208812532702,7.526232029772497e-4,5.65793638941049e-4,0.010219873675748378,0.019401148646904526,0.2734859546458012,4.14577705963375e-4,0.007539343522011796,0.01150834685686074,0.001966333469113786,0.008333276403433315,0.004981697399185492,0.002479819991365079,0.0030065306681019374,0.004566090662454744,0.01606102687381706,1.809410143504127e-4,0.012798310159867602,0.0039998944648261345,0.01386327047542983,4.5171306756265e-4,0.008248397254114161,0.004406089501360794,0.0019710582843995785,2.3363828615627745e-4,0.007526834174483502,0.010161313691502832,0.0042697451542222774,1.898667457214563e-4,0.005517669409272721,2.6543055888256705e-4,0.008029846946024807,0.012256088217313162,0.0257610647533873,0
0.03212176713905583,0.06536915576760079,0.054541903700469636,0.018200380741880573,0.05820657896418829,0.016092420162439107,0.04838892752406962,0.0029416392120016907,0.0036100407481298685,0.0011564346079674024,0.0037388630576864175,0.002165510475454624,0.0021841802780955518,0.04686105335476742,0.004789615125270053,0.1130202602102434,8.955316685695961e-4,0.00392950673865838,0.0012352960064917547,0.004036861572403477,0.003571337439416468,0.001974867913372907,3.290297888210041e-4,8.225428773891954e-4,0.009017883909349206,0.013521769822781221,0.29366554510689796,2.3113310215694318e-4,0.011111716037879275,0.014555952916049386,0.003317604236824535,0.00780042927916041,0.005344321971742548,0.0017634811261346035,0.001739779562169421,0.006195357501129316,0.022163643951697752,3.7699501923858824e-4,0.011196452729084169,0.002123034045054436,0.012631648771773097,9.105197069123035e-4,0.007749862600949154,0.005251427227977693,0.002073650705167106,5.353790244780308e-4,0.007724299986838181,0.00818630856667298,0.005095338458243911,1.415768751351614e-4,0.005638742275453633,8.319949265183914e-4,0.009694322881668853,0.014401536215898885,0.023766426480286,0.001058159904233808
0.03144718605677203,0.06297011103201311,0.06046449398804046,0.01632974090227361,0.05433562516160518,0.01680168818035094,0.043587260082323276,0.004120969576018867,0.0028597616679183553,8.596183532235123e-4,0.0029323368236362033,0.0022423952781887024,0.002637656179098913,0.04812724022070969,0.0048188643127625285,0.14498192649394834,8.305765323374763e-4,0.0061376843902148474,0.0014830951519077967,0.0027496781615693445,0.0015685368328562934,4.511042587609596e-4,0.0015660094111720783,0.002989717432096106,0.01063932743372538,0.017321617764099934,0.264489027677777,5.519807370350754e-4,0.010538609730390306,0.013166805992545532,0.003562950256787297,0.008229257017887676,0.003393216123020502,0.0028501031412428196,0.002737710796761066,0.007508507266251508,0.013699100837645134,7.981655681820769e-4,0.014996200232605257,0.0013770075379478583,0.01064717883753397,1.681823541786779e-4,0.007963773583782306,0.005859132435753824,0.001828141531745376,0,0.007178298726079616,0.010312943936434596,0.006758424211378528,0,0.005288082963955707,2.7091349188198047e-4,0.010075710931141709,0.01148417621937853,0.028103383583649767,9.087925994023663e-4
0.026458283758561536,0.07106698414335949,0.05135207567390643,0.015495134457717313,0.05438513769023046,0.01896587060357738,0.04697938906874271,0.0049498055173149095,0.0042377425644224125,0.0010105745459398137,0.0029226298113908815,0.0018506933262097166,0.0030515420982137474,0.04366111857074221,0.003963142782757658,0.1417290141483549,6.750470326534158e-4,0.0035159339634107997,0.002007443952969993,0.0017262463608244136,0.0019741990242279545,5.03692068368066e-4,3.8567388423643603e-4,9.762666688997111e-4,0.012726047433005858,0.011840415850295887,0.27240035179592975,7.979273979532561e-4,0.009767792484248387,0.01639150167298042,0.0025678833034538033,0.008328809213878406,0.002720396774489189,0.0027204881748579277,0.0019408790086304236,0.006576238206020384,0.02023854274626968,3.5908358393060624e-4,0.013020018729496511,0.00271843513038945,0.013551715010476063,4.723128021649506e-4,0.009793875333729486,0.00567604513669171,0.0014438760952437259,3.3253040804105227e-4,0.007210418211944539,0.010263569537677335,0.004528988833782489,0,0.006120370710176775,3.9291822941606e-4,0.007912162085553653,0.013442049764138295,0.02796189803979659,0.0019388165783050092
0.03261634888545278,0.07430917354329639,0.05694435542687969,0.01633794679919424,0.05638743829710198,0.014330190412598467,0.04984946656991756,0.0030111052643138924,0.0036662656798924264,9.80044925527674e-4,0.004792125590107963,0.001655357789627227,0.002325897284467139,0.044421034680816714,0.004228632060246596,0.14677056243746275,5.21571645190949e-4,0.005844033783823596,5.966851106947969e-4,0.0012480174606412525,0.002109963299991343,0.0017512771236562657,9.081486460165878e-4,0.0020813877457880763,0.013475747559199057,0.014096336838272158,0.2540996479511217,6.949383793012358e-4,0.007310007427724388,0.014232631175864515,0.0026277902586653292,0.010361104038231095,0.002206448704475384,0.003511542402481025,0.002163923313828892,0.007161402021983989,0.019661613026802208,0,0.013848105301270721,0.002578008275861398,0.012228646474737264,7.933336760058038e-4,0.00705640151118864,0.0029090973263848716,0.0012189541102543163,5.211561109070462e-4,0.005742309448326941,0.012726614229805299,0.005169023239916945,0,0.005291429679837306,2.050857093136564e-4,0.00804866334885681,0.014674736965742579,0.02698912303536056,7.09147995572509e-4
0.027193998402671907,0.06259576684832212,0.055002226064062174,0.018169956165622777,0.05343190012361128,0.019626300277226096,0.0468070405880596,0.0030921381210500163,0.0036371309300888056,4.449782814558375e-4,0.003583373751949714,0.002303144364703727,0.0025223270100805423,0.044305776207242256,0.00508353964225236,0.1470614778178645,0.001626238261993201,0.004333140812125016,0.0015268158485436418,0.0022611663830088323,0.0027098662410706327,0.0013376269581906312,0.0015087588920587515,6.898386083640498e-4,0.012288450226746187,0.012993358443322438,0.2735982748558373,0.001539635627284925,0.008028267497638918,0.010447946413959809,0.002527146525253483,0.00812976006963284,0.003306269103027978,0.001984532157618197,0.0028987475293510883,0.006857948608525861,0.02128752484267338,9.18235586721357e-4,0.011092923625775108,0.002410034439682317,0.010445312223728737,4.855260439974474e-4,0.008253782139054465,0.004200964280973262,0.0017141384759348731,0,0.009257001052856482,0.011467756550726514,0.004534036849008512,0,0.0048713970109639775,5.891219061495943e-4,0.009323417684495796,0.0150153009584995,0.028396182188741084,2.824804802000758e-4
0.03189304765246631,0.06616572948180051,0.055439719124054515,0.018645548201500186,0.05628122796685365,0.019678162190113174,0.05254571818470123,0.002999110623851714,0.0036023800295047546,9.912441983841896e-4,0.001653903466905163,0.0031951780595352855,0.0022954005274543497,0.046074678723861784,0.003639506297561197,0.11770761423550354,9.166802754161015e-4,0.004696722335212013,0.0014374479938371624,9.537697966577499e-4,0.00115364601142789,0.0010942431458408769,0.0010453562010436694,0.001125534132775229,0.01184071017271462,0.01446586282193715,0.28766591563816796,0.0016497290287446182,0.010989619569691291,0.011656844036347968,0.001764605112078186,0.009240131079615061,0.0037573952805064663,0.003666368784510878,0.002829587956503762,0.006744744662281803,0.02096296108861996,0.001137212722785102,0.009212787831260758,0.002144458406471475,0.01126353688505535,3.5847524128476157e-4,0.009693801601699834,0.0037770422759704127,0.0030126680502351993,2.342071243584579e-4,0.005804899534021229,0.010977976369690742,0.003525334735467563,0,0.007326884310227198,4.1025834388975005e-4,0.007745580909998328,0.013648813563601567,0.02632015190378852,9.39866102211787e-4
0.032507795560264875,0.06499561565755498,0.05108060491509039,0.017773437096157453,0.0584225260513425,0.015138405878793688,0.05214731052013326,0.0037050141032007582,0.003868286395985693,7.088755876091412e-4,0.004322808943205518,0.0018997977374450553,0.003438902151347825,0.04691382946045414,0.00370304394465632,0.14096980929480782,5.151441203368494e-4,0.005917936652825562,9.684494466215415e-4,0.0030165293068476658,0.0021618028799377503,4.489605660799853e-4,3.410799192179116e-4,0.0010227167903142378,0.011207445745806913,0.01269752991695662,0.2695602892431224,3.766420649025371e-4,0.00808268992019537,0.013349921535111199,0.00121878321017269,0.008123824791185721,0.003917832961867597,0.002441211879170478,0.0024134038346653687,0.006475066266251904,0.01783586492993932,5.370907570528454e-4,0.012991707773295917,0.0018677375976410132,0.012224758643679353,0,0.00584190382864167,0.004558992442885967,0.0017223000562279537,0.001087594970715868,0.008687813976431851,0.011499890999647494,0.00421484118682003,1.417068906584592e-4,0.0063809485010905284,5.06237517016708e-4,0.009595787925472556,0.013761818902472637,0.02964743848554595,0.0010422402651241518
0.03157427583717699,0.06502838553513196,0.056168213049296,0.01950199747972449,0.06097284749806624,0.016749196231723884,0.05611496208428261,0.0035840702016356053,0.004190943529166171,1.765706065101611e-4,0.002983678797197303,0.0012830242176768835,0.0018553316213992385,0.042934558326791966,0.004356633113240054,0.11984040103723619,0.0010000877616185978,0.004554317971376533,0.00029103298799680323,0.003378382876407594,0.0027844020197958425,0.0011533545149006146,5.519468680608814e-4,0.002659976688779499,0.011735905201064791,0.01627353869100004,0.28441296995594145,0.0015592793331672967,0.005407154797236315,0.012842535597134849,0.001986833365340793,0.009971130092903345,0.004094635264084715,0.003698436865014315,0.0027006790611510453,0.0072399347991383015,0.021028393794709638,2.4056645647218438e-4,0.01150803156999982,0.001812391303795415,0.009683651501924628,0,0.0078790768158867,0.00543132889282157,0.0017589205120850785,3.3595314259367564e-4,0.006339749035827986,0.01247849893840171,0.0038052081055484476,1.1241248043483855e-4,0.005637258164237827,3.190978051848654e-4,0.006074256307048653,0.012890658488744577,0.02610685751208004,9.460652938329418e-4
0.033518064166748275,0.06967366987715042,0.05435444636083357,0.015807598221512974,0.057368280148607856,0.01642274447610629,0.052266357899830015,0.003975848857799298,0.00269170595701945,0.00109370640812881,0.0032571558664056953,0.001633830712973764,0.003042745502672373,0.04444589751633026,0.0051105896153683175,0.1496210131865308,0.0013359356955632911,0.005011299770512817,8.544834106461045e-4,0.0016901690529032357,0.0030404195932273964,0.001744871691359022,5.496257489159693e-4,5.004758564437876e-4,0.011200918018699933,0.010781708551506357,0.2657122021595018,0.0014877286551938805,0.007132025926731004,0.012716206998151423,0.0014945314318062853,0.008360428820186956,0.0036963605671092963,0.0016981039305705378,0.0020362929236718823,0.006260524547224544,0.016242557229010392,1.761727564191682e-4,0.01357658643040129,0.002832977816001569,0.012245876431945142,3.5857449693818414e-4,0.006810721317536629,0.006313548060526333,8.270493578799308e-4,5.488862893493759e-4,0.00872637434401722,0.011136831980019876,0.003760057621032022,0,0.005485401340535755,1.1128869334051743e-4,0.009431852823854517,0.010453539801182927,0.028747507565347646,6.262275207178217e-4
0.03434722521976599,0.05803634306243345,0.055125218867770116,0.016866722583624587,0.0571980647518212,0.01679049385871726,0.05074915927656713,0.003914006443715254,0.004763368059475321,7.337804732957603e-4,0.0025189623073211737,0.0034959885373683623,0.0021977107518402397,0.04669354192505676,0.0049648764377663145,0.13181458579633273,0.001558354880028497,0.005516954488644113,6.03495147746938e-4,0.0014271451204973277,0.001885372022791175,0.0018552669833677676,0.0011374245846496975,0.001579698445875331,0.012690919586948792,0.013917728891796157,0.2826860575407662,2.4178866199544278e-4,0.009921621007328086,0.013019003064028782,0.0016813741432230719,0.009224611063178966,0.00456800156879924,0.002764274565064911,0.0029079915844137227,0.004552150142324581,0.016626588956662056,3.5916744314015134e-4,0.013628551988397549,0.0020024360856473714,0.011618985776640686,0,0.009699952203651658,0.004287680326590501,0.001488831480465799,0,0.005211205516625631,0.009446220451013313,0.004711892784594147,1.683143058619968e-4,0.006334244153041949,4.4053150290966647e-4,0.00585124917182144,0.015444159684887595,0.02807428066106898,6.564256606390329e-4
0.027878632276677542,0.06972605016611451,0.05757535790369905,0.016207082808729314,0.060283711048294185,0.015277562527347082,0.05645857108502986,0.0033908184362142473,0.0032064463522759384,8.724393800828343e-4,0.0026602614587668393,0.002755914203387263,0.002874762604954743,0.0480853355896162,0.004664559182549083,0.1444738035797404,0.001065575168687966,0.003114897153727828,7.762234270619248e-4,0.0019045240336174679,0.0014422687345677662,0.0015722802052518723,0.001452453794144932,0.0029394840920591355,0.01098834566540479,0.015396632232003375,0.259744165889979,6.818430046191158e-4,0.010409399499320475,0.010561252083739484,0.0023310477541429796,0.00901193667969454,0.0033824719208492278,0.005727586863830834,0.0015460313389890675,0.0058446445981647855,0.016350476292964225,3.408357843223057e-4,0.01452259647879145,0.002952232105239885,0.011120245035666174,6.432873098276936e-4,0.006400673498854673,0.003186060994368318,0.0021151178042511476,6.117482648717035e-4,0.006737650552225138,0.012154019314402265,0.003483708190163655,0,0.004134253752299639,3.38990217774222e-4,0.006303821441605976,0.013763341744683244,0.02743403732802563,0.0011225311463270023
0.03466215316718522,0.07163526853234894,0.0544662743626618,0.016362591594574833,0.05436881280611195,0.015563118609000327,0.04827259208319054,0.0026345250605348232,0.004668739256354135,3.980204690831849e-4,0.0036511751608523033,0.002505649034079393,0.002396257743640841,0.04448852396144778,0.004190736458619329,0.14052551057255833,4.3381770258906177e-4,0.004693491977441947,0.0015223514161501483,0.002555214447325327,0.002537185700677108,0.00135020682610378,0.0014345723692660024,7.083586679060232e-4,0.01126694444147989,0.01389619430237893,0.2770667055614153,0.0014077249443652123,0.00819076401183158,0.00754059734763495,0.0019404521328511162,0.00916599371716289,0.002921736661732241,0.0036043215221691176,0.001958455853977514,0.007784104242250771,0.019438326524843695,3.2397603730341054e-4,0.013581248786624858,0.003151468922954292,0.011313330486178776,1.6310486710865716e-4,0.006598216908793635,0.004583672322215465,0.001236117501217393,1.2180707745208384e-4,0.005927990597943692,0.011362478807394358,0.0035012003649501043,0,0.00643826775153206,1.765484477942819e-4,0.009287319250593173,0.012854072955405672,0.025180140767746915,0.001991568902994812
0.030622696463002027,0.06814444585180685,0.053100747950843075,0.016918573585284556,0.05383994233466029,0.014238749111291948,0.039334377508239336,0.0038912300573212505,0.00541814210877223,8.071960280648625e-4,0.002049850711294676,0.0033884661998690637,0.0028134127704935144,0.045522683966473666,0.004450689967464943,0.14867457708070325,0.0010997039837186817,0.004878748464610632,8.449071969246791e-4,0.003000571635158213,0.002152011459929875,0.0012317522919199687,0.0015778884401520124,0.0010633960518334148,0.014772777370686257,0.013777897600886638,0.2722146811068708,9.610296073615051e-4,0.009339533000770065,0.00911876675846567,0.0022758278389491847,0.010852399485176292,0.002075501482719672,0.0026746768446630743,0.0023343348796543836,0.006587259449564786,0.022218232161635907,6.1916631230387e-4,0.01404401522439282,0.0027575784104276963,0.014930618890128668,3.3243672586825865e-4,0.007155796826201537,0.0034733575998062874,0.001419718581005648,4.457328095221879e-4,0.00616170252324741,0.010790323030101098,0.00441243964342251,1.6917083200626977e-4,0.008075782377791482,4.4011792753702935e-4,0.006597871443406045,0.01221094494348699,0.02435787115351144,0.003337675938595497
0.03228346015817228,0.06750411130887592,0.052322306494523095,0.016586347048538723,0.055631992839602594,0.017862262161435258,0.05115120793938112,0.004071012811668841,0.0025666568860906996,0.0011239337386621223,0.003958308036504773,0.002439438214216057,0.0017820160219594139,0.044668195669743956,0.0040095963110033436,0.12532727765264726,4.988701369257323e-4,0.004019791188013877,3.129724338735398e-4,0.0021318637105734346,0.0024473358888398634,0.0017101083182354574,6.411852811701392e-4,9.644520053901997e-4,0.012444426746143558,0.008316528340143833,0.2980102895239105,0.0011424716800554258,0.009641970433962288,0.013000906348344375,0.0014105557840330962,0.009874176568964112,0.0022901752261621756,0.004195984944804768,0.0032434268500076396,0.004863952944273838,0.01873187553308206,8.676866331129237e-4,0.013567498865031832,0.0012356625067937194,0.012536484170782892,7.348937778052261e-4,0.007745821484894303,0.004788738367951227,0.0013572615668309227,3.702769039875949e-4,0.00718241289701966,0.008725887914015771,0.0020734282589569357,3.0858909948699553e-4,0.007341103601867296,3.148642707832326e-4,0.009184930287673736,0.0118362323941138,0.02660241785941815,4.4365959538399366e-5
0.030725734277944228,0.06938737284507195,0.05350935750849678,0.016965576898368046,0.05961028794251029,0.016886138761148282,0.051919899869132126,0.003928025244174917,0.0035834803557810106,4.0434772341006557e-4,0.0026032900717899545,0.0012274162233810583,0.003056236528923603,0.042548368040559996,0.0035490282545061415,0.14811951860510447,0.0012286469560452537,0.0047624640369832326,0.0010142060294261851,0.0011875599266579495,0.0027156149775066987,0.0019789032935419613,0.001516299706385518,2.8800389286528686e-4,0.011386698134231946,0.009131915853167832,0.2634861269496733,4.572637138333553e-4,0.006920859656142415,0.018079660891191274,0.0017109272582804,0.010379727107468,0.004233257859476033,0.0035126153942911602,0.0026520809760341526,0.0073968076824916474,0.014894889939932019,0,0.011888739739545994,0.002714411872374827,0.01275343374997411,8.629842868434355e-4,0.00753320674236199,0.006258637938772859,9.485616483034965e-4,0.0013325434179195226,0.005810825882296491,0.008923561965450228,0.004401815366970669,0,0.006385873753395766,5.831004440698959e-4,0.008275159471532647,0.015733982891848096,0.028218809721059154,4.157417213522825e-4
0.036006954272625576,0.07044980961174255,0.05543429838426898,0.013593710329478892,0.06309662865964365,0.013404976462484296,0.0461635165409398,0.005512789902524497,0.003853728450207184,0.0017445891023757678,0.004670986379648202,0.0019197825265332286,0.001979558432797128,0.049625818845884455,0.0037208671981466563,0.12587766378096282,0.0011601175164979954,0.004511423578397677,0.0011513727292914277,0.0037252786742202615,0.002404341410164004,8.760999110827178e-4,0.0014527495966755709,0.0036253451354977327,0.011714533250683824,0.019003262140891163,0.27459544218465787,7.795123724417521e-4,0.00787920712514765,0.009800607688478097,0.003216294936082695,0.008117297083826042,0.004969553926982714,0.00244357502940501,0.002503913407878662,0.005332569031024882,0.017417388752563368,8.998121581263324e-4,0.012183075980295532,0.0022067665702866037,0.01313040082148391,0,0.00690887746341735,0.003207802664433649,0.0012799570976473236,4.4639502030651465e-4,0.006895219097391668,0.01064982043679419,0.003949109050081688,6.506989858781058e-5,0.006590829500904868,0,0.0076572394175691404,0.015108226110035209,0.025000672873325042,8.516147715838823e-5
0.03531255798483574,0.06553621862191772,0.053728930098857104,0.020370298812306384,0.05977189925886873,0.01535106571641844,0.04717275716154137,0.007178479250354186,0.004709716047027975,4.12064986024751e-4,0.0030490676741929544,0.002021600401319836,0.0024100397595302613,0.04140227282045116,0.005005236612846694,0.14675291107642258,0.0013490811758497567,0.005707760646739955,0.0011402988767395307,0.001326262307291803,0.0031366964377296243,0.0012825739966204734,9.622086368940697e-4,5.24355098193235e-4,0.012534827135618652,0.013964235879793795,0.27023543114394,0.0014326516668348387,0.009907917373877521,0.0104741417649613,0.0027047063316802586,0.007240440434262502,0.00341639378523735,0.0019668661669990984,0.0037662254191209075,0.005645165840088514,0.016272118843652598,2.902357476770313e-4,0.012922935937440682,0.003313827117670533,0.01085536183474107,3.4818904804013605e-4,0.009931654341961388,0.002029903292798746,9.225824293527891e-4,0,0.006897204831161134,0.008973979983324757,0.005456456673428006,0,0.004448521069472695,5.63490991691471e-4,0.009237156947241533,0.012189449563172992,0.025158310981770467,0.0012852639640128754
0.03416576485852315,0.0666700530943076,0.05478950615523977,0.016286451921520628,0.058266794627319464,0.015713474773237913,0.0486721404875677,0.00559446555817661,0.00589465430449558,5.093312946974909e-4,0.0031098921426216835,0.0028435333924232875,0.0020683862951427915,0.03996689860476986,0.0038251155566926993,0.16684919526693767,9.862918677465984e-4,0.005171906385954982,6.537689099874841e-4,0.0019166208429490291,0.0012930119728395864,0.0015423283927918157,3.463060149125752e-4,0.0037658767233520645,0.011363152387557739,0.011256131669576395,0.24693824930237337,7.55503131232898e-4,0.011724967190584672,0.008166606100322533,0.001372499118221353,0.010073901192938325,0.0038003174150676054,0.0024583194010298374,0.004163172418872151,0.004342276987121606,0.021291158788370068,0,0.01197292547614468,0.002838421963269724,0.012133882429955665,7.568591112960627e-4,0.008590376685788985,0.004002231339064747,0.002246044514894401,9.823794927922127e-4,0.006731605247324163,0.01044031310740275,0.006086043537346048,0,0.006011483796062028,2.2289187327436863e-4,0.008173533515485934,0.012561769371322539,0.02680589466906732,8.353193220317816e-4
0.03086567779932929,0.0715711148328025,0.053863327777517886,0.016268203839683738,0.05646869934673733,0.01343303583764286,0.04979616677868103,0.003540352394731736,0.0039924576533210635,5.038271005339273e-4,0.0036869740639384014,0.0035042833067151684,0.004098962245538528,0.0403320262859977,0.003748348269294308,0.1401589411651072,8.948144790494695e-4,0.005939132213014529,4.629641040081026e-4,0.00197884899165303,0.0025158073328145326,0.0016127147929824862,0.0019184085386553943,2.574722912515186e-4,0.012527098070267549,0.010317500403289104,0.2841327764084234,0.001026590477913792,0.007739067623429207,0.01314288396139613,0.0013726858684281439,0.00910996581045277,0.004691378847387599,0.0016856481580258707,0.0021010814822016643,0.007122659832033998,0.01775602198270852,9.571452112114093e-4,0.012798860820138602,0.0036093546871506558,0.010292798470581104,2.66974534973736e-4,0.0070267676814947866,0.005114045539113449,3.5620008602676713e-4,2.782932100222149e-4,0.006905816422749991,0.011893072777845612,0.004070644812875805,0,0.006883889364835731,2.789960610487132e-4,0.006676132283740295,0.011939007711535063,0.025592383850896624,9.21696106800025e-4
0.030486756006134656,0.07134178500153994,0.05970268494757056,0.016544977064199547,0.05886383682981889,0.018015051950076525,0.05490626732094213,0.0035822159175234844,0.004733475643641926,7.367275630004891e-4,0.0028016663297516296,0.0025603211707911256,0.0033466874603652495,0.04582106101605112,0.004354685176450235,0.13998810092985653,9.28789010114082e-4,0.005467199768542829,7.076714710795185e-4,0.0021096965756626277,0.0021749384415568626,0.00127309024135817,3.454923827804064e-4,0.003012898628406239,0.01110797640438655,0.013312732029537486,0.26333913940252146,0.001406267040775496,0.006997844918343925,0.013113014008074199,0.002288088041667838,0.008987672173346613,0.003927554606963587,0.003790244413756844,0.0034083255833658836,0.006552447247936003,0.018409544584642147,6.350784470887566e-4,0.014043922297346668,0.002008286669642086,0.010493993916447487,2.7241705445031015e-4,0.005572982672329467,0.004395122400965524,6.217675341578316e-4,0.0010072585243054292,0.006106587934527901,0.010318520034203416,0.003041613498592564,0,0.0037253545225012824,7.772075176422583e-5,0.006532339429998401,0.01405711132526596,0.02565975914717429,9.83236536705569e-4
0.03558918042266218,0.06846176119796041,0.05645175126751399,0.014304871487616168,0.06258241450235269,0.01544296025729038,0.05174230607955827,0.003689385812425936,0.00370450720358246,0.0020197536443482315,0.0024136320667488614,0.0026297007377367645,0.0019729824651576948,0.04946446131456472,0.004403222017459686,0.12703855063660702,8.077071336815135e-4,0.005489637700917765,9.204645744322084e-4,0.0016446529871215257,0.002507665547624362,0.0010163656162044978,9.665121376938886e-4,6.59240019547219e-4,0.010667192396820143,0.009092192329076675,0.28237212768143866,8.542408195788166e-4,0.00827857803266689,0.012277453286986319,0.003920568374782156,0.008877937470503406,0.0029109630222145157,0.006327557220043456,0.001070492837661759,0.006622433438248051,0.020837133381382895,2.6710981482269913e-4,0.01171265469133982,0.0013126177046456804,0.010753906311671564,1.8368869050620898e-4,0.005295593180699183,0.003915584424618897,0.0018707625109212359,7.593386700525402e-4,0.008047884547408315,0.009548572168267017,0.003210915006171332,0,0.006400459706745239,3.2804067937360835e-4,0.007536418991101178,0.014790603225187049,0.023296643925259305,7.366486289969278e-4
0.033119737813608364,0.06462076550547552,0.06316400351059981,0.015725926263085832,0.05743766659054004,0.01859188649319274,0.04798690832603067,0.0038604110111412587,0.0038884110100196345,2.5801741386985303e-4,0.0025926118381402173,0.003513766378139315,0.0029148316657679613,0.04473286841156202,0.003454938690136796,0.13515587864107093,0.0012038779823364146,0.004378591273263447,0.0015173318110622907,0.002767045406443835,0.0022942168581315207,3.593688980936378e-4,0.0022287280249126493,0.0029756051811393115,0.009763437422507439,0.020296537664738268,0.2539876247131445,9.267427406813696e-4,0.009630042646993235,0.013418538297510304,0.0027075122736083352,0.00787634453111406,0.00451113123969869,0.004727111484696616,0.001893448942518252,0.006349997894411358,0.0204595788559792,1.0014153010619545e-4,0.0138350522055751,0.003914810969989045,0.013331418702422658,2.7106473313739834e-4,0.007038226054107858,0.0051180775137568794,0.00248063594096777,8.007636612699727e-4,0.006613773334065073,0.009996864866429723,0.004290011682456367,0,0.005625572662392086,2.6183324977032633e-4,0.008928836393924016,0.014389495014758023,0.026029827638221138,0.0016821501412846657
0.029849953623033068,0.06842248525301536,0.05917209446071083,0.016583696788625306,0.05434588745803087,0.017210857045672483,0.04758856567290684,0.004192150474617532,0.003325908504603493,0.0012810467806122195,0.0021313465691001326,0.0017912206273111692,0.004357896617752311,0.0444295471977216,0.004178996685188101,0.1314480951583238,0.0013656910928286955,0.005459446469111332,4.1664074469754297e-4,0.0023556155415358406,0.0016807674372506958,0.0014861563349226193,9.589625527505044e-4,7.083004018361606e-4,0.013109670809846099,0.015480847764131384,0.28076963468942534,7.212991301217982e-4,0.006665347278968074,0.011534205350204297,0.002870100968292028,0.009886027725212444,0.003941907970619635,0.0022383992479635194,0.00270124096265393,0.007207088482348885,0.01874619981366163,1.0526118095424858e-4,0.012367265138276979,0.0015767865264170945,0.011120386656254203,0,0.0057147646863576086,0.0032501158814797915,0.0017967860132690984,7.558278273740556e-4,0.005682648747274013,0.011215043923334661,0.005418304933203822,0,0.007589638543669244,1.3274763077968403e-4,0.007995838250763578,0.015236798226164661,0.026709419700150804,0.0027190664486688716
0.030639445606888076,0.06619007526214818,0.05794558471728135,0.019019618275521,0.05684568555715252,0.015544972407468417,0.0543972739867691,0.0037222925012105287,0.003378264487927707,0.0011168045414224226,0.0031327193239846277,0.002106582616363046,0.001803449814411595,0.048126872058421664,0.0034977697279349605,0.11511933223893446,8.614069715735224e-4,0.004748175157710563,7.597279915687151e-4,0.003253182123878712,0.0017184117489357038,0.0011012545522977983,6.917051244933246e-4,0.0020991743769737522,0.010945409004490201,0.01721405657625141,0.2825126145133607,0.0013585436935098063,0.008721949965874951,0.01569985392651061,0.0013920723280244005,0.008167301572197031,0.002991491807376973,0.003005974306294347,8.736574660963743e-4,0.007133720623289252,0.019569002693732133,1.234078088372313e-4,0.013232820997628032,0.001810746538491297,0.013409177761386839,2.588396285660063e-4,0.011109303224817664,0.0042120417018302655,0.0031216712701756595,1.5955231231140813e-4,0.005044381104126918,0.010572775333060596,0.00359035551184727,0,0.005052473153130359,4.376307092657724e-4,0.007914495799284667,0.012299938939349286,0.028172974217026383,0.0020719843405844684
0.038410260840338856,0.06782102966875043,0.05690574792884744,0.015955316263295223,0.053473184700279744,0.017036206888141395,0.04656508920568598,0.0040388146792860674,0.00390852614894217,0.0012465007195438316,0.0025666757124086963,0.0014217993256365783,0.0021514613906362125,0.04702714422982414,0.00423880579365065,0.12976874232143965,6.533271766156726e-4,0.0047267531682168365,0.00142640382691904,0.0024644658764894157,0.0032588445122686727,0.001962978713475727,5.406006430965172e-4,6.049048948550417e-4,0.013001987023090715,0.01432277218728116,0.28419269372843786,6.458017490401887e-4,0.008186578450612794,0.009538201765962965,0.0027656650058816945,0.008427508377593164,0.003927012188681699,0.004167273484133798,0.0024129161428449466,0.007211317639863359,0.016114636197879458,5.230452357165869e-4,0.011842111370325302,0.002965981424803833,0.009098946896714743,4.2454277914464e-4,0.00365109084542866,0.0036384934039093105,0.0014722831461826589,4.893385922221298e-4,0.007292045885695594,0.009740788107822727,0.005894478032474178,0,0.0053424790015339264,3.9379890773376316e-4,0.00943566775188695,0.01414348161667326,0.029181538150934647,0.0013819402808492973
0.032844039284905396,0.06425496883172507,0.05527353444119279,0.017713126317807536,0.05198869682742904,0.013911045051117728,0.05020609881726392,0.003470836775630735,0.0031682278701080026,4.7872347304464677e-4,0.003382440477935914,0.0024724169217610267,0.002580268847740217,0.04409315335412479,0.004231654738071074,0.11629637176956185,0.0016370425030959076,0.004260112628102378,0.0010403122456879264,0.002514377640657958,0.0016234628908299437,5.11569235615148e-4,7.71777256606605e-5,9.851427524159367e-4,0.010451394748733661,0.011769656364084138,0.31186857860187794,4.7504108323071404e-4,0.008004718869992914,0.016569501499587625,0.0027782074337311807,0.009591021977588666,0.00451707250548911,0.0019708143068106953,0.004372679573516619,0.006169919422694504,0.01862921790487715,2.7474805998574825e-4,0.014495487371199914,0.0017238852053821593,0.011793218607650525,2.741122009751794e-4,0.0068495672961442254,0.004551717265921679,0.00159196196527488,0,0.006359787520830428,0.011388699751475665,0.0036792179040674557,7.837886158398528e-5,0.0053467359755339046,2.1642433056065686e-4,0.009019903212353702,0.012324081673929656,0.02273071699956205,0.0011187300838676588
0.03634241050709536,0.07160991027533119,0.05151098812162361,0.015600943904652973,0.05946785309830788,0.01513355851703687,0.047911905122266195,0.0024615031611100514,0.006890926751989168,7.062608674381947e-4,0.0017214641881156455,0.0022255352113568173,0.0032916739201352993,0.044997067260987574,0.0035387445558200197,0.14910379181315647,0.001153318179366233,0.0040017027190398435,3.674555947751207e-4,0.00282758482688225,0.003014366288617454,0.0020128874430355463,0.0011917913701311503,0.0011404566599670927,0.012288803352304258,0.01428324081049742,0.2695182649760357,5.246124112693725e-4,0.00817673357773926,0.010519062460680347,0.0026541393029971844,0.008419330671074123,0.0034904742096779316,0.0036184924923950207,0.0019325437304301932,0.005590438043149636,0.020926302483078467,5.948816851602579e-4,0.012186051967362211,0.0019671473286321183,0.01028936446331971,6.049856402176927e-4,0.0057378644566115815,0.004275302870832224,9.742149401563466e-4,0,0.005727156381480686,0.01230018394595722,0.0026628012144140805,0,0.004753675603593449,4.8293045345073856e-4,0.008246781762868883,0.010578335818334209,0.027737397517488365,7.143850705533066e-4
0.0342156283726692,0.07321864916776058,0.04840910619438614,0.01690748381929382,0.05577524146720654,0.01207984766000736,0.04886059412591611,0.004745692258388485,0.00506439067852429,0.001689835566313229,0.003110162945081678,0.0026189032794487746,0.0026943377188583073,0.04350229662424429,0.004362226616339732,0.15171795205659938,6.061623606810698e-4,0.0038313721615020582,0.0013489425748486994,0.0017098851298504348,0.001909524895324837,0.002016914505505948,0.0010813554071056938,0.002244436453128378,0.012197163923885377,0.013260599169064644,0.26403653752458817,6.448055096847977e-4,0.0118664916335088,0.010397634309551679,0.0029252773077879262,0.0066544808563515434,0.0035800122780366684,0.004676650963897282,0.00281810101950181,0.006301149738837924,0.01735822265414831,1.943573399465739e-4,0.013128792285683638,0.0026464999470815534,0.013774935772748784,5.262177350379272e-4,0.0062644471454305645,0.00571482395662311,0.0018026739790659295,3.8354962351057266e-4,0.008448519789657424,0.010503417718138158,0.002987985187491399,0,0.007118165860189258,3.398617485142493e-4,0.008504776590706874,0.01143969604814859,0.023463369541272143,0.0023198408029232484
0.032381318816617044,0.06686174669733468,0.06081746515995247,0.01816007921151781,0.05503808068160781,0.018100485916424446,0.04483576672802454,0.0033011113701187844,0.004452871993211731,0.0015212865400847742,0.004046153434512082,0.0015375367782465758,0.00179801523575263,0.047614884639695904,0.004044853778999141,0.14999622741189508,0.0015982661358512511,0.0045266828834216585,1.3814789952396015e-4,0.001425910797678879,0.0031754789884553773,9.251262062394996e-4,9.2352884554547e-4,0.0027628985744098614,0.012718168009683329,0.01617179168212066,0.2538471006699262,6.827733420857953e-4,0.008335404251744656,0.014851683408576495,0.0025604276959438825,0.008979467172607516,0.0036093446697128277,0.0027454170716983005,0.0022490715877187457,0.008608952654018346,0.01902376119281739,0,0.01130204336808314,0.0019360354702518813,0.011391995888878785,4.228577467509707e-4,0.006556324451505564,0.005817679327900961,0.0014470149765265109,4.6431459909500176e-4,0.008635865520486315,0.011085235380724407,0.0019349253099658276,0,0.005361657473910404,3.3678212447986315e-4,0.008148950945838162,0.013427866260499712,0.025632151389216366,0.0017310116321104826
0.03444383839175941,0.07196827897405375,0.058266564178607615,0.0187197079794697,0.05870353267423005,0.015511670220225005,0.055121250451733175,0.004066859402679693,0.00462118340077439,8.24776361132913e-4,0.0016873236694538078,0.0038340110039140093,0.002687250401725891,0.04917665866173116,0.003798203802963407,0.11648928742266577,0.0010527143761166393,0.004277286385424304,0.00123649208475531,0.0023249909222791874,0.001340875073700573,0.0014646657538128043,0.001123104123505824,7.045083869971495e-4,0.009233814018074538,0.016609970705995243,0.2732511397000694,9.587767568194364e-4,0.008424367729394809,0.016945152932766123,0.0017053957235612933,0.008810975263785421,0.0038733958930205563,0.0025187155407248134,0.0028704641470627215,0.008869247323466807,0.019038074257356832,0,0.009840646223834142,8.287579872967256e-4,0.010932304500300945,0,0.009015189486513213,0.0030340721070015865,2.1813533440734947e-4,0,0.007509480101380907,0.011695461676727751,0.006619212724038944,0,0.0054642041161368955,1.385764459583985e-4,0.007430367306772391,0.012138880509685736,0.027121763352145938,0.0014584240319895118
0.03304268891536596,0.07225749229106812,0.05411595700386689,0.018308869002627674,0.057841586138948325,0.016788814156895773,0.053352490583892576,0.0035592120324547554,0.004332719055317284,0.0012485941654545706,0.0037353666168806407,0.002832297303617377,0.0021386882876186057,0.045567851674943725,0.004429711913551494,0.12630073648123918,0.0013453059910199438,0.0039362729185708325,0.001692213578313421,0.0021455884835294594,0.0027564907518114047,0.0010408478163207362,2.458119466065274e-4,6.166069709292368e-4,0.01166862683788589,0.016046286199948072,0.27922575904066976,0.0012447428511698337,0.007991528793750126,0.01470743976917523,0.0020199040135176574,0.006679842737504844,0.0031115667501549096,0.002198207631314426,0.0037958617023778935,0.006409593748665863,0.018844979200595826,4.67156267014222e-4,0.014625633322809434,0.0014747164943282795,0.011977852939669601,2.799624565608862e-4,0.006915644665189542,0.004533435056772231,0.0025868199682578235,5.183624355524878e-4,0.006592091674266608,0.008769812352517326,0.0051998356700888315,1.6948392401455278e-4,0.0049012967388973655,0,0.009531868738367635,0.01396066721078995,0.019211651506250673,7.071552210776868e-4
0.032820225370439646,0.06903596405535527,0.05670114850057551,0.015391372038554257,0.059342219893394076,0.015371772891877359,0.04886481698651365,0.0031444875681496077,0.003789042598932248,7.60173954527976e-4,0.003391413096576243,0.00253009243588223,0.002915977943448035,0.048910080942461784,0.0035952871368530527,0.14678640230746318,0.0010023893624982146,0.005231715795456901,0.0011771094207282786,0.002228475398162361,0.004068925716770112,0.0013442790498364703,0.0015411625190895146,0.0026029089512030206,0.010849336979154928,0.01475336414833033,0.2575996741527037,0.0012473382490682699,0.00784223904530768,0.011175289563061677,0.0017428533412972185,0.009563077395106293,0.0031581257114194823,0.004329807250758241,0.002381703989343927,0.004925481642278975,0.017146211370448163,9.936605034903001e-5,0.015024447896460527,0.002820188965024123,0.013293001949554115,3.707690532750427e-4,0.004918588303753472,0.006775519702201932,0.001775022102073891,3.585124169906231e-4,0.006308218715955438,0.009647011321174423,0.0031660101130353883,0,0.005174122164593891,4.808635486731238e-4,0.008901840649621663,0.014399214825467844,0.024993414643234724,0.0022319408055328856
0.0266758558208755,0.06286628063547384,0.06291023046008312,0.018230704036227723,0.059716527426414395,0.017620549749962914,0.05609018989308103,0.005570629345492388,0.002855239999794786,0.001045663434901848,0.0034600905854458835,0.0012758406278698025,0.0027312640350908328,0.047728366174818605,0.005120068087417844,0.1265381211382187,9.874265036275566e-4,0.006057764176543883,0.0013371999265510916,0.0011214310254262954,6.694178209919378e-4,9.233355317262934e-4,8.243145537149403e-4,2.130087806799041e-4,0.009488592353394536,0.015964238526338385,0.27700172571987797,9.853538388200325e-4,0.007466956860661705,0.008566691984165355,0.0017955942986901511,0.008894300239743996,0.003556761310628963,0.0025520601727755123,0.002760087901266728,0.0051807303152997435,0.016002462493516178,8.444710056139252e-4,0.015391720146217865,0.0010020158336100928,0.013743850238326596,1.7082889973417942e-4,0.007521003401916679,0.0036239645796196027,0.0025651258693914413,9.9277355781204e-4,0.006892928274264742,0.013121593364692685,0.0029185086762125697,0,0.00798712870568835,0.001029745733304542,0.008331810758084963,0.01237844079186894,0.027340109901600327,0.0013589044764301132
0.029827724857139012,0.06752596470233913,0.05509461468315853,0.018249665591784838,0.055175626825451275,0.01752331513811126,0.04473919720391968,0.005212794527206948,0.0052980174869251065,9.075838598559143e-4,0.0035638492874218827,0.0018841500015486198,0.0034726829038363226,0.04819119296264629,0.0036916061913394287,0.14768183201993307,0.0011386701031842943,0.005985298533100189,3.1247451245864705e-4,0.0027767361207189957,0.0015952552890617661,0.00145223648226927,0.0010569563082502235,0.0013423361083968212,0.010192323022234152,0.012320822034713928,0.26819485152895467,2.6455071293895115e-4,0.010170879904442456,0.01220395325612395,0.002460438187390436,0.009281417863792848,0.003389794578894552,0.002418097631551556,0.0023941616521430584,0.005175088755583829,0.014799566751988336,4.847221780567453e-4,0.012535777930699949,0.0026871100821867114,0.014852606552681467,0,0.006305359876050426,0.006621090942564676,0.0018389370199914273,3.977481859077072e-4,0.006032685443255398,0.010080533730931358,0.00690390586759659,0,0.004019014488834087,3.337153951612213e-4,0.008628118623632131,0.013932871344809796,0.02625028721996196,0.0011297875368681477
0.03444647059714757,0.06368326400301733,0.05851242436141945,0.01842271221849792,0.061332027563897516,0.017481509723408267,0.04702648950511031,0.0038417848747834783,0.003255935022817405,6.115029692869967e-4,0.0014499002458731652,0.0012192901556453304,0.0011504625744748762,0.04646897934743624,0.004767726260369765,0.12553691565442757,0.0017621863147928986,0.005886138235915003,0.0012626310486328442,3.351544762059433e-4,0.003976133009604144,0.001091399062963333,0.001042141710551867,0.0020466486537829673,0.01065750483587549,0.015333101280233276,0.2835856161574629,6.739703934475068e-4,0.010313152852461274,0.011943390584374524,0.0015232933401996107,0.008714883128876126,0.0038465097832624867,0.0023177243949580742,0.0018633807896691979,0.006202415314136096,0.018566082242049968,2.199795850310516e-4,0.012287488442860942,0.0013307226885503373,0.011455016020897232,0.0013974993454150984,0.006221912141632456,0.007162520165908863,0.0011182548491947913,8.012071711647359e-4,0.008251603402018998,0.011099065049707042,0.003964741859715548,0,0.006660919761323169,2.125012499766341e-4,0.006176578977280175,0.011202168978449317,0.027569539655455482,7.17427968349414e-4
0.028217334984062113,0.061776791267854334,0.05656652447428737,0.014288462477208927,0.06296661120763469,0.01775484573067788,0.04914561533260185,0.0035497886658450713,0.003732025451037958,0.0010121499089469905,0.0026789685429429323,0.0019364531768350402,0.004008479473797608,0.04756435648189835,0.004520370039609058,0.11865555356491911,0.0011628556097359136,0.0048762512763756835,9.457469382516775e-4,0.0015213863589521605,0.0033765618846803764,0.001693055409134312,2.1886155391294e-4,7.517671024991674e-4,0.012128889992417149,0.0164162075786157,0.2892609705709135,2.1281063806967467e-4,0.009575291734813963,0.011003156861270773,0.002093125164684751,0.01015916802017794,0.003839719520469838,0.003920263890544012,0.0031302232457366213,0.004825227222061509,0.018322034960430677,0,0.014434003099549677,0.0017449746479031372,0.01082713617944516,3.654848773190676e-4,0.006114423078068275,0.006025789375297671,0.0014844711436892602,7.360944695077991e-4,0.00811422854745774,0.01008864190151723,0.0064169588214407864,0,0.007226791205233244,0,0.007996292795398959,0.013645121602404373,0.025496069452814168,0.00147561248904585
0.030572265107860985,0.06615888001541027,0.058642000641580316,0.01818772227419424,0.049041334109959006,0.015354837605796428,0.044833404203052395,0.0031845221295555017,0.004939121380725992,8.066195670076e-4,0.001795422325693371,0.0014390866077073114,0.002989840772863618,0.04539857708793933,0.00290114374737338,0.13270995669920765,0.0012679816754363501,0.00511439052855105,0.0013836079180038563,0.0024565743201776305,0.002272422653713921,0.0014154474542712534,3.554226560646825e-4,0.0017721617987364584,0.011614953093986736,0.011669409537244265,0.2941584569071896,6.877561356150518e-4,0.008693136025517658,0.018060341605241302,0.001803962143446823,0.008620595606794564,0.0031088137266389645,0.0035683552295763814,0.0013060411820913713,0.0062484676048410025,0.018779343603868303,2.0682265892874068e-4,0.011693587574589517,0.0022697828545850795,0.012939859267198898,1.2830214917571988e-4,0.006360019840007235,0.006371338541869227,0.0010884479681568617,4.604627860762176e-4,0.006115523987177813,0.011512729800827189,0.0036879572754137465,0,0.005471643644306032,2.3734356260015553e-4,0.009472268684096197,0.013128089558459968,0.02434289595419172,0.0012005482094050465
0.030303485160712216,0.06884443879642237,0.060401534558115345,0.0156837932046622,0.05917240139059628,0.014492115853294404,0.05193145656307008,0.0043177090256896825,0.005610187409658285,9.096912300125376e-4,0.0031743083398904862,9.967589176053022e-4,0.0023623961770125796,0.044587013599468414,0.004436953254591285,0.12250092435985897,0.0012268180823752093,0.004145987281060592,4.802117391637496e-4,0.0011079393161750968,0.003071272409955818,0.0016847246023635378,7.674712226366923e-4,0.0016415320917204813,0.011445225042512783,0.015866151096449614,0.2909666402607995,2.995722541249765e-4,0.011747818698987294,0.011126335240874986,0.00431647016907446,0.00978233979292568,0.002185479793972534,0.0022771135128673565,0.0021702519937048833,0.006349222593289144,0.016738244886475087,0,0.011349795241702263,0.002680938197811485,0.01131018877046696,6.239081116770374e-5,0.005585594979612842,0.003887839295007099,6.907554772323868e-4,5.048058022474577e-4,0.0065355232025661675,0.01034502306163972,0.006142107390903134,0,0.005576071550941645,2.88857777441572e-4,0.00871768083358999,0.01459182804355376,0.021847403091965756,7.612065499801721e-4
0.03153858985626643,0.06205555498615623,0.05773317263551195,0.017217879077723767,0.06221593531575506,0.016295674085815226,0.04719149937934584,0.003308308478723007,0.0037370128777089,8.668983196049693e-4,0.00335076608730401,0.0011393920418518897,0.002514122591502323,0.04711669117767409,0.0035814593944961826,0.1308749672343842,7.39156999496837e-4,0.004815528247947221,0.0012963846663481588,0.0027162314582648483,0.002758717795381377,0.0021501349871148405,0.0012891010777567673,0.004228150944450249,0.010453181223226752,0.015738213819620175,0.27413101215730196,8.225488125447167e-4,0.008604777294344853,0.010003926646773785,0.0033877507967630008,0.009923998884346098,0.0035864739943034397,0.003466601352212965,0.0014592338403306186,0.005023399787485364,0.019051660860650185,0.0012270578466337244,0.015437122480272784,0.0023245420807360587,0.012909862804513585,2.0894436371763034e-4,0.0073716630426254376,0.003112765326477155,0.002100648388105702,6.840300501970048e-4,0.006897743095648125,0.012142503261831986,0.003284233061117162,0,0.005749623686637999,1.5254436704928087e-4,0.008574829040209054,0.014626607700635697,0.02507175579194458,0.0017394144251587531
0.029159001301610952,0.06840500579390617,0.05837541839319566,0.01572242077773913,0.057509002850370854,0.018059792270315244,0.0547708750499371,0.004388712468568036,0.005832087735416882,9.240070095221769e-4,0.0033709380922200913,0.0016908581912652141,0.002812069131788812,0.05031577996331647,0.0029119953126440787,0.14647685277633588,0.0010044300354448876,0.0038379221615180916,0.0013624977997922629,0.0015075724484530342,0.0025710188340019196,0.0028208221316966845,0.001123873776498965,6.99392389014208e-4,0.012463213982069845,0.012244321459687466,0.2586558614010135,4.781882152919849e-4,0.005841236880146752,0.013434297289170487,0.0025864750094461105,0.008822246923086856,0.0036116991592704682,0.003311730872338222,0.0013043535310023739,0.005507676637720507,0.01759896600217646,4.157008994028014e-4,0.012053936959222682,0.0017876560659792662,0.015954689490167928,1.0231364975612432e-4,0.0077513459247924256,0.003923574974338031,0.0019299779582917225,3.822951150939706e-4,0.007548826338001963,0.010698196129632907,0.005461972779376207,0,0.003459964213248714,4.0751952409354624e-4,0.00955411007646178,0.013753521590686112,0.022357160495399115,9.446237590608891e-4
0.03666628524892831,0.06743769689864376,0.0567735205665176,0.014150672735931104,0.053745476245154224,0.01798959225581544,0.043532505431155374,0.0037027116097153963,0.005077964165026783,4.4479751158156913e-4,0.0047771038439419775,0.0021287376504062782,0.0027582676226420907,0.045660499422540995,0.004923996599413172,0.13880013010641745,0.0013773638526046628,0.0039326580135133115,0.0017020311975983007,0.002450905309849694,0.0022591707833399116,0.0017746347922300261,8.127722598924379e-4,0.003534034395586409,0.011133942263845063,0.014547746455174301,0.27374188679223094,0.0015423306513098172,0.006164715390938105,0.014502555922672404,0.0017449818455745432,0.009333816023480988,0.0037267788914418063,0.002371366455340175,0.0025220736608432817,0.0073320449038537195,0.018608393302223514,0,0.01489250915247216,0.0012371375343247424,0.013133376430432003,7.715224806897809e-4,0.007504542277927247,0.00375235450368799,0.00215048853477782,0,0.0077182222826309285,0.011408631999787863,0.004062939491167548,0,0.00415171355836136,2.783597251852267e-4,0.007502242781913757,0.014481117713116363,0.023057719840159967,2.1096061599032022e-4
0.02890922977690337,0.06701314578496423,0.059250852866348305,0.017394198944298167,0.05672486865156698,0.016838131973282048,0.050220319569444886,0.004005802919328489,0.004533298806716274,0.0012527521457042438,0.0028188205039538375,0.002843083047024806,0.004185593568004481,0.04374825908889392,0.00392110231675304,0.11523047434236286,6.579338309613812e-4,0.005709164421814242,9.782272678348569e-4,0.00118831464947496,0.002022994234189666,0.0011069236112667177,9.160869155318892e-4,8.536535953456e-5,0.009437079235837528,0.014548365522589238,0.3073111807254943,4.6158843893891264e-4,0.010735386427614707,0.00843649429296583,0.00134815368825824,0.009642155557852234,0.003932072369614929,0.0027487957822011624,0.0021297778161365293,0.006475473953025548,0.015529722908224297,5.743396019222616e-5,0.013857948103167182,0.002260142158134071,0.01569563681145591,1.215585856352209e-4,0.006500087413827548,0.004300818088594586,5.509397553430636e-4,2.2509401381780723e-4,0.006233183033503625,0.007791366224763213,0.0046668776918512575,0,0.004635763138278917,3.2268597231612493e-4,0.007920893149448067,0.010618223656232294,0.028894381855244927,0.0010557750732823367
0.03026623323283301,0.06228420548873744,0.05552542551398477,0.016677436562751984,0.0544918495864073,0.014010915383718653,0.048060052255216014,0.0046923150771542325,0.0045510887774695375,8.35521167006426e-4,0.003276804020494843,0.0018508562204258743,0.0031052097116803035,0.0542566675387904,0.005032066618667853,0.13628092656045745,0.0016683645267756286,0.004478645190087406,9.221279908255148e-4,0.003341894278722904,0.0023657113437745812,0.0014401042287153513,7.203178470233931e-4,5.789649453173347e-4,0.012939823610157646,0.013116385889842134,0.27799998671279463,0.0012658282224975457,0.00869792889110227,0.01060596746310774,0.002248541830898536,0.009070877736625332,0.005100269467396744,0.002754405064272617,0.0017535846780254332,0.006549665700955258,0.016615362327373574,0.0012490569157705144,0.013179395595737187,0.003199971868149845,0.01192289850857653,5.167592452100072e-4,0.005659657495353653,0.006239623586343766,7.078142240702815e-4,0,0.006346018712281047,0.010627665436294675,0.0041040432528294535,0,0.00678700976555876,4.204691974229959e-4,0.009498869227987802,0.011991668406214481,0.027760651426656298,3.560954734550238e-4
0.03192041805115787,0.06855979344712797,0.05732604128768251,0.015571295476463668,0.05807281235178492,0.018140702973914454,0.0499626451247379,0.004255996854890277,0.002785582463297386,8.759599776090016e-4,0.004994878437005712,0.0033973382224189545,0.003632400779652847,0.04717670113540667,0.003988195429798944,0.11785479341543509,0.001094118710372264,0.005456337758901994,0.0011704306050108182,0.0015657825672006946,0.00267787140073891,0.0013022804133145623,9.759827444846059e-4,0.0013832737541510215,0.012899356307217651,0.015591580652574795,0.27578705765763384,9.126992145294308e-4,0.011977023507110392,0.011993360331481127,0.001616415845374927,0.009448918440816809,0.004439963958346124,0.003654758073143963,0.0017009162369785071,0.004698766499463986,0.01844532724728423,1.0499434928134159e-4,0.01420281156730636,0.0023702493047514294,0.012385416133090292,6.356725567680328e-4,0.007213318175907065,0.0062471644486765095,0.0020180904510667774,6.670624157310907e-4,0.006962573919193974,0.01107651676935588,0.004324749989391169,1.430903172990068e-4,0.005516777599997962,7.69038427428427e-4,0.006611096142644239,0.014409703754204101,0.025319830084693306,0.0017140662386982415
0.03257967031943118,0.0647955755787404,0.057891169579163945,0.017649142292811205,0.057942679657981874,0.016643262790666604,0.047453546021431606,0.0027458720936215614,0.003973972552424304,3.199211169180333e-4,0.004040018557162822,0.003062708684503639,0.0029128866970678947,0.048169747502185,0.004314958485887782,0.12140851464791094,0.0010419510923303566,0.004807469992479003,8.91206120147206e-4,0.0030716724750641123,0.004132172366308942,0.0011610235405688527,0.0010954708591984174,5.556964867919497e-4,0.00875823124689461,0.013890356845914376,0.28384133692546715,9.800661629574023e-4,0.009657129400991742,0.01429373289743579,0.0014917746113988215,0.008841115961749224,0.0050424758280981285,0.003182954544129907,9.602396747739295e-4,0.00651937372798421,0.016370179784036674,5.850488849240877e-4,0.015867265589031544,0.0022094650753337218,0.014244221668157362,2.2667689655765633e-4,0.00818697282653888,0.004996359904886797,0.00129766635543582,6.085919554476731e-4,0.005620353726209671,0.01055020350992378,0.003874028250015897,2.3452377859762026e-4,0.00394356037613164,6.040583775851652e-4,0.00832772195377033,0.012735570354810445,0.02836191889861438,0.0010365144953979198
0.03228293940218714,0.06317813012439648,0.059354298476878196,0.017903495132574252,0.05560508234923635,0.021033073855823807,0.043833621858504784,0.0034966811667943173,0.0046005194873088495,6.506154253698317e-4,0.0033042965005145725,0.002581281813002072,0.00252589733298067,0.050935478929345274,0.00365201959517125,0.20072250139674186,6.001883162947736e-4,0.004858922278067526,0.002202113580520216,0.0014451260484793524,0.002601624604540045,0.0013365118715100333,5.641952423462034e-4,0.003690151319340472,0.009502139369929859,0.015913641666598106,0.20103274487412276,7.53091419778429e-4,0.009088815001068857,0.0124071668958236,0.002148125243243637,0.009510684687346276,0.0021689116033247672,0.0034929519304973283,0.0012981356072557626,0.004513132182212755,0.020766507049040588,0.0012417307384442948,0.012709585996186984,0.0023923279535451552,0.010262246033398117,6.418919672942376e-4,0.007307617174068366,0.00547765669555318,0.0017355184183914475,6.766395283975944e-4,0.00622747274996099,0.012961496700539633,0.0029294693073943366,0,0.006423904101796278,3.6377644365884546e-4,0.008023689866703551,0.011919782203649636,0.032174236805862996,9.761436769833005e-4
0.03496488354156094,0.06769648246025957,0.0549452190939563,0.01823851657558809,0.05738249485879203,0.019682508922066383,0.05019874190002136,0.003439487573470538,0.0036449768698382304,0.0014125578447639537,0.00341027845573681,0.0018898199266418826,0.0029626093040467996,0.04452957091820088,0.003333142962460362,0.13121704172370957,2.3131375549681715e-4,0.005067172355702847,9.850887436758634e-4,0.001717475959219109,0.0020932321069292944,0.0015546338818570194,8.399278125598744e-4,5.833667674331213e-4,0.01206578820545582,0.013487165543812098,0.28291071296785475,0.0026409940392535212,0.009095032018376055,0.011577562378017953,0.0018038647121938318,0.007593804393523031,0.004243607550204568,0.0029856034592477816,0.0010049585767438194,0.007381746476422882,0.014456168073724563,0,0.01664098468235991,0.003227172264205736,0.011504844426127977,0,0.00629163854345828,0.00496571751308326,0.001464750193893268,5.315837765320753e-4,0.005308861094940883,0.008866153716758154,0.004590790664266089,0,0.006810186578883917,6.322712787173813e-4,0.008835772793316377,0.011873834186712173,0.024403508160548322,7.843774173779057e-4
0.03283289087991972,0.07143590987174855,0.05752981018719659,0.016452416917489405,0.05596475178686209,0.016984400298810855,0.051084077466627756,0.004055261977479512,0.0027069903311157423,5.520318555350985e-4,0.003449702675249522,9.077792217812696e-4,0.002025150494125816,0.04174858166431277,0.004174530576168723,0.11031475007501049,0.0012212368288809956,0.006548785419972069,1.600515440367658e-4,0.002526644141450628,0.0022585300030871654,0.0011035780816203821,2.3531964733493327e-4,4.3947904418311127e-4,0.00767296162313719,0.014792387253794276,0.30977906939194366,0.0019281292988925674,0.008704792089215856,0.012173494365179977,0.0014940879505408677,0.00851176945261038,0.002255270189911436,0.0031195496579371675,0.002215484832941673,0.007904443030245227,0.017588029320287916,3.113224124737257e-4,0.01430855075787902,0.0017450838207573316,0.010592484295115485,0,0.0075467890641969,0.004945832512938107,0.002661968877987592,7.214561414307292e-4,0.005234966724332801,0.010106613730165446,0.002327440436775552,0,0.006143124161490525,2.989730799107822e-4,0.005852898586852569,0.01357151436373568,0.027771829806477792,0.0010070217808417746
0.027871401326514878,0.0669512060304761,0.05686312961340084,0.016670216522485407,0.056796146782450936,0.017996962300873668,0.051204826827186654,0.0033249018854054875,0.003604916315211862,8.936070416170388e-4,0.002898175817811299,0.0017170140025140814,0.003114975655707936,0.04805786718805961,0.004218867763616901,0.12552741153983754,6.448937141823106e-4,0.0030323681971284595,0.0011083992820019937,0.002423608736760656,0.001982068266369437,3.8221213792245795e-4,4.007605561174134e-4,0.0016618860820560859,0.01195275599876714,0.014379034407022064,0.28837668139540573,5.752279088605925e-4,0.009245045096699175,0.015097538968767858,0.0017884535248422135,0.008798372216970166,0.002849791091872494,0.0038353319325285028,0.0013506926634719691,0.007471909778503699,0.017605764012317563,5.246552575144532e-4,0.012464548851790084,0.0022699291199330296,0.01232454618487922,5.274345356237339e-4,0.006531245797306887,0.004224048381673326,0.003142430293571442,7.11789905878437e-4,0.007626170856149966,0.010365070070379939,0.002915328343462168,0,0.005290436153080138,8.334582513330033e-4,0.008277799919564708,0.01265309224077647,0.02557192185385538,0.0010716714014893786
0.03293818745453183,0.06665223278717652,0.05987103580373106,0.01735628415098156,0.0562578173788078,0.017662128481133525,0.04609333208149398,0.003979466102604333,0.00421944612767882,4.2534276958069674e-4,0.0036694421732967474,0.0018739946649385668,0.003103416384519795,0.04419770018423496,0.003411068163823116,0.11596455029703502,6.339296551516447e-4,0.005271854789660268,0.00114561975174544,0.0020524563913397326,0.002522373978539946,9.756313605132288e-4,1.5226196915431021e-4,0.0017735937434036062,0.011300331953610514,0.014432608593355427,0.30032882534616234,6.646135599624228e-4,0.006673305929406083,0.013146589894489127,0.0028366522435014775,0.007062185896048466,0.00360491770622853,0.003439744851757784,0.0018453443944368415,0.0035347769380746404,0.021154433638106682,1.8030983186892533e-4,0.012246347000999396,0.0023359168015580634,0.011373433732154268,1.7474821430496965e-4,0.006719161625614544,0.004500546128974194,0.0024808509671241596,0,0.006906943061093953,0.012632235701388543,0.003942565238793467,0,0.00551038840383362,4.931838381046431e-4,0.005912084663883776,0.01699648323009867,0.024146870386833018,0.0012204335831549227
0.03417431198722336,0.07060016803769713,0.05861756800694243,0.013594084555387305,0.060777079138483583,0.016498101391777972,0.05163577128975115,0.0024863983639943064,0.004289384744863456,6.633550993406806e-5,0.00318269880244541,0.0033669820636605748,0.001984575750998465,0.04242110156635934,0.0030458812508678593,0.1565806013534636,0.0010754874496271,0.005727618497293097,0.001950525147340929,0.0021608083316171775,0.0032767096498522857,0.001156063764494587,4.528212506885925e-4,0.0036263297746348933,0.010980737556529537,0.011173991621040505,0.24308721639092495,0.0012121229754668362,0.00908194297849444,0.013853736578360067,0.002503842291332372,0.00971298410190228,0.004097342987487244,0.004725171654197127,0.0032906940775416288,0.005896701879501151,0.019984353546223212,5.44092391771477e-4,0.011739891560852447,0.002043643271357538,0.012112021790139822,0,0.008332991398869151,0.005749235204654095,0.001954555989959422,0,0.008766488893802727,0.011878479062879983,0.004119972570946383,0,0.006682349219033175,3.19284597935586e-4,0.006940680235972842,0.01356725479259615,0.021776451621329615,0.001124361079499578
0.0319231878175585,0.07196788406422064,0.05551607621559643,0.014310402457818483,0.057092653525998904,0.013182751893697883,0.046882111266069344,0.0036572460829360997,0.0037837918490417418,0.0012952552261872245,0.0032777911525261757,0.001057237864935854,0.002385618532838329,0.045318340235358585,0.004948897178931603,0.14057338303307806,5.771580646539054e-4,0.004306119651581997,4.5838134024573767e-4,0.002301426474833386,0.0016839680296242894,0.0017242150506807648,4.3441611466915646e-4,6.693616320573691e-5,0.013736520823987604,0.011306207744617585,0.2841297538683738,7.581229770729673e-4,0.0055493059134277085,0.012638978525876404,0.0023406020281498308,0.009653290778052784,0.0031465094494775767,0.002986161904381826,0.002522485872189177,0.008136694947700081,0.01792723716343624,0,0.013348220374651373,0.0035900378805666187,0.007443071897004828,5.724799901209481e-4,0.004244582415683597,0.005595023521403127,0.002286384274543588,0,0.008394412770964558,0.009670606273104313,0.004635051917385336,0,0.004830285542508386,5.844792918241851e-4,0.008284162590504617,0.011832594471389245,0.029201359863990747,0.00193012564132211
0.03070551571527401,0.06472789958375927,0.06189535030184745,0.0185214089167957,0.05419463842071317,0.012078123733579482,0.05408375955823619,0.002659476617490469,0.004523156708446185,0.0010251452843428582,0.004347680992580539,0.001945578103434543,0.003069413801151179,0.04221107813065155,0.0044589975110553405,0.11317368353113286,0.0016499568016240538,0.005087483242837336,0.001649705746638689,0.0015607891247014234,0.002731113602555802,0.0018555422134678224,2.7239747616479093e-4,5.189253587052662e-4,0.012260688034283238,0.010875500040258373,0.3115866662847658,9.923930881574716e-4,0.009324076686301358,0.012328240305156711,0.0025086144315499205,0.009881086117223195,0.0044488633633157785,0.0021869751342229586,0.0019355920195418248,0.005524889988586091,0.017097098713399792,3.0082950959820995e-4,0.012379443803266912,0.002384925454640188,0.008907987979408593,1.5865186267141797e-4,0.006833090641704028,0.0045904926303197025,8.58895163098734e-4,3.5365652666224045e-4,0.005427787148681255,0.01139231362989689,0.0034621555212227513,0,0.006638206166906995,0,0.007761141762638401,0.014006403607649908,0.023560602612115983,0.0010859112955693025
