i2_health,age,household_size,cantril_ladder,r1_1,r1_2,week_number,hl_covid_num,vl_num,region_Islands,region_North east,region_North west,region_South,gender_Male,i9_health_Not sure,i9_health_Yes,employment_status_Full time student,employment_status_Not working,employment_status_Other,employment_status_Part time employment,employment_status_Retired,employment_status_Unemployed,i11_health_Not sure,i11_health_Somewhat unwilling,i11_health_Somewhat willing,i11_health_Very unwilling,i11_health_Very willing,WCRex1_Somewhat badly,WCRex1_Somewhat well,WCRex1_Very badly,WCRex1_Very well,WCRex2_A lot of confidence,WCRex2_Don't know,WCRex2_No confidence at all,WCRex2_Not very much confidence,PHQ4_1_Nearly every day,PHQ4_1_Not at all,PHQ4_1_Prefer not to say,PHQ4_1_Several days,PHQ4_2_Nearly every day,PHQ4_2_Not at all,PHQ4_2_Prefer not to say,PHQ4_2_Several days,PHQ4_3_Nearly every day,PHQ4_3_Not at all,PHQ4_3_Prefer not to say,PHQ4_3_Several days,PHQ4_4_Nearly every day,PHQ4_4_Not at all,PHQ4_4_Prefer not to say,PHQ4_4_Several days,d1_comorbidities_Prefer_not_to_say,d1_comorbidities_Yes,vaccination_status_1,vaccination_status_2,vaccination_status_3
0.027014028551199994,0.048239801738080026,0.049100743320905804,0.016273379736841363,0.05760715056901573,0.015957357498809055,0.03536233575024528,0.006434932443881376,0.005681981271068396,0.0028201950477583786,0.0030927894505520786,0.003635075114100538,0.004258656742115989,0.0560309967896291,0.012364782648950617,0.16113999180812733,0.002189712599688242,0.00249241482559375,0.0017436844758266738,0.003169889584365969,0.0033992335518029403,0.003938982950490068,0.0029280721339502978,0.017465770234604695,0.012022049178569298,0.030335251776270226,0.213960102281713,0.0033867897052957834,0.01474438897600088,0.013975847142272627,0.00339173072989994,0.008142932959331124,0.0037492087692399586,0.01112515330668196,0.0035488142317985872,0.005322871127321818,0.01443403846549811,0.002181337277292518,0.008254154482510474,0.003644072680197129,0.013871680643474136,0.001621782073938432,0.006922388903828368,0.004968047942880933,0.003730608414253158,0.002058343143232205,0.007174095431635311,0.005379916237171983,0.005309284771785778,0.001122039839823289,0.005331964682824427,0.001269867577573754,0.005594529837772289,0.013692906854300536,0.022636650257771663,0.004755191460236621
0.025584733977306314,0.043944124289616034,0.05370225855550829,0.016243946920909077,0.053976456689789475,0.01590722161540303,0.03199808629479417,0.005531149375080238,0.005439731228238672,0.0028030892772301337,0.0037681241895203403,0.0036805993139101727,0.004120272640044828,0.05663930361422516,0.012638255433046062,0.146977198262157,0.0020889030131133962,0.0022390882445222733,0.0017343023610947922,0.0032315663687354653,0.004043782035430877,0.0031176935923526512,0.002622411929738349,0.02061672882611599,0.012690991785273421,0.03044105742053376,0.23462578112662827,0.0038019159880726097,0.01172198142120376,0.012044473847988058,0.002487130623342027,0.006918801383630071,0.0034311845798309856,0.012711434269546792,0.0033296382058601443,0.00549153499836994,0.013094333558426414,0.002563497054956164,0.009450245248992168,0.003596046820854346,0.013464888353662779,0.0016668825575231984,0.007106572019867299,0.004043401133846344,0.00410276801499097,0.001880837976312929,0.00806257033818956,0.005041842684607,0.005698888270677274,0.0010938451808815489,0.005987509387817612,0.001181122322720508,0.005456986363597037,0.01692065128164201,0.022963620349205897,0.0042785373830663284
0.026577571104339337,0.04601827551624232,0.05397369888133177,0.015881227865538403,0.05695007155560589,0.015826898640208385,0.03260969386521115,0.005734641595881968,0.005239794771845613,0.0028513633050169566,0.003948165134954973,0.0037959680053725625,0.003779950328091192,0.05182618569212765,0.014326180731965897,0.15454112620454674,0.002170895791892449,0.0024708400171777533,0.0016573299557590205,0.0036261872960458245,0.0036421844315671264,0.002978667042036589,0.002963595633638007,0.018496101294837104,0.012194204828325943,0.034361175872883475,0.21841221019989235,0.0034123991982472107,0.014269974313628241,0.013691771723204287,0.002620775925036339,0.008790608068336715,0.004392197845938181,0.01421187051724718,0.0035244713127373928,0.005620954902568749,0.014894989309954339,0.002331038836118365,0.009705655506857286,0.0033406319129612575,0.012033895796531064,0.0015140783807455107,0.007231024598407751,0.004563820840842244,0.004209929602724535,0.001688246820659273,0.008179311855228685,0.005574270873346099,0.0053257446120884054,0.0010906393666089637,0.005122624782102355,0.0010796854021867311,0.005548014333764775,0.015730234654632715,0.018944073085567618,0.004502860059391248
0.027893387064640843,0.04797631436624916,0.05785674221102345,0.01682628706177728,0.055384768887627306,0.01621466789261647,0.03372909695473766,0.005949550959558634,0.006171254370672547,0.003086160522802926,0.0038047639485063196,0.003798895794964235,0.004093580725032826,0.05309713124819294,0.012540473374660875,0.14996262587022952,0.002091672785966271,0.0024073827345426992,0.0016978101049221768,0.0033374328063291805,0.0039139621498900535,0.0034872527502142372,0.00303554439359399,0.019653662771483272,0.011956215190221463,0.029038731292606073,0.21158972038360316,0.003602580881946143,0.015506168135234498,0.013375934522333727,0.002737765340828592,0.008732146255481906,0.0036138301788095416,0.01632176702227601,0.0037545574878503694,0.005950905692568471,0.014333297162176038,0.0015764092737813368,0.010632679025543778,0.003410444632301034,0.011622432383449649,0.0012602436425941934,0.007139530406339751,0.003961428683097559,0.003811568505077996,0.0014000793024378643,0.008724760859627617,0.005634482640609686,0.005786721933852512,8.431124133324005e-4,0.006611697682265904,0.0013695923280844706,0.0060746647316333325,0.015324694595322085,0.021525720016841075,0.0047656956476368915
0.025836062700343353,0.048745482490050486,0.05669939377044764,0.016012000523981402,0.05439999104348914,0.01587353194517322,0.03284277778471029,0.0053957585801749355,0.005544047480720798,0.002629118722247249,0.0033751241936351723,0.00367164682547684,0.004228860200137033,0.05354118533280191,0.011000180528788695,0.16873548570180005,0.0020741970218307445,0.0023878421965679497,0.0018423870238978503,0.0031622930777343503,0.0034192848127605376,0.0032522903404914633,0.0029934921838301685,0.022359186048379137,0.010954777320686384,0.036209110163496094,0.2018841268103583,0.003594060056507636,0.014773412644620735,0.012878368180202836,0.0030007019465107484,0.007533868413881289,0.0033652898518560866,0.013048874818648758,0.0033559057749648624,0.005079050969756525,0.013519931875041984,0.0022147317028239568,0.009078168533163199,0.0033600025193014187,0.01248547711196158,0.0016917643839334839,0.007094361355019606,0.004667971482153515,0.004602090468540885,0.001261012075867622,0.008470548955844238,0.004778715325400926,0.00524212971445589,0.0011696888545335202,0.005478559699220507,0.0011024296220221274,0.005983730347493267,0.013418486672797842,0.024008051465203985,0.004672980354259735
0.02555089425645295,0.046927647410507534,0.056816111287503315,0.014649678355701759,0.06088661370955137,0.01613110170873769,0.03253088523658292,0.005845569355837302,0.005629016620440539,0.0024660065018877824,0.003212829261565925,0.0039925482611252805,0.004339620742794971,0.051740466636882296,0.012596828186932824,0.15367362396169662,0.002030340067703032,0.0022997293642031016,0.0018152636797016584,0.0032094804730161378,0.00331691703934457,0.0034006582864867154,0.002913635266726979,0.018355753538979058,0.010963345357436517,0.028999907675290395,0.21680312078597708,0.0034545480950876678,0.014878176524549641,0.01423398500966704,0.002490525789576213,0.008666338589394279,0.004482997621264283,0.017000643851989534,0.003445929640917961,0.006027094340070673,0.013731740369421203,0.0018652081852506967,0.009258876076123275,0.003294154630577579,0.01239592570611248,0.0011460517078160264,0.006882830262490898,0.004780935241775232,0.003859572785961839,0.001640761584103824,0.010111611405818075,0.005345699442922951,0.0050279766716142624,0.0010629202325287397,0.00503324795401277,0.0010656107014948377,0.005150081864736387,0.01716446974886029,0.02092927283664818,0.004475220100146853
0.02470401620338761,0.04473882097041565,0.05529902684452974,0.015542713723057565,0.05296166910327757,0.015211261411156819,0.03171208881211367,0.0060493478751719645,0.005670438306984455,0.0028563971023411426,0.003619899913828819,0.003632788924736632,0.0036513394438628896,0.04968253807424794,0.013581723525255161,0.16005471829745896,0.0022381156231575596,0.0022537210729092483,0.0018216959543085316,0.003736988977437107,0.0031271016328742185,0.003831889077725027,0.002209752290570166,0.01692712714680934,0.011252618358532631,0.027533440729710673,0.2378600219482515,0.0037210998398305504,0.012557840160139376,0.012346579526689688,0.002877423601088796,0.00801777462458839,0.0031056271971388787,0.013576952379618371,0.0033353183420781547,0.005427678972427694,0.014243674903011745,0.0016330428775271535,0.009225113042960848,0.0034191139404103014,0.012610355329513772,0.0011991974283576995,0.00806845799072141,0.00453333428694205,0.003950369979369862,0.0014608024716172923,0.010547832279557643,0.005000342218296448,0.00524066854323903,0.0010471440051085176,0.005324333031950474,0.001000117774329219,0.005780120630953264,0.012789081624453498,0.02178064088418389,0.004418700769783437
0.024201022134470777,0.04394571539831796,0.05373892041833891,0.01703200411481827,0.05630732893113751,0.015340537141690922,0.03261095446100878,0.0058529124728457565,0.0056382386787635535,0.0028219728485009846,0.003426836913257694,0.0038132885152411824,0.003882610079841569,0.046919486226950406,0.01279331742676574,0.17506940141726454,0.002108821854065056,0.0026571937560489903,0.002002963323115336,0.0029599360101270214,0.003916617534671724,0.00322829392515808,0.0026539518129837176,0.01901878881119422,0.011315517713841209,0.0293001443306475,0.21895635727078377,0.003282941493265704,0.012368996970096633,0.01359995672810806,0.0029123188903259676,0.008254658852032706,0.003947523588970724,0.01027615990517771,0.003357480209999004,0.0060758387868254625,0.01263304416973983,0.002099729068934386,0.008515388288864398,0.002889931101169792,0.012705520645395334,0.0013878450514941746,0.007673410900970054,0.00461507156978783,0.0038606562870201295,0.0017169821484073738,0.0081992251985313,0.0055720577916129185,0.005508308820521692,9.193552279281714e-4,0.005507180225644593,0.0012467077024392898,0.00602676961081622,0.01534272435078778,0.02362378898814468,0.004367293905136936
0.025575460724600364,0.04380833330515564,0.05170714186613035,0.015658583072590264,0.05401798787677817,0.01562870392524647,0.03292386322081094,0.005747043677546577,0.005806701142029947,0.002793766387401616,0.003690628847158792,0.003918756701379537,0.003602402158256535,0.05214228472897938,0.011436921147604922,0.14652827014799918,0.0021752057157231447,0.0025634856911909386,0.0018027298539226146,0.003452102539510438,0.0034471861017186557,0.0036628591059973442,0.0024977123682097943,0.019563659463052573,0.011897755209087327,0.029575685525403444,0.23783402491142616,0.0035412192580594505,0.012602149318493504,0.013909372492623332,0.0024864333105203045,0.00858515991902921,0.003219395224819076,0.015089028177060038,0.004010702216516605,0.005134101957065253,0.01325625909881274,0.0014758988613124157,0.010526903318026986,0.0032450180303653948,0.010591153322908043,0.0012023113552982868,0.0065921011835073946,0.004810173453916202,0.004608553095531917,0.0019495650495945018,0.008591081037337156,0.004973782404615194,0.006078109448136998,0.0011460293620566388,0.005216169262049465,0.0011123095295044623,0.005485968897117098,0.018257243702511954,0.024492404364221194,0.004352147934078112
0.02555466281017993,0.04676620930441425,0.05336906365402123,0.016594331264177517,0.05302184755848903,0.015312802068670457,0.03411781299931777,0.006533642526422583,0.0053244334734389885,0.0026286717481529337,0.004025569255629899,0.0035854859504775233,0.003935244190368444,0.05490463429000335,0.013034762193765367,0.1468122441117976,0.0019293965611175785,0.0025636208416881857,0.0015588316911798149,0.0037181808415920692,0.0038942984312881636,0.003279323965103416,0.0023975428795379706,0.017476241365167903,0.011143214159775996,0.027682108666798405,0.23516249598324004,0.0030648465560601345,0.014452551165203059,0.01320194718668719,0.003065951451275303,0.0087257830809264,0.003732507401389479,0.012491146243618275,0.0038941135519989507,0.004646030343598318,0.013994797911014687,0.002498971410969276,0.009471550827839422,0.0034695984728719096,0.011962554279136884,0.0014036612822849362,0.006846888811647528,0.004303833119807374,0.003970163342614375,0.0017069775499565152,0.008032796638358165,0.004904053837443495,0.006053672819021813,0.0010993845051306232,0.005466748099401527,0.0011726639478067825,0.006400772287262576,0.014139737010784453,0.024903261417570377,0.004596362662503797
0.026322938152824583,0.045668344456304265,0.04892806785699941,0.015964589314692818,0.05412640425201765,0.015478101758040975,0.03217378796758196,0.005483757853961763,0.005535498873448146,0.0025637566916341305,0.0033238015055316785,0.0038346139075528625,0.004082405094547847,0.05030531825590182,0.011906763977745313,0.17260710770088006,0.0016078299370300845,0.002569570102957298,0.0017264279671590037,0.003816849783078037,0.0034375860339503606,0.003311631621986719,0.002189387897100073,0.021361019963118327,0.010393684540655047,0.031138571647509095,0.21631520997921547,0.0037065041850870136,0.01564258574219391,0.011480241380830331,0.002557696223654878,0.009367430779500216,0.0033119711675804286,0.014279082798856216,0.0032142265375466957,0.005196702342342747,0.014973512299705647,0.0023520753158689915,0.009029330303332642,0.0035241878669042713,0.010374040733889103,0.0012743538952697327,0.006245264744648556,0.004359892662401521,0.004106741539210275,0.0015154733329969178,0.008036475504393733,0.005302534392218205,0.005449119032843932,9.519504949008854e-4,0.005542093525816548,0.0012705774334406052,0.005568411996624549,0.015928966209441002,0.02472497170946628,0.004540558755609346
0.026082569439107153,0.04719550130191507,0.056942139329787526,0.01668876948393171,0.05515008953432004,0.015817618261460654,0.03195408307726532,0.005549153262966485,0.005545360965226345,0.0026807688957701764,0.0038871342867624454,0.0037242832147744665,0.0038160657049200815,0.047125718646373445,0.01398533455091065,0.1534679906675064,0.0019001403705805797,0.00283693098420617,0.0015768341160382702,0.003449584026447012,0.003138868690668052,0.0031767823046596946,0.0024588200036910956,0.02122445509023941,0.01120256083991661,0.03106429783438601,0.2224736897518639,0.0034678641977676614,0.011994568172203658,0.015207704356127807,0.0027161472218078775,0.008974979548864108,0.004302163862045972,0.015455989959522616,0.003494924586509231,0.005087244598817142,0.014534139663118678,0.00167262173516291,0.011559967517636932,0.0032237887698667186,0.011004630629276108,0.0013789735017849824,0.006638667397951787,0.0042800141704282275,0.003653682535503556,0.0014033058855095306,0.008085312972936479,0.00523775515209452,0.0066307900404112665,9.578137930983507e-4,0.005462725860896788,0.001090448272141668,0.00565184273951039,0.01574595784799913,0.0224679107126404,0.004502519662670691
0.025797166672716913,0.046178607480054895,0.04918094252366783,0.016301253791763684,0.054678204082838286,0.0157410624372174,0.03170603708360408,0.00583057484029312,0.006221318140774455,0.002631007009390299,0.0035496736416129175,0.004196405400588341,0.003953708634915398,0.05152975650862168,0.014307969388737404,0.13982221761154742,0.0017989895977246135,0.0028076243728814595,0.0014084139618999799,0.003840754473721691,0.003586102935151687,0.003412587628194256,0.00312346860305579,0.018899465496932024,0.012845313179325695,0.028640888801526595,0.24538280077718472,0.003835859441733845,0.0110749584870812,0.01349312702760766,0.002838381275084063,0.008572382177153228,0.0039537832893650465,0.013838888385785295,0.003298122258481201,0.006810049614590671,0.013951838894046109,0.0016300462875583083,0.010884658728684644,0.003352244734496493,0.010442271424584051,0.0013224080095091831,0.007024819785275625,0.004726416387705466,0.004513353374284331,0.001581697277856731,0.008222304143907571,0.0050993832572750145,0.005765283508071728,0.0010400812899218214,0.005288175754305008,0.0014181708401671744,0.00676240356386364,0.01591008971961876,0.021708200587479333,0.00426828539856418
0.026161824697311056,0.04265014660982789,0.049699409726469565,0.015816110229315193,0.052855119007251115,0.016241627685022898,0.03265793258555628,0.006230085085005887,0.005553398478432811,0.002617420131311341,0.00367765191984966,0.0036769430757308736,0.0037814272235544345,0.05385678859497787,0.014533707447377683,0.16032926448279217,0.0019973938289587928,0.002298037599655403,0.0014044098424115053,0.003444185067618522,0.0033505600810875293,0.0031460244542428468,0.0025964024750171045,0.018172555839081582,0.012316251356022642,0.030170776560112897,0.22593731873554182,0.003636639467969278,0.01335947153330263,0.014645571175540693,0.0030786073398610526,0.0091523638453523265,0.0029262588117408717,0.0157618077364404,0.003744322192015851,0.004751244635109045,0.015231458231663003,0.002142740137996564,0.010975290548559316,0.003279364575581697,0.011673451348420558,0.001317441268107864,0.0073300376001309685,0.00402494962507816,0.004442670400330099,0.0012022849654513754,0.008522766933227954,0.005289596601836918,0.005076502096718989,0.0011070429625914787,0.005724997193093068,0.0012606101098354106,0.005894760598826245,0.015293889063562625,0.019975172926679812,0.004005913255438367
0.023630181903102968,0.04580360386024148,0.05473345254998343,0.014880794994396885,0.05618052131225024,0.01627080351719929,0.030855441338706376,0.005907203850204724,0.0055664447802553346,0.002604897894589191,0.0035154400157996935,0.0034524565631586473,0.0040155474335325,0.05385307753158362,0.015260094353819635,0.16567785017972814,0.001853349595764422,0.002307471274377199,0.0015602516099385273,0.0036006917063031276,0.003456536101418981,0.0032279372997239706,0.0029544904027289268,0.01927738362291405,0.012358769846073286,0.03127145640258946,0.22392287184021953,0.0032045842773302424,0.013768965156650976,0.013314827981378112,0.003294560091949352,0.007277641836641494,0.0036712112018853866,0.009348273818936138,0.0034397575886303457,0.005034046919942004,0.014781788955007752,0.0016759081888409726,0.008818607338243993,0.003088069501933214,0.01003934211239409,0.0013253997816607024,0.006639577391324952,0.004839166451582918,0.0039966202499579564,0.0013648681832023485,0.00968760282014905,0.005200862379817971,0.005517828539611959,8.765360671410637e-4,0.005961448184017035,0.00130104654683635,0.005457384455843653,0.015315971547026476,0.019447208914691958,0.004311871736767927
0.0243370856810314,0.046267772523571254,0.05194375969749265,0.016619732701931268,0.060152633675454086,0.015848640648867655,0.03332766859180514,0.005717078761426406,0.005616352976586582,0.0029544717561727552,0.0036604051948662696,0.0036158564805421154,0.0035102772823673756,0.04738459796549898,0.014517262946955382,0.1684183150115311,0.0020220967232114236,0.002349690280822906,0.0017734253509712524,0.0035342271764299896,0.003245571736238267,0.003685237948107691,0.0028791468564223054,0.021451137530234452,0.012375878508499668,0.0246934618788894,0.21425755798686116,0.003411567609815128,0.013465536156284492,0.014001824127915539,0.002761146701993765,0.008634828621415644,0.0039719976091161825,0.012620466941344376,0.003393246936469486,0.004835433323159486,0.01526347450973675,0.0022460103244212335,0.0103283846449803,0.003012071457740111,0.011108859334758378,0.0013151703583067426,0.006378780264516267,0.004673544005445774,0.003896317651600071,0.0015336162790455384,0.007628773343364484,0.004886918763897334,0.006131387931633568,0.0010260446790875282,0.005319951499135898,9.309300230753339e-4,0.005486752614027201,0.015906209939719772,0.025074498091632834,0.004596912383571891
0.025989525102299123,0.045557039184115966,0.05198936790972016,0.01607448042979692,0.05911264591010882,0.016038057875864296,0.032003327207417775,0.0056090551213150595,0.005188121812034218,0.0031020636591539415,0.0038124887563088113,0.0036748320363802454,0.0037011421331519293,0.05381810320386194,0.011125742467302394,0.1571598645222496,0.0020017793612224816,0.0027531062178403347,0.0018444195106818112,0.0036230460938244985,0.0033456423434655596,0.0032946633800789078,0.002440909308907465,0.019088430627464258,0.009457689041677625,0.02770239288324577,0.223621193352498,0.0037915312767069116,0.013867708615308026,0.013077485873077015,0.002955518437370823,0.00699060097356196,0.0035536588546137226,0.014384075011759694,0.004058623746612956,0.005526418069989491,0.014212829210490946,0.0020424221154412923,0.008923353107962634,0.003670817719535841,0.013792270519613709,0.0014581387541822207,0.006814705048124435,0.004205378801932987,0.003748120193259243,0.0014554859915395153,0.007972765059414463,0.005297126765907587,0.005999003461796615,0.001259466042084449,0.005382008290926992,0.0010545007544617258,0.005375519450604806,0.016856729681916757,0.025012825368216987,0.004131783351598298
0.027826273150525924,0.04988127848716197,0.054003771251860413,0.016235615086888852,0.05668650530132848,0.01611892142829465,0.03478585139377264,0.005662693583025415,0.005724134930462693,0.0027183158737769555,0.0035603828475718365,0.00421969919918263,0.0041573546776349345,0.0495916459667416,0.013390476364089902,0.16001390834389875,0.0023566070750067887,0.0025545435118137245,0.001655972245771245,0.0035330434875332174,0.0042314896725838816,0.0037847975969076695,0.0020451120883559827,0.019140799163813796,0.01225390422207355,0.024586830394361554,0.21134548422523655,0.0035507029861836055,0.014542176438869422,0.01499244995966273,0.003171939114354727,0.008855927628111103,0.0035966323519045795,0.01256560932467321,0.003496532533228435,0.006491081295903579,0.014861712745176628,0.001960228901572708,0.010021026824227957,0.0031820267173634583,0.010634412919002925,0.0013357522209184926,0.007416346921124683,0.004640743953850182,0.004149062369072451,0.0019764455944810276,0.009890393135648988,0.004905665911893905,0.005870702945520097,0.001205233951181866,0.0051043947761704855,0.0011638386163469814,0.006039960117371556,0.01573403674938934,0.022224496361322607,0.004355055065796653
0.02528774801905599,0.04571709000490937,0.05511059865223944,0.016149881027049375,0.04922971553200231,0.016085677036516515,0.03280244265666599,0.005562106014392118,0.005505759198348822,0.002730026460662297,0.0036368253596230984,0.0037662939105540054,0.004170760027624624,0.052346310918768825,0.01387524998366098,0.1521266136469412,0.0018439926910781951,0.0024139675533590386,0.0018494234780225397,0.003433393502652064,0.0033023389760162905,0.003443263902518078,0.0023093385250973057,0.018232633507406257,0.011266409825962314,0.03227751069984869,0.2308805858229612,0.003525935721512382,0.013504115489585805,0.013485403718953522,0.0030351611400640656,0.008713979825199536,0.003912564218213889,0.013888805820580549,0.0035194400425621456,0.0065782328333185685,0.013765953933579503,0.0021139402436389774,0.009759458797436872,0.003844127340957393,0.011893663584639745,0.001426488016423017,0.007411761252954354,0.004443422654320924,0.0039699940748135765,0.001116170013965007,0.009353494059025455,0.005333457030533706,0.005152754672001926,8.373159365367384e-4,0.005907645980973466,9.886394946963916e-4,0.006030770571996478,0.015799597834603694,0.020849880491914337,0.0044818682710610035
0.024918018171644827,0.04556593491009186,0.05580372485554723,0.01601759461189829,0.05272113594352994,0.015327835559088659,0.03215543603849359,0.00594260951040241,0.005694993349866435,0.0027672171864206643,0.0036464213730215043,0.003840928242310948,0.004104101882423061,0.05594948332357143,0.012564708422596013,0.1598756465379159,0.001929459936065305,0.0023709915216825295,0.0015997714930425537,0.003516348364610425,0.003976247852944479,0.0036526361768156957,0.002709296715478771,0.019386781799354293,0.011776709711184562,0.03295407342813441,0.2069874076137144,0.0034176282093914398,0.014739573259241282,0.013643817735618135,0.0030426999196954975,0.009163347895524952,0.003661658888631264,0.017350824511693043,0.0037968034963379166,0.0063959985591281725,0.014084585614260722,0.0024394177110123646,0.009817369619404215,0.003622903361769224,0.01277514128922552,0.001524163797241352,0.0066246545428360155,0.004622668411026698,0.003952771149208018,0.0015029763659772275,0.008354941753419972,0.0053500450824499465,0.00523656938310638,9.793726370926222e-4,0.005329654896696117,0.0013541108282802085,0.0054639435757057875,0.016734127376617672,0.022229140736168766,0.00503357486138927
0.027543490026178827,0.05081395163479976,0.05189399286891762,0.01691289405834474,0.05389858905334243,0.015380045182202377,0.03412529104521247,0.00587752781935066,0.005649243678280181,0.003180875082746673,0.004120526511593838,0.0037883654343253232,0.0039239359855778345,0.052215968910934926,0.01335143463517121,0.15499447924390394,0.002519825542591074,0.0026055762513495016,0.0014569042492735905,0.003356928643519153,0.0038465528331672032,0.003994013373317225,0.0030697554930643094,0.02010655751145069,0.01063512517980633,0.032068872901643,0.2088437924234267,0.0037795070602051417,0.015033118485014272,0.01489808730444032,0.0031172870241355333,0.008674652766015492,0.0034590008712027005,0.016102668014500002,0.0036396088113056792,0.005351071204674898,0.014163507301794045,0.0017651296606276225,0.008870440724959591,0.0033681353414865786,0.011935548392732864,0.00117503122633404,0.007025683169487582,0.004199358830830885,0.0035305848147533327,0.001215138929149165,0.00913816082676162,0.004916344934799682,0.005102266557717476,9.777309019085097e-4,0.005908774093824573,0.0010296225122001872,0.006617083602505654,0.015542481860113574,0.02476819292568901,0.004521266277338438
0.026400908780154865,0.04594910687973483,0.05186900036583869,0.016548287957540445,0.057878572434620176,0.01535116859883698,0.033310400370678506,0.005680425185765593,0.005895806808249462,0.003129247865534294,0.00360926950351645,0.004164958215882911,0.004329040319519926,0.042680178946000416,0.014567024407876463,0.15393955465225442,0.0021145385625483343,0.0028674028858584407,0.001850286127385192,0.0035566716698568267,0.0035219654083179547,0.003411887814128322,0.002889183060792334,0.018782774424942496,0.011547116950365819,0.02658030241463465,0.23458823581180493,0.0033856719636089945,0.01470519251541175,0.014704763593988892,0.0030056134482890277,0.008176635882565326,0.004078579196213251,0.013213849969457486,0.003487048121530906,0.0060323545210838915,0.01481625483172473,0.0020841732308384407,0.008259380376658451,0.0031352718339664456,0.011712998036904454,0.0012714414812896088,0.007114974793811671,0.0047423210159585885,0.0036844737218866097,0.0010747566357125855,0.008374879283706156,0.005140565545432677,0.006255519950672821,0.0010431349453346643,0.005351822447324221,9.552934760557004e-4,0.006196429707698371,0.014227773688552358,0.022024224800197296,0.004731284561484877
0.02517211479682485,0.04577113321030535,0.04833403473908211,0.016559017184446516,0.058547461833473854,0.015019609163396586,0.03396794088633588,0.006371347995949583,0.005901053043823637,0.0024543961476381085,0.0039438331002739115,0.0041189433516605764,0.004038376534139802,0.05106911427472169,0.014106954138738768,0.16802971654396792,0.0019705408097023275,0.002577934749322014,0.0015838322684357355,0.0033504941724659663,0.003327486841433628,0.0034485211546544064,0.002081867394270238,0.01748075320770617,0.01102397821812036,0.030285854602173142,0.22049585236216124,0.003602342184369542,0.011556859986647496,0.010241113423484122,0.003381707573116553,0.007721597250322786,0.004060675283219228,0.01230141165664217,0.003786257115521914,0.005617404428704033,0.012936770914432152,0.0020787361040174434,0.009328649468560461,0.0035950883920441053,0.011404739628922989,0.001724327182632602,0.006980821338950601,0.004554021112379834,0.003814408732866347,0.0016506639609142689,0.009076277119561027,0.004744209510206889,0.0059095538058060405,0.0011434702859039875,0.006054939309041838,0.0012941031387461626,0.00583911775975981,0.017848435862557157,0.02248467699408412,0.004235457751359973
0.02513327782314626,0.0476327399170845,0.048731320715119535,0.01641491383806783,0.05617829483506485,0.016146305697494694,0.03208789729298415,0.005766531699718757,0.005645860181555444,0.002565388499047333,0.0036815315616497944,0.004022937215992221,0.0037541927587148383,0.052185494995209594,0.013228369714742094,0.17105965567604348,0.0019699748212579564,0.0032409953562688317,0.0019821622249172233,0.0031133130476805014,0.003919859086659879,0.0031970098195069265,0.0026753436178119914,0.020323815692490633,0.01209156629415144,0.030922927194403784,0.209767540981486,0.003466622639305204,0.01377294009030328,0.011522587020376516,0.003161981352634492,0.007905840271632875,0.003343024007270777,0.016453228068549746,0.004170248847886008,0.004455998599589199,0.014457322567561954,0.0022014770294303747,0.008881583699267384,0.0033251643631762623,0.011058198219724685,0.0011551721498317328,0.00684004765328749,0.004780323671356764,0.004734882407159329,0.001570367133808278,0.007775970647867935,0.005495278194424196,0.0054987992025392176,0.0010391900327222905,0.0052447625596233165,9.188898125389476e-4,0.00633992825288236,0.01497414423104528,0.023268942954237558,0.004747863761695951
0.02726277919755137,0.046777349036861246,0.050849940047042776,0.01618068128644294,0.05411804397284746,0.016958710035239508,0.034119487383354394,0.006070424570675523,0.005814060606210587,0.0025478563672870253,0.0035776295033734997,0.0040899678556657795,0.004545192439633731,0.05660806191263074,0.010910150011515801,0.14596350478249476,0.002053702561850283,0.0029201207342876108,0.0015984006367629477,0.0036376267650391992,0.0036136276767334686,0.0036190086785802622,0.002610203347952357,0.02208757309217635,0.010651347774016459,0.026094692568479377,0.22618099525027327,0.003559912094184216,0.01440113705698733,0.014316434844019283,0.003028221192389145,0.009353712461345925,0.0033278404524419184,0.013464845502219658,0.004044193242352355,0.006244252002152465,0.014848144083886638,0.001965176891293555,0.009591282236451214,0.0030976723980558067,0.012998042537727128,0.001111947397432647,0.007064597840234084,0.0047706162270661785,0.004571081431232309,0.0014641067547088596,0.009473581326887288,0.005665828712135591,0.0053132186979007595,9.985318383917464e-4,0.005392520143744145,0.0012570907625268147,0.006119687484358738,0.015856199720442325,0.020879305162637928,0.0043596814098151755
0.02703407986317987,0.04692533143255406,0.05201186811463723,0.01576173681357183,0.05730208091628753,0.014781340962195454,0.03243545422801885,0.006069634040919233,0.005464408313000766,0.002753882540465545,0.0035936832888477095,0.003752304741020313,0.0036958403169370176,0.061739333315449695,0.0159512222626091,0.15765028164481007,0.0020115745579400725,0.002262971922881749,0.0016126589657667518,0.0031697540979387278,0.0035076125072713363,0.0032885685394322805,0.0023445451130785144,0.02180180695826533,0.009812370449781335,0.03083246448011807,0.21466608834956033,0.0036373451560743008,0.015246336236733925,0.012606820711777147,0.0031050722410840177,0.0090905291733404045,0.0036900843202921137,0.011231055935575501,0.0034992492404768215,0.004903429105379805,0.014810806527952405,0.002111363567884543,0.007857357295980897,0.003684783618589306,0.011914503015208891,0.0013449447088123604,0.006472037612050031,0.0043159980716728705,0.0037532714894231226,0.001507449119849396,0.007746093492185581,0.004694281710314023,0.005999413660772889,9.777670889874314e-4,0.005274073578395774,0.001025721812386281,0.005621040522102581,0.016327277963446345,0.021006438221102552,0.004312556065609933
0.024403759524560087,0.04631008759138994,0.05566053947856671,0.017163410569008213,0.054536961913718596,0.015000778367577502,0.033069502881373516,0.00555590964278217,0.00566531105759631,0.002712861470865034,0.0032290612789177124,0.003851890949036645,0.003852198021827991,0.0442975105822301,0.012571141320669454,0.14946358895911727,0.0017880162719516005,0.0027631088493165353,0.0019436500313576787,0.0034005546158007586,0.0037025270292061143,0.0031080797727252307,0.002850185654309055,0.02016557444195465,0.01211218427551894,0.028506146315247016,0.2500158459845233,0.0034874707994782717,0.012394929426658898,0.012874943445875007,0.0030796110035172467,0.008405062317741787,0.00411085414656353,0.012160776487309703,0.003449866026210625,0.005061940440982738,0.012113662277169264,0.001658682340840474,0.009184893286172287,0.003313215674271661,0.009827362231004317,0.0012948358235896236,0.007214969849554774,0.004685314522510108,0.003450573927400036,0.0013292412728952954,0.009157297906522,0.005015398283153199,0.0057640625608907205,9.433065446653174e-4,0.005355870655914233,0.001210300309536634,0.005448690963219018,0.01361806794216772,0.02207443722804214,0.00461397545499522
0.027193094711685874,0.04563812563561949,0.053511854967333856,0.016992017037748997,0.056211641816347774,0.015420837385709627,0.032220622199782445,0.005836790342366072,0.005454035489920331,0.003104337970189692,0.004027013219331767,0.003880342480278074,0.004289964221197094,0.05253717916688519,0.012398760603620877,0.1463108943963689,0.0019221809167100062,0.00277988248251241,0.001772280086049299,0.003117895796361546,0.0039871904956578965,0.003479707091574506,0.0025669036121731205,0.017507683539603216,0.012055771658963122,0.03398728389977393,0.2304777078102013,0.0036551597599416077,0.014054577942162113,0.012583822642259003,0.0024736880552241416,0.007731666390960504,0.004087144549000147,0.01219902483387527,0.0036249454530698955,0.006094845245016013,0.013010903870179205,0.001605793459627607,0.00962992153066866,0.00382532924825725,0.011227803170247868,0.001280688774176767,0.006561260021372318,0.004570346737396796,0.004540496080365258,0.0012491672273710818,0.008713079856399616,0.005408184328405974,0.0053686915324159925,0.001033625405372239,0.00627935548148587,0.0010787332274972956,0.005646123144387919,0.015395837332205047,0.0234153254403126,0.00497246022637951
0.025643476916047608,0.04744464030644456,0.04942628739857025,0.016315302859248402,0.05791504395350198,0.015707312868704502,0.03477531081371344,0.005812154648612875,0.005699044685248529,0.002661513337141494,0.004015453623299441,0.0037439926700588593,0.0037103343345984362,0.04927136140613361,0.010570827196453638,0.16556704837661468,0.0022005244437955894,0.002469517456818995,0.001792241161395273,0.003696102065646965,0.003949547957486743,0.0031940461585985196,0.0026634517873183263,0.01817515612635352,0.011048337276027847,0.029919152648983996,0.21474872097665487,0.003411825616716783,0.01502574393633752,0.01282421589285993,0.002878270591053404,0.007524303695853688,0.004090064828408038,0.013429033756227131,0.003166021013762722,0.005192169230468557,0.01442735195691584,0.002542788087681358,0.008849442822111326,0.002808961177094313,0.012347707845108831,0.0017498092960706582,0.008556209489504253,0.004518540653459936,0.004105436096692717,0.0015116480257802698,0.0085978472169561,0.0056828722384741175,0.005343149913269402,0.001158976925629978,0.005924068185579403,0.001154806158376091,0.005912716395985247,0.017128941233285927,0.024023816960206508,0.0039773573066569255
0.025065131423949085,0.04453636987666665,0.05096587009988162,0.017085509352086525,0.055946636263822326,0.016272431307580805,0.03425779611992183,0.006148403692846336,0.005597244733043011,0.0025791058837396565,0.004146971299950076,0.0036033502835157243,0.003772872112123931,0.052752399960300726,0.013030122332755077,0.16336921357711953,0.001709411952419413,0.0025342983163456874,0.0019448236704744497,0.003255391237489305,0.00339434337777368,0.0035878454419482546,0.0021941712611569905,0.020666230616789485,0.012394514891749005,0.02800856657795084,0.21559468767369042,0.0035002061579388,0.012506131929665909,0.013453162131311756,0.0030731932981575955,0.007924236251275621,0.003240316777178904,0.015059377444999543,0.003660397417553271,0.005654699643078998,0.013362438680514375,0.0016442219875240538,0.01119940899911572,0.003695054404815165,0.012146709888841253,0.0012424505083897964,0.00783304777068549,0.0044462211098859,0.0035612069394365736,0.0013938194072308369,0.009277872995796231,0.004719423544856595,0.005815755158280821,8.155237865853008e-4,0.006865424509940305,9.640385836542681e-4,0.006367023296195055,0.015958349169430393,0.02147612148884633,0.004730453381724682
0.02706540679110031,0.04878375452368922,0.048837571528714256,0.015807524566206432,0.05559408521156697,0.015110505981284059,0.03222787733983269,0.005963929309329164,0.006023213948926612,0.0028890925100314084,0.003379683638844174,0.00385162687988567,0.0038403490173459973,0.0485583129489623,0.011021633029253667,0.1738328863729133,0.001877069442127658,0.0027485700782640572,0.001965819567553669,0.003517911594896618,0.0035373848589840893,0.003875467698067027,0.0021625114400569885,0.021268577248801684,0.012764610791151664,0.02853666208032877,0.2106197384572953,0.004039337393996728,0.015573659311476262,0.0126856524565659,0.0032890048223571393,0.0074139446798550555,0.004151549920700313,0.010544621892259852,0.0036795322816796285,0.005959057084242477,0.01278235805210121,0.001706040662268563,0.010690941697027627,0.003438148561800292,0.010305360053415306,0.0015780653588274977,0.0068329780047292595,0.004775027370670691,0.0040992659922872016,0.0018099257736682046,0.009016287126904474,0.0055033043497082655,0.005887341329817775,0.0010779366430674182,0.00540153683742312,0.001280665577167406,0.0063635122328835805,0.015535028480994468,0.023934997288121866,0.004983141908568625
0.027224311195313426,0.050296278913618805,0.05545127768057646,0.015829694564061046,0.05567842531807678,0.015579078054026257,0.03175159702222252,0.0054390004427531035,0.005461776659275768,0.002992729488631592,0.003972108392973254,0.003759626372532001,0.004028584382611304,0.05175804151741117,0.013061382748459888,0.14658134250871435,0.0020929673572146453,0.002540771503186632,0.0017114738250697125,0.0035150179506825315,0.003586537370221376,0.0035251765000634807,0.0026704195552538766,0.023039610972366998,0.012447308074025292,0.029306145012734555,0.21741785986574738,0.003476266322806893,0.01155422412092247,0.01380459792918397,0.002866442159818495,0.00831052273134469,0.004160717739108615,0.01556450670738001,0.0033351967466834645,0.005796989862532059,0.014018243265114685,0.00217078827263408,0.009757820741617346,0.003430529483722264,0.010802943229190239,0.001226266039407305,0.007256734393900356,0.004478089694229609,0.0038886129518758247,0.0014891137630628673,0.010440979968041407,0.0053461162493310035,0.005532510661945867,9.509959999380763e-4,0.006202531744374043,0.0011195995960204255,0.0064524382495293265,0.019687508623994193,0.021530069109613897,0.004630100394852283
0.02615924467278108,0.04648597124922009,0.049576761181355455,0.016563616255950292,0.058092355621677604,0.015909371384303726,0.033570727983681665,0.0058035919392348265,0.0051722268776909575,0.0028694785938734543,0.003600167307361161,0.0036684306702218553,0.003269561425204788,0.0526167980978778,0.015123856390644137,0.17785016563248848,0.0018416488272460013,0.002477452212615239,0.001645813427969022,0.0033629457637800344,0.0033124378708579076,0.0034087465154884885,0.002024005064697363,0.023781411760757726,0.01194702293207733,0.02727466851636661,0.20588311072296187,0.0034770598713219306,0.014358855881948396,0.014317470168269153,0.0029658471294740983,0.009507415867615797,0.0027830520629002708,0.012298316258387471,0.003280892372977917,0.004727706295545067,0.014090544782970414,0.0015523009060056903,0.008027735304066405,0.003674724853622053,0.010825157075225742,0.0012516265337145518,0.0065472646998681865,0.004277079206818318,0.004210592525841776,0.0013526259594516387,0.008429115865873927,0.004834153003082206,0.005660998825949921,9.984031424672473e-4,0.005392294443490315,0.0010924289018059328,0.006259145901024644,0.015515404124173023,0.021394292248722337,0.0036059068890005657
0.025336529623639734,0.047613309095073934,0.056302881385180206,0.015623696166224143,0.05687115588654488,0.01581036196266357,0.032446328524601775,0.005436113310412804,0.00539998036281918,0.0026174450177808904,0.0034541317830855092,0.0037305125637761066,0.0038506312669109584,0.04842941552314319,0.012268258769687082,0.15717689318574954,0.002002341527888924,0.0030293552457649675,0.001405022663719412,0.0033288898200634453,0.003059016345041968,0.003286707853224726,0.0025226971545690025,0.019645928568544736,0.011364682569530276,0.031886243361493996,0.2205775351343908,0.0033108232312047616,0.014313912598843398,0.014349581719272246,0.003033830587565895,0.008903506777519164,0.003300406843480192,0.013235328682784783,0.003353549607424511,0.004936936444174289,0.014535864880459902,0.0025714684249278142,0.009747597773235502,0.0033969469713997892,0.011866004712052703,0.001005906163076136,0.007171009975414424,0.0046454915378068735,0.003486723088839682,0.0013262937630440887,0.008755567914237301,0.005908813177910331,0.0058321814768748075,9.587033015751703e-4,0.005391390509104529,0.0011061351751899475,0.005183523614833364,0.015978044968187385,0.023443057436258914,0.004475333971776401
0.027268973041838958,0.047571638617007195,0.049823384575219815,0.016540697073263045,0.05570396328280489,0.01611789396041608,0.03321968105285183,0.006068186734765618,0.005246464409580333,0.0028463224508006916,0.003750653730171359,0.0036991582615564945,0.004161676619474121,0.047578640181681994,0.011642732605082917,0.1579715876663702,0.002062745912954312,0.0030323145116101205,0.0015796044135133944,0.0038662248082624757,0.0037686907839348965,0.003175810559690915,0.0024504144697791727,0.018827126462970155,0.011748664699751575,0.03123151129888658,0.22496695606742118,0.0036636924779881023,0.012350007996456533,0.01475085925154055,0.003242682371530107,0.010118039997416303,0.0036536345198161374,0.012764325954531199,0.0032632212891995135,0.005419751139484206,0.01186405978980734,0.002054069574128586,0.010388256030253664,0.0035884187527784324,0.010593124312521927,0.001393472221163367,0.007044796865558311,0.004453077478856906,0.004130219395628148,0.0014380407622674937,0.009649186908545566,0.005182296678035025,0.005249468579224824,0.0012192109534698169,0.006118393195317716,0.001099669289328871,0.006069604896013765,0.01671593964478308,0.022705854074630213,0.003894907348063953
0.026208694973091192,0.045777435656712946,0.05274832569979518,0.016401461434958336,0.0545098654149498,0.015315598242462435,0.03108343009270577,0.005643896330163201,0.005180945634692477,0.0027336470798346117,0.003543482967754469,0.004047809152141772,0.003745922783257212,0.04633979709000992,0.011311503433901362,0.1547381918366642,0.0019777150400262294,0.00255875271464353,0.0017546087651575972,0.0034402841600674216,0.0034966602746139704,0.0038571561960167723,0.0019403166519710905,0.019711892293548264,0.011791962706232345,0.028753555933357686,0.23074269284295215,0.0034448235774073976,0.01362968592022107,0.013204250023657268,0.003423387256928246,0.00843916990638908,0.0038436723171906538,0.015064835934986578,0.003801600378423597,0.006089210846502718,0.014909640146729958,0.002059144107989118,0.011555620956835105,0.0034317352194112405,0.01184181100595343,0.0017077545186434118,0.0065921382375149,0.004178232967995483,0.004246364190477828,0.0015163895135105502,0.009388107722117586,0.005821603089363463,0.004986771428757128,8.558008074735282e-4,0.005874648364405563,9.771777326197098e-4,0.005908572105388878,0.01527666880757404,0.02354241274568241,0.005033164768168099
0.02534880739405768,0.046247578582433106,0.05004160975603718,0.015892407930261365,0.05331999342783417,0.015589451412888762,0.03187033086023978,0.006251079026371703,0.0056513303970226305,0.002861220271559228,0.003571691743010485,0.003724168248370659,0.004159474771360037,0.051424548083377424,0.01257958465329859,0.16193880466079985,0.0019240151159108244,0.002866088400241333,0.0015823703041065974,0.0037258946836340573,0.003358091704539938,0.00330458557546998,0.002679294847740759,0.018113893236116233,0.012614740230085578,0.028122358672648503,0.2256227652173292,0.00340171699916866,0.012248225740622584,0.015492351534017422,0.0030055115680082765,0.007954335176103727,0.0037995571988434377,0.01498163699553784,0.0031966060603171747,0.005243508419539735,0.01420867014404366,0.002399238394457046,0.010171308990296146,0.003190749013993115,0.012723007463962032,0.0016389613273891295,0.007218061285425633,0.004815283034062837,0.003848685568630514,0.0015688861110406253,0.009560033049024657,0.005515698681674576,0.006394142701477169,0.001163907949440962,0.005747112219708141,9.724107232158567e-4,0.005100452130140478,0.01387679121052435,0.021318344283480332,0.004858626819108194
0.025636243623520853,0.045150672232724585,0.054583798049143616,0.01610403709881548,0.05298820122462599,0.01632371807043772,0.033795457940484136,0.005367503567008632,0.006197123777504524,0.0030189146859509733,0.004190536454341933,0.003582152261107264,0.0037096305321710696,0.05214691397825472,0.013287176874584873,0.1598626360298979,0.001980226524541493,0.0026593607061496313,0.0017412300051907288,0.0036206422900731286,0.0035252950212686994,0.00374454721630912,0.0029413081950464574,0.017155780186767892,0.010346083023883665,0.03027586989040749,0.21678541827987424,0.003570231575349186,0.012914728563029582,0.013646153546927926,0.002668094447701171,0.008571151012326531,0.0038958330878430614,0.014271459317332735,0.003606489942683165,0.005667494813263592,0.012287805633594844,0.0022084653609164766,0.010736092335794862,0.0030423691063216746,0.01204799449345551,0.0020718194059538156,0.007368423681543481,0.004823793721221924,0.004372370926505696,0.0016846592204263992,0.009743655438255217,0.005232285360173371,0.0058742752664394885,0.0011399042850155105,0.005726541619934805,0.0011936741709548337,0.005118881100910314,0.017699232886629477,0.023258014047792028,0.004837627891616476
0.02694183951746118,0.0506533717355195,0.05416531739001094,0.016145732765763803,0.059337925931089754,0.016067608634236778,0.032119091773102265,0.005796225639533372,0.0050952953737077,0.002907717371963653,0.003740384750070708,0.0039833949493931,0.004082563694650874,0.05073816201956772,0.012906033212356725,0.157898818098186,0.002291542257880513,0.0025035206467983948,0.0020271274875506484,0.0035503537578407992,0.003743473630437504,0.0034877285096995623,0.0022603210246898613,0.018121032614878966,0.011009036303134339,0.028334161590385015,0.2192258871727155,0.003698418307214591,0.011598720553627546,0.012353083429294656,0.0028971732754049296,0.00811706962769666,0.003552335272774915,0.012885192885952908,0.0036673895995031243,0.00596171009400273,0.01313521319389958,0.0023910903219944053,0.009728261719001596,0.003475752832753881,0.012443275609091694,0.0015912352301471393,0.007626374409051049,0.004191270486351881,0.004056977743205023,0.0011092149443850691,0.008830735630106721,0.004806974828298139,0.005634531524105999,0.0011986108043608107,0.006099110894682811,0.001357825078517173,0.005584047209846547,0.01598232118858885,0.022291167403509393,0.0046012480500050345
0.024300447774551384,0.044919647761480455,0.05437747511641098,0.016828270475241505,0.053613731603145046,0.01574858334776357,0.033552626845995755,0.006001954324297921,0.005327914082610151,0.0027318092282288585,0.0036017702793789564,0.004058864918638905,0.003581508332151537,0.053953554873412836,0.014449719410804208,0.16722677816080017,0.001971101254343319,0.002392543528872154,0.0018506174335257222,0.003378589857962215,0.0030464317345363246,0.0032018534634109183,0.0027653762714320157,0.01904555383459972,0.011417061661690521,0.030363355114622185,0.20999067412809794,0.003383782539060066,0.014507856918522799,0.014189792104823632,0.003048894039797645,0.008352883431341126,0.00402531733224359,0.012484335719524068,0.0038467135093665683,0.005560763666027923,0.015149509644371388,0.001978513307866512,0.00922962672718286,0.0028977327565939256,0.01338960504598099,0.001509876178997813,0.006208446266046077,0.0048575225655606334,0.003890063806786713,0.001527169584691632,0.008985423073541377,0.005315015215622559,0.0055771908778304985,0.0015295819290272114,0.005567666364307217,0.001278813331572426,0.005729806359121781,0.01524151383069434,0.023200192013349025,0.003838577042142337
0.02682595669174649,0.046108749394261225,0.05338444755569078,0.016039432751620102,0.05135060503154282,0.015847803697287655,0.03142802290155927,0.005557058246140886,0.00568379819270591,0.002711194404374627,0.003251940619973569,0.00412750820910479,0.00413087449916485,0.05520722818113744,0.016217596765312054,0.16462627760687978,0.0018365652983184484,0.0026907846385451177,0.0017435114643273321,0.003660708752221796,0.003609951838983239,0.0032707245245302587,0.0026655924163636853,0.022007654380684857,0.013951383758196885,0.0337362784607805,0.20350891023732795,0.004016592108809401,0.012524385343338267,0.01370714010821389,0.002768692143800526,0.008550609664300428,0.003606037428734763,0.017612511225042426,0.003363464824225407,0.005414506564420682,0.016404614045396906,0.0017913051185275382,0.009136830410555685,0.003193661667132965,0.012465191154000929,0.0013493640841738493,0.006736376091852984,0.00408207416749005,0.004342604262080608,0.0011776087011265593,0.007941090474828329,0.005048248226294388,0.005182149112779022,8.276664779951172e-4,0.005729803113990829,0.0011115712450884073,0.005788870396621165,0.015340459538324788,0.02147686658501123,0.004129145197060549
0.024570841617298545,0.04708617145663144,0.05453770279712752,0.01655263018237112,0.05317398984922349,0.015079323314613691,0.03248862390147675,0.005871730264784011,0.005363917979224532,0.002595075242751779,0.003586569219172913,0.0037499689725047675,0.0035792880990422257,0.047362161336392476,0.015595953180418407,0.17145923282292383,0.0022543848615165004,0.0026594328551194832,0.0017909652736401418,0.003440695500080011,0.004145687726100053,0.003220272264736903,0.0023026351440505613,0.022579029901576217,0.012208096310623478,0.026662338139189248,0.21458984153113114,0.00339167971968724,0.01413090189170075,0.01445413404268945,0.003058774918573636,0.008735200802563058,0.0033761118690014877,0.011271329796447052,0.0034012242811310624,0.00562872168923821,0.011872549311876037,0.0020404949755708085,0.009833717174616537,0.0032747958829297424,0.012043300284664783,0.0018267407216555522,0.006818328483542645,0.004613087288866235,0.003665716758484972,0.0014098755615922958,0.008195769625666737,0.004334351450009596,0.005755400553412061,9.749108518559429e-4,0.005640475672968949,0.0012316485817253082,0.00565479542609758,0.014633015746362684,0.02559957021553115,0.004626816677817204
0.024623150827038746,0.04215290841046336,0.04992211643552786,0.014911434514205239,0.05155933817193227,0.014719980175078798,0.033715241286871256,0.005580998360663247,0.005930732219060366,0.0028012786593187788,0.0038037611380900274,0.0038656815792996917,0.0035628206542100142,0.05146840616132675,0.014462385526902948,0.16556766335326706,0.0022588651822181985,0.0026579501119127105,0.0014858006268703985,0.0035978289392259956,0.0037665213098912174,0.003590606516928048,0.0025520865841770933,0.01836450597553162,0.01054811617321098,0.024744311614139293,0.24036789401047273,0.0035016763976935396,0.011940953182971059,0.013159882436706178,0.002595363851776682,0.008225120923313083,0.0037499146869423954,0.01358970754939478,0.0034358355963131017,0.004532308831401573,0.013214614287297928,0.0023799499722211084,0.009647340075756789,0.002392142225335393,0.011983248792621397,0.0016000253224968167,0.005467175337633132,0.004338680788536398,0.0043333821043836825,0.0015541206503480514,0.007594384798397798,0.004688026370661014,0.0054676045362162615,9.653299831686456e-4,0.0053024286601457415,0.0011333466207214605,0.0057407882164681855,0.017062268869748768,0.0232517092899508,0.004570285123543563
0.025348673906750573,0.04543315246886314,0.05527488231610854,0.016452157937753505,0.054185861140677694,0.015575669719538129,0.03462632775848143,0.00587955276652152,0.005636683799367884,0.0029524089128671795,0.0034430681768183946,0.003922273434317732,0.004259280335106547,0.04696862566887921,0.013420606886545497,0.14610823242209717,0.0018604462446252328,0.002424507200779736,0.0017021096653741328,0.0035648159437156853,0.0034256956853915715,0.0037711202027328077,0.00244091540944583,0.02091131891050888,0.011929359770508918,0.030452412898795803,0.23953885934106905,0.003447056278569053,0.014362811520871885,0.011518912750048316,0.0027111860261843346,0.00936277064275842,0.0034515152508531764,0.011534730047854064,0.003565477149091308,0.005247311238290312,0.012898496458150392,0.002123587295311824,0.009335550578594724,0.0033999376551073594,0.01283855853984096,0.0012895217299591214,0.006824480845219955,0.004684349098890444,0.004088860716543724,0.0010408067980462509,0.008140878552459613,0.005109230813425713,0.005591400373812687,9.539039391826881e-4,0.005265439341695962,0.0010037506221091865,0.005765881514163852,0.014178548956543866,0.02411872972708074,0.004637296615698248
0.025472375195108327,0.047522543544796174,0.055545168645365656,0.016535244396368585,0.05775474093810509,0.016078172853862285,0.03347306061492372,0.0056484322012382475,0.005301711522566219,0.002959456418052817,0.003347271493155013,0.004168653049175826,0.0039203553758917625,0.048801282494005456,0.012661110070843166,0.14050527848994201,0.001749801106417193,0.0027817741733684436,0.0014658128978141183,0.0037598665786957035,0.0034218981239961246,0.0035323550951163346,0.0026033072610444764,0.02003295255562397,0.013739815744378223,0.032244828125888754,0.2284070473676262,0.003406620113881089,0.01475866074655667,0.013409273822287234,0.00298561703762629,0.007573214236201218,0.004032017880548253,0.01391397622579951,0.003555214879134286,0.00570201621399402,0.013356344053878047,0.002234269004041233,0.009836685915636328,0.003198900203027153,0.012115713353583527,0.001501366920515734,0.007008112578159432,0.004511997694831932,0.0041558602222640665,0.0019277003038900113,0.010588281185119482,0.005384282716078379,0.0058465179175762475,0.0012551796923012067,0.005305336348485927,0.0012554293651342381,0.006281462681987647,0.015410928324993793,0.021351779734365316,0.0047029242947318655
0.026873032950112934,0.048205430723418936,0.048405551186773144,0.016046610552101197,0.05570470955325351,0.016212694759682702,0.034108201686346595,0.006395706267056887,0.005232985530165802,0.0028446654469208707,0.003919296454372361,0.0040859977985217635,0.0037436026149625205,0.053144221979765184,0.01331709410176922,0.14958542819769377,0.0022268035810553816,0.0024917200813359013,0.0014489267045498249,0.0032644421935068973,0.004143154719260835,0.0030102013373957456,0.0029375597834803476,0.021434282772491372,0.011332532545075042,0.02882193194064493,0.22896020025250405,0.0034160775767704235,0.01569587266941128,0.014170889472255864,0.002751330484986973,0.0077875730492882244,0.0038454026421149237,0.009904824013495376,0.003684933198177042,0.0058392089370004115,0.012929175359831666,0.0018784868529755883,0.009875287363759208,0.0032927188254834967,0.011277529018961487,0.0014374174939372957,0.007630368953962013,0.004534162882692644,0.003788439965203747,0.001657280163177414,0.008401122563145378,0.005097853451924244,0.0058396286417006634,0.0012520392786516039,0.005250930108151298,9.64680400639806e-4,0.00581525113333604,0.016576453613490152,0.022330066396466248,0.005178009774791709
0.025564872446956544,0.047051892227055234,0.05362488732491688,0.015548570301715098,0.06239148028734314,0.01513809199324217,0.03279687711057346,0.005595429848666903,0.005929209275880879,0.002555509691687452,0.0033158631273695134,0.003521894839664025,0.004002147908472844,0.053128825180617546,0.01199824124747265,0.1551903606852955,0.002013127489135907,0.0029042698834789086,0.001727021537603882,0.0030605601912129096,0.0033573404420456305,0.003220013914088201,0.0023803972090454856,0.02094172322403724,0.011269732969081368,0.031578098922212125,0.21618208123691726,0.0033121455804499818,0.01391497215927806,0.014071552225270763,0.003211530022487669,0.00933863164712357,0.003674805580073144,0.01141529890378507,0.0034660451237406133,0.005816844668835762,0.013917551639939149,0.0019195768748169503,0.011114674773330276,0.003659085865469141,0.012469735565091448,0.0015469514156218115,0.006972654574742815,0.004818070674570279,0.0038042516782504673,0.0017206837918202912,0.008593770015394395,0.004870364626584549,0.005550388444882537,0.0011499782478196368,0.0059318838252590865,0.0010319030266668513,0.006368388323715231,0.015128414313712013,0.020601774440508085,0.0046195514549715825
0.026579337574212814,0.04405290820308167,0.05131455923626375,0.015749276783239854,0.057997997889346835,0.016672238054542144,0.03417102884585963,0.006124464221169521,0.005733599663485485,0.002712208168716191,0.003773045896725164,0.003957969617336464,0.004295888452094741,0.046605530644125974,0.013950988697584038,0.14931720422921974,0.001905185217890648,0.0028333975295890277,0.0016598053136711746,0.0031043952944872118,0.003768500236496394,0.0033063678929522245,0.0021136905055990853,0.015748608869609812,0.013192443309152273,0.024445241017056394,0.22997888792593424,0.003541704146220877,0.018370555392837443,0.01578011668061383,0.0028567069568881474,0.008048522752312817,0.0034944524972099385,0.014482440096303185,0.0035554755411497294,0.005688969680774927,0.013506240582458962,0.0021266450356437734,0.009723621963402068,0.0037270559950150226,0.014012180910332734,0.0016963602666820875,0.007640648021811647,0.004732164658840104,0.004041973741936472,0.001927815421837726,0.009086026524781927,0.005560579207870497,0.0059268402275476,0.0011921897620564368,0.005368273849092769,0.0010256989847780534,0.005823528013351272,0.014764289527859336,0.0223789080741243,0.004855246196823833
0.02429425142594795,0.04162320265001229,0.05518356785822237,0.016075048149390526,0.056358747182068084,0.016044095092005117,0.03321815268897452,0.005983121577018835,0.005338994792741357,0.002904615669939685,0.0035107959212416517,0.004078945747303573,0.004018245767829076,0.055382755310035725,0.012107651689176522,0.1579466066509169,0.0016465570497564844,0.002337360246112816,0.0017304601728221135,0.003659651806862915,0.0034930331990858116,0.0033163472980877544,0.0025023935739450854,0.018395235333891008,0.011232927072577592,0.03034256369449381,0.22829845086603529,0.003900634544656649,0.012554500571235888,0.014070714158601876,0.0027914841482621347,0.008203694596798478,0.0032255737664804375,0.01097539724432135,0.003870413864159519,0.006298940755753361,0.014585736234792415,0.001824054467377411,0.008806848497454353,0.003311528509286904,0.012739482052658005,0.0012924652301032871,0.007466925395723518,0.004413413408529274,0.003908446946317772,0.0018114745790183994,0.007878555605548865,0.005282021300544806,0.005923187224287579,0.0011001523883934254,0.005690492790690508,0.0010693504077015014,0.005705690011835373,0.012965582460378986,0.022289255238520815,0.00502020511407221
0.025325223839910652,0.0457489902123371,0.047924381379305915,0.01720059261057999,0.056515539936126666,0.016723831973158937,0.034065812970585606,0.006014791536650516,0.005878024250166758,0.00289478008287458,0.003771893632437785,0.003891169308086529,0.0038736916727991084,0.05075740685844006,0.01158646927318024,0.17769076111154464,0.0020992302896362144,0.002877592584062629,0.0019478257734892985,0.0035282059258387472,0.003404642747302103,0.003687984461932529,0.002186024524329426,0.019604955227978053,0.011348721073758176,0.030260723991549707,0.20391905732837853,0.0038177842598780282,0.013909717258251787,0.01211684329016144,0.0030849608096982857,0.007089357609278437,0.003302427324927189,0.015602381296493507,0.003617798180043891,0.005464665784649073,0.012957096216621248,0.0022926856226772752,0.009822625904022053,0.0030441359613600024,0.01151292609550581,0.001398166876835761,0.007281888854271785,0.004973502463278563,0.003951691094760573,0.0019601876077361205,0.008641696287278079,0.005055202640803965,0.005584775503601686,7.884605501572212e-4,0.005037558205243944,0.0011592990180884204,0.006404209351748223,0.01621395117046371,0.02433672944921973,0.004848950736503684
0.02574986658124883,0.04750628858452819,0.04954964342456684,0.01670725599692503,0.05648254413402485,0.015280401997523915,0.03213937461158297,0.005750829631678555,0.005716748297588677,0.0027568844229640685,0.0036872171686524323,0.004128280221603812,0.0040495605047955055,0.05000183976057775,0.013314683631958554,0.1662252891954276,0.0020303081698834556,0.0031844304557212097,0.0014860786667525714,0.003602427813931228,0.0036949806459016725,0.003560839003356234,0.002280562647460058,0.01798695073521309,0.011110985021154485,0.026361261234709724,0.22495211904679574,0.0034502609258765774,0.012682484260513214,0.012135753364513462,0.0035455845383505274,0.007951089794700638,0.003819519058335666,0.014602497497376086,0.00358280103075688,0.006132668981863885,0.012159566088155764,0.0022512396286551496,0.009605635089293438,0.003602216852467053,0.010817219115350645,0.0017263431847211004,0.007525272023528814,0.00491653648547739,0.003877197860759259,0.0013073622187868734,0.007915971735354235,0.004860199688505979,0.006141376978227129,0.0011392779491301184,0.006044565421522865,0.0012845850581991167,0.0056677427303634615,0.017275674865514356,0.020190650549775195,0.004491055417398077
0.025369048903056968,0.04388744292850883,0.055869473704666196,0.016011178216756253,0.0592645658677014,0.015721658039319027,0.035077245921671066,0.005652019240986486,0.005700831342388035,0.002542544289014547,0.0035586137206064386,0.003574620258508348,0.0036923583069262893,0.04999727839101938,0.013226014066400515,0.14673727883810847,0.0020281446979345855,0.0029932253505638028,0.0019419895463703189,0.0032198780316267765,0.0037636621792857196,0.0035041376816392447,0.0026933154379495494,0.017344727745827196,0.010303788269216489,0.02843118978061768,0.23893062738412651,0.003485259728488851,0.01300601509316798,0.01264421245374648,0.0029386089939208598,0.007221931882219627,0.002692124179104735,0.011739745040977136,0.0036323422298311773,0.005237025221477753,0.014080537919816137,0.0020732584898647496,0.010523770491802599,0.003606637829611331,0.012211441331868297,0.0016178634514435527,0.006625919371845287,0.005054474809666017,0.003993515263589181,0.0015231566625402257,0.008157603465528665,0.005593178601231198,0.006480942104687246,0.0011203968676687355,0.005381206373610003,0.001093194793747851,0.005532754175373311,0.013945706382969372,0.02335390736589775,0.0043964112835077835
0.028335925864412616,0.04415140742238775,0.054381147066192216,0.016789256318493272,0.059492883505336505,0.016155712585349553,0.03167244753433879,0.005720644746611671,0.005480081012378117,0.0028885911989189046,0.003393926004699015,0.003568909168507908,0.0040899151772174295,0.050990376087872234,0.014694785443508392,0.15053736099469733,0.0021101074818755533,0.0028622079577260667,0.0018245293188498765,0.003327935086019204,0.003891957630379993,0.003484500279376332,0.0026249244706234172,0.01924470252136798,0.010770252958813792,0.03042407378866507,0.22290229001402373,0.0032069697702686523,0.013638719497660242,0.015295978000927316,0.0022848155238078325,0.008584075209306099,0.0034615138259931236,0.01413259825771845,0.0033458801418045636,0.004791964883297979,0.012775268957219867,0.0020456692479503755,0.010009896902360595,0.0035324230836689336,0.01257987995361294,0.0012011126661070958,0.00718892207787861,0.004544617326572978,0.0043767012365428775,0.0015219003583703881,0.009398236837651798,0.005975422975592307,0.0054357369008741045,0.0011301881783723209,0.006084406824368442,0.0012308972710970264,0.005333998640672117,0.015605368068687453,0.02089012329234083,0.00458586245063198
0.027411903422406268,0.047377810135946045,0.05482166734868589,0.01605529172604472,0.05370360844088322,0.015191425518724962,0.03164124781587671,0.005389002583341662,0.005310059753174272,0.003031503603190085,0.0035028650845148105,0.004133389071607765,0.004301565339897441,0.04779296886060936,0.012477853403404272,0.159221533995513,0.002092269213221493,0.0028996101518903162,0.0015931210699179144,0.0036297962257618053,0.0035276678404389437,0.0032239828114668237,0.00258474417119917,0.021119377694574445,0.01194437742883508,0.027057122633176323,0.22506009718757028,0.003734972818465799,0.012786270458582938,0.012672993230145016,0.002660298871696377,0.007309467264937355,0.004705694288513208,0.01403661298990782,0.003165283619606574,0.006124075218992867,0.01335551904693553,0.001814407518327563,0.00827700212073871,0.003078712080999669,0.012157685573179887,0.0014621208708325134,0.006243609251070461,0.004817109867742272,0.003880413683854154,0.001386202858049012,0.009952130552389974,0.005760630201585019,0.006332717732852422,0.0010056400736571664,0.005293623314869993,0.0011853764119558272,0.005954601648893544,0.0160065680776911,0.023795290869512986,0.0049491069521411975
0.02587902624521091,0.0479528558287575,0.05762702205319794,0.01739668610195513,0.05966881680444167,0.016245993015260054,0.031812146382244076,0.006313516081123967,0.005606601180877421,0.0029643014086362905,0.0035263707813598523,0.004191287207648801,0.0038041707205177834,0.04871211998824625,0.014632920415179768,0.16224709200402296,0.0018873056673912203,0.002882980324099188,0.0016900977323083752,0.003313281526430284,0.0036518090729840036,0.003268920958474891,0.0019967895487089504,0.01883740732744402,0.011815209745229349,0.026924414126121596,0.2064973838151288,0.003739724703913205,0.014378460620504756,0.012794741889966,0.0035267473957847992,0.007744759920033818,0.002958405187704698,0.017711992545610997,0.0033375065246729497,0.0066987394853703745,0.014195936328057485,0.002422358613445438,0.009439413630640246,0.0035231131386277595,0.010210719883390987,0.001412534784635156,0.006574693053311893,0.004594822566329882,0.0042886076566217785,0.0014051160469070265,0.008352728815150484,0.005540721077958869,0.005308112585280915,9.884054490380424e-4,0.006254039980198114,0.0012089482062284584,0.005710745635245162,0.016434179259073943,0.022672710926420307,0.005224488026875434
0.025772320030168456,0.04358985191652834,0.05368782398137281,0.015258979677150914,0.05559801013727956,0.015675957860884892,0.03589631489721916,0.005720612424738245,0.00549691855804492,0.0027519143116683646,0.00362527951710088,0.0037185153385026785,0.003916470397586499,0.051956464342304054,0.012350941125696187,0.15809688457509508,0.002291547384526839,0.0026563066485989755,0.0017354383087758174,0.0032273947747325266,0.0037259993045758344,0.003225623212183228,0.002661906596599505,0.019876824581193216,0.010191230230741966,0.02578872192019319,0.22869690115578367,0.003673083247232583,0.014159851640739185,0.013701170272305047,0.002957000729909658,0.007682857533732213,0.004381498343908093,0.012798219403554998,0.003160608995412463,0.005358412177040506,0.013828625781132066,0.0014995833380384606,0.00862852232470464,0.00335012728142141,0.012227425440932794,0.001314431987438559,0.0066983708996906045,0.004488059076760958,0.0039734982906236725,0.0013498655879246512,0.008731850814083805,0.005009155473847214,0.005351822346293468,0.001059337664720246,0.005754914596512574,0.0012814446985985625,0.005779953646593312,0.017236867442964893,0.02263082424675066,0.004741463507886931
0.02680057170539643,0.049470569007249963,0.050704878226700764,0.01647713469528793,0.05818958407437147,0.01617665213247161,0.03308654274371368,0.005807160510557221,0.0057230561900570446,0.002672127467362725,0.003421718578115406,0.004089763577757812,0.0036287930689527584,0.04607803038283451,0.012456759640370152,0.1602407875236729,0.0022501571781447815,0.0026872935126044262,0.0016775894872106437,0.0035849636021016507,0.0034361674825769844,0.0035823351152418077,0.002574109241777689,0.0185496069520352,0.011245543725579267,0.033215867867353845,0.22314270665123812,0.00344198853401939,0.013450398243793833,0.013626989069428337,0.0028488263175733795,0.007813530018809838,0.0038999705485997273,0.012736777643016691,0.0036175393456071778,0.005586511896908462,0.012178034080565066,0.0020145508631992724,0.010714277879926909,0.0031863495273839896,0.01194674119362583,0.001278835926253484,0.005952447720693109,0.004304805399461268,0.003693035518114642,0.0014847983274631224,0.0079252109929759,0.005580343554128198,0.005626672604175245,9.687456124322627e-4,0.005431176950101411,0.001076964786441781,0.005919804596217855,0.014976640739374882,0.02372500239497604,0.004022559373996122
0.02493061499158791,0.04842471703305868,0.055519190209785456,0.016883549985281982,0.06261377724678593,0.016054684082825555,0.03321496964498673,0.005825658966231074,0.005487069314701606,0.0026674862344378595,0.0035028228497091616,0.00438058408036364,0.0039526901885466,0.04920884966670426,0.01295134138395623,0.16448485584573252,0.0018287455442239468,0.0029625225041837403,0.0016043965302862566,0.0032862061059820633,0.003531475294275109,0.003139396757270292,0.0017759035723693387,0.018820369888219335,0.011908323532781581,0.028671101639589358,0.21177535057410557,0.0034014583603118203,0.012786073452956823,0.013722763147479352,0.0028788712072694246,0.007000025635091525,0.00467944006991784,0.013853762130284105,0.00347429082729045,0.005555021247194391,0.012867363615924499,0.0020718857020137153,0.00980182195837245,0.003956831761525879,0.011533825237379981,0.001188440412150478,0.007039792269663593,0.0038396954782013554,0.003920819923281067,0.001668019323242407,0.009585905659550234,0.005005402078568712,0.005518696900753444,0.0010578422114072836,0.00539166405233671,0.0011473277462733698,0.005266010744836969,0.014819007539401852,0.022875282375827866,0.004686005263510554
0.024395382703198864,0.04492078981133227,0.05229486469309827,0.016704791320870438,0.057157908136597387,0.01543570942926271,0.034429609628673814,0.006024815183569068,0.005628649944636657,0.002891929401960742,0.0037450766117636727,0.0033898502638045796,0.004289188327223672,0.04863818851760538,0.011773914556433701,0.16004523676346277,0.002139325078321767,0.002561638050046656,0.0017091446864541807,0.003653755819133476,0.004157558967584561,0.0035718260785852617,0.002321274423924603,0.024980752093748688,0.011173881698620948,0.030579141321404272,0.21663031564953017,0.003962685508566821,0.011469493381007471,0.01494410691161703,0.002300324968618146,0.007614109959564972,0.004401930078224319,0.01571912147690123,0.003902384973149671,0.006115546746394589,0.014083739345300215,0.002162689002113266,0.009691982553686834,0.0036220971897363173,0.011474342455842172,0.0014166174382176436,0.006743298967027857,0.0043114709859016324,0.004054002332947828,0.001761956525004855,0.008551815074541464,0.004636408499036382,0.005812164561510019,8.360932663652918e-4,0.005792028568579436,0.0011048147161301439,0.0055521471030767836,0.017026792296484353,0.020925592736813922,0.0047657232167907316
0.02553055881362112,0.047114386090021665,0.05959572351723072,0.017499153365181506,0.054374610854896255,0.015015961514822615,0.033368584120254105,0.005894318550934565,0.00605515881127181,0.0027762045643274823,0.0034682359605718743,0.0036645934871380363,0.003763485400842679,0.04682018585911666,0.015576686460472493,0.14388380856431857,0.0023199674429354978,0.0025331865834557128,0.0018083519049551702,0.003569169133635661,0.0033067133950462108,0.0032590343482723815,0.002506410318811735,0.018466944856187033,0.012195729681840023,0.03474196225798582,0.22578603838023076,0.0035551892605670387,0.013808539396203965,0.013869142197090355,0.0030907108732081347,0.008145462437607883,0.0043314550149491,0.01466465333027223,0.003271323514736784,0.006199468589062274,0.013539531571695183,0.0020577558471625095,0.009202113163452947,0.003350216661358665,0.011874781293951938,0.0014017527946627226,0.005979270421933335,0.0042768399660915,0.003780633243918695,0.0018995516417764828,0.009267240811582641,0.004877128417118074,0.005934282634781758,0.001030607177085596,0.006084446500394248,0.001290530926429949,0.006658617256132535,0.014349788980213196,0.02295794447953337,0.0043558573586486874
0.025950304565102226,0.04775756181599087,0.057070645879661076,0.015947958898285243,0.0542849447006966,0.015789600156367576,0.03290876636734193,0.005712373453785361,0.005266592547971095,0.0027491836478297175,0.0037651798424965226,0.0035665829442233996,0.0040698993604644206,0.05015584214496205,0.014677546129346264,0.14784659104685433,0.002117765248314128,0.0023264924743168266,0.00167058187445951,0.0033824772775654863,0.0036693772315129413,0.0035200592449818285,0.0025871642593948137,0.022661462837382854,0.010026018255605564,0.03489046618899345,0.22184278874065913,0.0033505601058767876,0.012144189902401632,0.014630089460415073,0.0026420139894560036,0.007214096005531322,0.0033909301786336603,0.014440511203063116,0.0038913906645000884,0.005714934129417523,0.015530155457408048,0.0023049477211006014,0.008468348874158961,0.00317322407724961,0.012553799444443594,0.0018357146624655113,0.007325586304053508,0.004678626699252911,0.0039239609647238,0.0016155990218713798,0.009257613228195835,0.004524101693632817,0.0054758004767716225,0.0012224310106019,0.005473589325524876,0.0013242219667489949,0.006176947932279862,0.01681708201833435,0.020038529310461926,0.0046467770368594265
0.025624551523151625,0.04783812444401708,0.04929365075447519,0.016417486457260055,0.054228422387428386,0.016508097692621352,0.03381175856647896,0.0054791129152013856,0.005645542210786112,0.0026987072590033555,0.0035137856705664437,0.003340802721287913,0.0038417431706739957,0.05107467797709992,0.012931585377703777,0.15761414018573353,0.002238141585426488,0.0027009171787986015,0.0018129246515974837,0.0033775663702831187,0.004093158223122823,0.003654816171088389,0.0028810093688910183,0.01971308620581408,0.01192852809488437,0.02697463223052789,0.2213355611021383,0.003704631571071951,0.013859623753605332,0.014927903951606434,0.0032821746988093365,0.008342702859144107,0.0036822046571652004,0.015760333660200545,0.003589698275609337,0.004701197314930376,0.013702466806630197,0.0019653969577718418,0.010874095759420976,0.0036532693450763566,0.011214511871163846,0.0014072217237402122,0.006919065072336663,0.004922140322320677,0.0041461640653506415,0.0011998177786443135,0.00876666519781121,0.004845425384837123,0.005664358849151397,0.0012692088426758017,0.005753342165772956,0.0010789104454928186,0.005633124669629654,0.013914491806555603,0.025936772541362788,0.004710549156050613
0.025605434961743785,0.049455024818180045,0.05198443775421024,0.01531189734137377,0.059433908482093775,0.0163931765446988,0.033888325430395765,0.006161027880691483,0.005582214118899034,0.0027397938330102245,0.0033523274916677837,0.003446641970174979,0.004013465370742244,0.05553518395985153,0.011946860944590113,0.15913135658814448,0.002283591651713048,0.0030383922313590565,0.0018901475207489277,0.003626873011123419,0.003605563288788201,0.0036558126930440987,0.002075782014025253,0.019967936542475074,0.01000707839228938,0.028583525389383753,0.2146626183983263,0.0032864637508044953,0.014229909677558763,0.012477665740794857,0.003379454653253057,0.00794184527040798,0.004437826551552652,0.012906523507267446,0.00348215118198953,0.006431143250157342,0.012803863146946735,0.0015805941310607448,0.010237045830805095,0.003228748605273414,0.011834281680300186,0.0015840495256322041,0.006710873620406408,0.004102873306192407,0.004232412552394998,0.001707245013603597,0.009013376203583537,0.005523861355875555,0.005559807359370338,0.0010476438824883615,0.0053662489707058825,0.0012240781138477,0.005578808123014626,0.014510593143034602,0.02333567566629735,0.004866537561635575
0.026647925452387783,0.04976613247009429,0.049045901077213815,0.016635538081026368,0.05510280855934605,0.01581561839248285,0.032617325394603276,0.005954144702174856,0.005430562045123756,0.002981761773902956,0.0041728309317905065,0.004246345396755864,0.003998185982772952,0.04816514996039067,0.013344676372742868,0.16208656193389837,0.002243361174965538,0.0024019037758205995,0.0020935462134497648,0.003911394918167574,0.003919246865297122,0.003200081611733646,0.0023562797822743327,0.018747811024586194,0.011660290494222125,0.02583709570077263,0.2250968094169448,0.0037335959620474943,0.012132598323051585,0.013859821363975561,0.00268474692785227,0.009046511848248697,0.0037747480435878686,0.01272731617214342,0.0034378776429765537,0.005311073114084858,0.01397004333543342,0.0021095563174266807,0.00961267559224583,0.0032631710732039655,0.012620147574443625,0.0014868448254124523,0.0074740464351308235,0.004629662438846781,0.003991509002032727,0.0013689473331539542,0.007909977646926832,0.004987353116526804,0.00483087028157896,0.0010528941122044972,0.005664483439527076,0.0011417680849845236,0.00639927001294808,0.016506138870440792,0.022104792089511507,0.004688269515110854
0.026680364566543303,0.04669581182882897,0.050500125966741555,0.015923268999952608,0.05965266579348819,0.015190969306225635,0.03521280212456258,0.00612672223959298,0.005364651396539834,0.002880248368806737,0.0038388478900768567,0.0037124673128238793,0.003819716728584213,0.044453399263614225,0.013721029445067954,0.16680290862915864,0.0019972984906106634,0.003088277403634727,0.0017796469714212505,0.0038938608135059877,0.003470291352070618,0.0034965965983700686,0.002435023632201397,0.01995635007518303,0.011463713012181362,0.027817232244570316,0.21700695040703546,0.00351480782980995,0.010825957335724227,0.013844417928540681,0.0029485952328381715,0.007666972815374369,0.0036421267695118235,0.014727887788209168,0.003628163712250076,0.004918761657694269,0.015553922450223176,0.0021248092048625758,0.01021926948850206,0.0029588908027790117,0.01150594700559967,0.0015804104742112848,0.006695897265965353,0.004278166696032928,0.003888428371986175,0.001355705766593558,0.009346133852448573,0.004658992981512057,0.006062258789107183,0.001125571142212281,0.005512494984258546,0.001096579453001771,0.005608355809768608,0.015582450134411637,0.023762448769341114,0.004384334625836621
0.02527302672620929,0.042523983900204995,0.0509887243699997,0.01593554718964063,0.05273681849881774,0.014690756759215303,0.03259382731402297,0.006017410557345608,0.005592991575980411,0.002930898752691568,0.0035989778045616076,0.00382982353749996,0.004071691072980899,0.05349300772129146,0.01591194283404042,0.15195532463908445,0.0021288992949470642,0.0026142638312663734,0.001970198638650088,0.0032839630608900152,0.003845978432942073,0.00353626317201395,0.002608172644553956,0.0184071199799599,0.012278356271233241,0.026961014560306404,0.23569401612048424,0.00373927256909203,0.01326113525192454,0.013348428097789326,0.002938927894137378,0.008151497303955342,0.00383388919905227,0.012788428957653827,0.0034070492762306713,0.005235389244229427,0.014634316823521941,0.0023728692664452757,0.008527175688883726,0.003477827074954224,0.010916233420610965,0.0014394607683911613,0.007604788413508096,0.004448239955782279,0.0040498347362815474,0.0015354020570820203,0.009675384068765122,0.005402105164886149,0.005901131718794964,0.0011910421822026234,0.005578794979082277,9.88278714322092e-4,0.006429601069206605,0.014712047022668671,0.024789462476498,0.004148987343213179
0.026058419319578252,0.0411037530788366,0.05416977414262155,0.01614807034523004,0.059061224444176046,0.015508483556671301,0.03394667523831316,0.0059785994619904305,0.006009650597236402,0.0025551288913016937,0.0037683648356556395,0.003970690405423583,0.004296120525975617,0.05022445707704769,0.009893989074445494,0.16330474499456707,0.0018767158394216638,0.0024907654700323735,0.0017994879008145532,0.003560613894678058,0.003639157385423261,0.0029061131254850326,0.002725198683266261,0.018446739229521808,0.011252314926524122,0.033346497095984896,0.21928121970554926,0.0040097325664414365,0.014318669487031858,0.01489432943861062,0.0031650027397716607,0.0071241160870616155,0.004152340856588477,0.01201451230544402,0.0035642420108486124,0.005927290166377679,0.0162951979582011,0.001207734922536314,0.008504592182211897,0.0029743912698252366,0.01194308863943594,0.0014846314920749662,0.007494536982577483,0.00503892550517676,0.003890389570437135,0.0014610858385108558,0.00940960405841433,0.004682725986222053,0.004908155548735,0.001072162721993336,0.006098819825472554,0.001065712649551747,0.005049024380971117,0.015123014146019284,0.021335837711575375,0.004467163706109648
0.025770782018589972,0.04718421318145187,0.0533761803715178,0.016521091240916233,0.050955644697116685,0.017086328378064532,0.032747709988183375,0.005613271478304918,0.005920414279989404,0.002687337423282967,0.0039266618131680205,0.003993112045816616,0.003823491831749846,0.056693816614139726,0.011987971284155408,0.1555336426136113,0.0018987736697351615,0.0022498266755033914,0.0015709515107169886,0.003440520444581041,0.004131765181361545,0.003164729922942211,0.0026994791649990737,0.01804712779202005,0.011936676681743768,0.025741084662704146,0.22330759364863073,0.0038497998990883863,0.014221465527946722,0.014306283951491179,0.0030980811282011627,0.008326604462864751,0.00438797422480763,0.014018763674846738,0.003826968419076976,0.006057160522796182,0.013986708001255047,0.0019428512637345954,0.009216980074164162,0.003230801910703091,0.0126899320531836,0.0014567786624050778,0.006462301969409484,0.004581733482135303,0.0034555101072535504,0.0012819560192372924,0.007605379893015588,0.005712731021159492,0.0060858122692770324,9.346532517928546e-4,0.005181225758579562,0.0010661356283797052,0.006311239614660866,0.015565904000562418,0.023839981479613366,0.005288083113361426
0.02582631702076699,0.04852796584570701,0.05977961067324031,0.016204213228740477,0.06205960574890184,0.015332563372114964,0.03369554790927024,0.006233230653862417,0.005411765934423904,0.002530016009783164,0.0035649505310476432,0.004009619487357876,0.003433631237271363,0.04946317564408046,0.01176788552605109,0.1496978526190286,0.002111246233296366,0.002594095612792824,0.0016447928696020802,0.0033519065871608347,0.0036259530059608715,0.0034707180042687752,0.0027554233790675065,0.01887979152557377,0.010346912216186615,0.029804871785254886,0.21693200380499741,0.0032935946108158263,0.01374207452538542,0.013065988271051486,0.0029049876818698097,0.009453555223882682,0.0036084998052808275,0.015418181439799568,0.0035828030968532228,0.005231243669979625,0.013651381101579955,0.0019074227789674283,0.009399394629425859,0.003234837277125517,0.012638441580967429,0.0013510497515353058,0.005893171651003086,0.0047287665729011654,0.003904117213536928,0.00152447303013321,0.009146012312661697,0.0053292543440932785,0.005319934650719347,0.0010367360898906137,0.005611505802636002,0.0010423405823918944,0.005765616350662937,0.016848753169742263,0.023518566038131974,0.004791630281165329
0.024870030944381154,0.047217180297635025,0.050437873564454436,0.01588839755216788,0.05369682778617746,0.01592785992495409,0.032815953274730005,0.0060843140724611494,0.005198941193283554,0.002703397443450336,0.0036848799613058963,0.003670786524511335,0.0038807837625141873,0.051374672484027176,0.010374804290753303,0.16185051167471015,0.0017824327817797527,0.002829385544792298,0.001713852446724519,0.0036107109763984435,0.003546779944242077,0.003391609314865016,0.0020853554659711134,0.019884426510477806,0.011917763420566099,0.02712057781961184,0.2297148768628137,0.003769602781449792,0.01474501956071709,0.012574268413337005,0.002734736838179464,0.008646856035136761,0.003652856828501579,0.012669564550390155,0.003888825110886108,0.005732864268565954,0.013537867182983995,0.0015971260194146651,0.008306207332805484,0.0031667924995452575,0.011404636080789858,0.0012612343228803789,0.007313861970334553,0.0047793914840285855,0.0040656116869880994,0.0014543634703206246,0.007954603009113173,0.00551661360181183,0.006011994910356002,9.985167839439701e-4,0.00482396778600322,0.0011934048649346306,0.006429601268019487,0.01596785912723296,0.023474383601782542,0.005052382769786951
0.024961639805238182,0.048357806586803456,0.05772307521667383,0.01639198670972109,0.053104699663935204,0.017072273777274823,0.03579496566819459,0.006158842700386874,0.006299720765907939,0.002916631686837232,0.003498555901200843,0.0040927963331567835,0.004009622202956778,0.051501104229006806,0.012499605628312812,0.14770213687806708,0.002011081103600589,0.002430584064334824,0.0017081191954065862,0.003565429706362152,0.003992144618623237,0.0032444251254309425,0.002517989524532361,0.018676842266257123,0.011897559211627216,0.02931438116824473,0.22287036511584588,0.003456753836558022,0.01386669041081901,0.012913055134945487,0.0029421948286484523,0.008133569202254937,0.004045900250655408,0.013127284323857402,0.0035932607691331045,0.005965238788452504,0.012663016091910414,0.002051230237670649,0.008774281713289393,0.003836670862622537,0.012668683844382269,0.0012520908523364254,0.007331725000293494,0.004621559927496163,0.0037022503738581296,0.0011386121881074925,0.008096379308896682,0.005249741518385204,0.005950920433098919,9.566498580858617e-4,0.005586347258260584,0.0010093767512198688,0.006322473963944331,0.0150966400192943,0.025937822690686237,0.005395194706896729
0.02608536951057972,0.04484776927929433,0.054267691470625476,0.01641779537710727,0.054342705047248925,0.01568222306282942,0.034402142813760805,0.005685780896686113,0.0058281415237522415,0.002813083570522753,0.003946694514293914,0.0035351650782139217,0.003993347037897076,0.04712890889033859,0.012439211882487432,0.15758985233313857,0.0019559979834949744,0.002616814783464487,0.0018232710892321505,0.0032439718030902393,0.0033846914846013976,0.003998073787786767,0.0024229524067424352,0.016355730441068406,0.011008894486817451,0.026256495762758382,0.24288225306916147,0.0030607122864413855,0.014724180148975658,0.013825832638711304,0.002626094118325943,0.0074741482979564676,0.003340002969663427,0.012712931613402081,0.003661620851466093,0.00567375203991682,0.012399818322412614,0.0019423562096155934,0.009123845642448914,0.0034069558872603994,0.010739217714298137,0.0012876881117709338,0.006729932828210356,0.004553627412746775,0.0036231018495633577,0.001042654512661242,0.007701273907303409,0.00506578099035195,0.005304511107365201,9.552519367421119e-4,0.005668653379960647,0.0010630180417716217,0.005406862358685059,0.01431656627014965,0.023228286280360815,0.004386292884467337
0.024918127750160377,0.04573322661083143,0.04999849986268856,0.015476168039682377,0.06391234532677124,0.015960595290947715,0.03354444274755108,0.006184635800989748,0.005476512316813294,0.0027740350591114334,0.00364854948680297,0.003828659384303191,0.004299520750136633,0.05749281462101126,0.012374561671468417,0.14976494000295693,0.001938002701131339,0.0031044207805014713,0.001527226976650881,0.0034079070390973538,0.0034322912058791003,0.0033530476248860405,0.002810399827629265,0.01963360107396432,0.012301595616852855,0.031817482885438855,0.221202549625706,0.0031369118177530762,0.015381500246009051,0.014389628239051731,0.003180049836695514,0.008337762352483343,0.0033609192986649933,0.012157357021003302,0.003916311603033147,0.005601925086210941,0.01385065526026779,0.001519088446148742,0.008622309940974368,0.0032597119078006972,0.010457677804521287,0.0018841162459010126,0.006437703710018146,0.0046887802505002005,0.003921066697689961,0.001896574865674606,0.008234854948286616,0.004984123310870044,0.006087158606583592,0.0011673103585261467,0.006187608550207528,0.0010705566999442747,0.005859155706529518,0.014987047959689194,0.02050508803975357,0.0050008851092433835
0.025618331398638873,0.04521326620115134,0.05588670826402631,0.016784972377429905,0.05468466964351938,0.015733717787620796,0.03256082143294599,0.006365844608463608,0.005994261510796698,0.0030016908887353505,0.0036635901243363953,0.0037964993491410356,0.003757727141170646,0.04787386169108457,0.015888159098583307,0.16462382224244482,0.001955838252103492,0.002245761446625129,0.0017949424681928093,0.0036817679424015334,0.0038599298777245877,0.003391226231050334,0.00230583702965166,0.015225037851769147,0.01015243306698678,0.027277792103115334,0.22888722937270198,0.003304515296269957,0.013249323416923758,0.013369467997919332,0.0029030246142486213,0.007689264669011831,0.0034886894876907134,0.014433924259688865,0.0036273023578064036,0.006410545740447459,0.013215741809169436,0.0020056134316497037,0.009820345665128283,0.0033482488431672832,0.01044460750602522,0.0015031478407131654,0.005724347562746981,0.004352726047914812,0.0041856826446346074,0.0015507309023968072,0.009437669882997695,0.0050261760946618975,0.005183901729136587,0.0010689925624436931,0.005852539451812903,0.0014105330405813207,0.005999744142069698,0.014335571970708514,0.020108791134071973,0.004723090495550648
0.026610262875188802,0.049366363115465314,0.05211124179896604,0.016053323485980608,0.055128591848012255,0.0158211845443136,0.03128516380470452,0.005735190236872691,0.005338346488516609,0.003040722918545902,0.0032977033042700917,0.0040426970497396035,0.0040420566370557185,0.05163733612010042,0.01394964494805871,0.1736173715217667,0.0022300819290297525,0.0029527536358003015,0.0017681783583916465,0.0034837171357438553,0.003662236030503167,0.003163173818660735,0.003005317263997237,0.02135781604761048,0.012170625515243972,0.028735343211365876,0.19792379775291558,0.0036736246779682617,0.013768020739356627,0.013323800224413488,0.002980810667021139,0.007783023758800802,0.003906667484640303,0.015568470268324856,0.0035929202939944537,0.006424481326426843,0.014238866599269593,0.0020625309380277596,0.010400333842274005,0.0037411093610879406,0.012102366914104585,0.0014842655217344781,0.006889012446649276,0.004961744235495819,0.0041286137132345736,0.0017772015387800546,0.01007241846313681,0.005514587321067904,0.005525138360545121,9.903346210766175e-4,0.005518336673333743,0.0012742242060032251,0.005620164454636036,0.014380230226320437,0.022232727582129533,0.004533732143325529
0.023564686860736768,0.042270606251970905,0.052095337264238824,0.01601758129417141,0.04850164453863312,0.015200150319591325,0.033132541393284295,0.005118725718490047,0.00561476759454315,0.0027603482295431403,0.003692537772888584,0.004158098203861963,0.0038526115441006995,0.054465679519911055,0.01401852079737426,0.1598943052658975,0.0017202049718027315,0.002301728569805429,0.0016710552692629937,0.0036855972767627105,0.0036407888770560266,0.003325938486574981,0.0023919810321956854,0.021812298668799388,0.011508110206177168,0.030721088612335266,0.2318976800503267,0.003539672017131433,0.013171199895079781,0.010041008134152499,0.00267124284497604,0.008951393645347404,0.003222188187042491,0.017050980084391272,0.0035404040766618293,0.005816087496128501,0.013835648877715575,0.0022615891864227237,0.010532904091725519,0.0034297861390686717,0.011765552782292263,0.0015613065430650009,0.007242718078798402,0.004254022614757589,0.003613904194256945,0.0012894385195019325,0.009070199187411802,0.004960515733008919,0.005090476378133058,9.68773078510632e-4,0.006354321171343273,0.0011702534318604808,0.005887503652868902,0.0149779059362922,0.02067631784779935,0.004018071583919408
0.02544998670182744,0.04873602443326144,0.05396615032579365,0.016468012147652783,0.05154481422827778,0.01530880553783181,0.03119637833007846,0.005869853126780604,0.00574806782825164,0.0029653569253216563,0.00344167325339722,0.0035674010675923956,0.00417365985019483,0.05452229163145379,0.013698933188677912,0.15270787500253513,0.0018629469250613228,0.0023040845525874334,0.001917714035819935,0.0036014398092440317,0.003553068180694955,0.00324386964974319,0.003038704223977436,0.021412618974301405,0.01172595084864894,0.02981358182273005,0.22519641503396562,0.003583077309462452,0.01709731082859742,0.012978195014757072,0.002961096313091142,0.00807623005431142,0.003714419867251262,0.012590268238153174,0.0034514368761256915,0.0049610203441360695,0.013793643122909234,0.002023782158148562,0.00953928903095623,0.003162058229568401,0.010996279313869445,0.0013125354122695,0.006743209759452361,0.004295589575006212,0.003758236725733759,0.0014446512768834577,0.0092929079544671455,0.005040809106789017,0.0058667622068879965,0.0013111373838545746,0.005683691872986782,0.0010846350289786476,0.005517196406223568,0.016859051527674033,0.02121831436378922,0.004607487061963293
0.02561051522723014,0.04880871777590971,0.05450772922749542,0.01693414826375578,0.0536295992230316,0.0149877490075691,0.0335489929815977,0.005852355074949744,0.00578931322843919,0.0029716936207438813,0.0035119943463868307,0.0039554972134058525,0.0036279345539207996,0.05019154077503276,0.012118746595452113,0.16836864311389654,0.0018101038663894072,0.003170517068650546,0.0017697776910961225,0.0034439421522583034,0.003260445838146476,0.0038233445389487157,0.002709138901847138,0.01660820039983414,0.011294504117257877,0.031484273923238056,0.21671726369105374,0.004038061359227502,0.012887790446099091,0.012522048298094219,0.0035417258218183416,0.008214957167074398,0.0038999980154857923,0.011431965664292016,0.0036893631749305347,0.005232847482714129,0.01374998122524928,0.001938506253102985,0.009015072274528168,0.0033412981116285947,0.011111147317710018,0.0012390295121485284,0.007128256406644141,0.004502936639762548,0.003697497004140331,0.0016215587994443121,0.008778877633271058,0.004572641921848262,0.005544164230054835,9.021184082368533e-4,0.006016766952971813,0.001095997018316661,0.0057196673706867585,0.017470933299208572,0.022079793609327686,0.004508316164444915
0.02447283060129441,0.04567159768944101,0.05629323244561405,0.01606538095453291,0.05449438564846437,0.0163348659804353,0.03097312491137071,0.0056671762558098025,0.0050856144477538405,0.0024467324565422975,0.0037614649352333963,0.00370216525413609,0.0038668434307401103,0.04814858262019926,0.013101281503463728,0.16690847843346857,0.0019050896815287065,0.0024735276725193463,0.0017397923707235911,0.003600932350480327,0.003730331185611984,0.003422001725799109,0.002955123863368384,0.019883319485473724,0.010572589660330799,0.031127664765005773,0.22138462092375677,0.003498258976406415,0.01454829417221703,0.011764640840344247,0.0031514984128079176,0.007686030547778493,0.004550021312383653,0.013564836794604814,0.003833493285348322,0.00603332094132726,0.014163326136131433,0.002223862544957241,0.010920182788493505,0.0026898081230486734,0.011145922962066462,0.0013244030838002628,0.007245436861472677,0.004902685184530943,0.004505199715185527,0.0011251965155887902,0.008692746321850247,0.004786358334147797,0.005354026112367874,9.77794021247871e-4,0.0063426372325186865,0.001196261301964719,0.005213896648168619,0.013427871583649824,0.020726677399057286,0.004616560593435096
0.024652032230705567,0.04568738898458922,0.056414962103099306,0.016379576580418328,0.05504763325995995,0.01569229267598454,0.034397193938539426,0.006030770173508722,0.005774914068768208,0.003088921480412198,0.003681977170688227,0.003859536095456309,0.004103063686176272,0.05205920133703461,0.01380940071821852,0.14593164178658385,0.001824209322371454,0.0025928098555416954,0.0021149200689012768,0.003588814075495159,0.003875375575358402,0.002908234650660409,0.0025201201073800773,0.015343873819567361,0.013207115373151354,0.027138247159320065,0.23936747733061126,0.0032289280975792718,0.012790923558352485,0.014920788637170774,0.0027036215071968546,0.00756547778084063,0.00363447087926489,0.01612265800769101,0.0034247931910332137,0.005684703502231329,0.012844158043499415,0.002705020273835545,0.00844508292366923,0.003721995400074106,0.010568449199394073,0.0013107242014298336,0.006594050700938643,0.004044020883164556,0.003961274902613718,0.0016206034375043242,0.008728913895260289,0.004616694201873042,0.00590959063665001,0.0011794390997352541,0.005109708349579503,0.0012508134925704507,0.0053641064377996164,0.014557659918769358,0.0215501032934703,0.004749521918306482
0.025002838482834532,0.04353085520286775,0.05091654693599898,0.01608068205743925,0.059317508034397205,0.014742898322689425,0.033682953460850026,0.006324440249504129,0.0057006820153806086,0.0028731140328036547,0.00374461551388182,0.003666531367701685,0.0038506639409012764,0.052171303276972995,0.013325125779527778,0.1506475107030891,0.0018971708037472412,0.0025931042503125135,0.0018922139660814499,0.003588208104481767,0.0036098173463701673,0.0033285810763314726,0.001994750010985244,0.022436058693945,0.011921852749856826,0.03424444338910353,0.22159298760890248,0.0031002163474391706,0.016486422766811608,0.013823612618256076,0.0028977994199502854,0.008376865301764912,0.004446590414890945,0.014717018058794816,0.0033067781670121275,0.004839240911431987,0.012303933700244206,0.0023830657546853357,0.00824973055465511,0.003069658206516072,0.0136607676295182,0.001504130385164474,0.007002593083864414,0.004512662504514102,0.0031952502118350805,0.002519758632127886,0.008452448996387094,0.005590174166046267,0.005231864459836373,0.0013300574833296924,0.005288131664331347,9.835189335588542e-4,0.005970619941059807,0.016560928140105076,0.02094248086897942,0.004576223299931403
0.027332495513798866,0.043944528814393514,0.05684631287689235,0.015431252742741734,0.05103965139350819,0.015974261190696896,0.03263210167289901,0.006557143756152106,0.005622406208745894,0.002799534421475423,0.003332098530033687,0.003950099063564098,0.0035482549446126718,0.052045833545115175,0.013113322934770149,0.1773830230319941,0.002116137826280266,0.002508557294740987,0.0016173101713209733,0.0034957848176593227,0.0032397932254566893,0.0037327742707714286,0.0027036933656514896,0.01986027869815795,0.010694573911193163,0.029635843518179956,0.20415653802539613,0.0037258373519653736,0.01500621935887691,0.013692151289855771,0.00315899645556888,0.007776675507823767,0.0040870333833685915,0.012357608892505817,0.0038866553258163346,0.00562356868363188,0.012186644204244177,0.0018182109713578757,0.009660712614874677,0.0033736946726969823,0.013114025875668898,0.0014724304440256878,0.0069274708299434055,0.004463026367970356,0.004408529176955326,0.0016457154318925578,0.009964248411532652,0.0052313318817200265,0.0051829586202319115,0.0010898879046082064,0.0055575022623051825,0.0010941423550308866,0.005591764102932358,0.015803264476663397,0.02243813443890722,0.004347952940822693
0.02659368732078048,0.04749491092272745,0.05103314246058761,0.016353835934863357,0.05805122097807345,0.015936829068571353,0.03368633128211739,0.006238689911261519,0.005763841504109834,0.0028382701764200565,0.0034735825734200166,0.004080532226818974,0.0038146764352678187,0.050197776948277505,0.012408550460048674,0.15651168636618415,0.002139914990307429,0.002820900955166931,0.0016769353615533901,0.00341961429691796,0.0038273407540565687,0.0032611804861881213,0.0026979255313853224,0.01880083473297566,0.012317497848191857,0.02531958362067358,0.22251795283698284,0.0036466521787378203,0.015934307558284302,0.014454055386830693,0.0032000174655355735,0.007959910569124038,0.00403524427136321,0.01593047948432774,0.003689573419243994,0.005217891030612868,0.014950570480429103,0.0022079007517446132,0.010079911850288727,0.00326602242713467,0.011136935558992669,0.0014342584802009045,0.0063510628283070724,0.004018341529890669,0.0035694891914081956,0.0015391474049624263,0.008118452773919123,0.005139133740328102,0.005681934617897382,0.0011164749325787344,0.005422329462478244,0.0010724430548150513,0.006453618061202453,0.013554362986903873,0.022885774591179808,0.004656457927348673
0.025430107926290146,0.0490376292503796,0.05294521104595661,0.016268876053668963,0.0539880552442393,0.015500280556133048,0.033744209223381255,0.0059691049742062715,0.005702477047331207,0.002917326506729152,0.0032415420830522496,0.0038545631267833317,0.003938032419494592,0.061071277748034544,0.012408949588720486,0.1571263474201205,0.0017572660650125578,0.002593452720146102,0.0017291698857512798,0.003671751227743999,0.0037882082965999186,0.003582076198758207,0.0024004135718647007,0.019080591095817508,0.012495084349294347,0.029872938699222397,0.21082084515783836,0.003612778287238315,0.013308864288066496,0.015878234642520684,0.0033111117278298613,0.008292186476595392,0.0037911857948211636,0.013747205057180889,0.0037382923479139345,0.00611977536994163,0.0132126281010399,0.0016196940515075138,0.010053830854757894,0.003203843744948089,0.013762260191646638,0.001473798295819088,0.006994700437487191,0.004496382048663449,0.004459660494855591,0.00150998276158199,0.009970341493199497,0.004648503966432557,0.005807027333846461,9.423077435648855e-4,0.005939403804564059,9.752104123265195e-4,0.005271164765086706,0.013179901861477952,0.0214771667431517,0.004266769419363333
0.02659462699987117,0.043144539700084174,0.05223055454690499,0.016980689109438677,0.053775105534204296,0.016055330959782704,0.033011344524075455,0.005794095641705643,0.005898073589281875,0.002804666349918846,0.0032752160813104016,0.004084051721543104,0.0038334469209800725,0.05064358192097489,0.011211710712788004,0.14973550092557822,0.0019929064662791442,0.0030836154273729843,0.0015249787689459735,0.003469798156019451,0.0033040020261905223,0.003249143288587567,0.0026231630374958926,0.020601928559676286,0.010937926100192341,0.024287922841117113,0.24395722651569812,0.0032493005120268633,0.014260990787002475,0.01417967722573578,0.0027961457153452833,0.008030627948108826,0.0035333209573574975,0.013235062339275456,0.0037452202225216422,0.00611733905315477,0.012439422390874371,0.002059293579348725,0.009115149396822507,0.003270131576737978,0.011329527265360647,0.0013321769605838102,0.008068990700624841,0.004754843052609307,0.004079111173939247,0.001049736521109498,0.007841931674210162,0.0053198027175546106,0.005941710906030414,8.46844599737698e-4,0.005561941841627783,0.0010793859451995447,0.005274606203872051,0.015556071560406351,0.023342992443972924,0.004483498302831071
0.025041070567004498,0.048426947731091984,0.04932268167029567,0.01681045997885266,0.05577443024656366,0.014428698515891774,0.03187085578796183,0.006161816047503768,0.005454404688985366,0.003107335141748447,0.003502757375316765,0.0037580061191946554,0.003925069926797863,0.04803080765156093,0.011643028832000555,0.16135406822875067,0.0020183030935119065,0.0027087337893416897,0.0014135576931098108,0.003169492371193335,0.004044274456362302,0.0031609580422141824,0.0020334624756407913,0.019856117315199682,0.011725679470557115,0.03212727763485857,0.22460342253731932,0.0035513024790849858,0.014859237287629529,0.01507545274232138,0.002762415580602795,0.0071808264994439154,0.0038050604840489093,0.013031935148023319,0.003692974943904093,0.0062640228526858665,0.013176941091215474,0.002054311684741779,0.009059875422083708,0.0032837592550195582,0.011896325763142727,0.0016115590784220014,0.006936484671080824,0.004739667387507331,0.0038510444983107586,0.0017810016574259623,0.008954392200257746,0.004871870584065139,0.005773477245811929,0.0010334842006449795,0.005995618930980534,0.0012321931759441236,0.005993130721802967,0.015396887224335635,0.021835782773959245,0.004825247026672961
0.0269071616527946,0.04919626883746988,0.04946067371258697,0.015807328599314104,0.05714537112470559,0.015096742406033132,0.03257335368513507,0.005387603766245989,0.005256395689486586,0.003050218176343342,0.0038490693651008047,0.003760561777560221,0.00371071683752623,0.053634569608296975,0.014689563140756482,0.1524769084943749,0.0018755782875276494,0.0025365397501427634,0.001869604710898148,0.003370351037500772,0.003123331296967439,0.0037768310749461027,0.0024143433094119767,0.015661789817598956,0.010995366066587636,0.02775922115959062,0.2376553764222155,0.0035510430155613055,0.012765585256799964,0.014767230804609665,0.002527594091081961,0.007515910570854597,0.004411258053699394,0.010363061125236573,0.0037772156324597486,0.0053832858189162185,0.013270861945063666,0.0019367125376780836,0.009714723636698714,0.0036214013258883773,0.010714694602106615,0.001391894005323096,0.006193374974070859,0.004225646740093567,0.004565747106633678,0.001359183308675265,0.009072081979170787,0.004872168730870047,0.005645543735351408,0.0010464593802278338,0.005142273946112687,0.0011171326201690154,0.006083646063328762,0.014754771904143723,0.02270382050021227,0.00446483678184368
0.025390558909672248,0.04569609624374352,0.049142647502233905,0.01663459996582845,0.05361369264430161,0.016273515102844346,0.033301872879558166,0.006149515737499529,0.005746997589397806,0.002719767463586587,0.0034854692720293445,0.003925849720480722,0.003945527077205895,0.04823572479327563,0.014798943773491563,0.15392398473668709,0.0018908633766195227,0.0030281672657176528,0.0018682474834662767,0.003028425973933252,0.0035243849883547715,0.0037102074246424836,0.002570044526335254,0.023079193524500212,0.011420425649274922,0.026719570909214438,0.23309527671046945,0.003625076502712607,0.015502022752738383,0.0129475476461284,0.0030673225528867016,0.00792323050951869,0.0035596583693974526,0.014394110700026469,0.003611794098724888,0.005922714174622665,0.012990481683349169,0.0018391203530973184,0.009191071135218665,0.0033113263626550044,0.012080622400346467,0.001295802570761887,0.00709191592696478,0.004372562749121883,0.0038480058246120235,0.0018042494464073399,0.00897017940026182,0.005177025644774219,0.004960806861760018,9.92399164317195e-4,0.00580033404754992,9.900418251214728e-4,0.0060647525797068716,0.016419602279893513,0.02013990066525856,0.005186750527700981
0.025189915671825183,0.04567162207174888,0.05048046236994666,0.016112658609661577,0.05398895415659283,0.015963097766460894,0.0348736576353393,0.005401451255876769,0.005162853682339535,0.002935634623911746,0.003436901290118257,0.0042652945625434174,0.0038645326306122113,0.052590103539984785,0.015373721466890021,0.17140060019921566,0.002087612381973315,0.002331300281031454,0.0016572512093457224,0.0034400398710115786,0.0038543009651825274,0.0033261637679190947,0.002702352251740132,0.02001008134656066,0.011939077097331028,0.03064204138753595,0.21555792077226946,0.003592657922094355,0.012969874406068692,0.014186681480379474,0.003342242573709343,0.006796582802657484,0.0028230033831997702,0.012900600019055656,0.003177680884785121,0.005755646229125947,0.013316155728846072,0.0020699208052415317,0.007848831752161112,0.0035059863461389734,0.01081155869781867,0.0012464686259537963,0.006892437255951566,0.004204433393454808,0.0037430492566006713,0.0013878384045934102,0.008395140992168515,0.0051258654021103895,0.005688111321159924,0.0010756302730370122,0.005894648883229544,0.0011722092231714267,0.006295105726794663,0.013649375599755445,0.023002894207664902,0.004869765538103097
0.025851657822725072,0.04588682695934082,0.05659851942338352,0.01708031058406788,0.0579142150021946,0.016071547865648263,0.035299494750581015,0.005811802894657021,0.00545760360475472,0.002726292667645898,0.0032357169059576613,0.0037640488580987404,0.004148701092491925,0.04712545901805693,0.014750406193391538,0.16065421184990922,0.0019788942309363674,0.002515888846593596,0.0015516383562631027,0.0035802299272625127,0.0037895624510887152,0.003519264862712784,0.002663586892360582,0.021955486562892337,0.012800274591802639,0.030538775325493133,0.22094795827174565,0.003317445031853184,0.011771837619600775,0.013883615007041054,0.003039778075702856,0.008147747290444641,0.0032250938557239804,0.014962606158578005,0.003398490856762267,0.005386924035898279,0.014245225282611847,0.0027757562070433502,0.007778885469428751,0.0028735713647009735,0.008652181442929088,0.0015208220944767604,0.0057032016417323085,0.004381765967055566,0.003582603620204344,0.0014168956006316963,0.009168979399328798,0.005045422950331914,0.005275760394648105,0.0010518924393878464,0.005251996567218564,0.0011985473307436015,0.005341779753963679,0.015359175559549599,0.01901886443232486,0.0050047587380271244
0.025212494541394723,0.04858526546037956,0.0567746608832127,0.01708782516605679,0.06030678111891233,0.016107865418662756,0.034057748053187044,0.0054301615239725045,0.006165615789152724,0.0026344728078846764,0.0033944841067984114,0.0033709562228093817,0.003696689019878142,0.04939986118931827,0.015458877604294624,0.1537064366964794,0.0020879540675530195,0.00264475130560047,0.001595023758409172,0.003743429983726979,0.003542318610017405,0.003329445244454379,0.00268738194726855,0.015490591681431586,0.010471214417052796,0.027465729191363693,0.21865647629272916,0.003986236250033215,0.013073362854640887,0.013835961665773997,0.003018134149209169,0.007607318086914191,0.0029147718435288865,0.013865004285013069,0.003469726242633167,0.006328916835883995,0.013573296857846261,0.0020450006166054533,0.010516318938524125,0.0030939524388929173,0.012906848463720378,0.0014987769560576246,0.006567755798490101,0.004285521387429847,0.0044990729622421954,0.0011179345240721682,0.00829445866253039,0.005887293419192774,0.0062106029672462145,0.0010202090362515278,0.005396337194679424,0.0010794851989599926,0.006209734546785949,0.01616486821801495,0.02359095073594343,0.004837636760882461
0.025605531065347662,0.04575974364971434,0.051676961406767814,0.0162383179292392,0.05593802011928528,0.016155723329945818,0.03261623384959002,0.0060154314370199375,0.0054180625467698685,0.0030521822121460157,0.003671124719579882,0.004044693261027286,0.004263315119049617,0.04886467890554234,0.012116675208499962,0.1628186111434867,0.0021329233093058315,0.002326899677923109,0.0014983346230077552,0.003738132354324493,0.003246653328298445,0.003754780885185969,0.0030525195277259164,0.0163951223705674,0.012070884273110363,0.023579704810925247,0.231072184386769,0.0037697220326016103,0.013452845821318477,0.011239694850656838,0.0032405762006115194,0.00755188760164041,0.0034117304798273844,0.013697902976625384,0.0037797675875981397,0.005865385592808707,0.014997166632943258,0.0016368865257649489,0.01021479086499204,0.004159157242060937,0.012097139270536843,0.0013274298571383314,0.007124122605491293,0.003773106495458725,0.004423979086704115,0.0013293567834053678,0.00896678522651076,0.004987269767826337,0.005056174283998495,8.789463848229482e-4,0.005232034259180462,0.0010975920197489918,0.005963210969919731,0.017471728060651576,0.021548159303488013,0.004582005765513098
0.02615659244246453,0.04537494778648531,0.049781103247523245,0.01688846343441562,0.058830486915935426,0.01579689879025856,0.029963542467606574,0.005713125665836021,0.0058371503237471855,0.0024093014916600998,0.003836371763816141,0.0034058916329680737,0.0038374457631977833,0.05204157751294773,0.013484100713520896,0.16699358534167055,0.001819409186988602,0.0030940005757688223,0.0018623780202338827,0.003425830371005856,0.00378020930373665,0.00321588734711809,0.0024817281380221843,0.01718960511558414,0.011893524548167481,0.029060269725986226,0.21763126094468702,0.003356148050273894,0.014965976412678507,0.01384416737778713,0.003374119715381811,0.008778261008205286,0.0029550478320032273,0.014382170266995313,0.003514677320432963,0.005338860584189425,0.014077977800160483,0.0021030723444560077,0.008678983520097498,0.0032671359636292823,0.012725373455570002,0.0016131875818512886,0.006921401570190967,0.004358078179197439,0.004261645058730067,0.0012988084883653948,0.007405717394085938,0.005339700319123568,0.005735534563829138,0.0011628600381791447,0.0062297257083586055,9.167047404285743e-4,0.006014307736381152,0.015012574000213927,0.021781911052846173,0.004781183345005056
0.025728735564754628,0.04988421351590663,0.05834219911600296,0.016760956482633087,0.05401254611566564,0.015969205960781982,0.02925988534965929,0.006215564465133061,0.005593870146951087,0.0028537695766496615,0.0034603597348822923,0.003933826303396144,0.0042253389164633335,0.04994068727167483,0.012915632462523866,0.15521536102526412,0.00221464568713194,0.0027814364422343962,0.0019144031312023537,0.0035022716960295443,0.003181644553839781,0.003455399610297444,0.0022699985172462537,0.019853893655301325,0.010929692421240948,0.029990842388407872,0.22286807126128755,0.0038008140898598964,0.014131695833023887,0.012379093650690794,0.0027744919740926043,0.007835083360580674,0.004517606600308413,0.012056570070433788,0.0034359656398488367,0.005653406982059997,0.0133581145975228,0.0018929183887253945,0.009464017960531116,0.0036697665736270795,0.011749357165568105,0.0015043312482903983,0.007768103919516357,0.004848817195262959,0.004151553995941555,0.001045225047521995,0.008367668924485644,0.004371540661988892,0.005685029500553653,0.0010437610330411165,0.00598387099519371,0.0011899104541324079,0.006176717917016302,0.016611219730483816,0.02305212935795606,0.004206765759179712
0.025586304262366567,0.04390673478049418,0.052073550565245486,0.01640640535120758,0.05295198004709255,0.016188294194398767,0.033039960178235614,0.00627101838288694,0.005663950134928278,0.002741288694193387,0.0034651535004873936,0.004091825461523192,0.004230876056504299,0.047786787987225306,0.011388654759203524,0.1511299755037301,0.0018348163129282124,0.0027359813344855254,0.002040947688510314,0.0036973443636163423,0.0032302080094891625,0.0032580293647003536,0.0020777206295143104,0.019984132138153757,0.012319507805905742,0.028351909179932213,0.24941767146016547,0.003079531608523587,0.012480446056992894,0.01388841767713305,0.0029934582579852404,0.008711561952192408,0.003403414343667148,0.012542454571169365,0.0032834116813026445,0.005526024870632735,0.012198514219926675,0.0020540082636331287,0.00828953705837405,0.003064864926816239,0.01171384131091584,0.0017945893836639787,0.00695953913121021,0.00458863417140514,0.004105629469875751,0.0012521297852497598,0.008314021422709227,0.005026676988917713,0.005501229447188286,0.001168095684053377,0.00592642489729971,0.0011983406700300293,0.0054672112534840415,0.01539240522780454,0.019690169882776606,0.004514387637942016
0.025220742140499172,0.047202075079021265,0.05157090150062895,0.017213071142377818,0.05545913751967721,0.015000346757511041,0.033415531346421605,0.006215287000756517,0.005505207815041767,0.003176938966865512,0.003913896684755496,0.0038423461626159463,0.003951658196945326,0.05391611006870475,0.01398495242494425,0.16015441508086412,0.0019511318432193206,0.002597912657671829,0.0017246846935452876,0.0035525717256197574,0.003680339515656876,0.0035724833698340414,0.002450028936263364,0.015644862435591125,0.0118029862565013,0.02638982258454238,0.223962679046347,0.00383185695986962,0.014143363363588058,0.012389759292211582,0.00296434493820458,0.007315487265778284,0.0024452846247679984,0.01517397105307483,0.003609991305165116,0.005742913924610497,0.014313675568351175,0.002814613130836326,0.00828827353337957,0.0033187939126189166,0.010909011424445543,0.0016286386370274527,0.006220960805676409,0.004589129317414541,0.004123214046110618,0.0015106803191944653,0.009928519472332,0.005082324737168298,0.005705793410348722,9.732501889910776e-4,0.006275028424782166,0.0012413629400513076,0.006725935366543183,0.015753362547287306,0.020918313466820684,0.004990025070926593
0.025984560094870924,0.0491270376522751,0.05663417914074486,0.016060523502011596,0.054947722404416616,0.015396076465367623,0.031111127325976033,0.0059240157354578295,0.005951299390273598,0.00294337641667301,0.0035333126009097406,0.003875087548949593,0.0037274111636695926,0.053804587286685135,0.013559177019643542,0.1777596719011705,0.0021585229355866164,0.00254102334550413,0.001811824087489468,0.003353387135934242,0.0036145931251700143,0.00386336305427666,0.00218885241765295,0.0172552514985758,0.010468366879473154,0.024432454098889635,0.2062464455101171,0.0036711781478844063,0.014312297344040137,0.011540283663225546,0.004055247985857527,0.007362863806724886,0.002736322306133873,0.014786490562122006,0.0034357711589840124,0.004671883455542387,0.012974870321245181,0.0018989521194624033,0.011133219457297673,0.0035234871906613873,0.011002034198752859,0.0011880141164717904,0.006885121394764481,0.004222433865861038,0.0042774319333054684,0.0014226454788935398,0.009563500389003866,0.005138870226571662,0.005399020287443814,9.470349660529463e-4,0.006138425448396914,0.0011229390896132926,0.005977422581941271,0.017804706550477927,0.019848788951609908,0.004685493263892757
0.02626944539197604,0.04700855956586865,0.051656609674979696,0.015768160157392973,0.05731854389435138,0.01549390958175503,0.03247548913605693,0.005744368644213934,0.005829173610080716,0.0034160433224134897,0.004083779565225391,0.003905131625109704,0.003814824933702416,0.04833840216680386,0.013162544483296613,0.14947988620386235,0.00199025653331151,0.002478615049757302,0.0016818547841531144,0.0036722956583236654,0.003594821605862805,0.0034546299393904633,0.002454911050946315,0.02095776705184832,0.011429297267656856,0.02784996880925686,0.22493873313744359,0.0037412754588995174,0.017235383920217735,0.014660022183024724,0.0031653443926847142,0.008833757607854046,0.003338388644136171,0.014885969808230178,0.003568516150590323,0.006496286613345981,0.013984534631273256,0.002419776345273634,0.009492196230190585,0.0037635059805191623,0.011673518885678944,0.0015922479476218716,0.007408648515569538,0.0046349452909512125,0.003951332718416244,0.001565483159329277,0.00845700565468659,0.005592390970016703,0.005451362918928402,0.0010933424172667838,0.005865728913951637,0.0012012528331503379,0.006479280178149052,0.014740609272367504,0.021757336567328776,0.004682532945307126
0.024939094535822808,0.04402925077290286,0.05403338617695315,0.015516748303274616,0.05210523685277464,0.015923849200533757,0.033163490231823495,0.006555849315535298,0.0054934864015899094,0.0033903977325245613,0.003766246030736903,0.00336023936171012,0.0035604862312120177,0.047286435624050265,0.013126387520185667,0.15648215155831582,0.0022957670642393757,0.002501725031686723,0.0019098509843258407,0.003528856593371855,0.0036657484022557503,0.00367632166924451,0.0023280828783365623,0.019287447043335855,0.011422977617692396,0.026195399040982125,0.23641564116932748,0.003940996996005778,0.014198029322937067,0.01194228202679427,0.0025918061778515107,0.007943528290659127,0.0035821967004042274,0.011990289926560435,0.004541594165162728,0.0057398650240354475,0.014010908473024119,0.001803593809745744,0.008120409636987446,0.003067139747816845,0.012367312954268805,0.001384914022563824,0.007633195829666398,0.0044872069920955555,0.0038238460924409543,0.001361062583131981,0.008451370729885456,0.005082200842049062,0.005619633023159656,0.0010210231421771063,0.005354643794088407,0.0012806756307001848,0.005971228472663703,0.01683152404690971,0.02508095268840416,0.004816015513065906
0.023712396144310234,0.04725544522740112,0.05389226149224212,0.01597438670376152,0.05621576307736446,0.01526506896690978,0.03255519443525311,0.005964431284807327,0.006013700868976393,0.0027326612176768895,0.003979655020982405,0.003778269154668989,0.004440425705198423,0.05383118136242587,0.011643913838031504,0.15765107086066266,0.002250186828073436,0.00258861807275486,0.0016504993752524822,0.003790359709816064,0.0035990908946028992,0.0031721094210060666,0.0026622000087019853,0.021458656075963988,0.011628426364820714,0.030103564841369813,0.21612550909434453,0.0035447376900536926,0.015786828608445845,0.01226903754123053,0.003269778920102818,0.0077087429446671615,0.003391298956939896,0.015788198080315372,0.003818050594997121,0.0055264073543121,0.012958187019424937,0.0022501360083502456,0.00840307958763753,0.0030308340428256324,0.012678470768017442,0.0013591088327978252,0.007419078807925409,0.004240141836502043,0.0040116009640439034,0.0020014732302832496,0.008178689703293808,0.005576916983518009,0.005993264245330226,0.0013877352399774725,0.005241371779910542,0.0012497182283824236,0.006352803855261009,0.014388773703667323,0.024132296253140322,0.004108192171266461
