i2_health,age,household_size,cantril_ladder,r1_1,r1_2,week_number,hl_covid_num,vl_num,region_Islands,region_North east,region_North west,region_South,gender_Male,i9_health_Not sure,i9_health_Yes,employment_status_Full time student,employment_status_Not working,employment_status_Other,employment_status_Part time employment,employment_status_Retired,employment_status_Unemployed,i11_health_Not sure,i11_health_Somewhat unwilling,i11_health_Somewhat willing,i11_health_Very unwilling,i11_health_Very willing,WCRex1_Somewhat badly,WCRex1_Somewhat well,WCRex1_Very badly,WCRex1_Very well,WCRex2_A lot of confidence,WCRex2_Don't know,WCRex2_No confidence at all,WCRex2_Not very much confidence,PHQ4_1_Nearly every day,PHQ4_1_Not at all,PHQ4_1_Prefer not to say,PHQ4_1_Several days,PHQ4_2_Nearly every day,PHQ4_2_Not at all,PHQ4_2_Prefer not to say,PHQ4_2_Several days,PHQ4_3_Nearly every day,PHQ4_3_Not at all,PHQ4_3_Prefer not to say,PHQ4_3_Several days,PHQ4_4_Nearly every day,PHQ4_4_Not at all,PHQ4_4_Prefer not to say,PHQ4_4_Several days,d1_comorbidities_Prefer_not_to_say,d1_comorbidities_Yes,vaccination_status_1,vaccination_status_2,vaccination_status_3
0.09916874772966927,0.03582634938244481,0.018846090769269346,0.009493539602139887,0.14946922196060225,0.010206805041908806,0.10355394651379024,0.003150734813909654,0.003077348836158001,0.00437154547448882,0.003040463402805931,0.002276521923128164,0.00541083179136756,0.025646709274895242,0.02736521539694655,0.1344337432290414,0.0017435498825756274,0.003697165529910552,0.0012419844358989,0.0016388954183285413,0.004636023159763043,0.001568631346529669,0.001031014922202221,0.009279292943143454,0.008387053464722332,0.02289846588967866,0.18329028183319834,0.002010297538788519,0.013197931479807329,0.021992342768123372,0.0021951643838997747,0.0021519542503318353,0.0010350974369280847,0.016934837304663202,0.0019462648174415175,0.001452821317683457,0.002455500348827834,9.382347737776363e-4,0.0027051421233797654,0.0014860322133921301,0.003547099227919934,9.534172590175515e-4,0.0022499174957173605,0.0019681889240146097,0.002678536165274073,9.92408948676845e-4,0.0018546254437913346,0.003076840771482878,0.002844505320760374,7.209662478024579e-4,0.0019038605003877606,0.001013547325988953,0.003348576823613189,0.004315797535837902,0.014567181404256934,0.008712735879896063
0.09994546818852074,0.03783917861065116,0.019111825728297043,0.009166895513892614,0.14866746163825764,0.009983703390217941,0.09388778368900341,0.0030704241653946945,0.0031374684427587876,0.0035361749903611442,0.003558145664029236,0.0022875703969298614,0.0061314327289168505,0.021115214804283355,0.024081739360353287,0.16755202055055973,0.0019578676267578785,0.004536133701420799,0.0010495171078778382,0.001721845580106647,0.003895741075929474,0.001738403584854787,0.0015669791308224458,0.007889441944018681,0.007381208220941906,0.023329050716736546,0.1700864346211533,0.0018676658904383968,0.009694328686645005,0.020146490561112763,0.0021894384638335962,0.0022797385270765056,0.001715615898309858,0.01660374631244055,0.0021969294333791228,0.0016987910813426594,0.0025103480639173423,9.901318944644636e-4,0.00264155760177794,0.001439068554051926,0.0029952344018711187,6.100382201820408e-4,0.0024656315976441675,0.0017766081793709045,0.0023870426467467475,0.0011980261578357478,0.0021121081065028674,0.0028000018267101104,0.002345185808172193,7.797753736398693e-4,0.002078343873241779,0.001069599029877951,0.003394551980382017,0.00467309454273305,0.014651701306962635,0.010464074806288845
0.0992605494855904,0.03641945809029418,0.020197940797656265,0.009538063771467653,0.16468718419263229,0.009134358339618115,0.09005501397954109,0.0034637959414290085,0.003363383825728597,0.0035771797389787157,0.0032432747422646542,0.002644878668491049,0.004618253243197155,0.02296187082599809,0.028810486813386115,0.14822470776159014,0.0016437936386604316,0.0038466867442648214,0.0010644638698426021,0.0016706950078192954,0.0048796146357453375,0.0016712025231704155,8.368410659894612e-4,0.007403647803294963,0.007987192519006724,0.022657166266713335,0.1719524203899178,0.0023488626847312653,0.009241921649414852,0.02346231957091581,0.0019953039633936955,0.0022103332169478513,0.0010147530544794554,0.015709752088976143,0.0022272027719529848,0.0015871117996588847,0.0026514299265917012,0.0010027906110785959,0.0026240660326675913,0.001640847254220919,0.0032531844704104607,7.751322418214462e-4,0.0023277561087726517,0.0021522286039853795,0.002740627328498882,0.0012006894381946178,0.002228519141183055,0.0028752223520355706,0.0025407881709127896,7.698761650007929e-4,0.002180930179053171,0.001119517045671408,0.003646611943817059,0.004849673075679635,0.013996955752613572,0.009811468675031031
0.10459865170640205,0.037743762198795515,0.017559590686144388,0.009166613726996222,0.1486813383681236,0.010506041857029233,0.09374545989974101,0.0032104342020261214,0.0032399250347285935,0.0033542466312544627,0.004638601799396242,0.002193291831042832,0.005827274258848764,0.02549153359651035,0.022815170450855893,0.14959747830340026,0.0015054211743074212,0.004119449986160654,0.001044565856405212,0.001901024549323145,0.004631851143955395,0.001590041010189864,0.001087304152557102,0.008366410405075624,0.00956145502626838,0.022671503512835648,0.17684678252262942,0.0023672536798741554,0.01132210102129637,0.018655618896243925,0.0024421462868553256,0.0027792631140455665,0.0013175622452309195,0.017692839868776872,0.002198145944713164,0.0013379963606953366,0.0025208072049117953,0.001071161682789648,0.0033315910082988708,0.00160311189480696,0.0033498055326029205,0.0011194584288205267,0.002264781010168204,0.002073058375696232,0.002615592515958391,8.742749794974569e-4,0.0019489562389929844,0.002725290548300967,0.002597413858848528,7.343653258615278e-4,0.0019446687673909011,0.0010598349978107767,0.003187006697776106,0.00414011649995536,0.015660408542757052,0.00937014458001967
0.09670912386808206,0.03394729313123711,0.016851676170779966,0.00936905060650253,0.15487426448472413,0.009196348631378541,0.09366689013835931,0.0032559916814840022,0.0030158362907228473,0.0034658325918538197,0.004084393320816056,0.0018147160813900007,0.006043910217036561,0.02522879585960103,0.023850000327050112,0.18920357696905307,0.001422754872673041,0.004571840895192375,0.0010206816127538913,0.0015496992878439697,0.003922095438101762,0.001417593391171056,0.001009853291724489,0.008596277060194868,0.007517223200423032,0.021500922178658136,0.15253023722972156,0.002201552843188823,0.008873013326370244,0.022114709489280487,0.002098562506004585,0.002156702547025081,0.0011102842485841374,0.017050333427559093,0.002190396210881547,0.0015774746119488427,0.0024517606160819236,9.8274023935984e-4,0.0024815968619400133,0.001643688630937956,0.003511309727401992,6.946699294309222e-4,0.0021185890871629537,0.0020315211200037384,0.003049817106664167,7.505914211831656e-4,0.0022575514453055854,0.0025887227204060993,0.002363447475652892,6.826042176453689e-4,0.002106486383304088,0.0010429560597122235,0.0033660451846362982,0.004339341126689349,0.013789564484789789,0.00873708812231936
0.1061044051812995,0.03610577445586895,0.01786974910409621,0.009664706010577444,0.14272542622350434,0.01019951439787049,0.0943367351174612,0.0031219631699172133,0.003033693533919017,0.004077802089728953,0.0035345877358114288,0.0022091533939409356,0.00586720241949225,0.02259938441320155,0.02482076363101616,0.15338833207228453,0.0013798767026525515,0.0039402109928298535,0.00106557701408778,0.0017510392935651603,0.00436520962038412,0.0015534497233660365,0.001297645589432327,0.010448253348508126,0.008944059712208468,0.025221540863114587,0.17634274492644236,0.0022664938967569105,0.010548347990833932,0.024797475267364963,0.002225907510109839,0.001982511234339147,0.0014738104847019627,0.01490034245563213,0.0023293534613485194,0.001489875891071034,0.0025079282503234082,0.0010980179632378542,0.002946134964479648,0.0017217263090476605,0.00312309083943119,8.139473154875476e-4,0.002583703660767841,0.002187793474287092,0.00288387318174783,7.308593024749565e-4,0.0020017051192097075,0.002914250055949775,0.0025965547301340978,8.328294396166622e-4,0.0021006551022091924,0.0012323947338487085,0.0028436609281368252,0.004002522714318347,0.013579134810625448,0.009316298175926264
0.09697502192650505,0.036733509874545364,0.01674906899614652,0.009194916451750695,0.15662111421483588,0.009814780491255374,0.09496178395640116,0.0033416251349966735,0.003213429495046499,0.003899487573952166,0.004152833034811212,0.001899515795164255,0.006115553005213384,0.02679953633035265,0.025576313399715958,0.16516955223741994,0.0015251755237521546,0.0036306696584800157,0.001156300330568139,0.0016930482892492966,0.0048113619332016706,0.0014377121081424083,0.0015692663366244884,0.00920486169477023,0.0076875064660293585,0.020915742543905394,0.16212392786186464,0.002212928938978896,0.011387811350879276,0.021355736185768227,0.002302352045411172,0.002098317626729667,0.001353941566860788,0.01570651410435019,0.0020845252670353195,0.001731855219337928,0.0022917555354382163,0.001139583155417711,0.002910280530507806,0.0017360775187028987,0.0037143462852469956,5.829582334185769e-4,0.0024859980160415766,0.002058184804714681,0.002307191217752701,7.17128551824304e-4,0.0019049186918999286,0.002977945242463465,0.0023587709347659114,6.660962671184988e-4,0.00233917936810765,0.0011380342807665149,0.002973781435234494,0.003963381270329756,0.015044317069305512,0.009482474620890819
0.10305512051073341,0.03611830026890113,0.018255081975431565,0.010130018444577726,0.15665258971585638,0.00936375397729462,0.09365179919449261,0.003577819589721765,0.003492416274830988,0.003371053608272728,0.003874384108448788,0.0023501394332207295,0.005875776037809844,0.02255985248079919,0.026813112694376036,0.1510077094419839,0.0019096667184222418,0.004493556023709642,9.447857743130074e-4,0.0015090014386403292,0.003687289498783848,0.0017011455686195326,0.001539265101434271,0.010349836746434627,0.00801629406959098,0.026647152261211747,0.16584713769008447,0.002261287827318298,0.011217840825469273,0.019236278506985446,0.0020821728194910477,0.002381379850700164,0.0012142260620787912,0.017829699846387784,0.0022858529988595564,0.0016320741961849251,0.002608812925348238,0.001032735218602135,0.0027425983530070916,0.001740903944573945,0.003274906524363746,6.646566442236195e-4,0.0021934797667657224,0.002091007197128153,0.002648223107615183,8.663075087707628e-4,0.002066274849214423,0.0025042557697691164,0.0028317473988510285,8.055007756129261e-4,0.002038438441321175,0.0011172034570026345,0.00314876930535392,0.004271071021891116,0.014467709721984951,0.009950526487128781
0.10356073045866102,0.036851914378736694,0.01701488503409803,0.009484449782822575,0.16177570517350726,0.010419080703336806,0.08847831344756751,0.0030995762920848855,0.0034670042962999786,0.003623447354349885,0.0035313609122631096,0.002237950851136861,0.005213690804398524,0.026632848035348836,0.027591874091202655,0.15812125664700719,0.0015533518765907005,0.0033732317778595207,9.467593950751189e-4,0.0018567234604800176,0.004111718571713284,0.0014163245596820388,0.0010374929527345584,0.00992296708297873,0.007553642971794215,0.022932927903766342,0.15605604534982234,0.002173264477509338,0.009601579557257206,0.02138603543087719,0.0018180871918823684,0.001957733426510534,0.001129945011909509,0.021373154967420455,0.0022812860026766115,0.001581509485824187,0.002629106363066595,0.0010122483438696676,0.0028412075646358733,0.0016775154219090332,0.0031660754916124703,8.958117491342949e-4,0.0024063687531533295,0.002144395904357302,0.002927173049341184,0.001210011081741056,0.0021234289901381517,0.0033193031964288545,0.0027008299934037135,8.283678815879514e-4,0.0022519256598977013,0.0011449767944160206,0.0032584332395681082,0.005002503855847497,0.01349168944043316,0.009800757508271918
0.09889508850049837,0.03574569022109124,0.01894741383964522,0.009409117148328754,0.14913190911320254,0.009478129277312185,0.09899411577503069,0.0033443418364444894,0.003229518940656292,0.004283508067463197,0.0032132169821624907,0.0023592431344930894,0.0060821115414471955,0.02769659323887518,0.023330838564504013,0.15695293069312233,0.0017589622806663298,0.00369028689321205,9.049299260593073e-4,0.0017902956101162899,0.004326007310072122,0.0015191856560877613,0.0011764325810254544,0.007839768619979955,0.008202462610715626,0.024278826953877793,0.168627211086446,0.0022060155813847225,0.01098398055231969,0.02281303432850469,0.0023604996149173873,0.0021798581286333993,0.0010941778588318667,0.0162300526271571,0.0023025510516801375,0.0015768331581324342,0.002708207455916895,8.097348617220679e-4,0.002927113089591176,0.0016679404218330274,0.003576418328738847,4.2923386278591276e-4,0.0023304535391755862,0.002174805111728569,0.0027842851799674954,0.0010225103289414656,0.0022177276046740297,0.0027613526228583555,0.002698781632490757,7.51533895414929e-4,0.002427708354985285,0.0010396195635418175,0.003170274751479297,0.00423278386807061,0.013386791434924968,0.009927584787061634
0.10379189977147193,0.036795965321614964,0.01847850163414338,0.009556535953357,0.14721143348103438,0.009993977167214837,0.0963584298157382,0.0033132428027268343,0.0030492731356229347,0.003542977800318244,0.0035168901108708355,0.0020506771729470376,0.005787185970611011,0.02340410121557571,0.02781124662274786,0.1515033824469126,0.0018022577739879755,0.0033579216838754665,9.081448075836353e-4,0.0016667231573854599,0.004065976524340019,0.001568077521915152,0.0012050626990790304,0.009529758684804657,0.008895190141108617,0.020697718883437976,0.17186349509240306,0.0018780943185939996,0.009791584069612823,0.02329525449092722,0.0022349898135607493,0.002449371910835591,0.0012292425467051152,0.022257694532003918,0.002428842583959069,0.0017558527268965944,0.0022409814577860807,0.001225593144273971,0.002895059212621711,0.0015668821386373261,0.0035430163759808163,8.233288304054948e-4,0.002503365174006136,0.0020121654442246477,0.0023336950557207173,9.107507500725276e-4,0.0018700226083125672,0.003262497903547964,0.0023912428402661635,7.838806513322342e-4,0.0020534717416490155,0.0012078835265574542,0.0026609310301895393,0.003173530725094498,0.015621955107312334,0.007872771896084858
0.10004955497712405,0.03533802679437288,0.018095981176227124,0.009702103256735574,0.15271705905510544,0.010477236250161108,0.09528519335834419,0.0029530561647209473,0.003541721602925555,0.00418483368172707,0.0038538635573094077,0.0022469308619483285,0.00566576785260629,0.028340170000600927,0.02255701697900633,0.16692099493477405,0.001915860733654951,0.003914875007641271,9.802606048738955e-4,0.0016251393495102366,0.004696763235528973,0.0015039586192386334,0.0012476111928551507,0.007955034770701289,0.008007938022311293,0.02668940866623114,0.15783323793913479,0.0022279093316508068,0.01056608156590351,0.0183005423722496,0.0022616052772029753,0.0023579965796492923,0.0011168016414097334,0.020918157053509297,0.0020794237976136795,0.001451006004642459,0.002272171730032808,0.0010920647105886385,0.002582664170544772,0.0014516996737591861,0.0033850970612544413,8.540651672861662e-4,0.0024017146493777093,0.0024297905200252943,0.0022935350727453347,0.0011483663146806503,0.0021245900689284554,0.0032860625982860337,0.0024924353622006465,0.001148667441288394,0.002255087115142705,0.0010863406842676585,0.003251343173025202,0.003852178787423332,0.01270524277441189,0.008307760655528485
0.10464574596303187,0.037271219608260686,0.01823332694039896,0.0098235536580325,0.15404126960665562,0.009823451873370151,0.0967057167543282,0.003209132641258966,0.0035833085343875332,0.004013497799697566,0.004061025236746159,0.0023937480779865493,0.005710640114787115,0.021931184924777917,0.02695160083658756,0.14804147464974193,0.0015822425020826365,0.003729039652796601,0.001062451732149375,0.0016123287755140342,0.004394601113768744,0.0017007197544182838,0.0014026181034081386,0.008130286610634188,0.007245033639625524,0.01790527172242483,0.16949078918811622,0.0021967908859534774,0.010135074294411203,0.024026065701540613,0.0020654351719888732,0.002316652049465085,0.001145071540844475,0.01720045991316559,0.0024974101484415605,0.0015305294691731774,0.00252480172712521,8.828723861026586e-4,0.0027858623365239403,0.0015350655867078873,0.003561994963254567,7.433854579290527e-4,0.002192390532113931,0.0020482053859077576,0.002984245586949684,9.354935509790115e-4,0.0019622934970932146,0.0034349571662399218,0.0027590390161543964,5.692071198355463e-4,0.0021296877252895683,0.0010485218706607878,0.003281754031857796,0.004959093452577863,0.016940319862225814,0.010912039554499509
0.1031442551183387,0.03410928166727453,0.017696324561188418,0.009406007910687103,0.15050020846594964,0.00942690146663429,0.09505381125532766,0.00321163257238193,0.0034235443304949753,0.0033726508749452027,0.0032290486280089955,0.002001159600925162,0.0053159354443712845,0.024074219709347335,0.027197012265261417,0.1620010339098375,0.0015373241268971237,0.0040754682469118265,9.651834059158264e-4,0.0015961628273914417,0.004452895134999349,0.001731386991314599,0.0011836248775591884,0.008026232664653975,0.007688606270949281,0.025537615790238433,0.16586351862566567,0.00211629695186736,0.010935093057695893,0.018034871009065388,0.0020733581697016446,0.0021343148849912114,0.001221412070107244,0.01903131428465901,0.002413612203018285,0.0016016344934725404,0.0028042804609792523,0.0011649454336368065,0.0028383835012270354,0.0016394495754686437,0.0038414773177212905,8.688634438521339e-4,0.00242395851546952,0.0022152673969371085,0.0021860445519290618,0.001159751529777172,0.002189746005283235,0.0027967167158892314,0.002778293881558002,7.348365787062468e-4,0.002146380926360645,0.0010930869111149323,0.0032845315160117375,0.004549237137002444,0.014552968382953578,0.009348826350072493
0.10226204365797668,0.03951171102001473,0.016869072955352272,0.009788898632599,0.15447270958111492,0.009584414306600014,0.0964272650531632,0.0035478693438995104,0.0031472444302669267,0.003607059567901702,0.003274719295511587,0.002129955124200585,0.005009717599880318,0.024728963403456976,0.029915187691300416,0.1559754211750139,0.001503173772367659,0.0040468587286443015,0.0011325264801860188,0.0017641472363759945,0.004218790790041288,0.0015272131283361203,0.0013855220487554666,0.008863041806458092,0.008365017351294855,0.02204291290095271,0.16077891127777108,0.001953320026920526,0.01173023770754849,0.01943475212132979,0.002159741050783973,0.002597719445247701,0.0011554353693643464,0.018098054488117923,0.0024553209298341927,0.0015056829851026936,0.002376771631577298,8.094754325253542e-4,0.00277237459697431,0.0016309869829179127,0.004217654650834633,5.868019525879165e-4,0.0020648928428317658,0.001981683003665606,0.002315207975272897,7.939484912312052e-4,0.0018949672295656436,0.002911148689683804,0.0028680074287012864,7.979215555007057e-4,0.0019142158153192025,0.0010640019438288397,0.003555579966757895,0.004280768998427978,0.014476509667378543,0.009716448660731226
0.10040140321926377,0.03803031151375525,0.019567785972791466,0.009601138774487171,0.14356927048727855,0.01036289424801829,0.10686400210689602,0.0031956785244306534,0.003516285823911246,0.0037494300149551636,0.0042869699489394755,0.0023157811501047783,0.005439915875301664,0.026124782546013473,0.022831199911986965,0.15937524230334887,0.0016619355057965845,0.0034252990870141655,8.41980060980136e-4,0.0015713606105310855,0.0043035115861812445,0.0015768498468778241,0.0013952841233822182,0.007771220885103486,0.008556711215746736,0.021836304570485864,0.16008540430327006,0.0021076000987627456,0.012278983685065591,0.023903817273086353,0.0022543353219515155,0.0021282830205804084,0.001159184456982315,0.018831923915975636,0.0023377946964550007,0.0015365197004575887,0.002463591461813966,7.778660570371695e-4,0.002758921484727175,0.001596818999197852,0.0031292438802542196,8.161827799890881e-4,0.0025411736717460298,0.002203798525891791,0.0025523993464406387,8.835608971139767e-4,0.002005753897536797,0.0033428964702776507,0.002871898662256056,7.035296101755667e-4,0.0021726296134002565,9.710170089273788e-4,0.0033081083784395216,0.0043005363523185005,0.012682994451983145,0.009120682064303852
0.10755929164034392,0.03558049527464403,0.018436707217027157,0.00923070663701887,0.1520072476851019,0.009537419261857407,0.09340218848211901,0.003304562492890577,0.003149615998763233,0.0036540223358375525,0.0034366656101421558,0.0022394632341076544,0.006164254711985662,0.022923058490156,0.02615129370277289,0.16226842798223484,0.00161706239086516,0.0033818258811404043,8.835530385319319e-4,0.0016368924289702628,0.00399552753678691,0.0013945591429655965,0.0012619451322660245,0.008461740508997975,0.007650814935262381,0.016062080060943687,0.16993482979995564,0.002182908608040386,0.011657818412019318,0.024373099399705993,0.0022959051342036044,0.002322067082999875,0.0011806431004731473,0.014607246334947598,0.0022757356831096267,0.0017717711781938402,0.00254958754222773,6.519022275561663e-4,0.002981848132668197,0.001646689269792667,0.0035346930136175773,8.960888542390184e-4,0.002320604810757227,0.0020941008649950662,0.002691420486836921,7.874663928325218e-4,0.0021109455099309,0.003118397257047854,0.002608423326906268,8.013528451658437e-4,0.0020446387163697496,9.265905164440643e-4,0.0032416198125773442,0.004297346717602939,0.014688418472548512,0.00801441868250127
0.10469665081738493,0.0374325366397668,0.01829510142017751,0.00892084482491106,0.1577917683611208,0.009086633400460285,0.09353798503299028,0.0030579619385421954,0.0030176917093758487,0.0037861731776815634,0.0040594375303492376,0.0022519940808364953,0.005830722296952557,0.026634365483295078,0.022370254484494943,0.15584189517590724,0.0016838659277278011,0.003247101719147071,0.0010477515515864213,0.0015600594890413898,0.003853947649658063,0.0016801168135948381,0.0011596220642202826,0.010011419366816005,0.0077060157359161805,0.0220797787445039,0.16428518534991232,0.0021226303684996374,0.011095883017159375,0.018007349963987087,0.00240061363752861,0.0019850348589496893,0.0011080239374349871,0.02051381327118089,0.0023297726347851324,0.0014378054998883017,0.0023568138471831064,0.0014209729341431818,0.0028503994169496146,0.0016510791594035212,0.0033215777387107575,8.606440113086574e-4,0.00248546025124433,0.002168253223449278,0.0025445475563022923,0.0011267003973147141,0.0019883978112563315,0.0027633996343578715,0.0021715499124745304,9.05859920928856e-4,0.0019813683147072714,0.00106986277838067,0.0031357367094420265,0.004482132202970462,0.014870525467370388,0.009916910736317406
0.10111470352606627,0.03726260749865872,0.019982507218175974,0.009875653951308034,0.1372084357736886,0.008984182460981685,0.0971083397361807,0.003216246622619569,0.0034733667889917477,0.00382371273093525,0.0034929925607796184,0.002228947901467459,0.006438006652357953,0.023895257981199604,0.02790823090598494,0.16920158509955396,0.0017413158915195416,0.0036309304374058863,9.458911477226638e-4,0.0016072384633451801,0.004323723915845424,0.0017712136283987655,0.001000144023960467,0.00909070649705194,0.007586620769649875,0.024257002686419775,0.16734055687301114,0.0020911393371102656,0.009109185884951111,0.01923423171107739,0.002207903047893679,0.00237375239091284,0.001167609291498631,0.016912298188596363,0.0022868203756353216,0.0014311736156372087,0.002552653474851665,8.688138637381327e-4,0.002805542224390973,0.0016185933047858244,0.0031844826304772748,7.093670076119858e-4,0.002374435139785166,0.0019154497487699298,0.0026464792527232483,9.100324545701479e-4,0.0022068724580715043,0.002534362894486188,0.0025488864234382153,8.081509883768039e-4,0.0023703585103068674,0.0010763401727925486,0.00319752661646539,0.0045289209208560196,0.015457030305807999,0.010361466021100513
0.09851748765485388,0.03413562874533025,0.018006442839891584,0.009076634657018306,0.1554523258376076,0.009461015150821017,0.09858894711618754,0.0034919880529334832,0.0031785462358861,0.003965486478357227,0.004284098244454028,0.0020209651520869476,0.004436476472099704,0.02647946591819779,0.02346923861910891,0.16813328909221031,0.0019149448247527446,0.003135991325784173,0.0011914446742583846,0.0016401117485482079,0.004676584329031635,0.001620512863402863,9.80964094530758e-4,0.010550807816264034,0.00839367122577329,0.023003832327297326,0.1524608588470201,0.0022578740451583094,0.012569034063300186,0.022883177853113,0.0021788951409511307,0.0021899681021197593,0.0010469326607781034,0.017637335896868916,0.0023442528959470702,0.0015528023583930186,0.0025594947863160833,0.0011219660664637523,0.0028631988692495993,0.0015447893803472994,0.0033877109270476005,9.066935868189261e-4,0.0022302499138415785,0.002095465142614242,0.00323942956751694,0.0012815933570428793,0.0017569973781510696,0.0026389475302807325,0.002917167591637027,8.673944723665009e-4,0.0023953335983907453,8.19584859913247e-4,0.003122695342629191,0.0037846263937067197,0.014065838291683619,0.00947278958364446
0.10314830784188617,0.03764875003132223,0.01895514950114858,0.009851192433156459,0.15777996917640374,0.010669399997226063,0.10058924049428178,0.0034821575925857726,0.003348273002194857,0.0034282901752666984,0.003669366375110987,0.0024461941500176117,0.005948940245242552,0.024444142315195087,0.02597572090743184,0.1556538640858426,0.0016993557731657047,0.003617199819674428,8.695535494739206e-4,0.0016608057635037307,0.0042847837495896155,0.0016032344346217768,0.0010746916180367435,0.008233355729521745,0.008702856184728078,0.02186300577873762,0.16017970666261913,0.0022171603855637794,0.009399342627771999,0.02135901373090705,0.002356144462599121,0.002145302205388696,0.001135301043397299,0.01714433918479025,0.0021735909635818697,0.0015941628744865475,0.0026821492283328877,8.042076195226942e-4,0.002688506465441054,0.0015771316947646476,0.003284442110739062,5.557816670341105e-4,0.0024813110735848864,0.0018160607503771731,0.0024297843073008366,7.578591794905506e-4,0.001958837619545661,0.0027782694399094057,0.002438301987636823,6.517697178537663e-4,0.0021550222661544517,0.0012310618924393593,0.0033716515051308836,0.004162710306438021,0.01297047725591786,0.008852799045913679
0.09643741984165437,0.03684082173460338,0.019544256722403733,0.009828529311165655,0.15715546630433064,0.009883763067225819,0.1003039860701893,0.0030563836774419413,0.0031876089425297077,0.004531922493929096,0.004446291674314182,0.002015673491707571,0.004370087091987306,0.0236792937166897,0.027025704754868516,0.16386093541776786,0.0016288486817723892,0.0036373634953122125,8.675570912732489e-4,0.0017985047718807174,0.004238904979495826,0.001640507458463161,0.0010550088050764767,0.0081070045546976,0.007363099689255488,0.019244926891020905,0.16191966306355404,0.002092611608880551,0.010864757367888252,0.02019223125924606,0.0021400391412152667,0.002259654207505679,0.0012732845150836274,0.017984339058148786,0.00217299239211006,0.001597349345639591,0.002329609400041344,9.810036588237703e-4,0.002620625089927179,0.001645647274680345,0.0035186076762238126,9.005597615084658e-4,0.0022487488798582735,0.0021263367789189592,0.0023537332742181558,0.0011447348911948192,0.0022395537614122857,0.0026839278255025006,0.002598589232188771,7.549582621697597e-4,0.0021201358640531853,0.001103145809386601,0.0029475021772518667,0.004798684142342234,0.013505122387682901,0.00913198116228614
0.10199928459623896,0.03739635645883749,0.016914986561289303,0.009684766388367117,0.1642417880617402,0.010383184036099386,0.09437517022723316,0.003025098535975387,0.0033242279634661284,0.003919336109654969,0.004374472118689365,0.0019425162039187669,0.005184581844805516,0.02386459001375565,0.02447681266636086,0.15755889463736006,0.0018480087581963594,0.0034194512336664998,0.0010924650950209936,0.0015241877975710404,0.004537587765049704,0.0014788195899198269,0.0014555500477064093,0.007773033333943862,0.008083415644604559,0.029289333179042514,0.15940962052773275,0.002156498849479311,0.010777258832907673,0.019127076331790855,0.0020611566680955287,0.0023490816994844814,0.0013361642759619206,0.014407470283403924,0.002070074012858736,0.0014827434299971801,0.0024115452948638523,0.0010882212057239467,0.0025597852222620935,0.001647768183566146,0.0031439596655451012,7.241591728203803e-4,0.0024505114071460676,0.0020317884761688484,0.002637476448162459,9.254491590027165e-4,0.001868789502196116,0.002833944307657593,0.0027766993955844403,6.482834947285073e-4,0.0020312156490287256,0.0010549091974698876,0.003241418183885686,0.004664740971788191,0.014114694018367282,0.008799577263805543
0.1014977368369273,0.04010211270934914,0.01705830093119614,0.010362697890033204,0.1594569006703263,0.009651794450393448,0.09429898650588642,0.003292038514717854,0.003461287731140001,0.003620432479424972,0.0036992658991104824,0.002216063969044492,0.005736146467343976,0.02431356286194998,0.02605501732372255,0.15179468955533107,0.0015562885196925885,0.003636559165255168,0.001032828219442894,0.0014809175340259417,0.004726949752338735,0.0017308049295386304,0.0011862083729840412,0.008942657634931224,0.00896323447181512,0.02481172106650938,0.16184383227837504,0.002007023040374479,0.009127536098264442,0.020110115554221878,0.0022411507057339027,0.0023666390235264744,0.001063943335408922,0.019805365362700396,0.0021034542113624872,0.0014298436470899568,0.0025799735151790077,9.780634750536385e-4,0.0029598937164164478,0.0016425500985804355,0.0036035716834345484,6.455652975342829e-4,0.0026386015025287876,0.0018570635367793614,0.002289980981199691,0.001052564446655357,0.002140719347103218,0.0026784560537153174,0.002652202286363636,8.373591995273116e-4,0.0020336628648717466,0.0011330519072451854,0.0037946890580433284,0.00428836712766637,0.013750855452181642,0.009658700730431702
0.1113058839961351,0.039874181864915724,0.01947232625422049,0.008951729351692951,0.16041623240626457,0.009537227137999534,0.09220980084897158,0.003089131750704608,0.0032145516600624166,0.0038327304631893392,0.003959109442489866,0.0019699976080035926,0.004993726983214004,0.020395972963967383,0.02956912823146739,0.15364319984998703,0.0017332529804869972,0.003368537527635118,8.79089289992165e-4,0.0016199238534845917,0.004204673940530776,0.0017076841599409835,0.0020000260479748123,0.008665141895812845,0.0074951379952312965,0.02158470195745732,0.15168235311092668,0.0024745875021020096,0.012337797305237813,0.02235067569169535,0.0023318554405347106,0.0021246532716193266,0.0011570893140324416,0.020343294537420693,0.0024527481588176663,0.0015219058305190696,0.002583557458127397,0.0011617863747008027,0.0025638867430283277,0.0013857385757526297,0.0034850961445599365,8.689583456821333e-4,0.0022858319836967975,0.001773665882415629,0.0029948490176087395,0.001150789908594978,0.001957530363486247,0.0027814023003975047,0.0024839148521152705,8.365878305228276e-4,0.0021354096848682927,0.001138870984667565,0.0033542286222045673,0.00475251966159094,0.013045784701808,0.008789529939433197
0.09639016319834987,0.03692569082020149,0.018412990103588017,0.008622033465297135,0.15691223254633566,0.00906544275098144,0.0973795053934264,0.0032867765373227904,0.0033270455773076004,0.0036736750878421194,0.003770805496423501,0.001973838437525567,0.004846011015333897,0.024530626622262082,0.02334262635095658,0.16541083404529058,0.0016640156004815616,0.004375327393003791,9.04966897227846e-4,0.0015428644807203144,0.004653143065549162,0.001586659497600332,0.0011672022631227627,0.008124300328377212,0.007773726902794253,0.022619456604723302,0.16537708410777668,0.0022524228682022206,0.009800591120381206,0.018304111297080254,0.002257209476407287,0.0023851802939126917,0.001323113417554026,0.019843927528658142,0.0021333339077049887,0.0015474045792818556,0.0028634948689282933,0.0010043489932866358,0.0028151151217310193,0.001499914702095315,0.003754067791459868,8.670089547853136e-4,0.0022006905377338834,0.0018334035659916517,0.00303520564663447,9.870596682657017e-4,0.0020326285467437257,0.0029638158440821,0.0025926618651035925,7.677507669664751e-4,0.001859964528686208,9.80462587637422e-4,0.0029806920220576535,0.004284552652305386,0.014510077277855691,0.008660744978644998
0.10013887059904134,0.03640434215053329,0.016370101418855476,0.0090420853114231,0.15575771667460997,0.009610590041198573,0.09802203662581677,0.003232541366042368,0.003170189591706126,0.003681538600863828,0.004030770054239302,0.0023340627505381768,0.005067153587429557,0.02411164217930367,0.027367788680336763,0.1572455788739916,0.0018854459507847774,0.004092892274527464,8.282073664299239e-4,0.0015450295830465822,0.00455556207650503,0.001509444801430403,0.001130986176892859,0.008784441901772517,0.008249970861316932,0.020679824721980357,0.16691092698966709,0.0023505853230826428,0.011648107597950907,0.01854241351439727,0.0022214423629668455,0.0023973297314195652,0.0011450679149829603,0.01817508667995812,0.0020038470229413277,0.0014778673941361847,0.002545716137437982,0.0011037418084670376,0.0025661390492607195,0.0016041878480127396,0.003166328648178694,8.161884528248222e-4,0.0022031793790943544,0.002019491885033291,0.0027961540335555745,0.001186873737922582,0.001855349881821025,0.002766124442433595,0.0025827538405936244,9.308144606558518e-4,0.0020763454715106546,8.519648326059691e-4,0.0033227497241276986,0.0044706744924196,0.015508282125429382,0.00990545099649508
0.09965244118624679,0.034949340936035536,0.01756756235814046,0.009564362007571265,0.15742626141860197,0.008809399687715484,0.09598791283975248,0.0034300279442557573,0.0028891627436839254,0.0036633962848756025,0.003676805754544883,0.00202693262027418,0.0061560148515508685,0.02627175826043812,0.0301668052168491,0.15573635122839383,0.0018694727543509967,0.003927512060805993,8.556520455762157e-4,0.0017423855266547872,0.004986996191189867,0.0015467957844411556,0.0012313733541153482,0.00716476839591559,0.008251327085060906,0.026856113179256083,0.16088873615462035,0.002271564518415356,0.010194460996309709,0.02033881609129881,0.0021786867788986864,0.002246582770881649,0.0011827107205002747,0.017990013901279377,0.0020686693625731065,0.0014088648708282347,0.0024996420494980097,8.872760414392283e-4,0.0030205360188326766,0.001637369359713602,0.003370990284460111,6.4750559371394e-4,0.0024256244814693153,0.0020927694368333386,0.0029162212496337703,0.0010498990102520134,0.0020317976644004723,0.003092653747775081,0.0027098453418994972,7.88731533740388e-4,0.002131506477555568,0.001167287879995932,0.003496143735617207,0.0038239016704687415,0.014506788465832674,0.008527472074965625
0.1012218877743766,0.037167938258847115,0.019542284644418796,0.008863317721284222,0.1484709911670656,0.009701507813242501,0.09184667328885265,0.003287969596219021,0.0035064984415147937,0.0038820623645182354,0.003588890213306965,0.0022473820131884066,0.004968182452460308,0.029215318985172538,0.02542295897918417,0.1543095835463376,0.0017257360613791449,0.003692378857250595,9.761089718810772e-4,0.0015031560495308047,0.0051321973745923725,0.0015343370986392918,9.751909225624195e-4,0.00903306822637803,0.008596381730624587,0.02674252345921936,0.1699443602152329,0.0025585875878257154,0.010007562445716338,0.020754760602962923,0.00213532075004401,0.0018020075402396933,0.001273525185312445,0.01810154173403004,0.002089201171876557,0.0015480553900123321,0.0024378909286420112,9.021896537699047e-4,0.0027404508634888487,0.0015414654654501854,0.0032821622009369784,6.27862916511291e-4,0.002579442991830615,0.002226422210999674,0.0027683109023243233,0.0012552588750291995,0.002097707109616399,0.002726386342225019,0.0021638399394817037,9.316902916214142e-4,0.002353395240229398,0.0011485444137979293,0.0032120687066406954,0.004290305542042065,0.014391130616175618,0.008954026153886569
0.09979534948420339,0.038965312671389425,0.016520711985775347,0.009241845227859176,0.14880190074335126,0.009736646460553765,0.09606306829445377,0.003076418789482692,0.0031484862053966665,0.0033536984268641027,0.0034610046060832805,0.002429004539071555,0.005347570997647046,0.02815604896584746,0.02499224921196971,0.1640387170036073,0.0016997587463473557,0.0033941682841604286,8.813667691040528e-4,0.0018327888615208617,0.004310768316830633,0.0014685190785453234,0.0014915024093725077,0.00734346170379876,0.008251940985559529,0.024881086869589255,0.1671952393947234,0.0022334583179518057,0.008775129751835193,0.019299330956408494,0.002468558265796477,0.0022363555897322194,0.0012425701899964016,0.017165128439442293,0.0020598963503515606,0.001392123470336846,0.0023919480612597287,9.166090121560249e-4,0.002603076367890532,0.001495640592769362,0.0035734891888927946,7.278541761539868e-4,0.0024876763315087418,0.0019423375359713879,0.002893598674273627,5.72005885344112e-4,0.002140245155424399,0.0026050743483452313,0.002740507721875382,5.761971055787169e-4,0.0019640419690406057,9.927670920012296e-4,0.0031606346208850854,0.004023796081005261,0.015059496831690512,0.010381816882973946
0.10283709448248882,0.03960563426234744,0.016677045179171388,0.00940800782483863,0.15112259427809097,0.010289088023637491,0.09597071695575769,0.0031901969111748705,0.0033181615782829415,0.0034804398555429647,0.0035694304885059208,0.002122094035229679,0.004929895298374606,0.022667696644693987,0.02546743281954168,0.16360417093638663,0.0017961991877475862,0.002835937531724707,9.581184890058007e-4,0.001550134586286654,0.004898457941942505,0.0017392178971213964,0.0010154167914162072,0.008584011661112076,0.007669218466405047,0.02057407945230824,0.16768439216987543,0.0021752398337566486,0.01345086248213671,0.022138795215734797,0.0024105814766833835,0.002043961155935294,0.0010393618662207322,0.013247631111528425,0.0022847866280757924,0.0015389376194400322,0.0026066079188659425,8.587363711019135e-4,0.0028005398650268105,0.0016812959122222413,0.003682285111997686,7.450731347628398e-4,0.0024707982682169558,0.0019234970848918587,0.002489483805821531,0.0010830022997805962,0.002265683647503897,0.0030648321367354823,0.0024230593276983966,6.434282255456629e-4,0.0018610796408201837,9.502290411390356e-4,0.0035736063506218454,0.00468209774202272,0.013564057579133055,0.008735565397568104
0.0978253203815096,0.03310661866886668,0.0190048831189471,0.009733479648818814,0.1577180849131462,0.00955280738247266,0.09617682216318708,0.003225794511807614,0.0032291414863505627,0.00353892017797088,0.004084345675380578,0.002079891444180687,0.005525114473716406,0.026824280452740747,0.03309166739636855,0.15273709610141945,0.0015635631433541576,0.003756378095159498,9.600408124823137e-4,0.0015466058545601804,0.004172302746200288,0.001654747315907277,0.0012808184104025888,0.007633841514232136,0.007893544031720372,0.023434113869857272,0.1647058004966681,0.0021095554391398624,0.011202948690642622,0.022037465278115686,0.002211523963776415,0.0022739946497854486,0.0010631853524994414,0.013748218544288078,0.002432015258810701,0.00159852235116385,0.002634768495452891,9.370458531461808e-4,0.002825341918971305,0.001710149371669713,0.004134459505546412,6.075483509529968e-4,0.002199895049139077,0.002136536277539877,0.002741195564902301,8.979235705967631e-4,0.0021978144279315714,0.0030712487036806094,0.002272659591295401,7.702301076469588e-4,0.0020106331156894957,0.0010963448644197204,0.0036311480449663746,0.004215322261773536,0.014881761381118784,0.0102945197279101
0.10057730540319376,0.0357025114329577,0.019955341727753033,0.010051313032222432,0.16156861378030132,0.010094721629775988,0.08913469000563815,0.0031040676179388956,0.0033506704148551615,0.003988671727828789,0.0045455253387197275,0.002312917834793698,0.005580540689490293,0.025349639368733797,0.022752166223087244,0.171691287753961,0.0017483912835617103,0.002847272111702979,9.581923132898499e-4,0.0016679895155444805,0.004496756440269245,0.0017518594696706745,0.0013501933811634762,0.007374686949172974,0.00825398023013066,0.02307698240648851,0.15410575842406288,0.0021818756858040336,0.010188043523363123,0.019877883240070567,0.002282422648864918,0.0026115534339429475,0.0010486864116370546,0.016051010027318825,0.002171210504256812,0.0014756664653039094,0.002423611681848421,0.0010242371986643574,0.00289692933716725,0.0015386404924078835,0.003316008175139488,6.110075628439201e-4,0.0026555210651378457,0.0020152483188663776,0.002655324067581679,0.0010261887736418309,0.002113986575662713,0.002787126387096952,0.0022535115430763926,8.113262096556269e-4,0.0021266480060267378,9.603211479200451e-4,0.0035627056369252996,0.004502752664627081,0.015325372889995883,0.010113133818843649
0.10562262891335006,0.036599102923436905,0.021115882101454476,0.009106516584484341,0.1522185446553409,0.010120847270990729,0.09004400643910201,0.003220416043114655,0.003548844773330513,0.003604126496138321,0.004051861463826178,0.0021842981754234057,0.005543914003370655,0.023959790511525195,0.020612464711209057,0.16983826297070131,0.0019284477189401145,0.003913725389881846,0.0011566949500129893,0.0017243989146565187,0.004164443628490187,0.001668238284737348,0.0013633902224982708,0.0063336453471512354,0.009089339807971681,0.02200312868935366,0.1606395842951473,0.002383980057244002,0.010249224514605955,0.022631761899415237,0.0019173798860819763,0.002515389200943747,0.001037031515459834,0.016442839218491746,0.002228045133217838,0.001470256652974084,0.002607704650216147,0.0011702064423448986,0.002704070072875096,0.0015288003259287045,0.0029650255651414658,8.119105315809947e-4,0.002533427966034129,0.0018864901812121527,0.0025625338575572774,9.858140139639073e-4,0.00210313965457201,0.002486108960862289,0.0024435485042562143,8.23215992169699e-4,0.001976068732669709,0.001004598002443601,0.003730182855916987,0.004737086184292382,0.015312304279991942,0.009375309861896115
0.0988293096437736,0.03506116279810173,0.01622600421125816,0.010389775116565214,0.14928853678826629,0.01025320538231627,0.08705453424479093,0.003221231200106543,0.003464794091878569,0.003970698807759427,0.003785793483921766,0.002323842569174521,0.005073207443992062,0.024537040666986507,0.022101066621086043,0.16731371752460134,0.0017329904738597392,0.003961075240346058,0.0011100914308518287,0.0017153131159553011,0.005119445330957916,0.0017829971427653552,0.001087274207247174,0.007793081420071344,0.00793070410767928,0.023945019778563198,0.16609007181835247,0.002310092771392411,0.00940670496397661,0.02355484466101149,0.001953800587427829,0.0021424765517753424,0.001243145076187948,0.021405154695332263,0.0024758038819993828,0.0014711646265825476,0.0025688264185445373,0.0013046473929466847,0.0026489752786423787,0.0015123577662475784,0.0037827275834716534,6.154157216306733e-4,0.0027768938401204137,0.002393859149786311,0.0028390589855004783,9.255463660460426e-4,0.0022424059152539293,0.0035658781877882704,0.002613026754003693,7.42283947247472e-4,0.0023558061070572665,0.0013985640539686773,0.0029863581914770006,0.004647264095326124,0.016620237929537932,0.010334693838488378
0.09826307915814003,0.03740429181106565,0.018369583661090958,0.009615797512986465,0.14761185813341346,0.009981176300497828,0.09368946498876726,0.0033810466489279847,0.0032039450039575675,0.003453574189542988,0.0031768939499150256,0.002140923721227774,0.004991398568164824,0.02390092074773889,0.02359614457817864,0.15491399777658565,0.001858626003535104,0.0039109021225208,0.001261931479118573,0.0015393110845026198,0.003876561943663981,0.0016730044983832698,0.0014357417423723861,0.008670247654256157,0.009410520628808013,0.024091087973833376,0.18073741048029654,0.002036951625274463,0.011446709279216536,0.020688713624744146,0.0020136701837007985,0.0026075892321370114,0.001126370260331884,0.015806683616624278,0.0020284540114376037,0.0013778558352817742,0.0024453089854845345,9.839793232744793e-4,0.0028920168752118725,0.0017428800976222805,0.003434273426483372,7.505674743133378e-4,0.00259801708958846,0.0020158303615496554,0.002725490929858175,8.551360671368458e-4,0.0019190289309051628,0.002781485826506872,0.002688049435336067,9.74029781853018e-4,0.0022197912861275275,0.0010647016118899987,0.0031907971118389266,0.0038701213336331634,0.01583836192398616,0.00971769209715974
0.10353978616428672,0.035308919828884254,0.01841541549197677,0.009858482233127389,0.14959537164718764,0.009004701751580241,0.09392792515546833,0.0031146762957939525,0.0031001829673444666,0.003914000860425707,0.004110062207386385,0.002241567359171015,0.006132264298599506,0.025546259837579452,0.02409734148785594,0.15657885620813042,0.0017835242893183226,0.004071154264339644,7.536273625892324e-4,0.0016701141704459055,0.004553296170916976,0.0017256167558643621,0.0012964175232596572,0.008520493296329649,0.009008913063568604,0.02309222573903245,0.17302669652594277,0.001969268689423348,0.010277521378317566,0.018953080667523933,0.0018657242326680099,0.00243988578757079,0.0011622223929357218,0.016181574405601508,0.002203591631637767,0.0014911892011481834,0.0024565006880753566,0.0011415119982991185,0.0027384772787046045,0.0016699163079889217,0.0033981450969317825,5.784471718782688e-4,0.0021470169297097643,0.001944319032419138,0.002640550086439999,9.98700719749187e-4,0.0018830410406604618,0.003131397659311569,0.0027445868752185437,7.788131597872677e-4,0.0021117254095341645,0.0011962495715594527,0.003509645214434593,0.00456837098173562,0.01639442923776119,0.00943620419656845
0.10055594400599575,0.03843199031047127,0.018484959131798345,0.009283232250593224,0.15329857702153,0.009769489908949432,0.09952472736398761,0.0031539386174912407,0.0032306405174298107,0.0042830104615560706,0.003458449813061577,0.0023884697485725298,0.006112632941684978,0.02314406319904693,0.025236944637123147,0.1528914634007498,0.001323778270517164,0.004208479495507598,9.051679503158191e-4,0.0016389315789214235,0.00412152299285513,0.0017027804752945944,0.00131539474532668,0.008479871557357061,0.006731301648882836,0.024704940982978985,0.163273052524336,0.002213361218632621,0.011505125632653017,0.02346382355739056,0.002306132456833504,0.0024712523203747013,0.0012636778621406943,0.018338939904475392,0.0022701257754313793,0.001662396621184694,0.002381259720580817,0.0010443340045820351,0.002772127448555047,0.001600267344448733,0.0032522118208945863,8.814896464931636e-4,0.0024183390655737043,0.0020235980017591386,0.002530721688162864,9.540070614813288e-4,0.002007972924445932,0.0027351939983923917,0.0023423505756527715,7.064736757122072e-4,0.001965428503282254,0.0010296705627281218,0.0035960236053830807,0.004662937184328123,0.014943138922242033,0.00900386334385008
0.10112582191662459,0.03512304538539993,0.018091069488922293,0.009308918413636248,0.1430002827655115,0.008978960987216261,0.10007137149468943,0.00318076905133778,0.0032893983266652493,0.0037188231475077985,0.0036696330015888153,0.002031241844688919,0.004939518789474969,0.0237165089389204,0.02625064682274405,0.18314309453777322,0.0017292420064154445,0.003568697430806829,0.0010076467096788153,0.0017272725469262924,0.004247250270778621,0.0014736927948215842,0.0012918783856058172,0.0093718984677124,0.007939332587323966,0.02074541933408037,0.15126042960283453,0.0025086290219134785,0.011273417720094625,0.02170673634308589,0.001981240661263097,0.001998834005812836,0.0014530124448547932,0.017937321892297256,0.0023294517097355626,0.0015914171258201329,0.0025397935956199495,0.0012144110473021527,0.0027010529703368016,0.0017330742181359499,0.003535790992812036,9.685174035252838e-4,0.0024446631813467108,0.002100447209859412,0.0026831496629355404,0.0011216781438534219,0.001875346422512259,0.0028033313133315045,0.00255175410824354,8.150900882229848e-4,0.002228238626744922,0.0010759221715627351,0.003278064659795165,0.004087367132568955,0.014504255409217072,0.008956125667509827
0.09834223891889164,0.03664662581988688,0.017960876972249126,0.009861631830875756,0.1615699268983561,0.00960766015263902,0.09492931857009669,0.003100526886200808,0.003502260968255494,0.0037817826054144473,0.004300685430729892,0.0022379222429306485,0.005067099494142473,0.024038686095686077,0.02522364875641793,0.15471982424636896,0.0017666761024857525,0.003977009231660856,9.609776242677382e-4,0.0016879753837249925,0.004255599571015469,0.001515864862780647,0.0012203833591760084,0.008022906923280795,0.007418745470253131,0.019711863390677865,0.17220223303453974,0.002032564623910461,0.010848372232569166,0.018085468670504326,0.00206113983905976,0.0021056859959128127,0.0013735967053686371,0.01740822110109015,0.0021552081953161175,0.0016150259642612641,0.002765245729194952,0.0011028369549889933,0.0029060236220832653,0.0017430817743734077,0.003741331288276015,9.449303221708358e-4,0.002372117652514727,0.002152749684250998,0.0022736041068048174,0.0011543670759107535,0.0019663334510680187,0.0030738925275388003,0.0024963833633898777,7.690234913787779e-4,0.0018702062417318875,0.001102244979089203,0.00295505650250915,0.004067991610654949,0.015560822270158606,0.009665523180914416
0.09978005651626357,0.035574315510365356,0.019176273537384807,0.009832947131114617,0.150308177909798,0.009528038849364215,0.0983623385797277,0.0034235415414507865,0.003442080438889316,0.003444688752543859,0.004282847690866395,0.0020996863953580227,0.005419966475073467,0.026584180663023742,0.026891865121654087,0.15327233359708117,0.0015188264515917226,0.0033464880845608513,0.00103780257473192,0.0016490825246859868,0.004237288513584816,0.0015375851078650521,0.001294982970520787,0.0071972489694378874,0.00831137985412331,0.02316601272453635,0.16919701648519825,0.0024590195410338113,0.0107504528613386,0.020523253554432692,0.0020291751176857073,0.0023136969261617264,0.0012081969958327987,0.019025043077242197,0.0022913983480012507,0.0017084871225914369,0.002402456808913136,0.0012599297663520115,0.0026092391249652276,0.001789803397572612,0.0033220158141552677,7.42231775201218e-4,0.0026084120145839296,0.0021144585379820557,0.002955608764788179,0.0012848436011280602,0.0020882975678167773,0.002711051254791146,0.0025968483733684274,9.89964849372902e-4,0.0021094798197271924,0.001070656275238459,0.003170206396010225,0.004266987616521924,0.013689425237797063,0.009992306488597995
0.0982216560532888,0.03761204769716852,0.01950313347486843,0.009831990372517441,0.15539312527670252,0.009280586220254539,0.10236036228035947,0.0033457815388229935,0.0035696762867584815,0.0034488066774518104,0.004646095594812946,0.002109920035581989,0.005541688590279135,0.025294842075195223,0.021374746102199655,0.1634709112122914,0.0018125736169054387,0.003994236345328759,9.345290637831154e-4,0.0015857556275818815,0.0045892511765672815,0.0015399566404948213,0.001239283870525784,0.008673462992875209,0.007862961283379787,0.02138016710978692,0.15796790439132366,0.0023723555188332308,0.01079078956427153,0.021905363528494443,0.0023890330252492454,0.002249183012078897,0.0012134140526959692,0.016619185464343388,0.002133619412779249,0.0014035528838472807,0.002533879588196259,0.0010613982583036461,0.0027504457329878777,0.0015221369884218933,0.0037164628996275606,7.348408658904333e-4,0.0021069386344954965,0.0019898221059226656,0.0026554591581407347,0.0012385137847777726,0.0020726451960939004,0.0031456120312577957,0.0030497327329666556,0.001000194888211445,0.0019127633041165263,0.0012224937825292411,0.003345391657866883,0.002996161186470244,0.014853221469058509,0.00842993766496522
0.09687059426571061,0.03677672222461801,0.018048648227712044,0.009863302707253233,0.16087633842979945,0.009583713564193417,0.10395561801827134,0.0031297435111460365,0.0031459691457770525,0.003785898381455125,0.004087110535187807,0.002311297628272313,0.0046564515046516155,0.02475139895153008,0.026147934994296504,0.14983370111551506,0.0015620774959501063,0.0036816618594654317,9.553509619257575e-4,0.0017514700205811407,0.004706184457693469,0.001413840913605526,0.001097577458990094,0.008788118518850882,0.007943835964217992,0.023025061463635556,0.1599361609710696,0.00240925871757374,0.009565082809672,0.0227031373493139,0.0020341851689382926,0.00217562758950269,0.001442337450047172,0.022407737509296043,0.002203360837597476,0.001545363976294372,0.0024297685950785608,0.0010317505693689946,0.0027509923151052837,0.0016273551841038125,0.003851011164065873,8.298607074312265e-4,0.0023773225923628604,0.0020226425561338445,0.0027779281872306197,0.0010230476644863082,0.0019660556939649276,0.002932899758299563,0.0023487930504133684,8.53184579914087e-4,0.0018439779208809166,0.0011495411901106232,0.002976925871161358,0.0038063543744115253,0.013151385056162396,0.009077328269702914
0.0995800093877539,0.036833378513784286,0.017584157833977543,0.009764296009893564,0.14950238080966943,0.009266650228028047,0.09652282587497794,0.003222266219353435,0.0032508920520230855,0.003975365839553842,0.004224855550621155,0.0024123459331040044,0.005935658999946167,0.02694417696724893,0.02366926973428282,0.16059155383083654,0.0017077774289470536,0.0039856216603264116,8.381378112073006e-4,0.001773536956746624,0.004600661453397697,0.001639684737373491,0.0015420089272275646,0.008009430146613507,0.007781114345079719,0.021236170301631756,0.16809626727509658,0.002306735410610407,0.010302463043546428,0.02025647628053821,0.0021516387706233837,0.0022853017897361107,0.0011518989419092485,0.02089450769229614,0.0021970620464518264,0.0013193198974830764,0.0026732508610705866,8.983715053074353e-4,0.0031646106661615578,0.0018347748253529314,0.0035832975663528483,6.098076796544814e-4,0.0023909422535457322,0.002191700077399964,0.0028058180752514937,7.934554871306638e-4,0.0019155740090214628,0.0028906989284934207,0.002553309753638787,6.71154046906809e-4,0.002122396881811053,0.0010168435171809963,0.003432262460454693,0.0038568070568680015,0.014351275885419963,0.008887749761079861
0.10398411185156116,0.03666740496735776,0.01736538403176875,0.009561091603852769,0.14757965161000894,0.009454950309195447,0.09424155186230991,0.002935569203364848,0.0031886926464439456,0.003969733926548393,0.0033228025579820197,0.002348115267326259,0.005121661524255454,0.02141220029973143,0.027049703567946105,0.16714931644559736,0.0017655530773053867,0.0037441832829585298,0.001018617222108163,0.0017168973931679821,0.00470589544496305,0.0015661891990737624,0.001454694783477801,0.007984351067371415,0.008491082710162351,0.023453190208598592,0.16178203051519505,0.0022347545712861055,0.011635158876290784,0.022483771988058496,0.002166994974803096,0.0024427423049450977,0.0011735357028853147,0.020123624686849195,0.002304767460157978,0.0015651692822466927,0.002451043189035832,9.606789403414606e-4,0.0025305735784657926,0.00150032606060291,0.0031608215842849233,9.987057049267798e-4,0.002395183910599393,0.0021095510262391457,0.002418400262674634,0.0010774046849940896,0.002020687583508026,0.002482811207320105,0.0025052400122706144,8.746400139927723e-4,0.0021758507512158924,0.0010185384196407933,0.0031297286569748973,0.0033740020735668927,0.013186132522171806,0.010464533390017907
0.09981512615955997,0.03831574586147724,0.01824160608820781,0.009428520759888329,0.14637478367880208,0.009130639078953139,0.0971220226874882,0.0032275128881783226,0.003305001724470485,0.004111956277471662,0.003946924961721065,0.002374307223440854,0.005124629045933844,0.02375365146674637,0.025507258653549452,0.15764698440204472,0.0013789476704043767,0.004486365157785933,0.0010110469908892943,0.0015340137790033593,0.004334827461270372,0.001664361770760371,0.0010225740834864556,0.006474032491579811,0.008851606917401734,0.025027357486044344,0.17605505683517098,0.0020433804380432085,0.009832598861688035,0.02127180124878253,0.002176000912810229,0.0022990752985050486,0.0011651416941336837,0.015392833312796929,0.0023162688924013588,0.0013878992674963228,0.002250276053036602,0.001097993533481368,0.0026375372673958105,0.0015824034324772808,0.003247651996755859,7.024834192973715e-4,0.002156247243033369,0.002022583600045692,0.002584060224638593,0.0014248686621912653,0.0018186010814843655,0.0027926392862279775,0.002428091885153368,0.0010789132834080105,0.0023374430141448665,0.0010984230580501808,0.0037732856153769837,0.004379460129980261,0.013983675796084317,0.009451499889348468
0.09744692933358691,0.038441609885637516,0.019038146650746927,0.009554964091634973,0.1562710630846523,0.010416304310433602,0.09825770808163994,0.003048986468303268,0.003409024561049224,0.0035166129739336058,0.003450179020509911,0.002391861169096263,0.00525640481693905,0.025686507047469782,0.02596946297935751,0.1576299536385091,0.0016335810001908402,0.003407775757870085,9.990131240026907e-4,0.0017413262445993617,0.004311188385713011,0.0015352772894303608,0.0016635964123109183,0.009491546519627305,0.00814022092337444,0.02337041939076119,0.161266077275371,0.0022312902707194915,0.010875241184551571,0.019279262461011606,0.002192978374229714,0.0023857078810654185,0.0010750476668105102,0.01929469493679511,0.002194764726106448,0.0016129065652114877,0.0023093646776693438,8.912004436305234e-4,0.0025633025375865143,0.0015837803548810804,0.0029691215421970593,6.643377618446704e-4,0.00220127288592057,0.0020577867637864393,0.0024029731649477513,0.0010803918442757103,0.001856806968644066,0.0027202540302392973,0.002805522228323052,8.349991984423962e-4,0.0021975087287651176,9.98679272005307e-4,0.003070059149238624,0.004219804273025142,0.014822116598384045,0.009263083072940744
0.1000258709811121,0.03654707621780964,0.017439323419036812,0.009411364539957005,0.1523324643256158,0.009751063628751389,0.09569263003054682,0.003147412981204809,0.0032303918022641947,0.003571548452832863,0.003722858975753949,0.002237721130508698,0.005491356701651647,0.022556423508754066,0.02330601568524483,0.16936618020414262,0.0016984871719620636,0.0033090470255400664,0.0010082431350455074,0.0015597926509031722,0.004558518550662984,0.0015712788125172006,0.001221315407284371,0.010408385818573966,0.009373382268422513,0.023420737867359626,0.1669393646927206,0.002168647890738253,0.01016216385253306,0.01802788287655672,0.002175033482044905,0.0023813290048593618,0.001235867405307434,0.017713139756060908,0.0020551756353955983,0.0013943820221848848,0.0023356851650209024,0.0011623435429591053,0.002580430763084312,0.0016352320275403627,0.003519217895613876,6.926855357504701e-4,0.002357801979070286,0.0021389954972204205,0.0022990010383067273,0.0010372125811792894,0.002076011150429774,0.0029270081139142943,0.0023966234369354766,7.188438592320695e-4,0.0019030600205224672,0.0011737129040131275,0.003339267299892488,0.004633900836891899,0.012581516924500191,0.00827957151606195
0.09684849237575795,0.033423236745841946,0.017361093423477084,0.009288990546581999,0.17117346376411646,0.008708171637837494,0.09278781956883599,0.0033693415232023544,0.0032757666261031605,0.0037589116748486242,0.0042642700413767455,0.0023129114019426163,0.004823145693739423,0.023254789585588135,0.023190778451842167,0.1722759866500863,0.0014818334253762315,0.004372204431744264,0.0011643051549442849,0.001570792003964458,0.004072500096801312,0.0015160761487837781,0.001325829965637529,0.008120564876775822,0.007235830611724131,0.022085237288853962,0.1580402950714853,0.0018920813815214864,0.009896134074893434,0.017287036672468052,0.0021170495144414636,0.002076854206448057,0.0015510882212894908,0.017452694772908006,0.0022899140297156554,0.0012432704655635154,0.002251670414008258,0.0011007319813760973,0.0026003346158922315,0.0016193660420994425,0.003220801953111126,6.618362947204291e-4,0.0022602214664243715,0.0022663336193354195,0.0024262173203821085,0.0011119335245655423,0.001724415066682669,0.003096136624287255,0.002014869680629467,8.178226601953849e-4,0.0019474382619448446,9.708145038432287e-4,0.003160047978042087,0.004994245736931722,0.01556794476183359,0.009278055367176075
0.10635625840183655,0.03437689964965139,0.019162248805793692,0.00955182124870959,0.15769121300403313,0.010534638716450743,0.10204272351107896,0.0033204687141400106,0.003226972835009623,0.003429755730058381,0.0038494074546524936,0.0021317463700271824,0.005629600506723838,0.0238787860779165,0.019875093958715728,0.15791765248635817,0.001729891485970326,0.0037937185677547514,9.558848275970906e-4,0.0015490203052820994,0.005119073671796933,0.0017018919467694396,0.0010634934827308854,0.008011424687304747,0.007625449464875197,0.019841301838670045,0.17003087988734786,0.0022223389324492033,0.011997647709998022,0.017359085368446173,0.0024790772441186156,0.0022448824161884324,0.0011865856031195935,0.014570005221624419,0.0022192283261882415,0.001526623668185994,0.0025279894136505687,8.651732550373134e-4,0.002530657036391375,0.0015017125347607547,0.0029886371870354238,7.009531996691462e-4,0.0025144505383466343,0.001764221653986009,0.002032687001393489,9.315336416976048e-4,0.00226927832889208,0.0027129588244150164,0.0022603181511668138,8.075922481412415e-4,0.0022672774318747177,9.4925932626112e-4,0.003175529016171896,0.004528663570937749,0.01547641303911953,0.0069919024734774946
0.10184016209027064,0.03536579104875525,0.020798377898153562,0.0092423509483567,0.1525007484650734,0.009177942579260204,0.09359537451302456,0.0033087269345874934,0.0030864873042954284,0.0037584604992550396,0.004034059702992207,0.0020206291350663794,0.00519881672599796,0.02613364554746381,0.025824467577048527,0.15588523332372037,0.0017689716765220227,0.0038786046018707268,9.408332475035183e-4,0.001700886190588916,0.003946674138335341,0.0016934803644147877,0.0012743579841421968,0.0090582959308749909,0.008344710456979617,0.02229111344078975,0.17189714677978252,0.0022789678701176015,0.011294141928054339,0.020463421162891862,0.0025337131357128393,0.0021217430316907587,0.0011363905738276583,0.017860691867306898,0.0022328962468159304,0.0014074186854840368,0.0025957391843472455,0.001135811563456576,0.003181115386685071,0.0014201031189025862,0.0031968522630080234,7.719245023618072e-4,0.0022348133074860154,0.0019636926529188197,0.0025250572757630403,0.0013037689378303148,0.0019188062165920155,0.0027952450064392515,0.002290762069277974,7.667077196347659e-4,0.002052208010642281,0.001210801957493114,0.0033595892090069776,0.004199310299991651,0.012501383137126716,0.00868057457400797
0.10662183586288115,0.035024084111359405,0.01910217110886884,0.009694321773036262,0.15098899695732948,0.009724624391016047,0.09772739950531843,0.0032251189195468934,0.003158764672961517,0.0033996124674841085,0.0034568815532961756,0.0020601625551426327,0.0064465477493607735,0.024686668362436836,0.02431549769566284,0.17205315961658688,0.001753820778043918,0.004275029092589843,0.0010711928681981797,0.001714607073422568,0.004602842462069548,0.0015717282639280846,0.0014615462224479027,0.0070833369980612265,0.0077211126344331514,0.02467147977962976,0.15043212541314313,0.002210893105512771,0.008962924900791796,0.020831813980828517,0.0023118656510284726,0.0022661999578677656,0.0010743080133111197,0.018215401603451142,0.0022803175366374008,0.0015434145928061244,0.0023691671647950545,0.0010032083243791798,0.0030227755616437433,0.0015585682631957937,0.003407518452357629,4.8223595560741494e-4,0.002761532789595038,0.0019502813644434723,0.002692649033251109,8.66129766276608e-4,0.0021094454568753884,0.002783023798804205,0.0021781102713045878,7.791309615144783e-4,0.0019793165225364235,0.0010374049525914651,0.0034058810481856204,0.004466833877599681,0.014197618389953068,0.00920735981459925
0.10377132686533412,0.03613406004414295,0.01873314180531136,0.009449787438166156,0.14669984003742081,0.009924816595586623,0.0982471391603017,0.0030634434706251056,0.003400957448190198,0.003873436091486953,0.003182202672929499,0.002232451610745401,0.004437951330159129,0.024929430413038998,0.02672932901578178,0.16757805026936756,0.0015317185958411395,0.0036847298380307293,0.0010474421477413495,0.0017946846182800642,0.0046654482330803744,0.0012998051993043445,0.0014365630308277681,0.008659186009758815,0.008471988137768057,0.021385685651329027,0.15893557400657277,0.0021344625808176645,0.010812220342374978,0.023613784061112628,0.002724770560417073,0.0023114473484314407,0.0013670065663381015,0.017776347136114062,0.002068998642821012,0.001576323647777767,0.0024975778422553488,0.0011119855915382218,0.00258993128270573,0.0015444076123611432,0.00330529955811191,8.318717397205113e-4,0.0024415292088417646,0.002084357067017292,0.002382342031443941,8.01112636002263e-4,0.0022620521313876834,0.0029564606247759915,0.0023308451176856765,6.211114385367458e-4,0.0019653834289106065,9.069542523068671e-4,0.003291719174191537,0.0045265084502260555,0.012802449258517555,0.009060550930135688
0.09817961017358476,0.039291005178712146,0.01840315943819938,0.009449442238896015,0.14971939543681395,0.01091134409957515,0.09910637855228688,0.003421783702670961,0.0032393543155122793,0.0036607589428076072,0.003245275486129666,0.0020945493820300506,0.005080355955493289,0.024269832342998798,0.030727934676956184,0.15544521019144536,0.0015911192562650391,0.0037598858439430592,8.758214188386882e-4,0.001653745565236379,0.003619804289912306,0.0014519773413851395,0.0010898737596601218,0.008220976781572426,0.008164282127699724,0.02236599001534302,0.16362911352493434,0.0019535749328119627,0.012325616256691055,0.022464692875586303,0.002168092321720475,0.0018882495126406936,0.0012787790223595544,0.0167744839030535,0.0020989652107562986,0.0014204321929098419,0.002527720663923237,0.0010971189132312489,0.00282908112941831,0.0015394886885978152,0.0032992555256100664,7.500717485792895e-4,0.0024419234136415606,0.0018881214217504848,0.0026727017465185605,0.0010799347872013938,0.002136385389599552,0.002931005787537944,0.0027080072569347496,0.0010528021695637262,0.002400147034155817,0.0010497332149998642,0.003312814976233781,0.00482581922943067,0.015020566814450386,0.009396433821189156
0.10505479440507413,0.039169348472429526,0.018275520371130314,0.009946094615740043,0.15389563236282006,0.009971733244830062,0.10752565883819133,0.0032515202608340093,0.003277899990033398,0.0039265845036321675,0.0035932853650953176,0.0021303638765026185,0.005198739451224971,0.02343397531533732,0.02624703293218172,0.14676293909819396,0.0014538895734431366,0.003739735826527193,9.937052612449587e-4,0.0016953801668512897,0.004216040993442874,0.001549327141818997,0.0011184415974677892,0.010330317595797188,0.009231070074816196,0.02137633357803253,0.16113981183445242,0.0022568698924551986,0.010105846079761283,0.019944226124692203,0.0020928569574687316,0.0022261821069909102,0.0011749298518755153,0.0193058049725606,0.002069191398980469,0.001376234623867272,0.0023885039864837538,0.0013929317749429458,0.002677483024584122,0.0015088701946061364,0.003804160948574722,8.658744478036183e-4,0.00266757224538167,0.0021244259052628847,0.0024858857137955853,0.0011780720188135933,0.0019487606706413152,0.0032444234414357397,0.0020518260702186842,9.165239873102005e-4,0.0020959297004199255,0.0010323268891162054,0.0032169354070581938,0.004510445773182343,0.011618440188656123,0.009213288855914622
0.09753241830388322,0.035730889247738366,0.018772588386425086,0.00926204872005202,0.15555802327574936,0.009222999209648305,0.09845906491922164,0.0031605778279363245,0.0033136885564520814,0.0033182839516728946,0.0029512699064292497,0.0025694354916415718,0.005352938128925069,0.023976891435775763,0.021451814749822346,0.14178326245768952,0.0017620862010221047,0.0040205801433147535,9.006086267431151e-4,0.0016710093942228874,0.004297024977918919,0.0015715402591079232,0.0013761397720384945,0.007196546530352004,0.009234859611508295,0.023737030194989947,0.18166274053903697,0.0020751734496660054,0.010724148518839006,0.025611858361808713,0.002206077816456786,0.0020791839110369213,0.0011625864905122176,0.01811917340144993,0.0024355298343439152,0.001694561451020073,0.0025897432501070013,0.001034656953824649,0.0026659367635372875,0.001867391435737602,0.003198086431503638,7.51153304990351e-4,0.002391668283370733,0.0022817154633053014,0.002846009885537157,9.498707121329054e-4,0.002192074233944159,0.0027335729263314886,0.0027117715201476125,6.490766570685689e-4,0.0021870415972793933,0.0010451231111416588,0.0029881437618631624,0.00415286636812861,0.015509008595155558,0.00930043469044135
0.09282064612474444,0.04137238542285299,0.017548850879330304,0.009207220665861913,0.15980910112468158,0.010009672899463789,0.09853288794721646,0.0032988549246883167,0.0032706071742758308,0.003964974711025527,0.0039495325896030725,0.0020350206558453527,0.005335526205060806,0.023602778576059014,0.025777569854829565,0.15653523319699467,0.001762670551892298,0.004311043734950596,9.461254005090707e-4,0.0016780201286005247,0.004175919464338062,0.0016129842300851682,0.0013403583802774172,0.008655674124251082,0.00834849068941031,0.022253492474415427,0.16499763968471876,0.001966022851487234,0.010768672441831214,0.024316551017882864,0.002118844292434067,0.0019226695086219236,0.001073033169770223,0.015418541973673903,0.002505058519955737,0.001629466160371559,0.002549265384876432,0.0010299012892196857,0.0026850806375122984,0.0015161837621251234,0.0032414426875463135,8.989910699846165e-4,0.0022811394222677895,0.0019070738057933977,0.002634140452949317,0.0010536899318092363,0.002136359183326923,0.002908122315430965,0.001946232260067295,8.068968363802841e-4,0.0019082874078533024,0.0011291017827795122,0.0034274697149055235,0.004730646453689964,0.013143580254308673,0.00919425359516235
0.10304734219004552,0.035649152578749586,0.016823154704290078,0.00954124421013295,0.14983248665496596,0.009230020667477681,0.09558860829031122,0.0029185256777343243,0.0033072752966085616,0.004203459542536601,0.0038542356117790832,0.0023066506299581862,0.0055587088850077996,0.021733921243004176,0.02549760864545137,0.1685823814718405,0.0016066816458762453,0.003877523124509615,9.96145742070683e-4,0.0016694543820764418,0.005124622652989849,0.0016760706142957649,0.0012762794671105496,0.009318398812861442,0.008241266147556223,0.02289014642582443,0.16883192253173654,0.0021704680664884385,0.009663672836608116,0.01952735306749808,0.002450205355391853,0.0021697106833756617,0.0010810351990183044,0.014104269960820714,0.002069626073192373,0.0014612319408974935,0.0023354001733717137,9.89848015766394e-4,0.002659725197737068,0.0014084886668584112,0.003188547404577045,8.615392906444819e-4,0.0026805190719962836,0.002047948835932354,0.0023574929785677916,0.001142310713230445,0.0021087694191764873,0.0026713049086125526,0.002317591542293584,0.0010167218061665503,0.0018213475807623274,0.0012241897252133075,0.0031277489463061724,0.004338797046185969,0.014792808985583612,0.009028038660925023
0.10003666813135415,0.03496281530703529,0.02105501247181443,0.009847990145788212,0.15441350125735676,0.009998550022224034,0.09330909361669575,0.0032204624873896693,0.003353827053493586,0.004015365451040671,0.0037295594873494814,0.002201914333355532,0.004945913411414747,0.02327026418434016,0.024194737325901022,0.16340096109568691,0.0014221861935229314,0.0037811009994807685,9.812341610364625e-4,0.0016781188592862705,0.004380371240239177,0.0015614548984105349,0.0011871045187578481,0.006636502836983548,0.007532038504788292,0.023885094495258555,0.16687119266250633,0.0019489304362934556,0.00918702343558607,0.02116170305440287,0.002274171583256362,0.0023163291521361195,0.001285304493349745,0.016490251530097522,0.00240379152251992,0.0014733725185799387,0.002431932751162629,0.0011521971357775023,0.002842231869290767,0.0016541109999667885,0.0038891761099290336,8.724622445900567e-4,0.0025338398409511394,0.002046040726512173,0.002619293576114176,0.0011409459011797718,0.0019620625413163052,0.002950288977244886,0.0025841777816966944,9.85931042054232e-4,0.0022780690321808,9.80426970423981e-4,0.0033233063432881907,0.004551510409160402,0.015217889330835366,0.009570193537592102
0.10333631032033004,0.03728902880804071,0.017823352832213007,0.009697167305702302,0.14827892076025423,0.009394488063802645,0.09489492064730894,0.0028678211201279705,0.0033059413446176636,0.003920190587377411,0.004461271150694912,0.0021974417220742707,0.005682679197797942,0.025323772600112426,0.024967874209880427,0.15651138164317321,0.0017962201056637942,0.003870679305779575,9.54553968766561e-4,0.0016522525031271598,0.004915475502852836,0.0014970108324639168,0.0014808686961799778,0.008685621601957566,0.007438028031049489,0.025247716863923995,0.16995176410197532,0.002226087369334168,0.01093568586343656,0.020146042669872844,0.002121132578421683,0.0025464482941415932,0.0014244327051798212,0.01722104035003938,0.002264054292519936,0.0016476962844009454,0.0023089567922959407,0.0010131688842302002,0.002788938951005692,0.0016437599062934715,0.0033200020998440057,8.418731701025749e-4,0.0022375503354999104,0.0019669348631574522,0.0027306026140361457,9.312060513091517e-4,0.002050947366611167,0.003050431157642138,0.0023844150489928627,0.0010190868852120627,0.0022499357562442298,9.977194950213934e-4,0.0033945860385773633,0.004078969645853232,0.013111046322821784,0.009904494380654029
0.09888878805969167,0.0365808510641734,0.018021348090341546,0.009380131298968846,0.1442656437390391,0.010170150033179667,0.09565056898093423,0.003193373233404597,0.003513691200041175,0.0036286559049589417,0.0042538168285166525,0.0022287397299882877,0.004811191807451794,0.024857693964062743,0.02184015155316484,0.17577607110629204,0.0017537119663567893,0.004010348718355431,0.0010605589818692429,0.0015274731565345216,0.005114599216012718,0.001593550423477446,0.0010060872435623115,0.008097956136592682,0.008659796518050464,0.023027232817192416,0.16367039552258683,0.002245078740248701,0.010006522474032305,0.018144983726137102,0.002457888286206462,0.0022142999764642284,0.0010875635079517986,0.01949206670192207,0.0024618186419741116,0.0016261395752768003,0.002424212370827263,9.707432503637421e-4,0.002891635749347982,0.001673350108348658,0.003185368513673009,7.006952317764774e-4,0.0024628111609740237,0.0020753082226639286,0.002874427991034191,8.386295555309022e-4,0.00185321486471762,0.002726772992318729,0.002659423381962005,6.148246315662896e-4,0.0020318654431128414,9.994097809533982e-4,0.003159335141043639,0.004201590434604036,0.015161657565148545,0.010175784685018764
0.0963858858894345,0.03676145436322403,0.01837920086669278,0.009417279219198603,0.15382955210790436,0.009999048538475448,0.09983676779547705,0.0032161000512049643,0.0033927040783151017,0.003638735332648341,0.004062594672250195,0.0019366113245336337,0.005497291551902054,0.024630214733535796,0.02426920696719364,0.1488339818440348,0.0016094167370345265,0.003343527927279993,0.0012214113816430149,0.0017141244094873844,0.004153592061594606,0.0016223216655297486,9.577019273214515e-4,0.008838294545431684,0.00870968570240401,0.023537353986437772,0.1688833248013102,0.0023079993001001798,0.01026623868549986,0.024394034649362465,0.001976721707751074,0.0021087982867516427,0.00132784346546204,0.02052387366897231,0.002135961028193193,0.001600843891686975,0.0023186641872866174,0.0011470674071946232,0.003298658478010054,0.0016662863933888687,0.003007844251814232,9.242342916162562e-4,0.0022413101280134217,0.0022449623108976133,0.002263395818445365,0.001629480341433027,0.0020703884736287385,0.002879369298205437,0.0025252957429815737,9.143116307657491e-4,0.0021487316406923595,0.0012331661066762435,0.003449702860271413,0.004194330957422259,0.014511208671721454,0.010011891844255176
0.10682997099184584,0.03660285849117223,0.01909789887364476,0.009564658720757234,0.15628981660518865,0.009339173296294813,0.09591064506749088,0.003353297305745081,0.0034270043626553107,0.004147680990883225,0.0029617919917968847,0.0023679702068299248,0.005209450651438183,0.024391296962494743,0.02599001275120511,0.16157804477651058,0.0015007127910271673,0.0034553339240745045,9.556183588546725e-4,0.001585552792750822,0.004018292643450921,0.001479608059451291,0.0017675892208144069,0.007687068669295613,0.007651701194873917,0.02290617509810192,0.15926509195223557,0.0021344242370164176,0.010769788864401574,0.02062834345943572,0.00192383907225122,0.002191579093623039,0.0014272499865342879,0.01621918960169248,0.002224161928998902,0.0015635218603291452,0.0026525015439735748,8.829818999523082e-4,0.002564516421327274,0.001418696815287857,0.003704787018188014,8.853618951522186e-4,0.0024098514362718045,0.002035835352178156,0.002685807395525082,0.0012146766235542152,0.0021241994179527555,0.002717691548073731,0.0026146250751802012,7.954557704089698e-4,0.0017788800035103262,9.773380438614617e-4,0.003335875423554652,0.004499445222404765,0.013386141626853783,0.008898916611621807
0.09554884214050627,0.03627367771883031,0.017546900218088485,0.009569807543155371,0.1631686514375924,0.009346174906253392,0.09736152940689864,0.0032333261391333354,0.003440282941802174,0.0035978462585825634,0.0038215516745287543,0.002168606346494776,0.004891396962776619,0.023957188214144713,0.022713633785656332,0.17379631923458327,0.0015988118156001724,0.003809511374374755,0.0010408003280453295,0.001668139102076706,0.004520118269478938,0.001599212577113545,0.0010932471582248684,0.007623757784660996,0.00869513970470922,0.02275679545296925,0.15880968786733415,0.002219547063341736,0.011418873338702678,0.017037527000289775,0.002078346711811793,0.0021156916451700518,0.0012678461258979435,0.014724075718696623,0.0024109952808428017,0.0014219322348430132,0.0021692203341374277,0.001052724880639428,0.0026885596385446955,0.0016989847800026514,0.0032163530416310184,7.653751274734229e-4,0.0024126961283886996,0.0018547519553703364,0.002658178459790273,0.0011320389916728826,0.0019523287496246036,0.0028467626107860316,0.002277503726304713,6.389928667353104e-4,0.001989649526230307,0.0010271583673964202,0.002924145567872907,0.0040945922830344155,0.01466813187100026,0.009586059610152532
0.10330136026388437,0.038001215647142816,0.018835111847915777,0.009865776385106498,0.15605045083368507,0.010157878997803543,0.10209904627243238,0.003116186713840291,0.0031251509989349046,0.004383695268489027,0.003475877000984277,0.0024144395095582766,0.005976439360824616,0.023748082794019392,0.024085103191466534,0.15015594125789752,0.0015531463029129066,0.0037282492458250364,0.001049672665956686,0.0015870824337872818,0.004371206457969097,0.0018827462699275448,0.0013497763382717954,0.006934806289551419,0.008665786124528839,0.02120047004477889,0.15943267202763564,0.0023730226068667203,0.012222752389664797,0.022240480588335346,0.002118620391017434,0.0027455341512510095,0.0010892149856593365,0.01876325380934826,0.0020656046755514355,0.0014229429443517337,0.002790472803091298,0.0012051969495670142,0.0029216966970737764,0.0017187884651355572,0.0035774235902428027,0.0011131784936864806,0.0024238279693373737,0.0022558224581750498,0.0022600587535086146,0.001161094784374479,0.001951848999180205,0.003015622644592164,0.002400918333507886,6.796319916055655e-4,0.002235610072913702,0.0010688007557482944,0.0029608410057146307,0.004879645269771542,0.01374030678454291,0.010050416091054084
0.09815351245682377,0.03704495925765519,0.018765354018883924,0.009734504000294436,0.1550034331833438,0.010082789167086879,0.0933141425972705,0.0031493855857334277,0.0034025604326382223,0.0035132206652609844,0.003388352853129886,0.0022004374640954543,0.006358525591722562,0.025091016148711315,0.02291705399617969,0.1770557374999317,0.001760198002008018,0.00381348659211497,0.0010707101376541375,0.0017391420472470344,0.004431991105420311,0.0015152411888286347,9.490073575360444e-4,0.007760905575538117,0.00815229973045619,0.018855357433064514,0.15557963968237715,0.0018803161088369288,0.010042727734679074,0.022155152467749833,0.002318188081034485,0.0023565240648397412,0.0012438034160450226,0.0170377756175085,0.0025447250973995245,0.001732965511090745,0.002571676052877728,0.0011173146206370258,0.0032118037554957806,0.0016100296185691406,0.003284365747095411,7.304933723099882e-4,0.0027481768669121494,0.0021395077952862393,0.0023522847617896627,0.0013127980878955986,0.0020277821182775255,0.0029725810545890297,0.002691980068967016,8.62533787925107e-4,0.002200585449963232,0.0011799394911479852,0.0029446073863834935,0.0043764478195855395,0.014746290789239147,0.008803659484862381
0.10043047505305727,0.03677633836207793,0.017950523219674813,0.009075832357523754,0.15601897922380312,0.010082913873928038,0.0971076441418935,0.0031766854622372123,0.0032746302803867812,0.003799908002703208,0.0036167750053141823,0.002508161423601358,0.005339005132079538,0.024443265236075797,0.02408389604311163,0.1467388773001038,0.0018388301230072282,0.0036427117170850227,9.383778988908918e-4,0.0015714791334540373,0.004549396840156989,0.0015033651792758236,0.0012563969155644245,0.007507062123545057,0.008040586485817201,0.02007488903008751,0.17940658312498303,0.00227044647700358,0.010228746051812359,0.022007498613326546,0.0023782712867097336,0.002520664181321031,0.001243899297037555,0.01709584237708031,0.00231021212173851,0.0015400424797126914,0.0025491524811960776,9.322732809301364e-4,0.0027124854316398187,0.001527941073673576,0.003101864347526458,0.00062224436235836845,0.0025415347902263503,0.0023661151585541453,0.002642201604873584,8.993162111996482e-4,0.002196641871827576,0.0030260331221359064,0.0027239316290886117,6.665725611137694e-4,0.00208656650317859,9.834430886565151e-4,0.003399550191340048,0.004376978706139493,0.014276927392590075,0.010019014616569847
0.10310668089326286,0.039290039884481945,0.019244699414729557,0.009960815353303454,0.14866051078460021,0.009700311495638244,0.09616686753700932,0.003154656092834885,0.0035354968147803655,0.0041495199876400955,0.003423164419602062,0.002453548973818851,0.006179390555881084,0.02427716693320561,0.028949958371970955,0.13981271105252885,0.0018242068149481566,0.0034810103599812584,0.0010219825355832612,0.0016679625104997844,0.004650385057682264,0.0014302064710503212,0.0013512617968180908,0.009327386621031657,0.00848703671432697,0.025583371428499105,0.17396998482398338,0.0023654680779691094,0.010138751194301934,0.023782774628897427,0.002048367351640265,0.0020344363554006734,0.0013003625222115173,0.01754891409336753,0.0020637703791393813,0.0017678647074744287,0.0023367331421411267,9.535492037728152e-4,0.002915183357859824,0.0016159444871515585,0.0034239531241323723,7.807984249664997e-4,0.0021433228941269604,0.0022044077805386253,0.0026424760986385764,9.404641187412464e-4,0.002290502978071605,0.0029241819892513433,0.002470015242013566,7.322276333130915e-4,0.0020090390789581896,8.769058248795766e-4,0.0031760948562807407,0.004543567463717975,0.013880708764141516,0.009228880527207915
0.09731824164324836,0.0399789554302683,0.017823753973229373,0.009330587169902918,0.14840412337202138,0.009706141243803593,0.09803018082433844,0.0029525175606146337,0.0034046448451769515,0.0035712944806855734,0.004067438841992467,0.0024838462837968034,0.004983801219038512,0.024620425150072386,0.026918569325321787,0.16296127962833132,0.0017209576146461712,0.0037953415747318565,0.001153180677371874,0.0014889391801061053,0.004447430697881193,0.0016278532195363488,0.0011594470249041038,0.007981369843441256,0.009032799066766453,0.02143782578204852,0.16565493140992046,0.0021380205869838916,0.010649588938860526,0.021321788299945358,0.0021778780721385792,0.002344526826437036,0.0010448197261829649,0.015567320967257043,0.0020660702449150584,0.001710517721870661,0.0025353833291326773,8.785135119150949e-4,0.0027986017970850147,0.0013858676821767064,0.003073063607297754,8.118024393627878e-4,0.002551438908159614,0.0022564330396872634,0.002827539443711165,0.0010792744394682165,0.001951232618274312,0.003066535881097295,0.0025836376103324254,9.383997713358867e-4,0.001972669629634971,0.001126002896660528,0.0032946007401742586,0.004434162390036536,0.014927107656667679,0.01043132414000165
0.11040518727929954,0.03944335973106932,0.01839087508253995,0.009334284272308877,0.1487691928077284,0.009822442661170536,0.09217550975809852,0.003134231118792144,0.0033651632868744986,0.004231156954583169,0.0038435914543712866,0.002678351525964631,0.005132330625261734,0.02437112347506301,0.02270516015364559,0.15979931708729586,0.0014360394032863874,0.0031429554371156057,9.361621092962458e-4,0.0016519359176088758,0.004192161653423707,0.0015842342611843395,0.001316398450343511,0.008611567162360752,0.00704226522045583,0.023232710850367527,0.16636424741890787,0.002239373002174163,0.010095787520023113,0.019075855358537577,0.002047940498207624,0.002200643834577706,0.001151375142158208,0.017356968794513882,0.0019786131374612396,0.0014095476985812457,0.002549671360686587,0.0010746821925283348,0.003120082404408875,0.0017789774266018094,0.004009358644100918,8.39401198582241e-4,0.0025090751115524634,0.0019957336949668766,0.002784848860736872,8.71435686312936e-4,0.0018849629980033208,0.0032412705450635152,0.0025018068784295887,9.401338034789551e-4,0.002223719485952531,0.0011975163412825832,0.0034878048089489653,0.0038355616687699495,0.01384643160174462,0.010639465143195623
0.10415016232207233,0.039581224872690175,0.017352930118323104,0.009676243770064688,0.14587613934152613,0.009326499232517197,0.09737374006668405,0.00340588528059477,0.0031675539973214087,0.0032992169084230063,0.0033724555819505194,0.0021770481173070733,0.005740414444064091,0.02616798318042189,0.026756219728732746,0.1660999575378015,0.0020630639647960317,0.0037683183271059488,0.001050570425171986,0.0016550044052595703,0.004472329361853209,0.00160678341108973,0.0013506031754316576,0.008946986691298798,0.007982124986641224,0.020131041058132477,0.15928693938764502,0.0022789747704175032,0.009624968484957527,0.023635521922222638,0.002123392829962994,0.002304690871271641,0.0011234601781331497,0.017134200709453727,0.0020660681534144434,0.0014616367438341732,0.0022777133910691257,0.001142625828370795,0.002797595078588655,0.0012920893671396361,0.003412007124377794,7.592073600324453e-4,0.0023780100284527908,0.0018801881767345526,0.0023869535776980394,8.84981670365869e-4,0.002091435550889309,0.0028234207797182324,0.0027480605468157048,6.613099920327432e-4,0.002219717927172719,9.230846410423647e-4,0.0034738670879078653,0.004412714097855864,0.014188048900550976,0.009656614514596321
0.0972398990527267,0.03893309082663972,0.01872810286334246,0.00899739742947998,0.1512860876927456,0.009747006499469307,0.09555806528363534,0.003379028593777069,0.0032092879132944066,0.004080490114172803,0.003929287749617766,0.002446749249831058,0.004493643536023149,0.02538174478764543,0.026683892837719117,0.15719233139001634,0.0015606780335630137,0.003513297438551455,8.096809111872474e-4,0.0016751368681319884,0.004745841199772113,0.0016277503454489653,0.0012827283680656065,0.007675990363482343,0.008513580563506604,0.01952595942386526,0.1696022314636182,0.00241622253013838,0.01002674049730809,0.023780950775183454,0.0021624189160381886,0.0022655904261682865,0.0011229000457308805,0.019305092083994918,0.0023961547195032783,0.001333505013352803,0.002527735553381004,0.0011710189985193265,0.0025853209281403397,0.0016163346117122695,0.0035778067149346143,6.725024507554056e-4,0.0022613919880507985,0.0018543737180380323,0.0024811201204944285,0.0011124736385607072,0.0020881444539138597,0.002893460567507895,0.002360829379856808,7.053429560441696e-4,0.0022483410563698077,0.0011478829024136787,0.003488279226342556,0.004902095512857241,0.014161948004615257,0.009515041410744421
0.09507495581394722,0.03971937837909152,0.01835488006982682,0.009880728187684856,0.16684747337553577,0.00949077453284394,0.0974255230360439,0.0031240426754436173,0.003323819514807676,0.003990852451239578,0.004113522166337819,0.0023990160902400974,0.0060347816391791795,0.020969005051498093,0.02458020689489042,0.1550147330009691,0.001848192741267998,0.003189452211002486,0.0010452222241617486,0.00158254630394055,0.004342417838117871,0.0017813229772217457,0.0013100927990531152,0.009092039431350127,0.009302855389474922,0.021844699585051107,0.15742723734281472,0.00212584803922791,0.011014681721567292,0.02392701046162681,0.0021261818057220438,0.002343346968179615,0.001167009376640852,0.018217486212587144,0.0028369024387513127,0.0016009163050289968,0.0025088313693024784,8.800396254924883e-4,0.0027379295280766285,0.0016298944271094316,0.0033251611789765025,8.457239155507938e-4,0.002157647330980549,0.002016480086314767,0.0028101160959203854,0.0012450593828967627,0.0019488391501296589,0.0027851269838029226,0.002470069689021592,7.57311484657867e-4,0.002341504551061957,0.0011173874244019292,0.0032135483250045455,0.0037553089825670344,0.013919283789453217,0.009065581626910508
0.10795745449140665,0.03924253577264683,0.01680683622501811,0.009131244437323632,0.15361806322949836,0.010390732180990707,0.08589181555402525,0.00312318560629407,0.003329863051921724,0.0037021691395038164,0.003627141560062155,0.0023717532789666,0.005526915200049591,0.02503451232278927,0.022151049539779876,0.1709477259456133,0.0016820110602938604,0.0041842690312794695,0.0012344712250139062,0.0016643646293667787,0.004513197193623976,0.0019121202667596268,0.0012451788998503767,0.009058964954580626,0.007852682507416046,0.020506229555257216,0.15892054959865268,0.0022394273119549376,0.009036072682883438,0.021973624540673677,0.002055860956372735,0.002100696538508103,0.0012172663201351877,0.016677135407656335,0.002249305488194489,0.00151138181959507,0.002323424668981473,9.164356953450813e-4,0.002769747663675838,0.0015256476510935783,0.003494668225192875,6.122182686446342e-4,0.0021798760074003155,0.0021556093767012164,0.002535753589235954,0.0011133685406679846,0.0020754684297176955,0.00290932172803068,0.0025194226014410527,8.589143068597457e-4,0.0022845699567377595,0.00117560601470921,0.003990550248385785,0.004052232291854627,0.014508069003555875,0.011311288207810119
0.09841883983476468,0.037336162557809006,0.018046260617726104,0.009784522360582271,0.1540201057842641,0.009473111997082248,0.09198040258329922,0.003247236211998348,0.003482052834619333,0.003396770100110039,0.0033863525039452415,0.0023339927981077422,0.0049573846183288755,0.027578963353078276,0.029176899610542085,0.1610234787780422,0.0016044004042506039,0.004060521368450763,0.001026233958166006,0.0012953882478370189,0.004480345192318397,0.0015292758249559996,0.0012498445087496812,0.008770590859803714,0.008149123314225385,0.02831807804303717,0.16059092234199018,0.0023284850823087158,0.00971448471660657,0.021495850760226674,0.0021741610373553102,0.002320409436600453,0.0010679710738109448,0.017470305677362342,0.0023469123031836783,0.0015954128044375223,0.0025705529195574734,6.963207820559421e-4,0.003006167417855838,0.0014500107929119987,0.0029651738565023554,6.229615463319952e-4,0.002246717470989297,0.002047331405014935,0.0028411919052087425,5.88940316600191e-4,0.0019249209800363723,0.002902743323717061,0.002317765421757972,5.360986161636e-4,0.0023602425863802194,0.0010137480862187386,0.003358085944207116,0.0038560492031260874,0.015246013928595257,0.008217709996791953
0.10236588454277569,0.03576668914216859,0.017752536888434933,0.010275766380038139,0.15268635319927498,0.009762907074553654,0.10520457271563838,0.003259457107482425,0.0031586910229543207,0.0037593059652600534,0.003073505959151065,0.0022621363202940943,0.0063425904585433755,0.023364477796121313,0.022114511641269725,0.15468299961559798,0.0019264192994715623,0.003128731054099566,0.001219955721901248,0.0015416898182903866,0.003538446447687456,0.0018505913159555664,8.665269801648208e-4,0.007680571875781756,0.00777649778773367,0.019198911647930354,0.17281904493000447,0.002400965829210063,0.010663372538505314,0.014848934624535862,0.0022017185049756074,0.002487180040973183,0.0011098431030666471,0.021373011424174554,0.0021577071848868008,0.0016134178724782854,0.0023821213432819463,8.964479985837797e-4,0.0024868732905497072,0.0017813395247831601,0.00354653984763422,6.19804943265286e-4,0.0021864219281248322,0.002000280842122367,0.002513767399603067,9.92326785203103e-4,0.0017816506976563987,0.0033758452004111475,0.002466227546971885,8.615846041873288e-4,0.0021306793852755527,0.0010171861696033006,0.0033515751465928215,0.004803086773592579,0.014893827515961121,0.009676489225210446
0.0962987672207219,0.03885543238647824,0.018517627266535042,0.010106047848922405,0.16365793092957065,0.008938275624758504,0.09680757551049939,0.0030803568877337145,0.00332936842610238,0.003491979254098907,0.0038541971175790534,0.002037107819369962,0.005713097554599078,0.025311474844610677,0.026268203068411364,0.17372788647128198,0.002035485808710069,0.0036327784875853602,9.95949908529438e-4,0.0015737380249308973,0.004608852488128528,0.0014935229233208065,0.001028962355450552,0.008317207729200018,0.007036484669875389,0.02040982812756717,0.1504236391337239,0.002085396017522619,0.01095234953538004,0.019835858836988927,0.0023676284608701585,0.002624699739482583,0.00122819127846231,0.015782259436830127,0.0020850073499566876,0.0013366393055530067,0.0023794604975592723,8.032500953632691e-4,0.0024647156029967343,0.0016360874613638855,0.0031137218468446546,7.380468194116474e-4,0.0022057338018324443,0.0019195586285532759,0.0025790261563980745,0.001072228752091398,0.0019378236351828137,0.002859854012703576,0.0022149227771470206,7.848786416136364e-4,0.002241818711536506,9.608475013604698e-4,0.0035232229257388453,0.003420420558610531,0.013695936440155963,0.00959863728419408
0.09091469972953399,0.033193373448878766,0.020178118479745228,0.009623300785787244,0.1613331857611791,0.009545934134224008,0.09467958362673685,0.003042501098566511,0.0031143680187013644,0.0032906004075344145,0.00413803565757326,0.0021874525040690715,0.005139538384530308,0.0275480643393305,0.021738852095222413,0.157291677016676,0.0015247314610705542,0.0032460690621840607,9.722987327366175e-4,0.001645453320523664,0.004740470204042898,0.0014066860488388259,0.0011296564304517005,0.008151615250953335,0.008717665236410946,0.021113510268555426,0.17365331210113488,0.0023343495491904356,0.009808273932009934,0.02194731155132593,0.002621409562452704,0.0021894681561912934,0.0013714351582876196,0.018576376144676797,0.002329589029867712,0.0015437665550711154,0.002578235115396249,0.00112381151223094,0.0029128522238296983,0.0014724996110693834,0.0032547396662947056,7.215084893989588e-4,0.00251102393025428,0.0020999918000783576,0.0024481434122010947,0.0012937164615039254,0.002223838837906446,0.0031718826594094728,0.002594239657409725,0.0010314485689616603,0.0021541108048146493,0.0010229312667745308,0.0032230735522130382,0.0036862357178071093,0.016026172169083842,0.008466811299096343
0.10640823312413049,0.03324811677803005,0.01901363502597849,0.009322972705815105,0.15354382328843746,0.010412631918004426,0.09867182590303208,0.003114028741341785,0.0033719858684743546,0.00405566017652957,0.0037050234492419652,0.0021179846564105304,0.005154721181112196,0.023700470235347215,0.03171092183713901,0.15899717292715626,0.0015157777504724425,0.0034940980543168455,0.0010271169575559282,0.0016390106924837988,0.0037799755741009964,0.0017154383581393115,0.0010967430712503854,0.007416993484748598,0.00796098446305153,0.024248542637838426,0.15517871690091517,0.002328842703181886,0.010006504884101007,0.02277986787088301,0.002091786357095551,0.00221288138922297,0.0012515172745039538,0.01654111705427852,0.0023306352761780585,0.0017313939166312207,0.002457703589310091,0.0013558858927469933,0.002478846877906678,0.0014749869484538738,0.0033216942688015167,6.87959757524214e-4,0.002420621378740831,0.001920291950359497,0.002931371355398055,7.238682812241116e-4,0.0018877567057749322,0.0030383156405509866,0.002308576722070099,8.002552544018725e-4,0.0020987279663408046,0.0010750350060240138,0.0031515345817558064,0.004296204153441015,0.014702357030038292,0.00997085415200579
0.09700432700493175,0.03423357614824333,0.019241751404157494,0.009490748933303728,0.1548514683022909,0.008681257207236372,0.09775725794097026,0.0031701190325724485,0.00318956861298473,0.003351718223555906,0.0034069062962291266,0.0019721748036391385,0.005697234169673252,0.022884508179018704,0.025978979221159822,0.15242497380060394,0.0016043024558236385,0.004219232766296661,0.0010349411688818015,0.0016163403409564518,0.004062630448900937,0.0014162347219471817,0.0010631142526584048,0.01070005419193671,0.008684609156304538,0.026721851666608523,0.17521507222987803,0.002046214083657166,0.009538721345409238,0.023247968852996886,0.002059807455382605,0.0022538984042036413,0.001147137764511665,0.014269264371890153,0.0021698706172254755,0.0013335148507333382,0.0025030484278518,0.0011231698054557366,0.0026049961500605925,0.001347486265059515,0.003581304511332489,8.939509844337524e-4,0.0025138009578104963,0.002037107734784749,0.00246655203807205,0.001422849646001431,0.0020541032130023318,0.0024381485878933874,0.002751478615938383,8.708633876740971e-4,0.0021362890262391324,9.82833880367213e-4,0.0032905530915346573,0.00400295489965704,0.014269833340155039,0.008967325009902216
0.10119595904479274,0.03640715226215225,0.017474070304226225,0.009939930968056617,0.14808332510972058,0.009398496667974,0.10070792956203907,0.0032241445557637553,0.0032617762147461988,0.003679827308500939,0.004232366680965607,0.0022374724218108977,0.006056257359011357,0.021055418804247585,0.023660216572435545,0.17019247886305763,0.0018467300983795198,0.0030940262365574084,9.854996715545636e-4,0.0016977437484131529,0.005150080546452601,0.0015796302920656148,0.0011092498100114454,0.008452002458101094,0.008382514340768666,0.022076310424550993,0.15763120569416175,0.002127915826460598,0.009636084395731033,0.022193119003422124,0.0024426368463277242,0.002413188566433967,0.0011893493014352317,0.01777462960983372,0.002380265394335484,0.00168597103342189,0.002384085224731245,0.0010050877633945073,0.0028206955245983173,0.001665499041258863,0.003471999725152008,8.130975736406395e-4,0.0024441998673456135,0.0021963616875324645,0.002743007928452474,0.0012088605007813068,0.002421098820659361,0.003453470204496505,0.002705367367996656,0.0010195005028477092,0.0022436503986900803,0.0011638802990015682,0.0030632461990169253,0.004375110000690207,0.014597597844058655,0.009549207527735363
0.09782725432202326,0.03655055596412792,0.018231016341932197,0.009760855768239471,0.15836832007832163,0.00929053505215534,0.09725975059029696,0.0032240526785919502,0.0034364596938888745,0.0039981311705825084,0.003946371655157495,0.0019355836048526784,0.005728950618746776,0.023992070677484042,0.02450189506291003,0.1535567266246139,0.001702150072896024,0.0034822849833698894,9.908067740994895e-4,0.0016547522110207998,0.005342710662478417,0.0018140309533039877,0.0014857214390869022,0.00900543538036498,0.008638039186884331,0.024313017732582036,0.17020769489781326,0.002212521055256775,0.011226968359305377,0.018929058273767934,0.002061563098785201,0.0022176175273467447,0.0013298342120493952,0.015109621681316522,0.002232775701578434,0.0016122876483608702,0.0024104287994521382,8.650333001064425e-4,0.002439993562219861,0.001687816114934475,0.0035134638670830114,7.620967840929438e-4,0.002252400214342154,0.0020584047517611297,0.0029858758585084677,7.112193790951757e-4,0.002009400488477938,0.0028019146528922866,0.002750754433104381,4.835374899445132e-4,0.0021281026471657817,0.0010901904729499379,0.0029505913744105757,0.004680524533028212,0.015759025813940942,0.00848180370689716
0.10164976897344541,0.035883651911541074,0.019352151337256686,0.009547401515459842,0.1612290369105665,0.009584286330481227,0.09907696770726299,0.003230298069331954,0.003578602053481146,0.003681017069510578,0.0030474818683204697,0.0024647853414141137,0.006697026315978894,0.026854230678746708,0.025139052252360763,0.1459002972857279,0.001487343258759504,0.0035576919469435826,9.987108909057067e-4,0.0015127500324964359,0.004189483893330273,0.001729263921833744,0.0011216924972903307,0.009314718669395651,0.00690899609341996,0.021440023046240847,0.17142017856500258,0.0019256928641391328,0.008626769903190728,0.021042616320722116,0.002349374052631407,0.002441532309402957,0.0013578413143776483,0.015166128934536616,0.002382714636855208,0.0014863545286177386,0.0026193077480102405,8.082101474066785e-4,0.003012580147491527,0.0017417782350278113,0.0037152931401317436,9.667986678155719e-4,0.002488450217223396,0.0019528522145501883,0.0027041229452994977,0.001136970543550454,0.0022066368534043863,0.002923555894983094,0.0025054339965354766,9.78220529704305e-4,0.0021043904680175846,9.847833031476478e-4,0.0030294811301211995,0.003949115548415789,0.01338044752415228,0.009415637444032794
0.09734190567012375,0.03722983672989102,0.018271532640490473,0.010302608382366941,0.15950530883877206,0.009836298338433285,0.09541910358448541,0.0029431312472524836,0.0033714208189625752,0.003595508419227333,0.0035866105166783638,0.002041341973827395,0.005733102077748265,0.02707891322761076,0.02281363719892775,0.16538558581377932,0.0014975745521401095,0.0038929872704735443,8.303271892183808e-4,0.0018186011373554438,0.0037216085083879302,0.001638757570825232,0.001140257741037264,0.008346228372908689,0.008442031057864983,0.02011422078200191,0.16000763914302668,0.00230939343085444,0.00916264272544366,0.01900117625438271,0.0021413529853371157,0.002656913466958522,0.0010363625860751778,0.020616649000947892,0.002315766404536651,0.0015219431600875296,0.002594268871758047,8.813158820979888e-4,0.003254860990342556,0.0015121140626465914,0.003282017055233568,6.440471085015838e-4,0.002437465662635524,0.0022468183470885244,0.0023258499502816776,6.241229968921e-4,0.002008620596706095,0.002928738888501079,0.0022661274622236454,7.166147550963651e-4,0.002136555559691335,9.187415178265431e-4,0.0029099991188536603,0.004584567668966475,0.015257674858260219,0.009801199827955446
0.0999501611600938,0.0365783668477501,0.020312719375965824,0.009750990825409724,0.1696287928709843,0.010619309753046983,0.09217260208708612,0.0031544965661124565,0.003048008493226827,0.003527915803158948,0.0035401674410236264,0.002065143873331744,0.005885241039860484,0.023208044334238485,0.02456237210972003,0.15745336360471748,0.001988310987426111,0.0031941874073794178,0.0010110964402236535,0.0017258484855980458,0.00439139688147108,0.0014545171541651542,0.0013316478843699903,0.00787405585873715,0.008860180793963592,0.02118880546743736,0.1576471899901791,0.0022704942822239942,0.010344129709420629,0.02260087818420905,0.002203950836966115,0.0021010126942410177,0.0014996354819401736,0.0169024277740176,0.00220721806617782,0.0015724913917146942,0.0027340945500230664,9.89840774149084e-4,0.002885783935105922,0.0015828055057588535,0.003428464096419142,8.534220059013028e-4,0.0021212613650104578,0.0017584191921841484,0.0026607168226952006,9.443137361703163e-4,0.002183965561126843,0.002451520133848637,0.002628901875689501,8.325222055852997e-4,0.002127415652842961,0.0010811975840284015,0.0034102938947095946,0.004354249640994651,0.014265699438610906,0.0088779400715571
0.10093855626267134,0.03734630222363351,0.01875199300699435,0.009230506253233735,0.15434282210568445,0.009758772169178077,0.09922572472886347,0.0030675347840308093,0.003079234982988721,0.003997378239555045,0.003635854199975946,0.0024122635872763595,0.005473737605183245,0.02407555283440924,0.02634696429433317,0.14872245519083818,0.001442031738807429,0.005229765192198462,7.920924307277521e-4,0.0015703750956721405,0.005427470750822263,0.0014008338279966396,0.0010919289518974587,0.008106074577063756,0.008339570045522576,0.02182283449789919,0.17117085721138858,0.002350000142094776,0.01093727483644907,0.018750183066160834,0.002420798872625343,0.002336873944370981,0.001243675250877749,0.019426920592025363,0.002435999701173433,0.0014747246737136445,0.002710763428606604,9.055338741871077e-4,0.002573168072870052,0.0016367391288866324,0.0035063413844336317,5.922184193723473e-4,0.002458759355359893,0.0020666244929353652,0.0023168587869084613,0.001027835365782801,0.0019000531856789213,0.00275908761423561,0.002334962529797428,8.71296884285867e-4,0.0022815136710196728,0.0010545574392946038,0.002950325152819664,0.004034177436983885,0.013349619788483154,0.01049362611972124
0.10648082646594217,0.036679086666808074,0.018472816682491844,0.009580425503097302,0.1530380962123456,0.009331841432860788,0.0936459710235037,0.0032229117080386474,0.00313931652085567,0.003778637509170326,0.0029767626046797967,0.002220883347936951,0.005824281366808393,0.026162820133987272,0.025572794355963883,0.14049131335005052,0.0017546147096513705,0.0032307778004060546,9.905855784871863e-4,0.0015909559920316242,0.003824234211294282,0.0014958481922726884,0.0014250565197895747,0.00750340291828386,0.008041995326790438,0.023792847537741205,0.18644851068223542,0.0021797290989658594,0.010502824893900262,0.018576931594066044,0.0019697056237479938,0.002315694151359062,0.0010712009870767721,0.01631418574534595,0.0019939240331232158,0.0015680584201347013,0.0024439673968013535,0.0010191638646186293,0.002636959852588854,0.001475842826801215,0.0035636400461955577,6.408736805832303e-4,0.0022755699505244173,0.0019737791470373247,0.002502659008539083,0.0013019887779878445,0.002122049054435693,0.0028309931952427213,0.0028299841157782496,8.340692921998505e-4,0.0020000243446089173,0.0010041405071573226,0.0031408194200977604,0.004060432128374489,0.014588948438325472,0.00954422605085747
0.10523232370166825,0.03696154855772622,0.018443448434205673,0.009315644433293642,0.14190850956731255,0.010785106971980646,0.09192693269463599,0.003135283498270309,0.003185208626907481,0.0038779453866682936,0.003628184413759654,0.002322152811049274,0.0058033346127967945,0.026836859319017466,0.024376689942321412,0.15019386893025308,0.0017225510216699966,0.003410767532783772,8.602917860893372e-4,0.0016779760973832005,0.0041819185537088225,0.0017663054015322251,0.0015633006393994508,0.011224575606150264,0.008930618737336629,0.023954478275443645,0.17117036007131986,0.0021704231615700792,0.01044543394889944,0.019585519026691606,0.002385850270766186,0.002165472273491312,0.0012624197344921725,0.02393796106856649,0.0020239797769641484,0.0015489763612843532,0.002383468207233093,8.533560632259473e-4,0.002875321341340191,0.0017732228205088,0.00315736780087919,8.633309519505048e-4,0.0026287949909447003,0.002246625765054972,0.0026167292097515264,7.863663693525583e-4,0.0020741359798823315,0.0027895234758394537,0.002484746625535882,6.535349158854504e-4,0.0021122497901689494,0.0010482933056239362,0.003695445089736249,0.004610787110308754,0.01647226606886282,0.00995221287050504
0.09245677519924021,0.0374147627707991,0.019175996611081776,0.010110472791133881,0.14750731803295014,0.009330033521315954,0.10997476190205863,0.0033374042343183594,0.0030524006193843167,0.003710391476072153,0.004048831141089832,0.001983554768203656,0.005653564873928617,0.023121297269879083,0.029115698384361337,0.17005626886438321,0.0016778704985824075,0.0037955024359074426,0.0012253825636933243,0.0015851194435143755,0.004686300509285905,0.0014959991790357363,0.001378589704148718,0.007389059037686569,0.009188209240935108,0.020843170617534088,0.1556755153409917,0.0022452903461822947,0.009063987420301163,0.020632295718621817,0.002301421131970326,0.002144366348006737,0.0012708574040771004,0.016617016471218715,0.002024686882354959,0.0014034497299532343,0.0025940726885750214,9.216677827854075e-4,0.003051609244685449,0.00154587029596449,0.0035188383299173363,7.993139656442354e-4,0.002295056364379145,0.0022042616451944195,0.0025949550982983845,0.001101688902031514,0.001893067181529066,0.002912431048283025,0.0025881839180958324,8.048003423535094e-4,0.0018880350280394698,0.0010284482509028878,0.00351042065402546,0.003944238644736541,0.013338654707819005,0.010770763422537934
0.09704008004710094,0.03636414802670898,0.017214845114287714,0.009893381170887294,0.15156509946450789,0.00965899064324168,0.09469120223649684,0.0030930106708153956,0.0031684935336341903,0.003219380908947678,0.0034852866709012887,0.0022090224436590285,0.005685484316435403,0.024948868844054953,0.026057296866041944,0.15238970778811642,0.0018065692483891548,0.003752248145402202,8.944964408804559e-4,0.0016280181705629559,0.004285442843066754,0.0017753024046292824,0.0022419689858641364,0.007014017753536171,0.007815944636687621,0.021203102731076288,0.181389227194267,0.0020436707770463544,0.011601274774576049,0.020411723164005007,0.0019845326673353894,0.0022482852861620637,0.0013329779778650823,0.01575237181905926,0.0021753225405325887,0.0015120253290803185,0.0024057900582178126,0.0010864057455643647,0.0028795373041015644,0.0016962569219415187,0.0038852198843933846,6.998670183771734e-4,0.0027618297205813337,0.0021810364916732224,0.002607530212783068,9.026412837632277e-4,0.0019020373515416758,0.0031444417717567674,0.0024190574554605053,7.373633772857299e-4,0.0021278633171270397,9.684754267244793e-4,0.003156452084808986,0.004330644285547188,0.015437067275890434,0.01111766137659869
0.09653671845340928,0.03809036616930795,0.01782691220978273,0.009517457396075915,0.14721553372050644,0.009725169222145379,0.09571921153203906,0.003106962142142352,0.0030912226327731596,0.0035954831299386107,0.003451717966628271,0.002358008982266446,0.006554899486754186,0.026666569049571733,0.030081543000390107,0.14726481985258438,0.0015470731951782656,0.004513869890494305,0.0010091487821374027,0.0015018155036319665,0.004450624878358524,0.001727489831049457,0.0010843901486491713,0.009947119332675943,0.009031802940681505,0.025135248498595025,0.1744553127120649,0.002043062226661763,0.009920114152715745,0.02442977211528912,0.0022155509126139373,0.0021404994261772317,0.0013375580802138358,0.016433289830274974,0.0025078299816316354,0.0014864407020838053,0.002441422985922085,0.0011585297533285896,0.0028761370575832116,0.0018030834818335217,0.0032338985185817633,8.928426332979321e-4,0.0022786424057230597,0.0020315856097310042,0.0025096317095197078,7.421793687958379e-4,0.002124914041743625,0.0030044972431789827,0.00222379386015912,6.55831900842984e-4,0.0022307537057519385,0.0010097552597919655,0.0034301624693950546,0.0036706613494470754,0.014961207175429843,0.008999861382448206
0.10266142645718583,0.03473294033674867,0.01854875541373927,0.00930708049582558,0.15415824708252338,0.009429116317213085,0.09895166146365755,0.003017574624055668,0.003470979257088561,0.004053962508624045,0.004922425517454915,0.0023753420942752177,0.004902408716670998,0.022984411654404926,0.025705529206594385,0.16782294392188782,0.0017454729393767163,0.0045167325998907186,9.732594300593642e-4,0.0017078667820326335,0.003931090243850271,0.0017481205258139674,0.0016255571737293706,0.006691705051017888,0.009330473012945728,0.019598510955199728,0.1608182667328106,0.0024051191690516566,0.011579864390497371,0.020462143150422312,0.0019929828175418675,0.002449768726262892,0.001132337880256286,0.01627621703223466,0.0023840091241036053,0.001593587960526346,0.0022549127616183287,7.725146221935596e-4,0.0024070462490552447,0.0016582387911659665,0.0035225221746543064,6.089669395528203e-4,0.0020689028701477803,0.002004509610509905,0.002560479195302043,7.939498423712104e-4,0.0018735944668463022,0.0037092293033254386,0.0026897627868264326,5.982089842060547e-4,0.002115418114093834,9.440043237932676e-4,0.002880403241317186,0.0035571323837365115,0.014913668896409509,0.008058643677300517
0.0984351908901026,0.03738839174456719,0.019117985364022084,0.009893100423557854,0.14733389512004905,0.010201947281166237,0.10032276499310969,0.0029619719562365265,0.0033723742766444604,0.0038218259171501606,0.0038735864417003356,0.0023893408592397564,0.006058714172832072,0.026950166412883194,0.029043471951450833,0.1490224140522982,0.001534336263695504,0.0033286113427418544,9.464323892259434e-4,0.0017203002970989359,0.004426558882755487,0.0015733616980391264,0.0012148489561186228,0.00932633064260253,0.007829896632784477,0.02022168157228152,0.17287822955437035,0.0020631287786157756,0.01074046623698351,0.021545264703931553,0.0023583516049495257,0.0021362041047932804,0.0011764323962625768,0.01823060122380125,0.002403116001199829,0.0013824843577063253,0.002400043043745738,0.001097359209543184,0.0026295375344558888,0.0016338973121737032,0.003496287502906455,8.657881985716405e-4,0.0024007440914621124,0.002113686067171366,0.002783815008467275,8.980086035101907e-4,0.001998306217742354,0.002822607930923788,0.00265990317580208,6.36990997731804e-4,0.0018910620393878628,0.0010197224237369236,0.0031504114492290052,0.00541312134014691,0.013884067966669711,0.008980860389653785
0.0963493152378005,0.03747223112024293,0.01613690105843619,0.010383360527284094,0.14202044215416262,0.010296931760868294,0.09698586415298079,0.0032596044856570334,0.0033903384036832918,0.0038770063823870436,0.003790267447204883,0.002026785435078925,0.005225622063859532,0.02951850998642093,0.025661736026482744,0.16629533681675845,0.0014982322621079874,0.0034204609834760655,0.0012769585502223166,0.0017756678348352201,0.004422616272313856,0.0016545261336253908,0.0012873131188166674,0.007107358310952097,0.007554597263547779,0.02184843611153093,0.16772678956866377,0.0022046518224456135,0.011296573330291734,0.023319638280966712,0.0025918704233799,0.002084298447830457,0.0013347223459063016,0.01668337767561585,0.002275018646000484,0.0016273600797000148,0.0026609576411985676,9.737879541351497e-4,0.002697437197171474,0.001709799133017229,0.0033660814478644846,8.814361206922849e-4,0.0023360975923125984,0.0021624656104330623,0.0028587528274763396,0.0011416931252385487,0.002160752686939157,0.0030379864073615025,0.002910125351678274,7.39303347631506e-4,0.00189633876074879,0.0011662875262601763,0.0029814668751940872,0.004152875250109843,0.013587698935380109,0.010897935687619435
0.09698044138968136,0.034332199358113456,0.018740508662455534,0.0093913249122044,0.16005917522759186,0.00948152003144775,0.09772052958130699,0.003205939504994736,0.003173573167968225,0.0038237266107519264,0.003715170278639901,0.0021322897908552354,0.005310567692679231,0.02386986806519968,0.027222058381852286,0.16461829498099345,0.0017745620422271546,0.0031986099220751322,8.61581641763335e-4,0.0017138640955969271,0.004093972911694025,0.0015998982963879302,0.001309624547087145,0.009006555536702484,0.008845547596796982,0.02489428191656827,0.15256318373712466,0.0021562674330273023,0.010576797114844284,0.021691739711622755,0.0020850735409895793,0.0022207241528074645,0.0012973585568437434,0.018867648847480316,0.002298252413729223,0.0015672503000142782,0.0024893194739276318,0.0013029843431304996,0.002896384979525506,0.0016639947304788294,0.003242462502935223,9.727148664044126e-4,0.0023929468427500897,0.0020006247676426373,0.0026084373177318455,0.0011171391191340595,0.002217129121405794,0.002903692377048961,0.0025436080535129416,8.846022810027265e-4,0.0022481546911263094,0.0010759475758842499,0.0033611137239281594,0.004156165882044644,0.014073100898282202,0.009449494499984315
0.09619290242795438,0.03509474608121752,0.01968058166808899,0.009245032449994738,0.15978597783430779,0.010347481083169609,0.09572556368317256,0.0032914046385230512,0.003408802234357015,0.0033599251108529476,0.0034714351229349523,0.001957103270228911,0.004853959037421083,0.024440063678806658,0.029867834825270324,0.14946285313151902,0.0019291807140344635,0.004075523850069507,9.132372783557146e-4,0.0017081002415741283,0.004060587184834611,0.0014758944882974374,9.310570332721716e-4,0.00906067396188335,0.009153526052474992,0.019792692492772507,0.17137091045794878,0.002093718492177976,0.010740363635789075,0.01940108987278709,0.0018557929617577173,0.002131214393619055,0.0011804372028329671,0.018336610593401054,0.002057169836508602,0.0016426702972484471,0.0024304280501348395,0.001340813736832581,0.002267005874715577,0.0016724203671844213,0.0032837120765903116,9.702457529325194e-4,0.0023027066374035968,0.001960997753739627,0.0023960250105648172,0.0012896102824466133,0.0018972805320704386,0.0029197729223671637,0.0027722667346894597,9.852518394784383e-4,0.002239561521104571,0.0013322921188136383,0.003663864939245565,0.004260710038220317,0.01577465782302594,0.010144258668980426
0.10027217994991006,0.0357863058294012,0.018795524219284418,0.009835524331127183,0.14686149703551013,0.009787023607673896,0.10465999392760107,0.003248549293814772,0.003210536008690579,0.004132161465623017,0.0034931563727387074,0.002213078551303705,0.004765844181511526,0.023064224716271547,0.029603404269552408,0.14363468518641365,0.0016605792724321356,0.004013117550667578,0.001032685237226063,0.001581588105687389,0.003549305619163898,0.0016522651701819883,0.0011580833486637295,0.007015136437424137,0.008378963998425555,0.019393088845245876,0.18258859880744668,0.002431149586532461,0.010844364485102483,0.020907133865219696,0.0022525272835313332,0.0021818148719174833,0.001321757680681511,0.017027016006089232,0.0021477761051390608,0.001675434249740417,0.0026147708858033475,0.0012172162807577978,0.0025628616310898822,0.0017628323175438822,0.0029627940611976363,8.40941948739927e-4,0.0023088147716179997,0.0018744216754925003,0.0025815616904501905,0.0010376175612783493,0.002158292175769622,0.002728766735697874,0.0026082613854241385,7.055914837341891e-4,0.0020483673309675326,0.0010781926164654906,0.0034167343401810056,0.0041668260428512835,0.0158852542098414,0.009263805382149435
0.10223862853597289,0.03717916483767452,0.01686726527401586,0.009534471842856072,0.1530120848880858,0.00974733007152157,0.09502779995614415,0.0031187521858910177,0.003193793150703479,0.0034057623257939796,0.0037381918334971854,0.0022827682626186583,0.005617835432588583,0.025889111391476285,0.025198998050194727,0.15222853016747895,0.0017142533851391842,0.0034806788352304456,9.825330333572313e-4,0.001769590296642055,0.0049366235327885635,0.0017500070428216486,0.0014303632785821463,0.00686132003075906,0.008163902210720159,0.024356928654285688,0.17180135507173747,0.0020713456258062172,0.010976682413968318,0.022642464414682047,0.002270920146185069,0.0024263234957454345,0.0013949721668554689,0.015825931019154367,0.0021132413573674395,0.001467701386665319,0.0025286478101145785,7.852725980374829e-4,0.002738709255673501,0.0016138224473207356,0.003674252892217353,6.006364074775774e-4,0.0023079685654914047,0.0022691746019176365,0.002974830154015663,6.654455038051653e-4,0.002188345709810987,0.0031357505754178398,0.0027636651130823224,7.172428143437851e-4,0.0019625379258415053,0.0011249286341324704,0.003250601627274876,0.0049850459553233625,0.012777753742468086,0.010217742061226751
0.10542675735145926,0.03612077023340087,0.017825507939197727,0.009478125909157751,0.15343279969190907,0.009641324280242301,0.09505584398338482,0.0031571490807406318,0.0034239989737861877,0.0034201460353124385,0.0041271445557349695,0.002195363003638169,0.005433558873736866,0.02347308927403177,0.02732756315387052,0.1618676672946458,0.0013831035881335311,0.004428132473635951,7.645307253361801e-4,0.0017127748192508868,0.003749155664762999,0.001534570660064118,0.0014002699425740047,0.008975623543901839,0.007214115194168774,0.02214418338599371,0.1622855551733416,0.002175316826276293,0.010654244956053686,0.020472124850697236,0.002224997251158673,0.0022584843432312133,0.001356559035199422,0.016362759023993687,0.001814302167625183,0.0015311174858037744,0.0023260103605448512,0.0011370970038416294,0.0025357905003721573,0.0015429905870498974,0.003332867915715033,0.0010400302535207109,0.0024584065829822283,0.00210650304386803,0.0027278307628015976,0.001049070487417901,0.0021697790511001278,0.0027505686506081677,0.0019903542699883903,8.974952369337345e-4,0.0019593175366816604,0.001175858873481653,0.0030237504191094793,0.004542666929008461,0.015139550521656244,0.01024533026786614
0.10402692777670311,0.035539614871282856,0.01733035688494851,0.00898655637810097,0.15572480099312752,0.009131791605090332,0.09276890976456131,0.0033748505446606703,0.00336087636821535,0.0038514649016066467,0.003754585337081203,0.001959169650217484,0.006115405659705128,0.02368957323462056,0.027037513824031096,0.16473244985845495,0.0015939488661177981,0.0035122107616007616,8.846170090066774e-4,0.0015534451316755228,0.004073193715776351,0.0016950889519704105,0.0012503502728361318,0.008032371704739133,0.007968989445810565,0.019953623759747255,0.16634427678278826,0.0023232087355342444,0.010647120050137224,0.02135001721550568,0.0021510700434710867,0.0020820609626347668,0.0012474302477080115,0.01844318192466121,0.00242985563242944,0.001507993716872054,0.0021461799542735124,9.670139091731607e-4,0.002805003815949712,0.0017377989154299621,0.0032105047647363457,7.963053723330607e-4,0.002159033682171697,0.0021591921188759294,0.002280458138175564,9.838329807667846e-4,0.0019695311971424365,0.0028757031214758813,0.002229723255644973,7.736062115072183e-4,0.0019657000131415533,0.0010836386721214295,0.0031830822870811647,0.00455510526432056,0.013313875013544911,0.0083758087287038
