i2_health,age,household_size,cantril_ladder,r1_1,r1_2,week_number,hl_covid_num,vl_num,region_Islands,region_North east,region_North west,region_South,gender_Male,i9_health_Not sure,i9_health_Yes,employment_status_Full time student,employment_status_Not working,employment_status_Other,employment_status_Part time employment,employment_status_Retired,employment_status_Unemployed,i11_health_Not sure,i11_health_Somewhat unwilling,i11_health_Somewhat willing,i11_health_Very unwilling,i11_health_Very willing,WCRex1_Somewhat badly,WCRex1_Somewhat well,WCRex1_Very badly,WCRex1_Very well,WCRex2_A lot of confidence,WCRex2_Don't know,WCRex2_No confidence at all,WCRex2_Not very much confidence,PHQ4_1_Nearly every day,PHQ4_1_Not at all,PHQ4_1_Prefer not to say,PHQ4_1_Several days,PHQ4_2_Nearly every day,PHQ4_2_Not at all,PHQ4_2_Prefer not to say,PHQ4_2_Several days,PHQ4_3_Nearly every day,PHQ4_3_Not at all,PHQ4_3_Prefer not to say,PHQ4_3_Several days,PHQ4_4_Nearly every day,PHQ4_4_Not at all,PHQ4_4_Prefer not to say,PHQ4_4_Several days,d1_comorbidities_Prefer_not_to_say,d1_comorbidities_Yes,vaccination_status_1,vaccination_status_2,vaccination_status_3
0.02703551199809518,0.04745444761167345,0.048654156940413994,0.015446467437571632,0.05281970979003082,0.016132013804622748,0.03312029057739089,0.005190799408782441,0.006284468765882807,0.0027306613370166326,0.0035447506511490957,0.004008119792305624,0.0035691576148889344,0.047718531588396125,0.014756878474690842,0.172972219228738,0.0022771473674324497,0.002368429786205287,0.0015761927563810612,0.003588189663763261,0.003164851869569661,0.0034801891010755883,0.002841715959594178,0.020705709308061388,0.013469194668746198,0.03202691706921078,0.2098126847055459,0.0039727240029612245,0.014405883489530823,0.01404176470760809,0.0032192696122786946,0.00831712124795538,0.004029052821937945,0.013994035302392035,0.0038277533834940236,0.005390784920170061,0.013218293117711912,0.0014486901269102422,0.008671110044645863,0.0034612130908426115,0.010379852507273189,0.00149742505761924,0.006145084468204848,0.003861023037876517,0.0037490471289920078,0.001435731533433932,0.008362183271961093,0.004888814030321982,0.005299544637339704,9.676267419585683e-4,0.006028842755201906,0.001215460779523248,0.00595606359540443,0.018729646227684766,0.021964004119499593,0.004772546962031115
0.025648654111120363,0.0465101380772944,0.0513688242798221,0.01578625926880413,0.05180885968391822,0.015013684593285,0.03184027595004265,0.006226138497529082,0.006000293809521887,0.0026945633860162273,0.0033913702424407197,0.004092218769317603,0.003978210364063148,0.04434773159516416,0.013508935849186674,0.16104396452983688,0.0018513172531684093,0.002572259598481026,0.0017681164257333836,0.0037147479269655686,0.003596102358890989,0.003166196863673756,0.002022308859908044,0.017989193180063843,0.013062065890253388,0.0309691080352449,0.23039298616875184,0.0034671293560892204,0.013228714127660106,0.014719691571222953,0.002874513831252688,0.008522611932050464,0.003276041959863725,0.013664987922142656,0.0035146744304343485,0.006406318973993459,0.012887913690690705,0.0024307490403778446,0.010266010848540058,0.0030808793088148013,0.011945497360605115,0.0014323068825681249,0.007425539019350659,0.004775700439446292,0.00370692375594789,0.0017309476497764384,0.009199044907014281,0.00486687096990951,0.005856632528758452,9.83684722569008e-4,0.005036009029515121,9.846990535135561e-4,0.005740795852404241,0.016502962483534372,0.022355850678104104,0.004751772105351395
0.029249114153703605,0.044253011119810795,0.049248763910785365,0.01583566322910291,0.05601111571029663,0.014898166051820757,0.03387038480437417,0.00563626281630618,0.0054834428759735635,0.002545148008677364,0.0037983623473114973,0.0040417419132495885,0.0042517935320304,0.04923345652768079,0.01650417505895857,0.14598328017577342,0.0017728260025753216,0.002484146344314558,0.0019924412824979362,0.003447521595834659,0.0033535702417110576,0.003549943904485128,0.0024374988399764905,0.02141076518300245,0.011399927874585884,0.031390733493451665,0.2311645079114362,0.0031077519817419423,0.013773394337384049,0.013007554446182498,0.0030712983449903137,0.00808590567434785,0.002916070083584505,0.01476522105959224,0.0034256598549186655,0.005332021662142418,0.013804103328007331,0.002082380988232487,0.010743832050449351,0.003429497683163951,0.01024820830164059,0.0015489677315725955,0.007780348913096945,0.004199178462789555,0.004454337140258514,0.0017616550440356514,0.008261656692995261,0.005757219905782693,0.005906440405772835,0.001078367403868213,0.00588018775749818,0.001037159448115292,0.005628634830837841,0.014937964925767204,0.02350754243554605,0.005219674195957995
0.025143123517796614,0.04505584794922678,0.05926115285075915,0.015868123904132826,0.05035473160326507,0.01498599055996507,0.03475920218168585,0.005525310549686708,0.005375855162682149,0.0030102929424778296,0.0033873939087611933,0.004242373802926873,0.003738749299044406,0.050196310297023865,0.010652879489773932,0.16100909914520065,0.0019321889072409877,0.003075203197914969,0.0018107214306160473,0.0035213420577415366,0.0033494059055224484,0.003117652429451667,0.002953287242556142,0.021613813756918145,0.012347846215000471,0.02846720368061549,0.22283546259312223,0.0038166656777735026,0.014933472322295631,0.013011809367784212,0.0027658214116814787,0.008549572238960012,0.004107049425913664,0.014037321507406232,0.003368326468307127,0.005215328288856076,0.014035885671544705,0.0017420043995834008,0.00958527145745056,0.003221309343119001,0.011430187682662747,0.0011404947743458458,0.007155784512294525,0.0044205842519151415,0.0038776055582723347,0.0016943126174270681,0.008211612477785051,0.004888573296477912,0.005906359656701911,8.089499379032464e-4,0.005681292876103965,0.0011975128004172333,0.00540254472019232,0.014660271987558874,0.022968884514833646,0.0045746261733234945
0.026364626822274546,0.044989448137132765,0.050092368205952496,0.016705401743322305,0.05624973756869605,0.016314592562367038,0.033896675728916366,0.005010335848096026,0.005565667346952662,0.003041516510150596,0.003399405290350636,0.00406475788645293,0.004527004086572607,0.0503444079379558,0.009581744426946483,0.16020314677875006,0.0019598145429598865,0.0024750670072003164,0.0019161461135941246,0.0034542241643697926,0.0032673837236396504,0.003525342305599694,0.0023735722423045315,0.020822202961252964,0.010128733916779372,0.029102433583005988,0.22880541800346402,0.003681467989321832,0.013898186528250669,0.013168902983115516,0.0023032978004972494,0.008120498417929528,0.003187112532616496,0.01340412697803851,0.0037886646566242447,0.00588242572744445,0.01334248920528473,0.0017701202633765832,0.008689180205527908,0.003202811271405835,0.011802427370926629,0.0015118666758008692,0.008297850809250044,0.004764959490449334,0.0039401962951479495,0.0012994446615160263,0.008264055014503158,0.0057332650350740266,0.005713396460698044,9.840008584791515e-4,0.0057601834799198125,0.001214175020891073,0.005713366862148528,0.015313361761028842,0.02233561856538747,0.004731371634285836
0.024779160384784504,0.046243478033179235,0.05267064645528332,0.01595605381644733,0.04965981892463903,0.01597354852352726,0.0318092212805256,0.00554492539203443,0.005323994467934943,0.0025513728882388697,0.0038177532965630247,0.004020898717647315,0.003700297356289301,0.047948744176680214,0.015615890461805794,0.14855362753061577,0.0017618767256212696,0.002655081888254553,0.0016279912384107684,0.003622278441515512,0.003207938419180876,0.003088295449208418,0.002525878055497265,0.016970516244556685,0.011976860865930701,0.03339673345715103,0.24227535083460305,0.0032545611625854963,0.013181187816185913,0.014020365573249087,0.002896648634140181,0.007430022035706878,0.004250017688776602,0.014710103621823418,0.003429563857395206,0.0053501273088269845,0.015450567213127415,0.0022305332791497084,0.008249092029459802,0.0030956757903803332,0.011939876666769206,0.0014262780330253561,0.006386106903028352,0.004645135984323359,0.0040411817443828275,0.0013189970766471141,0.008223934885360686,0.005465655541459201,0.005514059176483497,0.0013131561073809694,0.005638377820131852,0.0011317407551784903,0.005484843860879993,0.015633771480120125,0.023050445000641216,0.0039597396272547025
0.024246644852087034,0.04939313581695776,0.051687874341040746,0.016876867771269507,0.051158881334580054,0.015028123192942689,0.03404369675376226,0.004926084366975858,0.005629431168624024,0.002633984029383876,0.0037264110407178143,0.0035130988397513454,0.004156164851674319,0.05900412650781601,0.012796207674393333,0.1527607946411731,0.0019403731059661302,0.002393761052510072,0.0016036455438625508,0.0033312570661352724,0.0034699909096639397,0.003468632250226522,0.0028961586790128475,0.018459901395937228,0.011696932807260208,0.03220330378594908,0.22957041898846814,0.003175570245442839,0.01196211681050524,0.01160311132863439,0.002576347833889128,0.008647421770826325,0.003589119846849354,0.014007458082755303,0.0028589313097076435,0.00551070478835016,0.012088152258841845,0.0020338780888549467,0.007948555069530558,0.0030441720511924938,0.01227261286150579,0.0012444742944505917,0.006662950090882427,0.0045870570134589,0.004352808363827041,0.0012680915104366082,0.008780762648362549,0.004726888751451091,0.00553902031363107,9.129196436293347e-4,0.0055969814363162045,0.0012131710090221627,0.006357195846096452,0.014721461941642732,0.02496454066803012,0.005137621353734979
0.023780002840665573,0.042883361182723026,0.056904363774189955,0.01614256696765228,0.05108448751916658,0.015583711910273476,0.03365785256323804,0.005426451371710955,0.0056199433662359665,0.00258468167146236,0.003685900529452907,0.003972943490146835,0.004286512174500112,0.051266632434646034,0.012644834206978572,0.17537929762433843,0.001958861831621912,0.002503417641781286,0.0016745066296588306,0.0032215962920634175,0.0039373461791941625,0.003827226139353725,0.0029098085800716217,0.01851104068618361,0.011732870990095595,0.031861839903481654,0.20608182487648738,0.0037231660910061627,0.01676463602144495,0.011020628074944368,0.003140924677467544,0.008557324809729375,0.004221529804936428,0.012461499655575067,0.0035891089846104025,0.0052940709788715295,0.013764545165258841,0.0019468709902011455,0.008489440109911452,0.0031133367354629227,0.012846977281104269,0.0015673304813027251,0.007472537224084526,0.004164899849686339,0.004225085978594754,0.002019057026905231,0.00938061526759209,0.004981300361792187,0.004749081797824179,0.0014150374097147047,0.006225518457572901,0.0011427450226517521,0.005961731108413451,0.01744515002167065,0.02273522129536807,0.004456745938927707
0.027165638038873632,0.045254028135293715,0.045717178759564915,0.015958943596690135,0.053852516685888134,0.016113004558386688,0.0344760256669001,0.0052029275696765485,0.005031331345207301,0.002811735804394201,0.0036004297757756655,0.004281693855806585,0.004169278718564444,0.056861452284723245,0.014335059920996839,0.15691122779886263,0.0020584143724972563,0.002271494025208478,0.0018556158607759066,0.003942435303030164,0.0037928655236032375,0.0035945029089393984,0.0031539224058844627,0.020609524952431717,0.011645691782833702,0.02835702600784855,0.21724220707905698,0.0034420270060727984,0.0143838112324298,0.016950721087418345,0.002688679261118902,0.006827863497251525,0.004126786601269884,0.015725491694971616,0.00349604303434575,0.005443955709693118,0.014677677929031347,0.0024015450934720428,0.009431437609041917,0.003382499945813564,0.012563864898461017,0.00123543004519998,0.007572082192112826,0.004575037344359146,0.004098458393985666,0.0018845678200123932,0.008429285208632495,0.0047955153230207544,0.005793616689085613,0.001598015667022455,0.005421303730864772,0.0013485499750449084,0.005764716516717553,0.0128636699314583,0.024156623888049143,0.0046545499363277055
0.02484462786692484,0.04642356918965817,0.05293790991096897,0.015835999054766348,0.06415867133995252,0.015994552639186626,0.03303169699413312,0.006010843377265779,0.005794978502583764,0.002881779949244363,0.004010825514713067,0.0035897676287520884,0.004095859240375156,0.04834772031424568,0.010808885582629728,0.16449784748992102,0.0020910137111758405,0.0025282866522557098,0.0018133590143193292,0.00378094674533599,0.004206188175034967,0.0034728114012406346,0.0028352898345955072,0.016287178947821074,0.011113728719080198,0.028653160336954357,0.21648572362243382,0.003992563926542451,0.013883626770689151,0.012883986307289649,0.0026970665812518176,0.00800170076926369,0.0028883928013331665,0.014134150498932055,0.0037351516654199543,0.0049323028187179,0.01392977881183273,0.0020133835999114878,0.008615714900677885,0.003448392540025903,0.011014949673095409,0.001161913494341801,0.007616582142148065,0.004944150830005904,0.004586984611688646,0.0013497251004683133,0.009455651458689917,0.005417289986877266,0.005503192903589662,0.0010624209404301059,0.005587046749215486,0.0011866241898380251,0.006536817832756191,0.015943600489370956,0.022896574765437036,0.004047041084590731
0.0261430922091045,0.04761290589233219,0.05548684122591469,0.015558268621025835,0.053852034134930914,0.014599377680277567,0.03673539404373899,0.005190846297851005,0.005929115061257518,0.002831221927710209,0.003654749297579987,0.0037479068354946635,0.00419078681255137,0.051073470983351424,0.013259379923024018,0.16521701117827794,0.0021693969263016986,0.0025894684767282334,0.0017295235040198126,0.0033698851558408346,0.003830220044897113,0.003521956675334661,0.0030171851006007343,0.02163985585343995,0.011590396578617572,0.032154901532785995,0.20050181421504437,0.003606811132694924,0.01717402612341316,0.012822259961501704,0.0032855890595954295,0.008687316805673724,0.003621090731625941,0.014078313698879234,0.003557892062826765,0.005722516003360494,0.013229131680868067,0.0023278804249841694,0.008715911240629806,0.00288585079556393,0.011103408040481355,0.0013337144484969518,0.007028884144303904,0.0048297967137405865,0.00399583439881663,0.0015571789770400042,0.010341458906129964,0.0051839372635890495,0.005273855424076871,0.001038159337617411,0.0051188247298574845,0.0011591743456410084,0.006754687200628858,0.018176381945421823,0.02154176020629145,0.004651348008215485
0.028268330412506783,0.0445451456739367,0.05206513987926347,0.016893915173139814,0.05308210087761838,0.015509778516597872,0.03343827372284936,0.005380590039409345,0.005767805931162566,0.0028695536342524452,0.003120810257796771,0.003921249186305665,0.004185475301531973,0.04834623154151371,0.010973368008663158,0.1608784754021686,0.0022944009210933594,0.002390110965127459,0.001741769711015737,0.003317178789537324,0.0037596647923611405,0.0028665946137466937,0.0021530458849959933,0.018796052662055775,0.012609253131453023,0.02731402809959912,0.23171831506123872,0.0030357966933183575,0.013339098623397648,0.014454249279661114,0.003149116293104901,0.008228950033760002,0.003763245389902908,0.012814589899420997,0.003438220981493706,0.005373902368440749,0.015343045814305494,0.0020824280509902813,0.009099747304946407,0.003676280376722964,0.012032155815115405,0.0011509172367290387,0.006640116512173136,0.004458302764717805,0.004233368299933893,0.0015229225533936756,0.00850277824603814,0.005370892373158694,0.005003727419604993,8.717379448701542e-4,0.005386828788308614,0.001314720456853498,0.005959177013261964,0.014639293504029408,0.02241232401790816,0.0044954077534969305
0.02681856710324958,0.049861200477407344,0.0548410685680343,0.016210493849457976,0.053344177663916983,0.014916481502766263,0.03187248323376865,0.00530092573708957,0.005655976886836173,0.002650651902284799,0.0037001943463516296,0.0036183816290858905,0.004031395103492698,0.055724754841469125,0.012490950952061835,0.17223242199781205,0.0019852323475852145,0.00259482081064857,0.0016965880507063891,0.0035470708855316353,0.003640354541103813,0.003338206073284531,0.0026067013148240712,0.021433159054731282,0.010870450162061156,0.031739694886467294,0.20573233058668508,0.0034495333132762832,0.015300901715954407,0.012302017293372405,0.0032107508158315612,0.008572208339846552,0.004027061333583944,0.011464572411538448,0.0037285722464655024,0.006244685150325392,0.013043310095497297,0.0022046260804503685,0.008280972206744036,0.0035642686116467855,0.011065007833929741,0.0020669982825879847,0.006710914209475759,0.004407296681691657,0.004079467816939755,0.0014756012934744088,0.008235997692582597,0.00576451739691476,0.005125701993525237,0.0010380952292871057,0.005560264702334711,0.001201144468867065,0.004980929222856689,0.017021265831817695,0.01875606516994292,0.004662518050525084
0.025140082762788004,0.04359691818913451,0.05196649920518223,0.016337495031248837,0.05683293082909367,0.01616774957546012,0.03111436137688504,0.00562899635378161,0.005715284345333465,0.0026913086668519334,0.003718193772749356,0.003901392358552682,0.004293264059800505,0.0460829697492694,0.01248110089978874,0.14194083397344018,0.0021215915147313855,0.002206109771277012,0.0019325816081176314,0.003687620475276236,0.003326147598495803,0.0036898498051625003,0.0023591280815223755,0.020577611528885542,0.011210911527418531,0.030279973329069076,0.24707462237619193,0.0033040200322611213,0.014302510584194635,0.013452821362776977,0.0026529815719171334,0.007962287293715694,0.004441516147105547,0.01055181784338627,0.0036311861444289586,0.005677458454094909,0.01481753880564077,0.0019210814652746969,0.010485675881165774,0.003337888099281528,0.011960499420716822,0.0012009624667010633,0.006891856954908534,0.005260831549629159,0.004222164115765506,0.0017240886683156942,0.009150554079910481,0.005262593255142451,0.006036304666424444,9.731902781852867e-4,0.005657121512051974,0.0010984311083128096,0.00494785013954096,0.01734388077108119,0.0211852198362592,0.004470138726302067
0.026610049587501072,0.04580295494074668,0.05227658163444487,0.01669563443739359,0.05406174992329658,0.015560523095789584,0.032624901628830486,0.005425962262875292,0.005397873844391344,0.003043424768889213,0.003328809952350244,0.003830720884964464,0.003737414411952871,0.05131325185003421,0.01720300427910325,0.1606434986092201,0.002128211264021949,0.0023095020206501944,0.001646382903766161,0.00357579897581573,0.003889007196243405,0.0033877922047626605,0.003207659861399975,0.02340409927241224,0.012378679691925932,0.033440066356077845,0.208550244979019,0.0033788786699433066,0.013942078156793,0.01393589744671382,0.003157840948337797,0.007468514372713608,0.0038877736663962084,0.014277582528216027,0.0035306567171123136,0.006232394384076106,0.015518510632897078,0.002466100565934034,0.009592735703970706,0.0032929089201267133,0.012367650855958605,0.0014686228934715341,0.007048719366865737,0.004298168215049019,0.003793673738456015,0.0015481862245922424,0.007806881079348057,0.004898725873321621,0.005377609060333193,8.583215782477309e-4,0.005911271474259698,0.0011958363690423974,0.005675976371818398,0.016587971445375986,0.020217723649011865,0.0047889882537382605
0.02664634548067785,0.046186652989386345,0.053023460957578664,0.017471507025500155,0.056310088161493146,0.015820023238819064,0.031904961110362236,0.005480318189668643,0.00580943133072608,0.0028273536381024527,0.0033069654432521622,0.004369616245887424,0.004275997919288092,0.05360856392076723,0.01111049002863468,0.16221277372951545,0.0021013510467788868,0.0028285822831449338,0.0015231165482275217,0.003327446374484824,0.0035647784800639072,0.0037339638157017608,0.0025639445020144585,0.02087951948461795,0.012603200560193643,0.02992339455418884,0.21395831690830727,0.0030285038542236143,0.015030850724956432,0.013808529927162812,0.0029633941110685275,0.007696451742608792,0.003950600841217639,0.014894566352418015,0.0036668024707591346,0.0061961125540965995,0.012914631692063054,0.0023711188399365563,0.0085318957892635,0.0032829641657837493,0.011865951259910239,0.001559699650803908,0.007382197863850029,0.004027647794103703,0.003737671593559319,0.0019117148091784594,0.00890989773703321,0.004595501079305803,0.005592280981120499,0.0011393180549488838,0.005859059366026252,0.001143887329967064,0.005904130682030749,0.016251674447478222,0.01933140727837841,0.005079373039363163
0.026070234137245175,0.04585373468675625,0.05182800201067621,0.016368461956679892,0.055029665385892754,0.014922475807865087,0.03242957391252418,0.005898181086764452,0.006086142824423791,0.0023494111382969243,0.003289030138797694,0.004062092239830113,0.004080582101064563,0.04904157230069454,0.013616888098905235,0.15267912675590165,0.0019916197357477193,0.0025984537097137896,0.0017290557414570654,0.00354532034669637,0.0036567119173573762,0.003448057446954668,0.0026120619318291084,0.01960856476025289,0.011699175581361501,0.030771098627551934,0.22899164957265186,0.0035673515943238938,0.015327194085986347,0.016192064471215697,0.0031011308354858746,0.008257016930058175,0.003385532482128128,0.012681761266953754,0.003932603622256774,0.005033556947225224,0.01505615308771268,0.0020139012751082238,0.009996997916099605,0.003468680211547556,0.013178523813080743,0.001226015497801581,0.006689755208964957,0.004850547332383706,0.003846381803062186,0.00145269131710566,0.00950357787457995,0.005806285034278476,0.005796963669849518,0.001179970460759684,0.005719618551078844,0.0011195726414777926,0.00593189687757007,0.015297675524777647,0.018158309220903918,0.0039713264923305685
0.02448566383297322,0.0470406495813934,0.05426332174032395,0.01672630008281429,0.05566048704864559,0.015521272960704805,0.031509873671301515,0.005109120073691118,0.005889798475314952,0.0026725732899403713,0.0035182709333937516,0.004109076211396669,0.0035512795043920607,0.0625628503952853,0.013588289887421697,0.1502436174725968,0.0019326096365134152,0.0027017418571810814,0.0017687257159262131,0.0035954386882464167,0.0036088132653015474,0.0032721169145793513,0.002366804064677656,0.022913502326675796,0.010982454360574484,0.027468401652184213,0.21638113908675946,0.003567161379156967,0.014638529593413874,0.01380387319403434,0.0028147651268692732,0.00703604517973872,0.003839175098271027,0.01592035762379245,0.0037864777376179206,0.005255353093664994,0.013632678473639397,0.00166949359598369,0.009385141642597064,0.0031590407286127787,0.012161967660154923,0.0018664014664159958,0.006919677321412487,0.00473843970126216,0.003942097427875572,0.0019578932759697193,0.00972307724476003,0.0049749258214082945,0.004665663695849286,0.0010965212363812503,0.005342814614753123,0.0011320115958544116,0.0053371658647220835,0.016426442327070037,0.02313228782964484,0.004630327718864192
0.025209298843102187,0.04579645862617165,0.05557452295235157,0.01628528402142701,0.06106168932708643,0.014769798268453463,0.033784467157039845,0.005658399831931111,0.0055993848178933275,0.0028655604860526444,0.00386256093321054,0.0039059789014079787,0.003991823905280177,0.049654123343303075,0.012226779867407162,0.15171244876282583,0.0021762655249794698,0.002772895978517327,0.001699442229106747,0.0036158428038456994,0.0036539009301515247,0.0033388811925262624,0.0031155475478236057,0.017532708185490267,0.011065156981880696,0.03178577163704901,0.22120447581438227,0.0036376871573702797,0.016905090235258352,0.01186516455826404,0.0031446602668468845,0.00848205985374708,0.004128050965484682,0.014150545418398917,0.004110851092392977,0.005635295669591196,0.014610089306373362,0.0022118787410014547,0.00902285523783522,0.00318856628584344,0.011452609489745766,0.001316559197400237,0.00612584820957504,0.004560264695778162,0.0038576311602641915,0.001498923074194883,0.009005264348930805,0.005299870525583795,0.005397549501509155,0.0011400658844907482,0.005719672119980726,0.0010316711999633276,0.00623379269372192,0.018128595170390067,0.01963938686673309,0.004580032202633317
0.025626854078227176,0.04628925241318012,0.05325907241638596,0.016099917419990062,0.05569787828312193,0.015740634115908442,0.030981627423998404,0.005737754574034786,0.005321521304226219,0.002913548742600843,0.003454647570943388,0.003921311317292501,0.003453707354381491,0.05170927752841615,0.01322399223874784,0.1554838700660737,0.0019187642432542337,0.002804934058788766,0.0016679058742825096,0.0036969335517999754,0.0037484323961544433,0.0032418768064620624,0.0027656476817871827,0.017382599652519534,0.01128341340670656,0.027516043698884815,0.22963612650778858,0.003394133502785392,0.014313233400701595,0.01305075416975005,0.0030658168519417744,0.009170780129476308,0.003720386772796531,0.014263336568102618,0.0034467278721094334,0.00545344412747772,0.015189610896573178,0.0021605566186429694,0.00884593710491728,0.003878199557707469,0.01081891783356197,0.0015402141957340067,0.006739334516803484,0.004615095406084316,0.0035320579890605872,0.001232839266663593,0.008897957907741757,0.00535695260765564,0.006316211030540651,9.989641338150703e-4,0.0057503181062652,0.0012111862207290793,0.005280125787326253,0.01586077147683032,0.02257405133277825,0.004744539889469822
0.026839252437345997,0.04317028875771896,0.05604595148157968,0.017682733455988957,0.05767893390321586,0.015669069583356843,0.033948203057140976,0.005482378206795354,0.0057792523556934655,0.002711455106358115,0.003714483626387912,0.0040817666103060085,0.004874532585524,0.04869208252006066,0.013106277117830642,0.16551642543543044,0.002152352109259224,0.0026371498841453074,0.0017368924400615968,0.0034527160273189247,0.003714150943072756,0.0033638125264692066,0.0025917625283346643,0.02036712584570498,0.012218252011819117,0.031231551697697944,0.20843765399357475,0.003464333623453236,0.013330642802493844,0.013087711547317275,0.002870672091951617,0.008109445521761814,0.004001894287815537,0.013440301032890923,0.003712091823433768,0.006381337630974819,0.012652634800248044,0.0021744086826419574,0.01075679625650483,0.003686711876849235,0.009365665025241124,0.0015896668724480901,0.007206042752579096,0.0044948112813967605,0.004146335259619628,0.0012845366721480809,0.008854928028877825,0.005701023462661045,0.005706112394186286,0.001026474084726986,0.005778104264111739,0.0011789328748704388,0.0069691121006046014,0.016650053566539973,0.020974616764914376,0.00450809636854469
0.024417167816777826,0.04684769836665273,0.049833882813060726,0.017022371479380655,0.050286048736372234,0.014983645028774813,0.031410850229364934,0.005401947428731352,0.005844425260072775,0.00288160193320899,0.003096650272315933,0.004100303799291815,0.003993621259833254,0.054110188599300425,0.012731718211825015,0.1610450895321799,0.002081107664004733,0.002484674715047859,0.0014860496275008394,0.003936599074505795,0.003980797859576187,0.0035955839900385462,0.002074497325413794,0.020563010311655378,0.010463636871722446,0.031029976930528225,0.2307947915673821,0.0033033004283146805,0.014064150098136205,0.012391960287330975,0.0021791565814708205,0.007521798350131102,0.004090283181039709,0.013317710813687092,0.003742549604256375,0.0048403086240701955,0.014864486971454722,0.0025742052676743163,0.00922402244006193,0.003474091813994279,0.010895747793305792,0.0014494130616634921,0.006418494776209801,0.0039053628356104635,0.0036290803460292,0.0017830720705667657,0.008037020029176509,0.005033393906749148,0.00567355268138684,0.001176278218420501,0.005947177235110385,0.001102072475899966,0.005253060383477768,0.014420553918542621,0.024311091985574403,0.0048786671161346615
0.026595967407769955,0.04707005793670154,0.05050181775643234,0.017037599654723564,0.053275198408624116,0.01627237125041756,0.03168308414763679,0.005391452095195964,0.005397587151724444,0.0027302641770208576,0.0035650807129285252,0.003726534493653656,0.004124270660538562,0.05357838793386227,0.013485147042846273,0.1763828156948612,0.002139299364600091,0.002677372894627267,0.0021668307659948615,0.0036048679913515697,0.003376882616987709,0.0035625463380729487,0.0022691156557719757,0.02175108668455416,0.010110823793308335,0.027027457086928323,0.2081240034361963,0.0038286600178878377,0.012730820073893607,0.013021576044740347,0.0026146236440984477,0.010011979687137598,0.00409743707436079,0.015283066424439879,0.0034420829543673113,0.006511823596532219,0.014058724764628635,0.001561473637822876,0.008770113586701947,0.003485171052809876,0.012509727020181223,0.0014314396571381565,0.006413819305581533,0.004342498069554299,0.004145064183352489,9.182265054573377e-4,0.00833058344179145,0.005388110404323585,0.00672452615306914,9.147831236850298e-4,0.005495859450732874,0.0011427602783417076,0.0051788989831391685,0.01351394793014394,0.022243936596849128,0.00426034318390644
0.025839411572596747,0.0461457559642956,0.05484847616012673,0.01698385873671948,0.056733354962761204,0.015104773218587738,0.03426889473874744,0.005411113804162802,0.005607639863608005,0.002811978761761986,0.0038742687363667607,0.0038667306459407936,0.004211280929434576,0.0514842028640485,0.01248643001592717,0.15922899228682383,0.0019247079944945,0.0025030305995002943,0.0016841865871717345,0.0032897165857072187,0.0037719496480005817,0.003239340858755251,0.0025234338577936038,0.016997978692453695,0.010529750001243015,0.026795746882056024,0.23043230505168902,0.00361165233122204,0.012489694108636668,0.012866953239538553,0.002823253757354641,0.008768475626344743,0.003207344041222878,0.01253451865517104,0.003792905920975217,0.0060814869566718855,0.013787719616000125,0.0016941561003822377,0.00902671252236004,0.0031320916050615374,0.011982302940512545,0.0013276536384411236,0.006381007416018141,0.0044625533355487955,0.0039918124521882694,0.001120646165493188,0.009658020021425462,0.004515757813045935,0.006107295773129314,0.0010591428426550559,0.005628842648645088,0.001224374184659063,0.0058024743422186486,0.014573124559282365,0.020527264671304148,0.005221452693716932
0.0268472138993324,0.04641256623508376,0.053577662160674895,0.015766247322750927,0.05870806182162661,0.01523471066910934,0.0340823377952942,0.006147924624719298,0.006116804370959001,0.002873430738506352,0.0032175465021775248,0.0038148401936760777,0.0036595053936572214,0.05393689078288179,0.011754698735274212,0.16424083690534313,0.0017481995757973388,0.002513720881479717,0.0018774066384360463,0.003455816317671586,0.003947576618478496,0.0034008385465826812,0.0026895300777743368,0.01886838793212458,0.010648704030360345,0.025725553501729018,0.2134198527965014,0.003649586006252635,0.01407472314118321,0.012232769098860015,0.0037681849540786585,0.008826903012640925,0.003575156352708886,0.01273940658016041,0.0034383259877909483,0.005822158424000208,0.0137423386475289,0.0018370326673611823,0.00936448154095587,0.0034630678267311274,0.012099382837874408,0.0015723747359452187,0.005920205038879882,0.004067613201799245,0.004258503219966284,0.0024174965282559324,0.009204427725843824,0.0057466349172881105,0.00526852690237127,0.0010980144217685377,0.005406408392367493,0.0012225862286782874,0.0064139656263004835,0.01456099864083919,0.02491537089854608,0.004606491375020392
0.025844086114662105,0.04505584597882225,0.053226793390312215,0.01500441408200719,0.0614770523102568,0.015305186564563216,0.032199519757553655,0.005886535011405514,0.0054205259418944555,0.003333152642272749,0.003126442051323187,0.004292035079397781,0.0035810780656078994,0.04903630503217277,0.014598271497202862,0.1485779896143216,0.002019202910055117,0.0024800777771818243,0.0016141374334571934,0.003535902324655855,0.0035309787280036636,0.0031868074263106125,0.0026471051147766837,0.023283221468615185,0.012871401257080152,0.03623483979091612,0.21471225975411698,0.0034665854540067804,0.013581315645016717,0.013345561852603181,0.003102372635417365,0.008119691572895294,0.003632076647823295,0.01253968175499224,0.003990387817626845,0.005958956733502158,0.014993858895099476,0.0018287226272305375,0.010802703008789254,0.0031532382584871,0.011830213192597428,0.0011843076504484378,0.007547714102577525,0.004870274008007582,0.0038450764606987107,0.0014473282903050663,0.009212795469248492,0.005733654715640492,0.005687136405492791,6.908193754697718e-4,0.005099030585007759,8.938336565567199e-4,0.0055578098411811555,0.01609705939389169,0.02481424115904371,0.004892385671396815
0.02491193031488726,0.04682189314053643,0.058333513296465946,0.016772977158789178,0.05642606643162393,0.01543289617636777,0.034438224206376315,0.005650596949978937,0.0055348437924729555,0.0025173680050221744,0.00362443021063677,0.003371657101511306,0.0037996472393868213,0.05203401244699027,0.010775760329814798,0.15387138980570203,0.0019978674793941576,0.0022503880458132116,0.0017717880820963781,0.0035943637827758183,0.0036792472014808043,0.003563704580707024,0.0021870745296061435,0.02001785914336232,0.012843071290170607,0.026274812344975102,0.21816399665921826,0.003624891519058104,0.011873485503450775,0.014991447021746873,0.002976813733723323,0.008787294288696524,0.0043402471255003135,0.016757599837658455,0.0035976320301559315,0.005824064379363251,0.012390276235963319,0.002467230208623339,0.00904904115632717,0.003464792021620254,0.011437845498136917,0.0013760719305764342,0.008657909792337354,0.004696683826694179,0.00374728107600267,0.0016244759245727844,0.010285021476026777,0.0053950110695710615,0.005457610021260361,0.0011524559064711338,0.005192987852782509,0.001128273862536042,0.0053380945131464765,0.015799769911086916,0.023056121900337203,0.0048481906304108984
0.024659475460644856,0.04848164858081569,0.050471816357955626,0.01630161757472057,0.056627159227905795,0.015203404243336206,0.03754071758324054,0.005263475648149901,0.005817205777833357,0.0028444456413112503,0.003629901682597345,0.004156450596451232,0.0041474277558226635,0.048933929204412696,0.011427947452950863,0.15999369438088587,0.0020239467533247116,0.0022538248574956485,0.0015173954129685883,0.0031791194745334032,0.00365533206651627,0.004042789009539862,0.002724127678861638,0.019406558245612156,0.011848466928301792,0.030493856716815045,0.2200331739231946,0.003340419227943039,0.011591791247556655,0.0131418753065294,0.0028079631786504817,0.008362497904268993,0.0032171196373368023,0.014251593057525538,0.0034022005614765135,0.006107011891743477,0.013699012684089995,0.002098747523371133,0.00917209201222843,0.0038066659057188366,0.012430642821391473,0.0017687988878014517,0.006891247399745528,0.004317461442854332,0.004068131816868808,0.0019545156441605253,0.009263806956840237,0.005476074291485808,0.005590474689155052,0.0010807901936874657,0.005916135811027744,0.001085268662354915,0.005229433078404772,0.015158964199684263,0.02347523613768848,0.004615119592211662
0.024508181969516575,0.04374144966047859,0.05208134845654536,0.016032886442945142,0.05481881769077181,0.01448368734952916,0.031823521191166715,0.005647519678954554,0.0054916907667101325,0.002699008038194581,0.00366919113234659,0.003774880267483786,0.0039304356048929295,0.052358986349381846,0.01255771356027033,0.17413631776616784,0.0018073147473222568,0.0025352928609154697,0.0016417649704818303,0.0037411279318516157,0.0037456877701846233,0.0034076542267410612,0.002593496329183623,0.02087173724188029,0.01236131558940384,0.026687419392879354,0.21477932667697003,0.0033010680579636962,0.01624287489661863,0.01388149968257453,0.0030549355427490644,0.00951847853141021,0.003590481634818288,0.013112886282966961,0.0028717273581404554,0.005560593013222274,0.014858598336258319,0.0019209556442951602,0.009263160944682417,0.00294885309104725,0.011654864120315836,0.0014754490890287726,0.0068525711519366326,0.004134524694655993,0.004170840841865482,0.001645661504505634,0.009322143423328258,0.004540487260432398,0.005023032537835955,0.0011386067265758387,0.0055535210513396665,0.001084422675626267,0.005452745907725372,0.015266255532322534,0.02203489810741328,0.004596088695174866
0.02695078701196895,0.046841977833581974,0.04971491551815683,0.015357051123745556,0.05931348728313224,0.015643263537428218,0.03346503971246918,0.005490732846461035,0.0058163352827368875,0.0029079920985666725,0.003983219298708912,0.0033630504910779555,0.003955727581583931,0.054531335087744146,0.01514217699031016,0.13751632844051714,0.002115091209855864,0.002664285246830216,0.0018750017796923956,0.0035166715592373243,0.003635951325509455,0.003390164375925563,0.0025399385731193326,0.020983690737787972,0.01117938932782439,0.030480085674385267,0.22652100069334555,0.004229155913493114,0.014784270170505808,0.013662656791608442,0.0027657596963315584,0.008280784286379402,0.005007654563683272,0.014212463527145152,0.003749705525907968,0.00578973288248763,0.012916721455518762,0.0019980584459139217,0.011197789864199446,0.0033368560164278105,0.012216621225267319,0.001488516573851658,0.007057650869696868,0.004173501478980382,0.0038490367203011314,0.0015373578318714691,0.008032509258012754,0.004983568276580595,0.0059675772921768755,9.261493065884886e-4,0.005599625725043977,0.001164792189809449,0.005216856289234534,0.016016812779620776,0.02620364893198016,0.004739475469678169
0.024760152221074822,0.04529205035339052,0.051222235503384325,0.015237892208818205,0.05767564973591879,0.014283948498660277,0.03212907039626599,0.005403559869875047,0.00563688992714666,0.002750049404562114,0.0033531915953820845,0.004142456986878349,0.003807451802262357,0.042731730478892525,0.011543484769053444,0.16307597056588938,0.0020424778077643754,0.0022693207781965033,0.0019507156837330173,0.003062942330799941,0.003568357270773528,0.0033290581853866945,0.0026895494027920734,0.02117951926057415,0.010836129317321034,0.030167316714319773,0.2406295579417315,0.003120563184851042,0.012167550019399228,0.013046573624227937,0.002676248494210916,0.008130384583119566,0.003994438743210582,0.013746288068612347,0.0033461416584951655,0.006348290145575248,0.013142611325720208,0.0020162017171437533,0.009870146482619363,0.0033139040317594383,0.009985604664511706,0.001174151902448457,0.007033530149729504,0.004366228349828022,0.004082616464651056,0.0014280830348220904,0.007586329088643718,0.005537068770506673,0.0051530308903552455,0.0010836967915170657,0.005211599844241892,0.0011281621356155405,0.005679444144231627,0.015201038212074861,0.021073061416722563,0.0045862830503077155
0.02472170668043981,0.0445494013730862,0.0532631146398664,0.017030463944032403,0.056602141802115424,0.01610676575699257,0.033819173913298126,0.005080615682640128,0.005526631123672108,0.003039448305660401,0.003912622365998623,0.0036626431283133627,0.003732583962336743,0.04911964724946707,0.012439416640297381,0.1741467554651338,0.002147695935218257,0.0028581029004295395,0.0016292560923437912,0.003835771664780525,0.004126261535987332,0.0034570139692694088,0.002488945775469309,0.021139107592656834,0.011258344964745447,0.02754385967851165,0.21515235143648495,0.0035078756205761496,0.014353509766486498,0.012517826596104372,0.0033833545020180216,0.008194150538461058,0.0030130714143750447,0.014908171002600027,0.003301331609062329,0.006274830252159062,0.01492959492164218,0.002339408543547961,0.008616259639483358,0.00347315557014082,0.010532824504079675,0.001283283849500807,0.006668029289715055,0.004051741745154198,0.004083740251332283,0.0012369653682699356,0.008221302269812275,0.005041372938079946,0.004947049356201696,0.0011764485698008674,0.005443139553818769,9.268632192949005e-4,0.0056424831519143155,0.013532230238211908,0.021042104029851707,0.004968038109057231
0.02513209393155307,0.046798731761356877,0.06032260171080006,0.0165672404891333,0.054281888207417216,0.015370310862705492,0.03272056197943392,0.005733610886366836,0.005598115507663797,0.00259865259036524,0.0035073859284404205,0.004264318230033809,0.004009319283160304,0.04808622317760509,0.013044385484680633,0.16332380899426907,0.002006304092248904,0.002480328781175593,0.001319344270338165,0.0038807583197990507,0.0040210572824676055,0.0033541493082850917,0.00315022297556136,0.02064892414545952,0.012046651992030763,0.036089000838408034,0.20946851032102207,0.0035344381710768202,0.013905190675572344,0.01252653562003142,0.0028759697315703845,0.008239796746843416,0.0038819318618851842,0.01247759148508663,0.0038175125124752505,0.006017107941554112,0.013764314067293193,0.0016806054137311602,0.010062420258523382,0.0034213716560533244,0.010313195702804388,0.001589964760774728,0.005806182860087447,0.004341548192831603,0.003885484042372481,0.0010364780245100745,0.008698965068273782,0.005675147264266953,0.005824168197341701,0.0010175355406599616,0.005753968248941316,0.0011939201915152286,0.006284262585157432,0.01493911795842211,0.022757833710840496,0.0048529401577223465
0.02453670956651261,0.04506099923399318,0.045739634905785934,0.016616914998451516,0.05370569753584193,0.015397480884990824,0.030932011817900482,0.00529927672545551,0.005649108104634883,0.002739081281044453,0.0039014926078643976,0.003489974565221778,0.003916257064201737,0.04083241334310873,0.01300914727400264,0.15946968899780856,0.0019909172760002596,0.0022961952706611723,0.0017413634314676154,0.0036813462087935964,0.003406939682276049,0.0034154979762820725,0.002273629451761139,0.018888674955231166,0.011288741452392672,0.030441523029847692,0.24598280562959518,0.0036917414043211834,0.01241600797135102,0.012640858139051657,0.002835122357550858,0.007951636780718955,0.00387836676239626,0.01513898878861501,0.003746420722587606,0.0059513388073595625,0.013915916295942372,0.002386617873489411,0.009481191564568113,0.003532418179885343,0.011041807846323037,0.001245968078378,0.0074426336514165446,0.004600480204273435,0.00352544751390527,0.0010621109115161165,0.009283538933450351,0.005290518006877585,0.005194473123070258,0.0015683595758106273,0.005537119777275975,0.001056748135810197,0.005678746456197349,0.014526814431484757,0.025496777390551725,0.004178307044693615
0.026201996643089975,0.047067309005873574,0.053101402006481106,0.0168487428593288,0.058046003356747096,0.01506111189105002,0.0315308051908281,0.00556474157211807,0.0056527988955342445,0.002858233247807809,0.003314253072828235,0.0036223347498296676,0.0040470374754172315,0.046426535205355925,0.013066816991450477,0.15614790408476456,0.0019139919661125195,0.002483909864617421,0.001686718972484557,0.003221497374209935,0.003319385028805138,0.0034807801844879364,0.0025083167311545592,0.015395125341392056,0.012097202445476915,0.02454674349303501,0.2459070008764673,0.003517886460132415,0.013983015041724495,0.011446991711535228,0.0028916673623979442,0.007798253132528742,0.003482757114142005,0.014448483819199932,0.003758174928913273,0.005643614307827818,0.014518341148406506,0.0016285007675171377,0.009748955045966802,0.003632764519517041,0.010562883952607533,0.001298249261684586,0.006779755238582233,0.0045519541816998535,0.0037206719658255554,0.0017665884008152295,0.007003859360361181,0.004940485652625011,0.005898263270900749,9.782651074522585e-4,0.005692051148210276,9.722754267956663e-4,0.0058746128055354235,0.013847354532096318,0.0201593061118874,0.004335319696363116
0.02578525761381582,0.04825907781508169,0.04639080925374058,0.01645387035753054,0.057168543890372944,0.0150929471049328,0.030828116493552774,0.005293120443147532,0.005900268259892058,0.002947774879246468,0.003501298614016851,0.0035495685671238213,0.0037621078656982425,0.050408810831843995,0.012984035058334056,0.1658703244466746,0.0019058237322378845,0.002436245940936878,0.0017883608950329517,0.0031245609258131785,0.0038960026331131188,0.0034486474380193166,0.00275712580174577,0.019906484592197782,0.01152753849784067,0.034551104348889104,0.21858607468434038,0.003211667831173796,0.013741235470845629,0.012748014221062094,0.0033348872427595246,0.007275762988689615,0.003517733065890505,0.011927527526181614,0.003851713860065802,0.00529502947887973,0.014671275038770804,0.0019786596676183714,0.009404384270689585,0.00353038337797271,0.013424532776964631,0.001585430890051626,0.007393751462135973,0.004499261165424232,0.004092331064986263,0.001258716864850357,0.008590023371437798,0.0043930079187037225,0.005009509486217856,0.0010356899162357266,0.005910511760219716,0.0011191213561395031,0.005906244543023162,0.016849137321106364,0.021937769645311845,0.004382785431419618
0.027160171024831665,0.04491552207053063,0.04690823560604551,0.016962996152308462,0.05940301688918948,0.01522692330640915,0.034273096474175084,0.005411419748277481,0.005490842107992086,0.002475315129426858,0.0036952809840500116,0.0033803040781466612,0.004269968245844414,0.05376228336383357,0.014451942686655998,0.14323776519075893,0.001974217852707877,0.002590379133329859,0.001842161570618171,0.0032076710026133983,0.00411405144528307,0.003542208909835553,0.002739222561192312,0.019180333989799386,0.012821979002738133,0.02533370907792132,0.23957010994456543,0.0035984645871849174,0.01349845267765361,0.015677810784616233,0.002653700683878938,0.007765611141380373,0.003190456097102563,0.012708718435713594,0.003228004321845599,0.005689217230233353,0.013227562593933054,0.0018308263265311066,0.009660379931190366,0.0034827750624518614,0.011940118259903936,0.0014756391417315277,0.007313012821713175,0.004474078222035226,0.004143787547790755,0.0017420307645161805,0.008542594244081995,0.004550583653963683,0.005410514054805891,0.001031059235366928,0.005941549753395325,0.0010334487773392157,0.0058727556417073265,0.01634892502975944,0.021410350452588833,0.0046164449765045395
0.025120105039083015,0.04421080417110176,0.04991078303751834,0.016017426515081402,0.05933647835928183,0.01596745033299913,0.03378947365917032,0.005703542392648604,0.00559788803858835,0.002644069375180107,0.004093333170248348,0.0038420150732659595,0.004106337457720895,0.05302113802872464,0.014118741258820103,0.15375313451806358,0.0021316732573854378,0.0024793767459520472,0.0017593655111400493,0.0035518693831345337,0.003573412534665997,0.0035835017604645704,0.0028877558330127604,0.016191411283318122,0.011664376928593932,0.026940904397680432,0.22838846464255438,0.003557207003658549,0.012825740538248831,0.01345052302918947,0.002875900591450776,0.00818716720991973,0.003946672745509668,0.013448062757769007,0.003328921139090862,0.006382715885628711,0.014883761816578486,0.0023190992494963084,0.010433487228605643,0.0036655048304182845,0.011783672433061002,0.0013822186714736973,0.007432260716426891,0.004362144448646538,0.0035315569077965367,0.001888846783427627,0.008668196244799998,0.004978466908167435,0.005651025279006921,0.001283514420973998,0.005628575275361986,0.0010180136990611075,0.005236526331622941,0.013413277285732475,0.026033705365102428,0.004018402498375455
0.025897662610076262,0.04358404885006979,0.04816326350456688,0.016104082298593753,0.05968710259362629,0.01616419724997997,0.034023099063933936,0.005361976830503093,0.005685275411507516,0.00267402904528931,0.0032806237777648437,0.003851240140111142,0.004291154532876527,0.05073792797612344,0.01274545897122579,0.14736760094834722,0.0021066150601708475,0.002607541785439191,0.002012139969188891,0.003717379739713913,0.0034556682408967035,0.003619316122368703,0.0027193039212679514,0.02270416328205219,0.011110662049902149,0.03151340671858008,0.2283177689174679,0.003370259073074136,0.014570501628426833,0.012822156134193127,0.002790828721669077,0.008940502977212722,0.003744583221221863,0.012472012794682448,0.0033752978338073775,0.005760228606710753,0.0152343426147596,0.001380519032758676,0.009855367580821688,0.0035686362102363652,0.012103939096635739,0.00175931235973804,0.006657287327113148,0.00433344224720258,0.0043245008338225,0.0017179757317633696,0.00967535868372586,0.0050568419775957225,0.005816584111341646,0.0010617772319704822,0.005585815260101206,0.0011270364638456022,0.005748952457022776,0.01493526931837554,0.02443684421618481,0.004271116642341954
0.027775366138890797,0.044533096409740895,0.05689820513978836,0.015361136141538197,0.04935830178392252,0.015745188538419542,0.033148733276670096,0.005639914515340106,0.005406509787375823,0.002822558495958275,0.0035599042203884545,0.0034255664356055223,0.004087045443936533,0.049422847386438214,0.012881962445502533,0.1725255254652701,0.001996909564029911,0.0030279021226460034,0.0017670271164464916,0.0033957941857138906,0.0036041020632129324,0.0031180456914041066,0.0026961980159076722,0.01723121105186272,0.012278849018023386,0.03313913397986609,0.2132777522979086,0.003202395364196155,0.013382685343032458,0.015391131696552995,0.002644498042219292,0.007353163023735628,0.004094624798686029,0.014148425191252105,0.003685829273034854,0.005260893399379531,0.013052823837190962,0.0018454338606086471,0.00968098327744431,0.003178176103742122,0.012569982094791588,0.0014256376473509478,0.007201961180417858,0.003995183208617254,0.003983334692904131,0.0014636689140856858,0.007772810618219595,0.005031853217512332,0.005621186849707502,0.0010099242047511038,0.005158404494527918,9.908129129966743e-4,0.005419219170207825,0.0147289351084008,0.02375516791338459,0.004826067829241346
0.028423532432400395,0.04458625397537224,0.05482199322517149,0.01629893675030179,0.057047420593632915,0.015463470065144633,0.03413370269733134,0.005645537392509413,0.005522181549361297,0.0025481792676558565,0.0038650031951576367,0.003929514241633212,0.003796757436044688,0.04290925531377142,0.01147473781442453,0.1640477410557576,0.002101179092108023,0.0031496305029873224,0.0017147480897910894,0.003636305912750065,0.0033341198395591422,0.0033228289132705797,0.00278195098253308,0.01840971006394986,0.010375504647139759,0.02911404808884501,0.2248540238753501,0.0033939058990525087,0.012313107380891555,0.013699825352901181,0.0028335524342736887,0.008357659227744568,0.0036752391358018045,0.014894352983046316,0.0034530347937058504,0.006471167016655683,0.014252620747913591,0.0015518800627952658,0.008866332686537281,0.003652036503689808,0.011399309926523517,0.0010928132918561462,0.00691019524287263,0.004592481006701103,0.004111530305729238,0.0012586142477393307,0.009066698511858765,0.005359841022619828,0.004737604535586991,0.0010579250157603996,0.0055156192891820666,0.0010993731915847737,0.00593645761362184,0.015449737298017794,0.0234142146628542,0.004274603598527733
0.024949660268916873,0.043020632868636735,0.05430838891873073,0.016115489740430183,0.053963139919445,0.014515974569951627,0.0296697841593569,0.005540714576067694,0.005336245587272929,0.002752654808748639,0.003589490584471987,0.004338136044090724,0.004317820660251967,0.05205769516989524,0.012121998940365374,0.17070938713247086,0.002053773122770584,0.0022860427129834464,0.0017497742184591275,0.003503828877481671,0.003708664672503033,0.00335329912199113,0.0023618775243067457,0.019376706396650876,0.012121730929896941,0.03050515876266922,0.21764389968002054,0.0030627359331971468,0.013481899286223927,0.012240396173281156,0.002701575199451085,0.008661306743161113,0.0051437929851924314,0.013085383960018297,0.0036237203513442727,0.005776942189094715,0.015252073750442406,0.0026228110015000887,0.01048119955987985,0.0035106704288183637,0.012640207058435141,0.001300365363151592,0.006318715042734807,0.00424133438089406,0.004010859725806125,0.0015971358943688983,0.009223622912246316,0.0045281245677835135,0.005172573986859826,9.484516633365529e-4,0.005048987723163702,9.656012942763776e-4,0.00615013197724769,0.015104704291693092,0.022791910428095457,0.004340796159465237
0.026576858223986668,0.04569705490078492,0.04919647727821476,0.016172446191261503,0.05847831060204687,0.016829301596435583,0.03237950587257158,0.00590110493814898,0.005540659143239375,0.0030215928069241733,0.0032999029469571364,0.003780600924041881,0.0040292665938903745,0.05056589629392004,0.011146816807184724,0.17156698413134636,0.002081282945499857,0.0026971215388040992,0.0018116747128902263,0.0035841397074077197,0.003706595033854746,0.0040119112994970365,0.002143074453945554,0.02075954086160873,0.013371558191403236,0.02679598927302676,0.21341768734197866,0.0034199220759775694,0.015311218536570899,0.012785982169143045,0.0035861567983625185,0.008505660962698213,0.0031339601371469924,0.013965220273044117,0.003921605264341062,0.005366470837156395,0.013228727506815618,0.0016107594711070987,0.009200406595864291,0.003636768604131209,0.011623328797819785,0.0012738883655107867,0.006345814616459693,0.0046182825305019675,0.0038014887021433717,0.0014624958826208088,0.009834447842835464,0.005351087181692206,0.005520533919985229,0.0010867520176872146,0.0052600016219767134,0.001482034333053598,0.005563575622365253,0.015461750665176495,0.020319982728225397,0.004758321328715487
0.02665472500910401,0.0457158265244798,0.05257816576040382,0.01590370756729689,0.05562351479593509,0.015243704231528815,0.034431848303960205,0.004968002901843012,0.0058538842522303175,0.002847783556459925,0.003690678650761249,0.0036077575604756516,0.004304774316717483,0.04965539558604425,0.011442325938057213,0.16386787030892422,0.0019188512312978815,0.002373477298362059,0.0014733073892555903,0.0033629150479912344,0.003880448162878739,0.003406976244782876,0.0025603622049773316,0.01700839518030197,0.009909371793265506,0.028759330671624866,0.21986618554594803,0.003356643746793478,0.014318468577934137,0.015200618974577477,0.0028810492771819108,0.008448882303383894,0.003016442883984248,0.015006870937753729,0.0035425127076243994,0.005228728584450824,0.01561186544745101,0.001536689609475512,0.009418574133248996,0.0030487001124710612,0.012408661874924839,0.0014082280978624574,0.006525029306261936,0.004467758615689279,0.0037849219484999154,0.0020921132116077617,0.00897639088675377,0.005578507374693219,0.0055494711664984065,0.0011723907631978727,0.006256955129752959,0.0013022187153820532,0.005995966454208128,0.016042274456989896,0.02262671030262646,0.004286768363812352
0.02546367518223224,0.043137205748741296,0.04992900327319182,0.016314432799708147,0.053357410743699346,0.015034335868625055,0.03448816133377422,0.005334358681087412,0.005540985920061567,0.0028848958836146447,0.003556050604598787,0.003964047064534848,0.004036920693412722,0.04788009463533144,0.012058640092714078,0.1634415533327549,0.0019384604628896694,0.0027411855235126626,0.0016594477332193237,0.0035648567748864514,0.003637919338346629,0.0029933496217828008,0.0026813653164971065,0.01910504412232685,0.01265641242359027,0.032329365308433035,0.2353400713815317,0.0033126667356381677,0.01349816251919951,0.01294824515655852,0.0035063731397581835,0.008842771210880562,0.0031299721282960677,0.012755393369455041,0.0032789293039051626,0.004935000519874057,0.013201136365869923,0.0016874975388028015,0.007645958740254834,0.0030252615562768007,0.01190056818712151,0.0014617520648778158,0.006879256557254781,0.00402540889585691,0.003916802896263451,0.001194635372317853,0.008986905631870112,0.0054107552690701695,0.0049469974872808015,0.0013305424736731726,0.005181750058539571,0.0011418767047496352,0.0051009179873413475,0.014874975786034427,0.022380658604510592,0.004429577873369183
0.02545169633172749,0.04739010484772981,0.05753388088249287,0.016298945783263328,0.0568505956101623,0.015219940463125133,0.03386496248451527,0.0053414854271161315,0.00618315179080324,0.0029964716409385654,0.0037196554454439726,0.004263070011486159,0.00378766029202492,0.04949878119951393,0.011963516703392298,0.15164870607393152,0.0020566921995090895,0.0029059895542994743,0.0018001296312933782,0.003447103344341556,0.0034439539428389536,0.003267400138651073,0.002074885636861479,0.02363980117193776,0.01203532126942981,0.02888424086206873,0.22101520465597754,0.0031032216170535855,0.013955049218865265,0.013178268229589875,0.003150165943131911,0.008495464372071023,0.0037204746345030574,0.013032154417228527,0.0038479480075932376,0.005409937093349367,0.012624530049234606,0.0021464423480726286,0.009714183329021265,0.0031604148495539353,0.011038609991533738,0.001900480779679663,0.006009786896506338,0.004378160818180219,0.0037684499761149537,0.0016120853512291184,0.00933366057024288,0.005859741537405306,0.005745248876788934,0.0014788954623528245,0.005330011822603569,0.0012919240684522687,0.005552129467072667,0.016119205378257704,0.023580696173002874,0.004879311326432927
0.02528471185735078,0.0461139951757474,0.0499682099534746,0.016709722221875962,0.05037869468325761,0.015097919309202042,0.031200667833497307,0.005106853649361028,0.005667201889930034,0.002912562592058317,0.0034351860100077345,0.004092138631238016,0.004119055411754808,0.05585803627832568,0.010295978942290757,0.17375216630687706,0.0019067082008715542,0.0026473099895316177,0.0017426529239194335,0.0030531144324934907,0.003440250826715341,0.003142462040166391,0.002070863926986069,0.01835009884552461,0.010875618399732482,0.024668998656838387,0.23409066521894767,0.0030860069594151117,0.014342642017260123,0.01265662944695084,0.0029323114757642127,0.007641323412550968,0.0029681592588239295,0.011091516181939657,0.003681603096330975,0.005784143212251958,0.012978319593370117,0.0018137085240863065,0.009859492643038953,0.0032852165280446233,0.012224185679459402,0.0014129340120127858,0.007193625320712603,0.004453195942466927,0.003857554620546054,0.001645615417543083,0.00836733235035621,0.005144023547408787,0.005984189643658811,0.0010715967416982533,0.005514916216513788,0.001306195800226145,0.006645660449706646,0.011410544668224241,0.021202250702106015,0.004463262329556253
0.025895829167280213,0.04413819463146782,0.05354701952151612,0.01565923260421778,0.05628625784814928,0.01510229667801844,0.03502904318444363,0.005725327045343716,0.0053453709343680815,0.0025691826150252175,0.0034422117422467425,0.0037956083442842775,0.0037235122665236044,0.046926293794916606,0.01471441612447804,0.16446387832936862,0.0019392508385713575,0.0024290578238633028,0.001657796313886864,0.0036444624351701844,0.003446831603630611,0.003796097574536995,0.0026049924913130046,0.018855164975260106,0.011667099407212259,0.03116674338822383,0.21680148978729502,0.0035128751539305393,0.014374588377694524,0.012156278655372554,0.003060922021884762,0.008490280361630088,0.003581089906663653,0.014166357617289217,0.0034833127686662462,0.005360097949987807,0.014577259559460602,0.0025999851951227504,0.008999415404085031,0.003024922538694615,0.010824404744353193,0.0014586020893242785,0.00746818040154819,0.004215335444880515,0.0038786232784362587,0.0015488673755569863,0.008404341537711524,0.0051356957832001835,0.005434553875122112,0.0011218516234256005,0.006111535360534125,0.0012057085776615273,0.005862030793946423,0.015163506425319965,0.025133987979967545,0.005272727727917488
0.028105278189305295,0.048718951134767235,0.05221724833791406,0.016064616317286295,0.05743265192005682,0.015694894003485383,0.034045047914620125,0.005831843784824454,0.005840719257998555,0.0027440852848003576,0.0040666739199622555,0.0034800344725064813,0.003743061574252864,0.04579884408308841,0.011941072867574029,0.1658391568295971,0.0022770010089854385,0.002360615995796294,0.0020126290533027,0.003469541784728598,0.00385580136752967,0.0033668190690720893,0.002196519103859604,0.01837660337623826,0.011311021757893417,0.03030460535444122,0.21075235554942845,0.003881188686190907,0.015383494765070116,0.014265484386176844,0.0029865595020880024,0.008478647619572606,0.00318701497187868,0.014975684962052682,0.0034198078802917635,0.0061242742964749694,0.012987879313226014,0.002301993456660127,0.010976518669806727,0.004095043788444354,0.012067613293011408,0.0015341666092493747,0.0071794372063501335,0.005107458159889934,0.004147693762403003,0.0013434261720061099,0.00924364983712523,0.004857206581818219,0.005190892962799546,0.0012894383459679717,0.005207721957380079,0.0011228267923738362,0.006450756468438085,0.015386746298189317,0.020420350205961998,0.004539329735786452
0.027313905012611984,0.04613802371907797,0.05553819113617904,0.01631295256025128,0.059536974596815284,0.015795556014180055,0.0301752573764434,0.005273155862945441,0.006056248104826717,0.0026686559472337357,0.0034713481766798565,0.0041127972567509075,0.0037811188677269836,0.04907598960972237,0.014678730492621653,0.14904623846914225,0.0019630241985859618,0.0025330889140740527,0.0017993946805188903,0.0032646968379996745,0.003622367127349561,0.00378647241252454,0.002524275414627303,0.019988625482267323,0.011840508427620966,0.02926801867152622,0.22738852660039122,0.0036081820676825953,0.01293372839600001,0.013694459055674684,0.0032452936243349204,0.0074877083619743065,0.003306956012366799,0.014393793442875715,0.0034014341195431645,0.0051344918383563285,0.016575726341344205,0.001852272120998004,0.01077868146509947,0.0030365704465178463,0.011651592752964538,0.0012219995548949274,0.006320389631505189,0.004473767483855807,0.0038934600548631475,0.0015209803142301136,0.008228112655384059,0.005021099733908757,0.005098898988973647,0.001069799361917502,0.005751091401376783,0.0011464795473586377,0.0055043965120012885,0.014195035021732664,0.023119569100364605,0.005379888621205606
0.027302659926467195,0.04991205947115492,0.05476037848603906,0.016170116884496807,0.05728161286088963,0.016197590607863556,0.03303503366997586,0.0053693356238102416,0.005789374075559928,0.002811867461734769,0.0032898588927979745,0.003573671972128126,0.003730040015827168,0.052164550909111436,0.014847202975684894,0.14290773604575766,0.0020797323211846335,0.0027029064443003124,0.0014861822487836046,0.003314919366739329,0.0033281188317406713,0.0035138086478164257,0.0023194511173516763,0.020035825633726884,0.011601899810005542,0.028781346271465513,0.22432680302034888,0.0037742240953463563,0.013198499334477108,0.012209257744643274,0.0029841935661949217,0.00794837313125795,0.0034905720805638017,0.013243965096675326,0.0037171034596054624,0.005808344249799636,0.01485459375565719,0.0024238422676685027,0.010077067660130615,0.0029903100347270432,0.012824327668889626,0.001109102764438823,0.007170074997779169,0.004527086120565046,0.004011714473730247,0.0015937130934059365,0.008668909080032166,0.00548424505529751,0.0057691755121280055,0.0011117011384709939,0.005514358217972954,0.0011446068950384037,0.005184286382236723,0.017673972275766097,0.02434215458235909,0.0045161416723792855
0.025550963679719936,0.04484583439596847,0.05689796609769099,0.01598778486418659,0.05060836141763045,0.01496961552470718,0.03409229124105027,0.0053484493779578325,0.005426277092205748,0.0029089687343028673,0.003932983870652645,0.003289523510626041,0.003953109177345729,0.04620300019151697,0.012375710513315326,0.15520857988670902,0.0019311871804780585,0.002461284847734016,0.0017762620683647403,0.0035741878088585972,0.0035548540421340797,0.003236410880882587,0.002987948504302315,0.020595539513163254,0.01369233105326361,0.03475355865620318,0.22314546147610714,0.0034946156707010667,0.013176419087746753,0.013343277037580535,0.0025472840106978627,0.00918096072227522,0.00317370431862719,0.012928695525772561,0.0036484337181707438,0.005483494937015551,0.016142473359120432,0.001999500563007993,0.009011445652675004,0.0030498782732156894,0.011252849706504905,0.0015857854186504036,0.006236691827035248,0.004758427898447677,0.004575904462427113,0.0014112658047661048,0.009595039838452044,0.0047840083934651435,0.005877195933028024,0.0012548285697692465,0.005563939928065919,0.0013191779441719346,0.005957423057196896,0.01708354316802698,0.023434853310131502,0.004820436256176611
0.026653087882087954,0.04649488719987132,0.05579415961581457,0.016599453757157,0.054456728542437646,0.015125021688670956,0.033716433857354254,0.004979057227903815,0.0054336330461008855,0.002877983350780341,0.0037321886015041087,0.003772864451133438,0.0039009808996872874,0.046398697684557774,0.014739512219404935,0.1622154852493072,0.0018789065247434087,0.0026505881316836494,0.0015474560508788736,0.0036945874432677242,0.0037046364140719155,0.003469868108002363,0.0024352768390738994,0.01773896971728137,0.009395808085174569,0.027278653727868148,0.22737193421040866,0.0032684397026450413,0.01429777094377881,0.013046626047539485,0.0033619382090713692,0.0072412164432310005,0.003578313650896936,0.014111059131883907,0.0035213873644339825,0.0062898647442053025,0.013366620630579888,0.001961096036589364,0.00891509477767142,0.003387728202912193,0.01288853969616427,0.0015361414962222356,0.006705706132741776,0.004379375531714137,0.0039239975647791785,0.0014079841193556585,0.00763224950579736,0.0050774669526495505,0.005812563667513237,0.001162366508316831,0.005286605402722056,9.800222688445472e-4,0.006199350870156169,0.015504705332188356,0.02238107688249981,0.0047178316566680685
0.025224114276075082,0.04791427560519458,0.05263190022871328,0.015485264707274205,0.05973185113603337,0.015194991342381137,0.03179818553340624,0.005209140986609497,0.005823843670133726,0.002653295844036897,0.0036843684346376795,0.0035995222441563314,0.003774851730131175,0.051678919772285066,0.01637731285142513,0.17108083169380636,0.0017071111894231112,0.0025782839363472604,0.00207527787328635,0.0033768346139359945,0.0037333158641862877,0.003193229214278045,0.002117097030631142,0.02053556309059776,0.011858789768393012,0.028354862300535143,0.21008049464497713,0.0035970185125056772,0.01378597610897667,0.01297904402453045,0.0033726030289371466,0.007459361247950844,0.003748829342304551,0.014053928155414692,0.0035793319120675455,0.005808287380783749,0.012587934303370343,0.0021786166656627168,0.008383633995011325,0.0032485775803676826,0.01203861908393599,9.581511850734676e-4,0.007527169741150523,0.0042448517251319744,0.004176069268743113,0.0015229240229456817,0.009884595996265629,0.004969690362159427,0.005302431781745338,0.0011844387163891688,0.0054307037145984805,0.0011768205884267434,0.005255208322111601,0.015513215800491646,0.020067403712849628,0.004491034137207218
0.02696102259338142,0.045656012362103114,0.04948833880849432,0.015515658642314044,0.05487476214352321,0.015375174455750706,0.03399212861770052,0.005846340901223368,0.005796760206831427,0.0027902438910463404,0.00312346012743467,0.003739790120637489,0.003855508276201351,0.05404266499563487,0.012621409133097356,0.16192728265943812,0.001980542566094507,0.0028453416217325772,0.0018074856292749468,0.0037161283334884282,0.0036490601383458946,0.0032486690645448877,0.0023793057359046744,0.01699192380505188,0.012543887439938171,0.030117039743829274,0.2151855682007186,0.003751670900065886,0.01689365255019317,0.014303191775445707,0.003404722544239533,0.008312042694574086,0.004173736914791034,0.013845759555067375,0.003477599694154093,0.0062886346131982625,0.014403461820272918,0.0020986469140538465,0.01068361191851539,0.003558247315723632,0.010952543125053086,9.950801807721398e-4,0.006103679326229321,0.004626876616673995,0.0037366083739244407,0.001243197000997198,0.007679085901177381,0.006573516745910548,0.005444161104510993,0.0010256097635246168,0.0057577856776419465,0.0011393204598011877,0.005081836973319101,0.017164214150867364,0.022036621951449873,0.005173373224115643
0.0266848431655242,0.047681261404247645,0.05761137209586414,0.01617288579147677,0.05468456554766696,0.015227110179937524,0.03307515919980189,0.0052998254707100085,0.005591374833981936,0.002875443265418356,0.0037996252597231666,0.0034546482860629874,0.003908005474989227,0.05022819368083723,0.013300813121450488,0.14803835763245166,0.0020387941990223494,0.00266222531555331,0.0018088362928125562,0.0035107054784832034,0.0035223475570313398,0.0032889559590472558,0.0030135780531872986,0.013790679579173803,0.011189744366378278,0.03353250232021936,0.22539272239393351,0.003724241420924699,0.016616864926633345,0.014168556329445855,0.002831483918534629,0.007995767046103388,0.004885968993853045,0.014869934624286185,0.0035441464082312545,0.0054254676953017994,0.01609594731095912,0.0015913101391808431,0.010235488166579283,0.003336779654157478,0.01192850273992313,0.0013075391179926885,0.006252718628680184,0.004779095420812267,0.003494761452629482,0.0012695026283403295,0.008446352208371033,0.0049632442443769825,0.0051583018567973715,0.0010891470713252254,0.005856285761473788,0.0013296526574867276,0.005692778519459913,0.0149243350520102,0.02223639849058494,0.004564851590558307
0.02547242260038322,0.04638278287864703,0.0535529191428968,0.014863218248570084,0.051534455797441175,0.015723741689225648,0.033142797315050536,0.005692046920335221,0.005252517815919324,0.0027816615779648612,0.0033553849339826927,0.003790437181952766,0.00409924631739797,0.05216173577573324,0.013345805778801902,0.14330672791310908,0.0019305778836956765,0.002481917948777008,0.002036977738669806,0.003568908692509479,0.004097768526262669,0.0035661450416208345,0.0022392727428789056,0.018769390822717547,0.012756833954976789,0.02759171178868309,0.2437593903830585,0.0034871986345852424,0.012946484823175274,0.013852336317988476,0.002705677934702712,0.00828042374679026,0.00414852793080583,0.014223124096362515,0.0034776390387456953,0.005423793132321816,0.013158923564420884,0.0019558130080607546,0.009801220331839677,0.003376281849624528,0.01048981255588814,0.0012238383521677944,0.007236715590072107,0.004639636930558397,0.004602108674673992,0.0016305367492317527,0.008578983316285968,0.0047643500265196915,0.005792654086855,0.0011000087809424992,0.0054423183463283165,0.0011417636006821536,0.0052921281317491785,0.018240144193171083,0.02058139175366602,0.005149367090522399
0.025695986050863644,0.04501956870300725,0.055395937198675964,0.014837800113042057,0.05501778498998991,0.014968753490483799,0.032445711838328437,0.005851456089240168,0.006044926313180222,0.0031511223336856036,0.0037932540561915417,0.0035541106552327553,0.004446537794777395,0.05321462898077608,0.011687713429068007,0.16781548147941797,0.002310831382373554,0.0026328411757839195,0.0017715546026503897,0.003540304803837136,0.0034595904887931494,0.0032207777239836796,0.002560406094909974,0.01874395221067564,0.01303173174115674,0.025543629976456508,0.21907087274836587,0.003614864380807873,0.014002146466809567,0.011725691026950423,0.002801930296854258,0.008269157533420715,0.0040318172045356775,0.014880618999065334,0.003925761422131806,0.004792001293504615,0.012828230083071192,0.0016908806774151202,0.009147914768828177,0.0031126538667677825,0.012620982726283914,0.0013740942695991297,0.006577671457641101,0.004726275294949492,0.003944461743882123,0.001522938064563603,0.008671440213585319,0.005189800079993681,0.005057072709034793,9.894242668960105e-4,0.005822434200493625,0.0011474494033858016,0.005641863872038316,0.015360173478472997,0.023091589776179887,0.004611393957890299
0.025473212290332545,0.046132610081679626,0.05140773012851784,0.015724233814042313,0.055883221545135524,0.015335351538735588,0.034771803797699743,0.0052680826264341575,0.005536381297076524,0.0029866230171317356,0.003786598626934161,0.0035173488478831556,0.0038834689777402084,0.051220278731877344,0.011308222314715738,0.16113151697572045,0.0020430137151941723,0.0024726729523204473,0.0019343095436494425,0.0034201388660812376,0.0035764213512023465,0.003952910388069739,0.0026376044844342505,0.019631471327650116,0.01200193372102178,0.027056247890547447,0.22404188002131353,0.0033402774996459136,0.013212069062567626,0.01293132318076576,0.0028939650162296522,0.006855017206716868,0.003723470903945324,0.013130983108638885,0.003611692775249166,0.005749332667836308,0.014574913542752727,0.002064721803287134,0.009460630073254494,0.0032944748374736247,0.012605580153994678,0.0012941178924448812,0.007234786003320192,0.004238681389084324,0.0035785877701156156,0.00190614829735308,0.008220957188484326,0.005016440313036643,0.005767383202846834,0.0011610248268190586,0.005526857596861028,0.0011585351438219561,0.0062094096128254795,0.015426570556838737,0.024599308593009468,0.005077450907639001
0.02368957346584428,0.043427058087796594,0.05239240576985809,0.015835841181679404,0.054465450988847135,0.016845212201988244,0.03204583975421401,0.00609470572110681,0.005267105126126126,0.0028216570818668843,0.0034168543804643492,0.003909601105006497,0.003912281273724127,0.04905004271233661,0.013409331173652622,0.1599302222785109,0.0019081884287721854,0.002531362366733852,0.0015977441628823523,0.0035113005890282435,0.003861005270978824,0.003991338762801829,0.0029585865229942282,0.018761918846979385,0.010779969270590831,0.03759702636738159,0.21733449453446096,0.0032910181668638966,0.015407185873376528,0.012672395865143451,0.0027121233844766726,0.0076538753088142295,0.0029456810224598134,0.015352811472264886,0.0032237358969123267,0.005145381443841722,0.015920775408355597,0.0022096295163832147,0.00977420968830992,0.00372401052180236,0.013240717223880354,0.0015445516294557452,0.007282324221668679,0.00454295143007036,0.004190831111322944,0.0016041766653955276,0.009548442839421722,0.00483255710386407,0.005412846256234407,0.0012407065789711569,0.00607429543963645,0.0010254506087307375,0.005768611801895448,0.015672189953043175,0.022132740697722246,0.00450765544305543
0.02650390383677991,0.04733648851239044,0.050689589619077505,0.015313183978112835,0.056089817366677015,0.015510279024254395,0.033875180077682476,0.005811285558926551,0.005397999947442813,0.0029088763237519557,0.003882908419740756,0.0034633603135180405,0.003969064477474881,0.049910801964524416,0.0128485276308423,0.15566837446694928,0.0022152291482207456,0.0029823785850347164,0.0018945008820339068,0.003483976249901568,0.00390815418994147,0.003468538493980508,0.002249986767117,0.020480165470079227,0.010713358793057244,0.026091293242732724,0.23391035757362427,0.0030492899841136002,0.011351002703780647,0.012615967043475635,0.0029237307506158475,0.0076290498464055105,0.0030077297648325404,0.014315187424429743,0.0034922228915035603,0.005155187736004021,0.012830302848495467,0.0017578456004280136,0.008758556989340615,0.003304425710526315,0.010921156711081471,0.0014932386598646879,0.007051316322984084,0.00413944977613933,0.0037685995782342067,0.0015218483347992987,0.008619755812030772,0.004639460422856546,0.006120543447648889,0.0012136912832571003,0.005583439131121417,0.0013328033512664081,0.006264151277332602,0.015473335650529751,0.026406208188077318,0.004682921844955585
0.02682796315811013,0.043535618721364584,0.050774289565031036,0.01631022032865969,0.05669567091581659,0.016768616555195674,0.032936559235029424,0.005271326494344742,0.005956215066940911,0.0030461483732268212,0.0035355304480935643,0.0038556793251991097,0.0038587138319857357,0.05236312334411625,0.014368639399198056,0.15966950643619143,0.0021236876953191174,0.0024911301368642485,0.0015621190859767212,0.00342181017024227,0.0038168028864723007,0.0032303337425480584,0.002889028759156553,0.023140016238629983,0.011247423169224623,0.028017692814092443,0.21769944275140843,0.003253767657016615,0.012935068793182559,0.013894784415765261,0.0029585431460981454,0.00786743275114927,0.0038305768539428453,0.015136803744646007,0.003559188541173772,0.006108768506768862,0.01364785825184098,0.001310868899083601,0.010756815930531995,0.0033584926883013775,0.010354378213162178,9.402679446469006e-4,0.006813067830415277,0.004177525929962056,0.004337346377076767,0.0016594856792729472,0.009418525905967678,0.0047182475883139376,0.006098046419853965,8.345598339666189e-4,0.005902828841784613,0.0013076476085232005,0.005290136678248263,0.015879695957071744,0.023397503390496757,0.004838456973297359
0.025096633803913856,0.045331424594304816,0.061064047501716734,0.016209289142474107,0.055041971769699646,0.016126322350565336,0.03147841797174404,0.004995414392234388,0.005791970230537481,0.0025866507277374235,0.003667625957994871,0.003686684966246507,0.00371316883163019,0.04976483695641796,0.011121667312282526,0.14590960013690313,0.0019058518985475515,0.0028462976539238337,0.0017841568017754434,0.0038335660328497976,0.003243247328868358,0.0034291948406784153,0.0028502206030537676,0.018904149053663936,0.011448938596412843,0.028901726477467492,0.22892392337273665,0.0037464855612100163,0.015700738708172558,0.013706541570903221,0.0026720353124627615,0.00848378413424555,0.0032723783818532537,0.01629088740772994,0.0035047373247347976,0.006216924583506866,0.01357370327835134,0.0021381956408608694,0.009035314187351309,0.0036859665670642035,0.01119808875292951,0.0016348353104192984,0.0072613760269943945,0.004480742362204985,0.004002287324277338,0.001722730334993266,0.010898930262184848,0.004972292926769471,0.005557804930950028,0.0012231637133570908,0.0058155212846299495,0.0012198093854285791,0.005877825462376813,0.01523508523135112,0.02262120941053654,0.0045936053157689385
0.02698525588036716,0.04358033120914886,0.05372846307543283,0.017730762115958115,0.06096659328918942,0.013794628130459617,0.032795018798479625,0.005253738180790744,0.005807174335029186,0.002748309188207711,0.0036710887688603164,0.004119006192285186,0.004264751160470658,0.04991257384729701,0.012892505343247646,0.15238218181516808,0.0020188553443099186,0.0024155683061179937,0.002038327473045949,0.0034154350241234924,0.003978338028953284,0.0041769937057153156,0.0028706116174041204,0.02196244660383322,0.013003786010792587,0.026165746077585143,0.216851524815526,0.0035632633894094683,0.014583232151730376,0.016245509044227044,0.0029934981149460434,0.008458809849296443,0.0030767541742242424,0.011617509067509973,0.0044495856413026905,0.005517945651800691,0.013944487918755803,0.0023792160203336544,0.008947787572868042,0.0030851544494198565,0.010967110408530323,0.0016799950150393531,0.007956228437715943,0.004633212022956994,0.0045499962177501,0.0017186468833569415,0.009806135793606497,0.005109128215371227,0.006027347764130202,0.0012633026963057659,0.005355332138039435,0.0012083507796112533,0.005642091020913161,0.016090391850291597,0.025207260938391284,0.004392702434366419
0.02495879770343927,0.04303649181275729,0.052533190026718586,0.016010199655542137,0.05727555913148226,0.017031320692313487,0.03501508168128587,0.00532927594480134,0.005834633435204156,0.00308085111684079,0.0035614155602680217,0.004280984035324301,0.0038353825964179598,0.05191287016843172,0.012324136099525212,0.15755100229114175,0.0018191908190522165,0.002815699067978341,0.0018816404364659387,0.003566852182691544,0.003491724684795064,0.003588307047838999,0.002267443471713459,0.022751538866550434,0.011974751496267411,0.02942841525425441,0.22256009819158165,0.0032013323211383675,0.012336710437635887,0.013339151437188623,0.0025152840545078635,0.00812600643383252,0.003879685646501997,0.013203030764058496,0.003649762528730135,0.005911497322424382,0.012696304655453738,0.002170112353442462,0.009116666133384176,0.003372156295695903,0.011523718697930044,0.0011360092993994144,0.007480187520061782,0.004612209147449946,0.004256129494970079,0.0013183329699563266,0.007201565107546722,0.005148141447224669,0.00590040210333409,0.0010706988612123945,0.006340884174471502,0.0012230266903439117,0.005498904850114391,0.015363163092809325,0.02361087188113292,0.005081200807364341
0.026984731992637713,0.04682207879964971,0.0539878298089644,0.016113994383146257,0.05298026174968837,0.015385458422169917,0.03286527630016917,0.005149864391134729,0.005391947434716611,0.002661808511157507,0.003690765843583465,0.0038009215707675644,0.003925081920208798,0.054577088283711835,0.014704422936071378,0.14415154306213698,0.0021280901440726917,0.0024855952818247625,0.0017637618439727176,0.003538170457036996,0.0035115160648998556,0.003495355296919541,0.002525125929395034,0.022917575430615508,0.01140442556738812,0.03097009766702178,0.22584014944074363,0.003732888742878106,0.014220732978254966,0.013129052405715554,0.0035409304145357706,0.007957305801032726,0.003023859111329025,0.01612700284942085,0.0034224443990335937,0.005684557056044734,0.014633669064321125,0.0023338708896344837,0.010062832148325299,0.0031247376885037356,0.010762535460809594,0.001264999043938288,0.007786134688724825,0.00442341935432592,0.003812689610600852,0.0015900484572487893,0.006863646292050888,0.005540873661645667,0.006189093631178914,0.0010634447185593897,0.005301970097518931,0.001074941114692963,0.006201364703845128,0.016916055032128743,0.022410422776339534,0.004031539273556542
0.025223961161769975,0.045809653086157746,0.05617175641633629,0.014962167308967073,0.05654059325279769,0.01564723298190274,0.031460901008507514,0.005424271730963227,0.005677528795208724,0.003095939900525238,0.0033475978915302284,0.0037461522990520435,0.0038119719218966714,0.047251907233411966,0.013490410281980388,0.1639105990292165,0.0017476499519097038,0.0027922924055989763,0.0014718944627626898,0.0034420044101310674,0.0035300313831533136,0.003474223176970315,0.002675881416548777,0.02084627997192507,0.010403822002883504,0.0357991882515535,0.21641918986274242,0.0034115574114851545,0.016056882833759577,0.01351807987079265,0.002955310944796869,0.00824965187709333,0.004105294685028447,0.011732721543782923,0.00356514748188039,0.0057057315812664745,0.012644521888494681,0.0017635635734432869,0.008723328017750399,0.003233501050502527,0.011356356287098881,0.001276751851423027,0.00665694683532829,0.004291675814469767,0.004363823251423148,0.0013942101877378466,0.00861469960521502,0.005239994447271727,0.0050991898528659155,0.0013094920564817039,0.005765480755987383,0.0013161194895034052,0.006213063020822644,0.017389179834110625,0.02113976080165379,0.004732861552126701
0.026826337789020015,0.04439754387801093,0.05381535229271713,0.015417977464157373,0.054741841712083295,0.016724421687882726,0.03053668751010356,0.0057782526228600415,0.005468890190680626,0.0028226533053302963,0.004177730909344448,0.0033679530082030684,0.0044487494112752934,0.052594528864278005,0.011157250696240819,0.17047669704720156,0.0021062017173860874,0.0024519419926995936,0.0014707748110126427,0.003979202017051281,0.00393225851550436,0.003641959424376197,0.0023628122748634,0.016500391967425886,0.011794138160661239,0.02949028948430559,0.21726872953687912,0.0036909198025114297,0.01413569624964547,0.011727429515810055,0.002763621596198431,0.008703592921340784,0.003660972316597061,0.014024305297500405,0.003899836759281375,0.005470861879656343,0.015457601168154277,0.001790032374625895,0.009513131227039518,0.0031235094663259215,0.01068302745328257,0.001851518165896134,0.005848836895786329,0.00419473283249621,0.004127218594609219,0.001591679937279206,0.01003836697297052,0.004940601770324921,0.005680360043085482,0.001302347748151853,0.005700981790062248,0.001255884024242739,0.0058836347393766515,0.016013623865652082,0.02111714146345157,0.0040569648370907384
0.025593327042596085,0.04881038235737602,0.0524783179860682,0.016019650227433176,0.05626302493255974,0.01551384070085819,0.03321925014819167,0.006006915647366163,0.005766342795921199,0.003023817744422984,0.003963204193494193,0.003655867163014455,0.0040478927751941346,0.049326483380786344,0.013554128907987411,0.1630950291909825,0.002158126747291855,0.00255745791787091,0.0015664502991136892,0.003952546550754616,0.0038191683572000815,0.003423093542464237,0.0026015852124364144,0.015523438145850213,0.013036875589810874,0.028105039715597396,0.2196321465850345,0.003506584512015762,0.012824893430131814,0.01412103942040918,0.0031045316294955345,0.007927912672929456,0.0038294300977669495,0.01398387833999427,0.003932640064903777,0.005181166259706133,0.013848804111160162,0.0024002047123114854,0.01048212140554881,0.0028842672511080443,0.011801671928088914,0.001333327097183126,0.006773885221294232,0.005060414686987931,0.003892098287434529,0.0015384243264659413,0.007969838871919679,0.005363966338174988,0.0054481912753595865,0.001075264865370442,0.005377287137516011,0.0011053811489404191,0.005552860736093421,0.01614034329408406,0.021781484854921544,0.0050446821650065
0.02678161179907658,0.04507739187304449,0.054578761104921325,0.01591794813551892,0.05883070135665035,0.01641470310352633,0.034881553377349675,0.005485451691791208,0.005726787310831108,0.0030874352215780917,0.003855658623820438,0.0042066521480451265,0.004316206200887195,0.05339473429834757,0.013025427920402073,0.15389225151054628,0.002150068228252647,0.0029928333528845535,0.0016127110499798856,0.0035930030403179855,0.003743530366727971,0.0033401956434259794,0.002531688891314071,0.016866009553089097,0.012900528090073924,0.02752999032795776,0.21485536867369462,0.0037026283118763333,0.01488559470573785,0.013418318000799432,0.003046118462810248,0.008021320288035042,0.0033983799706408307,0.014218065257090781,0.003727381270875125,0.005840179258130142,0.013901652905732089,0.0022823092025664993,0.009974329935620311,0.0035935574471221664,0.012076941446240629,0.001413373741991405,0.006470689641453356,0.004468843334678013,0.004410179727716167,0.0018259623886125273,0.009730219062340615,0.005088003264815035,0.005626362146879957,0.0012108995233831574,0.00599245398411036,0.0010734771444392507,0.006148905631953385,0.013980703241135426,0.023875393283535107,0.00500855452562355
0.027038684568213824,0.043283955401678044,0.05098345606303587,0.015570176063207607,0.05210171499930702,0.016407173841489424,0.034377635434896955,0.005186082623019796,0.005680571868839368,0.002706715110734133,0.003952385466973361,0.003830740119222659,0.0039412904436832655,0.05186453395708616,0.014958232716814549,0.15413022903756837,0.001953492914337829,0.002841514162411458,0.0017094965441333014,0.0035344973002325187,0.0038094715650096272,0.0033762709676700598,0.002083409494762735,0.021370292273982138,0.012525718262107927,0.03340252216590029,0.22011554255873972,0.003640748669707025,0.014795231609933419,0.012980002511602124,0.0028097639131368585,0.00865331383003645,0.0032203728889274603,0.014089476142310984,0.003168768294942529,0.0055308604401242455,0.014378847283734893,0.001845303959064532,0.009152311223386419,0.003273016344279891,0.012092232884142302,0.001384568907684206,0.008196077616115493,0.004552454998259245,0.004204172137180055,0.0014088409840978724,0.00989625628350714,0.004855609690965996,0.005201243696361429,0.0011102267149760289,0.006214939244896215,0.001113112173684899,0.005757263453496158,0.01517740620263916,0.023127976411160767,0.00543379556458822
0.024972380938341775,0.04317057577589829,0.05384549747115911,0.01617654703425983,0.057198627592293855,0.01582561798177878,0.03664062632518068,0.0056191960298923455,0.005619707156058735,0.0029056306342573773,0.003839305071273536,0.0036991644970409674,0.00410022772955689,0.05367753035816487,0.01145827853423508,0.15473264864168496,0.0019582324989693796,0.0025711978252103795,0.0017305064194070917,0.0036752797173022333,0.0033229522646154655,0.0031459289983430914,0.002098736660008544,0.020741035041438732,0.012011707956813961,0.024779293824096122,0.22535807445426037,0.0033733879319331316,0.014300028585303529,0.012670053047329237,0.0031333571729107975,0.007833313292451977,0.0035847030028500746,0.012641012055575308,0.003910171212747871,0.005530288792543189,0.014902456923712476,0.002306611556690981,0.008904210310727802,0.0035700204091271884,0.011509140037701343,0.0013534706703202124,0.0067286355096280595,0.004405479091293035,0.0037319632023530896,0.0014910034314210713,0.009795846201247465,0.005936833616565504,0.005528442615822005,8.299469313342706e-4,0.005571366762594036,0.0011522593910935825,0.005625675070809874,0.015115345449417405,0.025363982508969398,0.004326487783983669
0.024674490419052265,0.04344564672228716,0.05963442301408549,0.01601260671235326,0.0587601972163687,0.015093578165476008,0.033798636023549294,0.005616297224876747,0.004966277844318223,0.0026692268477517653,0.0031259996829092716,0.00389088722967077,0.004034598466585346,0.04538272999077998,0.011285964961020419,0.1569436495089841,0.002083164295087442,0.002446724853768088,0.0015972017987877659,0.0034470357144772046,0.0035664085839100593,0.0035410507273479427,0.002359004638162945,0.016934247858887,0.010962240483354707,0.030644283986510024,0.23484729274984312,0.0032615545671087413,0.01426024973477595,0.012178668449645361,0.0031270394658832394,0.007277902923392635,0.0035478272525727144,0.013314881549049631,0.0031219077439003417,0.005074086055881654,0.011045603948380485,0.0022636110836543122,0.009871020022676907,0.0031450601044942825,0.012413863553991687,0.0017809313097353627,0.006533669771784845,0.0047447646523039195,0.003337261474723277,0.0017430851660299072,0.007574399053869821,0.005344241552790121,0.006153736555995005,9.674085944315886e-4,0.004943935033531334,0.0012632320690570567,0.00603623344131025,0.014672721474196047,0.02458467750544785,0.0046525601691805515
0.026099061124234407,0.04570317503355625,0.05106357025345975,0.015316805539292905,0.056742316254076226,0.015580535199276876,0.03294776772447992,0.005444989879655292,0.005378373294120974,0.0028649455681264793,0.003596876196758034,0.0035492934150931524,0.004247385510991939,0.05154167868048355,0.013026753805548165,0.15353654756037338,0.001831311957249374,0.0031646466040195216,0.0020948317448682935,0.0035438945661057705,0.0031747474433851093,0.002961640761940287,0.002720428165250237,0.018091495783964864,0.011470887854781783,0.03135633095048848,0.22567353392751696,0.00374564157401485,0.01628282074272235,0.013849143588557314,0.0031123943206526118,0.007209830871424985,0.003966497749094454,0.012983961232609335,0.004175910893355071,0.00595998481829042,0.014408052767756861,0.001920804429074559,0.010688931835700483,0.0031953018125710237,0.011229998340729885,0.0014448550647562226,0.006641327796164317,0.004853367392602213,0.0036336026885139434,0.0016464830806492874,0.009266525204438566,0.004971359834385193,0.00549271033948175,9.763299778237425e-4,0.006277742296342858,9.696342891120041e-4,0.0055430354044567285,0.016543426592576127,0.021945388124449152,0.0043411121385956665
0.025144156957354,0.045866565333888956,0.056547564276259524,0.016407254848225954,0.057843294007415516,0.016085505573440524,0.03275368809056235,0.005415404601035646,0.005372856713244123,0.002616919669717396,0.003414695484285485,0.0035956130951798155,0.004105884088507966,0.05459245605267983,0.013351573774581819,0.13734277433613581,0.002006508201914228,0.002691437461379667,0.0016754065917490286,0.003948622910151265,0.003833081984344504,0.003262893709683551,0.0018838775311537496,0.01860235009802973,0.012361839527433605,0.03142153477011089,0.2358450506164005,0.003596375418468729,0.013219495330233578,0.01447332947672395,0.0026002318908372483,0.007223696455119799,0.0034471775469466135,0.012356783894390957,0.003785779499725088,0.006691811971059619,0.016033723368735434,0.0016869602900050392,0.009354116500461186,0.0039683530974481745,0.011036593084075712,0.001622480044285641,0.007388532963647539,0.004259593636790448,0.0042334332743627886,0.001123955708290581,0.008875066045287304,0.004532097046649102,0.005240319730348163,0.0011810344936568635,0.005670055179842223,0.0013787845425484654,0.0061071283717071155,0.0133346692617755,0.02285799652086865,0.004731615050843134
0.025263889154969223,0.0461129402340311,0.050347534327571365,0.015497986911696111,0.05424190841438882,0.016083999318960214,0.03566635723881483,0.005405281820398484,0.005279132262890357,0.0025785912010972667,0.003530797803253985,0.003792165818481531,0.004203467359432973,0.04881525419471995,0.012961172664303794,0.1785918927056376,0.002074701330785485,0.0030804876983599096,0.001839476313980689,0.003476150486475394,0.0036181204870640374,0.0037749835706048286,0.0023809455181819086,0.019455067483072443,0.012131525986227555,0.0289586170292999,0.21072260692178646,0.003705668098172041,0.013914190892938464,0.011580074643816789,0.002825678820026498,0.007160371481310122,0.004088011181128306,0.013457139023074745,0.0036522881500748827,0.005365746941944174,0.014759884883403528,0.0018601461756157676,0.008889528871510106,0.0030931097225714355,0.011274605556994251,0.0018904878090134029,0.007044029940812973,0.0040559440527065576,0.003820033278814921,0.0015900628925828281,0.008166360318919598,0.004681860793523119,0.005911566108102995,0.0012442088707389442,0.005986377316229582,0.001369013499777392,0.005236776021085237,0.016427596384579704,0.022371501881395507,0.004692682132649961
0.025104411464271784,0.04223242750534291,0.054357970298288934,0.015630562525135217,0.05273457334774529,0.01599954018507685,0.030767240474938676,0.006072244889162135,0.005548771924301451,0.0031047239157507163,0.003936848057877142,0.0038169383622879585,0.004004866281106416,0.05075047457476203,0.01351562885476371,0.15489538362286318,0.0020863746371100464,0.0024434996130948414,0.0018657960295285544,0.0032489644898507173,0.003635456869585199,0.003051375285123482,0.0021781047169670414,0.01673964395719076,0.011200605788896,0.026767709801413988,0.2449119254837211,0.0036030649390310946,0.013032241034680798,0.013190146683839402,0.002779806638947631,0.008777849008831521,0.00360930240981893,0.01282964570246727,0.003664304822693187,0.005630283569583194,0.013403764393247652,0.001701979431073593,0.009795346186486887,0.003361210556315333,0.011371904963054229,0.0010790279793713327,0.006185773510135549,0.0045236700344942335,0.004201252545954497,0.001360350048928964,0.009489689876688308,0.00508878186583066,0.005652823288529769,8.787905566799266e-4,0.005401420798807561,0.0011174905537765798,0.005951803151200397,0.014619810543042025,0.02225496950989959,0.004841432440433803
0.025034385357094294,0.04454446340736355,0.05609034737542022,0.015530143845215252,0.05781849055809961,0.015630912167899223,0.031192281657007267,0.005315178927769951,0.00525166488878163,0.00261675183630333,0.0037013336615178867,0.003952085125279202,0.0038632377584534067,0.048293586993192375,0.01199561712880399,0.16645841877165138,0.001852394634628089,0.0023372670293503616,0.0017042738400945062,0.0033114383317660785,0.003856628749323088,0.003467592954349165,0.002155950476194259,0.016565427218008053,0.01093623791768036,0.02517541552734193,0.22789273557798465,0.0036419455909496774,0.015923672140681723,0.012898380619342639,0.0029833046534833295,0.009301931283341119,0.0036027724767740553,0.012505040122542464,0.003480484800051211,0.005165121350615915,0.01389816947683629,0.002333131627980037,0.009520229595813109,0.0037049770719787094,0.01238484071553577,0.0011311082706944346,0.006335779563146515,0.004050086351990235,0.004320770430016192,0.00155486808156379,0.0077251524060714906,0.00537521559043029,0.005780203823020398,0.001184210862277078,0.005679444873070735,0.0011789264554314045,0.0058541173137490465,0.01584250792504173,0.02191835339083222,0.0041809914201653186
0.02703935116857082,0.04408234812046478,0.05957061797189459,0.016118486694423,0.057681549597827224,0.015936601616690454,0.03311718347517702,0.005881010833652447,0.005477161117938489,0.0026585087037685634,0.003368775460319478,0.004157828204623468,0.003630103657035141,0.056659663681053414,0.012005442378699662,0.14598359705193933,0.002040703957609065,0.002391326355026209,0.0017961875802557476,0.00325718821457956,0.0030725300708172804,0.003310113803607452,0.0026985345425260716,0.016102953873728124,0.011792652221483449,0.03025202639123403,0.22386352736949713,0.0033366376293045953,0.014467330122822485,0.01291471371294386,0.0033281654309253914,0.007689600974669822,0.004707628132027913,0.014719381711403723,0.003635605970893639,0.005546752878869081,0.014133696223173193,0.0017299322510837699,0.01073068736702225,0.0034667931020120387,0.012267110570677961,0.001722637741767908,0.0061105806409522175,0.004339504487576766,0.00396771695793038,0.0015902557333993214,0.00871369244908924,0.005323883019906156,0.005371025991522136,0.001107400881767478,0.005774571903983714,9.950785431085117e-4,0.004976863619611422,0.017906059443586485,0.020645640374828668,0.0048350780186978476
0.02601519673795551,0.04568626829476208,0.04988591887620434,0.0161039775835417,0.05752803179643292,0.01624955497870681,0.034614000487180094,0.005725989812227455,0.00581586205677514,0.0027763844372630814,0.003900782708994128,0.003805445701828346,0.004139163412132218,0.04474199414473379,0.01242387110553803,0.147754301383805,0.002075808206916708,0.002637295734922018,0.0018864162649972402,0.00321324904495562,0.0033176356764905574,0.0035962465823038896,0.002718386212237907,0.019095644269946303,0.011865661754685886,0.02258891809210281,0.24437208782709596,0.003589262757917723,0.013856828412795716,0.013474313772590268,0.002959375678080336,0.00765260967359977,0.003996907621820794,0.016494302422577545,0.0038117274349867007,0.005016710786741976,0.01399136448847908,0.001434503929676536,0.010680135334241808,0.0029096883766677184,0.01161070724507954,0.0012429045806015171,0.006942668955624266,0.004225463411617672,0.0038872431714555636,0.0016196188584857046,0.009496835346567421,0.005241055608457123,0.005601716540844594,0.0011781534876603935,0.005583249857383984,0.0012290664482159622,0.006044475446766305,0.015978894338882374,0.02138574659957033,0.00433037622787572
0.026540072811760598,0.051471268879732995,0.05056842849051232,0.015921711749477666,0.05476962902647642,0.016039353397671402,0.034232627109114136,0.005766308312293253,0.005164397788931067,0.0029330381972242935,0.0035731624799702033,0.0037110579222660095,0.0038450368357288954,0.0515041896255972,0.013037936493473685,0.1598997849863807,0.002155601289604971,0.0029914978294801045,0.0015217547908939776,0.0036809806372199347,0.0043761921415712375,0.0036675883157721973,0.00248401345816318,0.018848999174428664,0.012501547340946674,0.03048793354727801,0.21226282526035908,0.0038905424174137666,0.015375385509659568,0.011892189869520488,0.0032120242234805535,0.007841673599231274,0.003791226282545156,0.013668333190425389,0.003495025258966538,0.006335146869037571,0.014400910061731135,0.001741375119318418,0.009586666285200015,0.003756617685451358,0.011494242802549248,0.0013683763505593883,0.006753072360888999,0.004391081289631692,0.004010370719260472,0.0017244199201451953,0.009583427732957105,0.005057790850647521,0.00564013745339731,0.0010832977484159893,0.005646169227036896,0.0012437098307214191,0.006344178414439768,0.017957844381134742,0.020603263830429187,0.00415456282347498
0.027283664324609054,0.049674913804094625,0.0524159626810647,0.017128731291346646,0.05229398404287447,0.01573785639602878,0.03223396046121657,0.0058947650372142835,0.006050460968028089,0.0029774609186501897,0.003596491762692362,0.003915578635449866,0.004435259655459458,0.04799714427036719,0.012320355610979234,0.15877807223836976,0.002109985912295951,0.0024841992149843882,0.0015034300257730164,0.003306821060883974,0.0036555203033716444,0.003147878292854038,0.00196855517743396,0.020862065783364594,0.013015901045201358,0.02615863517471101,0.2293971793061107,0.0028866172495404375,0.01568319115744419,0.01322452072418365,0.003019992929377266,0.008809244899025242,0.0037302377309858374,0.011302581252781269,0.0035641661833487937,0.006157186134972888,0.012379907019832607,0.002787896819911158,0.009383536861545886,0.003385721751311459,0.011949442595528614,0.0019428087007958951,0.0063940577413295,0.004841648980056891,0.003974149215868898,0.0015432891671249302,0.007968747785053064,0.005536018178602127,0.005365032972220292,0.0010979045881817481,0.005264496347705021,0.0011818352176880985,0.005663566230798564,0.01449560087991512,0.020740931799785107,0.005380835489655508
0.026552995803547672,0.047495968957680525,0.059619261814476014,0.01655640483935599,0.05191278984557879,0.01543552731612962,0.032881334557426,0.005928178648716572,0.00556674035578768,0.0026858706279048964,0.0037382070197832496,0.003560791722595528,0.0033598945631252413,0.051282635589655894,0.010349556824327224,0.15712543299867232,0.0023103517298135624,0.002442603663907924,0.0014140016585016196,0.0031393037116103236,0.004175806217395339,0.003442331804397482,0.002909378630997729,0.018096512140930613,0.011876161835909255,0.03381390949567269,0.2201765613100271,0.002954461750849294,0.0143938880090512,0.011777097918572848,0.0031879098148411126,0.008558911533923914,0.003785987308870962,0.011899633145035832,0.003391902556788919,0.004592557879467278,0.013626187365814117,0.0017417651508568749,0.009788885156199752,0.0036266945425857235,0.012715672271818013,0.0013884155128046848,0.007756233605141328,0.004873533803240381,0.0043235239607795,0.0015366257240090663,0.008915593789463463,0.004710337889153228,0.005192202379503795,0.0010585723232437489,0.006305230905838237,0.0012276517147694892,0.005200995196268123,0.015508572702168365,0.024140404397455476,0.0039720380075583634
0.025707380462574873,0.04470238209289146,0.052392900961721035,0.01625813983908213,0.05830149433933154,0.015905868113332156,0.030753246128265452,0.0056167238128999155,0.00560672743644845,0.002999255176010694,0.0035637214705870617,0.003934002749038218,0.003969934143811489,0.05507102600359165,0.011861282753160899,0.1586453452775987,0.0021394355203372146,0.002970142826061654,0.0015680596989111424,0.0036462903628989955,0.003404964401005212,0.0035970523990538424,0.0030367155450238153,0.020891262586735005,0.011411033224227329,0.030053196623243506,0.2078107787190918,0.0033149804080971138,0.014104113403373088,0.017534245067088953,0.002838407978032044,0.008183711108959211,0.004318410470133076,0.015294839082166695,0.003582004969969458,0.005923137750785969,0.016163315160208132,0.0019235174622321155,0.009766953611078976,0.003690693545855555,0.012315096611881276,0.001330250657674384,0.006830097324497288,0.004944779670941376,0.004212518617132389,0.0017591758244321464,0.010042349938772543,0.005983453512302449,0.00536356399660271,0.001074067467588819,0.005310209729344137,0.001235732450636216,0.005704381160285283,0.017057779784294763,0.019698527887225738,0.0046813226814728815
0.0246882704910899,0.04440351099405172,0.05766238591131407,0.015844299194348984,0.056504304089282475,0.014997335872255272,0.03267269059134896,0.0049273390166730295,0.005600714997734086,0.002553823915674378,0.003708369850325517,0.0038206585965720684,0.0040958904310928615,0.051732679665202834,0.011852417389386284,0.1612622499762107,0.0019049376106433352,0.002454464018356729,0.0016589438715439906,0.0028032039234294486,0.003492945802163029,0.0033614078714061337,0.0031129867804377655,0.02222864012753072,0.011790823615394427,0.03131980865264407,0.21716993388197547,0.0032737657125973684,0.013240628686582455,0.015130187386147517,0.003430005136231907,0.008852843611300234,0.003801160316127954,0.01315912274502662,0.0035288884513531953,0.004362201399734821,0.014835772478263554,0.001825693135353683,0.009196062428729673,0.0028159410086208915,0.011518102145737511,0.0016210361661231985,0.006478917551711321,0.004667969595917166,0.004062249553492639,0.0017720251125856812,0.00796127149273559,0.005211270722335836,0.0061624250793440825,0.0013449669839594532,0.005437514511381139,9.814906278945905e-4,0.005611807717216357,0.015813710853901087,0.021699678817399346,0.004578253434106907
0.027655616523135484,0.044897416931012804,0.056283408904150574,0.016685304459132966,0.05484407482775419,0.01639194010296974,0.036940170831467584,0.005378918185257377,0.00540554331760453,0.0024613226051421484,0.0038498168796421263,0.0038530485342663508,0.003974468353252994,0.04857848936889785,0.01514118822411166,0.167384039971829,0.0020963425573344557,0.002657163050617369,0.002176635746499849,0.0033959114629588836,0.003120311954192127,0.003230262430476285,0.0026513038998368112,0.020313343193245077,0.012431251817105742,0.023865002075755513,0.20455511606904075,0.0032026016642655356,0.01519430418526687,0.01712035963789317,0.0030358526845838166,0.009135574053384412,0.003990373200479982,0.014077428964559656,0.0036683392485611795,0.005642965372482082,0.013770077157897097,0.0013434089721633196,0.00966097515037577,0.0034138061879261275,0.011616564347795254,0.00182974923670397,0.006627601129739701,0.004620900021871279,0.0041734670752843275,0.0016548218182576976,0.008463015698079559,0.005008682851385994,0.0050344940835934165,0.0013136023684051832,0.005239591669832016,9.851035431952834e-4,0.006616812828530064,0.016555746861816444,0.022194209043652786,0.004592158665327786
0.025323305294989787,0.04521268471108371,0.057629329789528165,0.015951423367107916,0.05640064562205094,0.015607218818574627,0.03325118040202834,0.00507429226298768,0.005233908006262941,0.0026415191594679212,0.004029651466313122,0.003640074027730871,0.00358213736481993,0.04740250510487728,0.01400968166210457,0.15501827840501825,0.0022840098260145086,0.002158599417301181,0.0016821130224837358,0.0035841306625119533,0.0037608576211192674,0.0038442547216530187,0.0025486548642810213,0.01825631752327725,0.013036846559856789,0.028233077695120724,0.21984714959006982,0.0034751641004105655,0.013270697072475596,0.01254728220530335,0.00257932021022759,0.008255558614895063,0.004364320582586519,0.013941896278906813,0.003873407096080013,0.005744633650256255,0.013845681124849993,0.0027748639124245546,0.010532703614069822,0.003208683083259407,0.01115436833100226,0.001415569767279879,0.007402442181002291,0.00459709220776107,0.003706796369397618,0.0016885514709510136,0.009155132083825361,0.004714579540209557,0.005930551420088264,0.0011013390055118106,0.005343250542881498,0.0012688821561870937,0.006023350820512804,0.01723233415618407,0.026796408243893507,0.004811293188931102
0.026862986798240975,0.0458761929165141,0.05442583094419619,0.016879228425181306,0.05930813876517883,0.01624795499526025,0.03361209792419063,0.005505796045226736,0.006130269774480368,0.0029199744451360804,0.0035884236590207255,0.004000663890919969,0.0041851866265437175,0.05113831857903841,0.01512023668030995,0.15297060532297643,0.002102907465148967,0.002716927250813149,0.0014918732100134644,0.0035192439904442297,0.0035775953276570615,0.003546532798416773,0.0025764325440119935,0.018030864708302972,0.012354716563992734,0.02773397723530896,0.2122133686180909,0.0036203341007806445,0.01495789612013968,0.013710940846017185,0.0027806897800839617,0.008839324814061059,0.003986325489629771,0.015723336979469194,0.0035336140496655226,0.005769498197430172,0.015354406438765551,0.0018332495349771528,0.008928785777797708,0.0035687402807596507,0.011966819036223571,0.0016845343567702526,0.006862022571912149,0.004910628691281508,0.004109303588586731,0.0018477293037003032,0.010280879596156194,0.005617243516673654,0.0047300006572583925,0.0010645931624570766,0.005511722902211407,0.001251897917804775,0.006910186474208918,0.016635092004193493,0.0205431008904643,0.004830757415904104
0.02645352832579201,0.04602209547657877,0.050762083469618725,0.016460322868585335,0.05430325321235913,0.016453224774974833,0.03393085048997282,0.004820894685495733,0.005132214763334476,0.0029733210411065545,0.003551203646201719,0.003786891746152597,0.004370031107857789,0.047618132555744604,0.011041444543770377,0.15633166995279288,0.0019391968608465458,0.0026530805528789956,0.0018515042453232686,0.0035547458759201444,0.003622936331841879,0.0031762131601647077,0.002555947441103564,0.01705855530422382,0.011024583792015433,0.03047703606910327,0.23103452266433738,0.0036792209873443443,0.013916900317679936,0.013372176726072866,0.0026681784688694092,0.009271900914382963,0.0032983467818130403,0.01595929100535088,0.0037363960912728863,0.005469272953942098,0.013583085946234101,0.0019084992047565866,0.009158166734487508,0.0033052619393666633,0.009063035464306288,0.0010269969325845758,0.007465695476598255,0.0040766629607145045,0.004281958140130563,0.001204106644059931,0.009087382599087679,0.005218116768674001,0.0058481853465187335,0.001097392698407207,0.006040316060087663,0.0011657453409734163,0.005918570773760326,0.017327022843167124,0.024758667051260917,0.004133961869998221
0.024909524014327927,0.04726320189098902,0.05393808596899355,0.016635328268755564,0.05198026189133882,0.01629621735394796,0.03421209499454301,0.00566692747224204,0.0053186998254842665,0.0032397434114236267,0.0037637161370812906,0.003916949576794175,0.004010478571515274,0.05140869380350305,0.011284373963331451,0.17873192027865933,0.0021593547823199636,0.00310405856118503,0.0017375031031221188,0.0033011397866508493,0.0033993637227672908,0.00346580911285235,0.0021811500247229183,0.01758859380610143,0.01157810087342116,0.025908445837563698,0.20882488819554146,0.0038338760895832917,0.015218877294691424,0.012544846529288254,0.0033982621447116125,0.0074249941443715484,0.003811183340366673,0.014606381240029657,0.0038050514970800215,0.005372804247288785,0.01417675265335098,0.0021576318148482545,0.008287630909856377,0.003190455126085505,0.011172828129273319,0.0013513246624338134,0.00738756690041885,0.004110146248263572,0.004218314523210572,0.0011385205054399153,0.008267859876936939,0.005155418607322639,0.005743159710557762,0.001153053958666459,0.005889147789572948,0.001193134229394538,0.005889491896605298,0.01446439621731932,0.024380894236706602,0.004831370247146423
0.025972838879992993,0.043657763851470785,0.0515299607711936,0.016001373908391084,0.0554952017966392,0.016193528109521006,0.03317025549939724,0.005558278533537851,0.0054445578473154696,0.0028414318982955497,0.004232530671801088,0.003749486659986975,0.00399411827771596,0.04777936112844728,0.0126357520618082,0.15794094235391737,0.0022345921888667786,0.0024957239926107796,0.0017872135072449279,0.003352217358543352,0.003979376363707644,0.0034720049826371994,0.002073198583463206,0.019975372991264118,0.01168073122163989,0.022831627568884218,0.23268481475712643,0.003995317817515857,0.015471815457227969,0.013035621524932867,0.0030473343595194633,0.008004316690014732,0.004205988333911684,0.014370569400151984,0.003614554194322055,0.005508188762947635,0.012660373542825714,0.0018323660332912307,0.00883214753667106,0.003329529265623266,0.011038454624726293,0.001209823203119827,0.00690099430261841,0.0046277636182710516,0.004481937264570896,0.0012438685695740984,0.009308788093119882,0.005138103722478213,0.005429788141093362,8.348023244570578e-4,0.006078776577379608,0.001198264627864085,0.0061117083342415975,0.017451393552163696,0.023447335135629275,0.004825819224316953
0.02611672819347782,0.04562564252933953,0.05728367637573305,0.0167130658732389,0.05601370036170717,0.015589342608073768,0.03508856727342482,0.0055312895430133366,0.006014860890642712,0.0030733906240346985,0.00329461075523959,0.0036123773062948926,0.004011788816194757,0.052278945697079006,0.013597066810620036,0.14323890816382961,0.0017567371033259665,0.002456299417167942,0.001729821565591145,0.0036308711585102873,0.0040021408765071155,0.0035432030273442666,0.002614887538964257,0.01613741722513392,0.011196522534740566,0.03101177915729731,0.230258848390981,0.003347977267516878,0.01273571248312467,0.013793210511707791,0.0031219681066705844,0.008152786050088937,0.0039226158663027795,0.014654376992304211,0.003531326422121354,0.006558777144975879,0.014028643302700209,0.0016318187354529578,0.009313381389812853,0.0032819993231328615,0.01128506958129477,0.0010178189986430036,0.006404259191481029,0.00478375920177997,0.0038837309105830154,0.001578726100044578,0.008952768898542173,0.005340381702898112,0.005203988869951435,0.001263034314642867,0.00542086913404979,0.0012268377730765346,0.005817130687075017,0.01736782113598093,0.02222944363911533,0.004727276447421984
0.023886283089876795,0.05009452281899602,0.04674267770599565,0.016237089534186327,0.05067052942715655,0.015497887564492198,0.033008580287084754,0.005609940355337376,0.005577396156404876,0.0027717786601439073,0.004004436766357737,0.00399249819774866,0.0036297413586367437,0.0513827476607453,0.012868937443837,0.15909462281149278,0.0021392167761896917,0.0022182715746880337,0.0018469642263271512,0.003415228462498305,0.0038160398844776576,0.003484324507832178,0.0019874028791923982,0.01930513643761447,0.01166357273330306,0.03164983516827901,0.22748589829491891,0.0030521461093554036,0.012302581018544237,0.0120687517588908,0.002763016297106218,0.009397294104171849,0.0034590461025914517,0.013547423866193403,0.0034984155452194897,0.004848053918506726,0.01551772319429464,0.0018638051541244073,0.010952413103360162,0.0032898261259738677,0.013018588693274795,0.0011945663139606533,0.005961944171025418,0.0046407803782082865,0.00396235071110052,0.0012446500580585932,0.009431645396752479,0.005285802572201444,0.0058650268891846866,9.892207660508114e-4,0.005142517082614363,0.0010487366171172854,0.0068089576446332895,0.016728651675295057,0.023222218666707636,0.004812285281668499
0.025881378922627457,0.04391593877743306,0.05929867822823111,0.017227055055974595,0.0536147989055215,0.01588441266169406,0.03523521293760914,0.005318781283847208,0.005661624624342583,0.002768841262205901,0.003191306680802684,0.0036413893355209024,0.003838158331298849,0.04463505372266955,0.013832482162794028,0.15841615093435923,0.002164274458798698,0.0023368705958576462,0.0017335262933547509,0.003636465344710453,0.0043368528631263295,0.003695790473994294,0.00278146370338169,0.02316645787334765,0.012107287745718799,0.034239469374738964,0.21804473307027933,0.0029886942629546755,0.013883752189730697,0.013191684235815402,0.0030991522317136417,0.008142439133120278,0.0039891378848673125,0.01232981527359949,0.003378432332062556,0.0052284825293169345,0.013546712252716106,0.0021180131237223563,0.008778043038314597,0.0032245814513515844,0.010352667057015342,0.0012392554523077666,0.006853121478729898,0.004542478528851366,0.0035590055321565815,0.001277581574436215,0.008109667552445654,0.004570945012620453,0.005716380630017415,0.0010295771502600258,0.00566423877475997,0.00133968859432994,0.0064051734066574596,0.015320932601919298,0.0245153880859752,0.005000503003991318
0.02739803114919745,0.04619401279211955,0.055606516347415896,0.01717611775624845,0.054702548620081545,0.015163323177700676,0.03342212865579093,0.00513584747523384,0.005516321046840011,0.0030498684688641496,0.0035401719695251576,0.004135315416194116,0.0038166629350297426,0.05153305654437071,0.015693981051965206,0.15874460305413107,0.0018429420703270157,0.0027508958484316268,0.0019300352877141668,0.003834201619967269,0.003808228310698865,0.0032481342846619955,0.0024297914531030075,0.018752765889327512,0.012700999752304815,0.032246533075668514,0.20917449360040424,0.0033206511614270067,0.016579001197619583,0.012446432298151396,0.002918627285611503,0.00800926832170041,0.0042020710315712065,0.012059703968011454,0.0038714531511633964,0.00619118503567821,0.014034994011787427,0.001970291591665798,0.010459152846625073,0.00337003837870657,0.010841542517608577,0.001617542378746796,0.006852790587162888,0.004848158815751114,0.0038148747604967656,0.0017818554197365334,0.009100670035483854,0.005848354878424354,0.005449359476230598,0.0010261093179980486,0.005467606510848878,0.0011591509008308614,0.005863080355200266,0.016279078704164156,0.021780924505191156,0.005288502903088521
0.025646201000278587,0.046900362137346746,0.05612834465247368,0.016896209829914487,0.05366450659684674,0.016900672865839985,0.0338515893669448,0.005662129558490624,0.005469858879924719,0.0028956639234541844,0.003714220651522266,0.003445970395748573,0.003946481905833586,0.05295064744191471,0.01349614103773421,0.1577766156924152,0.0022853804213054346,0.002505770575196402,0.0020591536147563975,0.0033746673255794866,0.003826511901359384,0.0031119154300073277,0.00300795582208436,0.017141790751306868,0.01091100487664655,0.0315311337695241,0.20967148320100643,0.0032298393891785383,0.01550451816132584,0.01473588693163757,0.0031688662862178404,0.007942795173629636,0.0031827107070047924,0.015022788957943133,0.003948693189425564,0.0056571131359171535,0.01394121771532121,0.001955595671403133,0.010439131186347223,0.003387235366328268,0.012703567444059385,0.0015615567107289882,0.006854538323915609,0.004495192918715667,0.00395047612056171,0.001539068743269967,0.00924350620835987,0.005045223861738138,0.005610452934240295,6.530515970852501e-4,0.005985902802397198,0.001119412868893302,0.006356950003277891,0.014968186629004196,0.024161166812921655,0.00486297052369512
0.02486870673188986,0.044850917677569,0.05040272934231122,0.015662323716763828,0.05546795559096654,0.01592682434985696,0.03385173829849909,0.006070560178470507,0.005828484775372268,0.003069115421140998,0.0031943701119466644,0.004079562993657205,0.0037726342048049347,0.049266037523659746,0.010009976163759452,0.15460006298069753,0.0020104115263310765,0.002483978767968528,0.0016751232471762074,0.0036852714188987147,0.003542351543788722,0.003470889678093387,0.0025001321149470987,0.021862004940664256,0.011750121530767838,0.0318170780799723,0.2344720448535224,0.00363232142658246,0.015402513755394944,0.01298419442192368,0.0028647083224443383,0.007758292996624735,0.0038548954790468743,0.011819316763204208,0.0037962883498156067,0.005626652634261944,0.012837109235088065,0.0022129390909929095,0.0087217099479936,0.0036005574204243285,0.011838737596118924,0.0013853151850372835,0.007210492346073738,0.004308830585766202,0.004073895057739285,0.001896130338211835,0.010647208011046579,0.005182583097298811,0.005806504690084686,0.0010971421075069035,0.0056029755526107875,9.386589119244388e-4,0.00530737191195375,0.01459239196788518,0.020614638020299624,0.004194217013147891
0.02525928175674561,0.04888526738161063,0.055553301187687726,0.016979400447846647,0.055241949421279975,0.015390889874415949,0.034821047629773894,0.005183550823689709,0.005689047620462159,0.002466635766714407,0.0037391840689646356,0.0038998360843740675,0.004144289391937452,0.05677121731696459,0.014072883298830061,0.1527640075022102,0.0020807941141317734,0.0027245879981274944,0.0012304164356400494,0.003454784801359047,0.0037559609432201175,0.0035849699296689325,0.002847942989784111,0.02085080801353621,0.010296686305308668,0.03171476263726665,0.2074627811239165,0.003636612934023248,0.013622954143126679,0.01309937715815248,0.00281022635015134,0.008970629143722686,0.003492223661047787,0.01495888486275129,0.0035265008607999163,0.0054734108988719376,0.014808134579848024,0.0018914307906416259,0.0093926644864442,0.0028471800628628867,0.012719875398648873,0.0014822538300150454,0.0074816141097102705,0.004469482379378661,0.003891973344070917,0.0017346947143982692,0.008574656145442337,0.005000388539823603,0.006002491118336602,9.179593182292448e-4,0.006034139795145274,0.0012311422443281098,0.006342697318020059,0.016909054346562865,0.023604643582221942,0.004206419017756546
0.02674876542781788,0.04542591205902874,0.05304618056050131,0.01616947959065532,0.05452189935300519,0.015747685531315173,0.036424896324503346,0.006217624364464292,0.00555199150224598,0.0028933383231062385,0.003430806844588134,0.003650791230379022,0.0037156332292375294,0.0516505050032806,0.015368489366047728,0.16812816566076713,0.0020731245558149405,0.002588927546356203,0.0017623035864085946,0.003891862166301754,0.003821369466193572,0.0030324326801655726,0.002373565099144492,0.01949886844527469,0.012252236935357732,0.027924818165043625,0.21130934666802212,0.003488773205837207,0.014242488204819178,0.013361393863633992,0.0030618558994195133,0.00950621235759571,0.003521214701423436,0.012015092674142518,0.003595734867152003,0.004725245485333012,0.013186593675311477,0.0017799653963855428,0.009688377686880481,0.0036469590431269495,0.010868782723387241,0.001180511069893304,0.006819724308437076,0.00431604720064749,0.0043354099848860695,0.0017258749378999886,0.007457809775263419,0.004831412723485491,0.004826101493040252,0.0012100146825573452,0.00599157542142539,0.0012614195939890092,0.005442843531178502,0.015426990154418964,0.02435762486121845,0.00490693079218404
0.02599681742662321,0.043025332268218947,0.048655641945494904,0.015874337909564364,0.056209513206326465,0.015596347778023293,0.033637312527798835,0.0056892325567326815,0.00614541386143839,0.00259561474735443,0.0037521214210346175,0.004100495347952895,0.003861916795507295,0.05606698303642287,0.01239919829619967,0.16596887129466406,0.0020064729702934264,0.0032052807803125585,0.0014956275552048851,0.00349687783503993,0.0037752876764670365,0.003342386929145112,0.002923767511484308,0.020822832621683267,0.011110586304568655,0.034348720320968924,0.20561897812705698,0.0036832597408610374,0.011241730478110942,0.013547187193126975,0.002743904538196569,0.006953269185856547,0.0035803585645258055,0.014945869709650233,0.0034957505946498096,0.0064872052487545155,0.014046658579085046,0.001886540155571756,0.009935289137022546,0.003039374299029899,0.01078881757827446,0.0014798067682095012,0.006801328291780815,0.00456305276916705,0.0040580273272445445,0.001581540471455107,0.009640167159616311,0.005276477540282911,0.0062817729319927604,9.929086872401455e-4,0.00641940787188203,0.001161530240015617,0.005032665381383426,0.015355265682759127,0.0282387048276736,0.005020159994998855
