i2_health,age,household_size,cantril_ladder,r1_1,r1_2,week_number,hl_covid_num,vl_num,region_Islands,region_North east,region_North west,region_South,gender_Male,i9_health_Not sure,i9_health_Yes,employment_status_Full time student,employment_status_Not working,employment_status_Other,employment_status_Part time employment,employment_status_Retired,employment_status_Unemployed,i11_health_Not sure,i11_health_Somewhat unwilling,i11_health_Somewhat willing,i11_health_Very unwilling,i11_health_Very willing,WCRex1_Somewhat badly,WCRex1_Somewhat well,WCRex1_Very badly,WCRex1_Very well,WCRex2_A lot of confidence,WCRex2_Don't know,WCRex2_No confidence at all,WCRex2_Not very much confidence,PHQ4_1_Nearly every day,PHQ4_1_Not at all,PHQ4_1_Prefer not to say,PHQ4_1_Several days,PHQ4_2_Nearly every day,PHQ4_2_Not at all,PHQ4_2_Prefer not to say,PHQ4_2_Several days,PHQ4_3_Nearly every day,PHQ4_3_Not at all,PHQ4_3_Prefer not to say,PHQ4_3_Several days,PHQ4_4_Nearly every day,PHQ4_4_Not at all,PHQ4_4_Prefer not to say,PHQ4_4_Several days,d1_comorbidities_Prefer_not_to_say,d1_comorbidities_Yes,vaccination_status_1,vaccination_status_2,vaccination_status_3
0.02660598826830979,0.04842765263450955,0.05654763665857027,0.015378935143106256,0.052204156948687706,0.01581121249157219,0.033922376553137075,0.006481251296741504,0.005907581175873947,0.0028278365647741582,0.0038545974116850554,0.003791125974551504,0.004365843086842418,0.053580090970315075,0.013613417317392547,0.1565921890791838,0.00221866159314391,0.0026905311186671424,0.0017373239110361827,0.003260454545238872,0.003829394693140903,0.0035807423012123615,0.0023116555877940375,0.016567406210653047,0.01198212203390346,0.028200119517154877,0.22545352188923196,0.003391023712611612,0.013846599014328536,0.014466671623478623,0.002507154508393891,0.007675764249291353,0.003992062095410165,0.010707571435383017,0.003935205014736663,0.005076921482116786,0.01263823976160913,0.0022395904236369064,0.00967286523690404,0.002757573416025682,0.01225808471225262,0.001170652012582349,0.006446894037378994,0.004159251899137246,0.004338980207232452,0.0013415870458020887,0.00912249865975347,0.004871710983550984,0.005935209386204775,0.0011358697340121354,0.005904916353888532,0.0011715258430557757,0.005590109772207024,0.014916668152417975,0.02250950762302804,0.0044754666271395165
0.02570019949886393,0.048694744152096424,0.05724821685916218,0.01615183499650365,0.05542575514049966,0.014995566428740698,0.03171940324292766,0.005524074212065633,0.006692370956925054,0.002865279435254987,0.00327391004058543,0.0041987540738005445,0.0036476076374045655,0.051757750519063984,0.014960341711164258,0.1555566220748158,0.0018746672483542332,0.002538264475539527,0.0015286733182261862,0.0034192029449719025,0.003425517660585503,0.003081626638199675,0.002868492980929797,0.019921517215229133,0.012642866523890425,0.030726617983206948,0.21974100177201797,0.0034882055063884285,0.014606000863890582,0.012231770104064094,0.002936339974037038,0.00846565055360822,0.0034329126626708177,0.013517233026788108,0.0036109316815558885,0.006777953469980203,0.013906735791471886,0.0021103942134583892,0.008606942306255923,0.0034320475233265008,0.01184629676840904,0.002146001924288596,0.006667889899118061,0.004953367552062958,0.0039343789312052116,0.0018119758414126392,0.00873229761101566,0.004862981966730043,0.00525778660465129,0.0010324685645115355,0.004965496813576359,9.70388913694751e-4,0.006247491093023306,0.013764120327056154,0.020667665732897127,0.004835394037825422
0.024793278178290606,0.0468915383923146,0.05464557211862686,0.01634532948960759,0.05463555762786211,0.015991912020882487,0.032770035434092674,0.006037017106296024,0.0063751822981722205,0.002550745805708817,0.0033517993359135747,0.003417712817483552,0.0037158785060921085,0.05209937349007147,0.014497134141128255,0.16080325514305974,0.0019891790936920274,0.002650547578520885,0.0017582115070933582,0.0035778536542714753,0.0034494772364214716,0.0036049118775991194,0.0030780570704791285,0.018722645189385313,0.01112907829629699,0.029027572519616646,0.21732458367656596,0.0037715296512349774,0.011490194559091971,0.015352554904151048,0.0029593484264830916,0.008706219984159028,0.004789056635882916,0.01569742127742112,0.0037989804143120647,0.005553092860886982,0.01612544796033217,0.0019135441382568778,0.008813582526141615,0.0034952690560591175,0.01236981684412467,0.0013292758500859341,0.006587685102600061,0.0040471854522550425,0.003885016477250544,0.0013870925078642228,0.00805924784368236,0.005781423695299371,0.005557888306590637,9.454817251280974e-4,0.005299883607400008,0.001160733759420534,0.005765269573482022,0.01428841823247156,0.021465513058289074,0.004370385964097892
0.02629861621956636,0.04487043999666928,0.05227711944483418,0.01613811777383036,0.06429569568102685,0.015670972367152626,0.03227404975029917,0.006658193253609198,0.006220939536457524,0.00263097148496974,0.003802563422993784,0.0037496655231869505,0.003997811051596287,0.04632058586243871,0.015000718491127767,0.15540693762916966,0.0018378658673704063,0.00261457414011763,0.001631413983794542,0.003522026789172417,0.0032542763038718573,0.0037026654623326925,0.002658832430451282,0.020292564334593182,0.011142047182613943,0.027173917930237126,0.22640138124227555,0.0038265635195612407,0.014167471807499107,0.012025386778004998,0.0029091517367539296,0.008618765601317654,0.0029660139234373934,0.013490690434312395,0.003801332442646499,0.005636447771696757,0.013360175388982105,0.0019861243304915115,0.008768321705111716,0.0033028362618587486,0.012382611052404312,0.0013680884985643605,0.007007569465975426,0.00415458040544557,0.00406817148246575,0.001119152635908869,0.008636878594475695,0.004667462781837796,0.005024488788875471,9.836832524185645e-4,0.006190732133459592,0.0010347287259086615,0.006260388285627224,0.017149069416533373,0.020759683056696517,0.0044884665659697415
0.02505329244019987,0.04552324914369057,0.051697251841994696,0.016034114951072702,0.057680855657501855,0.01576786491327655,0.03292574661569096,0.006053076885847556,0.0061611565409190085,0.0026640310897513447,0.003602448613019263,0.0034771783007568773,0.0037950607498530536,0.05023168133676718,0.01359369960808401,0.15183100480046646,0.002044421530455162,0.00252978545828825,0.0018108726922385807,0.003839868256904319,0.0035347614511504763,0.003123794357856737,0.0029679459497235832,0.020065075639393325,0.012227798526624175,0.02671973326416378,0.2387136702653294,0.002893889772503498,0.013489107563144413,0.012892427865089111,0.0031270068827563982,0.008810995871467732,0.0040412028300331505,0.011906509307694409,0.003675212499091448,0.004531025023408026,0.014724585652367736,0.00258026202275181,0.009035160474274622,0.0032440522236742253,0.012468153542707841,0.0015217013388255866,0.006073256261082446,0.003997591917968263,0.004134672883111291,0.0017450775131474723,0.009294661863883825,0.004411770883248373,0.005165072759559683,0.001309945482334823,0.005463595908932546,0.0010447452013190757,0.0054523475208385856,0.015396350233205671,0.019503463408945428,0.004396714411612798
0.024706875906532318,0.05047694405081512,0.052251636277297606,0.016364250771420275,0.05405836397983079,0.015797659335483858,0.03492207931215828,0.0066943544787515605,0.005893225808802226,0.002916033872006735,0.0033991628649634267,0.0035191276128183195,0.004064686665202679,0.04673368469955727,0.012201313552759213,0.15003222609262387,0.002161369693514249,0.0027231462920179255,0.0017032459812256846,0.0029573579045774133,0.0035604403008205284,0.003466529351719983,0.002530039024207182,0.01855954887558256,0.012575411218829652,0.026322071868832835,0.24392923465346747,0.003364032590820733,0.013744518373652594,0.011386034938628666,0.002860590459964466,0.009292322543415343,0.004296091662154291,0.010531147786493696,0.003426940996374049,0.0049764218715861374,0.01341434707353068,0.0022962978630886952,0.009248100969352446,0.003338623689703983,0.01239173091631381,0.001320839876478053,0.0066592478620318375,0.004610703215862195,0.003943839752949132,0.0014536208253778133,0.006896790221137755,0.005882594759058334,0.005316072573192925,0.0012003483593601056,0.005685743621978633,0.0011765150451162596,0.005453266806755506,0.013684108885782883,0.022102557353361463,0.005526528660658483
0.0265762566634644,0.0435354194632723,0.05305246453704667,0.01570583168278446,0.05338756428675425,0.016318357114989357,0.03265515610836353,0.006216587621223751,0.0064600365805792615,0.002975499849696666,0.0037657087516911663,0.003527491327993587,0.003944456721919791,0.051480199610410476,0.014689492546757882,0.1548057679212918,0.0020381796460380063,0.0025861976864751147,0.001633506684720146,0.0035766072603368457,0.0032195850757865143,0.0034651511141739915,0.0024216485459726067,0.019708229849669984,0.011661116309666118,0.02986711892120676,0.22872349156288505,0.003854724483623916,0.015132691259702789,0.011850736133470688,0.002585007679040239,0.00838254627317105,0.004079307835464867,0.01554563483779927,0.0032628320595761455,0.005311707159861372,0.013162779041952554,0.0017599667080660437,0.009179111323879368,0.0027907261570288065,0.011024893387564957,0.0011234438505364941,0.006484466753200661,0.004282652598845071,0.00441814123945773,0.0013254277088343605,0.009998245096657716,0.004738232337963308,0.005261288699479127,9.367678238426904e-4,0.005307727366722027,0.0010978347320456758,0.006020783216934903,0.014507268673143217,0.024194089155576286,0.004383842961388176
0.025658300768391703,0.046197521909353646,0.05552370345489857,0.01663662180552224,0.05669236454503812,0.015289603317103764,0.03271086278216361,0.006048048949598515,0.006442724817049897,0.0029753146707305915,0.0034328593858846323,0.003839970469399396,0.003915584377821744,0.04717446189107095,0.01405686369996,0.14803610061710284,0.002021210368450145,0.0033917437849026325,0.0015425441372124713,0.0031521294122427907,0.003691738150066381,0.0036316737777545025,0.0019174636563101181,0.015302034318083661,0.011280642976439919,0.031927303427842946,0.23097424904385658,0.003155480484757978,0.012968434838305086,0.015594431413230674,0.0035343906858321837,0.007908843264802236,0.004093824364470766,0.014974340530594479,0.0035685484505463476,0.0053346910782981465,0.012742598676978209,0.001776679886037715,0.008899516803479494,0.003279711458205292,0.012179652333783871,0.001483130966303905,0.008178264668481594,0.004429602634609654,0.0036493222782985977,0.0014681953782663354,0.00925665686182142,0.005357032714022244,0.005643107452844098,0.001026925252176014,0.005491243008212006,0.0010957671447953906,0.0054446038183501595,0.016987085702420697,0.02284924921203347,0.004165028123789563
0.026694301615306688,0.047008683156079895,0.05474573703794896,0.015768747695603345,0.05786468286748594,0.015747222026313446,0.031674316841539416,0.006521246139557902,0.006253179249850492,0.0026169371974931665,0.004162760973067608,0.003463725423760365,0.004058824836833971,0.04644987060122593,0.015054330726070419,0.14869451644485832,0.002088839805562155,0.002521130953705878,0.0016318879060078096,0.0032550163192380326,0.0036290628333355834,0.003048764767975598,0.0031189865628974004,0.020473769848837586,0.01165820033980097,0.031230334521313595,0.22915697557364095,0.0037263164971554573,0.011797564044063019,0.01313027846846917,0.002908708808234788,0.008426531909213416,0.003368940952184991,0.015148097220487659,0.003610289241242742,0.005266526470769947,0.014252789477573165,0.0019162434257147126,0.0095193435800441,0.0033885947717339506,0.011596186157205033,0.001284164051661043,0.007053348423454465,0.005275615736608973,0.00406743130914335,0.001334729833551898,0.008135498641215268,0.005059391960501369,0.005205819923524491,0.001048237508633561,0.005314930643264591,0.0011533847605722455,0.006251655018757587,0.016242675603000963,0.02119133139335003,0.004733321903356526
0.026978044126706485,0.045029072874103945,0.056429653706433144,0.015519451741556273,0.05980528619948627,0.01431214894247542,0.03429288922615051,0.006227179307293687,0.006665357895938995,0.0028086510645615667,0.0037976170445565083,0.003634282923288109,0.0039189638432814335,0.04424919136666501,0.013116050693501122,0.16159862023724608,0.0019712317614814815,0.0028349814381848706,0.0019337022214437746,0.0037362114360111926,0.0038830377813172923,0.0029564928287633073,0.0027029234943683786,0.017686724365416333,0.012240636968164118,0.03252998281549706,0.22192410350489936,0.0037885880301990575,0.010526521391212702,0.011349260526514644,0.002840858742835949,0.008786559871799486,0.0031632953309030727,0.012313511134087254,0.003214770581148549,0.006001108445077038,0.012720574029973591,0.0025476864895481797,0.0105518106034814,0.003055429645968948,0.011590627464054563,0.0016028001258296721,0.006115311087907835,0.004053344472319139,0.003558103843337086,0.001285879806806977,0.008253450534213112,0.0049678454892610364,0.005312610895163561,0.0010125444673593064,0.005588981324644813,0.0010789513201926201,0.006093894190481315,0.01433684353768736,0.026722025963763097,0.00478432084543694
0.02580772567746576,0.045122442362920095,0.05426291778246798,0.015767586958142323,0.056562211456449595,0.01449700523050665,0.03308396358634122,0.006466015229404111,0.005935120030413597,0.0026845557968373616,0.002945407876517767,0.003894597019707359,0.003625523786073063,0.048748832964971185,0.01163233204372822,0.16669052964760211,0.0019858029123384874,0.002862462899485676,0.002052564731208202,0.0035402278826909958,0.0036513547068541805,0.0033719421000476526,0.0026529700783177487,0.01925296185126687,0.011405626948045606,0.02846079544018249,0.21953031322096594,0.0035013723853179043,0.012883382526999235,0.01314774819755512,0.0027238649739236985,0.007958481475586612,0.003881183487079532,0.013610446049825335,0.002908969561211635,0.005285272791959991,0.013564591945457956,0.0022064993029627788,0.008500121673738351,0.003123513924529015,0.011991622254003931,0.001856996238948599,0.006942838757761435,0.004548773893273404,0.004605674136097068,0.0017089677661750137,0.008925181616879524,0.005436099132450661,0.005499330948323049,0.0011578042609506239,0.005481093032251768,0.0011432866027334917,0.005723136082082002,0.014913840134423656,0.02509366556916887,0.005182451057377419
0.02553087264301055,0.045648656138389136,0.050698904423672815,0.016734979481877084,0.06458844328373652,0.015108993637282039,0.03254805066458577,0.006352991283404068,0.006519030745270519,0.0029698923849791814,0.00361013919700544,0.003464800735774698,0.0036555350738759775,0.046869891238728964,0.016278452402903144,0.1567421580870909,0.0020965481976076205,0.0028859400528787427,0.0020593049558409243,0.002925885413237537,0.003292592670281249,0.0029498288972797746,0.0028569954561620307,0.0169600963499978,0.0116955721719411,0.030816974251293615,0.21528529790134207,0.003303065177966643,0.012325401097693018,0.013631409658066732,0.002623824040454425,0.008260550321005962,0.004020047329856481,0.012735483146852073,0.003571013303690075,0.006231460602353647,0.014569241841910392,0.001958705993958807,0.009343289531883327,0.003813232668020014,0.013391715512207115,0.0013437581513709787,0.006116293390844469,0.004469254763297231,0.0037259176417159205,0.0017372294548535334,0.009106662996157021,0.005481360020263412,0.005447277166490602,0.0013453519630387274,0.005184441769917611,0.0013092686131240623,0.005896668264141579,0.015873023937214802,0.027586909501848864,0.004451314400353162
0.023998432685930063,0.046719905186097276,0.050103464365653605,0.016792575070118977,0.05589432083008218,0.016018750660184596,0.03188721976856547,0.00706617442738144,0.006873810773592657,0.0032060717974797164,0.003537633928865167,0.0037770978359363944,0.004019129876394386,0.050327547397098486,0.0129191365239956,0.15821788845480803,0.0019246701392857076,0.0028464128537801364,0.001597545008462116,0.003293151895836892,0.003852475531235491,0.003592659288054262,0.001978164164712705,0.02063950318871291,0.012491316041312442,0.03216200995349711,0.22843681672026664,0.003622437071346076,0.012243934302199055,0.011516618510714298,0.0031560207388121216,0.00796212520314375,0.003643516019501952,0.013066015670744674,0.0036608901026259173,0.005689046910770691,0.012487582996961734,0.0017729536073653692,0.008868742492438337,0.0033588758522875035,0.011446438046814533,0.0011470527178367182,0.007024026547684383,0.0047791283628008975,0.0037691524070881492,0.0017060329760990203,0.008517317570126352,0.004961779334512667,0.005418437515712481,0.0012134760940092622,0.00600226340307978,0.0010129840234080374,0.0062096561060905435,0.01390840577653289,0.02261369515242527,0.0050475101195270895
0.025283108034000835,0.04601212490619713,0.05103532250916661,0.016137499694331724,0.05864156989909026,0.015986225800234052,0.032465324232183644,0.006632214203773288,0.006189600439165941,0.002856019825567602,0.0034363963880680373,0.004233300975971278,0.00410841517078236,0.04807954794829849,0.013673846872617091,0.15730880514089407,0.0022041191972979697,0.002636629131288682,0.0020035038136704854,0.0035397780206083383,0.0035719689997082793,0.003017363949750982,0.002564916271385507,0.02328983335330003,0.010259119730185897,0.0314168147410439,0.22376282533447828,0.0036699276653782372,0.015097807782803051,0.0118872280490871,0.0032664046399311763,0.006895668412937244,0.0037906289895490264,0.013837237564068799,0.0038449730321880897,0.00579482499262005,0.01418475267683977,0.0016077731418177711,0.010189162502870696,0.0036884177777511485,0.01074124773601353,0.0010744978098077185,0.005876232575115256,0.004192087467824629,0.00428580243833845,0.0011791230838025801,0.00824539144552079,0.005133438341157913,0.0060449102336197595,8.333201406167813e-4,0.005722895749147645,0.001149607936652479,0.00567424502753119,0.015497224569887433,0.021435888311934832,0.00481308532212612
0.02518277899266891,0.045374691322121796,0.05004024195313472,0.015255461348507506,0.05540455709996458,0.015325824547983835,0.034703317488526925,0.005948548301790228,0.0063386675804678605,0.002819772060510644,0.0040457320512407545,0.0037284956215819513,0.0038445361005512283,0.05023224009579012,0.01242309956350503,0.16151627283984182,0.0017533873632426982,0.002906518593426902,0.001828617733091003,0.004071100650157912,0.0036090693466033566,0.0034558036718208957,0.001987759026798991,0.018394788557822794,0.012976179690387384,0.025389008269044486,0.22758842610001823,0.0035579367228986882,0.014487007618823437,0.01388198028687295,0.002958425587762748,0.00924554718087382,0.003625369485351792,0.014363559851712008,0.0034498246804440563,0.005647432530250917,0.011644071230730942,0.0025968085705088922,0.010247488535430917,0.0029811576726577684,0.013403149657517042,0.0014871333103598419,0.007103626500846285,0.004137378549209863,0.004064513246211009,0.0012565582636846122,0.00866562713028652,0.004906766023902881,0.005193301340249106,0.001073243667914215,0.005828583953413199,0.0011310790624492028,0.005576708411597744,0.013372483641901705,0.023315798033851688,0.0046525432816835865
0.0259865496733645,0.04837150033816906,0.057100083713287515,0.015883283618301273,0.05262701181636201,0.015870030393107793,0.0338742336676933,0.0065300097728795865,0.006932227030436303,0.003068483252345156,0.0033233622813759692,0.003714963137884623,0.003685744118115453,0.049748398420759427,0.011793666709543132,0.15774702076795585,0.0020467852479240586,0.0031356561365808336,0.001606238059294154,0.0032940950046574345,0.00374222341979251,0.00336836774512841,0.0024897451538694,0.01912587966697927,0.010326863725326702,0.027004896076113494,0.2231346860161699,0.0032348500360006166,0.011630429487878142,0.01600140008976545,0.0032563513476928123,0.007386205973357429,0.0031096905518979536,0.013787980135608826,0.0034827271443151554,0.005843541563782569,0.014106567365010187,0.0020641140509420073,0.009502925587232385,0.0034570447935567466,0.010622166405879215,0.0011697330298895989,0.007623362080631538,0.004903846052199197,0.004118162158032179,0.0017777185660590856,0.008338416339386473,0.005604922090756549,0.005990811303642491,9.547622156455156e-4,0.005997527271273291,0.0011698479425222411,0.0059715203724176776,0.016516415058615647,0.022107032188597678,0.004737923833994196
0.028073098055817043,0.04891464196375124,0.048625098608567986,0.01633568688067893,0.05697443763746319,0.015575265325225915,0.03391179346556207,0.00616282685449707,0.006756367843266755,0.003035872612910519,0.0034477324763345835,0.003914903997933417,0.0038619429130953378,0.05322877688515174,0.011698294726677914,0.15583943008770168,0.001822524704122678,0.002533454068001922,0.0013816768969472117,0.003138496825517885,0.0038310255250104354,0.003154805993197394,0.00301610817441135,0.018768160925542388,0.0150538308547139,0.030449396750515546,0.21415432012783608,0.00327639856173838,0.015558211435192912,0.014347727877106592,0.0034190294578876693,0.007141803302028339,0.0036559934783992067,0.012583967661715347,0.003603241816755605,0.005568680818034875,0.013848011449798924,0.0018862558507941024,0.009641695596793296,0.003804793960169162,0.0105361692050734,0.0013677980714099352,0.006618755801432877,0.004166501211683037,0.0038864292600303166,0.0010989589447134129,0.008472160766217898,0.005102544759419064,0.005825522207606761,0.0010585893541444375,0.0057157162401066395,0.001106991258640091,0.005985483554054421,0.016656667541489794,0.025341410202794762,0.0050645191743166045
0.025205749757298706,0.046046320448637934,0.05107965540370123,0.017258018869432165,0.05397159001164377,0.015393486072653435,0.030770831353207448,0.006329919069265781,0.006402909099818753,0.0031867749844478772,0.003924105573522502,0.003977084754549045,0.0038519794258633374,0.04785553358408988,0.012433719773428003,0.16596501961410312,0.001857729449210097,0.002604670208596917,0.0016662652972117605,0.003706874791650099,0.0036311410193229864,0.0030373599971097055,0.002428075964915777,0.017557289401997644,0.012922092333638615,0.02537283904964402,0.22632510693081048,0.0034605193708393002,0.013322705738918306,0.014136260098017668,0.0028440067821322848,0.00781130439701146,0.003717865273335873,0.01496573594775105,0.003977601707958406,0.006049776233950382,0.014456647305501285,0.001697016632422768,0.008597816996281368,0.003600173043646249,0.011316776027440667,0.0013761080065529622,0.006963151974823941,0.004659093348024915,0.003975429173394942,0.0013421392714704605,0.008552046654603539,0.005724027484676204,0.005474745795374773,0.0013839487542538994,0.005185855004124676,0.0011552410991634407,0.005285143978919742,0.016583302602034073,0.022936378700258407,0.004687040357345818
0.027049509189443217,0.04628550305491085,0.048703010428234,0.016899643811030162,0.053712158642112935,0.015334924527511102,0.03294643457319772,0.00620924381374537,0.006767859862227357,0.0028378296500766883,0.0038293647370734657,0.0031614275752501132,0.003787974904592336,0.05019184639098301,0.013334149581576749,0.15483045805900617,0.0022544429581069013,0.002653473136975668,0.001591529117289749,0.0034091856047434917,0.0037212517815379625,0.003936137389575436,0.0030765080222434674,0.020785290592671854,0.01245239721542521,0.03042090245887335,0.22671577022112566,0.0034641505383766064,0.01448781516853017,0.014181433990989855,0.0033149475175238007,0.0074566349866148985,0.004171041680546683,0.013812745553087188,0.0034787304040465664,0.0051141351910428704,0.013845271708039434,0.0024685060605591667,0.00827780520984768,0.0030081310231260053,0.011650105075089174,0.001095758732974004,0.006361610527341314,0.004648215881431288,0.003845780830764953,0.0013795366376197526,0.009466679370670202,0.004676538501402726,0.005783317827848251,0.0011651188300557615,0.005680763219454471,0.0010188549202637925,0.006195799619120763,0.0144878123278786,0.0233542263256693,0.005210305040544718
0.026446018773794586,0.04753665083156232,0.04927367570540402,0.016455274074913546,0.05099334082338714,0.014759384980431455,0.032236101887531864,0.006193126743343774,0.005745682909797771,0.003121664672066897,0.0037333477181637834,0.0038142258350574187,0.004020489352514517,0.050871596728161224,0.013795978064964451,0.1705389548916648,0.0018980532982312386,0.002815914789419766,0.0017552388130525874,0.003404188893751427,0.003885652121153844,0.00325308808049691,0.0023330148050576026,0.017463218293179473,0.011972391674274054,0.029965459317772874,0.2175764174045467,0.0034445621078334813,0.013671196021249547,0.011539914019138578,0.0032374742524496876,0.008127604524192152,0.003528529708291424,0.01239049531554865,0.003331370254409045,0.0053020630050636805,0.014800632823608176,0.002503145664384899,0.00932371827792808,0.0033154840068654206,0.011524874582544165,0.0015977537001242161,0.007622700102189878,0.004220524464487805,0.003758685707770543,0.0019727448482800623,0.008683206720338031,0.005729352900851543,0.006394598188079167,0.0012882927867244513,0.005029181112693118,0.0010406682711685711,0.0055074924794661275,0.0170335687137786,0.023279208906834322,0.0049428050500105875
0.02656243520563548,0.04383803965091618,0.048405685394052655,0.016691382696541645,0.05547471446677721,0.014029478274385993,0.03222737633435186,0.006549515605784159,0.005714434918250051,0.002754472504542871,0.0030564854097829435,0.004514663021135833,0.0038504933091538973,0.050407984032276434,0.01398565878627453,0.15708278265068568,0.002310234056178757,0.002989547631897652,0.0018871719825339468,0.0034529552904750986,0.0036081180642146445,0.0032894640553850834,0.002731851254772572,0.02022603927299584,0.011315420288805833,0.030157744435572495,0.22347382359639212,0.003454816158905473,0.015587063729940204,0.014099622231513216,0.0027206924527328827,0.008808398209522488,0.0034968947276803495,0.012238550566966057,0.003957592644376937,0.005742637347169092,0.0170326534622308,0.0017746411680568625,0.010564379746734019,0.003570166223939823,0.01363798886779137,0.0011070227984473029,0.0071917110689717805,0.004439327546397541,0.004173074314429776,0.0014669315215276118,0.008785454110565432,0.005001412317387454,0.005571344866995765,0.0011151921222436617,0.006279318139887371,0.0012910976378083887,0.005323719765630191,0.01657303421854095,0.020006095502515153,0.004401194341320634
0.026100545455071542,0.04847857384987597,0.04861977234406758,0.015943204079228362,0.05889651812967092,0.015353492715574797,0.033834563542181416,0.006059227810237295,0.0066419072929037115,0.0027144807229488054,0.0035559324087556794,0.003390418409875487,0.003939347465774669,0.05355827927589626,0.014977141943807467,0.1591868022344221,0.001902488701812241,0.002724956830662165,0.0018089357732826094,0.003566616626655121,0.003902041085579457,0.0032060873972606092,0.003015505349254398,0.018596142985450235,0.011950870901909603,0.03298927029663544,0.20795012534750865,0.00397674749852407,0.015064745294346555,0.013907839735053822,0.0030563656510330687,0.008236592768490278,0.0038816101561450667,0.015383068732582097,0.0031509302741427095,0.005445673979332401,0.014234351305024665,0.0019269226575923735,0.010322543579318859,0.0034759055913917746,0.0110534094275407,0.0014524684710078787,0.006918943004835133,0.004140619441178763,0.004141675262328596,0.0014225106038722138,0.008847575140907692,0.005155220469572771,0.006092147658991166,0.001187948453375712,0.005990140747146245,0.0012139492530351414,0.005813240770723706,0.013277308352554106,0.023448097740804842,0.004918199002844945
0.02625821803350194,0.047490472786328494,0.05107642136714547,0.016210939054630533,0.05541725383914154,0.015427719495796353,0.032411782619283014,0.0063046013333570945,0.006517693513029093,0.0026746877469100536,0.003629833877537609,0.0037746810741486215,0.004106644620983541,0.04887544492647092,0.011721421847880574,0.17005486348435206,0.00203612332061766,0.0031482196998989962,0.001755941470802777,0.0030819817732422854,0.003548926552702901,0.0037600018576157746,0.002688345822194812,0.01823936256738078,0.012021042946163591,0.027307589202739253,0.22483905193902554,0.0031862653418622227,0.012094563726278816,0.014156160871057876,0.0034116853203673527,0.008482181777320448,0.0036585461657016685,0.011610247401436721,0.0035061188829460708,0.004913041079530936,0.013937349099797726,0.0023032845473788875,0.009880530800605608,0.0037844932701987634,0.011393864437653339,0.0016974301997694403,0.007153442249318701,0.005081061191822247,0.004266578438369623,0.0014970836714783577,0.009185889347515661,0.005007206147801038,0.005166978977951586,0.0010151648823341951,0.005411278689354276,0.0010979696358131288,0.005569822228340297,0.013180188949731756,0.019489099181363167,0.004483206714018794
0.027205412690766633,0.04495825298307937,0.04694295412274519,0.016493056014654728,0.0597623514886334,0.015298764942468271,0.03163311369066054,0.005987470860936874,0.006149057008056773,0.0032391921499399247,0.0035312594094284565,0.0036803623214214745,0.003962978016528649,0.047230420022993574,0.014846437085581856,0.16780167562158854,0.001993961370724675,0.0025923541224669704,0.0019545710457259005,0.0035452309925140544,0.0038016211230551995,0.0034497448298333767,0.0022236936776424904,0.018255762675802128,0.01030064013440215,0.02761716750109519,0.22222695802060644,0.003997611790031127,0.013913100715694921,0.013664630965072304,0.0031643088930691206,0.008252282486206497,0.003654210604288654,0.013674564103675521,0.0041395929021684885,0.006072380181863648,0.014540709468912774,0.0014748308777783514,0.011606697188144562,0.003326566783028421,0.010869557643147025,0.0016104663278859199,0.006253723893391727,0.004279338278108597,0.003927417001307306,0.0015311520425053313,0.007198788479842644,0.005528214924826605,0.006165144198810542,0.001063288145055915,0.005618942051220529,0.0010059522479704507,0.005535597470433561,0.014824607124212939,0.022285895688021116,0.004135963599972507
0.024568353619274737,0.04624834731510952,0.051997710078571346,0.017495747753897617,0.055636668624505496,0.015479205438994042,0.033222622813349714,0.006236902303396573,0.0062684163265299304,0.002436550363788462,0.0032763885309302675,0.0036999811604180514,0.003349939619577039,0.05212030416669416,0.01779565769237554,0.1733167096728715,0.0018104724301873719,0.002521231046830481,0.0018504197815671578,0.00365795664088976,0.003933688846776168,0.0032896322150215863,0.0027132245274309355,0.01767408803499312,0.011705095241727026,0.03083268055751256,0.20661557304239586,0.003334237142017349,0.014205326690420475,0.013470441167764786,0.0034763905344757117,0.008701348584174956,0.0035405567267577354,0.012350024948768128,0.0034469958863213314,0.004539158476740505,0.015056714512868172,0.002303087372907052,0.00962841969536791,0.0033111028891999214,0.01058790751357364,0.0011230457038606553,0.0069684691082827575,0.004461641884988792,0.0038278922164644634,0.0017408403128125602,0.008475002128409343,0.004797939617792272,0.004861344522926809,9.94680019468735e-4,0.005492559273681366,0.0011368377078015916,0.005296869541262352,0.015311275298391443,0.023033785712560036,0.004772536964323183
0.026007181278274793,0.046228850972694094,0.051965891861109906,0.015195783619189024,0.05639586689210836,0.015529344702730133,0.032759706918644396,0.007020421619881959,0.006238935797552462,0.003083677665944843,0.0034159714330553744,0.003697807501072392,0.003503877396100659,0.055108533965860504,0.011596882658980625,0.14394895872742547,0.0019332898023086116,0.0025723783777811086,0.0017663040372906432,0.0038204398524080336,0.003904480116038225,0.0032785842698426124,0.002825342557055262,0.019695252180651296,0.01203414528413761,0.03447401160606007,0.23028297978823623,0.003419780441989061,0.014032224149448698,0.013387320271367442,0.0026821119379765233,0.007399299806492984,0.0035878641195078997,0.01464781799085102,0.00356871516795531,0.005982300436547166,0.014917878947277854,0.00263280827110405,0.009428832155048394,0.002938323323323287,0.010272371320267792,0.0016005636632957995,0.008088382803274946,0.003977916409225111,0.0036819413342861463,0.0017235865200593819,0.008407843219179216,0.0048406041282791365,0.006068626902780851,0.001315112579840965,0.005290247942313432,0.0012676574333938706,0.0058239383929793095,0.013997239952460803,0.022399428226170887,0.004334361270867963
0.024354466819485242,0.04895245580581168,0.056531665977514696,0.016071686261828904,0.052842530722294535,0.016142264848683543,0.035007582994757015,0.006321189037673677,0.006794142359971609,0.0027348590486001873,0.0037538962365097177,0.003439118410917032,0.004176785843051955,0.049595476637403484,0.011927362715783853,0.15809896516308597,0.0020442537369580365,0.0028686213480018995,0.0017518837027952565,0.0033491033439403068,0.0035934234514699956,0.0032030839778818816,0.0029785481973385723,0.021008390475111063,0.012759307925527224,0.03374770757534026,0.21245070881244635,0.003287587496082258,0.012002430692698822,0.01603420722225223,0.0033253187693550548,0.008924866031608898,0.0035019184019935384,0.01184905613296655,0.003929787010824985,0.0053623700639241845,0.013092733458445728,0.0017527141036728202,0.009598483309586481,0.0033923332795038736,0.01092205588682555,0.001515965258594311,0.006727891129486797,0.004002187011760293,0.003871780220855837,0.001277511948484671,0.010196359949126849,0.005471996726428141,0.005403543170175057,0.0010293938839788554,0.005477415724890305,0.0011867218314870964,0.006222999540392828,0.016329271319358754,0.02323239711726281,0.0045792218777924365
0.026627361835110632,0.04671458323835543,0.052439222191827714,0.016734644869431707,0.05583785226339325,0.016062065388426316,0.03284823949434305,0.006177752789049706,0.0059929548922514645,0.0029334193426843085,0.0037723838833996323,0.003484960453815933,0.00393979018239877,0.05135463679933689,0.014304525074770917,0.16928057759696893,0.0021115014385963853,0.0025150827324890803,0.001748071331052074,0.003252630250217218,0.003845047503120437,0.0032334884014719994,0.0022768089343663833,0.02045384082079692,0.01202619893804583,0.028566441524067163,0.2132739727006391,0.003626087517464767,0.013035576546217937,0.011996194938814837,0.002697722184868624,0.008462163661130995,0.0032167344989415102,0.013925440223427312,0.003135668284951857,0.004946174852043679,0.015334186687764593,0.0020943154981610066,0.009187347098161054,0.0031457144287651904,0.00991461063610214,0.0014826960366585713,0.006474240402996762,0.004835573375643009,0.004430690667723949,0.0014517699911667696,0.007235138712004268,0.004661823204897046,0.005637597556839172,0.0010386238022072815,0.005548394519480994,0.0010739913300985748,0.0055323423402672735,0.016394462652864074,0.023563273645583593,0.004113389834325867
0.02572109382604853,0.04516592989692013,0.05066929690100077,0.016508853378702375,0.052483495766208574,0.0158758743121888,0.03504041667668832,0.005771244936512601,0.006321425303638564,0.0027241983856423953,0.0030723692469147284,0.003991127715837239,0.00374014533701689,0.04432987390831183,0.01381896807373101,0.14876851104927497,0.002233204873593756,0.002542745880528324,0.0018109339527786648,0.003297346113765928,0.0034820953513398146,0.0032515170626465162,0.0020532475213040696,0.018626486821678463,0.012347952057977014,0.03331237274647611,0.24325479570497766,0.003431720017645622,0.013403784925294187,0.01322002215662227,0.0026973444206331134,0.008154061616311043,0.0037391100206952904,0.012305794162376064,0.003556636327125886,0.005851712390929019,0.012729865065575118,0.002833121030213989,0.009886653171069818,0.0031985069342982115,0.01027860410386537,0.0013920772377388176,0.006467921822039887,0.004561592106057763,0.0042976342703280115,0.0016676665097068969,0.007431245460733569,0.004849063625084618,0.0054227504020783876,0.0011911665103439967,0.005182592458898964,0.0010861650876898268,0.006392972315907131,0.01746662571383249,0.022491572979180353,0.004596494356020254
0.02600203911732118,0.04726097310606517,0.05855729670415207,0.01647962198180038,0.05972835752862665,0.01587951622727849,0.03356502184348832,0.006425373893609033,0.0063337105746057885,0.003237415390046255,0.003951254605744977,0.003943835432166615,0.0037062318407301634,0.05086746112959466,0.013658726714730804,0.16228002459228247,0.0020822116656761935,0.002780328472640357,0.0016495626492914308,0.0033817028541621224,0.0037933451100937337,0.003691910487096113,0.0023555573499208712,0.018236679148881746,0.011318104185421722,0.028245190534181484,0.2125941286484329,0.003377871241892663,0.011770056214474035,0.013639002326318267,0.0030328818443003534,0.008143389663323244,0.003976761955158578,0.012321798804740155,0.0036317298995926397,0.005700401631089089,0.012671120423473256,0.0019449502935147314,0.008959519179971733,0.003439365865567561,0.011800558527173115,0.0013383066842978409,0.006516774980172983,0.004571291279450375,0.0043012222963176965,0.0014398717964213838,0.008738454468169222,0.005521139953546181,0.005758015797733016,0.0010466994212038308,0.005051276633490109,0.0013870972930651925,0.005942780164559807,0.015114528579755331,0.022614441382999166,0.0042431096101867545
0.025213819536465006,0.04988316455208679,0.051056278041544244,0.015896644159972557,0.05314915544265327,0.015884341526866026,0.032099246132100204,0.006222686508643637,0.007052887748979814,0.0026960588788242177,0.0038001533264731082,0.0037677289679449674,0.004291386918886226,0.05270651641822137,0.013265590393515816,0.1545771512751528,0.00197736767124645,0.0026701264159502713,0.0017865552181618733,0.003273868240585184,0.0034756363412564587,0.0032870524095744516,0.0029586959997312916,0.020057457457073723,0.011700009658674378,0.03203321619820152,0.2195898201213976,0.003459309407766217,0.01394954769195226,0.013130914590595202,0.0030597649687110927,0.007876654956208888,0.004078244480132117,0.01174679758451648,0.0038520301907747603,0.0053260612279482445,0.014210146838934427,0.0016126658450158972,0.01013722335434539,0.003173701802487299,0.012440931798564267,0.0011505068561140463,0.008514966240949025,0.0042035481358966426,0.0043919647740902875,0.001917020456978279,0.009885392610587152,0.005846457295851008,0.005276074327446502,0.0011189186353849584,0.005302352434240024,0.0012294508227146711,0.006057189383783754,0.015906538455303494,0.02209675598720229,0.004676253285322021
0.027129500936671488,0.04729068681858632,0.050439668570856494,0.01532057396452262,0.057096254434657254,0.01574289794644883,0.03483614662131278,0.006141082751802193,0.005863716454462698,0.002868063530512596,0.0038785236532546744,0.003490061635946122,0.003852180278977634,0.05393039453258709,0.013305283358650954,0.16159828722833253,0.002031677118316159,0.002798677379556441,0.0016044542771013217,0.0037835923166487833,0.003965444711734389,0.0031760451261861958,0.0033274817701197173,0.019065644272574928,0.010047862451317238,0.027113906322400818,0.21771445706297185,0.0035025285484976197,0.011611269490372772,0.015168060109429156,0.0024539426500351084,0.009240733157006442,0.0037865683986856215,0.01346335851878895,0.0039166937590092675,0.00567155669662301,0.012738830068592333,0.001613989024375876,0.008355968229165057,0.0033935037082148266,0.011294881598513086,0.0011779891542393357,0.007206947835184619,0.004723765876035203,0.004343352392683876,0.0017759171485557746,0.00878489840316857,0.004848929870891069,0.006039413093703247,0.0010419938277474166,0.005372029425776448,0.0010007224399933693,0.005397977169674358,0.01654033815141992,0.023425783725995214,0.004695492001112396
0.02431641993595328,0.0452455089718083,0.052387299876986516,0.016757032670835396,0.05552952230878423,0.015223675289622091,0.03361472487570909,0.006312592829460537,0.006417167361754186,0.0028609431258483997,0.0040724901206141495,0.003967431561610995,0.004001619885579135,0.04718997913677625,0.01041866044087621,0.1705001969408347,0.0019847965530337703,0.002682580728281183,0.0018361431169914844,0.00370084417139197,0.0036912712050768946,0.0032537377527059952,0.0020259715818735182,0.020914615983164655,0.011767349664285161,0.030320670884455305,0.21595692816822143,0.003974080101855156,0.014609878615731488,0.014891688652080527,0.002730701287663986,0.007235570529656259,0.004020429028889788,0.010807171618792051,0.0035617343609131956,0.005921385296892403,0.015698083363540664,0.0020275430590376985,0.009379471457068552,0.002819366576152648,0.011536730040073238,0.001470452543738688,0.0069004507715545085,0.00507037343550535,0.004089349605263192,0.0017159550188709806,0.009074145285666035,0.005540479524251494,0.005188058779167085,0.0011284348365823813,0.005741209220404319,0.0010426926892346013,0.005811263242108443,0.014605935130306976,0.021666438854775615,0.004790751931687902
0.026313185327386742,0.04370463787921302,0.05079301207503507,0.01700492262355051,0.053271933088095295,0.01616778496512872,0.03353047823510089,0.005757712125377321,0.006375390418863173,0.0026807661971117707,0.003395497230876602,0.003985931552096336,0.0035199478243905778,0.04970807310411038,0.013416361760626936,0.1854615398171537,0.002037147793771239,0.0027664499585864657,0.0016090081126988415,0.0035391754554621887,0.003850001338792661,0.0034691803544928458,0.0029090261267784466,0.016686312107725313,0.010780069660965287,0.026289420625299785,0.2127309625704435,0.003792861050336616,0.014149290599161587,0.015330730476078766,0.0023775979328092473,0.007139448070120269,0.003970155132306522,0.013717552480431777,0.0036978173809278066,0.005252638120750584,0.012610791383135192,0.0019033859929565647,0.008604836049383405,0.00288028240943523,0.01260184904373495,0.0012295312508480807,0.006517204571715602,0.004411664548555732,0.003817072403702009,0.001220675397705471,0.007776046104918812,0.005323217418744475,0.00513490684256256,0.0010132559194165267,0.005442682040357428,0.0010719845385132466,0.005466607662887787,0.016379203053437333,0.020867550624130687,0.004545233171802161
0.026457468536960967,0.04448469939300296,0.05770892461437813,0.016859503537222372,0.05668247518803532,0.01582542027691833,0.03322950775023824,0.007125768801278447,0.006515401448964671,0.0029544974497131738,0.0034052066965956614,0.003529955959922002,0.0038192370630193134,0.050279276289702614,0.01273162121653525,0.15297050738940124,0.002056848936380962,0.002481116169013481,0.0017507380872355334,0.0032821166591815555,0.0037973919297068334,0.003107080508512627,0.0022239993190849446,0.020645850011765065,0.012001896703224976,0.03170446383339624,0.21146121357877973,0.0035310979051849196,0.015491811404079937,0.013269936635022473,0.00309196849849183,0.009179552055047849,0.003113674651978737,0.01440718450754463,0.003975501150636451,0.0058530919631397125,0.014303980652276747,0.0025013212459442727,0.008700643912583196,0.0032681491011916325,0.012362579660283542,0.001326481836576134,0.00672078485545884,0.00457173062407761,0.004055324277382719,0.0017421470745004818,0.008797519166940979,0.004426335942690524,0.005390881121363305,8.235087026548638e-4,0.005341862323823836,0.0012589876333404487,0.006086740398264589,0.0199441285754956,0.0230573826238935,0.004313504151960045
0.026398122414892845,0.047210062653502326,0.05726295100279639,0.015891472518369976,0.05669319842615704,0.01545713727356794,0.03159921493069154,0.005713105721667209,0.005709227368747676,0.002745464558179732,0.0035851684562891546,0.004163661320703625,0.004040510204371038,0.04398392237112201,0.014500780256105348,0.16956855096579057,0.0020229181523307737,0.0022401050373124405,0.0017033584431246868,0.0035388235646317836,0.003900894807356067,0.00330832843889216,0.0030313258741298745,0.02034710547257921,0.01360974338693949,0.03035648170281255,0.21077147263416945,0.0032949958287333443,0.014827759569008387,0.015100030362290674,0.0030141595453584678,0.007364580263527038,0.003256528720768608,0.013750553461385975,0.0034942096492123326,0.006183753129919499,0.0139614104032731,0.002402978817905819,0.008729780503833042,0.003448095309721514,0.010044874045508636,0.0012945955704203747,0.0068766009621174335,0.00502786761896277,0.003948356203261771,0.0019777864670464254,0.008558271534208134,0.005262853324345093,0.005420573622005845,0.0012364345587041652,0.005294789799177604,0.0011655687913154594,0.005890742489903018,0.01485015494731946,0.020093918578173366,0.0048746679653597835
0.026742646713524085,0.04744114649939828,0.05381175865206175,0.016923331713670685,0.056860726246725425,0.016324742067488327,0.03232777726610588,0.006440425624347196,0.006383337986420104,0.0026159995257706375,0.003994837311507113,0.0038865505712679252,0.004231333291389034,0.04386752971144315,0.012877447194580775,0.14834292891170903,0.001922459026393241,0.002544630650313263,0.0016171758178899615,0.003607064279607721,0.003671885820552632,0.003138162460092428,0.0021687716750276,0.018585295725397192,0.011811409741257368,0.03136090758093608,0.23424052484210622,0.0036373124424511918,0.01345974293237035,0.015178320753110833,0.0031874352316781794,0.008497993762856529,0.0033844633730656048,0.014798242670065085,0.0033315031655872913,0.005205868303812203,0.01655618294170954,0.0020130650625293837,0.009651581015169882,0.0036636771013999155,0.010240721280810498,0.0015865108710880409,0.006478156889283978,0.00427780182146264,0.0037757375077669604,0.0011589869036695943,0.0082988672324169,0.005413893872569112,0.00546823634576306,9.540086539453086e-4,0.005470070825165565,0.0012657791662681636,0.005698385534233515,0.014942957265362178,0.020099195836739345,0.004564494330666072
0.02515010804098724,0.044481892092954944,0.05575586782275995,0.016376937750472203,0.0595470701477139,0.016079925842188255,0.03220114118092554,0.006772178690142107,0.006445485360602642,0.0029966086300610584,0.0029480320865858272,0.003814939100512606,0.003920105247687246,0.04970974512934764,0.015598446191244082,0.14903049024604645,0.0018639489788782803,0.0028365571178367295,0.0014419951483437682,0.0030821542522183718,0.003954859570953365,0.0034943341171869207,0.0034059071057065877,0.017382476820762344,0.011196445144871857,0.028911578010855192,0.2264553677282117,0.0035216458484689547,0.013744348446372187,0.01430148549906959,0.0029001448781228,0.008790590162609519,0.003725480057863695,0.015516472122854702,0.004027170191497938,0.005039509222423779,0.012192500730835812,0.0016676370417181784,0.007496650157165507,0.0035072462591727903,0.012612507020321266,0.0011320299855484392,0.006460176711084716,0.0038792985265725813,0.004252778978619989,0.0015865524996178,0.009662031031444614,0.004898281992605613,0.005745108866775024,9.289863314552032e-4,0.00537530027257451,0.0010824980534452967,0.005693846562949706,0.017487962872162473,0.022746348537521145,0.005170813583069364
0.02571609851258134,0.045772411758621886,0.050532658550696406,0.015567310068481575,0.05364184000468764,0.015345139392536566,0.032687090321077396,0.006085444497882776,0.006661748793718799,0.002595967333173759,0.003921291329617043,0.00420253198177252,0.0040109320803775935,0.044779541043399304,0.014154928734047943,0.16532003414038887,0.0020613170267903165,0.0027745990272574493,0.0016928220556518807,0.0034663341672355524,0.003721934629136731,0.0034516911236032325,0.0031447529914427363,0.017744774713251834,0.01293341252687292,0.03196701323080088,0.22210091634299828,0.0035344158236038756,0.014268243176887423,0.015151777727905394,0.0027198155777935873,0.00796513107093506,0.003096850033109732,0.009706068329352942,0.0036126861050025296,0.00547985859266327,0.014906112682738965,0.0018815323842448187,0.010104233095464163,0.003049553428446107,0.012309490736146478,0.0012192047417112911,0.006651256821909572,0.004751072375201599,0.003754507676814629,0.0014639433297670352,0.009263645539437686,0.005339063450873528,0.005920767731948162,9.135860265173757e-4,0.005980695670529532,0.0011732200018788905,0.0048896416549160425,0.016180589537077884,0.02354072215773478,0.005117778141284472
0.024808310466431834,0.04599161571019993,0.0562827011251364,0.01606287392794021,0.05706623138454465,0.015329145515386972,0.0346438940905181,0.0071966287269985395,0.006542042537763542,0.0026113421533621836,0.003700201550077758,0.004034199935216396,0.003837546784479692,0.049426145946400865,0.013197880845991506,0.1347881050034434,0.0017999170970176021,0.0028318335485956365,0.0018641490120911576,0.0033712630259185423,0.003946442346326569,0.0031215079256235595,0.0029012550466380564,0.018570421678673874,0.013090240620710118,0.03229927033807475,0.23882591157267347,0.002912094290798414,0.011975199408182119,0.012552056325371095,0.0031007194085757835,0.008123094668875456,0.004171697793331056,0.01311617533511019,0.003914888529620405,0.0055107245005266104,0.01421469289710165,0.001521915748067028,0.010000172774225647,0.003288629992448808,0.011109014731029371,0.0011291233008742403,0.0072087138159309784,0.00411334978015685,0.004203885221758831,0.0014193825103197466,0.009792594037364368,0.0056230468355549824,0.005490707027435929,0.0010660755740435409,0.005570375329475546,0.0010697222508283275,0.006236865953765244,0.016011805876407686,0.022824410257840017,0.004587787908744796
0.027525529969916866,0.04817479316595628,0.051363426830184834,0.015204814512902853,0.056525162325200676,0.01549153147798917,0.033183844332887645,0.006011365591071717,0.006086700684971398,0.002711270958669401,0.003466334171329924,0.0036332050738412227,0.0037701508601686593,0.05139989265983037,0.011892888950111234,0.17040679633133854,0.002174447677429607,0.0024255943279465615,0.0015722982883499578,0.003486275319786244,0.003741146568506845,0.0035206739145673817,0.002754052073143677,0.018554357945223417,0.011948346360377296,0.029254430481213855,0.21364817392924504,0.0035495138913618804,0.01411609785440048,0.012882853961733103,0.0030153499448365784,0.007575172480693237,0.003432747558000144,0.01413005875859649,0.003429732498517148,0.005007403364496113,0.012971339671073499,0.002022966087975468,0.009252590876046282,0.003737464090410837,0.011225701612865966,9.832816445593604e-4,0.007314924232018882,0.00480706060318839,0.003956946899070292,0.0011369072062159813,0.008921203918247965,0.004617560083159653,0.005229020002898158,7.332075040953809e-4,0.006220420354343948,0.001202780749616561,0.005448748570111426,0.015809785681827972,0.022582160922345978,0.00475949419513221
0.02527405729411463,0.044766131217415406,0.05181343592642236,0.01566046903933863,0.05310683801794049,0.017168234207251772,0.031921022690202,0.00593096561932104,0.006286635985213498,0.0029738781160010405,0.0040598077139474,0.0037086556254999374,0.004086285044420436,0.049656866456677974,0.014620548972847638,0.1619661442965433,0.002070791432398163,0.002778497572151694,0.0021321354692831773,0.0037291720621483435,0.003285686391021724,0.0029488940353370584,0.002242426180858011,0.01853116387523921,0.012284546090423532,0.03161636249486093,0.22480520590391811,0.003867979322831294,0.013395466890922044,0.011152527088473824,0.003092247346498988,0.00835880809233335,0.0035353382671856706,0.013318405597142396,0.0034222136869200928,0.005150161192735817,0.013961154335995334,0.001967154876956981,0.010500861208275288,0.003095333611088722,0.012649224363580866,0.0017203707512129913,0.007547002618320279,0.004403348966552551,0.004328411657227905,0.001441874842929607,0.00820756063813536,0.005128748627092054,0.00604790097816588,0.0011546791518106338,0.005465207012578482,0.0012227831745712466,0.005736606351602672,0.014708856820808889,0.021650040405703796,0.00434487439154951
0.027081971222959418,0.04872842471712675,0.05206689128438925,0.017249887704240872,0.05489889158249858,0.014675860556021924,0.035082743586509854,0.006162300164803455,0.006345302509832511,0.0027232949315883375,0.00370707177123191,0.00372619871550671,0.003994923370792544,0.05395519130327029,0.013292575625183206,0.14770413486952438,0.0021543236464665275,0.0025998316086473174,0.0017241920900619384,0.003637303824366851,0.0036772256189401497,0.003077660289447996,0.0024942797521663573,0.019669721445569985,0.01071316060904019,0.03049599796959114,0.2209783639025655,0.002961155070977766,0.012482614720036485,0.0160278875186956,0.0029314194830228116,0.008044749318156507,0.00376080086190014,0.013470396480962366,0.003088157285385172,0.005975554162402403,0.01469849195709799,0.002025018708175417,0.008104520267867675,0.0032666605775064535,0.011735476914191495,0.0013870105580812463,0.006900096695506221,0.004294983664114363,0.00426019808643424,0.0014586095647884923,0.008984287071620987,0.0055740996454127735,0.006248475208093359,0.0014991291709744257,0.005334742533372528,0.0010394234736829583,0.005688138182338938,0.015268036289610579,0.02606225808570597,0.004809883771540644
0.02546696250002034,0.047907056473836127,0.05675248550120115,0.015642207406755565,0.054126617926617465,0.01624309111809107,0.03287889268647171,0.006100229083684319,0.007274801880680247,0.002579240263368608,0.004283688741477432,0.004028860615338516,0.003545886287645916,0.049945989851166786,0.014724222301426086,0.17202330943664576,0.002228683110786691,0.0026397403453462366,0.0017673265934545223,0.003587413097619447,0.003566676896729312,0.003156457625782247,0.0029540816730195063,0.01692253381720025,0.00951061568347424,0.027216886965014075,0.20923808120891713,0.0033271666712064237,0.015736399349655657,0.013435900382185952,0.003513885304001628,0.008135134310181409,0.003865013011853971,0.014001804476680346,0.003555768160322702,0.00570449834577517,0.012873632784393295,0.0013563315918417606,0.008696455632232564,0.0032390763754515774,0.01076011112474186,0.0013331004626043128,0.007299767123755657,0.004714711589697991,0.0036556406837994376,0.0011989479017842264,0.00898862109261981,0.005424367981439766,0.006049110992399169,0.0013229418664199959,0.005787839908345252,0.0011456783782965898,0.006000592964858029,0.016220012720556336,0.022252351303782926,0.004093098417345479
0.026969331743648104,0.04997756011283743,0.051612906665059695,0.016472427668164907,0.058052874153304276,0.014874225589231693,0.03353380022436226,0.005926847254686695,0.006656023989782132,0.0025088982942769868,0.003737875718937206,0.004109194423061144,0.00393643838195889,0.04740842942108614,0.013093294332381893,0.16115314716011658,0.0019220565987438406,0.002455311975544906,0.0016723558757457012,0.00380507569270431,0.0037864889689386205,0.003511378419857645,0.002363285243637231,0.019783455848473245,0.010678024506017299,0.03112884676663211,0.21304834183859406,0.003341865308703229,0.016102837749507527,0.013863291949597904,0.0028286791319504455,0.007813943673705491,0.003795006736776091,0.012314609609442634,0.0034117490440590936,0.006170105551750102,0.015449034401859428,0.0020404040694733763,0.00954225688135462,0.0035755744747413146,0.012767145295476866,0.001350645591229618,0.007655798353068838,0.004335824344616032,0.004061713192956931,0.0012009686954843838,0.00875236407027015,0.005204680708301686,0.004922714587411418,9.88955758055909e-4,0.005387660687727504,0.0010712633339987365,0.005971351051514457,0.015078146441133316,0.02260226708328844,0.0042212453547594685
0.025855511982168313,0.048481681406291596,0.05335395638608046,0.014311398261169533,0.053752729730300416,0.015505691249735219,0.03418975045160458,0.006362732004241399,0.006701544177620265,0.002848453303893246,0.0033062665928024156,0.0038696462689573018,0.0037710191973192937,0.045716147679679374,0.014051651841615768,0.1646667027492327,0.0018212645495915224,0.0028368264454768973,0.001798702327236208,0.003357480803705496,0.003841704642295701,0.0034415305428231106,0.002661289946627668,0.020069902589215066,0.011824821455038244,0.029013327614987663,0.2200610354432956,0.0036355140564802266,0.014267090271412215,0.013437387448618996,0.002701481574083036,0.008765608600258231,0.004254387470992073,0.011772040380369502,0.0036518453174831924,0.005266146448843385,0.01420162497213044,0.002220377211729055,0.00978899260584555,0.0032182250674528765,0.012419346872710527,0.0012677563194989593,0.0068807429044484706,0.004169625671948818,0.0038162351186269016,0.0012004699738883198,0.00829994217792388,0.004400920478451396,0.005351426331252123,0.001127424906501832,0.005956047362231237,0.0011793422460878466,0.006328168390629495,0.016108276244982848,0.02191130102510601,0.004929482907007462
0.02478162241961784,0.04425558689575475,0.05189130698992342,0.016946147878278618,0.05712736150313773,0.014756264633330173,0.03404708507203073,0.0059568273222550235,0.006078897501125678,0.0027753866094602786,0.003927700918467938,0.0038831341370767396,0.003991991535971496,0.04560632230852061,0.013026521930200886,0.16893049741527066,0.0019099830983204467,0.0022998440123193128,0.0018179755161487354,0.0033104365036535667,0.003920113374876959,0.0036813119313716144,0.002483522740981041,0.019622231174074314,0.0127381339952709,0.02895065442212196,0.22164940348347656,0.0032845709706218916,0.015264331035643558,0.013439235582821374,0.0035040811824712382,0.007874072896411248,0.0032535574595591635,0.011861535517767452,0.003745736867680207,0.005231185483555698,0.013089098933408743,0.0019545364769447886,0.009683269401201948,0.0032744922208155906,0.011009703981938592,0.0015708991317290929,0.0067950389851065395,0.005086295349501939,0.003559153101792469,0.0013997652053935686,0.009150621498753305,0.004816494588145395,0.0059582294127685075,0.001827614858318929,0.005352006082157646,0.0013889972123652585,0.005905583558683568,0.015413045566826841,0.020541762270188682,0.004398819844388839
0.027208316882022306,0.043616390768349604,0.05487060488065753,0.01601875943989445,0.058582011951605575,0.015408626669157438,0.03289022077447924,0.006480286251393985,0.006423973057195246,0.002952670475141241,0.0035760454056503687,0.00364773031564802,0.004125762227827031,0.05146286901313593,0.013747662250630259,0.1475412683333536,0.002098165811634535,0.002508162607232265,0.0014139953693823606,0.0035193359083273415,0.00362936693870821,0.003607491497737861,0.002708391215348927,0.020821210697485826,0.011667209262042658,0.03845046352976759,0.20844783207253656,0.0033440068882298595,0.015496334646656035,0.015633602163376167,0.0033434412043264906,0.008513213922897845,0.004166890949321277,0.014088046099758578,0.0036717610688066617,0.006506732166164716,0.014788933128181159,0.0019333325224523295,0.009269004576345679,0.0034896951959178498,0.011180277873806672,0.0013447844682669748,0.007135556462338283,0.004733486688128515,0.003978430602594159,0.0016604447943728605,0.008749692983153503,0.004910402812174751,0.005752830129824607,0.0012362154533589352,0.005696800600909731,0.0013720979120500076,0.005961100971434977,0.015012627225469114,0.025173244285410096,0.0044321885979262425
0.026255848774426452,0.0486841904350493,0.050024384736762684,0.017256645526836437,0.051682322291001136,0.01599773414047537,0.03287534296224982,0.006695674442848575,0.006786566864281709,0.002683645626783796,0.0034615236168842357,0.003580259226269415,0.003939706672969936,0.045088051823866826,0.014259472426055585,0.16249936678417876,0.00210840004955717,0.0024853260980222977,0.001745328556137436,0.00360192986202399,0.0038645115506052864,0.0034500583287011286,0.0025906852289936315,0.0226459365426572,0.012347313231006445,0.02763773161630105,0.2184168759963407,0.0036334349966466936,0.014075747931543047,0.012986389957886231,0.0026348875397084748,0.007413073533650776,0.004102369166336374,0.013895708380765313,0.003538703832986624,0.00531472748748005,0.013979663372179858,0.0023257675752294724,0.01045284740116559,0.0034348732803337286,0.011153623610815165,0.0014263367895415476,0.007528674814625217,0.0045795777619646654,0.0038163621947364937,0.0014637015901551105,0.008311088132939935,0.005166803873156976,0.006641047826703184,0.001006836899445348,0.006182785729437366,0.0011219461421898486,0.005792279563163597,0.015617316880269337,0.025064695979672324,0.004673894343985281
0.025188170879429803,0.04502305716824194,0.057742104772568324,0.017064277256432135,0.05295359820274484,0.016099642786353098,0.03197481581553498,0.006615562040340085,0.006415427251015019,0.0030695709336724746,0.0035201639304504456,0.004090365603068101,0.003508949108699179,0.046064922709768245,0.012607776442428446,0.1649830384979176,0.0022347489943643347,0.0029019759562343723,0.0013124941659190409,0.0034522169270796584,0.0032678368843860567,0.0030825464482647953,0.002851090174722481,0.017622947545947242,0.010300760769746535,0.028359005985690272,0.22654575288626913,0.0035135008758332737,0.013963716680871706,0.012178243522191831,0.0030831347640304352,0.007762923065841093,0.003608489319065037,0.01312705066856985,0.0034585340206466563,0.005230240528405125,0.013749179739985762,0.00172145799612112,0.00963156906134771,0.003442722042640921,0.011381276011581244,0.001929326503535194,0.006765881453239667,0.00462427398547537,0.004233151220394183,0.0013522308632968054,0.009363810228179956,0.004996885999620292,0.005407368533267575,0.0011244306053420608,0.005289501522590422,0.0010578972251165098,0.005478006893584548,0.015934550092715462,0.023215693090387228,0.004522133348834351
0.025103665022977353,0.04580447001699443,0.051887382834136,0.015716856684272373,0.05224021409122828,0.015334868197170315,0.03371806317576665,0.006046324675997709,0.00648203788936329,0.0029247005960329835,0.003268501428855201,0.0036278918729886612,0.004177775833905063,0.05191846553115933,0.012914242862112972,0.15865250920047125,0.002130697361077581,0.002250458199410234,0.001647639340938965,0.0034921316813276647,0.0031789812049874276,0.003598055045027367,0.0019738006680926003,0.019124082705632914,0.012345485553891769,0.028319961953265062,0.22241234495409845,0.003704243867520454,0.015109979079372683,0.01312000410879115,0.002884972461402258,0.009943043725439155,0.003931126343913633,0.014770171821773962,0.004038438998765924,0.005145998756494616,0.014416405351884352,0.0021181128575826153,0.009580446231936624,0.0036614053125358353,0.01137962530976225,0.001146525538590662,0.007489503621339156,0.004617940371087532,0.0039834434164915285,0.0016284015740422307,0.008724584521743323,0.005434092191631012,0.005735201975477982,0.0011129186021921168,0.005348750961312371,0.0010740706269257816,0.0058511193518471435,0.016351593182129823,0.022584278225714037,0.004821993031117855
0.02496582571427201,0.04806197825203914,0.05127289841383205,0.01586544788181777,0.05335394061127276,0.015317016147510291,0.03294046661980057,0.006067575862292258,0.006957111520285404,0.002917620957200503,0.003344915372315872,0.0037287829822223372,0.004314657023526622,0.05177469336020112,0.013462981951298377,0.1505234469648205,0.0017364575297461593,0.0027457221321159587,0.0020396549058709543,0.0034476060277907556,0.0036545103362893767,0.0033621128247057147,0.0023895423405581096,0.018070152094027757,0.012346804825373465,0.027202052212417404,0.2347347778834289,0.003426942993354322,0.014561345051392768,0.012901590638850585,0.0029026705472886176,0.007669541593122045,0.004166025953952554,0.013664501542211485,0.0037216215253412423,0.005826864418648773,0.014751722706228852,0.002087958596820955,0.007945441037182375,0.0032711519316577617,0.010354658317922164,0.0015121698493921483,0.007609784918443294,0.004446543592882918,0.003798484311044543,0.0015021751349317601,0.009082037969258305,0.005526578091537464,0.0057322947022550984,8.918184922138276e-4,0.005755208770141745,0.0013252291953372833,0.005709646423116822,0.015430909897977749,0.022558792939123204,0.005267536111337161
0.02659910497663479,0.04645051248943014,0.051822578305568974,0.016791973539919163,0.06305785441680598,0.016373625377978807,0.03099943519926335,0.0064415292851967365,0.006968615938836897,0.00317663330543759,0.0037094534427752433,0.003727436437496809,0.003981043202334487,0.04841367547114174,0.011397121292793327,0.15881502193466543,0.0021050546082662064,0.0026720249612188383,0.001561533239001545,0.0035414486312875305,0.003817992505659556,0.0033309501043761926,0.002407418092894753,0.019227128260161958,0.011684004079353197,0.025742228786675,0.2155185708984723,0.003623404649704847,0.0161920119342831,0.016124505817002272,0.0024953646023730207,0.009883173393621535,0.003836484490055128,0.014638488789301985,0.0037142826201510175,0.005466926817672208,0.014227239009674453,0.0016366496299654275,0.00878923903015126,0.0034877561760439913,0.011829993293965354,0.001372596519136397,0.0070397725512128,0.00429939048415627,0.004010440485933889,0.0014566434170822987,0.009753960930417702,0.005256280787578644,0.005952221232577554,8.691801015538142e-4,0.005006653490623739,9.067568523850114e-4,0.0057182862054934915,0.01686220282669594,0.020072156072510366,0.005143969005029956
0.026369379512242608,0.044674733841714435,0.05432185486220398,0.0165192883910665,0.05161642247011375,0.0164722290095327,0.03131957395123138,0.0064423617588478775,0.0064725102567857,0.003002932029315186,0.003955517316350903,0.0038318697934584013,0.0039134505444096655,0.050377768608988,0.011351366683570702,0.17846652131820773,0.002142389728164897,0.0026429278858708964,0.001724037230519613,0.0038237216238365813,0.0033661540031054275,0.003637879003126961,0.0025279336326928894,0.01961118931585705,0.011595432248414764,0.026280577926028417,0.21337838244139914,0.0033783808974489423,0.013585302844453332,0.013110660306950173,0.0028420804681963284,0.006168977020257548,0.003487430749220146,0.01284636805236741,0.003551574545335649,0.005070193176897562,0.013613177874232352,0.0018349580836182165,0.00959851946431565,0.0033042758600805916,0.013088618824549227,0.0013202635881576568,0.006611759901413551,0.0047848652055928875,0.004232929893056487,0.0012784920535558752,0.00976537616284659,0.005835783311364319,0.0055872990981560705,0.0010112773739408619,0.005516746318092616,0.0011882349036607357,0.0050810345050248595,0.01620516623882192,0.02141073834506546,0.004851109546270833
0.025222456762756567,0.046392428636356633,0.05748267089904395,0.01610215801259825,0.059679460141764715,0.015693525021842562,0.03384339654540591,0.006634398108102576,0.006692441609200935,0.0027915608962892527,0.0037756418813755742,0.003611563555132684,0.0036274106462024823,0.049910105370411295,0.013439937840581373,0.14548415445977553,0.001880983508808393,0.002297385373685183,0.0015399728113876883,0.0033767542196231986,0.0035022786860938273,0.003936127925934518,0.002473000560825947,0.018054470423046472,0.011103082022199394,0.033146805221012716,0.21883570736608138,0.0034955000797804027,0.01654688565973381,0.0142541345667144,0.0032694356959657622,0.008270795292295128,0.0036275110518700624,0.013988678362537865,0.0031728888184177416,0.00548040534654093,0.012672659632855755,0.0019746104836173275,0.010264628863230697,0.003388213709875316,0.011670875902901393,0.001289051062098855,0.0065931123828508005,0.005177360588470187,0.004054837393126573,0.0019272751673785871,0.009271004463107593,0.005317976029409319,0.005397489333809272,0.0013503771833938444,0.005856622304888999,0.0012093003333669785,0.006105293807568634,0.01654797057620294,0.022662413708305813,0.0046328136941459356
0.02646296999798736,0.041728013584971746,0.049960552474278525,0.016256754512689712,0.053296338000680545,0.014844991062736755,0.03651167187958866,0.006469395632968221,0.006354321011622091,0.0029372564063597064,0.003554444160402247,0.003929499360970498,0.00436799994229687,0.04800531803115202,0.010706228191677292,0.14682317117512478,0.0019392082581736233,0.002568284733303642,0.001936101779950159,0.0034989279763726136,0.003767230210433499,0.003126199248160302,0.002656571486405645,0.016310494324860147,0.013150732027273009,0.03001863916257905,0.25131861755754076,0.003573806511721856,0.014041798087144034,0.0132397852234985,0.002991886245822285,0.007401171659728757,0.002639038414809646,0.011334112294106288,0.0039033964952910976,0.0056221174303658535,0.013355020207573476,0.0019482034316315804,0.008030702928417692,0.003193566446104247,0.010551131497480756,0.0018180570320480267,0.007070777445252568,0.004422392645207933,0.004733023670929479,0.0015542754637671013,0.007625633806989367,0.004384344072017497,0.005574723060577445,0.0012194304823651856,0.006020615744131234,0.001136644560724472,0.005532636188503692,0.015501104779818163,0.024135316179885187,0.0049453558035271
0.025522681403921603,0.04273639891812803,0.052957585177260576,0.016295725882086165,0.05664577676699808,0.015284975356883035,0.031392919463940586,0.006327733489664534,0.006344433178482636,0.0028967133912450524,0.003458321392196663,0.0037034907505221165,0.0037834534766658322,0.050159310672478745,0.015660563531301058,0.16891404216708739,0.0018849440703746427,0.002298812905387957,0.001891450617417476,0.003516002640675302,0.003644962497379242,0.0034260072608074807,0.0021781884762426575,0.01788318801691417,0.011428136317407408,0.033735273042309194,0.21250745186728426,0.0036718448585168592,0.01573073297259801,0.013553398009069037,0.003676232773994476,0.010402496855377901,0.0037735146557065532,0.011579787917201215,0.003775975962818988,0.005343564708982584,0.013349223593603177,0.0015491390147184818,0.008327473235533941,0.003453017472971034,0.01050237131766034,9.644171574853533e-4,0.007016465865211202,0.00508359360252797,0.0042572402894923865,0.0010979302905250214,0.009695954528549149,0.0051813001124643605,0.005533222536898252,0.0010287112057479884,0.004898559380770401,9.84832176399816e-4,0.0061595876611072325,0.016284478146774348,0.02230475491080568,0.004341636055426416
0.02704498964240221,0.04282667691845785,0.049282780099788766,0.016714656988044668,0.060153748576140406,0.014876285198463159,0.03332192170014205,0.006363457705774944,0.006770135085095763,0.003002389240925843,0.00373705680719661,0.0039906051690630955,0.004546546431623931,0.053361297794144884,0.01152312010751246,0.16597535448961345,0.0018565898427975235,0.0027308250470501495,0.0018771468538765653,0.004120698523173598,0.003511727564814486,0.0037748445636860656,0.0026907754625391214,0.018210981602390215,0.01302972232229535,0.027512999722855827,0.20922159224316936,0.003850777378264874,0.014565235279787644,0.01287404638441372,0.002951982123330827,0.007748132128000893,0.0036129452396938583,0.012791369884304371,0.0035794697714601315,0.005843125625657178,0.01725993298053859,0.0018720387257965788,0.00949001893004282,0.0035581313006387534,0.010664369063723613,0.0015843006309642466,0.0071118813595925255,0.004689100385847105,0.003999416551339768,0.00120295457619034,0.00906331691692512,0.005070845631181969,0.004898623704519525,0.00106666526881482,0.005702434518475606,8.668817003149948e-4,0.0059123158277691185,0.016432896536490296,0.024932188217234086,0.004775677655648246
0.0253212584822248,0.046595031351634224,0.05464895174154038,0.015760161678584246,0.05764407587744037,0.016021143838636513,0.03167317291660764,0.007074004699949259,0.006437113769050784,0.0024344612109568633,0.0033194527213682014,0.004196893829536332,0.003525713582913013,0.051119149415474185,0.011405603716892984,0.1643960562834198,0.0019001958774712265,0.002482306867002594,0.001629965292408372,0.0033434246991224897,0.0037279718818100504,0.00317778334308045,0.0026730712577280316,0.018166607407049857,0.01179397250275545,0.031918855954890864,0.2189031032993178,0.0035466806952475886,0.014962639101078404,0.009542989528315823,0.0028151527696144317,0.0073757135969019245,0.00362321308262424,0.014182880433345355,0.0034120944382302824,0.005118448098931472,0.014928764468812047,0.0018022444845685217,0.009696459645378018,0.0033585680631835974,0.01132153617627764,0.001143011193686344,0.006687004588411181,0.0045476320140935035,0.004132717322034954,0.0014155490145017194,0.008403230580404914,0.004644370614517868,0.005755710026134164,9.338822044458413e-4,0.005521953876614761,0.0010914896773281532,0.004993270969742603,0.0165230437193006,0.022810444771578654,0.004419801345828648
0.025173667517372572,0.04513307369317081,0.04960261672877963,0.01630695406354114,0.053487118356652964,0.015559552601588119,0.03157639474428365,0.006096976014290641,0.006206941122058355,0.0029009658943440608,0.003523482243905965,0.004175091503514216,0.0037153675122621717,0.04848403757971448,0.015150043595103508,0.15629221585296948,0.00205470032100004,0.002733915355840124,0.0018713987307434673,0.003522622099662724,0.003952415043418289,0.003635038212248465,0.0025307889487441518,0.018398059124947904,0.012989196366332645,0.029787747135491358,0.23465159658887833,0.004145867365297571,0.01366253978492807,0.013912863123919407,0.003043941041635043,0.00820850514662585,0.003809629329454744,0.01301924300467809,0.0037461172125786367,0.0051680530657207315,0.012365271295977575,0.00197992088254987,0.008104449271465424,0.0035196267848425934,0.011870322264606563,0.0013037128902883906,0.006569252322928292,0.004576669530089709,0.003961106547220626,0.0014748211401081116,0.008690965108092164,0.004934689430657696,0.004554161541636117,0.0013849318728161085,0.0053688146561111875,0.0011387627282291113,0.006120555938590009,0.017380994948611467,0.021632955427227363,0.004839279392254271
0.025054703411666226,0.04370496721220086,0.05294545257146482,0.015642439221425598,0.057551330144567044,0.015595377593265052,0.03316760125400548,0.005640053927360287,0.00632997443618107,0.0027672156737956685,0.0035466528574713873,0.003735307425686415,0.0038510498824442297,0.05029076282918196,0.014315708543556701,0.16210633404995672,0.0017370722616046033,0.002765441118307263,0.001754997592884827,0.003373821511460787,0.0032111396538445523,0.0036007582261312456,0.0025732652167367405,0.024041120136741007,0.010328084339734495,0.032646380791942445,0.21360993833501896,0.0035274721413227246,0.013804398848902786,0.013013950709542293,0.0029357400129844968,0.008137489413503278,0.003551744388226148,0.014957060601716103,0.003939013517118225,0.0055245081189290056,0.014389177021562347,0.0016250811396885082,0.008129451072073818,0.003135541713683714,0.012656970987750385,0.0013563592863714252,0.0063891013814669885,0.004411035416685362,0.004227141445093765,0.0013428389793102304,0.008248328290486762,0.004972499107958166,0.005651113818207243,0.001163031650836017,0.005265554292412496,0.0012161620922929686,0.005454094522219233,0.017318045011094865,0.02322734405758127,0.004542800742342882
0.024865180683786303,0.0456839155784072,0.049572770041130663,0.016498872757705816,0.060361942927112514,0.01542966400532631,0.03278537115597695,0.006455553792955835,0.006464700129408377,0.0027554137802855523,0.0036537113148722403,0.0036368721687271596,0.004304516145126215,0.05482218524324325,0.01275746400667519,0.13795741119930108,0.001878671727351005,0.002698046923888547,0.0017408845076917299,0.0035746535427572165,0.0035595123226893686,0.0038302319666075374,0.003010579254101678,0.019341794489129885,0.01126956247457961,0.03604846253956415,0.2227395059248818,0.003401320678440133,0.015769116742252703,0.013648152844402043,0.0030756326362328906,0.008602578812158203,0.0037412921779862262,0.012407128697975847,0.004212149856403574,0.005721226324959682,0.013293223933510201,0.0020130741635051787,0.009362695090554955,0.0035757754214692677,0.012390965507106092,0.0019329954102595163,0.007184695627182721,0.0051426723896615695,0.003803020402648576,0.0016074047862525275,0.0094086572214443,0.0049166520286681534,0.006365037724002718,0.001257370512923937,0.006870771347015185,0.0011205298312884106,0.00540498906776555,0.01502572086788112,0.026493854074107124,0.0045538452186584585
0.02589561656860646,0.04515092718147758,0.05194685455359727,0.016278801476552886,0.052544084041377406,0.01599971769687757,0.03247312572081814,0.006001342624041343,0.005867729788769074,0.002989203609840082,0.003719598227844664,0.003660489286898659,0.0036154663652087893,0.0446553139549825,0.011639987392570394,0.1657486755811602,0.0018777651262482707,0.002618824382920876,0.001988515992610373,0.0032431947026808,0.003505711796226255,0.0034863709276095893,0.00231740355906712,0.020320503523205594,0.011881131960689949,0.027723898554196307,0.23842416044136538,0.0032094688530597305,0.01148741684276901,0.013133830678567653,0.0028557814027468905,0.010112517142051752,0.004147916127606308,0.015187783813557905,0.0033054586951149992,0.005748031016640441,0.01382668627350596,0.001743246972734212,0.008180451695578368,0.0030109451727663643,0.010518869411746101,0.0019044820820482544,0.006095902867388259,0.004147286024015096,0.0038935326404373537,0.001510237993513712,0.007243880091863223,0.0048230868497398174,0.005130171894132884,8.863762298219719e-4,0.005313209236150412,0.0011439086418602888,0.0060939396938479665,0.014868350614781237,0.020228445906629706,0.004674370097880591
0.025647562644642696,0.04466034156475221,0.0528333682322451,0.017117542670354858,0.05967402129569611,0.014442049412237718,0.03311033526380707,0.00646806328369556,0.006118339898040658,0.00259671432524187,0.0035432683515586342,0.0034105622907080364,0.0038979066761139114,0.050010090364121317,0.012047773098221035,0.16363270997669627,0.0020010799082017827,0.0026458246466899735,0.0012881399998645809,0.0036609716868772537,0.0036978472574988454,0.003826094737049306,0.0024389099308296043,0.017360989499494682,0.011855309648847342,0.02811991571773221,0.22360390824126233,0.003746166892995329,0.01377065102692562,0.012649255931273879,0.0030304004789385858,0.008132362635821417,0.0032731206381034156,0.014401898857663435,0.003973174303856027,0.004979131887184469,0.013762586367903389,0.0017189512531344373,0.0092023233875982,0.003482523016085075,0.012686793327981663,0.0011818655273538488,0.007434201741300881,0.0050248617140810975,0.004380469509348172,0.0017140458489225097,0.008384355740269016,0.005217610156053811,0.005720061715119666,9.909921388398019e-4,0.006299764013658917,9.77454643267275e-4,0.005835242819860059,0.015181933848953,0.018871822037409395,0.0042663379176167086
0.02490403924255441,0.04470594341319903,0.056060382225993036,0.016751584701752434,0.05603570361513544,0.016176087846838584,0.03296730815663342,0.006661293281561223,0.006237310331717812,0.003067322218821099,0.0039106555071316785,0.004149969849625657,0.004087955228074656,0.05643257873596328,0.01318801344403704,0.15966367841306378,0.0021472278246109588,0.0029590556440333123,0.0014554875783211847,0.0037476061419882164,0.003625770955669409,0.003885276698782936,0.0023786146442896744,0.018354658391221353,0.011498592362764492,0.0312924405792825,0.20821203124025459,0.003610982363994442,0.013002543372205907,0.013155274947345919,0.003209471029440775,0.007611678312996882,0.003930569248594524,0.014164579148741224,0.003621832959624866,0.005572925535846657,0.01331729204739931,0.0015465031523209335,0.009572367463207783,0.003325640845906654,0.01187701043996608,0.0014134771569230154,0.007373000973068275,0.0042849958475079325,0.004151418105654533,0.0012589146258854475,0.009496080696006567,0.0053925771446123915,0.005926044398872405,0.0011000927199187097,0.006116559206470645,0.0011022297364660372,0.0054082034041572505,0.01781004635723936,0.022520280333605792,0.0045708201526985055
0.024832225871187205,0.04622535764786156,0.05216678161204386,0.01627085908357255,0.053349376068607166,0.016370624007197267,0.032358885564134146,0.00637380553043545,0.006299956927780075,0.002851260836320779,0.00367796440934125,0.0036795614174012694,0.004063180091114958,0.0517518405406604,0.0137743797715795,0.16084030991444603,0.0018686417011547463,0.0024805386794257765,0.0014923332221972725,0.003586118005046718,0.003533199529863303,0.0036733081815148935,0.0025276541987033453,0.021352043430693655,0.010755536831669391,0.02718805177404271,0.22260567148094582,0.0038729784340755494,0.014704674959978152,0.01598707556134956,0.0031827269374039516,0.00730396778789354,0.0033613292522110833,0.015868030652153,0.003526316717796518,0.005052441845020208,0.012756066596712514,0.0018928813736050426,0.009901669235482682,0.0031226305889359373,0.011441156158235044,0.0014429253202840277,0.006765791860158391,0.004555990683016681,0.004453173610140403,0.0015193978283660483,0.008925408465891106,0.005472521603008655,0.005109786612207024,0.0010074688169116129,0.006067240127911966,9.70189826380511e-4,0.005880968035758215,0.016182001571888545,0.01949826304453961,0.0042254601637433525
0.02562432084498697,0.04539450519064972,0.05248785746107484,0.01607894270057119,0.05921674435249827,0.015851321741882297,0.03243389169609916,0.0061810842846583,0.006519772508696891,0.002961366286618142,0.0034906671997783976,0.0035773718970326554,0.003926988205619419,0.05165199680175629,0.010360481099317153,0.159075070058733,0.0020618789816603577,0.0027458676148750037,0.0017469671544945563,0.0032204698422012936,0.0032220173311430966,0.003660302336449626,0.0022061546346775506,0.02333976687645492,0.01146529627612782,0.0301267804450314,0.2175249689364531,0.003323398719798289,0.012555510338585993,0.011944903305633336,0.0030248442715747857,0.00894109222615805,0.003744802595626603,0.014811914355177747,0.0037188779162004326,0.005736844244284843,0.015433225014926551,0.0023344923024689597,0.010057612686656763,0.003317507080517431,0.011018934872120042,0.001384384797976913,0.007515929078571636,0.004973619387906083,0.004437164879419837,0.002475241891331218,0.008179864442055191,0.004448927784425928,0.005316335466653309,0.0011323288121773089,0.0057485798029183076,0.0010805711250184882,0.005884150540566392,0.014953470925743886,0.02219726211016139,0.00415535626580282
0.0246409301369752,0.04439501912880878,0.053044779441690844,0.015884155229995325,0.056885012074557435,0.015692569199106245,0.032447374370298786,0.006408061586100197,0.007167450711632168,0.0029174027778011767,0.0033328697156965134,0.0033783052542797048,0.0034379296790934075,0.0503007368943927,0.014526577373351385,0.16218759316957143,0.002086946665845864,0.0026019327345249465,0.0018713269183884204,0.0035710128378661924,0.0031780252785162254,0.0037844747067928867,0.002183845436453135,0.017766111664960414,0.013756053610115752,0.02715963723781206,0.21852082709657955,0.003679326741178092,0.014118360009136759,0.013980878830904361,0.0027893382701237156,0.008358509329539326,0.003450666267178069,0.013143654799182433,0.0035955654491234518,0.0054719279532356325,0.014686905507688147,0.0021131273157116745,0.009932865041589453,0.003500614214000415,0.010257267529630519,0.0017927685047319953,0.006954282983489099,0.004390109985713913,0.0036214345241695196,0.0018499621052347256,0.009005962310081625,0.005357716869985695,0.005392571201292617,0.001133244686000164,0.005676633465387344,0.0012277176291437912,0.005427013317091298,0.01635387194162564,0.02435654984666462,0.005254192439959127
0.026104362253966177,0.04628430165868696,0.04815557149119713,0.016204779124822252,0.05334043760683617,0.015445636336929268,0.03184087866400584,0.006457062861337561,0.006334130856335368,0.00287390447243886,0.00394876971434471,0.0035939375927777823,0.003888555118768075,0.0525258202338194,0.011157431544571907,0.16584967078884885,0.0019303724369304457,0.0022798319209457493,0.0017992958940399074,0.0035992315496067378,0.003503639378354854,0.0032222920203594805,0.0024459840457027493,0.02162417955058434,0.01182641050139583,0.03202888510016494,0.22118472831574734,0.0035617313499039438,0.011784798498986043,0.012191656690983434,0.0027757154596142397,0.008749464274682973,0.0039276137892505485,0.013205197296869305,0.004206031928903373,0.004429817304756739,0.014133317003901066,0.0015425800266997253,0.010356401437496126,0.0029491971069792026,0.013540415668060466,0.0011057605315765073,0.007059106282546982,0.004234306798856346,0.004146869366416067,0.0012224854619639505,0.008128007005375313,0.004433995653781321,0.005106868463756986,0.0010403167098361314,0.004997220867681655,0.0010860488747757003,0.006415845542842731,0.014766053788113428,0.024160029931014994,0.005293045850855992
0.026140985387361124,0.046235018167977274,0.05645109282962059,0.016418418113271292,0.057874928125810625,0.015494908496985583,0.034259684611992185,0.00672209269410926,0.006466471710935187,0.002783709245123575,0.0033604272986133394,0.0035894308597040655,0.0035603083293523725,0.052648198663529565,0.011719486025900502,0.15757814367514292,0.002143047055538274,0.0028294705876659274,0.0017602529552496239,0.0031658082576762536,0.0034253503148175884,0.0038921419188027843,0.001997318675335789,0.0188777742633441,0.011613634155766203,0.029317092593060787,0.2091369738766019,0.003529849952961917,0.016143075663713282,0.01723237290924786,0.0026933841112778485,0.009256177328305892,0.004096979573768704,0.010514463196599102,0.0036291104973400438,0.005468587547557133,0.01527399648261668,0.002127925588282997,0.00972638645596942,0.0030682166404935726,0.011298888190705023,0.0012026308850141497,0.007814191193084803,0.00429423653412668,0.004518206797690821,0.0013975303663332063,0.009434061076449932,0.004824706009087134,0.005777888427638544,9.8152281147236e-4,0.005998432812526131,0.0011415875809079657,0.005799991689688416,0.015080309502035798,0.023617163024673378,0.0045959582611425085
0.026424037377974503,0.044358493445706595,0.058957872907416706,0.015428517474989958,0.04807773747196092,0.014239232259771821,0.031474887956874795,0.006020939520907198,0.006187619828991524,0.0029382504958124357,0.0034739804190908065,0.00369836151070112,0.00410290868098782,0.05760985919314414,0.012297228958541429,0.16353234234004577,0.0017605726612037146,0.0027282576458662337,0.001549645419044596,0.0033693545626591703,0.003614677387673443,0.003298524526633123,0.002686772594877078,0.01738512703503715,0.011587274142461582,0.03739257734170848,0.21861879217931468,0.0030339251024994996,0.014635664216567021,0.012149952878312427,0.0029785986316648084,0.008275209650458002,0.004566084421694817,0.013007953623983173,0.0035332327884513995,0.005033251377173172,0.012881720298716709,0.0022913560008041146,0.008154454451078217,0.0030338461185327463,0.011732370892564478,0.0013090073094897353,0.005978550785092197,0.004368575630705302,0.004007347227322012,0.001359882743746923,0.008766066371970327,0.004852243487397676,0.005366590704897303,9.66482169947506e-4,0.006099698267448146,0.0011251603543008712,0.006600015127613898,0.017852410106283752,0.019060667542850206,0.004165836379036755
0.026022803955535533,0.04257359257695322,0.057016408766516966,0.015979108633851342,0.05397578272678192,0.014846171201558997,0.0329144704208255,0.005777393347041141,0.00613353516946703,0.0030750127246375433,0.003414533658494613,0.0035918282760637713,0.0036283429192865385,0.054976791406476676,0.012375221761870956,0.15546053319104317,0.0020737337453476177,0.002842169087691158,0.0014763446853436949,0.00365759436435823,0.0035372709864987485,0.0035638369962442355,0.0021968897969250173,0.0202085405307073,0.011573213914476584,0.030454021558348313,0.2214193468675758,0.003541247190719285,0.01364881689159342,0.014537330515943855,0.0032263349786283337,0.009291080450474715,0.004454266004012806,0.011830251205142132,0.003462702871705037,0.0058331470178076454,0.01423272503968827,0.002553461029153619,0.008447463020632155,0.0032920598591489295,0.010957589885778218,0.0012564458918333107,0.006915733054024292,0.004874954242633747,0.0038709044437546533,0.001836227291520749,0.009583392273384459,0.004869491172220642,0.0048151283839915566,0.0011404321428454326,0.005595592304193496,0.001107391459723005,0.0060406892067827005,0.01735756718147013,0.022113616194030152,0.004549465527241562
0.025702926390498957,0.046552926030791975,0.049077033158877056,0.01592363934292392,0.05578133313511434,0.015337969839678464,0.0329148755705207,0.006760123746720375,0.006729511576190693,0.0029395787347059276,0.003443965282767966,0.003697499256475346,0.004174415197445567,0.051868846599017006,0.012085375930034678,0.16084147457048806,0.0019776746605039376,0.0027880570613367114,0.0019225584026344288,0.0033919449655824656,0.0033984624004928417,0.003328855898160261,0.002430211729489287,0.01896369115666622,0.010866130910448558,0.032414435401525055,0.22311072114010233,0.0032894457427537016,0.01469562247884508,0.012060545500894342,0.0029491620893562706,0.008349103628931208,0.003169951397120366,0.013657159457790531,0.0037569669425029668,0.005275604682126218,0.01551562153227782,0.0018532095656848722,0.009899084133156934,0.002918941022046125,0.010493746477036044,0.0012363508518179515,0.005906139553656523,0.003930528611776188,0.004260932359444264,0.00183997526567632,0.00852318389153717,0.0048150054278921425,0.006090295767778859,0.00138028683821142,0.006555912905417616,0.001040337655948073,0.005749021850819441,0.017064984379757682,0.020993513792924336,0.0043051281076264105
0.026044618011348327,0.04308529387902337,0.05200722916642669,0.01616600096033926,0.061523705302763736,0.01722581815104044,0.03465576271528812,0.00650997983612307,0.006530024293420506,0.002998191770950995,0.003956150728727483,0.0037979054917323613,0.00398026640070108,0.048877418775357694,0.016431815291820712,0.16527272910783106,0.0015836735157958868,0.0025858821038752897,0.0016875968987894285,0.003388331598960262,0.0035296186625443857,0.0034135426901466914,0.002683116699774482,0.01943224984826476,0.013550980692541877,0.029288015360543533,0.20752705713082714,0.0037370668346347643,0.01496156329352008,0.012259924463860298,0.0024511563733883384,0.007831967957977037,0.0038883905215779495,0.014847277356497742,0.0032286785786199,0.005851972051216785,0.013147167827819176,0.0018606363088035623,0.009079008743213319,0.0036594558184264974,0.011047475737508132,0.00145666906595353,0.006841684037836439,0.004167695497707603,0.0042867019140926,0.001454738147907587,0.009874507495136114,0.0051444859435940135,0.005601690988587447,0.0013889247148916116,0.005267766028982996,0.0010514240753453777,0.005961454866883512,0.017390488265826568,0.020158828059070013,0.004368223946162393
0.02567822972668525,0.044836296730432795,0.05185503678224195,0.015953878013838733,0.05319364789930633,0.015325915029098103,0.03418368490369379,0.0067874166896130595,0.00666670835422996,0.00272099367396626,0.003640802413156736,0.0038458456089910343,0.003509114669752319,0.05457877077368069,0.014287396567884464,0.14691054045499155,0.0019516696907699712,0.0027143109967432385,0.0019508768057661253,0.003165506417112398,0.0033241875448003087,0.0038040949571879084,0.0020581463525783886,0.017541171969533115,0.011163538823801455,0.027720254956956483,0.2439167788635566,0.003005513395492752,0.014161179423389953,0.011176543949949568,0.003008110513373583,0.008166347404310836,0.0031375348492995773,0.010531937341666927,0.003744941752831901,0.005344890962551131,0.01402028646456301,0.0016465776011668396,0.009922458428137687,0.0033167346173566927,0.012176811290155534,0.0015596906618071298,0.007125055946373064,0.004505454672183878,0.0036357004619446825,0.0020625166099720593,0.008656346060673557,0.005079913714167028,0.004972758239042236,0.0010168426753237982,0.005759597992486904,0.0010618400176350146,0.005451857681933568,0.013001635045598222,0.024152492631082594,0.0053136139251612445
0.02525804176186378,0.04606807716323088,0.05240593613996419,0.01658855939289233,0.05679100115198022,0.015519248106830337,0.030344985753941348,0.005992583557331403,0.00700189906590473,0.0033603238409714792,0.0036873310594368316,0.00390939028804324,0.004419047313446577,0.049313351321804824,0.015255283560831046,0.15447363068119524,0.0024103791322639657,0.002477313673848261,0.0015372550420350015,0.003669807614776115,0.0037416687355665305,0.0032040055114317704,0.002737834066501808,0.020875323785207456,0.012904294915887567,0.02836613334323944,0.23109027561055095,0.0033384048689200263,0.01308564156149691,0.012491001346534504,0.0029074824932278686,0.008382866968386474,0.0029137804414713893,0.014662338451833196,0.0036471059099173362,0.005030440131867108,0.014262871356609728,0.00195892018646014,0.00984569534147686,0.003236662120344893,0.011285236621638358,0.0016454379554664599,0.007439763826554185,0.004289512497462591,0.00397279039144249,0.0016786429257222449,0.00879575793647912,0.005055757855042645,0.005884170682360851,9.502058146769492e-4,0.006058520587379983,8.951428251801722e-4,0.005758437922275718,0.012626288783281099,0.019992384509511685,0.0045057560960017635
0.02518072657371922,0.044167284051815185,0.055473938220940135,0.016187939922513356,0.05312758703973682,0.015320029674845973,0.03192972959434601,0.006516878132078708,0.006202987973460413,0.0031667189134576023,0.0036232649085052577,0.003361890326580526,0.0040478393388094945,0.04748476875181636,0.012266511869198868,0.1578158211290297,0.001994868924134954,0.0023705815149541597,0.0014993320104668458,0.003599479418554837,0.0034872936192610103,0.0032954961034203766,0.0027722750347732934,0.01944580604748876,0.013047830593022898,0.03025084300152517,0.22340053731816664,0.003501862432783303,0.014719735504028943,0.013156138829466382,0.0028025910909494876,0.008509989638480013,0.003641046553067025,0.013424315854653996,0.0036952886444026906,0.005351552094448325,0.014875426428971668,0.0020752599371563958,0.008960498124324513,0.003553456825631519,0.012386307000098792,0.0014197760312467905,0.006750295633659957,0.003940764729422121,0.003762481241133263,0.0015561496835514307,0.009824743167459397,0.004283001845644667,0.005246144287715256,0.001385821952775419,0.006648071188818208,0.0011134882072672977,0.005533082866542848,0.014284658157896445,0.02762720897440024,0.004932583067381002
0.025187456196083875,0.04713990871541585,0.05746739816946029,0.016704695239684385,0.05220486466263591,0.01553881814103837,0.031148216291115888,0.006159981623011844,0.006731783686084331,0.0028653288896815397,0.0032975348925938707,0.0039227217332903986,0.003978088093964721,0.053361533060019596,0.012829819700022378,0.1537869336526064,0.0021102981009111046,0.00284103546238625,0.0017327231188368278,0.00331816680122483,0.0032381964879319033,0.0033524616015031036,0.0025251248494345515,0.019823827338319566,0.012301767912583448,0.028105234639592785,0.2249012805205522,0.0029442707431978107,0.013696190978378795,0.015909340711596002,0.003102962892091127,0.007799615432896922,0.003426001510968494,0.014759480988284597,0.003485855400115495,0.0048191781324534826,0.014353688628002658,0.0021844474358733612,0.009579024011390123,0.0037549230412547083,0.012480128647011483,0.0018303702006976519,0.007307188017860881,0.0043837393184382656,0.0039362914676390765,0.001337981053602993,0.008501540149293482,0.004819149539033249,0.005449149465579878,9.749883334006047e-4,0.0051684387183441845,0.0010324436666392892,0.005869094693051597,0.014516355351259894,0.021608206585100244,0.004394755306557498
0.024462663461743753,0.04660431844988668,0.055441052612248555,0.01622115189699704,0.04691882174779551,0.01530752809868331,0.0347880638417972,0.006990884483064904,0.0061466179409208725,0.002557627030493385,0.003757980591494882,0.0037897450097093745,0.003741708087939285,0.05180361561243228,0.012506798944383054,0.1389374014218423,0.001941056158668912,0.00239214810225313,0.001792036049942681,0.0035249357475077886,0.0035933389428539205,0.003225112901169727,0.002330887818589868,0.01515058110800785,0.010424150109128434,0.02573938270457777,0.2580599752110829,0.004012122170822029,0.01386862399101976,0.013955271098906721,0.003212761790095157,0.007408184664220527,0.0037073927810136707,0.012472624604348444,0.004037643630293512,0.005552391221519546,0.012784325432241646,0.002041974500967839,0.009971558385684956,0.003316238562177018,0.012407406717663053,0.0010313534003889527,0.007333277201923366,0.004402861018195898,0.004068337470948054,0.0012871670732189295,0.009290989944868332,0.004644700923565306,0.005770537198885647,8.284083813962466e-4,0.005607642579783477,0.0010111086776233452,0.005735819914185846,0.01476346643251152,0.02239281964451842,0.004933406501797389
0.026196172327292863,0.050243533435752004,0.054413058370028064,0.016772284401392692,0.056162363218871025,0.015454244199600809,0.0327756735119431,0.005662020672303532,0.006651202425249352,0.0026542850228472373,0.0037785737525744835,0.003958048266657948,0.004240627892984549,0.05504294737132081,0.013768223573059367,0.15093783505001884,0.0022610823616871613,0.0025820730185361577,0.0016507056267127589,0.003573883191625628,0.003809643542549336,0.0033637922118318806,0.002592859431194702,0.016655762696112745,0.011973509077727443,0.027358709489511628,0.22067114748595285,0.003397848290718487,0.0163097206832919,0.013909926341054554,0.0030631084773232575,0.009098940941825479,0.003792401653481616,0.013194472684092734,0.0039510712004424044,0.0051794526028605395,0.012991212503807368,0.0019988480384813233,0.009371676075472169,0.0033908934484249567,0.012741461471867395,0.0014918372096138762,0.0070578461835005815,0.004938442516669115,0.004187076787140301,0.0012628498866496367,0.008343312667980662,0.005041429112270642,0.005498820701797449,0.0012759428424064917,0.0055265630912389825,0.001004569020979189,0.005991990744973341,0.01411347883988418,0.021580608019804926,0.00508993633660745
0.025365062142388078,0.04464203496287109,0.059075285964333146,0.016054275872218023,0.05840230057194065,0.014770289801252435,0.03402119178553218,0.006057331375921075,0.0068256221599506915,0.0026094786877221402,0.004199859035797435,0.004096845367975276,0.004413040791483731,0.05009125720260249,0.014540359290617269,0.16475204361352555,0.0021324278010809747,0.0028681218311613055,0.0019867355127235363,0.0030877452056789077,0.0035507099550514537,0.003940243470158926,0.002598162459540662,0.020632032524372124,0.011662192368026071,0.0253760488085569,0.21105410389842041,0.0034177949732355317,0.01398991246729773,0.014312582856689427,0.0031131391538193076,0.007937417618355182,0.003504755463904699,0.013219755637410681,0.0036602039684264236,0.0052762334062485755,0.012595959344046592,0.002213050222923431,0.007659388955296039,0.0031882541901288148,0.012067247951444288,0.0014787508018733225,0.00655476501559736,0.0044365966003950255,0.003713449335997479,0.0012063086273911311,0.0076360636094937795,0.005331242937831792,0.006022195272550624,9.492109354741613e-4,0.005516546784118338,0.001195177825279591,0.0051376046592629425,0.016501249253275386,0.025061773763847505,0.004298565907482307
0.026635800651305996,0.04502696866243387,0.055238723668155076,0.016624748165331375,0.06289844327630909,0.014793258870885513,0.030154537256763835,0.006494552912468327,0.0063189925301990555,0.003049558152149207,0.004048757254099527,0.004293671344354324,0.004019999671455715,0.048923364816046665,0.013723446662718717,0.14120106671863758,0.0020665246332344854,0.002575195792019413,0.0018410598028859202,0.003506454016656176,0.0036000416451058385,0.0031136157355730045,0.002326344295084502,0.022192696942065843,0.012219529209694357,0.028139099875657554,0.2309327213109795,0.00369239242840593,0.015175078116153377,0.013050670943175934,0.003731911265225385,0.007290895564798641,0.0041094823354887984,0.01584523139962414,0.0035141637444927633,0.005814325699730165,0.014276172215770249,0.0024366373383254906,0.008585663078565158,0.0037650709156240043,0.010866004598756723,0.0018417596242813158,0.006640730171433018,0.0045000790653336765,0.004110639062328163,0.0017000059279664577,0.00923365427587565,0.005128881572118998,0.005225821003910072,0.0010704886272485587,0.005159827716384724,0.0010571726277898148,0.00632198224909909,0.016386875338870403,0.018649287295742098,0.004859921925210739
0.02565882480105765,0.047346135097656776,0.05606186685141323,0.016345812310033236,0.05260923573827994,0.01609538321324717,0.03246990203229317,0.006026720817231635,0.006253103462471388,0.0028300331343606155,0.003687254287000707,0.003728312410563101,0.00417073946674083,0.050691524360891235,0.012016420893168008,0.17208808363257605,0.002132007212648768,0.0030211643031648012,0.0016225066861262794,0.00361552205319364,0.0034229644024595923,0.003334198595673123,0.0023839411665865337,0.020065114248834528,0.011350243889022608,0.025782555353911867,0.20618948051265062,0.004094743436743463,0.01896342971873075,0.01483307344303029,0.003154066932885319,0.008940641454491322,0.003308939966499154,0.012007205389649089,0.004067530791670938,0.005750344241888559,0.013187759597768444,0.0017198566983433379,0.008757852411150503,0.003241954725125249,0.013153777014392135,0.001464683517406137,0.006766382720961716,0.005042761526130888,0.003960609871516565,0.0015475242816479651,0.008117383088987089,0.005044918709333116,0.006106328086834564,0.0010572666679750332,0.005494080404007984,0.001057590136193741,0.005661254758821462,0.016154830955729317,0.02156607512828246,0.004778083390546303
0.024273703116883646,0.04469201868725408,0.053405759292949904,0.01659846108188304,0.054756360252631836,0.015666146576065715,0.03280581078914772,0.006450654670206608,0.006244220984931506,0.002689559796416578,0.004020053003357831,0.003698097494910878,0.003760753329986946,0.05224023159761951,0.012419096407936136,0.17721134911590436,0.0021999378873714553,0.0030730125192270008,0.0016297240913358971,0.003264817099891426,0.003075736367848607,0.0034140219572644276,0.0031574781868989182,0.018367725938037528,0.011096526592600787,0.03123003599249943,0.20120748009384437,0.004438326234825376,0.010938333509360592,0.014379803896681616,0.0033400575902826006,0.009436082137434843,0.0036227873267639593,0.016829269444711116,0.003720490181415982,0.005569543729024996,0.014560587407821901,0.0024820017111024406,0.009064063495790453,0.00319732394727516,0.011729817054974959,0.0015517655206705545,0.0069310564879936495,0.004724080273565398,0.003727022067797307,0.0015850728503692209,0.00889943463579321,0.005419215771197786,0.005323425327733326,0.0010427642065287718,0.006123026947471133,0.001251005105880504,0.005625847470555299,0.014926073137564121,0.022364115721893202,0.004548833882614339
0.026536202662994977,0.0494718089075207,0.049462690197812374,0.01713623443914867,0.05460728020096772,0.016047558613278858,0.030759348529712124,0.006388756800501439,0.006630084063501409,0.003059622668694373,0.0032711353401551615,0.003540814920793398,0.003536611238956222,0.05302073954398393,0.011519497588954871,0.15966349115982062,0.0018552208815442056,0.0023082743980372767,0.0015437101118576904,0.0033672075278143748,0.0029221560126019785,0.0033774729491350603,0.0029168957865689416,0.017983661666318894,0.012329640263396542,0.031311395096916314,0.2258352201025801,0.0031145350907006526,0.0130978638466359,0.012310381188961866,0.0029397702015548604,0.007318647588528059,0.0049047246175136705,0.014136797405833302,0.003206962742873953,0.00559505195291715,0.014500844853563911,0.0021303443962179826,0.010012889340683267,0.0034514151887399037,0.01078284370160582,0.0014335182415527714,0.006880004366729706,0.004674114662917645,0.0037267088294984816,0.0016472291488681455,0.008013097014518654,0.005013242535402133,0.005837268361317392,0.001124915189565808,0.005803482583559848,0.001097709982584573,0.006533709799954039,0.015583671141911516,0.019782694835974987,0.004942829515745779
0.02484254159813524,0.046125738719033804,0.05222699841707778,0.015995843658010444,0.05172551018865543,0.016613862007364723,0.03259409941768211,0.006362529467582749,0.006414564781411329,0.002965126523950839,0.003730849503564229,0.0037005911762770295,0.0037830276034457907,0.05221597395108545,0.011293682262516926,0.16128802928077765,0.002238073546764291,0.002543248880892423,0.0018301669903734422,0.003160611204909853,0.00347970179090739,0.0034118399027574767,0.0023416206740368775,0.01778724483856159,0.011932625987217118,0.029899463051321615,0.23013013657681614,0.0033435647935252744,0.012752327603825057,0.014584602725660924,0.0026565043987624363,0.009141771321243306,0.0037062377339824475,0.014595464997637237,0.003484601761804428,0.005978946409017328,0.011832704076535803,0.001930411790842881,0.009236942341381388,0.0033502985156426916,0.012905947703096337,0.0011875372469732364,0.0067570432322377185,0.004496117847648916,0.0037815043326707293,0.0013983323925385786,0.007842185976420038,0.004589749171468372,0.0055374242685663315,9.304995597293517e-4,0.006305945020680463,0.0010543794278136782,0.005663525235947949,0.016922207427425142,0.018809848866679447,0.004589671819112763
0.026127681204495556,0.045026192768262,0.05533034355725075,0.017693061449906483,0.056297395004020076,0.015309882747609214,0.03457549311648887,0.006437975081072166,0.006511068496628818,0.002792917055969831,0.0033712391771123893,0.003827147643681722,0.003594277271893316,0.05175287439574289,0.01574706848720154,0.13688397742011355,0.0020131308477406504,0.0027182260712411777,0.0020426512604223425,0.0033818464821445166,0.003392904011637236,0.0033359402865748974,0.002405705307536153,0.021817649940949906,0.012375891555776048,0.030988331839623098,0.21416279000449576,0.003244124942206803,0.01459059477130048,0.015105289463629186,0.003012640320741261,0.008097615487231782,0.0037892208082396478,0.016149091343953308,0.0034960585229696787,0.006049845093446145,0.016148150739175065,0.001896896221946847,0.011294848760087359,0.003655615868503536,0.012048025716753983,0.0016690969033223424,0.007246914150162902,0.004817035875699495,0.0038367300900299895,0.002171133677509896,0.009383409279738115,0.005846046127219308,0.0056725331735153995,9.82593014325527e-4,0.005821951289902588,0.001176962274620973,0.006073051616744005,0.01804192361620922,0.024353945309704514,0.004414993055519713
0.025514066518579875,0.04561466588304545,0.05515203089353673,0.017135995456989492,0.05272534686935588,0.015783946665683724,0.03345758279904147,0.006545687842185297,0.00671743393672064,0.0029565164230179308,0.003452729770343264,0.003800964303922588,0.004056982033665288,0.05462113126337711,0.012621966667656845,0.1444647006175177,0.002052172356930852,0.0023253861381981825,0.0019478708977512477,0.003369259340879216,0.003271051650283054,0.003497704452520914,0.0022970945202744346,0.019866702270712064,0.012007030861367982,0.028673807745543997,0.23555410088167325,0.0031872986688711385,0.011920028366861853,0.012613557507122192,0.0032847586174468498,0.00917500189289831,0.0040622294443377754,0.013903482650766394,0.0034883459392567014,0.00513340178176283,0.012386269110330209,0.0019352892176455506,0.009286196025530541,0.003187887972323801,0.011261716041311333,0.0015842319397891733,0.006958851184797229,0.004369424425317232,0.00393974086543267,0.0013610863916012897,0.00863876838283739,0.004863107675694751,0.005769397174598943,8.810800539969832e-4,0.005568640056853388,0.0012665384925064054,0.005168914535324177,0.01760878244446604,0.023409043962399272,0.004303000117145078
0.026727674812701854,0.04589291844095379,0.04910324428747265,0.01646299704671905,0.05428257174452149,0.014916129370097122,0.032223357054778336,0.006703400723813205,0.0059260353148831955,0.002686887908714277,0.0037625641330238575,0.003584101611919266,0.004128044274819293,0.051809230700443944,0.012253078302714507,0.18710383914134665,0.0021685409882350255,0.002710276479218667,0.001751310601898989,0.003686815961241892,0.003328534927771102,0.003096532686637717,0.0026771475979578264,0.01938751408152796,0.013215593731483058,0.029698540540707953,0.1938717634357598,0.0033304495647121595,0.013838005931864633,0.014753645419314303,0.003057019083100296,0.00691011673685132,0.0035521449690031465,0.013158878395211987,0.0036050156697022876,0.005804100388195732,0.01475919079234857,0.0023574196330886053,0.010058004691663406,0.0029951312358133045,0.012517471602947847,0.001275103623634576,0.006350540017082877,0.004473060631411808,0.003738458715379967,0.0017348951339826873,0.009133405516955071,0.00550891778942094,0.006392860503229943,9.308874815606302e-4,0.005805218012707853,0.0011399647319264338,0.005665821824451942,0.016346035274855227,0.02243810137682916,0.005211489351390845
0.02654780740424155,0.045315098294745185,0.05163269919812467,0.01646676254182274,0.0565929576929045,0.014892413728597047,0.03397242490351854,0.006078018112591646,0.0065441988750607,0.0028831354691830507,0.003868991512971145,0.0034384340449745408,0.00395089296276313,0.05770596486403921,0.011214139806088987,0.1635869353646726,0.001844151605281851,0.0024501596924393194,0.0017317908475513414,0.0035722832277615972,0.003411656499521588,0.0036158729291661425,0.002737939234402639,0.02080968086916185,0.012838844396385057,0.02702275163397106,0.2038584228533781,0.0032998518588867286,0.014188166235823708,0.014417492440914685,0.0028770937698404998,0.00936216205619639,0.003907282073176767,0.016394152089749012,0.003712823604348387,0.005017198418524014,0.015672116326614114,0.0023721568512162458,0.009166562220903594,0.0031542207226796463,0.013242689799005872,0.0016270122272015498,0.00682643344829591,0.00441678109205976,0.004136679422006641,0.0021291649729906358,0.008533504150896664,0.005490912570074662,0.005283798371379566,0.0011378391347974452,0.005452788981197228,0.0010769082975244967,0.005888691960362867,0.01564586925503695,0.022151479259399073,0.004833739823577141
0.02681689557288964,0.04577804701164397,0.05142905610907714,0.015414600901162612,0.05644148945649175,0.015955979122275546,0.03356476141508121,0.006567607728024195,0.006476369553570409,0.002979581169858531,0.0036868175030195585,0.003578596522629115,0.0039738749151053895,0.04699875750915654,0.015124376975909107,0.155554673165576,0.001935682853453157,0.002638797719539691,0.0016353933700420959,0.003447663810642501,0.003634101830477623,0.0035604339528849576,0.0022952816013701908,0.01719675149624146,0.013094832662063034,0.030146236115225548,0.2264765194112465,0.003327966689265939,0.014760957768576725,0.015258925147591227,0.003142422053826368,0.007944144847551526,0.003626221547787299,0.012770271752025933,0.0032257460001701493,0.006038035549957729,0.012898554516353779,0.001763813162639941,0.008803014724443486,0.0033341503548231523,0.010471525129260344,0.001408387236272974,0.00633413701648153,0.0042351071192507205,0.004247740092988545,0.0014048621769406312,0.009152147889587955,0.005149724030955497,0.005750116445981527,0.0010957657166132645,0.005996285756695838,0.0010346990852970971,0.006614071327261927,0.015178404333153947,0.024204749161287294,0.004424873912300231
0.02572218086330386,0.048133235320821685,0.0507333943461325,0.016351605465592483,0.0592212715796569,0.015492126999583248,0.03126606807662629,0.006741775025946186,0.006397930404116375,0.002770733816322127,0.0034537590374552718,0.0036869812847214194,0.0038599247441519252,0.049026207766395526,0.011446307625162692,0.1633319914310297,0.001994665438769602,0.002173447440925546,0.0017580254696378914,0.0034010670607284533,0.0037387649858815378,0.0036135986837941597,0.0026573775015530155,0.01673356963109124,0.011737369443382484,0.026239425612153703,0.22773115011302053,0.003599959427455364,0.01564772784951228,0.010910363104989305,0.003015484149720685,0.009051345628048983,0.003595744040161515,0.012839862727949446,0.003659135056896293,0.005358290142443553,0.01304174219689925,0.0020845899103546775,0.009504441477440074,0.003701434896917026,0.011853352494627507,0.001433899698215351,0.006558517284633152,0.0046983189398475,0.004294587982838883,0.001399106288045844,0.007470717425922593,0.0050591001322236985,0.005904189203139217,9.887988414782032e-4,0.005752222215389032,0.0011402490571696376,0.006022976809312563,0.015219263726051648,0.02181327160358558,0.0049673525207748325
0.02481739444565963,0.04583365584826298,0.05219943784328711,0.015996261724070787,0.049063223041009886,0.015589092412303588,0.03234221272951898,0.006335755153954248,0.006339055016001627,0.00259511761915156,0.0034016887518416557,0.00423153333710598,0.004166695469068329,0.05227987536876216,0.014443491686565254,0.1563955806971446,0.0021028915935211185,0.002675482930438492,0.0018593044165935895,0.0032350157011336684,0.0036971305831311804,0.0037384591210886512,0.0027409516167075623,0.023639600762416228,0.011935596610342535,0.031494060176959715,0.22642270211247592,0.0037519607895640226,0.013724299781725723,0.011585271593708587,0.0031034748065068537,0.008811759131493648,0.004485249134914018,0.013831350057985936,0.003242904886557724,0.004715564681135486,0.011919091827715006,0.002005059699471628,0.009337718667246182,0.003849550820559247,0.011912245096651102,0.0013372837107136206,0.006801278095014081,0.004838625449865537,0.004000214688068965,0.0018241045725838703,0.008465893501805571,0.005277014290611339,0.004918552919875301,0.001112655649302135,0.005435730516535454,0.0010577127005368624,0.006158211512420481,0.01646794049650071,0.021638227997730554,0.004819786154683352
0.027369246067643835,0.04594039806250505,0.05318275172533966,0.016988928614552843,0.05211107523591151,0.016309297204888648,0.03323680329033176,0.0061238912531303485,0.006788075689528779,0.0029833059320788008,0.003219838461995241,0.0037188758564508395,0.004006830286973928,0.04668229308012973,0.011747303489376294,0.16135857179363156,0.002170349647490564,0.002811692362698332,0.001974833661932836,0.003271869498824258,0.0029182241932550392,0.003269566166669509,0.0031631671573482474,0.019876058520963198,0.011610076375209458,0.025864057897770767,0.2291711344023831,0.0033580574077695757,0.01288681704872634,0.015574186542695623,0.003091961652444794,0.007326447625537574,0.0035486315297082608,0.013000304306581625,0.0036443053942780265,0.005609690981839679,0.014309772505865896,0.001904278706539185,0.010028793299078811,0.003191706418867184,0.009817814619832966,0.0011878349851445467,0.007024018636640348,0.004842113009249329,0.0043192785046370415,0.001667701186910979,0.009412865700678383,0.005154278818150447,0.005462353867906158,8.719049555534089e-4,0.00613134518785748,9.820104425298304e-4,0.005739467841839709,0.014649434321911355,0.022389752787860023,0.005004355784351261
0.023895337755288265,0.04545993711142196,0.05320349728323388,0.016523859866741163,0.055318366524931516,0.01526020309745158,0.03341332353050346,0.006250490933439142,0.00707431143757227,0.003083088361613215,0.0033428607403151642,0.003795569197017558,0.003791345105323091,0.046905747269400985,0.009884797931603127,0.15857328933340728,0.0023063441428351253,0.002538302200405815,0.0015019360068983924,0.0037676473493175188,0.0036432557238018667,0.0032297830298968428,0.0020120287221510897,0.02044929053729064,0.010376808587888076,0.03030018972126271,0.23003502097282189,0.0036221829405901603,0.01628663309492193,0.013198734118871744,0.0033094747402874418,0.005897651398523982,0.003708114582292713,0.012801353373473793,0.0037778289873332377,0.005726563527652566,0.01347216288285982,0.002118058004860739,0.0095535102671607,0.003537721654017187,0.01238501309047642,0.0012223287913700662,0.0068846652051820145,0.004930564137021885,0.004169827373927616,0.001098088435461969,0.009237174277097198,0.005248324645852519,0.005794440422661165,0.001190427486574395,0.005967606444230077,0.001004491717452913,0.005617639060404888,0.014419060936887511,0.023321912284823117,0.004561813643896563
0.025660749796544695,0.045352623073710574,0.05162393246344121,0.015294871737893982,0.05923635791252463,0.015434593174919508,0.031277636198960145,0.005989342348442816,0.006313989850509912,0.0027262298608560706,0.003548136345982966,0.0035239094564908455,0.0036818519646420315,0.046903283400983424,0.014749298578296125,0.15461975496906924,0.001848515320103707,0.002748579172258312,0.0015884157201298934,0.0033983082491864723,0.003921458676307807,0.0036465145302127795,0.0021640265807114953,0.01991110743344433,0.011285066944501317,0.03512314723901573,0.23100407167456857,0.003111085948000061,0.012705239729488641,0.013679918552948773,0.0029114534868071545,0.008909217867613749,0.0033006062280108417,0.014484245961456142,0.00373839749422185,0.005111481766887828,0.012566561702900676,0.002398064619104738,0.008892112857628249,0.0031881313572895403,0.010925098538195423,0.0016149887145516825,0.0067051227408826885,0.004511676090527179,0.003746492812447159,0.0013556642487477968,0.008383021037455758,0.0052197737769046956,0.005676258352308292,0.001154741481471171,0.005628012798947861,0.0011608148368757781,0.005836008798327896,0.013939778893446296,0.021898029910570042,0.004672226722273501
0.026493694690632334,0.04914358014351418,0.046921996498250344,0.016838024342355918,0.05038995924625793,0.015418846403117947,0.03123656962514938,0.006237635538031704,0.006003727751947119,0.0029251111901328116,0.0034346699295924486,0.0035460364538730366,0.003604179417082353,0.0527127125553979,0.014065578273987233,0.18878495597725967,0.0018941689823962307,0.0024639024071826526,0.0017698729052994955,0.003329782125757771,0.003666134640664469,0.0041403790782930695,0.0027220848174550633,0.01877035746030835,0.011518629207646158,0.027377631238579066,0.20370537197950872,0.004055360155568317,0.014215962523698725,0.012834198946789402,0.0027036635811054847,0.0068253969532361,0.003642502597034533,0.015067339994138606,0.0035026091433494394,0.004828712177769093,0.01311164355238554,0.002223017866381936,0.007562782236966115,0.0030888967279623066,0.011309259485846355,0.0012203565356806152,0.006745856367684098,0.004648130698388194,0.004048932078557487,0.001916782691538784,0.007785353155430234,0.004886087736431462,0.00603214165188837,0.0011819486786347286,0.00530672781226069,0.0011657950693860339,0.0063424314179006385,0.016278680269586454,0.02406428929155734,0.004289547723169578
0.025288089039576012,0.043851118417350926,0.05665265149914303,0.01625385856480066,0.056191243786174044,0.015621851183848788,0.03301605217919174,0.006483492239165792,0.0060524696049564,0.0026127327084299982,0.0038676883946249696,0.0041041606941059905,0.0039870900014165765,0.04656093776802781,0.012778028760888046,0.15470873537335145,0.0024220971972458596,0.002983585670773111,0.0015639072296511547,0.0033653318941974557,0.003795901379629979,0.0034121443126844606,0.0025026146981756963,0.02212587368492683,0.011290130256575857,0.02749583741719482,0.2366122329249326,0.003395469455796725,0.012703499421321554,0.011804064143378057,0.0033954729056660865,0.0071601820078125555,0.0027850438774429595,0.013529551308333195,0.0031593532403647265,0.005427097609871296,0.013181262740851773,0.0021716780195487383,0.008946671435306596,0.002876981437387726,0.01124036829080689,0.0019493887000713948,0.006557351092917954,0.004680950795659904,0.00432168444143378,0.0018216774824224196,0.008008864415295976,0.005491437139404483,0.00543518456399765,0.0011522378521299794,0.004811419183353927,9.864716253281608e-4,0.005634599600605426,0.014731819480080234,0.022637395040414943,0.004402965811954811
0.025415923273963918,0.04547887736456136,0.05253430149230438,0.016816954561209074,0.05573402051208088,0.014812477229435584,0.03270784789433721,0.006188120101535248,0.005682943720118794,0.0027501849146736547,0.0036937831404674146,0.0037299004284902923,0.004087287514210423,0.05351137324448182,0.012037876854344667,0.15339904754589415,0.0019544741984558554,0.002329117805468117,0.0016885382384592797,0.0034998309673347845,0.0038806481630270654,0.0035915820765490087,0.003089989116984028,0.019452262515192952,0.01163750697603502,0.032102067939177116,0.2210381331029039,0.0035358779855349854,0.017480074030090983,0.015421687045710048,0.0034476971818730947,0.008312597590716455,0.0036706501752249046,0.012485390526217333,0.003368827941553019,0.004890734322118296,0.014395850869391711,0.002066457934761148,0.00943964231821958,0.003410130398818284,0.012706618634620765,0.001174542013674438,0.00678414539222118,0.0049076915576422445,0.00431745255666633,0.001306352286412228,0.010016035446952913,0.005550261385360622,0.005419173876695783,0.001202098134477241,0.005592317806583291,0.001074030240193056,0.005243835493242768,0.01393730615356654,0.020950416055228516,0.0050470337545362775
0.023890351156774323,0.04632578488247056,0.055291368911922996,0.016025564876152202,0.05561126767795044,0.015202807376593536,0.03102721259151545,0.006137789416496435,0.0063552354331840024,0.0030147282793875465,0.0037450450392950657,0.003930853838684936,0.00431445661680128,0.05376685493658702,0.012383807583507222,0.15753336590433967,0.0017678602289137315,0.002915530189345119,0.0017924453416883414,0.0035895910838302267,0.0039781645375616785,0.0034000053751496,0.002220424840951023,0.018272174907568103,0.011855803132679652,0.03163254091378506,0.22326322370950655,0.003218989453766417,0.014597888095694513,0.012975275828307408,0.003016684661405668,0.0071476713544799545,0.0043825525112004575,0.013747906160866541,0.003832715574118079,0.005105382360457048,0.013908548486563515,0.002022701158141204,0.009539307561661112,0.0032310150794233384,0.01006506049438146,0.0011941770571428098,0.006119498397468718,0.00463217543022275,0.004427679719839149,0.0017705024780788434,0.009889973998424785,0.005456383794415389,0.005725303267984676,0.0011560645696297972,0.00574141341019583,0.0011371446239814892,0.004891572007541217,0.014723674396259089,0.022437415622600987,0.004661063663106036
