i2_health,age,household_size,cantril_ladder,r1_1,r1_2,week_number,hl_covid_num,vl_num,region_Islands,region_North east,region_North west,region_South,gender_Male,i9_health_Not sure,i9_health_Yes,employment_status_Full time student,employment_status_Not working,employment_status_Other,employment_status_Part time employment,employment_status_Retired,employment_status_Unemployed,i11_health_Not sure,i11_health_Somewhat unwilling,i11_health_Somewhat willing,i11_health_Very unwilling,i11_health_Very willing,WCRex1_Somewhat badly,WCRex1_Somewhat well,WCRex1_Very badly,WCRex1_Very well,WCRex2_A lot of confidence,WCRex2_Don't know,WCRex2_No confidence at all,WCRex2_Not very much confidence,PHQ4_1_Nearly every day,PHQ4_1_Not at all,PHQ4_1_Prefer not to say,PHQ4_1_Several days,PHQ4_2_Nearly every day,PHQ4_2_Not at all,PHQ4_2_Prefer not to say,PHQ4_2_Several days,PHQ4_3_Nearly every day,PHQ4_3_Not at all,PHQ4_3_Prefer not to say,PHQ4_3_Several days,PHQ4_4_Nearly every day,PHQ4_4_Not at all,PHQ4_4_Prefer not to say,PHQ4_4_Several days,d1_comorbidities_Prefer_not_to_say,d1_comorbidities_Yes,vaccination_status_1,vaccination_status_2,vaccination_status_3
0.12539893228910784,0.049813025265608706,0.02124423537531884,0.009692114088796028,0.17033417929052694,0.007569181216695915,0.15465547892887035,0.001526962252019052,3.826549758274922e-4,0.005736464306920324,0.003362044440105116,0.0013342319339565724,0.010501532215896201,0.025083353835895345,0.002102188464011058,0.17082692531588206,2.053700151484393e-4,0.0023251821708513767,4.6980040388370364e-4,8.419523309395434e-4,6.16575235421114e-4,4.337511009223417e-4,0,5.332554885756645e-5,0.0035291069019679727,0.004986090693440052,0.15561219328392056,4.7653612112020355e-4,0.006568623911998735,0.011616421878910928,6.171136170010262e-4,8.734269175292772e-4,5.377062453747282e-4,0.009432018346899272,0.0018185265258560074,0.0010597543097558176,0.0025588003409398683,0.0014896023853381575,0.0023090011467589338,8.082413818515634e-4,0.0038961581886476433,3.4489571660114914e-4,0.0020660277394239568,9.780915543871583e-4,0.0023932698661523356,0.0022386223292090645,5.632276112041801e-4,0.004637589352669214,4.0637977175502746e-4,3.328959638224825e-4,9.212843677229517e-4,4.259490822102805e-5,0.002427234628292072,0.005452852520552575,0.00302601739196789,0.001470233079246202
0.11866351784221013,0.046797250641415086,0.023686012099503318,0.00869918190793175,0.17102411804149048,0.007270034822269208,0.15107879231494004,0.0024800999434242406,9.297177526652277e-4,0.006241829787913809,0.003432322101664228,0.0025460189868763425,0.010418910097618002,0.021861804706031548,0.0028637010365270736,0.15185289176675484,5.326589631066081e-4,0.0032161422984241543,6.557509298851292e-4,0.001438843229285576,9.947517374228243e-4,2.509084281141702e-4,1.475253252154819e-4,1.7627350493146606e-4,0.003967585955854941,0.005257304161708655,0.17427668589668496,7.077025407250014e-4,0.007398369827643364,0.011301710557924666,7.320741639158709e-4,0.001196681241583709,0.0013654591588084805,0.011178444622130138,0.0014502266428251327,4.002075807053494e-4,0.0024284629074267515,2.5541806373008104e-4,0.004339595449114927,8.725369289355043e-4,0.004855680113424373,9.4942989948292e-4,0.0011529077759292582,6.428195177278426e-4,0.0025554456626893742,0.003002644148294887,7.5634067971413e-4,0.004822144396068136,3.2261958819156106e-4,2.3014931771533608e-4,0.0013955551046233108,2.990769735366183e-4,0.0034906379677957164,0.004956499935809063,0.005751012321567108,4.295126320920862e-4
0.12007537963215786,0.04831382761480769,0.022409827494294113,0.009257322387968862,0.1678838277097393,0.006590578433200051,0.1506010846648404,0.0013908317200228065,0.0016946335974038845,0.006294849475806052,0.003442580950742019,0.0010558696537555378,0.009159058228867383,0.028686275200453377,0.0036578690039386396,0.16801134287359185,6.527263018618674e-4,0.0018569737673073627,7.096575914784808e-4,4.922357976761432e-4,0.0016181976308784524,9.069524363727312e-4,2.3037038881073063e-4,3.3445276706292175e-4,0.00489349613911286,0.006067392951632748,0.15833425087220304,2.6417506005390614e-4,0.006109250747913595,0.013603471346298029,0.0012358497148212497,6.52462689769106e-4,9.391142870982187e-4,0.008789064391490605,0.001278749777965816,8.481535827710197e-4,0.0030239352416559563,3.563610744207056e-4,0.003947566619231374,8.97878923099631e-4,0.004032077642850432,6.996332260742754e-4,0.00263983564621625,8.201955809094848e-4,0.0011374965452320255,0.0016032789174844637,5.634889068277405e-4,0.00448739674144126,6.474714774250107e-4,3.8397820778774983e-4,0.0012416784592217144,4.3594924639138986e-4,0.0030703177199213547,0.005076013159362333,0.005619855485406433,9.734342948717408e-4
0.11670782719658657,0.049058435528440456,0.024686130884983132,0.008793467559939882,0.1701977734774444,0.007410857087651255,0.15507029486395685,0.001535942064983148,0.0012814747057120954,0.0059666933081709336,0.004192574080812157,0.0012311886904811675,0.010107007382019953,0.028605068424905632,0.007597465694752827,0.15182487025152325,3.8143419304370086e-4,0.0026119271496623407,5.835586271456369e-4,7.50988737791181e-4,4.7881021125198366e-4,2.54604120467927e-4,4.68188092929622e-5,5.652229888690865e-4,0.004174191652976517,0.009885746287465915,0.15792638210145715,1.3586911274057485e-4,0.007101013073732072,0.01247672614457832,0.00120862137002117,0.001076637446356882,1.1555961733929216e-4,0.009092542544936045,9.408359469521244e-4,5.390572336415632e-4,0.0021062344252880333,7.344596395451552e-4,0.003841407509728377,8.057183612177206e-4,0.004342623297095709,9.557189034375031e-4,0.002765878475182069,7.114784280141442e-4,0.0022354192672276296,0.001824576570986735,0.001701719249651192,0.004696827474353846,0.0011175094453736653,0,9.142016500178287e-4,9.963809686327849e-5,0.0032055584004867556,0.005562616306794,0.006602115980924663,0.001162679945725597
0.12946897229354673,0.04897074389044046,0.026775488558858813,0.010245045024541752,0.17887237417565696,0.005598709701383995,0.14851756583978448,0.0018917258645830698,0.0011150728912394207,0.006232235201504594,0.002840770741359844,0.0016748188392190096,0.008986507173012448,0.02446728246723333,0.0012175221516128715,0.169715092126654,4.2478268709400665e-4,0.002320685194885616,8.366854916606571e-4,2.960319596126261e-4,0.0010402157131472096,7.923630284056366e-4,1.609237098318125e-4,0.002357962428365445,0.00652488035962835,0.005559983648980598,0.1391163377809956,2.3829711402425708e-4,0.007429211303132979,0.01433509808277427,2.804968007493513e-4,5.782287150324887e-4,4.017608045944885e-4,0.005889924017067134,0.0016697248603655848,5.277367870303373e-4,0.002477910724863153,8.493428082086173e-4,0.004231923461683479,0.0010260250989060982,0.004803746824131539,6.353762218415768e-4,0.0032525561102715005,0.001452064641766444,0.0011299514269620403,0.0014149853636048276,6.564959142373825e-4,0.0057111478941173355,0.0013496287567523317,0,0.0011162385805565072,2.347961404680713e-4,0.0027630857982976825,0.005016528888675545,0.004349775143854127,1.5716277279151974e-4
0.12815469067689425,0.049405700284548944,0.024291289529836793,0.010331575855401794,0.16038041142469087,0.007332997247478336,0.15182807527343817,0.0025855372401366243,0.001466153010218117,0.007074251628331087,0.002458149328225577,0.00299499516262421,0.00858948128748861,0.022774466746260255,0.006213359210973466,0.16440669151410534,5.435738782242985e-4,0.0031946079687944443,4.892540624537986e-4,5.60896286207884e-4,0.0015294264498764921,5.40420711013982e-4,5.02664215451573e-5,5.129885576023348e-4,0.0028902587292955334,0.006485172181530371,0.15958489047297453,4.029038554843665e-4,0.007803335126743417,0.015254808421020886,0.0014626372466752322,0.0010373227034724804,3.653736165626207e-4,0.007130067818317594,0.0015395776286874557,8.609541878067375e-4,0.002729238407689583,4.246099587647134e-4,0.0036511856263619713,6.85981066044222e-4,0.0031681977665181417,2.840280633117127e-4,0.0025234073401534706,0.0013483439107264807,0.0012108476634239628,0.0026993044155082632,0.001276949202626275,0.004333672838662644,7.04470658932015e-4,1.0484245723387715e-4,0.0013296850049834264,2.4191189730676414e-4,0.0021883420804870548,0.005245273642688405,0.003323146253634961,0
0.12985011192290946,0.04195765413598367,0.02434447763780139,0.008820208671016157,0.1735020226776871,0.007911053634264609,0.14856265886912345,0.0020058314693488276,4.485331460471283e-4,0.0063566638296505785,0.003580095011066364,0.0019255488684107851,0.008823266892871573,0.023647913075504932,0.0035909234689128883,0.17115506024751337,1.9970621785746727e-4,0.0033069727023175197,8.939083572360369e-4,4.55170824108808e-4,6.294952441325802e-4,7.00851526366584e-4,1.8460509793988253e-4,2.0446219393233033e-4,0.005993281631556646,0.007453995320537588,0.14782230741343083,6.563860498971716e-4,0.006488464637152294,0.012463746815265636,7.240370717985869e-4,0.001270528218334306,6.844941562772197e-4,0.008873540638387927,0.0015193766930870394,1.8822350370246887e-4,0.0032865598199484543,7.914231190930887e-4,0.003354505596694081,7.404798796244014e-4,0.00424360447233914,8.306888698924545e-4,0.002001981317736026,0.0011959550823524906,0.001427473169890917,0.0027325858140382856,9.67074764629778e-4,0.004394629305196336,5.449921366378119e-4,1.9838935126910418e-4,0.0021797566096380503,2.2306456351738461e-4,0.0026436377521660043,0.005828845533485943,0.002054200348986426,0.003164574621432616
0.12114841021962541,0.0469741197946432,0.022658283735185972,0.008023440761316353,0.18212879482667615,0.006511465771171009,0.1600798918553635,0.0025547739556508126,0.001888655184124427,0.0062165495144466615,0.0038415507504477825,0.0025295605899986846,0.00817900067356195,0.027632742152878254,0.0021046960346736573,0.1497674468748171,0.0011328846130392095,0.0029744445593671634,0.00023754058583727664,5.613030416304547e-4,0.0012827117486454993,6.770155293074899e-4,6.731117553641916e-5,1.247107584596749e-4,0.00484608059300177,0.005109157598244612,0.15968292889325633,1.6110979665746435e-4,0.005635428273731954,0.015189718020535179,9.538089824817684e-4,0.0013159620247196495,7.90877836588309e-4,0.008765395000785353,0.0010677110180558906,0.0010450865860434646,0.002655362562970637,6.543618238157879e-4,0.0043377240000849705,3.59391872238886e-4,0.004569392813870811,6.685446770853032e-5,0.0012839656829555836,7.424053512906622e-4,0.002210326757533826,0.0020096704607048825,9.713747857091304e-4,0.003175509183701905,8.53553159934592e-4,0,0.0016991561575963713,4.7642233666372543e-4,0.0024549754105848533,0.0035178993033338,0.003706965232488978,3.9411930630620746e-4
0.1264134982049101,0.04422279382450269,0.025561805903353964,0.00835907340433004,0.1772303881481172,0.007106166664382057,0.14759906706006284,0.001444871568123557,0.001535087700831802,0.007515467524431712,0.0021793739746774634,0.001389857443012286,0.010317860293801205,0.025749353607962794,0.0020364270991285243,0.14095246064204314,2.9844860713204737e-4,0.002886168041791798,5.646165177505817e-4,7.418222175269649e-4,0.0017717321964906452,6.925853416750727e-4,1.7918510345653292e-4,1.3842356172976238e-4,0.005370901256641446,0.0040029785959669216,0.18043071210408176,3.7777420527492146e-4,0.007719164291875087,0.012870876053542904,4.48120150431812e-4,7.002967385361659e-4,0.0012890260315150696,0.009843636969432867,9.16236917663493e-4,7.33024023226202e-4,0.0026288974164676016,0,0.004190991078057941,9.04925830062103e-5,0.0043221577991049455,9.114149598786117e-4,0.003324890619578697,7.56390005289795e-4,0.0011605809735606354,0.002303612253453704,8.529188044013327e-4,0.0037527827961018052,4.1676306342307013e-4,8.018494102996298e-5,0.0012511316809003374,2.6855122547742613e-4,0.003645528224956406,0.004550332268115172,0.0035437858278755175,3.59311489907376e-4
0.12637135789141135,0.04964841537704989,0.024912132442211913,0.0119058454184315,0.17270671532000836,0.006988948697410203,0.15307395056200307,0.0021268761179238237,0.0024896146006436865,0.006313110324578978,0.0028470590689848264,0.0020909350399446473,0.008611332918737172,0.022192374515839233,0.0016609885977492132,0.15967293037484065,1.0794748154186395e-4,0.0024355366414002375,3.1947035979665593e-4,2.492152928022139e-4,8.489983228334236e-4,4.8405430446377834e-4,1.516392306510833e-4,1.3746961799700647e-4,0.0060452512460098355,0.003194914205292433,0.16803457582236636,3.5748356199106975e-4,0.005552532995594758,0.00934899488451476,7.69787031934677e-4,0.001727258416805767,5.860419470161524e-4,0.009316680754071233,6.468176479395783e-4,6.323573382271809e-4,0.0035482783576559645,7.557595658281522e-4,0.0037080218171552715,9.895839110499998e-4,0.00416352269847845,6.309092386954376e-4,0.002105381523527255,0.0013417323286057034,6.68678098879083e-4,0.001726551033421154,3.6270997302587684e-4,0.003836619829305875,3.8410783810356497e-4,5.675697285148178e-5,6.884930328647487e-4,5.084310574354422e-4,0.0035546332327530054,0.0038715658546573627,0.002117564594637702,4.210846700498705e-4
0.12766498667917087,0.051218550792710614,0.025812897614209032,0.009033431517757855,0.16368229064853787,0.007052834976742659,0.1479091058873605,0.0016724192858441056,0.001114322626024519,0.005999722032403263,0.003568791480844662,0.0021208903667767906,0.009813104870196394,0.025634981150715223,0.0015852736255157348,0.15177687729804876,4.278596454043552e-4,0.0018244093678661975,9.728524458334647e-4,6.17887415868992e-4,5.824782740918157e-4,6.596829496116861e-5,4.66844919743763e-4,3.384675055833976e-5,0.0049915027154807095,0.00382203064417547,0.1826410496746951,9.78672105949287e-5,0.00560577345343359,0.010077645188254145,0.0010176275643569187,0.0011707177626031691,8.299898131034417e-4,0.008108014871462831,0.0012294866355513944,9.293969923120941e-4,0.002098359658692522,3.8154229376602996e-4,0.003053911854925625,0.001037507404264507,0.0037252562171343176,3.2079678089946123e-4,0.0010738694696912513,0.00130023914073908,0.0022047907812939426,0.003381658929013865,0.0011829106994486964,0.004531083479493209,6.997434711001501e-4,8.042355337189379e-4,0.0013118539827916534,6.8475616679689e-5,0.00258150758486462,0.005059906178144667,0.0037838878181796457,2.2473261194740383e-4
0.1233592090080878,0.049410262858461125,0.025842831265525442,0.009198001975317782,0.18602773384133378,0.007564266937259743,0.1444541711776449,0.0030876859495837243,0.001972963935612548,0.006741424857548285,0.002449524073830906,0.0012568659996063248,0.00952532153603431,0.02588989657589603,0.0017658884838348727,0.14703593149207886,1.7090460990979204e-4,0.0021192761568832644,8.014464987750195e-4,7.667512193113014e-4,6.091636867778694e-4,5.228193280534169e-4,2.667148634848241e-5,3.642759184984115e-4,0.0045450170405351735,0.00597359424101197,0.15755631952909208,2.4016459225655122e-4,0.008635508979413984,0.015429103609659486,3.504179731670311e-4,7.741503348710215e-4,4.780517488404673e-5,0.007999446866475338,0.0018033259386964003,1.5148449202240986e-4,0.0037939828061002608,4.134316638245021e-4,0.0033956252844655165,7.192924184645512e-4,0.0032298020860500446,3.4399884727795644e-4,0.0026419691421823463,0.0013568878485749557,0.0013074971863701135,0.002579840979825578,6.294371827671912e-4,0.005093558785639443,5.75624792974998e-4,0,0.0011814965789665156,5.175992217844176e-4,0.0021715252835827785,0.005611301715586557,0.008195424155660738,0.0017720763756020775
0.12446318208302641,0.048954732392860786,0.02534837196599931,0.007258366057378612,0.1743787886012474,0.007719158919830827,0.1453580115887299,0.002244373122852206,9.433693787583342e-4,0.005666175348836182,0.0031867978064167523,0.0017824717711190988,0.009339437328481947,0.026859493558914205,6.339727453037532e-4,0.14956645496574647,5.097854227482547e-4,0.0031858020322075202,4.175713778072182e-4,6.562622307020454e-4,9.425841055438572e-4,1.388050784057644e-4,0,1.754278127373991e-4,0.004027131426986962,0.0052985373875948745,0.17238844475179843,5.532938669560105e-4,0.008439493750430389,0.012739202851543856,0.0010174180622735515,0.0012091549301087806,7.246248813946478e-4,0.009210387209010374,9.073957824677067e-4,0.0012068010299273078,0.003224172929847232,1.113469884785761e-4,0.004158539925384577,3.1211053939000206e-4,0.004344787451929524,0.0012545815566334855,0.0023201319403354523,9.842920944347702e-4,0.001593889752285812,8.316585589314904e-4,0.0014133619024661367,0.0035334901722224843,4.689379926352926e-4,5.064046104191158e-4,3.009352185954932e-4,1.1093862294695745e-4,0.0028520634753373955,0.0047730053387617525,0.00637752667092401,0.0030765426318933057
0.12289072709983861,0.05009499024359406,0.025288203554643573,0.008457229385637048,0.17875991754209275,0.00777701064569435,0.14752980393242016,0.0018579961611351224,0.0010093072874226337,0.005273290451840829,0.0033485291782937286,0.0018156316015338172,0.009469759319158007,0.024059760812283813,0.0057275126812787545,0.1526206145821347,3.2497749782648777e-4,0.0029213940711350886,2.0448003609607244e-4,1.9379614139289792e-4,5.340301310483382e-4,5.822830007212707e-4,2.974225350941423e-4,1.5696891152902726e-4,0.004547568981465261,0.00858962772721498,0.15754954672874327,7.668966032884027e-4,0.009522773095405536,0.010124079136911953,7.566010734913898e-4,0.0010257882839745977,1.611863018907572e-4,0.01149030615906971,0.0016824262651726754,3.857349735195066e-4,0.002518925955191624,5.985921669010756e-4,0.004249594423968196,2.3201617321657055e-4,0.0036934054278383336,3.1298624970907033e-4,0.003127861862521752,5.55808057474267e-4,0.0012695839038427172,0.0028809805488817205,9.88918349836827e-4,0.0045024835076530505,7.989362480725027e-4,2.79007513574353e-4,0.0015389153729096273,6.201000817893759e-4,0.0023730486888524044,0.005191192438547847,0.00456410309504102,0.0019053678001843585
0.12033886075958715,0.04888013938692361,0.023350532161622053,0.00835929279093501,0.1697510581283608,0.007314762231905746,0.1466912991216477,0.0018755560939655387,0.0019273820250431657,0.008148798905682857,0.002648411051413571,0.0016628708535502599,0.009161598065984572,0.026653848825374703,8.649442592178396e-4,0.1632677295502022,9.662573899727168e-4,0.0028382486230773348,5.888440931037131e-4,6.671426218336027e-4,0.0013561967536298636,7.132148621088919e-4,2.7400047112626245e-4,7.04326081689439e-4,0.0051030699002315525,0.007761562711274161,0.16239832773738486,3.432229769333035e-4,0.006749189507519625,0.013279913595857739,4.488440821974417e-4,0.0012802995495618877,6.970544639987404e-4,0.007913334768511571,0.0017521987985160425,8.633091512965073e-4,0.0036951038449641134,9.454182933150169e-4,0.0038423661785960653,6.980726119009927e-4,0.005169347191602828,2.830801744254333e-4,0.0029779851512758146,0.0014300522890811857,0.0010731600183906556,0.001705359266937742,0.0011140038139793016,0.0035740627688320894,4.742034331724131e-4,6.835627416830413e-5,8.346773816258902e-4,5.906467790359755e-4,0.0031698020669353026,0.005736992102178609,0.00500711104542385,1.4556962916438157e-5
0.12344975525593115,0.04791197320128555,0.023281943619805633,0.010383277334524385,0.16926032189792353,0.006153407333282801,0.15406621787342578,0.0015448367877958721,9.109703936358476e-4,0.006697274203125248,0.0023727160810736642,0.0017477948076820987,0.00882276325047307,0.027364256550251986,0.0013057157858627686,0.15292848247434243,0,0.0029476880641980275,0.0013135155603951143,7.309322025699396e-4,6.223607777359373e-4,7.046130041865738e-4,0,5.955438037702816e-4,0.0038243552789184957,0.003981950877723645,0.17470561728083342,8.747876790723687e-4,0.008908270965793493,0.010006284109985246,0.0011952408990321985,8.093651923672176e-4,3.736743174041447e-4,0.011788323705539045,8.5349339023686e-4,4.468290740787159e-4,0.002428326291621377,2.5383127045736683e-4,0.00544910295210793,8.944399751980536e-4,0.003211187595701884,8.981399027115222e-4,0.0021812513111842268,6.227567722448554e-4,0.0020549223419549234,0.0023339799143414094,0.001595258690654166,0.0043046750576391,4.600867981826562e-4,1.9586133051285824e-4,8.210064093549834e-4,7.664190098789815e-5,0.0016620985849959908,0.004477544807169772,0.0031943350587165095,0
0.12400871209182465,0.047583446973757285,0.021993816554782195,0.009263719569365348,0.18259265765124025,0.007505708479110839,0.14990561248793094,0.0012276994332798322,0.001133196195458807,0.006110700809295396,0.0034594023154898633,0.0019157909369720218,0.008229182196182861,0.02490363612211966,0.008723613295722693,0.16239024703060223,5.639926250070003e-4,0.0019871686937589284,7.535414761794363e-4,6.872175781243429e-4,0.0015481407746459129,3.098216038106323e-4,3.5955502116558226e-4,2.0832150443998907e-4,0.004796165299850222,0.005191527403272499,0.1439458792500767,5.9242923515949e-4,0.007260889614568044,0.011781801665718544,4.428134461017173e-4,9.749682037860978e-4,6.342706675399214e-4,0.011315684574683574,0.0014870627361531265,4.769953861333814e-4,0.004179502395622958,8.54432763978137e-4,0.00500675610125682,0.0011369807570802044,0.003117873812520875,1.0650996014678174e-4,0.002807752998477471,0.0013068104257512405,8.66997180336293e-4,0.0038190883048197094,0.001433651537526922,0.004646340294245032,0.0014689168341999181,6.074159457940854e-5,0.0011205580357649169,2.698050642399177e-4,0.003928831259956295,0.0048262349896922435,0.0026296094793199997,1.4721730717483572e-4
0.13081959735307244,0.05145443818675086,0.02304280534894408,0.0075743678112020225,0.16043959674895933,0.005990157839895456,0.14999583308225953,0.0022999270587210257,0.0011215005926470886,0.006834229091166743,0.0019783507886774773,0.0014546026832888863,0.009675392972079425,0.023901377097865634,0.003678691418475396,0.162892110014747,2.6525112740645473e-4,0.0024662940061127457,5.789138256055023e-4,6.401883128451362e-4,0.0035739740851781325,6.115057168591325e-4,2.458009652615052e-4,3.3010800679968095e-4,0.005158939854991516,0.005764383509081028,0.1669293365488153,4.759859689647582e-4,0.006612940501264391,0.012122497074964477,0.0015063262573999047,6.540797358522094e-4,5.093774306336494e-4,0.007715350677140737,9.442955927678658e-4,4.636068893863236e-4,0.0024165526969906854,8.029632446612492e-4,0.003207741085019166,5.19361317779891e-4,0.005573373776965901,1.0684145712348243e-4,0.003148864722556383,0.001132766767454692,0.0023556503509458582,0.0024031387663246855,0.0012445986086770905,0.0038957514607498773,4.982516351621388e-4,1.2009657466856084e-4,0.0017054971845370803,2.810700338727346e-4,0.0026981198432560246,0.0044864160977619505,0.002598674972284959,8.213522712474245e-5
0.1205161118279655,0.04625693371901175,0.03031266553834208,0.007054685885309277,0.18012618560767205,0.006195749369684859,0.15403399645422064,0.0025788013968730743,0.0015756723221145024,0.006882985721613386,0.0023317745842358698,0.0013408717528646168,0.008530059035738679,0.0253440300265472,0.0019141011483985466,0.14578586895985376,4.264128727918257e-4,0.0019198810836346856,1.8554161849365622e-4,3.413391838016234e-4,5.593502608432304e-4,0.001042864526107327,0,3.120804797049211e-4,0.003336672208862801,0.004463410680135308,0.17058030145767555,3.78572369579607e-4,0.009401837286448332,0.010569346577702107,0.0011744734975078382,8.776986972061093e-4,7.477339053039461e-4,0.00664096130225146,0.0012584716527030595,2.3290695420497896e-4,0.0022056781010016497,5.331398066382495e-4,0.0043353182849553635,9.846524586633314e-4,0.0059121558510780246,4.0671000332986727e-4,0.002587527739396699,0.002234725503741309,0.0020343531328354016,0.001971052409212304,0.0020166975642795307,0.005248260723039187,5.4204316448868e-4,1.2069321331078186e-4,0.001428218768671855,6.954114456355231e-4,0.0024869325801271033,0.0048635794807751235,0.0028931346531555517,0.0012693651502602963
0.13222507009367385,0.04994249195940607,0.023897335271979896,0.0104257098836297,0.17340634869545304,0.006588165383408226,0.14721720194252266,0.0010663856997732875,0.001433731649008458,0.005875819797177753,0.0026036444027285064,0.0017988736402752977,0.009141528336080045,0.02173672569892084,7.285421568679396e-4,0.148301284269986,0,0.002639321487396836,4.7415116724593235e-4,5.369326646424521e-4,4.8041975968715416e-4,7.295276930672003e-4,1.6276452474890175e-4,1.0730613335947382e-4,0.005934595149055379,0.0037086804380960787,0.1808951814680622,1.899354532774765e-4,0.005565479226679809,0.010067363206463925,0.0010190044028281335,8.677062147634101e-4,4.029404644103438e-4,0.007707519172235872,0.0011338036106669205,3.1190751793708883e-4,0.0030490112988346076,2.2788024245251812e-4,0.0035465454187749907,0.0015290727109616429,0.00413431820198259,0.0011543092064935732,0.001823964277782194,6.095445872954724e-4,0.002122050529464332,0.002910048821808042,6.19091343800695e-4,0.004004405298596104,5.661053281227422e-4,0,0.0010425455379086959,1.477976535996786e-4,0.003387211019670252,0.003547152462411002,0.004014567500169888,0.0022409799243548285
0.12125682242919211,0.04987299975560131,0.025599615996140287,0.009088408414259811,0.15718540068265116,0.008561667316229243,0.14940982010080714,0.0015683041826456366,4.95824807132164e-4,0.007002080357318233,0.0037504665473078805,0.002724499892366434,0.00867194239833123,0.022343859270931122,0.0030911731126413732,0.15554410508942026,5.742146200660136e-4,0.003068151073971578,8.800457209716398e-4,4.4333289046899705e-4,3.460822049096263e-4,0.0014428888618418692,0,7.672623367290322e-5,0.0064929767908352915,0.0062075205276378685,0.1758830499313843,4.947056000876146e-4,0.009486570355318276,0.014078076478437401,5.960372869234807e-4,8.930019507400542e-4,5.731989859014343e-4,0.00809800627066848,0.0011005649950184286,3.357913467835009e-4,0.0031674123720716093,4.722225358731854e-4,0.0036701824943545956,3.9355829221763975e-4,0.0041625737375964355,7.897891709066686e-4,0.002485281170814841,7.036747878360081e-4,8.591452696027003e-4,0.0029777908441402795,0.001493311966342968,0.004872519761772603,0.001344212659660266,5.482428386010282e-4,0.001383513490507016,9.781412362970423e-5,0.003693423436283606,0.005317332039587779,0.003968247499773702,3.6181902981321726e-4
0.12971937801761613,0.0490920059114904,0.024670693981493488,0.009593893574663457,0.16078439844662712,0.006247286404823982,0.1419782740245975,0.002450553467770768,0.002053966185567162,0.006569667846185067,0.004310007660786551,0.0020757435791401106,0.008209752571517308,0.025049230348877582,0.002028263059216704,0.1603378911753409,4.048881673524368e-4,0.0024711933993933925,4.4857380868672416e-4,0.0012079648800938701,9.343368276422308e-4,3.796922549753541e-4,1.9318860035076867e-4,1.7910997786801957e-4,0.006310769165396812,0.005301997033406918,0.16969357806398694,4.4949768853463207e-4,0.009683806417397153,0.01372124914236373,0.0020114963687200855,3.8903828639964654e-4,7.917826786358273e-4,0.009562241751562055,0.0010692735810089917,5.690378906348228e-4,0.003111676605630775,5.891764734226836e-4,0.003911313642218744,7.443699693560968e-4,0.00406071816599793,4.8000305111688016e-4,0.001665086498943128,0.001146101861910276,0.0023383196750565195,0.0023480051346395614,0.0012610952157321117,0.004497683097795849,0.0011032849574083637,8.06625014475763e-5,0.0014607430343168734,5.304962704591019e-4,0.0020030539971452907,0.003552226395848892,0.003577230633353624,5.950305780751025e-4
0.11974562172631391,0.04847979058134876,0.027747635641131953,0.007414691954288873,0.1758745014602428,0.007641717752904544,0.14215575548152065,0.001893473187688365,0.001254231488707387,0.005932541874465824,0.0035613565216146086,0.0012242934971456016,0.009831268075000583,0.02387583043530829,0.003464275844812963,0.16514527018721414,3.5751917800479996e-4,0.0032868855491606113,0.0012766116994895674,0.0011762989042267411,4.897910112908007e-4,4.2788593220308764e-4,8.481825879211668e-5,5.24616563681988e-4,0.004867961964926641,0.005318870258344629,0.1618264530709844,8.119806786062066e-4,0.006073039300130646,0.011818694410541696,3.803287946435807e-4,0.0013405622436644712,6.397679959999125e-4,0.007734132527331797,0.001526629363049642,8.476076697446628e-4,0.003254967812109616,5.153285179750129e-4,0.0032143719547616007,6.960297523873158e-4,0.004103196103918899,7.315426458760092e-4,0.0016828149994628247,0.00208631982519098,0.0015271138458730668,0.0010198092235082243,0.001294573327518857,0.00389878324935964,6.680062999400884e-4,1.7369878828740295e-4,0.0015060182060738702,1.7607525541062444e-4,0.0030540286691411495,0.0050042546328848605,0.007142779967381262,0.0021975758384114607
0.1280804651339563,0.050870241050719446,0.022322926958292896,0.008790292677782465,0.1668337155764229,0.006515519612216155,0.14486480936267462,0.0018061355687101625,0.0014740953976266227,0.0065487816514659515,0.002493290796241816,0.001673552678560509,0.008093822711771621,0.02272855161896327,0.0038677813752794766,0.15177299582025786,2.7556502856180355e-4,0.0021314888242072567,3.109220773644315e-4,7.3342636293154e-4,5.970384339499962e-4,6.141738754876516e-4,4.8386123115947365e-4,0,0.004852831742564192,0.006916384128283155,0.1791218098580785,4.2402190483560327e-4,0.008823944878808263,0.012156446091773795,9.667862663597196e-4,5.830592751147765e-4,3.1110289576691844e-4,0.007819569324410369,0.0018757456858355965,9.841153465115597e-4,0.0022495061376716164,5.542218915534873e-5,0.003933210180359691,6.133636381083543e-4,0.0027441804161349053,4.3832862007970035e-4,0.0028164558552723003,5.035367839748421e-4,0.0014539497169647883,0.004023919588227076,0.001465355218301686,0.005062868689531446,8.386540729535841e-4,1.6373824811221775e-4,9.663001666661801e-4,3.185524269879592e-4,0.002734682989639022,0.004312579902153863,0.006586123936758749,0
0.1276014340207225,0.04566489499827976,0.023596078916571,0.00959686707216839,0.1736722715872406,0.006828728083586491,0.14630147079951183,0.00261083615752883,0.0011237862935422884,0.007022565505371023,0.0026877553332301965,0.0018379304955021436,0.009688498480536054,0.02374040218408649,0.002801234643224265,0.15798275858149166,2.440201358386388e-4,0.0020998026560160848,4.625273519796371e-4,4.8814121167452485e-4,0.002154258952755346,0.0010076205092567837,7.86425611408114e-5,8.626477859642145e-5,0.005382217675825598,0.006203810653483588,0.1614038339256856,3.8527133398017307e-4,0.007362377296125222,0.012496961092983726,7.796908046380321e-4,0.0012837280535186067,4.162255151881161e-4,0.007964048797590405,0.001527660155297977,5.420681234734121e-4,0.002686169271263881,2.2158115030225094e-4,0.00319769153486856,7.286722097401613e-4,0.005393962133049172,3.548510990628255e-4,0.0021335633018577525,9.809646225196061e-4,0.0020661512679279494,0.0018224805046847803,0.0014662789776417704,0.004555989937039351,0.0016875033901095182,3.86901399560387e-4,0.0013885603314039924,4.5352727136383587e-4,0.003268623428606679,0.004418787956815035,0.0071067132942511215,5.54342180289136e-4
0.11922030720696361,0.05018450512825726,0.02823257881650608,0.010396462802067285,0.164661634072551,0.007344978665233472,0.1465514966681754,0.0032510213366813132,4.632646416996541e-4,0.006867421532868667,0.0024438910899617665,0.001206847847348059,0.007903495298668614,0.02447809803171288,0.0013390818562969745,0.17131092849450563,8.329781674535058e-4,0.003110437827195716,5.385249923555296e-4,7.126539332303217e-4,8.103673662986082e-4,8.520957369429187e-4,1.0644575525706207e-4,4.993535624660726e-4,0.005094116666356852,0.004945946151158937,0.16028291676023956,7.879584429904479e-4,0.00640333335602943,0.012405948136006572,0.0012965206256536873,0.0010123958041560448,3.9278521076379085e-4,0.01171662623357314,0.0012197006118776638,5.321699934971128e-4,0.0037629661924759735,6.265840340747615e-4,0.004789065574194488,0.0015085789680197455,0.0034792943233437745,7.634533556001837e-4,0.0017521874898206904,0.001651228737728015,0.0012483714462237516,0.002307067320910389,8.226359873375207e-4,0.004577134457208879,0.001548519913173684,0,0.0016961091788027876,6.111080097472088e-5,0.0021496771993303903,0.00331421815961377,0.004532508038165839,0
0.12028869837457234,0.04568948119152435,0.024405343599529117,0.01028405004952776,0.1888150269137179,0.007310087778561249,0.14821843317023503,0.002627815647395106,0.0018746780391534473,0.006109808370361769,0.002693398064423423,0.0015971635650753736,0.008811076032422361,0.02227365403054871,0.002150374327000749,0.1353021689096145,8.04792781093589e-4,0.0029008415783588048,7.725605307362865e-4,4.895882191460512e-4,0.001292565394063828,0.0013460945468350405,1.2852718474476245e-4,1.4591038566450024e-4,0.005216622153822447,0.006599543222631381,0.18434139049688325,5.885325205949917e-4,0.007214385799929858,0.010501950311211454,3.383425217044173e-4,0.0012015415925863719,8.583214501044965e-4,0.0074792688624352064,8.962977090699408e-4,4.564222576489525e-4,0.0021714817566285335,9.581173175058867e-5,0.0036316832116544376,7.512993728338016e-4,0.002719486720160653,0.0012222523387640561,0.0017126590803461684,7.106816213496192e-4,0.0015306642610156459,0.0016943055368813169,8.563148123593541e-4,0.005040813768774561,6.829174349204468e-4,3.9841068939389486e-4,0.0012173785074423204,9.253440215607997e-4,0.0033592246777773595,0.00461982319088675,0.0023786266292022953,0.002256063053368572
0.12470110421905496,0.05364531723510161,0.02252685089844798,0.01071010159594805,0.16646289626580738,0.006370453413779748,0.1358842136290874,0.0018489880012912364,0.0013723260324523742,0.005433950052908589,0.0036551868122236724,7.914664241771664e-4,0.008852603495126324,0.024383062022853005,0.011400876580125386,0.15052141402174068,5.534273472736175e-4,0.0025914830833401654,4.669967289794778e-4,7.736316702432883e-4,8.108383762199138e-4,7.008695720085163e-4,1.985968685521396e-4,4.065807868059056e-4,0.007044862789090797,0.009613821436641542,0.17009244645657037,7.727354784083241e-5,0.006969857769365369,0.012625905621039189,0.0010511905092778363,0.0012927040809069044,1.6487792097221574e-4,0.007283639187337259,0.0014289428535497974,8.111289493624376e-4,0.003397548779681646,2.9335472385173524e-4,0.0036421146503056376,0.0010996892163625308,0.002806468992354765,3.1845973096641874e-4,0.0017127587293866552,0.0010762816389095924,0.0022171268793901187,0.002073304702826673,9.548803507629543e-4,0.0038333211720747167,8.03083959009749e-4,0,0.0010365157115814368,2.2108669069664203e-4,0.0026035385595089724,0.004680066254370575,0.012171733607782164,0.0015387793946739108
0.11596822469755524,0.0477234352974756,0.022350408915020277,0.009295452252445671,0.16935017287716297,0.0054240912181499745,0.15549366149422386,0.00279359462787958,0.0016349702211478517,0.007122849170652012,0.004269285518395563,0.0015951190814295214,0.008352595243580745,0.025678490178691123,0.001139876165550491,0.16192694965157237,9.524151998827403e-4,0.0024330282500130774,2.3098944562869426e-4,9.925499891118314e-4,0.0014749584885117544,5.189780017978042e-4,8.786124422994493e-5,0,0.00586781130373263,0.006007961751058638,0.16919556406419728,1.3863376574033067e-4,0.00722901081961108,0.014513714367023424,4.880163429094954e-4,6.76602638437187e-4,4.547877510960903e-4,0.006144029024880199,0.0011661231212485399,8.238207758809614e-4,0.003131445120040464,9.286678516134858e-4,0.0041256877380337585,9.371335824905014e-4,0.0033115897173054635,3.2807379833795316e-4,0.002256737708144669,0.0010577378627319013,0.0020512864446882275,0.0018262646582241407,0.0011380868673638795,0.004821088137770037,7.836267133878435e-4,5.22775963132712e-4,0.0011952589480656822,1.325323645381645e-4,0.0029190927243381713,0.004899596545899628,0.004117284297968756,0
0.11944929715556943,0.04684038432329698,0.02681676205402584,0.009811802718965243,0.18069781512277805,0.006613640185438515,0.14936925605422696,0.002047516538657153,0.0010846378321692572,0.006573886906613601,0.0027704329890793126,0.001670018219321878,0.0089042087879107,0.023820549131669727,0.009668861156323056,0.1528762026663251,6.663314068413377e-4,0.0022954207322868417,5.130215196268468e-4,5.437334764118569e-4,0.0013203747670116354,7.807231695007702e-4,4.3335745457663636e-4,3.107656977501018e-4,0.006229390413921322,0.010016555038506406,0.1526597920076134,1.7249863962911014e-4,0.006926356043834052,0.00921151291964714,0.0016233711196627575,9.681772683208154e-4,8.410466786082656e-4,0.011228354918921487,0.001089004663108842,7.161042285138497e-4,0.00300162464901521,7.294473170866361e-4,0.0035595547280280354,8.50008334328412e-4,0.004046095195177634,8.001211667926362e-4,0.0024511572212437,0.001041557249773884,0.0018365124529881832,0.0016496598241456054,0.0012446466690988719,0.0035516102136558965,8.760376401205134e-4,0,0.001759323949035878,2.749155317582605e-4,0.0021950669374744135,0.005555154809019258,0.0065195385862219235,4.968035183707945e-4
0.12074598077182691,0.04885949778302586,0.020519207801386163,0.009562249906443776,0.17144141426317278,0.006354070639503829,0.15645303060464594,0.0022182817208616055,0.0014866244221723734,0.006129019238761353,0.0030991301222957606,0.0014459476840633313,0.008773335530841073,0.02698032423810448,0.0029998434379686833,0.1653883788992222,4.68146203416041e-4,0.0030046179279802723,6.960833655837599e-4,8.08899120702187e-4,0.001929614055946449,7.175433696002014e-4,9.664470379865863e-5,9.225372822107836e-4,0.00604207080883377,0.0064903198501930605,0.15103797192528384,8.369177077528809e-4,0.006979436229357593,0.012660471064616438,3.7611844268303324e-4,0.0011656588508666002,5.383272564454713e-4,0.01073692338903464,0.00129953193306686,7.828441638172072e-4,0.0025241411330064294,1.1657270609504044e-4,0.003026321470057005,0.001053738083279732,0.004569107722417465,8.735109606945674e-4,0.0025218288975073495,0.0011425310995084145,0.002151675869155108,0.003277674117892121,6.894947787468216e-4,0.004747534940623515,0.001349312127107398,5.356554609872251e-4,0.0017406619786384924,8.289336742726758e-4,0.0021473866204991883,0.0035022845274915223,0.0031144387531611664,4.018036337290211e-5
0.12046517872622668,0.05266329306623416,0.022160098774567663,0.01097965072634183,0.1715018094493225,0.0071767437632217655,0.14948424308683209,0.0022674528939009985,0.0010730805479977406,0.007660558703639412,0.003141333894677557,0.001993578804318269,0.00806797401857278,0.02436463796721912,0.0034272089997357358,0.1750787090200032,0.001024669954879425,0.002771141005856294,2.18653042141462e-4,8.817733764176848e-4,5.344281303652542e-4,7.140361358981267e-4,6.861746794468224e-5,4.6534430157698986e-4,0.00530987196657685,0.00653252059124511,0.14648165658464218,1.439471942016951e-4,0.007718004560026769,0.012068217225177681,0.0010200822501010044,3.1595234385783705e-4,6.218854584298073e-4,0.008848044945644328,7.700437276341978e-4,0.001167176477337105,0.00427318056267925,2.5600458203302605e-4,0.00419128249550965,7.831936752148598e-4,0.0033062535529209385,7.680806097860057e-4,0.0016308306788723652,8.235946940216022e-4,0.0014651603286431106,0.002290736006490052,0.0012609492143593364,0.0038918427275390095,6.644692824145108e-4,2.142900394693299e-4,0.0018038322846820507,7.353903113557453e-4,0.002193823671675401,0.004687188530161775,0.005363255934219784,2.1502163518621607e-4
0.12408921262612763,0.04825662348541526,0.026320299485540443,0.009598947637494495,0.17934156144036864,0.00886688836924274,0.1591023402178428,0.001292764480078548,0.001551329503191047,0.005798251225846002,0.002874491751225944,0.0019257375470845342,0.008464518154084631,0.02242651924990771,0.003702365368576465,0.14654968603296795,3.043399658670892e-4,0.002209257928514801,2.877320300135189e-4,6.267621079648779e-4,6.120527537462303e-4,9.183675776874114e-4,0,3.780202475113305e-4,0.004754846102562814,0.005403470944904542,0.16621170201433497,3.9619755503133094e-4,0.007087336760422434,0.009731438098253975,4.470605755108059e-4,6.816655567763377e-4,7.289108832341668e-4,0.0100408916119631,0.0013403798329702115,7.795911134407031e-4,0.002764417993195763,9.045479367093531e-4,0.004154225708656378,9.630082565813095e-4,0.0034121909391269948,3.576538490391085e-4,0.002620201101212334,8.043979362487691e-4,0.0015651777478337936,0.001513049336581347,6.505282180365558e-4,0.0043876444680935245,0.0014275064884813103,1.695671710293462e-4,0.00122214653141571,7.219624424413168e-4,0.0028214082775364292,0.004374211244413336,0.0016300279335634486,4.345661840983959e-4
0.12497127395792947,0.04478926725830596,0.025472056430638226,0.008501341061864608,0.16304587261236617,0.0070856460789435905,0.14940661852030637,0.002196157488732085,0.0019313521794606253,0.006427476478593747,0.00393472506721251,0.0018513651085825067,0.009806352175236805,0.02553395011216821,0.003352594233563511,0.13982357346645388,8.731892213931651e-4,0.003933533450296211,5.954258293563859e-4,3.191231982584262e-4,7.212414308635757e-4,3.9243725733095574e-4,2.6137683509621664e-4,1.6796483783875393e-4,0.007532276633471183,0.005880228126810993,0.17906297593954495,4.7769318731822057e-4,0.009870482284768917,0.012437646652667108,0.0012010470446217165,9.673883951622702e-4,2.561184927790192e-4,0.007887215356938681,6.089031518956166e-4,7.983207160821105e-4,0.0031192279079945546,0.0010779546483439923,0.004604946481878633,5.246118692841267e-4,0.004573390096437439,8.992007892507664e-4,0.0022716429433993894,0.0012731913788754734,0.0022973489877194638,0.0017647984965700968,0.001614311466979327,0.003982944772925241,0.0015691766153620493,0,0.0017765671087031892,1.7423865422138614e-4,0.0020065113989491162,0.005594155503306988,0.007440844932040511,0.0010607256749055063
0.11743333294745131,0.04735030834171822,0.02693758990086803,0.009887378275370241,0.16933858155178302,0.007908400447196985,0.15192850558320636,0.002079968822272432,0.0017528022612332465,0.00603287833119824,0.0026160086121360285,0.0018730825920536594,0.008972542799223953,0.024731864039128585,0.009422993175944179,0.15861285890237378,7.075097483220863e-4,0.0022982552887610202,5.254188489558839e-4,6.361170660724044e-4,7.31163160604545e-4,4.1580053408886517e-4,1.9729189628503774e-4,1.7438444290067393e-4,0.004582620213712197,0.00773638612325759,0.15795822840342472,8.395707037121647e-4,0.004914359724725768,0.014606674707665652,9.198579367778706e-4,7.861955391087204e-4,4.0936181880225404e-4,0.00905012952299534,8.387847868158298e-4,0.0012957915052641017,0.0027189727157690404,4.458632415891737e-4,0.00470148525888259,0.0010780401448752166,0.004690885205416193,0.0010449463627883139,0.0018138768166406916,6.967165398571249e-4,0.0020207975003709135,0.0034978445150157856,0.0011884824908356113,0.003973522614157276,4.670743036619353e-4,7.179162968714421e-5,7.827944930261292e-4,8.817130007443823e-5,0.002309782787688754,0.005088144097815893,0.006609630974204173,2.0817845223258317e-4
0.12288486913566571,0.04876850037161011,0.027316875627329262,0.010988756688358222,0.17144523644218596,0.008239904707362038,0.14769693926535885,0.0020445816534907166,0.0014211287200168378,0.0076012644861533545,0.0020565418031466593,0.0017695518400420022,0.009562915713050563,0.02257317704183497,0.0012603643001279743,0.15284443901569497,7.40527996673306e-4,0.003063131855976893,2.9350648487710946e-4,5.154806090282734e-4,0.0012224652306914194,3.152867232217123e-4,2.987294432253214e-6,2.7186090686497343e-4,0.004634091069284965,0.004565190793547116,0.17749228262761932,5.474695028396398e-4,0.006201855471557423,0.011857226344662351,7.237431963775049e-4,0.0012347375182881197,3.7318314639835245e-4,0.006959949041551183,0.0012094485647545171,5.430410725659386e-4,0.0027169314877829465,4.804244461416535e-4,0.004249465621420965,0.0011044505423740323,0.003302238724311523,0.00036531175221483887,0.0029115086033469034,7.53630618291425e-4,0.0012647759781425094,0.002315371379157761,0.0010332739932101848,0.0054410293030205704,0.0010030254075746885,0,0.001210090930935068,9.430276998261838e-4,0.0015947880977360736,0.004219663512929124,0.0037700401558458823,7.84394830971033e-5
0.12093053482374284,0.05188640416885528,0.0221063817523996,0.0080647243561927,0.17421728018739907,0.005981068030636191,0.1452032435642982,0.0027811026988845394,0.0011539465944815747,0.0060237451119510435,0.00242112145797938,0.0027325917913852897,0.008458416101713538,0.024172098923119997,0.005798764498935326,0.14860539347637883,1.0776740271775462e-4,0.002771264627686662,0,5.794461575224368e-4,6.556385895569859e-4,2.0714045511064074e-4,1.0506154465241144e-4,1.6762732374931574e-4,0.00516119447021632,0.008268596626556797,0.17203208467890144,4.376393365695552e-4,0.005042999154099008,0.015165129118377871,5.478765050776103e-4,6.435739313630008e-4,3.6767052946084627e-4,0.010011815393298885,0.001024971517279504,0.0010033330119022207,0.002546827787800117,9.833181097781822e-4,0.0027574793251340986,5.534457321575676e-4,0.003407178902592954,7.088256351783768e-4,0.0023609203927197077,8.142454978160834e-4,9.804608895580666e-4,0.0022474962196277716,0.0016761603086530184,0.005167188620523941,0.0010267763425196286,7.741693967623689e-5,0.0015727562860940925,1.999080527971577e-4,0.004001657536454069,0.005257526119871525,0.008181672659276695,6.410907293180551e-4
0.12324640420218202,0.044381538510288226,0.024638950679911602,0.009375586488921131,0.1661859577957052,0.006733951929603197,0.1517808061505086,0.0029536836937950938,0.0014934407325440265,0.006948971017004463,0.004772743550644532,0.0016824659379801508,0.009624292263446988,0.025598896351191627,0.002003360735996752,0.14861116867728116,6.983041239068093e-4,0.003180310776259521,8.158331154678674e-4,6.054124767718946e-4,2.8699764421624273e-4,4.374499821338149e-4,0,2.509730197481651e-4,0.00481287714459555,0.0058690997437007226,0.17613917494557205,9.068435741636843e-4,0.0072700882738707074,0.015154205039264406,7.698723981376572e-4,0.001397571699599484,2.605397697517544e-4,0.006472112390634423,0.0012427208093693702,7.897472264326762e-5,0.003998727118658704,7.99185778219548e-4,0.005956235791249638,6.95263691992905e-4,0.0036826466821334464,4.352827790063367e-4,0.0011420605944373547,8.354237131451166e-4,0.001845170494834074,0.0021883445520080942,9.43526212163504e-4,0.004438758664379807,7.473695533491565e-4,2.109574695668564e-4,0.0014117683945323752,2.961119646442908e-4,0.002053054802169061,0.003877248060625612,0.007519701483048078,2.4158183302388925e-4
0.12416325306853909,0.04717082575903467,0.025263352271945413,0.009674559296233043,0.1723115879950005,0.00669094954587531,0.14222716714957945,0.0019572223718954773,7.248751534625885e-4,0.006209259568932045,0.004615134142712894,0.0022031779990496153,0.007759164927154135,0.025190605709724603,0.0021289234003398754,0.14590591904528752,2.979063937192528e-4,0.0036169236701223523,8.927274280118692e-4,6.121619187756613e-4,0.0012532637607619646,6.515775290454232e-4,2.9351078602783914e-4,0.0014094503503487576,0.005781289315846458,0.007242527125663716,0.17627934083348112,4.3012678020241707e-4,0.0064089208897507985,0.011640878799787306,3.7146173632113976e-4,0.0013271263165681307,4.6547773771367704e-4,0.009833821670436262,4.2592110634006404e-4,0.0011899331098873998,0.0030190979440595828,4.809533216575333e-4,0.004289432563534794,4.1314744757346467e-4,0.004495109937810928,8.459842256702322e-4,0.0023084045165001872,7.425395289237242e-4,0.0016403597033008682,0.0038687420485128674,8.582449095844035e-4,0.004158401089770076,6.73317329710494e-4,2.2875470505794815e-4,0.0011611114453651972,8.505741608662393e-5,0.002873056827700895,0.004824793563353927,0.005809943703083311,0.00260322310916511
0.13095534125568334,0.0486263463302588,0.024382347931853985,0.01049485773717029,0.1706696092695609,0.006882002874444295,0.13460076023881357,0.0010417416078070034,0.0013548049752061635,0.006014684434035138,0.0032098150294209648,0.0015930196615113025,0.00877063407702089,0.024710712064011646,0.002378521384094948,0.1639904008555551,3.0171298376368975e-4,0.0024177437264008453,9.352521190463745e-4,3.2833734608383016e-4,5.868795965485777e-4,6.218355304688427e-4,1.80427362663549e-4,2.4214998009140258e-4,0.004538177954349639,0.007201551914096853,0.16693066751646932,4.0847503965107344e-4,0.006476090799487818,0.01173844843988649,9.721947405628539e-4,8.298084704855721e-4,4.579172372937345e-4,0.008327023131154314,8.150729026423061e-4,9.365047176152677e-4,0.0021760197417004436,5.043263692673862e-4,0.0036188050286520184,4.961811975444731e-4,0.005310751147114775,2.5186606360592923e-4,0.0033946757293459003,3.644205541713429e-4,0.0016234200265381042,0.001999854941630803,8.81217185488131e-4,0.003207278635651009,0.001196753262497784,3.447714629741194e-4,0.0014333292650172869,5.048483749832532e-4,0.001963198253384344,0.006207912931304621,0.009433485487208881,1.650131067087108e-4
0.11793777193918507,0.048664651425470065,0.025296428604119986,0.012585250318774001,0.16716197693349824,0.006686635274785004,0.1573320929816952,0.0015050454565316254,8.90343624617828e-4,0.00615788812389137,0.003519242993179242,0.0014971592925218846,0.009334077241987322,0.024724148153980635,3.398016036627409e-4,0.1505574434167318,5.452066948788324e-4,0.0018339104599161594,7.650942898477332e-4,9.602040714748376e-4,9.195979720955844e-4,3.234676567245983e-5,3.713292791526256e-4,3.7699769761104565e-4,0.0048174567777680664,0.006602954699716815,0.17550138908561214,5.992247454790875e-4,0.007194367104995111,0.01146367866765183,0.0011567991280488478,0.0012101997090145148,7.411180764547057e-4,0.010753364004689256,0.0021116770477725253,8.082407115597793e-4,0.003626485595735599,2.8375801230444945e-4,0.0050780402302792816,3.0674259382189334e-4,0.003995491329517683,3.471424854906122e-4,0.001664588901364816,7.449542856198769e-4,0.0015177246957186045,0.002000847981567463,0.001622651183571237,0.003950293131696892,7.364651377520131e-4,2.7035421603908726e-7,0.0013520974393740964,1.9259969164630482e-4,0.0015129544758775671,0.004147656792839944,0.0037747701585897422,1.8935114897192015e-4
0.11999781467079403,0.04912179509996624,0.02520753067404532,0.010309927812262617,0.17892839431169508,0.006978181284288147,0.15655540552700628,0.0023206364250272756,0.0012024871580462728,0.004866207567352423,0.002161568306529204,0.0018671194925853943,0.008395872520292377,0.023188219259234494,0.00494630546062927,0.1585417449594174,0,0.002247349297274046,7.209847136609298e-5,6.264952125795764e-4,5.688998490352313e-4,3.814072917592053e-4,1.0842310696329765e-4,4.204500008607537e-4,0.006188018246149561,0.005433658402365133,0.15214952480510147,1.2270727087089625e-4,0.007240356967382857,0.01191902722026937,7.237109193868286e-4,5.163260823488578e-4,7.44208913118548e-4,0.011206183293304209,9.056570484711146e-4,5.878687986263257e-4,0.0025372467312655194,8.278322876167281e-4,0.004512342305059645,4.8360767074277403e-4,0.005051342486368896,6.467053749544412e-4,0.00213990902356708,0.0012134198476288077,0.0017720705665922572,0.002418177473979095,0.0015254011184978843,0.0042799800255356475,2.009937767342613e-4,6.354687094572716e-5,0.001015732774709133,2.3145195025116107e-4,0.003277998258030202,0.0035587784393126595,0.005337785091560212,0.002154096200242669
0.12192016106149539,0.04891544808190149,0.026190479351200165,0.006692361290028873,0.17491364261886247,0.007961625308769269,0.1526599568202258,0.0023721079609789167,0.0011567819461416994,0.006940147872159271,0.0016941583057586045,0.0018150539439904204,0.008930213073663585,0.02283340677128881,0.0017319608693182583,0.1478098821324436,2.46814580070608e-4,0.0033824588845312283,1.224164088820946e-4,5.078616638183765e-4,1.7757650858260865e-4,0.0011543244089809886,4.991412586669123e-5,0.001081216421718359,0.005034800757868221,0.0048560647854232,0.17302390699582226,2.4250488449480134e-4,0.006664222760790074,0.011176531805195568,8.566149938158139e-4,0.001201244055655001,6.54051706715317e-4,0.011952273319822517,7.729643348845397e-4,7.332922528238867e-4,0.0032512908494681772,3.556124626887065e-4,0.003501923834683524,0.0014927820687820263,0.005737212835636734,5.479783268289639e-4,0.0022984528055087173,0.0010536528368245762,6.761286907095744e-4,0.0017609242196385461,0.001431606753566226,0.004850220512503794,0.0010130333823260094,4.7477654085218736e-4,7.456173170624026e-4,1.2002532830023286e-4,0.0036428408599878197,0.004918292013344214,0.001985522067023374,0.0017136632302754565
0.12589130352735473,0.04464355439399432,0.026050837375448395,0.00868694033461635,0.175738029994958,0.007987231219636263,0.14724482315549464,0.0022743254424711498,0.0019311873195256442,0.006420669982018459,0.0021533464237661303,0.0014922477479605227,0.009338147370349995,0.027388151261316253,0.0024224594586909286,0.15822862585868658,6.389870080994926e-4,0.0018351978201734814,8.507236631592145e-4,0.0012085214342742775,0.0011302824659844629,0.0014418740600264717,2.5149174853638696e-4,1.2198359987033433e-4,0.004535269049005272,0.006416761014111588,0.1574964931093053,5.904341637322642e-4,0.0079858854882822565,0.014134219841921591,6.836077802651726e-4,0.0010239634706927661,4.572298103741288e-4,0.00941835690446889,0.0014675399830689731,8.036002295055999e-4,0.003619756172614746,5.283835867108571e-4,0.0029071944226188693,5.738709575488147e-4,0.003728572147131649,5.097322025811068e-4,0.001994674704923462,8.490781120369267e-4,0.001914501194206012,0.0022836222675692414,0.001383431237381098,0.00311048198185202,6.373398487896402e-4,1.9604563600033676e-4,0.0012519140872031718,3.7400706882180984e-4,0.003217275714112768,0.005486083143412474,0.004651875941784833,3.978560615538958e-4
0.1260255581272163,0.047782521052969276,0.026071107707724646,0.011271833912585493,0.1708331203861883,0.007701918482662374,0.15537960425778247,0.001635471873670115,9.875913850496965e-4,0.006999352643570354,0.0030421957530971135,0.0013162457507816113,0.009848696193416464,0.024112317039735143,0.0024118191982837813,0.16822236351847306,6.852668601022737e-4,0.002230939825819992,1.5444750936883728e-4,4.81337834127844e-4,0.0010262425012272658,4.1380971925561856e-4,1.9959669179508136e-4,0.001120786102492878,0.0048993795885218785,0.0062367326871953675,0.14521876594667138,0.001251133511371244,0.007129538144567937,0.015554358181814132,0.001210197802180123,6.38464453117225e-4,3.6829987149805183e-4,0.008058820847821937,0.0010404903947361067,8.143078158725152e-4,0.0035312472877184046,5.319172885499913e-4,0.0043132786283504605,3.8434149444537436e-4,0.0034794945901112104,3.218631760803587e-4,0.0018915843343221405,8.222552762229384e-4,0.0012555627413135704,0.0029175101942772678,8.80203841482212e-4,0.0039489529153553474,7.573510434649648e-4,0,7.974379677241935e-4,2.183248933276861e-4,0.0031397908681713585,0.004916532400674808,0.003437985564257584,7.973192138619003e-5
0.11883911021003808,0.04823759348657309,0.02340154958950948,0.00910758352297731,0.17717779915085308,0.007479522406872086,0.153402503671691,0.002420509429956419,2.495572210581763e-4,0.005537771221051028,0.0037522842207375388,0.002864531419519129,0.00783057320608739,0.023339987736318266,0.0014794560071184145,0.17861648400992627,1.6811448607582341e-4,0.002482174798722852,9.56141624960349e-4,1.3688950241157115e-4,9.50616239022778e-4,8.77633884729339e-4,9.433261653984033e-5,0,0.004677848184093538,0.007854727414196185,0.14470494340527604,4.3843569945094544e-4,0.005786821086665172,0.012971499284366054,6.103750160881712e-4,0.0010511621439252736,1.570270883026405e-4,0.008274256026114663,0.0010926823272294317,4.945628773385903e-4,0.0031518936692556563,2.8574452296121626e-4,0.003937016265475936,3.521009658019524e-4,0.0035239703971589867,0.001211231011042623,0.002568533043965593,9.402271275135656e-4,0.0016282511457370724,0.002103922000179922,0.002127470825101413,0.004408965509020095,7.872480012532676e-4,8.129106099165583e-4,7.760016581120535e-4,4.5784336334091897e-4,0.00237161047997916,0.004977617668637865,0.005939715097727965,1.2066642202213124e-4
0.1282628220567713,0.049701879084064544,0.024389810921376858,0.008708188838572838,0.16903310004099525,0.006057648641654936,0.15093354716964297,0.0027095641298809604,6.243175193451231e-4,0.006986542902088612,0.003131145533028229,0.0016827963699450527,0.01004082193377015,0.023131879485023935,0.0015890807715038242,0.14312878350273067,2.071035432400418e-4,0.002273549227342088,0.001175096489120491,5.673697471670742e-4,0.0013701940139146823,6.64314529665009e-4,2.1155616481765898e-4,0.0013659413688048322,0.005368905115444978,0.004797126175526753,0.17661633216429348,4.222834533302871e-4,0.006074414582874211,0.011719623817361326,9.237192825447909e-4,0.001322315006896899,6.136660028093871e-4,0.008605994023302477,6.568609198470901e-4,8.383862255215852e-4,0.0027370214488071447,5.135280883503436e-4,0.0036360920423494387,5.162746464368195e-4,0.0049173024026679625,0.001175327716102671,0.0025376876954823486,7.160020221208396e-4,0.0017923200612204413,0.0021151464052897974,0.0011926164127081086,0.005387527739587521,7.580494953778308e-4,4.297733030151347e-4,7.26276332876597e-4,3.0318739418425605e-4,0.0025658306480123064,0.006153791425972683,0.005722563297507602,1.9700066770970357e-4
0.11651228214329394,0.04977356218196563,0.02188930181529301,0.009825785292217802,0.16587220452558707,0.008113366839202453,0.15121314873196626,0.001453259663799804,0.0011251510198530383,0.007305879815020734,0.003391067044551264,0.002022456989160374,0.009189941399007227,0.02390870165596765,0.0014005421239453627,0.18302701471029403,0.0010456003490517663,0.0033292703841780666,1.548809956239506e-5,6.938295434935181e-4,4.233222835477513e-4,9.21777666933252e-4,2.2685398156148956e-4,1.145289249267861e-4,0.005505009126911572,0.006926277500921647,0.14858707065034826,3.429010283443398e-4,0.007793177503887593,0.012431362293440516,7.409042454480922e-4,6.976088471148057e-4,4.581913653144415e-4,0.008158900338066351,0.002285576400007874,3.7182662502364613e-4,0.003163992192502565,2.103258829470943e-4,0.00356780470646826,1.7739089578737937e-4,0.0030537080651533216,2.3913806182512194e-4,0.0022964148533758427,0.0010955881231474991,0.0010541084306904525,0.0032176780156753858,0.0016928994133216032,0.00397373542752005,9.890958745275742e-4,5.260956051868705e-4,0.001432293089448279,3.450984209931843e-4,0.0033865705298539916,0.005513142319859559,0.00668465357131986,2.871234111862673e-4
0.12095300463251775,0.04942610288087458,0.024972966415477013,0.011400402308113157,0.17823338835268335,0.006105937841300082,0.14088752113015418,0.0022913933299141464,0.0018488296687459759,0.006780845174253108,0.002726398680313225,0.0019902744652913573,0.008863649063024209,0.026214668214056033,0.006310686578696153,0.15299797714186655,4.979643304017032e-4,0.0027273785130568183,3.6524715609732226e-4,5.831072521973556e-4,0.001702983251265827,2.336752861810754e-4,1.3755438685649702e-4,1.3445010174698962e-4,0.004778116027245067,0.006642616789862314,0.14993813199090367,0.0011047405800373995,0.0070429312060143285,0.015036758617311715,0.0011433173320143715,0.0012337063118324644,6.202588319706452e-4,0.011877254529766334,0.001445401635871913,2.4667176534992803e-4,0.0025149818814112616,0.0011516990803862239,0.005482317802772486,0.0012470729404898526,0.0051184030666782225,6.407545440737972e-4,0.0015929192041769706,0.001049151022853899,0.002126831913685733,0.001447678173382076,0.00149379250517884,0.004611956072221417,0.0012600861762809372,1.5261227965618463e-4,6.243847205382998e-4,2.3676935351051983e-4,0.0018938796327882712,0.0052832903777262,0.01076582472761676,0.001809282751307468
0.12421572077404187,0.04901500231985146,0.023127708170769142,0.00924497121033704,0.17546553648787488,0.007156352894422733,0.15212039778569714,0.0024124750028190374,0.0021485921838268994,0.006222279899587274,0.004912399019110534,0.002236308195456296,0.010474832009905044,0.02579522766344504,0.0030828924937329662,0.15074363623926584,3.886229344985157e-4,0.001743538294898272,3.4575317771825127e-4,2.0976282636145173e-4,0.0012677949185687315,7.664443054331522e-4,2.0532243188179782e-4,7.551390740011316e-5,0.005608133672096186,0.004904631054961428,0.1596384171528771,7.945586398360123e-4,0.0064278663237400556,0.013906423449592187,9.561906002373495e-4,0.001187499859752,6.627588709211782e-4,0.012191745757572175,4.693228039296032e-4,0.0011690333139614205,0.003481563228824038,4.101305741997925e-4,0.0040953648173371075,7.90847246836653e-4,0.0028075544185972405,3.85889627134442e-4,0.0019696087400105145,8.886371550012466e-4,0.002521690836150366,0.0022011664501526227,0.0016717800600282906,0.0040756073850615904,9.028775599321503e-4,1.0519515758202276e-4,0.0015871529668986875,1.3145262278530144e-4,0.0019336879984686668,0.004402913912449665,0.0040494100780153405,2.938025181540676e-4
0.1244927263811611,0.04968091634966587,0.02510474651199736,0.007443429315502364,0.17723931625592218,0.0069102982764805915,0.14355046757769832,0.001567189788697221,0.001524630692329725,0.006266964103666255,0.003395472458324245,0.003070896114252769,0.008016220032640057,0.025368095399146223,4.855260351253444e-4,0.1800618005671533,3.50517394249272e-4,0.0026430121396108677,9.437250264920463e-4,5.799583015118776e-4,0.0011213565862306948,3.1868430052272174e-4,4.434689894449551e-4,2.988048366005521e-4,0.006242180334198372,0.004567321916088,0.1432832599295566,8.069348369483164e-4,0.005129131848617584,0.012320197339584728,0.0013641156466382468,0.001373587471743904,9.136495780772249e-4,0.008498491575054392,9.914872470918991e-4,5.00114996552098e-4,0.0025714250644838783,6.774434061234986e-4,0.0028428525372856785,6.929517109397966e-4,0.004840374175392122,4.973449879679655e-4,0.0021489112701904888,9.920443503627387e-4,0.0022089712594025057,0.0027520217098590707,0.001303730742905821,0.0035894036469530915,6.71895100319509e-4,2.2199446377135323e-4,9.231610816842222e-4,4.0211401794798426e-4,0.002541300846805954,0.005130753212715477,0.007921929368236744,2.00680892074832e-4
0.11343474194063165,0.04561814384956635,0.024898169477581826,0.009392564866769272,0.17009594999474423,0.007908345652438665,0.15032242755521288,0.0031991289418963624,0.001978168048989738,0.006329581279067153,0.003407634581239231,0.001237867871467165,0.008280808336900817,0.026405257931544496,0.002793161216889636,0.15640223437913078,4.914526860339949e-4,0.0023756694488473637,6.624875361916973e-5,1.95423375314151e-4,7.126102669030563e-4,6.922884124058759e-4,2.1349380504785817e-4,3.209486257938051e-4,0.006589694598696648,0.00515856154281073,0.1800946879112842,2.8151932369772627e-4,0.0072579239399127105,0.01115873592009439,6.961161219737594e-4,0.001699569794658205,2.0238480180851108e-4,0.0068170520646589445,0.001618082351046883,6.537318691660548e-4,0.002588319362373135,9.367048015259883e-4,0.00391784731743052,7.607726395473584e-4,0.004063436448185265,9.425685473042388e-4,0.001719231671566378,0.0011624701918910745,0.0015689083514904192,0.0017263818922981123,0.0011325303139140248,0.004338782093355284,9.17786014457497e-4,3.500651630095925e-4,0.0013182114252345899,2.617279917041245e-4,0.0026669717904222114,0.004712503120825068,0.005155123241413476,7.592760842073576e-4
0.12080777075230881,0.04960098792229425,0.022281388312332298,0.010181912905621336,0.18607159631150452,0.005479121316170906,0.1410636879200344,0.0032090045102900794,0.001593154907186444,0.004846989871199214,0.002359548410903653,0.0019014325289881103,0.0082681346480799,0.024011130383298218,1.825449941663e-4,0.16354350701308523,3.028969812468727e-4,0.0025532254186761,5.557275548152818e-4,8.404483897139263e-4,9.125164186633805e-4,6.092196115022503e-4,3.039854141779713e-4,0,0.005677516355854568,0.0047411318157313444,0.1585465279512574,4.678342137905237e-4,0.008306610948662274,0.011350506088111207,6.85266468097908e-4,4.7029474720362786e-4,1.7555097423065065e-4,0.007153099191045897,0.001210361318507402,6.275680576285531e-4,0.0033333413267117185,3.9786435583430543e-4,0.003733835770567355,6.653861633698478e-4,0.004007744727108243,6.374099221466712e-4,0.002512844508488167,9.161598511464527e-4,0.0023618252870712744,0.002767608327551524,0.0010941229684432881,0.0036386509354665135,0.0010839326826619783,3.669186482390444e-4,0.001040241851214013,4.6707062595804433e-4,0.0019352116824808557,0.006220903672456219,0.009759856067670306,0.002166869999033374
0.13032727707496253,0.051095615861153944,0.023487331709338224,0.00893708368971113,0.16117000600090814,0.005708452535597951,0.1501338331376784,0.0025362677963228636,0.0015163762270500925,0.006598082061870032,0.0021186091892225244,0.0012204631836795177,0.008715488663497554,0.024337016623890005,0.0016995121528997463,0.1620038023652171,4.291668758604875e-4,0.0021908293040636424,4.4318541963136294e-4,0.0010606440112911634,8.433084637165759e-4,3.672262076316243e-4,1.7709546044851105e-4,3.747743921805808e-5,0.004523410954337016,0.006484641915854249,0.1678780667561643,5.923656458412898e-4,0.006355354160581707,0.012501020657519232,7.969804519673895e-4,7.742863785818214e-4,1.5646376229949699e-4,0.007367749327572396,0.0012689186722200227,6.881674454191154e-4,0.0033784202158811914,4.7261827157852893e-4,0.0040716844908431065,4.537417296616659e-4,0.003958586525279011,0.0011768831201389239,0.002878051120444832,0.0015310604658668931,0.003250109441822722,0.002378802515152534,0.0011803696760573832,0.004336582582504932,4.739157237477464e-4,0,0.0021387551710550035,1.5287718378127882e-4,0.0031777667195023785,0.002998409000226951,0.0035895261614731075,0.001860262301762604
0.12918419809325438,0.04719989295439422,0.023316527410817942,0.007450483376517765,0.1729661705904293,0.005446905523370173,0.15257777778171577,0.0013774290016750825,0.0015688827066628822,0.006176729589054344,0.0039628133755073595,0.0016129085985619207,0.008491217634674501,0.023414830265234964,0.002041943244026499,0.1546053830408929,7.414109904424346e-4,0.0026025208146688893,9.85021861699512e-4,9.002650341444735e-4,0.0014669838970938181,2.922144481724964e-4,2.1310682409140722e-4,8.687812476345073e-4,0.005669660855385206,0.0030750130316616886,0.16985383563077325,2.473820728695461e-4,0.006318517021514746,0.011902420678529374,0.0010454936453742187,7.72822311263316e-4,1.2578378581993893e-4,0.008621699343680907,0.0010012373911287356,5.994596359667085e-4,0.002084221244137592,7.969241735019749e-4,0.004828934051015894,7.892643295945788e-4,0.003653719398078224,9.96173938525428e-4,0.0027467764919809675,8.627729973833112e-4,0.001165783891767251,0.0020833974916273723,0.0010310757169361437,0.003977747225221101,4.926469317866574e-4,3.574889532239707e-4,0.001212017431786023,5.461862721346024e-4,0.003112537024339196,0.005034107388492014,0.005530501339762526,0
0.1252345002751311,0.046142249588369245,0.024410447991463784,0.008542589428954429,0.171825384115868,0.0058468178160889775,0.1443975027460356,0.002390686122441203,0.0010998229522893926,0.007313590242447337,0.0027525106177021803,0.0010477301365545285,0.010237052816319791,0.022993037350562923,0.0012027462514121589,0.17041858594632867,6.180204164087386e-4,0.0031829693964226437,3.947475377940708e-4,5.274595472425257e-4,5.825363662088678e-4,9.587835527355482e-4,0,1.8698561907997736e-4,0.004101980104873419,0.004833974239406701,0.16141301689348297,4.920087957190431e-4,0.005366752199515846,0.010512123591081604,6.295519554851741e-5,0.0011636849642801081,4.028373380717358e-4,0.00766737262242839,0.001417108258745697,8.099108281461227e-4,0.0030823313132593844,5.627205825207611e-4,0.004615378450850061,8.503854770586562e-4,0.005731425940743501,1.9108706769918105e-4,0.0019565328070822534,7.938329555859721e-4,0.0025826255123288086,0.0034846967853789045,7.83313160152271e-4,0.004079065873959257,0.0010287174544385347,4.677774351215336e-5,0.002528257071515339,1.5600641372171995e-4,0.003464489984709327,0.005917514893281223,0.0044283946367954215,0.0031659640102454285
0.12557688550941762,0.04569375693845546,0.02541480853729779,0.008513386216915126,0.1743039850646249,0.006914919553667804,0.14689507257207848,0.002554817449124748,0.0013820948776251398,0.005956243040804943,0.003572846213033184,0.0021908354666158084,0.01035627892259539,0.026617200986419995,0.004248890127451677,0.15307387874442907,2.933443540183072e-4,0.0020551207330834205,2.5132208147856137e-4,0.001066616421534479,4.72870602508058e-4,8.730091834307939e-4,1.6126231662756527e-4,2.5496748886542637e-4,0.004971304664429642,0.006207475847330323,0.1660819483441468,0,0.005795639258243784,0.014526398971537813,7.489090270501562e-4,0.0016564376974606949,4.465868982755492e-4,0.007654347338314685,0.0011838310148745601,7.171346304256631e-4,0.003398188533045995,3.025480765444983e-4,0.004301156182454825,7.965941324044306e-4,0.0044939569028215965,0.001387172589200523,0.002914082051543542,7.248623134619885e-4,0.0020508002023779137,0.0027780004154584724,7.136338134531659e-4,0.004913349573134002,4.580086792312741e-4,8.06206486454632e-5,6.889920412328745e-4,3.183122019951951e-4,0.0016523449996673789,0.005258282354290618,0.002365513829307083,0.0017191533655357412
0.12323170714148682,0.049241460666698315,0.02471544677078992,0.008845427430709167,0.16241723282087417,0.006428480127904211,0.13766905553910058,0.0030448443282529675,0.0016619419926304862,0.0053922939942123915,0.002532769219169323,0.0025256250176518688,0.010145714840475528,0.02488662898420432,0.0030839306060250677,0.14563682563363736,2.450092970612056e-4,0.0023235752640945392,7.64172092489994e-4,5.746119249283022e-4,0.0016532788256689718,8.351166886810288e-4,1.2434243326193476e-4,5.174680346803117e-4,0.0049645875975040474,0.008062147227275746,0.1840026458524466,4.012049474198105e-4,0.007021792004577809,0.014616889301163427,3.6459222335903944e-4,9.373094744647899e-4,5.608898487902115e-4,0.00833649516347623,0.001682573235542964,5.777172146371055e-4,0.0027208220127731475,1.4815644722294746e-4,0.0041666976344415605,0.0017465743712539185,0.003250731344492794,2.43838209745379e-4,0.0024198076756280864,0.0021114147432263488,0.0020788156380308555,0.001468486925457259,0.001583011022703997,0.0039216243438298555,0.0014054083011128436,2.19816684143882e-4,0.0013805983541365766,3.4540310555473454e-4,0.002615312352594835,0.006358958987584371,0.011658425796354364,1.3029228436569763e-4
0.12653550491217466,0.0461874369104213,0.02353480116275802,0.010076220943890475,0.171789409988006,0.005403004992849855,0.1397186851159439,0.0020353244502096914,9.667181362349848e-4,0.006167376953346695,0.0040038625723241685,0.002318457440176958,0.009610489446181222,0.025508540857735285,0.0035838875750797824,0.16492157994297343,4.1124337072980525e-4,0.0030030104184967607,4.5718183050512043e-4,4.004060075897318e-4,4.641630869813001e-4,6.718809618899323e-4,0,5.110752415236981e-4,0.004948328531744874,0.007013481830428784,0.16122026487579894,7.588844592585445e-4,0.007007124280770209,0.012562431206561003,5.645148031004902e-4,6.923975061328702e-4,6.883428739546803e-4,0.007872961442944883,0.0012592462076663968,8.084039621702242e-4,0.0021701438745988155,6.247208521535746e-4,0.0036065507873804478,0.001066562108963507,0.003896963225493159,6.372038094713478e-4,0.0020746444426158243,0.001283992028450819,0.0015283130921208774,0.001522803538468369,0.002140603966537167,0.0041737225298890115,6.820128629206837e-4,1.1672162658756763e-4,0.0014570033297931235,3.8078764204179007e-4,0.003029922109075189,0.007302225169717427,0.008330894346406284,2.97564358760352e-4
0.12626173102549199,0.0486179059080414,0.026143880668557194,0.009391859057109795,0.1752227922282918,0.007054078788315823,0.14708570171562235,0.0021896099411621195,0.001019994830177206,0.006790021029279691,0.003124542665400282,0.002046678336577821,0.008728595366677023,0.027098584512045998,0.003980511488147653,0.1442137445063683,8.475388750764361e-4,0.0020998042552969665,7.978366261910905e-4,8.935760854591105e-4,7.852200529886734e-4,6.01775511739733e-4,3.009018211991954e-4,0,0.004846576660020618,0.004951468214158235,0.1704468110068962,6.675178132216332e-5,0.008989301387660296,0.010621320974545823,0.001017089700337623,9.97634493280731e-4,5.885943121448722e-4,0.007684101507786691,7.89471155948607e-4,7.264649010920159e-4,0.0028679978054451027,0,0.005554131610013983,2.3337564419679155e-4,0.004579763946421297,5.201622136698856e-4,0.002703159763296098,8.574993046946256e-4,0.002191337827421967,0.00282598159249922,7.067110846449598e-4,0.004001816789316126,0.0011216811215677795,0,0.0018865068279087756,3.618043435199626e-4,0.0028942547554733555,0.0028171273452611383,0.006788041327375222,6.61753068621708e-5
0.13438215769937376,0.04350509041159739,0.022190628790897296,0.009396551463183961,0.1611581440684238,0.00836076626165248,0.14201289361577263,0.0015176621698249862,0.001156407512717029,0.007257797518561261,0.0032189165666324203,0.0016305465218390397,0.010287893333960437,0.02026548958468338,9.213307947106948e-4,0.15989060602700728,3.1541676903851305e-4,0.0027067346952590987,4.8794058028623824e-4,7.628655952117852e-4,0.0016074939498599576,0.0011637867061287598,9.465882545133471e-5,3.2735078471939956e-4,0.005631094090406399,0.004821627400895026,0.175815441525798,2.498854860679736e-4,0.008035003528859396,0.017098444941866096,6.312796420129496e-4,7.947602349408526e-4,8.992383543534448e-4,0.007831008932779163,9.15994555158742e-4,8.156771665572245e-4,0.0030187147899647213,1.681268983264672e-4,0.0032873278700855813,9.12223236019824e-4,0.004156217679012761,5.027929906943246e-4,0.0028896729288440553,4.520806910895562e-4,0.002004051200515116,0.0020713147530433376,6.896548637646215e-4,0.004808698569693201,0.001531744635111198,0,9.791585082508754e-4,4.6839629673550335e-4,0.0032946129329461523,0.004702043948701372,0.005305763074550227,5.988180261629464e-4
0.12510951965765593,0.048627774084913755,0.026285867076254767,0.008707828099196886,0.18238209001886502,0.0060313795963650215,0.14602106122533365,0.0024026747506101865,9.444150142499841e-4,0.006231702031987228,0.00248676351860982,0.0010549751313304668,0.00925252756579108,0.02421616304655029,0.010336646602358232,0.14201503298247256,2.004436021917817e-4,0.0015686512365568762,8.731250400224848e-4,3.273363212304049e-4,0.0011526273685250534,2.983140518373848e-4,1.979134237943092e-4,0.0013490209878494629,0.005988171198101153,0.009314751057371765,0.1583402090401787,1.882976491233304e-4,0.007141586196255854,0.009938040579540938,0.0011304808494411243,0.001135595025270071,3.4893419186606407e-4,0.010072851708873494,0.001462907641455106,2.3914912786966483e-4,0.002234413978795502,4.9112279254716e-4,0.0032453734531677344,8.95598871079023e-4,0.0029724824725451296,9.652033736756543e-4,0.002912476314439058,0.0011029037297144856,0.0017291911356531015,0.002891226725623835,0.0012719709021223459,0.0036682869083903345,5.41200237204574e-4,0,0.0015395430497822209,4.075478662662823e-4,0.0024564712594557997,0.005255896818110791,0.011468415997998587,5.758474135284838e-4
0.11907711179238015,0.04922978874289054,0.02370980772353913,0.010375744675914086,0.1806489471517961,0.00596883820971073,0.15702455717852357,0.0028738339644238543,0.0016445648187167854,0.006212615026345029,0.0022542401960474016,0.0022993133526437726,0.009793605078996603,0.025035217034932507,0.0010626266603964729,0.15669545300489549,0.0010498416348427638,0.0019046035581300183,7.143888475631403e-4,7.656479423577866e-4,5.19203875420221e-4,5.807481243962912e-4,2.473690571893847e-4,3.64215067084785e-4,0.005463214139451571,0.005375455679173429,0.15596318618448723,2.059706547441628e-4,0.006541848518578698,0.011959396755116298,0.001998940615900919,6.618777086268255e-4,5.083119726139884e-4,0.009042814125218972,0.0012761161080933332,0.0010034388537539624,0.003157410420069355,8.453274498161011e-4,0.00374498507470307,0.0010418033373705133,0.002755502466515991,8.076848689338523e-4,0.0017261426930299103,0.0014057820141530639,0.0013821828823957327,0.0037063296242239403,0.001929298438005288,0.004194893153626497,2.1208700039434186e-4,4.5018255658253384e-4,0.0016059832182440258,5.57938095635281e-4,0.0018862513449804518,0.0035821733827682825,0.003050319693262823,0.0019048682503929662
0.12166886697503808,0.047221349248138,0.024023879719869735,0.009290051511632386,0.17057882870536017,0.006694205112122859,0.15369469883041628,0.002721854597584505,0.0014945891708295232,0.005455269998425594,0.0029740511408788144,0.0013977328866899323,0.008850403050756978,0.022830153370441496,5.067461780469574e-4,0.16591489050900507,3.1526787505184147e-4,0.0030999858182815146,8.269791169207126e-4,4.6215943736049186e-4,0.0014718278586050607,6.426662310840566e-4,2.698701766282891e-4,2.19598374717494e-4,0.004426025300864361,0.004883317863195521,0.1686533472352426,3.027003007764131e-4,0.007289802527426535,0.0127554522689523,7.209534398712789e-4,8.583757760605561e-4,5.595341819719126e-4,0.006963841962728711,0.0013756447615568082,3.1584924191760486e-4,0.002389366386062957,2.521483625321036e-4,0.003276634066546854,7.907167651015296e-4,0.005403118045053569,6.4264398140692e-4,0.0029243563257644913,9.256476211401319e-4,0.0016078358354870768,0.0027780976969042433,0.0011809201016838148,0.0036247376819092854,6.796965192235442e-4,0,0.001071136217695997,3.3916660796934914e-4,0.0021235766873608547,0.005315066506337414,0.002857220988365899,8.714284900352909e-5
0.1248994757301939,0.04638061899995213,0.025361509843523405,0.008645754589761688,0.1685267947220681,0.0058700542532462655,0.15844219326054299,0.002052940750343458,8.214696341767716e-4,0.005653559733590033,0.0038151539163387106,0.0018413985815415642,0.008083241731693678,0.0241122698499485,0.004732101089544743,0.1337251378378123,4.706932858566383e-4,0.003015674305311424,0.001004697286990526,6.460718076778229e-4,4.576958992770004e-4,6.008104807968635e-4,0,4.4161270309571845e-4,0.005862794831628076,0.011018352547869576,0.18187223105302483,5.570392809140401e-4,0.007192105451895035,0.010919334002486309,8.212356593253236e-4,7.323546041812037e-4,3.962096108576591e-4,0.010984076067949508,0.0016535715083649954,8.108741161920158e-4,0.0036250716469793222,6.321049272391893e-4,0.003840942377494843,0.0010216179988217881,0.003070956862975498,0.0010787644824400335,0.0022585491572985365,9.837265831811935e-4,0.0015668927502727273,0.0012938297010101915,0.0010078834216004943,0.003927600321046281,0.0010391038308289373,3.56501371598164e-4,0.0015369274686410353,3.7882593726398496e-4,0.0035031443806949883,0.003464243405900485,0.0028684533815669442,1.2375096517255e-4
0.12216743013232947,0.048418165642556056,0.025684620654700868,0.00905616241521792,0.16598113037529139,0.008348262381512667,0.14550371478049587,0.0021706651578833587,0.0014577830318543718,0.0067730524198768745,0.002673281236179591,0.001848552976778476,0.009056892588962874,0.022145533341422923,0.001771918960452688,0.16162578729177324,5.84751774658833e-4,0.0023053133335352734,1.7752167910247758e-4,3.1814364734950176e-4,0.0014945642547463205,5.876321650715323e-4,1.255457410346305e-4,6.277842172505424e-5,0.0043093007667605885,0.006078609846553928,0.1767354841417536,5.658727102447466e-4,0.0060315409362192126,0.01276786246060011,6.887533384354659e-4,8.700368837610294e-4,5.534778829731599e-4,0.008619998758514439,0.001563440494909498,7.318436655294812e-4,0.0029434212111209886,5.008001336335135e-4,0.0048327931180597965,7.729311861780631e-4,0.003649525239195401,9.17404453070571e-4,0.0016246209085224797,5.993435740285341e-4,0.002559412943772265,0.002024080006312198,6.833714525286846e-4,0.004800712388650984,0.0013739246884381109,0,8.952269183293635e-4,1.8303087626093446e-4,0.002381571707030531,0.005055781441015475,0.004058528735704744,2.880927273798299e-4
0.12120833751229551,0.05402222120657187,0.024921450296384023,0.008802489992936266,0.1690168465122973,0.006686015145355708,0.1449059500577313,0.0024035272698423103,0.001581715592251507,0.007663250920828347,0.0021880195435538697,8.162099398039901e-4,0.008888212474705006,0.02340249759067023,0.003632202540292824,0.17411431325748142,0.0010338739360503772,0.003896361676002087,7.382358316457092e-4,5.340488052018784e-4,0.0010644014397951653,8.21028594702524e-5,4.132481713358961e-4,1.6704466688428828e-4,0.007208943468476089,0.004237161587975658,0.15450471858126363,8.788438150572473e-4,0.005967966215853799,0.01342808954207947,9.24561388384725e-4,3.598150558053511e-4,4.7621735752038675e-4,0.007453010213437258,4.133543890121062e-4,5.403942550990905e-4,0.0027040595144715244,5.71485221145497e-4,0.0028858128940663533,0.0011252762512979405,0.00418719326236456,7.606788973410938e-4,0.0028000800784775816,7.151115411579295e-4,7.216933233663849e-4,0.0022197396347166786,9.189082506076503e-4,0.004480729295544468,8.472502055458666e-4,0,0.0016461645061137506,9.349959631616258e-5,0.003084826551856868,0.004608314512837026,0.006488996130119209,5.645272233015165e-4
0.13304030129375555,0.050018179843731955,0.02157485197278202,0.00885810733485245,0.1639891540944647,0.008297450889921091,0.1477374905502507,8.152806657094814e-4,0.0015603246072412227,0.007841132416179362,0.0028378654270744966,0.0018285603063157223,0.010058957914344817,0.02325050902455371,0.0029913712333591593,0.15198142217976449,7.017890350188046e-4,0.0023616909065335475,5.287904757064735e-4,1.5109610986813646e-4,3.5769509745610156e-4,5.225867508820896e-4,3.4384430744896667e-4,3.6458553349540953e-4,0.004215865573410947,0.004897379752701286,0.17688875373118557,0,0.006883145227736365,0.011485264739061014,0.001049145764460994,0.001042022841904566,2.3241651857913262e-4,0.008605830980685503,4.7338441362709604e-4,6.058437948522034e-4,0.0031233393081257573,5.035843369626517e-4,0.003198366780819947,9.70990095930343e-4,0.004584406682810854,4.964437333927857e-4,0.0021952447480795985,8.296037913613156e-4,0.002461847559882674,0.002310510552924156,9.562717539477409e-4,0.0031587421786800998,9.527106151196199e-4,4.2665991724163586e-4,5.105673699203596e-4,4.3533820469293996e-4,0.0034497153385857,0.004437980375803416,0.003537673274979655,0.0030679120718236
0.11828011073676463,0.04906485867569817,0.022527367100801735,0.008326771940413322,0.16777903216992465,0.006768440840193746,0.15376221281709046,0.0025985520668072026,0.0014073604034220203,0.007305092006440383,0.003556641915206371,0.0013635141195720603,0.010711722966851784,0.023987878285162325,0.0021652558125380005,0.1633013183812142,1.5284926407085534e-4,0.0025676409544697584,1.6662097037033232e-4,4.353446447982532e-4,5.474773248711146e-4,0.001357522748657086,3.2816358825403383e-4,0,0.005843996696751157,0.006159933655795762,0.1640901680238489,4.6890859694167185e-4,0.008452558469392402,0.011639975538615227,0.0010173099624882186,7.127231220577399e-4,6.341705780130466e-4,0.008887801521332735,0.0019784755017286195,2.6180952636340024e-4,0.003631523513299992,1.8489023738546266e-4,0.0037330013097147197,3.866495669199283e-4,0.003980012340253522,0.001941030831453563,0.0018508619680857913,0.0014703405554788531,0.0017687504211067982,0.0025335470473096173,2.576862381452264e-4,0.0043115142176647905,0.0012038960666806056,0,0.001298899663990822,2.7008709950924326e-4,0.00191879772243363,0.005019570466538185,0.005409479715175135,2.1988009193272507e-4
0.12359928342956777,0.050588978826889154,0.023339365071117443,0.009154111050165746,0.16753501062802592,0.005068965531268241,0.15041219754324298,0.0018831776218236314,0.0011785500447932145,0.0065164417100522665,0.004466008240317427,0.001047285259503102,0.009982909804871825,0.024614581103106926,0.001676916158722422,0.17378930192006323,7.750195467134942e-4,0.0028692068898886836,7.883136505871442e-4,4.342388786486365e-4,0.0010568097779334908,6.031476718865934e-4,1.776805050010435e-4,3.2629076914192075e-4,0.005126252544211948,0.004841283021101046,0.15693584293746088,2.8841494062096585e-4,0.0078050772108764896,0.008743584307502975,9.858927988904615e-4,0.001402367215792052,5.11022557001616e-4,0.008159739138220061,6.480450110995736e-4,0.00114417504756273,0.003180166709811355,0.0010716430759999584,0.004130945088868126,7.962930203913902e-4,0.0033406242041713785,0.0010256643365941433,0.00233898230464031,3.9292162906160545e-4,0.0013708188041541493,0.0032352249408109223,0.0013722530179323938,0.0032699668598787494,0.0013733526032864653,0,8.943469269878856e-4,3.8070449978845405e-4,0.0023090676607623642,0.005409248843219806,0.004163096024786297,0.0014691910851811459
0.12200232345526166,0.0522689914635038,0.023396030953003244,0.008589057180018745,0.166413293856244,0.006492916541918078,0.14922140746054313,0.0027770840868938953,0.0014642424444878635,0.0054229143909572146,0.003726664466519211,0.0014074408468726825,0.011064631498142779,0.029566536447332956,0.0012672861702421104,0.16507253492869875,5.640822198985428e-4,0.0014519482528510784,5.852445090763794e-4,8.052790158065335e-4,4.2729903132061837e-4,2.8253367930107255e-4,9.513996201982078e-5,1.4847415748177445e-4,0.005685174380215849,0.0057692163438345535,0.15533445782517227,6.057479904853907e-4,0.00824292622455123,0.013216299302781346,3.4985406510238505e-4,8.131277098958311e-4,3.329267900191048e-4,0.009893539420422552,0.0015197709163495016,5.984900097765284e-4,0.0027963199901752545,5.695427698186538e-4,0.004442489211376786,0.0015152104415359945,0.00399778977950595,8.524717990472087e-4,0.0017363961350270632,0.0013210941166386266,0.0012720953092279178,0.0010899070326585152,0.0016422256206317309,0.0054405292997085596,0.0020932730593998037,2.783089990194508e-4,8.894356847488126e-4,0,0.0029801267594041724,0.004276157028597258,0.005686008917193051,2.4573004928268865e-4
0.13016184362090102,0.04692751002497312,0.02177109333188101,0.009666532828031371,0.1763298209641602,0.007732621216060628,0.15201214569165783,0.0015403445400749378,0.0015311411380261907,0.005425682889022691,0.003698258246229053,0.0019354630904088947,0.0067924252825409155,0.02276660791352529,0.011035127668668902,0.13904434569382293,0.0010484202986493383,0.0021251437438912363,4.2076976126609187e-4,2.3556733932136924e-4,6.375057503705933e-4,9.315560381121528e-4,2.8110917420919485e-4,0.0011408984314590013,0.003661987849800053,0.008061899089090599,0.164208166993722,6.02233203297497e-4,0.005645723812192319,0.01547685628240584,0.001488994619566583,5.492599626518124e-4,4.1770877726831925e-5,0.01203440759737154,0.0011949171280561386,7.062409302742278e-4,0.0029375836539307296,6.437125277349093e-4,0.004424444720766195,0.0010155735828956767,0.00482430298807103,9.022224947973444e-4,0.0022585084936261584,0.0011004096156779527,0.0019429696033977126,0.0018457459242381237,5.721397356530639e-4,0.004020980010957758,0.0011736152816016765,0,0.0010817228934347498,3.936050708110733e-4,0.0027365126096939277,0.004536311368285414,0.003674465743601127,0.0010507806574059607
0.12620023058479354,0.05235924847845385,0.022249263156280796,0.008905899641313688,0.1760889911537145,0.0069713641654853085,0.14457197815894254,0.0012863855534080632,0.0017707784663028652,0.00589969012594046,0.0027062525459471245,7.213268353749837e-4,0.009498677543146131,0.022679135466337975,0.0026649763851512927,0.17816948322672485,6.532961891177062e-4,0.002614720124435884,5.973054986536815e-4,6.976828727167257e-4,0.00149377489595257,8.113435156896499e-4,4.2813608771681165e-4,7.49151406387734e-4,0.0053355724261224535,0.004089951457522975,0.14491420073429742,6.099886577836931e-4,0.007865311416366674,0.011932270541278532,5.121654303041794e-4,9.337412706549313e-4,5.469667841771923e-4,0.008554918407187986,0.0017243391853888788,0.0011407552512521654,0.003898833666057386,2.169087252617322e-5,0.0042386046020272,7.457144285576554e-4,0.002845767083042812,3.033165868548573e-4,0.0021965925153069237,8.263960737781065e-4,0.001696379040339475,0.0035253360484563253,2.3177128236451694e-4,0.004010210030513446,8.790357601913939e-4,5.300177362502774e-4,0.0010195460891196375,0,0.0026350389498442607,0.005108502661481427,0.006129016542288364,2.0895639067391368e-4
0.11879640946719475,0.04891245290966182,0.021796077471344648,0.010256295885911162,0.18156136776099643,0.008603729115105742,0.14093440449181446,0.0035812611662317,0.0016732228650141823,0.007476614504585572,0.002611661156477637,7.905546714609627e-4,0.01020618634348056,0.022010700268257674,0.0025930247783490464,0.1713041202045907,6.698689652496466e-4,0.0019765629906832315,9.222676442180916e-4,8.01964059547555e-4,0.002906229872996638,8.050766895260195e-4,7.43326112290873e-5,6.453947507152978e-5,0.005902623850742122,0.0043820262178456216,0.15932069911675575,0.0015088422415328083,0.005908709805085931,0.012275707087027367,0.001219998404375852,3.6644486865460566e-4,4.7987537920519285e-4,0.0058487239898982885,0.0014067346720770552,6.726860821616397e-4,0.0020239992433263593,0.0012893417027149527,0.003231253337202415,4.0863702931450926e-4,0.0039973653101400344,2.353026290566381e-4,0.0017989349847313436,0.0010513241752004615,0.00232890004401349,0.0010214753100412262,3.1141715985416493e-4,0.0035486976717521946,0.0010991294692978203,3.1813940927242893e-4,6.928456175291992e-4,2.402387738170422e-4,0.002980759021945935,0.0054054164956195945,0.0049257805950360285,0.0024690449357730837
0.1298167342012768,0.042302135689566846,0.026313134279968224,0.009850937281617919,0.16342497755976465,0.008829694044525393,0.1396473646366042,0.0017328469943203246,0.001681231904631939,0.00619355001221849,0.003553315752564599,8.909747624780823e-4,0.009298251787299625,0.025005558002124246,0.002456096317716943,0.14722275512043909,5.999181363975396e-4,0.0023431590736173362,8.74802832897024e-4,7.106019127063353e-4,6.554063755238878e-4,1.4627390287031032e-4,1.1346135398461968e-4,8.589702882495479e-5,0.005544272983453297,0.004073711443117254,0.18238861596769038,0,0.008628798929680168,0.01165138231540079,0.001346078598750615,5.519772615840378e-4,4.6571806829270266e-4,0.008457699577535345,9.493974068302849e-4,0.0011703643072716022,0.0034753471050073957,8.150682480162345e-4,0.0033679688964735406,8.014258433893884e-4,0.005562301582102899,3.2369848568581907e-4,0.0015968096849775593,0.0013186729408976674,0.0015972613954194177,0.0029923121496119903,0.0016640352238861578,0.004031356417486965,0.0014504230685775626,0,0.0012862830543682523,2.369342490787734e-4,0.0027590505900825565,0.00549330677260343,0.011476130652483322,7.745178163052085e-4
0.11846725090100807,0.04965005341465452,0.025522732570257993,0.010387013379189649,0.1779836267614685,0.006770167125194967,0.15135909724156063,0.0019483479183139156,0.0016370536703423618,0.007456931179947918,0.0033865551754446123,8.68463139024583e-4,0.009828482332308548,0.02547436381638206,0.007539116528438864,0.1613546187724066,7.13670796483085e-4,0.0021309034064164725,6.367056933442066e-4,2.1536167383426368e-4,0.0014867504716506415,0.001205870240860776,0,7.857653326716859e-4,0.0048911656364093664,0.007443897574587753,0.14693083831783796,1.0978408544525611e-4,0.007962703943643379,0.012886589441294989,3.8522927365105316e-4,4.225401375846739e-4,4.307784276951627e-4,0.006947188544288544,0.0010869327513573501,3.378727268036256e-4,0.003599714067330013,4.619866031401201e-4,0.0035405205334330344,0.0012602132713223336,0.0034437488474024893,0.0010417299227826295,0.001593954536452093,9.750126248938853e-4,0.0018091331915527872,0.0020299684599337977,0.0015616423268944599,0.003947807072890343,0.0010499671042622433,0,0.0015815332198121695,3.209877648240455e-4,0.002690025434673195,0.006054472671768638,0.004764328313689607,0.0016288316311381115
0.12076054887562722,0.04451954924588084,0.023885196894847756,0.010988030630297936,0.1697865303529833,0.00697920285095457,0.1533672408064432,0.0018973748042591624,0.0013618611666093307,0.006655140040503258,0.002815644147434279,0.0018714459341084256,0.009200851957969793,0.025038672036431685,0.0015392808513018674,0.15472032147792839,1.81666056999289e-4,0.002053405790427898,6.996277776151106e-4,2.499118045646861e-4,0.0011748369445081985,6.050348199110833e-4,8.18257165198021e-5,7.401149846586312e-5,0.0050976035579868685,0.005299031939846723,0.17269376103776193,2.2559926273278138e-4,0.007160677506337916,0.012148222542810644,0.0012511152410975266,0.0014155891772155741,5.164438474735877e-4,0.010008362845956216,8.059124360600504e-4,2.1938258523324263e-4,0.003303082062943262,5.010683137125091e-4,0.00456581037025777,8.058031254306292e-4,0.0046847485441666266,8.504389652000746e-4,0.002340957770507988,0.0010818638255928217,0.0016698018473800392,0.0026669728342361356,0.0016688304733776832,0.0038078279988447202,4.0479189670527714e-4,0,8.207927775478273e-4,6.65073035033911e-4,0.002735747150541723,0.00510212115459251,0.004429926456441692,5.454269343807595e-4
0.13405410503273296,0.047909431421473796,0.022102055627630242,0.00872548265021371,0.16407032436266256,0.005144303942830262,0.14181081427018782,0.0021525214719363096,0.0013007816543929695,0.006034400053506374,0.002931049530231297,0.0015649628656368535,0.010572280222765034,0.025852984576401755,9.444562613221054e-4,0.1607242202763969,9.09623177772521e-5,0.0028540326271549884,3.11420585256657e-4,9.293836476845414e-4,5.370220543375169e-4,0.00103319129856569,1.1449790874841492e-4,1.3404486996448095e-4,0.004738384917194321,0.0056877733060640215,0.17049122828753846,4.882553392166844e-4,0.008309695495576926,0.010062140222036435,5.823200097712889e-4,0.0010819900272124071,4.0428679315189395e-4,0.008513335524487993,6.573612209644136e-4,8.8248259476549e-4,0.0029774438547691988,0.0018121467777844247,0.004392004808411895,9.732470205289526e-4,0.0066943259076217634,5.599847377059526e-4,0.0022939650847156965,9.404690439284447e-4,8.414126307225804e-4,0.001762095916743768,8.001587099653841e-4,0.005018745064965258,6.934312103065501e-4,2.2733719403051971e-4,9.597459212847447e-4,6.378353375613987e-4,0.0027840064020470436,0.004978078955586705,0.00672320372209732,1.3237843143155774e-4
0.13315013402146778,0.051270864558898316,0.026662058036374694,0.008870446904401016,0.16852366267503774,0.005556766563176902,0.14442488519410723,0.0011757942405040253,0.0013371022844169797,0.007149761168214567,0.003388414973785287,0.0014195671318384556,0.009694782970584183,0.02183924796043269,5.964562606268811e-4,0.16769542958240946,2.758568839863095e-4,0.0030735100462981136,9.440453981953434e-4,0.001003599605615568,0.001007103484530899,9.980225516925119e-4,1.126696551665708e-4,8.60875748781159e-4,0.004358545904355328,0.006183649557516186,0.15868530463800307,3.582532104870036e-4,0.00720209887928819,0.010638047671658537,0.0013426809531299994,0.0011370130141314533,4.873715468318057e-4,0.008564442053276325,0.0011757789538257048,0.0010073927472396826,0.002314027820542509,2.331438862712617e-4,0.0027754103456130983,0.0012205138031408066,0.00401847113805539,5.55082435141678e-4,0.0031021357509379626,9.038412189069903e-4,0.0012357550520370436,0.0032651963802245677,0.0011711367556388147,0.0032135549665831794,9.918653575619247e-4,3.636003183192663e-4,0.0010517761106060763,5.824684117002642e-4,0.0014489175542138956,0.004028354083242284,0.005286104942939959,6.700663803706814e-5
0.13189118955937432,0.05228767383686098,0.022867001767293938,0.008727948217286589,0.1660617460410192,0.00584044124245939,0.1577033692504089,0.00266993996243482,8.842735080576856e-4,0.006047616720532207,0.006575378754772295,0.0018755757952529728,0.009153120987318126,0.022255557535977792,7.595064102911627e-4,0.1541667548776543,6.608060315110062e-4,0.002609251835773557,7.776039296955745e-4,4.1801491282195775e-4,7.61342657707428e-4,8.880784802693375e-4,7.370315223144282e-5,5.201480654629021e-4,0.004918109365362657,0.005001484406347883,0.16433035327389858,0.0011310204034626153,0.006097694039970536,0.01335093974823484,7.105379634966264e-4,0.0016182383775439973,9.604894954038e-4,0.008578900071610645,0.0011414901407670601,4.462788474527982e-4,0.001575542919553589,8.403809679370587e-4,0.003168799739697009,7.061290119038093e-4,0.003722901061324183,5.970741881195925e-4,0.0027733989221470257,0.0011590249032260103,0.001421655869017451,0.002193947434057007,0.0017321266134891922,0.004762907656303173,7.696809014169342e-4,2.2194099561295659e-4,0.0012485206601657996,3.352094266772636e-4,0.0022209412771645783,0.0035280316223552364,0.00190344324945176,3.567629143604417e-4
0.12442225957410007,0.043743848226126966,0.022165982479730874,0.010277046249597358,0.17363909663328558,0.007099737782257187,0.14283452971562738,0.001881264612536201,0.001613772559416165,0.005618512039838634,0.0038042075589459342,0.0026279487762912016,0.009594009718195701,0.0240335907410881,0.003536360541093682,0.15883838676035208,4.881954053775189e-4,0.001973231960879763,0.0011393569476923111,7.687421763708743e-4,0.002269409297143372,2.878576001676037e-4,8.985330806176411e-5,2.635024053206011e-4,0.007439794212096476,0.007927124762835367,0.16824635730945253,1.5757621223168883e-4,0.005766464282939252,0.011501726289594115,0.0012048138074814546,5.871586206653188e-4,4.6563821346434385e-4,0.008069038818909326,0.0010671477520812157,6.392995968196156e-4,0.003648390483119561,2.5138621809402893e-4,0.0036730322408542373,7.296317921724069e-4,0.0035846904877883455,0.0016500103366137754,0.002534271625257012,7.275353797681021e-4,0.0014131071339836545,0.0024529389380677966,9.584043442324998e-4,0.00424829148298648,8.00109601592699e-4,6.758159039480678e-5,0.0013115015356968745,0,0.0021522021279625145,0.004693500129171532,0.008478882548445235,5.416890557308106e-4
0.12254725810224233,0.044612159514610956,0.02567693636118272,0.00831694026063933,0.17130450635632172,0.007371916417195917,0.15688774054482338,0.002632542533316865,0.0015976831136999049,0.006094992597902458,0.0035370456521245986,0.001338092149756591,0.010140169090633823,0.022104651549683316,0.002111831945104326,0.16557488645596719,3.1927537770526533e-4,0.0037176266449650136,9.128871492736993e-5,5.103196965902861e-4,2.661325406817353e-4,8.066662385496509e-4,7.591343964015734e-5,1.7889137307117894e-4,0.004901295983349859,0.004099346963052389,0.16289649394898642,6.199569193781953e-4,0.005894633533045657,0.011893934432191586,0.0018996139486941574,8.867358905044361e-4,0.00045139688667723854,0.009139355667065524,7.811837018515509e-4,4.920813505274326e-4,0.002330164796646692,3.8658919424082244e-4,0.0035832204313606055,9.114941364361433e-4,0.004205664657925271,2.998048713339042e-5,0.0025470912977955044,9.560210459279013e-4,0.0011376578172491087,0.0024132572893991165,5.94143001879972e-4,0.0046179000211644325,0.0017936637181897289,3.94032459258979e-4,0.0011036296758846283,6.847404491881142e-4,0.002018074539438887,0.003709102155868249,0.004416565898105624,3.955110302463329e-4
0.12757546271368783,0.04541970769297196,0.02458725836141737,0.010120667669180274,0.16347506161457417,0.0065899980679228224,0.1559158609288783,0.002444749328641006,0.0023212830518932475,0.006998820892493578,0.0021190829964759,0.002209088235512657,0.01071009009279737,0.025015666443826717,0.001977791073216282,0.1579538198572404,5.145792980388847e-4,0.00334460383809701,6.093613074563049e-5,4.7263511210896903e-4,0.0010295823497599784,5.643334818071221e-4,7.655660416794567e-5,6.453259343527018e-4,0.004206351307199217,0.0043510903202446495,0.17005581160289798,1.2754956227711676e-4,0.005787564486942229,0.011902600996282797,0.00097713454168990555,0.001410506226681713,6.261482810468436e-5,0.00854716172485443,0.0010857497375979961,8.61706773245532e-4,0.0028749043183795013,2.594237591224872e-4,0.003395461385587838,5.32206740656195e-4,0.003297930427574008,2.2633065286701084e-4,0.0025857792050351523,0.00114270477328638,0.0016505281284731387,0.0029813067578266066,0.0010444677744575284,0.00432510741535027,0.0014986483921741035,2.7096703659055827e-4,0.0020772963185838583,1.2990421593148395e-4,0.002938225994756681,0.004189104446204521,0.003060898379316277,0
0.1188827193825196,0.04906538437477791,0.02503940626926615,0.007105082089037616,0.17721922302091234,0.005650032543929709,0.15950949064768957,0.0015785865474504785,0.0011973782110780025,0.0056392885776057914,0.003506222155575822,0.0013657246292148972,0.009855361204107977,0.02518415654068072,0.0021287669958533996,0.15288834952192834,5.39637934121483e-4,0.002986042285459653,7.928599428309182e-4,4.933076543409479e-4,2.6809445842951784e-4,7.173063891006188e-4,1.4633406576738307e-4,5.673088454779157e-4,0.0037914388878366755,0.003687776062677684,0.1683917923884928,6.687462325440694e-4,0.008457434837575686,0.009714003584027325,5.123038813834666e-4,0.0011012497030033468,6.611329282904367e-4,0.009295761121311044,0.001324527552832671,4.7521269389569424e-4,0.0018139843553884247,2.520737801976046e-4,0.004069646137190228,1.8717646195084883e-4,0.003695156041934944,3.8941604982498134e-4,0.001866897309275883,0.001210637680766434,0.0018455505588399269,0.0017723703636562738,9.248564335705107e-4,0.0039041322406572466,8.152981280252903e-4,1.5087851527701077e-4,0.0015310881453009845,8.329440327761729e-4,0.003258427693785217,0.005770521721795253,0.005149916805245828,1.5158338351324493e-4
0.1218066889907984,0.04586784956656551,0.02328408656722324,0.010211978393021454,0.18125607464183624,0.008362797917265682,0.14787919657907705,0.001018839442635795,0.0021163171262701236,0.005424988707554303,0.001773578655009194,9.1094733432468e-4,0.008758714579236063,0.024258387543800046,0.006885858377162096,0.15004051433203106,3.9816168231633983e-4,0.0029940099374153387,4.944587760107441e-4,0.00106806480963879,3.340543852644001e-4,2.3622807245471373e-4,1.5038184484575346e-4,4.465134887296132e-4,0.004435964970305929,0.004874980035763938,0.1621600566368941,6.898594422000294e-4,0.008053139669225478,0.017619221202079177,2.874165103682335e-4,9.539037598123136e-4,2.584750163482264e-4,0.008390170494731142,0.0011370165500678854,5.046839578154501e-4,0.0029405533223162894,4.0721183076510513e-4,0.0037726806317402296,8.825457146323782e-4,0.0034357875541795556,0.001002063044491448,0.0015854367632061163,9.720735814600319e-4,8.917775385204014e-4,0.002560448172097635,0.001915335499049783,0.003624471652263738,0.0010873973540977589,0,6.177197587794897e-4,3.0368687462490425e-4,0.0023884133535817934,0.006120659648783085,0.00865775813418665,0.0014903995751250974
0.12762736864401758,0.04465773334055455,0.023548850987216333,0.010010751047580169,0.17498810355544495,0.007015473252206595,0.15066197724637648,0.0017406606860358618,0.0016237673552342237,0.005424959993706903,0.002305611113263003,0.0013887828717400988,0.009747865797489435,0.026407762122503887,0.006349048903316687,0.14338398027820531,5.92619312579311e-4,0.0020433812771636817,7.627114083122771e-4,0.0010528134126770925,0.001426888974136545,6.311312338310709e-4,8.518118298425794e-5,2.746244915270967e-4,0.004575560961309179,0.010731287280503408,0.17351529121047027,5.852256302396972e-4,0.004783187406236706,0.011712542119804971,0.0011818385183516638,5.668723311171302e-4,4.834047937468945e-4,0.008854602474093745,9.279798832940606e-4,6.973581392373924e-4,0.003383272634110734,8.979698830676524e-4,0.003788898984240422,0.0011676763686798734,0.003470384431204299,7.613335129745861e-4,0.0023687530270555665,0.0010655857688249267,9.662661124924445e-4,0.0017936092155699478,0.00119689927453952,0.003777966311780626,8.656402167153409e-4,4.5220214707388775e-4,0.0013124727069921242,7.685549117112801e-4,0.0023327778204576374,0.004781715232445512,0.002253541448859699,2.2728075469536973e-4
0.12614418845229775,0.05277625710765402,0.023310549045619227,0.009244674707522592,0.1652328920606184,0.0071964084356601656,0.14832801652934122,0.0010164730675501536,0.0014211584953282316,0.00489499558230883,0.003816037405697573,0.002391005821552658,0.007872753289160313,0.021088406585406606,0.009697320838792645,0.13604576946774946,2.17054442020148e-4,0.002332802632127875,5.243018757019912e-4,4.453728288846147e-4,5.250226241190961e-4,0.0012043464707412362,3.4367256117685314e-4,3.722597847968823e-4,0.0047768498180630736,0.006330828341255774,0.18947845041351444,1.419467485916484e-4,0.0053342155503587965,0.014669664245116242,7.851775419764319e-4,0.0016388105420095304,6.27354547805947e-4,0.01024160269483376,0.0011060050820110778,8.157568617602716e-4,0.0022990404950742572,1.638985878077589e-4,0.004007046432698055,0.0013328583484355982,0.003116910258581712,0,0.0021691443117095154,0.0010492795101555554,0.0016913852393954792,0.0031107252277174095,8.107138266353839e-4,0.0044761855495974974,5.037998109885396e-4,6.920474158570613e-5,8.429321247721479e-4,3.220446529276815e-4,0.003062869768867144,0.004989086227037087,0.003220280922156739,3.7419146473123305e-4
0.12943853898617214,0.049251144251684795,0.024080679775748334,0.010517978155178388,0.17628426664329883,0.006106862978277115,0.14483232463434706,0.0014343912262030657,0.002034033630312568,0.006261445628072288,0.0034481718751980736,0.0015697996536758977,0.008821795016510101,0.02627304519595338,0.0058555724065854995,0.14180608468734465,5.438153482087582e-4,0.002205225334939769,4.7658635283524136e-4,5.063283666333599e-4,5.442890756905188e-4,4.901519335602728e-4,9.587681556320036e-5,2.744923561638785e-4,0.005866616002127481,0.004897858051001084,0.17541318313101265,6.804535396378387e-4,0.006175917184884449,0.013864962862590882,3.716968745938325e-4,8.114119531410015e-4,3.6582881967842334e-4,0.008483376925118089,9.710854295666262e-4,8.871811948876817e-4,0.003282440203266125,1.3544114698924665e-4,0.002751127224547623,6.449817501499076e-4,0.003618531242183948,4.3107755217971805e-4,0.0021533526815216506,8.625673862399883e-4,0.0013654093273309492,0.0016023576224701267,0.002101211456515581,0.005173513454190263,0.0013825990803664266,0,0.0012959813355238894,1.6889015686963077e-4,0.002891905592898338,0.004266883075901696,0.0037717047963202114,1.5755261813746587e-4
0.12053395093980811,0.05175974019519548,0.023300985899722553,0.01183160366412776,0.1862938054986943,0.0069087557207729395,0.1453862811911525,0.001754708496930007,0.0012818512649666058,0.005736830579438637,0.0027011027707103705,0.0025423438004326324,0.009032209650424063,0.024438876925366185,0.004067761255059964,0.1472863775603317,5.192118939450965e-4,0.002789635997063774,9.078177775982779e-4,4.0736257029361044e-4,0.0014903950520656225,5.088595943432565e-4,2.723224849208047e-4,3.6094024429179775e-4,0.005154650317364039,0.005496756164808898,0.16298007222406632,5.815301072739173e-4,0.005770828163542424,0.012720383649896833,7.304654115011869e-4,8.212030505083921e-4,0.001021748407828061,0.00839726660252213,0.0015455678481688224,9.540246478218615e-4,0.002844263827847349,8.878997356939501e-4,0.004470219862736396,9.686254635323933e-4,0.0033893950438549604,8.536473437716515e-4,0.0016128993233994007,0.0013814838618736141,8.050175160480285e-4,0.0018030063707192882,0.0013934520395199805,0.004141429563818837,9.763613493924778e-4,2.2954738122446026e-4,0.0014428988317167436,2.7677581966919194e-4,0.0029940772869557885,0.005292351621395454,0.005075802689151854,8.726174447192778e-4
0.1302942554070396,0.05171836056012338,0.024961085774044958,0.008290153962552773,0.17858623209757682,0.0075944141784893785,0.1404622610870033,0.0017922312991933706,0.0011014334870878132,0.006041553630938939,0.002299430733778297,0.002019557532926593,0.008393652618990671,0.026778287092909102,7.660985372571395e-4,0.1625384775250856,3.908326426523565e-4,0.0026001729989859374,5.176479819306241e-4,5.693049059638572e-4,1.268012175313157e-4,7.400626720739687e-4,1.016095796902168e-4,3.361053310941092e-4,0.006771395781913275,0.004386354861522772,0.14921962851784337,3.891724847517277e-4,0.006900148171911652,0.011767901343573249,0.0011728876082385258,8.263048734742871e-4,0.0010386583251656947,0.01180389016271852,0.00127385522130575,6.076210955860285e-4,0.0036279916843497827,3.006455179186166e-4,0.004168723926481793,9.733643764834652e-4,0.003246913198765173,8.163796301099776e-4,0.0014529305897913198,4.5963611190019373e-4,9.035776872653019e-4,0.0033862352633953663,0.00100152814912904,0.004071761986904689,0.0018589972135144904,5.60829033443315e-4,4.3538995166233146e-4,4.1822725969555203e-4,0.0022065776363784794,0.006848203164240599,0.006047882305157844,0.0020363640104877115
0.12374910936631395,0.05305620707284807,0.027240815955289547,0.010272288088155212,0.167623299301983,0.007126423224821456,0.1485892454041712,0.001460582379771629,0.0011160628613150867,0.005910141838759827,0.0037316217321848822,0.0014874474118195535,0.008709492456247648,0.02766446210457866,0.002338311822094063,0.1568686971955174,2.6329654743884956e-4,0.0019576384223878203,4.091195365614096e-4,3.9257285390571485e-4,4.1232280648045817e-4,6.829602785476619e-4,1.6296969681986023e-4,1.2749297359361444e-4,0.004748059839040824,0.004832558548853906,0.1658667503646565,9.348263974721941e-4,0.00728079185276109,0.012165779908197947,8.554358807164027e-4,0.001200792026468555,0,0.006748418232669039,9.457069737793069e-4,6.666771582934199e-4,0.003014519769952458,6.046595448720184e-4,0.003838830376121184,5.4334445897282e-4,0.004123177972850623,8.470973227918783e-4,0.0022111945111949905,0.0010820983597193534,0.0011460177419417455,0.001465784825504398,0.0010570077367358746,0.004459601359028495,9.639979240546003e-4,8.282757833347322e-5,0.001801122903986598,2.1057229904392134e-4,0.0030718146125844874,0.005050198976274227,0.006563565658169225,2.641875533518625e-4
0.12595197523282442,0.04818897485972377,0.02096722638372137,0.007924030980263567,0.16988009193816112,0.00810983500257434,0.15104200793490916,0.00273587306589026,9.718989772341871e-4,0.0064368871408876545,0.004423507688672741,0.0014585807718245508,0.009067860267499582,0.02420129536398009,0.0017600423351833505,0.17150819219306088,4.590206253476309e-4,0.0022427126062923904,6.687722960129189e-4,8.103679525000054e-4,0.0010672324603997142,2.1676494605564183e-4,0,7.66892500652705e-5,0.006587619165595643,0.003791704576158226,0.1602029012179685,5.22026934214467e-4,0.007450081257289944,0.011633283632572052,8.58163266474681e-4,0,3.410674266740239e-4,0.009071837094269848,0.0011914750054222026,5.601534313742432e-4,0.0031374112933325255,8.073773338035577e-4,0.0024274813479224265,6.190147262982075e-5,0.004710755814604666,4.602225259040553e-4,0.0022492799046427868,0.001025785347475388,0.0012921953421360477,0.0013358398053379538,4.8528419809820407e-4,0.004624824275420385,8.435334685151069e-4,5.240824170987014e-4,0.0014458247043515648,1.8758994363646855e-4,0.00280335352105253,0.005196872085231613,0.0033722567928011205,6.279751249066403e-4
0.1240436161414324,0.04682456618873464,0.02439960720513304,0.008542138759128003,0.1695690691976398,0.007504168302808783,0.15434461600778093,0.0027385064354000623,8.53619570023375e-4,0.005542376887503024,0.002119640938149293,0.0013750687993391002,0.009005688479250746,0.025617366907275795,5.733032000213644e-4,0.18100665577483696,3.2474278861593605e-4,0.0024784056530909432,6.955658996060684e-4,5.966302932476132e-4,8.467789760234406e-4,6.270411936580283e-4,0,3.8720110440124556e-5,0.004647654505774429,0.00357999959625536,0.14887736629314607,3.5368253332608996e-4,0.005743520846084552,0.01271708855684375,5.939580323482036e-4,9.870853885034679e-4,3.3896164278081326e-4,0.00922854902150821,0.0014890712325038749,2.0345536307850333e-4,0.0022574336787939777,4.4674647562824445e-4,0.003661011283709569,9.086405605509192e-4,0.003156901071291072,4.5395927507741834e-4,0.0019344712431511157,6.635440567853893e-4,0.001291579854392817,0.0020943846422347705,0.001077120258038934,0.0041159367021946945,9.084451242836343e-4,3.8025174757551485e-4,0.0015161368830081002,5.433196947037742e-4,0.003330327708714116,0.006313956673584183,0.005679921599396537,8.376247455924146e-4
0.12007267970845265,0.05144768833568196,0.028706657560215804,0.007616591914543278,0.16799419764367987,0.0078023758748237285,0.14821428588193383,0.001952800103701751,0.0012678092934979071,0.005216204621826987,0.0035453933221383255,0.0023428300834960145,0.009064517679877915,0.025397615293394852,0.00830522993279297,0.14606039519506725,8.223846831727722e-4,0.002598993497385267,5.287445402741115e-4,3.518885460147859e-4,4.840782748823906e-4,8.084278212300229e-4,2.982195043574867e-4,7.737306737178115e-4,0.004032378455536903,0.007866002324228714,0.17470499670185516,3.572289045230654e-4,0.007496277013100087,0.012074613579653198,4.160543344797239e-4,0.0017433400335842906,6.708877735121282e-4,0.007767144906819436,5.441536739216932e-4,2.249444447269869e-4,0.002604479330726588,8.886485773024787e-4,0.003718733423347282,5.008194562147524e-4,0.0036498121638088325,0.0014425157382719717,0.001947261507467617,0.0012920473819830604,0.001919717985266794,0.0015945149722080693,7.47758947325948e-4,0.004129709410153291,8.003742655580552e-4,8.726160070045631e-5,0.0011153276559703771,3.927226101976923e-4,0.00260409577679965,0.005627077667152325,0.004101817868218649,0.0012635415292249531
0.11892179217612231,0.05263365497180313,0.024665719352492094,0.008534984220865328,0.1711278599947538,0.008346443564331254,0.1540076764637382,0.0022538979656472175,9.235912838317349e-4,0.006233357474830077,0.0032974236376270703,0.001940218719278901,0.008409734652482044,0.023210435356687025,0.0033766564806654064,0.14409804400607207,0.00068323337985639655,0.001922416505284641,2.3751794559880693e-4,8.64305861487305e-4,4.7842149410692555e-4,6.351790732078023e-4,1.9544661043014973e-4,1.5707810267343315e-4,0.004300574534669315,0.004852948737437003,0.17835322551457164,3.432991074250492e-4,0.0056099457513891305,0.010848330128613245,0.0011161344152684684,4.108709821809169e-4,6.818813020172145e-4,0.010474373521514561,9.410983121921447e-4,8.695376996444629e-4,0.0034485608454829218,4.019587881455056e-4,0.004052011573368457,2.2034770630735895e-4,0.0058225088289750645,1.66866740605759e-4,0.002699738385980261,0.0012585497475655516,8.726278465043566e-4,0.0031262942823423925,0.0010372064928244247,0.004214406289479565,0.0011393153030732216,3.141408187010564e-4,0.00143021019902546,3.817299730117089e-4,0.003595397364147903,0.004405079551347823,0.005271660202674882,1.840797596400387e-4
0.11661244340378318,0.05113598194389265,0.024352937039750215,0.011265079844234811,0.1677953455904617,0.007083219306610385,0.15256622700082498,0.0021732042602708797,0.0016984182837109368,0.00692439658682847,0.00319960014898135,0.0013032247586164485,0.009145504436606939,0.022428277611929077,0.001370638314891658,0.16415711243972964,5.054930603909569e-4,0.003203574860229962,4.1617231869940245e-4,3.3239891280326963e-4,9.778858479683344e-4,5.704908723710069e-4,2.2991500967860112e-4,1.5704533951370144e-4,0.006186861015295441,0.005043591610143694,0.1652542305381239,2.1240041730049541e-4,0.007364414062874521,0.010333324965379974,8.65042376312322e-4,0.00116283865398796,5.016352365056928e-4,0.011071957904255712,0.001108503284574916,7.019272777737242e-4,0.0024680888472216793,3.427168865255369e-4,0.005132958679473707,8.689499084284592e-4,0.0030137218719821406,2.521562246703066e-4,0.002642167612633847,0.0010328350247850206,0.0015514467850576469,0.002910023687106673,0.001006471055641657,0.004285116919638337,2.761887479709761e-4,3.2228464005757237e-4,8.202004676538488e-4,0,0.0033759307675683887,0.004763243678757194,0.004145884110873477,0.0013782995486466714
0.12753871007013529,0.048277704261574524,0.02120446257840131,0.00805389900180264,0.17127068428639167,0.0057518826006588576,0.14923039148877792,0.0017958793368774407,0.0012227000463645738,0.006889548172121878,0.002074455861671042,0.0014060704231279894,0.009308121588842132,0.025552410293335305,0.0013354971512903693,0.1554055085680978,2.458215141201371e-4,0.0022908173567326813,2.130366748078711e-4,7.153279906140338e-4,0.001079380733136334,3.934995640175873e-4,4.171605952607065e-4,3.89121835733025e-5,0.006060398280433866,0.006831109362224398,0.16456528182104754,6.076330314363602e-4,0.008016171567770661,0.012291099633296254,6.224903223425103e-4,6.249267749165716e-4,2.986779693739668e-4,0.010607259668081235,8.163315706493015e-4,7.118724286466693e-4,0.002473905541697361,4.579897785390105e-4,0.0047572013603724974,0.0012196429327791878,0.004206222624422718,8.247280105801873e-4,0.0022149210677333666,6.486902750447828e-4,0.0021261012527300713,0.00223755714188241,0.0015914090608632678,0.004168178878062728,7.083181531983783e-4,2.064752594739131e-4,0.001393893364174884,0,0.004329851817123996,0.004372273291768548,0.002905092249625091,0.005392413167974875
0.12087841459912109,0.045888524706250995,0.0225824382017118,0.009252179136346503,0.16394742570852414,0.005329142971456192,0.15045558853712368,0.0019776899947000783,7.544663589346017e-4,0.0065136237258198015,0.0032733004134724948,0.0016185886299361573,0.008739141160115966,0.0258359435301629,0.002316041817576655,0.17148506464240917,8.316839848927517e-4,0.0039061855565906667,4.95621625681377e-4,9.699495414548486e-4,0.001783482354315985,1.9239428318382014e-4,2.475308345010159e-4,2.986555930591172e-4,0.005290931389236562,0.00583411315933102,0.16622315194288592,3.0448206775184164e-4,0.006717795740160677,0.013545517746134612,2.2974512666365464e-4,9.221718704174911e-4,5.937098579344662e-4,0.0072707439852696225,0.0013903433447508742,5.406962999631857e-4,0.003416750111261472,4.3024246584938983e-4,0.004272853582006148,6.851482531604618e-4,0.003758799940821495,3.6398914421410285e-4,0.002543143722698069,0.0011321425400505965,0.0014366578613132337,0.0024166138437677898,9.404296158958994e-4,0.004815796143105877,0.001240465608148271,0,0.001497577319816937,5.241661149236608e-4,0.002642580479437723,0.004192012188503287,0.004584313209596354,6.698374175875179e-4
0.12892334466483765,0.04905653009206924,0.026022686379695778,0.007498373890526625,0.17910211093149728,0.006648386681444831,0.14719823045882183,0.0016312748778373148,0.0013245379088611632,0.007095606529033087,0.0046824181538002154,0.0013272292507311087,0.008302412970967316,0.026504475380508465,3.4819846477577e-4,0.16173785190440004,0,0.002850856564122177,6.543142950747157e-4,2.1560423764267197e-4,0.0010830204741918447,2.659639061204029e-4,1.962700802742756e-4,2.412033411586461e-4,0.004975847527444847,0.006512231325335229,0.15441773819468396,2.7584581860194983e-4,0.007424616587085324,0.01161973098697967,0.0010436647717028988,9.08086147022449e-4,5.743464624545592e-4,0.008434582662665042,7.04772238373576e-4,6.631071445875602e-4,0.002778971386643464,2.0564293079035993e-4,0.003896373522745689,5.445722200283763e-4,0.003964318488252295,2.4028547523313265e-4,0.0017645279241489844,3.7346846690001573e-4,0.0020412804331650185,0.00305296491112565,0.0010463850573434524,0.003708305906063323,8.196926219795684e-4,0,0.0021073920788014814,5.69462844359356e-4,0.0021736793166463,0.00445018748872921,0.0055878890703495035,2.0912855136530134e-4
0.12864446065626667,0.047169966281204984,0.021852275578695894,0.01001823289114685,0.17366973773459315,0.007169754761946165,0.15478776244344025,0.0012003635429384076,9.783766302402558e-4,0.00592795867733413,0.0037340813592122027,0.001368724840347203,0.00959120774015924,0.022346076300896568,5.345462135619441e-4,0.1510574810927465,7.471851139049824e-4,0.002620693913702561,4.4086710235188565e-4,5.701193695760508e-4,0.0011260493387799159,8.5293512181323e-4,1.1650687116401042e-4,0,0.006024951561956563,0.005559071893632784,0.16512426722605464,6.496815372924291e-4,0.006745599075351843,0.01587542850388878,0.0011529565338716683,6.943596418600152e-4,7.95894841745806e-4,0.008409318658686845,0.0015485693704685027,6.721753129625566e-4,0.002465635978694669,3.4008616889608887e-4,0.0039293300711999235,6.226719457959633e-4,0.0045443397558452975,6.775551286888219e-4,0.003177905799891206,7.207221203295292e-4,0.002033135280748882,0.002583884314382618,5.679179812531997e-4,0.005074739156897625,5.152956357244589e-4,2.194968793919359e-4,9.863271063630624e-4,2.3244529446553002e-4,0.0027572957702210344,0.004033125302178929,0.004662379106115122,7.807346912061023e-5
