i2_health,age,household_size,cantril_ladder,r1_1,r1_2,week_number,hl_covid_num,vl_num,region_Islands,region_North east,region_North west,region_South,gender_Male,i9_health_Not sure,i9_health_Yes,employment_status_Full time student,employment_status_Not working,employment_status_Other,employment_status_Part time employment,employment_status_Retired,employment_status_Unemployed,i11_health_Not sure,i11_health_Somewhat unwilling,i11_health_Somewhat willing,i11_health_Very unwilling,i11_health_Very willing,WCRex1_Somewhat badly,WCRex1_Somewhat well,WCRex1_Very badly,WCRex1_Very well,WCRex2_A lot of confidence,WCRex2_Don't know,WCRex2_No confidence at all,WCRex2_Not very much confidence,PHQ4_1_Nearly every day,PHQ4_1_Not at all,PHQ4_1_Prefer not to say,PHQ4_1_Several days,PHQ4_2_Nearly every day,PHQ4_2_Not at all,PHQ4_2_Prefer not to say,PHQ4_2_Several days,PHQ4_3_Nearly every day,PHQ4_3_Not at all,PHQ4_3_Prefer not to say,PHQ4_3_Several days,PHQ4_4_Nearly every day,PHQ4_4_Not at all,PHQ4_4_Prefer not to say,PHQ4_4_Several days,d1_comorbidities_Prefer_not_to_say,d1_comorbidities_Yes,vaccination_status_1,vaccination_status_2,vaccination_status_3
0.025346363142087016,0.041462886304892005,0.0524714426769196,0.01577876000440404,0.056750273997828185,0.015746943976982834,0.031129128626663023,0.005812226542143163,0.00578323669021872,0.0025519174879917567,0.003829609414356478,0.004098368665986075,0.004255024546281158,0.05147570436124226,0.01561592900921187,0.17267599845532955,0.001818074822568116,0.0019080080900622193,0.001725206079527037,0.003546804792989017,0.003680361436824471,0.003329659582578683,0.0027775996472995746,0.0197562721720249,0.011681710256671083,0.022287169719525057,0.21682564357975714,0.0034518091252242413,0.017586536925910962,0.013461616636445645,0.0034896090590945104,0.007565919142897445,0.003069237600329132,0.013676483726185292,0.00362361114981656,0.005694459808588193,0.013574257213055916,0.001995966704141575,0.00950010854212291,0.0034586110102523605,0.012211848207805773,0.001141937389120238,0.006695612524869535,0.004097144801776047,0.004129289497189567,0.0011940916119907716,0.008615177887429597,0.005377520420676323,0.005392451455608739,0.0010777640242844832,0.005421326987061628,0.0011513140495129184,0.005919332726015025,0.015420215759097692,0.023317117203127204,0.004569304728004733
0.027018017233157433,0.04621139707806899,0.04831381157772294,0.01671143251737806,0.05019312420730572,0.016194538654046083,0.03314308617333197,0.005787484855333005,0.006509187748820171,0.0034966060856482803,0.0042506570318651925,0.003765287994025249,0.0038472244030489265,0.053716562447406385,0.011218001055280704,0.15501313275900044,0.002048369895383145,0.0029048778939314195,0.001745236691049745,0.00389456176595038,0.003606657969239857,0.003512149830595682,0.0024892931327285517,0.020328033930171262,0.012948769790975144,0.02671755541142197,0.22383460972678587,0.00375170955040879,0.01379757454499707,0.015535015168469996,0.002642706155174257,0.008698982608730105,0.003697683703856356,0.01412323778024362,0.004125583466854214,0.005758677757148071,0.015215787338629449,0.0015517680850100986,0.00974335887133455,0.003535156862531228,0.011743084566422606,0.0011432687195558737,0.006727422133026505,0.004846320707931518,0.0035110905113042096,0.001567601910497717,0.009147225835242181,0.005903257946199624,0.00598208929801545,8.96946659816269e-4,0.004498582180475587,0.001106388786213847,0.005876099124836395,0.015758526540866426,0.024997287449429563,0.004697897877105869
0.026991390232526502,0.04533095081730835,0.049064701871106536,0.016188960386992045,0.057706983297714065,0.015852804355254997,0.0322654775149921,0.0058246154611791305,0.006357262762717045,0.0030589155253937634,0.003923437633162745,0.0041983791421446245,0.004035098440423248,0.053856383325959836,0.013019691390564369,0.16018021667031002,0.002112627429527894,0.0028581413200904435,0.0016813912108761507,0.003230272796751558,0.0035682670529583603,0.0031054405867903547,0.0026423392603436954,0.020968993315498615,0.01179968504726134,0.030240099156404385,0.22039660835064256,0.0034204465128202383,0.013650833043796985,0.010493636250075804,0.0032611563649555734,0.008239369427894086,0.0034568137703398466,0.012142435090205777,0.0036624490373801974,0.005630947174719648,0.012840971111861967,0.002288531046152536,0.008598643762481827,0.003510729352701679,0.012380306367543652,0.0014315377014969192,0.006734214607554808,0.00439912948983115,0.003749543050271271,0.0015591473017532126,0.008962592574331074,0.004803988983112547,0.005529752012147657,9.720827720851869e-4,0.006142853474550826,0.0011297595717294192,0.005684371181347127,0.01552346662547904,0.024541826580327067,0.0047993314061582
0.026609137465453233,0.04611085583500164,0.050261141309340215,0.016206249727889473,0.05532079969503868,0.016104594664909485,0.0360967585644445,0.005533553950681422,0.006481634827216911,0.0027327744419025028,0.003649381578807347,0.0034820289227345063,0.0037780322024482567,0.048240198184189,0.013278890998460116,0.15811612851793905,0.002112967067345194,0.0031602039631018343,0.0015350289723207293,0.0030741985893217843,0.0035337566898793046,0.003699051866141964,0.0023811682196571518,0.016817522604245527,0.012508426134875494,0.02351427111310652,0.2326495428318543,0.003784666177025406,0.012497387777593662,0.013339620292478767,0.002893783796440671,0.007490929472774982,0.003940743508799929,0.013393732482180072,0.0036228913615045637,0.005924849291678924,0.013226691815993655,0.0017298447761078634,0.010302927308175955,0.003403584540975929,0.012160369156672641,0.001033784068107204,0.006037314461197198,0.004598549777974823,0.003751327810868704,0.0010719875763157021,0.008120478424788559,0.005082298671810429,0.005632183491508314,0.0012928835005314421,0.006104401570054509,0.0010649960928224849,0.005993398662042464,0.0161667894766121,0.024723416937556218,0.004625868781100646
0.025616558969400384,0.04729790341137328,0.04791698119719374,0.01605445905640304,0.054367029294433905,0.014785789248940305,0.03274009951442592,0.006358862185981169,0.006429778338670204,0.002962450148103403,0.0037713751287728856,0.0037218792513197462,0.0038253035602062928,0.05037937849020215,0.012430282114600833,0.14412247443148496,0.0018605049968552154,0.002788597479562623,0.001843870772349464,0.003192187661605059,0.00346617021713278,0.0035749574037129777,0.0025812721047409866,0.020546444184563317,0.012845366456956773,0.03252042271499104,0.23513684391227446,0.0038487392706215307,0.01687668062280506,0.012659029442752472,0.0034292715752217598,0.007486022246417496,0.004126288168985778,0.013299817542662832,0.004052410276559125,0.006009334324153968,0.013620429502142003,0.001788543703033756,0.01004463329126572,0.0033750453326764516,0.011972002187135827,0.001258264597066546,0.0067474495796155,0.0043259023815331674,0.00381388357197348,0.0014357711934379876,0.008618609810942035,0.005304541100042213,0.005553773021832922,0.0011282126398421979,0.005687778163586854,0.0010092878808400777,0.005691456016837541,0.017176513482532834,0.021452847945023126,0.005070218882202842
0.02429614640541779,0.045347741449924484,0.05088311264280793,0.015860816825254864,0.0558459846622258,0.01519463160939525,0.03141470549691811,0.005614873276272464,0.0068264810597809455,0.00302355110283543,0.0038808242358329163,0.0038355535009802475,0.003807911756167808,0.04900709223893506,0.012153752626104351,0.16140781295958337,0.001984634465795923,0.002553641147547423,0.001793619855895551,0.003564525624459466,0.003841819479301793,0.003597860685265464,0.002054030224904814,0.020451333492117252,0.012079775203698271,0.027044179436963266,0.22944716467316367,0.0035627096426329692,0.012299350284868072,0.013594239885599543,0.002809622677342455,0.007927405703047811,0.004668618203524347,0.015948215285726805,0.003434624789551212,0.0051627775545943595,0.015226939643788111,0.002258956113228964,0.00986570469502789,0.003329031610727563,0.01017947367555366,0.0014938314431098688,0.006826201039412797,0.004616603065623103,0.0040369128834198634,0.001344742937505371,0.00971632864688358,0.00526081731506054,0.005117846004077779,0.0010610778986451898,0.006498841175312981,0.0011782811547321067,0.005563981099968067,0.013886859401945947,0.021317982288980363,0.004998447742558931
0.02659084847051388,0.04412744618576577,0.05474725941232149,0.016545035759464737,0.05147502064780265,0.015082222537557302,0.034156568469745324,0.005490121932406239,0.006434905590335453,0.002705865485257351,0.0036741677998655543,0.003835158943050026,0.004021205800348659,0.05409114454962799,0.012296463835716847,0.13856142842260105,0.0018881820466032418,0.002751808122245969,0.001668291217868561,0.003387303357472796,0.0035138238449547855,0.0031552174184628556,0.002456755316946856,0.01973304752794298,0.012924034421000452,0.0274485867979544,0.24550462048019536,0.0034917537894728935,0.01523269835681554,0.01385804027636364,0.002716424661905669,0.007393762143611487,0.003520345695686534,0.015137472527456355,0.0037108491606451955,0.004938398623540579,0.014375322989439877,0.0024529184755747867,0.009366391054947567,0.0031364495865159017,0.011446764949213688,0.0010467271139072008,0.006857928898212321,0.004338214194371959,0.003553174824764705,9.610446001400808e-4,0.0086244176624094,0.005215365001662822,0.005379867274371374,8.37956253059496e-4,0.005252578313662228,0.0010160997082580962,0.00623307853959917,0.014827733516147166,0.02234040680129247,0.004471280612923239
0.025082829690962184,0.046386430068748395,0.051455958785370313,0.016327773210154446,0.05298450563659517,0.01564931458392221,0.03421821587772592,0.005949862954108593,0.006741639219022852,0.0027805219550839904,0.0037779875326609527,0.003777550413881687,0.004098689741453955,0.04900383111590381,0.013692296848446884,0.17116934688124685,0.001557029150634467,0.0026437494828387663,0.0017572629579190775,0.0034487248600497712,0.003478048973127645,0.0035452811039682125,0.002834404325693976,0.021130681549261475,0.012094025503910838,0.023544777076107273,0.2161812551559044,0.003809762549112868,0.015273249145267965,0.014738980958053224,0.0034426914296166533,0.007279068355387853,0.0032789328070758697,0.014757453013742532,0.0034465885158509084,0.005475351884964109,0.013192096518241993,0.0018346240905124029,0.010458781295815425,0.0036914862530351296,0.011740079077702009,0.001198901564060613,0.006635970996888008,0.004602161955571826,0.00410880896838401,0.0012897861271235348,0.009272179433777387,0.004677702834707489,0.00567401900873495,0.0014369914203457375,0.005928242559294142,0.0010198714015141233,0.006117756197933397,0.014822338633832132,0.020903298671210525,0.004580829677539061
0.025093280515288575,0.04484984235359095,0.053102316751326664,0.01710358624340456,0.053540181867046156,0.015564089307084899,0.0333691117650541,0.005807883553219029,0.00625754967585264,0.002823124200109039,0.003738708440089001,0.003658890819144816,0.00356032889675884,0.04755971289507722,0.014357167066434277,0.16758730344839579,0.002124249805195906,0.002634903538332382,0.0017034412014449007,0.0034582233378384064,0.003613793489179107,0.003411515251072388,0.002809441466865816,0.019505013477262755,0.012759370938524363,0.03882166545404605,0.20813627352034866,0.003307050398457183,0.013957194109807163,0.013337703944275602,0.002840640983769272,0.00784741978549122,0.004352851837865459,0.012135760298331322,0.0037090344717352133,0.005656734356179001,0.012726576241624465,0.0022766777626307346,0.008795024136565978,0.003121784297835757,0.01084990205509413,0.0016719488906055179,0.0069493244451892915,0.004332959324062334,0.004102416767285159,0.0018271589295599875,0.011155164554319776,0.0049602311870528375,0.005371181483186615,0.0010326707018779007,0.005900768136608587,0.001114209843977043,0.005419104032053365,0.014859798375515917,0.0244497320432513,0.004988007327804563
0.02755379498206572,0.04693997254898415,0.05653726046036172,0.016372011247460693,0.054157038097543735,0.016759947386166717,0.034278973004693306,0.006032425538205567,0.006630771066196208,0.0027601857161476274,0.0035514600393427485,0.0036493908822758836,0.004127825899953032,0.049825324461639814,0.013207332554337137,0.14093829719379442,0.0020436336531491463,0.002298094595696544,0.0017598026540959284,0.0033396107005714258,0.0034126533938208703,0.003382624059807021,0.0026349506925820213,0.017199016553409042,0.009918566843480473,0.03358293471719678,0.22950274954371264,0.003386806369875104,0.01255515390099406,0.017150929510591974,0.0027690389352681946,0.007452536541674058,0.004092040200322302,0.016059052422623357,0.003670117270269305,0.004638453371301122,0.012903438516806679,0.0025990895379836864,0.010045593883345597,0.0034284842058485434,0.012374900526790916,0.0017064538158286942,0.0070425319467157365,0.005270976177657166,0.003683343662614813,0.001546437942846255,0.010430965632936757,0.004986173014135322,0.006404353538836981,0.0010379767413529815,0.005051476847059326,0.0011959532584058037,0.005367490049863688,0.016506035943778457,0.020158715309669163,0.004088832437913639
0.024542535698800903,0.04471498704999038,0.05510365369911026,0.01606664678047104,0.05805974167055832,0.01512494607934846,0.03333039013791563,0.005202129190666674,0.006259411101881699,0.0026389754065733336,0.0037348953641315645,0.0038199222491862557,0.0036163115594035305,0.0470558059071149,0.013015062138195947,0.17651176335709187,0.0018130989150165827,0.0025859475273489843,0.001386552198829483,0.003631308395400025,0.003249279524054838,0.0031817083815898436,0.0029909395799752997,0.017895448779940884,0.011125968751693945,0.026608453612629965,0.21687745617521753,0.0031073879881698806,0.015504839965076135,0.010363023932277315,0.002814470707958283,0.007992655561185011,0.0033346060749093608,0.015587049020724284,0.003643169657249178,0.005387485634247112,0.013722557116259616,0.0019312024674704668,0.009167009311279034,0.0030566149359132887,0.012225321446345236,0.0017833773603956324,0.006462341621234775,0.004132170485116612,0.003538452650187161,0.0014582163775785789,0.007397588350157201,0.00465166293529478,0.005648385303002559,0.0012010465799505278,0.005458515080761689,0.0010276008067252847,0.005189485308909539,0.01760366163893536,0.021929058682177757,0.004537703768370132
0.02547120199904107,0.04646573266882272,0.0524781542726815,0.016720428340581732,0.058270168090526306,0.01553730262545438,0.03296576682341259,0.005302497321373153,0.005940433168972251,0.002716603502862949,0.0035329998645793645,0.003643206052548232,0.0038477498730479496,0.050576025362529954,0.014089626778445184,0.14718053534749365,0.0021877320230386573,0.0022539507729289433,0.0019375043592957354,0.0034487512194262262,0.003485557944511474,0.003311370310039605,0.0025608173374939325,0.018671103127725994,0.01364006791882068,0.027385707580478133,0.2329862696717321,0.0033949190465251853,0.015427467142408816,0.01335672360272905,0.0024906756990318484,0.006310263135473766,0.003472987757015171,0.016742434431988126,0.0037745102703270043,0.005690948736174401,0.013216727386130368,0.002186422928671656,0.009625107484652853,0.0031441298599614656,0.011264589902615021,0.0015789223198516143,0.0077679906799737785,0.00502249319535454,0.003473824595290833,0.0013424812074463257,0.008840132564482708,0.005420319405702477,0.005602076572337655,9.81526544847856e-4,0.0057952576370416346,0.0010697928486364352,0.005650161170175174,0.015264811025967339,0.020957233887371637,0.004527804603950773
0.0264006416705591,0.048312457440337485,0.04780101086282597,0.015655659095161804,0.053346757036359306,0.01563022971273797,0.03312706968733878,0.005436761844816056,0.005471066733078703,0.0028884678484187346,0.003363989617424534,0.004267703397543218,0.003985724871266607,0.04848579629655269,0.013994051887032153,0.16970003639408346,0.0021705679941970103,0.002742878854518409,0.0017949925546680394,0.0030047039330789527,0.0032678044503443816,0.0033217049572397263,0.002478451075799296,0.020544850447628254,0.011856297138158537,0.026995779996508956,0.2234991919908152,0.0037279118696020106,0.011722657083503462,0.014822133983654635,0.002639904992258367,0.008176113640249593,0.003147360891752688,0.013065406036715434,0.0037327042208183097,0.00534648781378076,0.013989467439193461,0.002198080731159962,0.00959530050329649,0.003065453910541825,0.012033512300477882,0.001418667885248496,0.007213117181892292,0.004076973439645299,0.0035563039883134756,0.0012996234668113094,0.008474526537170665,0.004688309114487653,0.00565538881755126,0.0012398727140700084,0.006127318912148003,0.0012405805137133848,0.005364545015791568,0.01754849135151722,0.02063664622553102,0.004652491630610121
0.026219554172733302,0.04444190780550088,0.05513269363977064,0.01616727381267813,0.05829348126274524,0.015595603193581374,0.03442732528587403,0.0054277380213306504,0.006613560420280225,0.003074833321644737,0.0036137123318360598,0.004058967541949613,0.003720810221045614,0.04788203254246989,0.01022027596522695,0.1572279411490822,0.002000271492112171,0.002555281250874867,0.0017130664527694375,0.0037041316726796544,0.0038670198823188176,0.0035510414868000287,0.00256533729090784,0.02152758848798312,0.012920506553248324,0.030032131042644496,0.2088410777132317,0.003697337798185275,0.019090788452861294,0.014451341780246365,0.0033819007446005116,0.00895132637227166,0.003552870296228104,0.012700623929628826,0.0034921542885531574,0.005975224049810247,0.01438194497875727,0.0022439872525287486,0.009671026658463106,0.0034642146388584867,0.011385774540886741,0.0014636628362944305,0.007144108580087111,0.004843198076134076,0.004057496365045438,0.0012935424129354523,0.010057817465389293,0.005669482423006508,0.005651498411324442,0.0010620237768757192,0.005851063733442254,0.0010640591625310004,0.005594995227791035,0.015654633508610988,0.02327788670093411,0.00547885152439836
0.0255985077390202,0.04535726533121467,0.05445025568287708,0.015759553692376853,0.055370403705379045,0.015545850662622748,0.03430619434559017,0.005481298141425579,0.006191731120761048,0.002573823118139642,0.0034660303341742834,0.003928832387978881,0.004083761259595189,0.05466690672581948,0.015359725423673242,0.1603471685427105,0.0019161541128584296,0.0027592708819146917,0.0016462399082440148,0.003308996676372165,0.0034815657103906836,0.003451495473731993,0.002333330130455362,0.017787559721679738,0.013242226218005736,0.0267193304881806,0.22055417004346964,0.0035797821741447846,0.013453582012524634,0.012011070855585127,0.003504621035029358,0.008283630594747172,0.003210287313687499,0.014775987353710357,0.003406496418329367,0.0058519133842082835,0.013980225402693277,0.00220903205993177,0.009586829617073496,0.0032943829603514613,0.010948338861788507,0.0012032315309403283,0.006762443928500794,0.004269414534767407,0.0036719741242267376,0.001282690587634498,0.008324877387633671,0.005588102107303734,0.006350366172389021,9.087310263166798e-4,0.005647650148564473,0.0011912069066821805,0.005988179028782688,0.014352022122806608,0.02247727291758911,0.004198009853395313
0.026123618148209838,0.04949863098794729,0.04805332420521651,0.017151854398474654,0.052919081039039924,0.015388342501189131,0.03169217467742791,0.005036313704383298,0.006056170950492044,0.0027218045885564596,0.0033047598318535873,0.003724189527639135,0.003663360133591075,0.055265371923349016,0.014548231224090137,0.1567448393706068,0.0019479714429858914,0.0027107404684084888,0.0020053950448353764,0.003082313856199094,0.0038237287379350917,0.0033246442143139913,0.002596015948332059,0.016668864365689356,0.011720130165123544,0.02916623712660622,0.23257414739489377,0.0030986035463639147,0.014027534454127927,0.012430416827092713,0.0032932993142224328,0.00813247098243396,0.0031445893863297635,0.014809705753550072,0.003553705540779269,0.005682215071715766,0.013624187600735742,0.001947974304962566,0.009010206104667991,0.003669003373896979,0.010811085186220103,0.001534205924814008,0.006003743247823069,0.004142573794392978,0.004014551216735077,0.0015071765472056341,0.009642846227861355,0.004886929252004192,0.005883662311849731,0.0010624589322204196,0.005818686334083385,0.001069172577180559,0.005756254949781014,0.014755160066149114,0.020758120873270565,0.0044172043201400335
0.02708621017957127,0.04137236012116693,0.053159785569926815,0.015783246459119826,0.05963057763807537,0.016076320327007586,0.033881008049608634,0.0056379383284199764,0.00580035463931714,0.0026639748863361867,0.0037129609605228895,0.003690679836615486,0.003614874490893564,0.0476799730512044,0.012068427417017006,0.17361530712170145,0.0018968130526504407,0.0026477913278226757,0.0016053507244840393,0.0036341378587346138,0.0037493723209107237,0.003357350729532883,0.002312126939705008,0.01778015899351928,0.011432067346561589,0.030103300157094944,0.21385718202851645,0.0036744736269130225,0.01520063608063386,0.012503611436142908,0.0033973420741484498,0.007742874907599596,0.004388741694747427,0.016545021126595658,0.003298533026423683,0.006380450907657564,0.012027763287509043,0.001871580511959159,0.009666787099735953,0.003187260117026864,0.011200202957158662,0.001508597848995628,0.006344997656583158,0.004004644232512043,0.003906380281135221,0.0014745126288066455,0.007648310639086449,0.005505297617121292,0.005000868290161274,0.0010967746111789042,0.005624308835271043,0.0010334597835192222,0.0054503168175062625,0.017331971114478966,0.020863408865037108,0.004271221368317736
0.02694736600086674,0.04584637066138251,0.05479796967438281,0.01604100569891102,0.05675684481419866,0.016195180093573843,0.032297815539093166,0.005835148235978921,0.006661479729204587,0.00293724025814538,0.0038713707340257038,0.003602118386504624,0.004170305099752521,0.049315532049909044,0.015465674131415237,0.1619210869659573,0.0019904899760562283,0.0027137363644401244,0.0016094206919831215,0.003328638164058684,0.0035463020851962475,0.003504867889096903,0.002474845537249969,0.021509353893016787,0.012786067846336699,0.0287134377194931,0.21438182336624537,0.0033900408355330524,0.01566036610730323,0.012374176940469108,0.003240296144939385,0.009233402282831047,0.004067862534999692,0.011980411382316718,0.003387479596433834,0.005647450804751708,0.013968865907405642,0.0015140192813111021,0.009268769782597976,0.0032239748441255734,0.010751519401365761,0.0010517620509948658,0.006734702775790393,0.0043469887044325865,0.004416376889292822,0.0010954407198414875,0.009008213253116213,0.005373361373285151,0.005421356079629395,9.942034964141452e-4,0.005154551883687839,0.0010025541029210162,0.005757934422128667,0.014343689067651648,0.02387333039443521,0.004495407333519403
0.027002616826440066,0.04797453267159998,0.045138975721517156,0.016885498768572302,0.05530656065552798,0.01560651538118524,0.03420999517592497,0.005807948711869535,0.006333506953695858,0.0031296958120360287,0.003339510221380842,0.003788275752951588,0.004029618927817884,0.050803255061869904,0.01335754526640885,0.1521692274088026,0.002007717524775719,0.00257640823999155,0.0015775230532591134,0.0036322638575013327,0.0040116577983809925,0.0035950771020288644,0.0023405090338594827,0.019621367552631084,0.012954577192287087,0.024422422924790004,0.23528323960258796,0.00299189156231023,0.014283977785659515,0.013891128975232191,0.0030043689516459334,0.009208780419028404,0.0041830564390980375,0.011927298178446347,0.003259508105983408,0.006066249629420923,0.01203595270687054,0.0024250362970307327,0.010009963865906352,0.004223079872616922,0.012563746200582994,0.0015431414175476408,0.007203995378645307,0.004482102379316578,0.004406967228442979,0.0010614338728004659,0.009122618281988201,0.0051683654250899765,0.006126006580674039,0.0013683660400810047,0.005039343144443659,0.0011504861233152593,0.005610122449865842,0.015054719129918617,0.02143722241140555,0.0042450279469384115
0.02565972038845488,0.045800504047377205,0.04747762508953526,0.015852092707680968,0.05779655634392564,0.01615090894688045,0.03154454753039847,0.005738667709339405,0.006236939111699841,0.0027926923392782056,0.0038728403281650414,0.003700781121146087,0.0037248270395078566,0.04496132188006569,0.011281361082086654,0.16909031994844295,0.0020017873041601048,0.0026544272570555483,0.001818228371725952,0.0030680234117390214,0.0036073255599787654,0.004011186966896621,0.0025682497701800815,0.01861936942881863,0.011250257889601292,0.02847590683843766,0.2273647173405024,0.0033179110749765534,0.013037440168949142,0.01436121274339274,0.002571946900880709,0.007717224910292967,0.003924310243443138,0.01300510076294443,0.003705320975550704,0.006298459587202212,0.011974904973951707,0.0015971024460092753,0.008887635582535632,0.003866843800726526,0.01284404279976868,0.00123751458802042,0.006704423932266493,0.00425141236423792,0.003970473072647387,0.0015729455869669291,0.010057506435329605,0.00478682422831212,0.005972259878602494,0.0012333747201365207,0.006034434557020255,0.0011198288911644955,0.005918680152227859,0.015458426570355231,0.022775388404491663,0.004675863894515542
0.025067659468069152,0.042652527217722835,0.053754021063014495,0.01595565024615227,0.056223871450885546,0.015292113275175013,0.03336446016534596,0.005619357331989837,0.006581822873937825,0.0029032014433172555,0.0037108399660632195,0.004175270290143324,0.003971775625250054,0.047354940294901136,0.016826704391368963,0.1703641508005694,0.001975704227974923,0.002923464534898946,0.0017790692630016767,0.0032634381126198774,0.003797506492076647,0.0032883326484851065,0.002254526261778729,0.01912714010626,0.011558838895951851,0.028765026168898093,0.2142793752559605,0.0031295835700977277,0.014301431586077572,0.013106031294237411,0.0032455678431696374,0.008254368080384718,0.0036459392202153216,0.013174041606218491,0.0036174210510027684,0.00525879664384454,0.01574976807446886,0.0023331505611111215,0.01100249912110508,0.0036728528364063824,0.010280074727196333,0.0014592759074336845,0.005865987785396407,0.004329391752559694,0.004074562223921464,0.0017239615380020745,0.008959493955506334,0.005206321258906888,0.00507589835764179,0.0010130350870803636,0.005760687616184841,0.0010688486604172888,0.00614703126417103,0.01579969176329743,0.021421036300341135,0.00449246244179097
0.026347369148373462,0.04587674459278055,0.052509105308835104,0.01647752453419665,0.05579433788854508,0.016194632510574385,0.03263786585055625,0.005686435422133892,0.006722593669021753,0.002817440695774299,0.0034780637975634853,0.0035985187439697038,0.004166850652476297,0.04836424381685413,0.013511392696483012,0.1474081682207304,0.0019296450926608389,0.002567265267577836,0.0014460493875043364,0.0036988560548459485,0.0034772717920746187,0.0031384096183999415,0.0028625351260762296,0.018151436586282457,0.011974875755299449,0.028283246201691856,0.24412392644304923,0.0032509360946892116,0.012261530107347849,0.013064598880680612,0.002831965269874083,0.0079843063560666,0.003556002676154283,0.013763010053931641,0.00350421148615877,0.0060100334205854455,0.012849279409270022,0.002546061238821462,0.009024962228396629,0.003518431994298298,0.01141532730453998,0.0012207411448995258,0.0068818529910520945,0.0044284242524841935,0.003935386816490305,0.001443282407361397,0.00884019198415222,0.00536253594921291,0.0053074134338798925,9.871407015957937e-4,0.005886167167471168,0.0011333256124372165,0.005713206327903686,0.014300473932624848,0.020902043390025923,0.004832352493262714
0.026786327759147407,0.044584250696963645,0.05531117264501878,0.016843050288141675,0.05487369745762149,0.015051030926361892,0.03289163401628334,0.005486755872641055,0.006465918021488053,0.00296198657735854,0.003165748797741211,0.004129930683367699,0.003988481677141556,0.055362167690914336,0.01364543781438825,0.15804427094745285,0.0020067712049331287,0.002913681863225705,0.001789369196222768,0.003417315820288776,0.0038799142441230208,0.0030788540552209196,0.0021136213733587996,0.019161843637209897,0.012874484340327157,0.02866953911927651,0.22283663096293224,0.0037608599236944335,0.014316399725244176,0.012111789277577296,0.0031897545209618452,0.007763144466349352,0.004256589576600086,0.012805023708515757,0.003929234019123823,0.005514259991587858,0.013809133742193338,0.0016092892222591632,0.009018126566603456,0.0033056327549169846,0.01130727392529015,0.0015776597375619138,0.006362210796686308,0.004846663602420034,0.004000782337636072,0.0013966762657002558,0.008948890559173367,0.004581626589400925,0.005022119544207166,9.111921146671622e-4,0.005915026993078068,0.001040870917994681,0.005711942886167142,0.013849870872329108,0.022659624729320166,0.004144442943589189
0.02404181977877672,0.04385374291297684,0.055959549891083496,0.016320913534810823,0.05363046205723107,0.015780000067644264,0.03269839435761421,0.005601492852614174,0.006055990556871183,0.0031960609430899214,0.00390739460306086,0.0036607171077085747,0.00392622954244985,0.048465157157836065,0.011506094033078708,0.16343177892785157,0.0019876255749659475,0.0026275486079880856,0.0014635844063702274,0.0033568700272543495,0.0038637941719016603,0.0032346728677761635,0.0025825528187810106,0.01773369469985037,0.011601764392355605,0.027916669814984217,0.22583016208307538,0.003663220110862444,0.012925975703722043,0.012469721860875351,0.002755618521671121,0.007669430515500739,0.0033608309963637185,0.011539733052920489,0.004188054697409996,0.006291977375259327,0.015471088911917494,0.0024367938943900664,0.010140884069025236,0.0035632147309054662,0.013354960996947928,0.0011695718667086468,0.006881498464921927,0.004448041097071981,0.004085422111033363,0.0015594825416797079,0.00974689105083506,0.004887957257362178,0.006047457062123163,0.001147319852436662,0.005788052979080327,0.0010881368965726342,0.0057357393091467205,0.014849928273988164,0.02372509289683946,0.004773165112427299
0.026077257099968058,0.04530928374594744,0.05074458287729474,0.016591138148638423,0.05849491588893011,0.016288236224505624,0.03365728066071373,0.005784322187074575,0.00684870107724151,0.0028320611008170074,0.004020900688663169,0.003678091476801158,0.00398330824366994,0.04933338412526204,0.013441437528508257,0.14643815157962312,0.00215999821288207,0.0025169839071057442,0.001751971437060707,0.003445113596082427,0.0033298228550008068,0.0036748575753633625,0.0030444535984195656,0.02347549401985898,0.011835669752612432,0.031198277424300744,0.22279034554157665,0.003785896721097157,0.01370724996903649,0.014277351393392859,0.00271603803899067,0.008922584396702314,0.004017793743532965,0.014680906110155583,0.003659705868020608,0.005666978589511569,0.013085315419118242,0.0022760605735691426,0.009333745437577123,0.0030322435861239987,0.00997553837726465,0.0016878869873162032,0.006387051705220305,0.004340190402827123,0.003969257162183694,0.0018638859049581503,0.007293591440901456,0.005597235152102982,0.0062946136441195425,0.0010893486246360516,0.005104135782556373,0.0011032162332335054,0.005791451426451694,0.018140326658832202,0.0247998430646406,0.004654517012004352
0.025242863918941788,0.04503269684209762,0.054606864716124984,0.016155549827235088,0.053452700799383614,0.016418235063352705,0.036837723038559284,0.004856948189587708,0.006114951698693837,0.00294599402798694,0.004174830637296512,0.004224562381872263,0.0038709377995186723,0.05163029625655417,0.013966472232333266,0.17080871055443253,0.00186747857393212,0.0026785010071457655,0.0015462538984795616,0.0033680949119574487,0.00329945755424523,0.003359749259859699,0.0023116151585778574,0.02025544691217318,0.011370418228215103,0.02926098524626649,0.21225786046357148,0.003354862379952528,0.011552018841835088,0.011848290921122795,0.0028446376406076283,0.007258148009610597,0.0039041471666686105,0.013301563145601011,0.003511034718056687,0.005061169702313207,0.01327563509428657,0.002037816221305928,0.009130687469531315,0.0032898016985288673,0.010742236858188786,0.0014953394092097575,0.006683974648643671,0.00488668265721203,0.0038194440505249006,0.0013541230483618458,0.009282841095461148,0.005230406891312314,0.005188276421962989,0.0010338475739828695,0.005586339368743152,0.0012479182432548399,0.005447419734775028,0.014047380697528108,0.026910306876647166,0.004757450216375597
0.025485863926302508,0.04575029651473574,0.05133052127638105,0.015498349662576589,0.056347574650990793,0.015844212154379228,0.03198917502504161,0.005999474170623911,0.006137367885355597,0.002943677436574197,0.0040528389428447845,0.003831663011007594,0.003998228131414455,0.05062333196240877,0.013561319357379814,0.1660558327513574,0.002074029003901869,0.0026914485168870643,0.0016182538858359014,0.0034102661446145676,0.003545445638119134,0.003303713706262955,0.002321480046929296,0.018264835488991295,0.011706432345737674,0.0249582063958449,0.22399794342596802,0.0031863571929215697,0.01531725007191739,0.013748798085973355,0.0033307240198779953,0.008903026826561715,0.004245544738536929,0.014402182864970461,0.0032841823813099763,0.005713629043409504,0.013437047830855513,0.0016947828915662758,0.007851896605109042,0.0034131264688279624,0.010683264213533777,0.0010745114470343561,0.006149944837736125,0.004602835907728018,0.0043461366831382105,0.0011781779161792916,0.008452794444160479,0.005186289550119141,0.0057183706706713106,8.205057541155505e-4,0.00641352942633236,0.00102467585599733,0.006625371912654486,0.0143044940556684,0.022768355343975744,0.004780411500650947
0.024478349542472275,0.04526006412329588,0.052138176135620794,0.01607373836020982,0.054528547128419855,0.015674391213576125,0.030587376379352375,0.00518642366302536,0.0063437001647712165,0.002941043664298351,0.0038678686950443424,0.004057308038576198,0.004246186134728016,0.046533056916323375,0.013222180710068537,0.17928670572696043,0.0018166189329439544,0.0024780102680245723,0.0015683107222228864,0.002939899418626392,0.0036383435193385882,0.0031640842605009673,0.00270641881548687,0.017158122046774187,0.009969494260654407,0.02772798301056296,0.22646442699773892,0.003430881818814048,0.012485743316287712,0.01416302107730613,0.0027465515344939797,0.008319486805447874,0.0040417902090050545,0.013268689119083646,0.003309837756417537,0.005056415143013354,0.013085233289200643,0.002113805301532924,0.008442741913548947,0.00343775084083054,0.011493856315200852,0.0013061216148606894,0.006815845832376572,0.003869399938979086,0.0038089559441257283,0.0011284865388007958,0.010177621496854186,0.005271705639133007,0.0049562278250697535,0.0011674695558171033,0.0059656068645375405,0.0011859899008425808,0.006451962538118051,0.012916340917269103,0.02129403421191797,0.004231597891496875
0.0254228211846266,0.04464921282879389,0.050254111312462525,0.016273506294413827,0.053682132432271316,0.014929549873659378,0.03538488219923795,0.005571696516570723,0.006596609691314438,0.002864805537653314,0.00360999680685007,0.00360811889768444,0.003628435136689223,0.05545642318871344,0.013248246982498038,0.15316753095608676,0.0020453816813869987,0.002590944330378357,0.0016411525685358626,0.0035298925379948264,0.00343816578148353,0.003253853126399397,0.002177287781678833,0.017424708353116884,0.01076463822338089,0.029307829436592197,0.2299404927908663,0.0035792664893310043,0.011362762357660433,0.014725546511436871,0.00316471282835811,0.007147942601123327,0.003779106997608849,0.014230398076286154,0.003504220819403395,0.004963011142945249,0.0158555751111542,0.0024692960339217115,0.010002362341982384,0.0036357108667131135,0.011880398501072613,0.0012989385222061764,0.007057361220661373,0.004644735528005147,0.003756147221162099,0.0017884777828533261,0.007587688987089521,0.004737085650733473,0.005466621707499486,0.0011277684911344425,0.006205478713087425,0.001093527819479944,0.005997748889047107,0.018260463184708507,0.021786398208459304,0.004428820943535267
0.02586607517286004,0.044486461727751676,0.04850279583388161,0.015738590792955524,0.05845452223279102,0.016019719158815074,0.03185941111784652,0.0054763650745062896,0.0066092439461046554,0.003103650888723543,0.003992110591448994,0.004051298585812851,0.004198727194802634,0.052988406102158166,0.015253137941265028,0.16719198698811885,0.002291251849997154,0.0025159546452076364,0.001761712063415477,0.003542050596352297,0.003943273103671571,0.003745710614231761,0.0029492489292914847,0.01906918292123578,0.012310324903384618,0.031699233495558046,0.20265049324432877,0.003730187739621702,0.014787037177436284,0.015266229448983948,0.0027640804921216957,0.009750026206235444,0.0034330949599090253,0.016759595716250793,0.0032765187673147807,0.005970172858864236,0.015361659443116548,0.0020570219573765175,0.009984460340908033,0.0030477055697083408,0.012551709576732762,0.0010431345326551227,0.006683149202382104,0.004902607962846749,0.003989196856245045,0.0013754640955635446,0.008034454774085025,0.005105940365571543,0.005451361736846275,9.739279854395184e-4,0.005301736685213852,0.001029738964274205,0.005287005997975385,0.016609591717836446,0.020566711188789173,0.004635537963178829
0.025481023097855913,0.04409145274249456,0.055367743868872554,0.015909551107192187,0.05705363183294194,0.015246777592682878,0.03359465578742282,0.005638305044908815,0.006165975777348038,0.0026107031681983123,0.003388533606109019,0.00394642498961087,0.0037038404801971155,0.050217788651101235,0.014727718599440684,0.16624714605388105,0.0016288646488800504,0.0028177563816954563,0.0019218239210666214,0.0038631044254813438,0.004086707211132866,0.003099622090098097,0.0022595483758391433,0.01893625351054092,0.012661204399842507,0.032080596788963835,0.21087287238698935,0.003965882444966226,0.01315637761872654,0.014013194858347046,0.003308338169360918,0.0072246640902783365,0.004056034612554537,0.013405294491529055,0.003633327992319903,0.006415708429178589,0.013550826959169204,0.002403775882118135,0.010016136964514132,0.0035023780770744328,0.011671756780391744,0.0015502523441056851,0.0060344356176068705,0.004396657333232776,0.004011744655269226,0.0017395558659438438,0.00863572657476014,0.005177724467071949,0.005670969338003331,0.0010448908373460783,0.005395817170497369,0.0010330778179496098,0.0049844808217643375,0.016437739201621695,0.021685562113061836,0.004258041930448329
0.02440786455807381,0.04323578630330502,0.05770108739268034,0.015193404289539313,0.05552477567502908,0.014647325932702177,0.032104526991346256,0.005202389724917252,0.006609396608361061,0.0028811146083272945,0.003529117531381823,0.003551721488281177,0.00418140479089054,0.047080688398881604,0.014484472954266508,0.16396260128080992,0.0017804125308095485,0.0025523255347043423,0.0016576090314887972,0.003283248036614889,0.0035601328325208037,0.0028059723001760545,0.003117480405652908,0.02015473618140957,0.012691800900410883,0.03028257791236003,0.22863214158758208,0.002884860993832523,0.014514940907108986,0.01111205364927093,0.002631822481750351,0.007319230617315636,0.0031828365414620224,0.013922870849928794,0.0034529391676240283,0.005361670930747419,0.01432886275802478,0.0017797959987522643,0.008779603831347934,0.0031820994750396897,0.011532022973697197,0.0013040354049563727,0.0068980960680378655,0.004447496369939603,0.004026354695253599,0.0016881876577275637,0.00862974925618732,0.004706261622518045,0.005273076424655891,0.0011015026871038732,0.004914407980563144,0.0010649930163233682,0.005850692691434142,0.015536939373712715,0.021398509381156797,0.004357970412004028
0.026001779702006456,0.049709692542230934,0.05582002089254941,0.016963908800267626,0.057185852166834306,0.015953396035532655,0.03225455458003338,0.005855506105737086,0.006221426502232519,0.00265861676837308,0.0038598326052555745,0.00369174701084985,0.004121496011445411,0.05484950422854447,0.015763226238070187,0.13646867301767304,0.0021137505153609147,0.0026051165200357473,0.0017643821154983755,0.0033705984500167637,0.003257663411516246,0.003244009792175764,0.0024806020292248293,0.019026279293530398,0.012498959090980786,0.031041170837845706,0.21822777183715417,0.003616208978420377,0.014415926658946388,0.01380418367775353,0.0031526191358620622,0.00783418812404552,0.00507015258178841,0.015947715718080586,0.0037547110373002883,0.004918991837087136,0.015074442908532784,0.0023306151176377167,0.010795380865840115,0.0036676035340934385,0.012462388884023493,0.001687476804179377,0.006393000014798436,0.004514392517666861,0.00427583590075823,0.001569728743660133,0.009589424966832537,0.005352637521639049,0.00553252221953363,0.0011883071772167068,0.005565942981551265,0.0010302245499428896,0.006223380510587887,0.013447738265921645,0.025107517521714445,0.00466720414360935
0.0259464120072706,0.04724908669615987,0.05661748953747884,0.015445567538160777,0.05411417525866152,0.015207943401082955,0.03488560978677087,0.005610844291926084,0.005919524670945412,0.0026630377798549654,0.003597891155876952,0.003863405522885908,0.0041498808265548115,0.05046571728147198,0.011411471891683839,0.15861005038125675,0.0018978834326515005,0.0030149930936922,0.0015233550457495705,0.0036796155784549096,0.003394677041913939,0.003692383467595451,0.002490359660761,0.019200271768234748,0.012853776458732187,0.02803809518413905,0.22042270831888433,0.004006368152361059,0.013690610620555621,0.013655794078522151,0.003140804426320234,0.008950008755031397,0.004207237367937457,0.010521478830844973,0.0035475539045613062,0.005029511965169243,0.012618317217518537,0.0026837315500340083,0.008846576671634684,0.002994780278880108,0.01135535989593726,0.0016954683730724892,0.0069394784126018795,0.004344972041478107,0.003991466892299409,0.001408697684787191,0.008402560803456508,0.005124026860556683,0.005336040517712696,0.0010336487857541296,0.005973745373946924,0.0011048038895175227,0.006308212012677505,0.018056031603787794,0.024604418448365913,0.0044620675058262465
0.02398632734288993,0.04537884610179781,0.053588213030456175,0.016100840593180593,0.05663534067276878,0.015009298045145093,0.03319155691285415,0.005455541869715152,0.0058561366167668005,0.002869502542109371,0.00404008005325842,0.003751673769188779,0.003918716389988482,0.04668032958325593,0.013332974200186039,0.16505061980303476,0.0019688279316539084,0.002885667924120954,0.0016997933635413223,0.0032939633953170543,0.0033018717534506747,0.0036092599643275207,0.002479322537262332,0.017442765772921857,0.012534598038113099,0.02803565355033912,0.22311063799223807,0.003057080424764933,0.01195567182204396,0.016040133463485942,0.003143480015487657,0.00837538301212919,0.003923736058675375,0.013294616859144577,0.0035594961089269197,0.005049127467622936,0.015749890029608832,0.0019630238803010477,0.009593226343379755,0.003442938872406456,0.012157854529553085,0.0014766425193405582,0.006625949991542031,0.004907875777537777,0.0038818727052103517,0.001659412577794722,0.009910684106161837,0.005233995454878015,0.00505090644857465,0.0010117655598420939,0.00596543905737357,0.0012700883651938497,0.006100593747494474,0.01394753256696233,0.022065906508694607,0.004377315975986371
0.02697487049390848,0.04730691400469638,0.053784022390750516,0.016314157919934485,0.05199536155285772,0.015506073939853019,0.031971127291705814,0.005779607297345984,0.006729716798482829,0.0032201901264948215,0.0036098655901904216,0.003588703203167875,0.003886464022466778,0.04863715128928593,0.012565551913729163,0.16957989608735188,0.0021870011546078413,0.002644235234354352,0.0020825377603207163,0.0034090478027569925,0.00339525354264388,0.0035387086452248954,0.002970508495920535,0.017725642964822416,0.011301927644802813,0.026368111716438998,0.22022401182715806,0.0035676285213463786,0.015702338692310778,0.012266193140234536,0.0030912620456605257,0.007754856134546051,0.0036853157085823284,0.014073725213466858,0.003551045514256181,0.005163953331438772,0.014425245617669401,0.0021395851494088176,0.00919226659321726,0.003419437446534824,0.011437894829491332,0.0016827510706947273,0.007071347516334877,0.004409032031053275,0.0037306622182207,0.0018438927366375248,0.007312351201709311,0.005224062567468507,0.00550237393719424,0.001104067731025785,0.005488287924700622,0.0012520987854422164,0.005752268328516847,0.017337179344184793,0.02114883568214364,0.0043733802752352665
0.027460485371858998,0.0450859737409651,0.054073901375519505,0.016615320245987508,0.053304148841456095,0.015786784680863204,0.03422706614087856,0.0056543635745067685,0.006363987280387746,0.0029087481004435975,0.0039183878101259825,0.0042814168172134424,0.0036931230995391243,0.05066142841729005,0.016015241325176448,0.17501023947761268,0.0019402250839029012,0.0023711198038361076,0.001982456815497696,0.0036201049870825727,0.0038704783508498428,0.0039137721343118536,0.0019190381225789883,0.020694686865407225,0.011476096985701147,0.027603794642781652,0.1948596826005772,0.0032962075907045363,0.014666524433321016,0.015333138621552785,0.00252502136339333,0.009363665096367364,0.0037437599134595174,0.01300003298633294,0.0034965115386918232,0.006232236823140091,0.014891872281545676,0.0018000170479232584,0.010842204194580048,0.0032145659121669027,0.011721842997225635,0.0011124646594731199,0.006546051691069147,0.004878218386851716,0.004304528906257403,0.0013612940914018161,0.009709356059357736,0.0052782388044739425,0.0056913334905282584,0.0013072746471630419,0.00579601313748173,0.0011375850969899618,0.0054060262402039466,0.017165592553232724,0.022487782364893703,0.004378566377864781
0.02550446363782206,0.047277637262707776,0.04890761774996077,0.016479050654665504,0.0511663978395392,0.015319688765394312,0.028914785014212237,0.005349635083227993,0.006321741689938052,0.0030594521720784355,0.0038218488998681575,0.0041420506282088135,0.004178952046573027,0.05144789297577704,0.013359517687108597,0.16320858187881865,0.00169675041538797,0.0025433992511542164,0.0017821805942141507,0.0035608573291417453,0.0038498756121609127,0.0034032608106805908,0.002306591801211192,0.017719301184768943,0.011726721895173008,0.028796166194895202,0.22871741858322212,0.0036994304066663014,0.014402959020445034,0.01462124200534483,0.0028734751131679437,0.008342441683101004,0.0040153891379247535,0.014811222533964332,0.0034927751941484747,0.005596825866485382,0.016282867726490322,0.0025355491886482912,0.009283438945558036,0.0033116495398091404,0.011159259024556086,0.0015502824656591536,0.0066621583669639476,0.004408815181880268,0.003740506593242693,0.0016184176915492931,0.008105397246031588,0.005835391713314205,0.005561758791308795,0.0010174684695341814,0.005956421246663569,0.0011290122894117172,0.005355286280471931,0.01592750669110279,0.01925517778248411,0.004886036146161161
0.026247702093392125,0.04920165898074738,0.04759871773613766,0.016915926330755202,0.05804984841576223,0.015196767569801076,0.03135410755054639,0.005423669328582532,0.006603572930955899,0.002778919281921449,0.003811488644170557,0.004081966429276887,0.0037530723489222306,0.05128539997763697,0.015564516540022255,0.16194775969347183,0.0021296010570333707,0.002206077028897601,0.0016685733326819714,0.0035270423254000634,0.0037356544546807715,0.003744747107078595,0.00199851331254778,0.01718440918550474,0.010963746680038815,0.02662476646607131,0.22514003382305847,0.003751070996260195,0.010448073130644686,0.014619312072624032,0.002520083894228496,0.007784001640174546,0.003408844260133697,0.013829684838782951,0.0032266373055161194,0.005820116203187877,0.014453652780134376,0.002258351177288799,0.009365619684805614,0.0032742400884802785,0.011121214513664011,0.0014414790386996102,0.005884857606495716,0.004622001271130754,0.004163356880407854,0.0013352371941869918,0.008818093010513763,0.005355145453962386,0.004932244703037269,0.0011762647589428678,0.005810442786112162,0.0012985732207472054,0.00606388324806308,0.01641477773048427,0.02271898374764587,0.005345498138548317
0.026269441231508147,0.04740917631220069,0.052305793149564433,0.015953545321313916,0.05663931043591804,0.015976645222383,0.03324335682433657,0.005225621341492685,0.005893249384575558,0.002549637583721662,0.0035911245064998787,0.003931113496682114,0.003991009941768551,0.049968881891940535,0.01363690978869483,0.15675078399384085,0.002004851753412468,0.002471544330437021,0.0017751199893565398,0.0035474871466495946,0.0036225994057857854,0.0036304024984029825,0.0023996066792071535,0.020431105670219916,0.013028701044534718,0.0306511535747132,0.211105240306804,0.0035792474817377927,0.016129873223843065,0.013230253827851616,0.003070693326419652,0.008277376499117849,0.0036503294477100647,0.012998568050954278,0.0037236087864979954,0.005284443506007539,0.017145598044267088,0.0022704948474892932,0.010351332203478725,0.003431824555394326,0.013986107555904759,0.0015258187801286674,0.007121954125645227,0.004864154841308941,0.0039096579552149145,0.001611606171109687,0.008451860990092527,0.005953731642406396,0.00623027940598221,0.0010507861368016743,0.005642340225634869,0.0010916218913326193,0.00567128355104464,0.01454465854506407,0.022211416566254714,0.004985664989340003
0.027123579642092135,0.04598889544079402,0.05139190392001551,0.015980488518920043,0.05280823589765737,0.016348633250731794,0.032676968938202954,0.005357836531619777,0.0060818932564968625,0.0027775869984671747,0.0038054170080748196,0.003847737489507862,0.003921240857100007,0.04901067584857026,0.010638769592774157,0.1504412413823217,0.00186599382456888,0.0021238416388784146,0.0016641511681466906,0.0035385805255833875,0.0037139189521091585,0.0030270158403204266,0.0022589145637646278,0.019544458619949374,0.011948888517600226,0.029561801549573972,0.23514593145605514,0.003470511274904276,0.01634535664393419,0.013780047895620094,0.003055183277215176,0.008255090985819833,0.003122550638201232,0.015513629270541831,0.003507570680220207,0.00528631006202678,0.014733066452371487,0.002151318182809945,0.010606960678689499,0.0032766545438503588,0.0107138382625973,0.0013992460593586745,0.006482371577499756,0.004627965972513964,0.004146032052655594,0.0015888939440782239,0.007936024956283049,0.005368741038571714,0.0057854801383712484,0.0010824708667843811,0.0054905972817323985,8.894841627548099e-4,0.0059511289596054515,0.015949479079890843,0.02189550424747157,0.004993889583729377
0.026977602647688705,0.04424844052232671,0.050536075504560414,0.01591385517341967,0.05884371603712245,0.015775864037380963,0.03474130712880688,0.005951478588838146,0.006444497058338377,0.00282054655540499,0.003456575141725438,0.003744970623043712,0.0038420806369067226,0.048438268827180476,0.01173777316869921,0.14700896344584605,0.002087222620174842,0.0022174471681665497,0.0017078455236982139,0.003720266939402358,0.003239952889749731,0.0036361753761874603,0.0019254450349553284,0.019403303764503773,0.011773901145956733,0.0279456940432893,0.24407045869786081,0.003482824754679946,0.011639139305375404,0.012767269520260437,0.0025061056083805905,0.007842570776273308,0.004095461301925549,0.012674072740813573,0.003559134158399703,0.006318754967684231,0.012629893870763175,0.0017857671408698637,0.009531616267746179,0.003476044072344297,0.011354448537375125,0.0015503459289044938,0.0077048454199496125,0.005397343712064272,0.003907372562345609,0.0012455654717808094,0.00826030374637745,0.004973408710749184,0.005543263937210442,0.0011208006836419208,0.005925928838118445,0.0011676669698728794,0.005902258298847943,0.016396935714065593,0.020663127112201064,0.004368001569744919
0.026363116243805346,0.048377982753860675,0.0478230675870657,0.01696319983116802,0.05862596667298871,0.016318108415639018,0.03534829532790812,0.005328352996640979,0.006110823587921193,0.0026077391336046724,0.0038634567836395546,0.003927438420596013,0.003651933274028806,0.05008598077416172,0.013803270307684015,0.14695210104263393,0.0020653981153384983,0.0023548840469714005,0.0016244040771064912,0.003142757243195208,0.0036093901094164525,0.00366395878751913,0.00257605802450124,0.018387435960659403,0.010455021495398767,0.028949123311331232,0.23375169093883508,0.0031972187208559487,0.015480960867504407,0.013977142529996522,0.002846802435377838,0.008214244867098057,0.0031936610872962605,0.012467479243986227,0.0037151686034077526,0.005727504047302704,0.013368771206676313,0.0023971001968117857,0.009730465224450164,0.0037312388604950923,0.011482271390480678,0.0013441514471631687,0.0067065217760731806,0.004418242758383223,0.004187848137053993,0.0018113944995359762,0.008243740621400463,0.005544912643120938,0.005804482124990457,0.0011535878978897645,0.006163602401465627,0.001034556523435138,0.006167231686244693,0.014814081968635805,0.021995884829189728,0.0043487761400587115
0.025778545339606558,0.04360649260375144,0.054179884091173615,0.016276758826856242,0.05714098493695727,0.015364480483571991,0.03055433476419632,0.0052737892037497975,0.006599735086373589,0.0027579538488228944,0.003384510733724446,0.0040810043351080455,0.004100913095574806,0.0517746150312014,0.013040273233330683,0.14789147063702324,0.0018177911504108047,0.0024732717403388783,0.0018430627470730576,0.003723826916341772,0.0033573684234455537,0.003442331288377247,0.0023099611622437242,0.018400486836866483,0.012054530387776864,0.03263877771610801,0.23521011599783553,0.0035003253713968108,0.014938816696501971,0.01447519069227028,0.0029971166548883638,0.007421492774098768,0.003357150365021243,0.013202149248387552,0.0037028761397244737,0.0056002587719450846,0.015143421357644767,0.002429982687118004,0.007649276837124715,0.0031617944373839055,0.011189029836581965,0.0013892794360579276,0.006570917129037806,0.00493619481463174,0.0037921186495368285,0.0015864366059190676,0.008060239140724044,0.0050543534819236366,0.0056231925734421,9.489945788394195e-4,0.005361235221388168,0.0011945590826812642,0.005151494250624285,0.013666629996467365,0.024113185421519155,0.0047050171292790256
0.02660971444275013,0.05102702575792008,0.05300544211336391,0.017291667002556712,0.05771978441463985,0.015535920874471816,0.03335801284386402,0.0055316906136926615,0.006717246330864289,0.0026042123450812204,0.004017844609627301,0.004054323405072357,0.003907311592219058,0.055242170701501565,0.013139069277952631,0.16120777086071586,0.0017864404801806123,0.0027314456258975455,0.0019488909514416512,0.0034567253207176533,0.0039816351291249935,0.0037162221759201434,0.002679296818676322,0.021816986620144526,0.010720962584440974,0.02995432078032927,0.20109151849949652,0.003847385388715716,0.01527371917030677,0.013560065664027211,0.003273612264839196,0.007682238834658878,0.003393654034355841,0.01390968118484678,0.0032258519929128774,0.005470927684293106,0.013006614779408194,0.0018897338030697708,0.009277041573573655,0.003672821005157225,0.011308203626861316,0.0012971613755117857,0.006773418755824825,0.005248216330776226,0.0037546868038018134,0.0013765609922984491,0.009860745506590576,0.005203422775553106,0.005170668488762424,0.001091293009043733,0.0059000276467967875,0.0011251396567947402,0.006293177768646806,0.017210945259669496,0.021227865113396843,0.00482146733684222
0.028140957277370742,0.044940165709872824,0.05624337595819243,0.01694775173820175,0.05279770021990722,0.01526464514928633,0.033911993613685104,0.005893464015248711,0.006872845635865624,0.003153546314240311,0.0037103453776330462,0.00382948839840909,0.00397848468087838,0.055725396720690566,0.012335117887786568,0.1522142730538134,0.0022028779309521958,0.0029954482173330274,0.0019212265229676259,0.0033153405897104623,0.003856380950251923,0.0032676102791799376,0.0026741434291328177,0.019147224439220182,0.011767305771926738,0.02911243146733176,0.21718077608035263,0.003865971023527516,0.014524244247181432,0.013395674158150678,0.0029560620633420466,0.008113171254869565,0.003405780195037301,0.013675739503537341,0.004428896535379533,0.004776839735722896,0.013642833614554489,0.0023611375939254883,0.010154432564278646,0.00351573106121925,0.012000122383759696,0.0013189911576532347,0.005876253450461613,0.004945310472226211,0.00412490246797544,0.001723285600882538,0.009504108303800456,0.0051335271253659595,0.005071848454916605,0.0011201803309704515,0.005452688407829612,0.0013130535940963687,0.005991748982657424,0.015728808609880837,0.023321558797848505,0.0051567808795075065
0.02590367146427319,0.04919121263447833,0.055357919746620785,0.01714864779692775,0.053987156407157975,0.015264558967305334,0.033400477432406796,0.005669392628129114,0.005928610675895912,0.002906497776213369,0.0035716940903178147,0.0038034072091603474,0.003911617966453946,0.04908741599975417,0.014336967064777929,0.15061492898307646,0.0018614124110426249,0.002373718424497557,0.0015206543385919266,0.003195854175545353,0.0034774728184139804,0.0034903962904928227,0.002231716990335031,0.01923094371207821,0.011426004407035279,0.027115542537982346,0.22953615842795255,0.003187008584464991,0.015708030664121346,0.013977934263531345,0.0029001489114777205,0.008146106534561881,0.0037533473982018675,0.011994898650268112,0.00381452112618617,0.005596305807148399,0.013450711304473336,0.0019328398522875882,0.01027970869179401,0.0035889503289944264,0.011285350831907738,0.001008848383886381,0.006166954595337465,0.00442951238270301,0.0035427973412815277,0.0011378234735462032,0.00940335479356237,0.004978093803649634,0.005136171937145716,0.001217430394839909,0.006275374226906922,0.00103958784250583,0.005989386903861253,0.015900633445570054,0.023993389939785493,0.004620726209082363
0.024433995613357726,0.04318155927084405,0.05016433311543782,0.01656562771625613,0.05550828514126192,0.01595065609419181,0.033384016309385714,0.005838522651076903,0.006689198999714245,0.0029418689394139757,0.0036235653323148658,0.00403119965499204,0.003902620859701234,0.04908320255131409,0.011564796561312077,0.1615166229531612,0.0019634921460009044,0.0027961652816857656,0.0017021462042601677,0.0032316027531244323,0.004129005156278253,0.0035131805999525163,0.002656040994186411,0.019670509229301473,0.012525074337374702,0.030727046112281192,0.2222432583740753,0.0032243362655097222,0.01352803037968777,0.016259904329181046,0.002838662551532687,0.00807214936852658,0.004044877765854168,0.015563048317552544,0.0033612384144731692,0.006295794090314399,0.013030120122351203,0.0017067073520817821,0.008654715679630472,0.004026732165290245,0.01128162881273279,0.0012858718066812154,0.0064681492692157784,0.0041436789037927035,0.0041876435794208815,0.0012369502229411852,0.008857415548107444,0.005314741544844307,0.005381384585217634,9.309492839753017e-4,0.005241858803161656,0.0011043794447234709,0.005832852753652223,0.015989233663073605,0.023838223404963346,0.00476112861925381
0.027216692785483845,0.04418712038067385,0.05757628169206716,0.01637102676919509,0.06380744060263445,0.015872088784404003,0.03269996802675348,0.005502185071908148,0.006740045042028492,0.002953175472173057,0.003842809289455175,0.004157550409471407,0.003991740140089382,0.04536368880916443,0.014060247554348902,0.16414513877494474,0.0022515165300380966,0.002614788231878376,0.0017554023451024344,0.003498888471432826,0.0033095045013355334,0.0035075832352218154,0.002345876084927694,0.020992476050554626,0.010866060138604743,0.025894537677339555,0.21077123676932358,0.003019279563184213,0.013181349462125262,0.012943915225077493,0.0030821669668495725,0.00725899010506188,0.003900972351463043,0.014516393203068611,0.003632164595968081,0.004713623375286107,0.01246208221339921,0.0020974290444907106,0.008888367212392927,0.0033466721165398556,0.013158114200802894,0.0016674039211953325,0.007492511732197003,0.004385552993842211,0.0038812381418234254,0.0013044488653794703,0.008730141207625202,0.004660430287530454,0.005982528598595306,9.88441209736828e-4,0.005653279889131048,0.0012442247586031499,0.0052480216710438605,0.01621829611599736,0.0248833276348374,0.005163563696197161
0.026819475454184567,0.04499819560799825,0.05559970989493223,0.015581024037518036,0.055717094774954866,0.01685336261505712,0.03360621017095415,0.005839488649427405,0.006710578085986875,0.0030697968209783917,0.00378436186320583,0.004211847585449724,0.004309605635683614,0.0492860359503234,0.012332799133862208,0.15103183679850585,0.0019185872955347536,0.0025632078369380376,0.0017750619977201598,0.0037038961353924684,0.0034548845457958765,0.0032672163240797833,0.002685105528051762,0.019273799346864157,0.012796002270996913,0.028212636934375684,0.22136400483050078,0.003749059519949948,0.01604486451399779,0.013033387267616466,0.0030842992019719994,0.008409693881425255,0.004277179289451198,0.013999476942758443,0.00376493678498937,0.005386361104891784,0.014919315847928287,0.0019594722017096085,0.008128464296540329,0.0032481303553891887,0.012607823394837913,0.001585687774401147,0.006577873633615118,0.004443528678101658,0.004109353175567338,0.0012739616423618609,0.010046792397998815,0.005079486181338282,0.005844187462774528,0.0010240280004385675,0.0052088330307728265,0.001121157768974007,0.006189361169643525,0.01750395862362845,0.021946882269165684,0.004666617462487732
0.027492470042653486,0.04488765530484678,0.05095488579647723,0.016874741266299117,0.05552381122603519,0.01607257838050606,0.031858796283660736,0.00550231743810185,0.0061631037096467845,0.0029509710806778044,0.0033225952854351692,0.0045187185734928605,0.0033967241358140855,0.05191600079676701,0.012124325409994753,0.17346310046425598,0.0021368699989071454,0.0029254477677213894,0.001343204721977372,0.003346031913493586,0.0035572308474811024,0.0034758677374247923,0.0024956275333138846,0.02038713334853707,0.011088865678325292,0.030809417927720562,0.19911066755487558,0.003959038589454069,0.01544217820410528,0.01448814864448007,0.0027944003025955366,0.00850455348045431,0.003144058615178934,0.01800976084301009,0.003809917255625271,0.0066101609777473825,0.014357248072317528,0.001968604851034139,0.00916883567680277,0.003423589941098799,0.01281794275777483,0.0016385908540371627,0.00678147716663574,0.005100924335978476,0.0041666674243855594,0.0015520390659427379,0.00963591593935686,0.005822841453552658,0.0057422365578900314,0.0011034381063587863,0.00559133112616045,0.0010087110901392555,0.006174424623110551,0.015332720502716942,0.01975108157860552,0.004400001739007628
0.02619179179588968,0.045190104149489,0.048625643102723715,0.015917269368318596,0.055594504819713196,0.015391889106978123,0.034477724385932065,0.005774191975253925,0.006448373797378371,0.002894680816419591,0.003505359241711103,0.003799312561285496,0.00411635694321346,0.05162234519537283,0.015752915661309753,0.14147682595039887,0.002176526290099005,0.0028260955570735247,0.0018092606943028256,0.0031702261386742136,0.0033300752739881287,0.0031409111692880538,0.002528806607279371,0.019425553495277338,0.010390962849370803,0.028136961916482225,0.23807720099628835,0.003679005715083083,0.01378507948195132,0.011082342782339686,0.003169846753142118,0.008126958281905565,0.0037166569244155164,0.014712936967735148,0.0034354265807010863,0.005715167237083413,0.013989798560025883,0.0019518869537845055,0.010637965362552711,0.004123645030272745,0.010520046832294414,0.0013758943960414782,0.00787003346945751,0.004239227879462222,0.004295654554964585,0.0012890141681445855,0.009811443704246166,0.005351457469137065,0.005768077633883418,8.18517994539529e-4,0.005814310013568524,0.001193579665207183,0.005739639197841758,0.01657733073471472,0.024649654158929883,0.004767531637062518
0.02684096293298045,0.0455187475719861,0.0532842094868494,0.016535619317280724,0.05721663568223457,0.016384843002927908,0.03187136346031635,0.00546719759004674,0.005894904223473581,0.00309422821589391,0.0035742158425865434,0.004243336726332363,0.003978895062761218,0.051087150952021446,0.015258208308898282,0.1530707350751237,0.0020911629652983045,0.0028983719773683445,0.0021001458581389847,0.003651251902863722,0.0036982828376437914,0.003711590329259743,0.002329879931368827,0.021680094672095942,0.012027291940851911,0.029294674531882316,0.21267504018715078,0.003901688772414935,0.01630920013742275,0.013982952877094388,0.0033025178063939395,0.008513536044796446,0.0048441124725856315,0.013615966203565468,0.0035387670086454797,0.005237970479185364,0.017011943409128868,0.0021678742446102958,0.008115944219592212,0.003416089156180608,0.011630842510571148,0.0013009960449041108,0.006861179322065376,0.004770047056446174,0.0038061890167116062,0.0015155600274874392,0.008713303608240306,0.005432660605768087,0.0053759778002270145,0.001215548578838774,0.005674171108270159,0.001098368326142947,0.0054482812222037234,0.016525906240825193,0.023155692631520702,0.004037672482524934
0.02697353794184086,0.047094312646429944,0.059217640358046345,0.015935574688246735,0.0548662491907481,0.01723000796825892,0.03333045529272113,0.0055192589407751045,0.006495098517068468,0.0030497597809723063,0.0037984218152535398,0.004063984924210574,0.0038168260163844512,0.05358554719142289,0.012940634740299588,0.14998072487910694,0.002272684848867707,0.002680609810986359,0.0015236665398802203,0.003410845572209922,0.003987500891889301,0.0036202574166459664,0.0029528202650578243,0.016856599792856627,0.011139092126028134,0.029015710095310312,0.2216098828049039,0.0035019474446067855,0.01124387546652865,0.014911393922306105,0.0031647186954584685,0.008913647167282357,0.0030973796297062085,0.016596534553264774,0.003941570963834941,0.005539378882606033,0.014210304344458774,0.001924813243515222,0.00964716950739528,0.003478165664345371,0.011397927676445069,0.0010014403489449538,0.006901893442608907,0.004276718222074216,0.0038979182376555417,0.001224213748686495,0.009897496822685675,0.004774822986764131,0.005497027008625499,8.997615228862955e-4,0.005743610251076955,0.001190472420218374,0.005767313319748484,0.017689575967152513,0.018352393094710994,0.004348810387984781
0.026547974966798785,0.0481707018279279,0.053284072806812015,0.015286110325654583,0.05678344351422491,0.01635403697730851,0.03240394047815354,0.005622702774627547,0.006367006175761915,0.0026738804005465334,0.0036280361708293843,0.0033619230269855186,0.0039282009471971625,0.048168922561620836,0.011416291649635337,0.14054453998204378,0.0018760290504982572,0.002860680019243342,0.0016994182594776935,0.0032874639510231934,0.0035682144670053733,0.003796421443875956,0.001713983407475126,0.02151043996761535,0.012111119086456774,0.03072755090957474,0.23722788096362446,0.003623148979509027,0.012782013755411256,0.013412550016075839,0.0030755159399727485,0.00831731564779226,0.0037820409668269765,0.01661914568170064,0.0033924675135501895,0.004972098040017343,0.0122313853031158,0.0018817473550720315,0.010072066446573484,0.0030370177139279375,0.009427799678919628,0.0015838003430678961,0.006818102469578597,0.004249733089669729,0.004316026921030851,0.001408550836534669,0.009871575944932067,0.004764421171466779,0.006566189624712434,9.502613624838876e-4,0.0057289109201302865,0.001100357333210385,0.00554861493111661,0.01675442932102731,0.023668366404159178,0.005123360176415629
0.024541334287216814,0.04651452065496904,0.050953522211704023,0.017731486577202388,0.058069202324397065,0.01579758112251048,0.03377918863961668,0.005451835522390155,0.00621984224512545,0.0029481940425376005,0.003652177180283183,0.0037565947857712547,0.00425661795638584,0.04883627019524107,0.012044203986477103,0.15153324683134153,0.0020906948884885064,0.0022968092030459407,0.0016929865210129618,0.0038092699278881766,0.003561079036104508,0.003282280123183771,0.0027878289567560576,0.01884623500674609,0.011042348967691974,0.030206407424744137,0.22395639403379206,0.003575296773849954,0.014436795510926073,0.014425491100892961,0.0025531924803765425,0.008482504122693585,0.003961785331614019,0.011108892032704761,0.0035794954050267975,0.00554898063281622,0.015032707559713946,0.0016706414379405888,0.009906024775908863,0.0033371622966768635,0.011539564859461428,0.0016421469685032205,0.006346181975749056,0.003949187989682334,0.00391167429214874,0.0015293884379658036,0.008869269943874067,0.004764915253745979,0.00613454172428734,0.001206726073423795,0.006258023003986155,0.0012226200274109622,0.0059177356070361144,0.017339922326218317,0.027337360013596147,0.00475361938914547
0.026994811619338956,0.045763706871062015,0.054458668569748715,0.016343875988291248,0.05703161018766743,0.01590450203595827,0.032545854732394616,0.006047457230706333,0.006407107355659319,0.0031158456796354962,0.0034909779913662614,0.003982345618222554,0.0033830726479722774,0.05345712019763852,0.013819080847092793,0.1707474060422831,0.0021725440508701234,0.0026358374909646585,0.0016110429593387417,0.0035268254663539393,0.00382695481311952,0.003468598901120988,0.0028018360749847006,0.015587500193112164,0.010495082601335812,0.030251701385263906,0.2074759224723924,0.0034904979280686826,0.016187086680456868,0.013781117330391474,0.003411125104597126,0.007992670318942742,0.003914621064591351,0.012176299717321122,0.003407474359094482,0.005776832844496874,0.013989509177403386,0.0016348885704949004,0.009479582801449381,0.003539536021258786,0.010666424330520652,0.0012629218257917284,0.006467577779112609,0.00519556234829609,0.0037849975707880228,0.0015504025070026642,0.008767904594227946,0.004935472293561809,0.005799923795025808,9.588390082494753e-4,0.005697358987961178,0.0010795068818656676,0.006128076602947943,0.014112552091511386,0.02277536378043485,0.004688583660240144
0.025816437134547118,0.044872569481357656,0.05368189581312048,0.014946611283805363,0.05883419297259147,0.015272139864571472,0.03364451295263405,0.005314661667444342,0.006443594657210451,0.00253367236711183,0.004070992415635044,0.004027875236645091,0.003834487315710635,0.04990178253262537,0.014128791572346245,0.14806798222086995,0.002205285395942152,0.002827403242666392,0.0018918716210422166,0.003704598934541179,0.003479380137286493,0.0036878144491341806,0.0027756015831981195,0.018236632225852437,0.011343427935333269,0.030209164216031054,0.23035396457831545,0.0037121955669866882,0.0154471505075723,0.013904529580683792,0.002911168205706452,0.008073803399092036,0.0034510932693346684,0.014392038479814908,0.004030752290011343,0.0054661076192816915,0.013783216218271329,0.0023960770506378545,0.01005739209117087,0.003304279352875517,0.011609007420857704,0.0018612511651092299,0.007449153039059336,0.004085461708879007,0.003724346996376645,0.0016070532373011518,0.006706124739422477,0.004604405963255065,0.005199258506463416,0.0012366911451451251,0.005546116237082953,0.0010606547323269424,0.006275386194840428,0.015411094879972803,0.02185174081704254,0.004735105777856197
0.02590728504393218,0.04898640397560343,0.049580391305309085,0.015597018497935619,0.05557590417765882,0.016110346896349832,0.03263943205512295,0.005582131330762458,0.006271299017548459,0.0029255686811771185,0.003949283761580069,0.0036374616577002704,0.0038048688726325893,0.05049316870125991,0.01339373593065783,0.16015309828927868,0.001910620454267914,0.0025611369325055935,0.0019428453774458314,0.00323149284512203,0.0035635181467712834,0.0034563967307010557,0.002251466244458542,0.0175546068506424,0.01097254460675111,0.03060190933826269,0.2278655502327075,0.0037920940182761416,0.015024098074158844,0.012695146837280923,0.002654283999994252,0.00798198191529613,0.0036166945219261253,0.013396345672568694,0.0032895827703800923,0.004969716929884641,0.012067601799532231,0.0021075628796424725,0.010765773000965083,0.0032748044887584045,0.011457654891488697,0.0010982705682473554,0.006433406335080913,0.00461148318184262,0.004278459267896193,0.0015292192156757132,0.008996957297298368,0.005153183073082709,0.0053956089107799745,0.0012962658554265438,0.006321551036023282,0.0012173367486688158,0.005766729134487148,0.014284241776311995,0.021462302899537353,0.004542156945343022
0.027069818296561243,0.04503484879034977,0.056736089058750445,0.017001805592509033,0.057057941798786066,0.015276571918430215,0.03359853887590464,0.005282256103950802,0.006703446171465333,0.0026993274540536324,0.0036664751647487626,0.0038968531548557524,0.00387126928535809,0.05206855866647517,0.013564734444583497,0.163157508878331,0.0017171684502375803,0.002617709863015573,0.0017904987182192468,0.003273576629520798,0.0031843701829351095,0.003531416834057385,0.002398613707924602,0.0175866165916958,0.012702482107630577,0.02682095347453825,0.2134712922351835,0.0034055300268042723,0.013056574005364863,0.013787299283491468,0.0028787975041674064,0.0094746028380681,0.0030096025776355467,0.013353199250773563,0.003746119436835096,0.007054179274372809,0.014147368241494773,0.0017452317630029738,0.00956634669838308,0.003544788649270389,0.012002161495649023,0.001550935433772556,0.0073414603007029,0.004859042877771346,0.003946085198263974,0.0014984819260609448,0.009809165330610225,0.0048176247096416306,0.006357784472032184,0.001012083597212388,0.005603111441121618,0.0011833163704553485,0.006138462438643942,0.014949838678141682,0.02008696774762551,0.004293095982558534
0.027577297583204992,0.050639979038370295,0.048437555319710945,0.016136693164698047,0.05329353952212545,0.01591027102371027,0.032911021002112226,0.005870606092103503,0.005869671859194512,0.002862741555614684,0.003682112931488558,0.0035604239095048847,0.004447251987250069,0.04907679013005662,0.010867129677096892,0.14909036645972618,0.002143995790105489,0.0022404997839292483,0.0021845164161917088,0.003849138925423304,0.003586883861822448,0.003581121118310923,0.002804438630285892,0.01605634024268791,0.012188190602601527,0.0280954592677143,0.24166020795185406,0.00379453838842415,0.013567492958716641,0.011946542454105223,0.0029299877967106755,0.007822230636594306,0.003957762961908853,0.016102573162813417,0.003924222295976681,0.005690423563493909,0.014185948739476211,0.0014023168687444642,0.011655648430664958,0.0033525733913743554,0.011313874987134853,0.0017843583551799339,0.007083190886995091,0.004635861150458512,0.003919677551671061,0.0010336036250014854,0.008042424636447023,0.005170777585309616,0.005488826648589942,0.0011698935713495805,0.004903855800048608,0.0010074639776885444,0.00590245186038143,0.014606924403574185,0.020566253288987226,0.00441405617528408
0.02580051560614155,0.04422610243580655,0.05044147724363662,0.016870923205945722,0.05012369521963285,0.015334263583152844,0.03533002938772508,0.005308602336462533,0.005985015278884963,0.002597316364094035,0.003934485219969198,0.00408047168395124,0.003815139944737105,0.04794417274831194,0.014345791984189822,0.1564679982985159,0.0017953362487864854,0.0025978579881151135,0.0017177755418520168,0.0033382503382419267,0.0037099652261956655,0.00335865955641348,0.002913054760689613,0.01973263749413474,0.01267989336446126,0.033645996612503545,0.22686298162101623,0.0032674934126053256,0.014651666769162429,0.012032518569416206,0.0026404751538539497,0.007786988148654103,0.0032051946718574757,0.013773259323947108,0.004225537326417508,0.006059577494837354,0.015108536271826492,0.0026216087787814873,0.008626401855336958,0.003593021978950332,0.011021948328443453,0.0016407914790319673,0.006747343332724021,0.0046787502741384235,0.004144209640877991,0.0016237076418825743,0.007769113350308259,0.005280585093582181,0.005810591587137359,9.565396354074653e-4,0.005453166989506106,0.0011171732481043127,0.0050289043874312935,0.01514570449026406,0.0260589185087161,0.004971862963229671
0.023377950494592237,0.04795978723936089,0.05421509108815729,0.015123684700364423,0.05679276689826303,0.015988551106821475,0.03413739269235412,0.005936015587442457,0.00624615725271719,0.002653701425341088,0.0036454950675026652,0.004014490930666369,0.003756297578822589,0.0484998587602635,0.013612541419299188,0.1629879490688663,0.0018250829128965197,0.0025153473279271193,0.001812679991027967,0.0034651374905483702,0.0037052221534462715,0.0033414979491949623,0.0020962944079108785,0.017177056955651755,0.012174673162935825,0.026684362257480568,0.2187998834564823,0.003996688645575734,0.012705144065310835,0.013911684969059047,0.00307670366879498,0.008198532904068676,0.004493729023245389,0.012973812166685215,0.003842982906547868,0.005743208797400212,0.014751440140030846,0.002182959138525861,0.011186570343278834,0.003196184984185382,0.011075839722750173,0.0012597455307053738,0.006995854268194508,0.005027665517085273,0.003423882644590176,0.001997810327859514,0.007464723406199936,0.005269713092242884,0.006336450007618051,0.0010452108252066454,0.0051761643375442005,0.0010492182874519275,0.005431598905122394,0.017639755096925135,0.023283884017425704,0.0047178728840318995
0.027737177590800115,0.04452723636149259,0.04847782847552792,0.01586793377534225,0.0560829398395398,0.015689207395728235,0.03351004403317661,0.005414649610496659,0.006274835309961577,0.0028767056004571127,0.003699380906961449,0.0036217461757153185,0.00405327084380127,0.04709558683775029,0.01341375623184144,0.15257186910417952,0.0019199033436411335,0.0026248594724047965,0.0020755161622018807,0.003359671068431962,0.003633594020968876,0.0032884084604286206,0.0028165470893954407,0.016233245306989136,0.011587526970339062,0.03303884583881237,0.2311941007758162,0.003281243665501313,0.015428764976284209,0.013713376079988546,0.0029967906503633912,0.007836092944481234,0.004515176043244125,0.011838812103168525,0.0036867812158799303,0.005717936952389856,0.012789961992624882,0.002025889938465274,0.010449276905170413,0.003545033148417365,0.011162339192394418,0.0013773432550622509,0.006593824817363742,0.004512719894660875,0.004129527576209556,0.0015487772676446674,0.008354034809558313,0.005922374248971425,0.0052498612251427705,0.0010079065923060359,0.005959938876013015,0.0011902809580185425,0.005778543564047124,0.01710936930727399,0.024998560551980555,0.004593074645171994
0.025514366965249245,0.04943225315506034,0.052282988497763944,0.015940783526893203,0.055972856606830365,0.01425460114666773,0.03590851514455968,0.0050269032948327625,0.006185010618799683,0.0027712566901308255,0.00349815455086327,0.003827597663015745,0.0037444126078574123,0.0515130474408718,0.011853677892649237,0.16542423282120175,0.0021391663095963083,0.0020969543885192006,0.0016820299096399925,0.003525618099044975,0.0032166721884450515,0.0031590610986661485,0.0033054961945493066,0.019544255859286052,0.010591715382743528,0.03063847227271151,0.21584867986644793,0.0034612638850628928,0.012140622145744316,0.012894566181413717,0.002717804102158334,0.007463736198227572,0.0036040470261328216,0.013864749530527926,0.00369028474475826,0.00585536769367866,0.013577825964209008,0.0022067711421198833,0.008650453954342585,0.003624584436068703,0.011881506440285693,0.0019807540851362955,0.007151054890226033,0.004228472274808631,0.004539770530099645,0.001692168679879635,0.009748824875132898,0.00493441599429348,0.004811647876119379,0.00105507398076032,0.005788275634796029,0.001008309055127229,0.005767879643467831,0.015842071123226432,0.022443951977168912,0.0044749657421299235
0.026405006192707664,0.04623751978975599,0.054128200604436655,0.01574141261606083,0.05567640158733645,0.016155000527047658,0.03330215731222702,0.006042103488307946,0.006511597746521657,0.003022400833309533,0.0038904716918752046,0.0035466469168147848,0.004096145579648135,0.047100890917102733,0.013729806479909432,0.15251380452846258,0.0019205593366333439,0.002460138475356252,0.0018206035104781845,0.003571373684234546,0.003313430116437343,0.003289873674239854,0.0030321101433095545,0.01964658177875744,0.011431883504475705,0.028842338035014764,0.2321112746954294,0.0034732727696389566,0.015086877939569828,0.013554658646869269,0.002871227811294725,0.006645041597682494,0.0036216818535011633,0.013048193794307338,0.0041148575873755314,0.005643970279869041,0.014192158973433726,0.0021636453316384494,0.00909082232895809,0.0035620341360191867,0.011448268478184323,0.001866285813141756,0.007484500319887221,0.004173553357724548,0.00366541496897735,0.0014516988588103299,0.008833767543570155,0.005065252275095401,0.005653979983049344,0.0010031226220825365,0.005399324929204373,0.0012227680324439884,0.0060466743183705185,0.014754818252553566,0.02077932462855378,0.004543068802302358
0.025781821770510253,0.04677935846939788,0.05188154747002452,0.015295744610224449,0.05208013698529213,0.015524979772211291,0.03414525296302092,0.005633385488919246,0.006148047970065137,0.0025153114522726825,0.003091330292783638,0.004140660877059355,0.004071226132457955,0.045886457358555226,0.01666797487324362,0.1689726372033556,0.002152153213776697,0.0024701736020827855,0.0019469550789415978,0.003186926927163638,0.003827662266420866,0.003436613959905633,0.0028564387742039663,0.020054451462901267,0.012968139742058616,0.030426285539552077,0.22009031332837264,0.002950828290430468,0.012805888988972773,0.015694542351481013,0.0031218641112357756,0.008865430460470683,0.0037796658182097697,0.014246317268440582,0.0035418398281300456,0.00564125263903697,0.013639188074590242,0.0024930352986373815,0.009562669247204494,0.0029944345882430084,0.011848426560030942,0.001360345297672087,0.006888216271050458,0.0041993265158168005,0.0041968461029292265,0.0013233795471644621,0.008105290587247545,0.004931979463492041,0.005528746422515254,9.384409304356735e-4,0.00568602083368095,0.0011232001314867071,0.005699213883769678,0.01432928362746754,0.017846557870040303,0.00462578140534341
0.025873843243197834,0.04351051107207138,0.054852308739733575,0.016284951951375585,0.05559650801816518,0.015093822032921245,0.03501546645853222,0.005427166998325593,0.005895384939000366,0.0026600413411125047,0.0033719033527443757,0.0037271633280018027,0.00352344624292118,0.04894238740549341,0.01265301496973069,0.1598254472654353,0.0020812855837852645,0.002522468138078556,0.0018077580818967277,0.003676425668765522,0.003476410437463675,0.0031003306006989924,0.0024590224528425624,0.01961117995331535,0.013015896616593121,0.03378662033072672,0.2174133645830085,0.0033929482916365996,0.012794320885523854,0.01397830946090197,0.003034852804149805,0.010028655511136384,0.0030400984687919794,0.013878735626060443,0.0034855551339631474,0.005345130776026496,0.016318718216679195,0.0020379886814542586,0.009823241835927294,0.0029698864492862594,0.011708025747764837,0.0014284339264292428,0.006193250007921921,0.004643424661472103,0.0037199197618437495,0.0011056714584814539,0.008238005705434887,0.0056609913896571475,0.005442352589673339,0.0011509752208108876,0.005433497352868957,0.001018490580005054,0.005495696032521259,0.013679838562606286,0.024994849627623682,0.004754005427410214
0.02654136968784442,0.04544762663915242,0.05580454088248511,0.01602135053577876,0.05908850134023946,0.015987558202015757,0.031073379468253833,0.005552388141108007,0.006601974765317356,0.0028968116408673813,0.0036717567928138033,0.003839014421090574,0.0036080927088126395,0.05130352808640485,0.013649278422323772,0.15646083273046307,0.0019275024266127638,0.0030687824563694504,0.0017429226283663844,0.0034272029307784203,0.0036221558305368135,0.003223399017746173,0.0022005206194237272,0.018587128557732657,0.011758413456112313,0.03392306136693576,0.2220178451624161,0.003270456623403347,0.016766280046227846,0.011345696463238766,0.0026092378968982357,0.007264287140954846,0.003705833413424242,0.012337330174631237,0.0033251111227763793,0.0065932376781270485,0.012772351713723882,0.002343249207512318,0.009380623156284526,0.0036325903520059637,0.012362433478934228,0.001013175902100137,0.006399710000848815,0.004140781208874334,0.0037919778059115287,0.0017529282220442868,0.009249355702190085,0.005306272879123313,0.0065134436661826505,9.838374622472593e-4,0.00578770782650907,0.0013141999063523153,0.005790487048816465,0.014275915092193593,0.018316502254716843,0.004608047635744674
0.02623254067856643,0.04476727336687519,0.055972584401880375,0.016112999765727925,0.056012801654835014,0.015215920569464804,0.031168304780698017,0.005769843676445693,0.005772675894629841,0.0026783376109840292,0.00354900417156173,0.0038170604257081286,0.003926274843158087,0.049942940390185465,0.011998231552499836,0.15673284996840664,0.0020834757818508354,0.0023475940189669753,0.0017710240799619686,0.00350602950965587,0.004045354294673449,0.003541174936650789,0.0020940600254686723,0.018633957649907922,0.010737681349070976,0.029998077335112873,0.23218379191073388,0.0034371279312207987,0.01371636829988807,0.014113986320703677,0.003668442636911864,0.008156534760760871,0.004045890133046537,0.011827383630710913,0.0036135713295351165,0.006053279097013587,0.014204758331610515,0.001906629395470207,0.009456039542503026,0.003486278136049099,0.011730216056763366,0.0017532104301993174,0.00611437888214949,0.004497734939255929,0.004302499425681375,0.0016337347224207506,0.009159208940225884,0.005074947062621803,0.005755932477303192,0.0010457441503256154,0.004971743200667051,0.0010390454638615615,0.005359637383498619,0.016374045833282527,0.017964820072900886,0.004924946769736961
0.024904833212384424,0.04492876132856031,0.05432579559123219,0.01663041102752339,0.05886018243674613,0.015650695262690698,0.035054981078257476,0.0055148410805945115,0.0058823137882949295,0.0027373916532933743,0.003316029728454555,0.003762359761783478,0.003799065491061243,0.04981226063449541,0.012929229286275842,0.1475952363498001,0.0019839128625699573,0.0024239571256507563,0.0017761500139622634,0.003774593761176005,0.0035955470060631536,0.0036601221928229235,0.002618874162788805,0.022242451717648788,0.011517160620746958,0.030095437613947826,0.22900992814164337,0.004251147569144163,0.012627838172951359,0.01410807796365147,0.0025864601570656956,0.007956841057239632,0.004152787503126432,0.012718382726248853,0.0036755099740615705,0.004545868228417438,0.015386022237632862,0.001964550749636325,0.009633585483472097,0.0029663558137220164,0.01140570698601242,0.0017005931487795406,0.006690813928242683,0.004431279083869414,0.0037403589104677924,0.0012016905073640438,0.008063764833813597,0.0050558463340724695,0.0054884583160879075,0.0012101999814249657,0.005285578550307265,0.001112885751842044,0.005535433109183334,0.016315052324163592,0.023132895594913456,0.004653492072616684
0.02479458136275235,0.046012664021245514,0.05382702046136098,0.01747953666456645,0.05206240773661266,0.015420930990656459,0.03149831626010371,0.005037713348734056,0.006288791634809426,0.0029747142096829514,0.0034858072865249267,0.0036631321099932757,0.004165757490309501,0.05028900501718844,0.012915110837910526,0.14921630402032648,0.0022049914418276278,0.002513212317136484,0.0017745667014264018,0.0033903643055109797,0.003623350665541652,0.003386181360249248,0.002235825336869705,0.01935315068720664,0.010277023754055451,0.030803637050058844,0.24301543998016634,0.003615953399859915,0.014599914213505906,0.010973859463801748,0.0027998913570034894,0.008521180448154232,0.0030165762669542113,0.013990932099011108,0.0033176856755953877,0.005185894867161864,0.012879692439850503,0.002306628238326726,0.009539467048273461,0.0033008854417012467,0.012147928756106968,0.0011098643580707526,0.0069824912282733485,0.0048319369767902045,0.0039461170870157556,0.0014429803794517488,0.009383620153813025,0.005197125051825285,0.005113267272102535,0.0011069052330840313,0.005944678166342529,0.0012288297564960857,0.005620832674876013,0.014795849409587225,0.021265795816449634,0.004123679667688024
0.026454848444459687,0.04566331366428385,0.05850394653016526,0.015861769722978546,0.05477802404281922,0.014564826030219196,0.031738178178339266,0.005348643540174322,0.0063825365683665165,0.002836644929171289,0.0037095121991496676,0.0038087848972878213,0.004447373476733337,0.05599929747847685,0.01361765788244178,0.1540319012154804,0.002294131856521189,0.002458389201918456,0.0016831943710721954,0.0033853438104350883,0.0033948140144048605,0.0036001618327688974,0.002814954045983159,0.021871601368262994,0.011228817939516359,0.027336532139244207,0.22147016503309294,0.003484799631049998,0.015184930148817192,0.014018759376671895,0.002704599133390645,0.008595679703147521,0.003694500289792409,0.015525699707762516,0.003605537664165557,0.005335124279130869,0.013098805696270383,0.0021797315686922112,0.008395779924916875,0.003392381791199757,0.012148640016206795,0.0016088582066526586,0.006455831713280605,0.004614994598657348,0.004120048079152267,0.0017015625598715942,0.009127017601851984,0.005205524750283021,0.0051098698767458595,0.001074077619244108,0.004832755011230729,0.001167733020109827,0.0053144841673710835,0.014071967104555811,0.020195516744626343,0.004749425601384777
0.025523382573188102,0.04722417755284988,0.05624831579541421,0.015613916153091136,0.05468427582176783,0.015843249180474805,0.03087139519630242,0.005162230179759983,0.006323396503695766,0.003130015861732468,0.0036664354823091956,0.0038646192731707,0.0038784967110979066,0.05287325907830414,0.012650573563896756,0.16118929897720996,0.002126553057694364,0.002727335483021318,0.0019116654229620119,0.003520634476487348,0.0036683350961128494,0.0034291829815607275,0.0027305927000535425,0.02229278316250417,0.010820302586985627,0.03286307300568997,0.21351803396561103,0.003491347552403498,0.012718991781826451,0.013325408178372739,0.002558166877551313,0.008675476602084144,0.0047667858641599415,0.01360561057269323,0.003612254148418955,0.004670266985918725,0.014913078678152432,0.0025521869140491473,0.009291695659905586,0.002943528364260717,0.01037587357210685,0.0016625955163623622,0.006068381390549957,0.004188841781903753,0.0040600286559383655,0.0018108090142787644,0.008258182028018077,0.0051439380422009405,0.0056895038180004584,9.61427144350956e-4,0.005523729702066164,0.0012072149634949467,0.005186486538791627,0.01520591519854311,0.024660335417098413,0.0045164091935501445
0.025959104020629592,0.04635811869041802,0.04843204192109365,0.01636418006420735,0.05278039341814296,0.014992820182146977,0.03368457380840343,0.00541733998212848,0.00607816334039021,0.002988568019445827,0.003965316454168485,0.00399126940739855,0.004198279726586861,0.05214380610216748,0.011804414471653838,0.1635571835094963,0.001987237632180991,0.0024564586877307984,0.002031147683103431,0.0039933402576626505,0.003970877334435116,0.0031915890489542793,0.002085678130190175,0.01908756185563939,0.011507472477227259,0.02874328215412266,0.227238882771292,0.003619886462692324,0.014926206965239474,0.010894056707002652,0.0028272521320755533,0.008422289472547148,0.0035860544983514634,0.01397676842748951,0.0033362967405831654,0.005704453772124221,0.014515953305870131,0.0016999855213781384,0.009985137251708446,0.003424105785890656,0.01133437080117506,0.0012962824767965096,0.006836683495519381,0.004398718514854999,0.004323415786970023,0.0012226436160886706,0.008995800927509848,0.005130671917519362,0.0055478891423084925,0.001002820577226788,0.00534230389808133,0.0010015354377136039,0.006208255064012737,0.015705483132347448,0.02180283246544945,0.003922744552456599
0.025368020493364035,0.048907071302489696,0.05418823014237442,0.016498744418905344,0.05176103606959096,0.015109774131060731,0.03448247505656759,0.005558400972273483,0.006910632646516259,0.00261953436903836,0.0033134817035891857,0.004214679456905509,0.0038499578382576835,0.045966031047429017,0.011931073889815654,0.1561348477526648,0.00205827755208974,0.0021465627086665246,0.0015940059931068267,0.0037019931083964635,0.0034036929284880072,0.003624441338568664,0.003512677835199473,0.02075676794211983,0.01207076669540551,0.03304453836563877,0.2221600133337234,0.003353423254854696,0.012897018183076842,0.012088283003719537,0.0031757121463778584,0.008805295100956496,0.004090336674140087,0.01601618312717705,0.003739159711628165,0.006692352033785725,0.012357184077059782,0.0017137604803335155,0.009530150644764245,0.0034115232731511255,0.011603775408252089,0.0011714627052692805,0.007642759279548597,0.0051115612627364105,0.003692041506837171,0.0013693068238823465,0.008783527747454086,0.004978329347655547,0.004541256387397491,0.0010893399737868963,0.004900656508024438,0.001150746610295158,0.0065599435229803625,0.01736399595405263,0.02285572491550313,0.004427461243053287
0.025023956619307813,0.044368624686718615,0.05432542868632309,0.01757988932917588,0.05751537596023828,0.015485607221391527,0.03164297158356259,0.005718793737035752,0.006543333423686774,0.002729300982353985,0.003340597314859397,0.004276675912922771,0.004067036102545375,0.04846735189143503,0.014269403673922305,0.1605947067982701,0.0020337564040571704,0.0029766910450657073,0.0018999959061079242,0.003359743345336453,0.003778887633892077,0.0034562784828694173,0.0029328827194045927,0.019012655149307323,0.011575933140995106,0.026435918825368804,0.22236716940652795,0.003252079904502355,0.014939047637005454,0.013201145652660581,0.0030888734762789497,0.007864892357512665,0.0029829714475678214,0.011820388854641959,0.0036682664255448653,0.005432848493464125,0.014195044643050766,0.001798629623361384,0.008754673846768058,0.0031354024081819945,0.01141680602511216,0.0013130727408264754,0.007752272672836351,0.004505628568054967,0.00404755411510778,0.001281468110567058,0.009061397825877584,0.005008135847395843,0.006030195145180689,9.641725092849884e-4,0.006947315073535372,0.0010629125004211232,0.006070281362275343,0.014525815181206339,0.02498924842080884,0.005110493148286249
0.026276989926213537,0.045052305123792886,0.057908558518258935,0.016141070039601094,0.05527053000784288,0.01583830799070106,0.031211196180462683,0.005489133633004975,0.006674850698785422,0.0029979013157592307,0.003948650229140772,0.003625148064072815,0.00422037313414133,0.046235037273839145,0.014195289117433268,0.1740995253772455,0.0021557485053703782,0.0029351549854451627,0.0018815695207434501,0.0032893415244284476,0.003233856576606423,0.002996962777370659,0.0022135174134922772,0.0159113672975323,0.012057169200049298,0.02522027633291542,0.21951217803662856,0.0036501401208816346,0.014385061803911834,0.013749484555580435,0.0029724893474232655,0.007152666121018336,0.0039996324237047106,0.011772828753984397,0.0035094323426864095,0.006081685325687038,0.012532062281064568,0.0018963245553521853,0.010724442760348219,0.0035969821421283354,0.01099720665253897,0.0015431129067221628,0.006238305202330041,0.004510775089569106,0.003850709394911712,0.001322458453585923,0.009399327607273673,0.005295083502012087,0.005599315213627608,0.0012147327478798755,0.006216902996681341,9.292930146167719e-4,0.005516027747720513,0.013675042396622192,0.022645130871025942,0.00443133486823278
0.02422054005949687,0.04793747286310709,0.05177448538747866,0.015778984528151675,0.05743043596456597,0.01609424884213515,0.033803811849222765,0.005725088847566476,0.0065821351098549145,0.0026280353183159616,0.0034381683132200655,0.003771162716165155,0.0038974875836556367,0.044108745247710954,0.01217482022042122,0.16516288288031933,0.0022041986222500753,0.0022980835496863514,0.001776812339862121,0.0034499094607288827,0.003868637959884244,0.0035845881051692684,0.00300266608698687,0.019186388001773205,0.009175936308423513,0.03015368604735744,0.22621564586246815,0.003152574671941759,0.013320410224754648,0.011487556585366035,0.0029467851325647733,0.007811335601674608,0.003976403192902372,0.013158008684263268,0.0036880420581408254,0.00531190343482215,0.013018332065568064,0.002066975792393829,0.009265019656399809,0.003239127306658043,0.011097160480309313,0.0011998698323204405,0.0067316053443881065,0.0044312032169921195,0.003815752595791745,0.0017174003542284085,0.008417455085057318,0.005337816146185871,0.005921569107866297,8.741441918437783e-4,0.005949104340579924,0.001282868137128478,0.005496279600429321,0.018860710225812823,0.022306752009596267,0.004672776848041625
0.02533482086466449,0.04745142327374583,0.050032434528099655,0.01697438622755139,0.05720168743339831,0.015050710441101334,0.033631435668514655,0.005544931508054801,0.006304569398483616,0.002668783027478441,0.003540460305439083,0.0038507472493614883,0.004069012977454862,0.053797851880727984,0.013167033277497596,0.1612821518039301,0.001877647817849428,0.002610218520310739,0.0017207519971323031,0.0032480541972440312,0.003548650064175915,0.0033916031820953813,0.001791941263240778,0.018520396627494332,0.010874986831704568,0.029120453187056725,0.21596399116954096,0.0036770583250779133,0.015581202861973792,0.014099126239214553,0.0031035729934495767,0.008310988501316605,0.003499603461548478,0.01371268868113377,0.003628161037564156,0.005659021400265614,0.014037112894602853,0.0025294924981997995,0.008570017644483589,0.003671406773711622,0.011876837917956426,0.0014034406807879758,0.006715149859558838,0.004703329281588317,0.003914401992339147,0.0014481100903305831,0.008522112873248262,0.005188206382414552,0.0064219863249579175,0.0011236969847443858,0.005521334133667298,0.001248768924752764,0.005931734030726385,0.014912899826145139,0.023339789152335613,0.005077613508555278
0.025690480254340075,0.04494377463396414,0.0535756977493052,0.0157484186671476,0.05524849890558515,0.015473718701061227,0.03309340405544862,0.005513459528834183,0.006302964688035748,0.0027030692347051717,0.003672611838840724,0.003741092112769121,0.0036310132851356037,0.04492661369918392,0.01368721866587046,0.16790720001093268,0.0018999572680301953,0.0027532420398403965,0.0016382069668701691,0.00363010678446987,0.0038499243004280186,0.0036616889291618405,0.0022611713872914686,0.016972876696753816,0.010857697871890911,0.03082843979980051,0.23084422374130517,0.003668019188306488,0.011191003105901574,0.013180046756781612,0.0026594249324917883,0.0069051649579880804,0.003597484233831824,0.011003376256646248,0.0034245797774562054,0.00601205007356899,0.015236423571364377,0.0019137557524500687,0.009595440877523115,0.0035376977155411843,0.010806630849559068,0.0015526815570790224,0.006514191236863564,0.004045622609919871,0.0038637680806926015,0.001588062687544124,0.008504174308043323,0.005353602922487365,0.005438215526781829,0.0013714815085775045,0.005739937064143056,0.0012436057425439296,0.005525269515000197,0.015452834186367994,0.021032770313431762,0.004985912874111299
0.02610769119150347,0.04418905475371901,0.055123377025194265,0.015881696579510263,0.054886169117725016,0.015371118311825898,0.032040415904040255,0.005353391749534851,0.005631677169689576,0.0027623894946183563,0.003449801541844883,0.0038741795432136604,0.0037205821288618956,0.04989311748374859,0.012202429973654944,0.1656007915238223,0.0021892725881388292,0.0025317802954817233,0.002025771368189683,0.0035792702705257796,0.0032730582688219687,0.0033081958372930607,0.002790803330987075,0.018361027162786137,0.012326226722944564,0.03272776321854384,0.22482662793895847,0.0030018067383867164,0.013519678117741674,0.012106689791031817,0.0030626707625490937,0.007850849601325554,0.003781450789483077,0.014088384788805771,0.0035442990153336253,0.005932804898780857,0.013037150844793484,0.0022667425732814757,0.010296888999202416,0.0031302721260496893,0.012076543019565423,0.0016259697962000548,0.0063375880475468405,0.0043288208767231235,0.0037119150105103054,0.002337608732147496,0.007636173639400675,0.005341721736428921,0.005591654225235837,0.0010611370523727912,0.005576457545621652,0.0012327278332460163,0.0054617344951341405,0.013765243258809767,0.019783473154627425,0.004483862034485956
0.025610492543638095,0.0467561324743852,0.05230322614083985,0.016693318417509574,0.05124159157577356,0.016387857190671852,0.03224916841425785,0.005707527666324226,0.0060362952233823305,0.0030725806950151324,0.003990842128902104,0.0040260290127216896,0.003960638624029407,0.0489680627237348,0.01126691254793521,0.147113864596687,0.0019431092099418297,0.00261772123616965,0.0015515162806954506,0.0035806682280913305,0.003786897765009564,0.0034869755869629663,0.002067188863621369,0.01641973922308672,0.011372780328530252,0.03264908047790594,0.23977452469867294,0.0035883352709848207,0.015559597356320403,0.01284715023170809,0.0028212914642674575,0.007733791251829666,0.004074257511091755,0.016116206561029373,0.0036020917243070314,0.00524763759084484,0.014548379153668646,0.002254218490661125,0.008248273778427444,0.0034232826480080853,0.011779107245493439,0.001452505167543366,0.006916083857244248,0.0045743626057990075,0.004189193193554394,0.0015117035394922535,0.007413727693372699,0.005023656615422212,0.005540212552266013,0.0014609587730090288,0.005657332204268675,0.0010829002958737425,0.00562800873790853,0.014887192442963106,0.022983208974900478,0.005200591193244208
0.02682111645311243,0.04485855544462261,0.050088738399853935,0.016664252860976704,0.05407972248514,0.016003889214171785,0.03236869953719599,0.005434553088157743,0.006032230865391991,0.002746348704746894,0.003900775545643345,0.003732123218826293,0.004004026819911308,0.05075505828606509,0.014204352427360225,0.17214874860754675,0.0023224276631023956,0.0025980068167817064,0.0016227026926794493,0.003835938343534992,0.0033877945051548645,0.003180558334480179,0.0023963056482851235,0.01597772614860074,0.010993266979415623,0.028741136192016188,0.21685138002510054,0.0030038471302187017,0.014038201099097645,0.015723481122199203,0.002754367859878617,0.00852616131656143,0.0037952498410053423,0.01467146195987462,0.0036685858770143165,0.0058672391342484385,0.012867614221854576,0.0023078095374011853,0.008638404077977687,0.0035116818007655793,0.01184049225240837,0.0012754529701120708,0.007975724476357497,0.004216920817755629,0.004097148091033595,0.001639260259977289,0.0077319435304963125,0.005238854482204233,0.0057786354646265,0.001093836330510594,0.004812078102684781,0.0011627384177158,0.0051170220848572295,0.017299368230711844,0.020167141641139575,0.005428842561436464
0.025003021051906403,0.04699640072493775,0.05557221243557687,0.017185835628993104,0.049460666907588116,0.015205016685078624,0.031242446871346512,0.005744540926064284,0.006346885581193391,0.002701229989442587,0.0034352981267781746,0.004186636284805574,0.003883676338178712,0.04634459216203228,0.01569337152495745,0.17493065811680458,0.00225366875221531,0.002474392480294486,0.001692991668638015,0.0034655244514511245,0.0036787322043964313,0.0031505440963685025,0.0027182910280763957,0.018593957826898145,0.012304751555346554,0.03135950533413807,0.22234937670880767,0.003545324340495519,0.011162937669813168,0.01457506624917502,0.0027704472193631805,0.00743040855657134,0.004123806520217469,0.012941636977498778,0.003366515189676525,0.00606976219685575,0.011679337128903029,0.0018335891931239134,0.008337862918641203,0.003240373100177632,0.011684919184032862,0.0012740035688470243,0.006481037679844809,0.004184193891073207,0.004361848160206753,0.0011562842360035095,0.007892852701170181,0.005089306157191675,0.005546330163291436,0.0010450308625631756,0.005701188721534013,0.00114742536869132,0.0054403094103568925,0.01597294087282663,0.018908621397563902,0.005062414901974969
0.02528055344123201,0.044006521883471074,0.0565882121177574,0.017907823674951417,0.05808759635773742,0.014542565791641761,0.0351350044297125,0.005680867120247058,0.006369088337894817,0.0024979220639358957,0.0036749754323496266,0.0037538514972257713,0.0038484951988533027,0.04456509321658255,0.01444000693980193,0.14914016732605723,0.0020693903460102187,0.0031126918703996793,0.00176128767827432,0.0034519804249270166,0.003444810072330673,0.0033952554964996515,0.0036995239021705632,0.0221138934815378,0.012971588448103503,0.025851829458885624,0.2286609179929687,0.0035334340513371422,0.012634059474660765,0.01419860235248651,0.0029948036768702255,0.008080192942493484,0.0030341917711226465,0.013037425071494226,0.0033920967090594117,0.005428133479795096,0.014673694765530156,0.0024536187932890367,0.009835352578548314,0.003465758188612752,0.010456133004345168,0.0013535554444021713,0.007326010396090031,0.004478247960417083,0.004017405075823263,0.0013318649441036912,0.009551798266289598,0.005399158031868235,0.005290894928373639,0.0010469671927990306,0.0058642837462669,0.0012110117505970256,0.005909869948221175,0.014794503452904907,0.024380500240519697,0.0047745177601190795
0.02465497583663768,0.04376070709892889,0.054360042729402154,0.016783274302959835,0.0541287003613156,0.014822877472882674,0.03441651740376412,0.005692414478640156,0.006142035751825016,0.0027342250591791918,0.004104166868383319,0.0035944761619456957,0.00404551404943425,0.05321543996150962,0.013789197667103778,0.16083449318200033,0.0019626688358046467,0.0026556928753015937,0.0018386279101713164,0.0034481057474359256,0.003447447069151311,0.0038509743140489423,0.0025246491659031496,0.02110361311315605,0.011626793649286453,0.030168273808805227,0.2173349548258804,0.003199588451556646,0.012887680995676266,0.014398938808983665,0.0029277695603232095,0.0076204542698629744,0.0039716873866229765,0.012457360167746,0.003641051298450189,0.0051789748428333815,0.013454145148911655,0.0023908706289842577,0.00963621352616895,0.0034613237245977872,0.012376855077954836,0.0018288551368929493,0.007618465579137751,0.004470831778711695,0.0041531714770018284,0.0017715385802776374,0.008900059222146258,0.005382424312912509,0.005232500376057396,0.0011452099715847524,0.005806401481811746,0.0011932860056040767,0.006400013576143628,0.014915056898118915,0.02176753374728891,0.004770878266779828
0.02596494823974296,0.047013051638336585,0.04950571648222966,0.016013920203373257,0.0593095849972349,0.015009868381916749,0.032707153059442086,0.005999553079440524,0.006106753394996137,0.0030321363833985698,0.003595952078592575,0.003825445848913766,0.004056196815883588,0.05383316558085643,0.0105019636464112,0.17537345689663097,0.0019320870632394392,0.0025773404693358536,0.0017389186377987967,0.0033498978593241293,0.0032299308439414014,0.0034546706771135523,0.002075823561705178,0.019546545936656168,0.011781838199058049,0.029461290781494585,0.21251039744359174,0.004134113019706511,0.013016820542556193,0.011400370808947374,0.003171488903511709,0.008252246858575993,0.003971693206011486,0.01498305872648995,0.003565076460734002,0.005056169513476546,0.013257112706372231,0.002432283556381427,0.008078734556121224,0.003056744456911597,0.00915881497902816,0.0011436927283922688,0.00711499314300361,0.0044205478732949974,0.00438844700260697,0.0016038245267184384,0.008613381092283694,0.005755645833246445,0.00491383051878602,0.0017413080725780406,0.005281961462274661,9.788758038719587e-4,0.005868821123186397,0.014047233801401113,0.022825367817608074,0.004259732705264093
0.025625824339106876,0.04602389409514905,0.0537890469141493,0.01578491111539064,0.05427765839669509,0.015472150955546807,0.034316935259901024,0.005730177739167914,0.006163534029406098,0.002766341931616747,0.003706817662371084,0.003874620043768275,0.0036881697346879366,0.05342057135354157,0.013604501405889794,0.14027285241400173,0.0018170173195617536,0.0028604949375500067,0.001818641309698978,0.0038625117667133364,0.0036507418638463025,0.003618875536654078,0.0026278058772206325,0.018762707435029103,0.010574644223625642,0.032482601170882953,0.2382482112238794,0.0037037306004614012,0.012981660973607053,0.011381764239911952,0.0026115104355961,0.008283443934742736,0.003950811225197006,0.01483182758335625,0.003176423615412826,0.005833753524823597,0.013609423179296906,0.0019188210395774039,0.009607581437816082,0.002946094633409402,0.01134521775846422,0.0013973611740573085,0.007034162597600563,0.00423552414663384,0.0037956164500378455,0.001831939015955812,0.0095379796844654,0.0046930479336727785,0.005658237406039535,0.0010625570204434776,0.005256254530082142,9.971742052075248e-4,0.006191072388916708,0.016106987132616452,0.022186068649863073,0.004991693427682517
0.026328725581455326,0.04392986355774849,0.05180463725091391,0.015480999952179579,0.05389901196889032,0.015516770581455421,0.030745383729805096,0.005428323485014847,0.0062910426732045175,0.0030234117298129828,0.0036930663234079814,0.004014249448334719,0.004102236028800968,0.05290759966169812,0.010850608779181158,0.1773976876654441,0.002165889865482527,0.00260846737242879,0.0017031735443146239,0.0035147933651033638,0.002974360137927996,0.003688349380116677,0.002362072367171393,0.019570631462170963,0.011724044118643114,0.028377148139009527,0.21143831030838717,0.0036475965159230668,0.012454820279500933,0.014825187981462136,0.0032848203140351086,0.007791877048389286,0.004229516191921409,0.01579935334573454,0.0036642813476356435,0.006298464979299277,0.01530215234135972,0.0019133944667025261,0.009560145522116481,0.0034100038070791214,0.011731331501327961,0.0015180034553917633,0.005475167594423057,0.004619931582077465,0.004144265094165046,0.001372122741010875,0.009571498927602598,0.005018492633068456,0.00569011374768231,8.549658863027185e-4,0.005475329822421355,0.0011052839297932898,0.005838279345380352,0.01323783544357234,0.022410134305314407,0.004214771371203119
0.02582380960956753,0.042863361994586624,0.050717231333978395,0.016634079351331495,0.0559572862867481,0.01538318082223458,0.032305084287078185,0.005470899197271202,0.00666452102409448,0.002988213934521736,0.003921053248243922,0.0038226084169278693,0.00395999324794222,0.052220371069177624,0.013459115694102188,0.15506264704769232,0.0018895190182933422,0.0024373478672171643,0.0021612256704934,0.003415804134362099,0.003481831108639651,0.003582084227571562,0.002356617415156504,0.024361058600224472,0.011771686912282876,0.03113918337496318,0.226117663532013,0.003099996679414776,0.014095101763008848,0.012661527968929921,0.0029527683663084833,0.00783187285760907,0.00357853631026041,0.012386247931160804,0.003383985437024012,0.005626176958118382,0.0129731637708986,0.002400199610680056,0.01102756550513664,0.0035405169363009244,0.011015803675649444,0.0010936377386843226,0.007019621242338283,0.004648297394875075,0.0034536651051619385,0.0013617719679052673,0.007675409968270805,0.005376878554220628,0.005471558017410213,0.001033437684523472,0.006093886625345038,9.879334135691623e-4,0.005321819896640632,0.01467657141380195,0.024182635562936438,0.005061933217100626
0.027944282935859092,0.04781240998080969,0.053351680405347754,0.01628364917592528,0.05518594352786725,0.014833554350030349,0.0316892784847142,0.0057922028597880626,0.006882835084070768,0.0029429234404683077,0.003315358548331441,0.0035592894953251747,0.003808985694640088,0.05348753310148195,0.014020759906056663,0.1587202642711371,0.0021763564741621296,0.0026663715333913236,0.001715891806472666,0.003186555301395683,0.003917449796095674,0.003287930353272791,0.0025638550213959886,0.018550505396758208,0.01125753038339075,0.034503466610231535,0.21338847764349794,0.0032724801232929287,0.013471483864844824,0.012889915028874167,0.0032781031829030275,0.008743943929102514,0.0038739726707683066,0.014994861756894419,0.0033953392673355966,0.005871709267551219,0.012615986961829055,0.002142653794893013,0.009233617536270614,0.0033865944736883938,0.012769647682935033,0.001547077008101125,0.006869984146809247,0.004432499462426827,0.004360878961513152,0.0015102103180371716,0.008081971049870412,0.005070427380661231,0.004966122751744236,0.001135830329813398,0.005817718892893026,0.0011420052952682887,0.005913456093832939,0.018737996623040376,0.019472672363770295,0.004155498199117275
0.02587119846545429,0.04595781756748078,0.04655453843109259,0.016251251059352618,0.06258052576130295,0.014937645859209927,0.034117634738104516,0.005341209908028079,0.006941950612414387,0.003187572899625645,0.004173929524342848,0.004202411636442374,0.0037022032389077467,0.050066596394618315,0.01458181026739496,0.16263427498144875,0.0017548506099485063,0.002754581896455486,0.002076736182574183,0.0035292152350744534,0.0037641692112048435,0.0036419314886189233,0.002329881059446609,0.020086921792040892,0.01119720358887247,0.029082542249128745,0.21326585846024726,0.003415312840608001,0.012761766454376822,0.015090211697078875,0.002946628818092958,0.007938592319986695,0.0030726966706832314,0.012613710647115499,0.0037912034416274954,0.005104760993506385,0.014561159486353246,0.0024978815559477596,0.010528490269301092,0.0035639470437025646,0.01216601231697262,0.001193112683477189,0.006804686019000739,0.004324128612606223,0.003971954925789245,0.0019609041450982306,0.008250958120801802,0.00598817757548922,0.0053632083270438325,0.0010871235292866928,0.005807969869698316,8.570460659439913e-4,0.006034782860522472,0.01625749831235751,0.02327824696023237,0.004181364318465839
0.027062414412964753,0.04513372079817289,0.05273676469574252,0.016011264250759858,0.055806682876126175,0.015786061664455304,0.03361848643970729,0.005419587236535717,0.006211227197115176,0.0027469043789575456,0.003703364917909821,0.003473102135313588,0.0035681458484987994,0.04895671121988968,0.01442880530263648,0.16011598846616434,0.00209515888846611,0.0029209879918929717,0.001734436029962385,0.003646926977929391,0.003630381651728356,0.0030663191669957793,0.0030352374701894157,0.020225828905771404,0.010277793378995332,0.027979678496526886,0.21733848899911712,0.0033802863258626577,0.01552060890663859,0.015906155959743956,0.0029248540699925627,0.008672723810291601,0.003643191407039875,0.015089520029510252,0.0036090214916648057,0.005421288054438388,0.012047383545012377,0.001707620775086635,0.009560208314147268,0.003412033173696535,0.01225230874896595,0.001406329490383386,0.007317509133265277,0.004697979888399985,0.004152130086182921,0.0015091169074123363,0.009352873863411338,0.00580372289413998,0.004817538172741876,7.609479332556551e-4,0.0055690116668213495,0.001169950199346592,0.005620822972332537,0.01923747377016531,0.02084214902481581,0.0038647695867090525
0.026615221062552184,0.04627691077165098,0.060629615096466194,0.016337874115873723,0.057160067518813466,0.015424970655508099,0.03331498644261714,0.0059399247504167765,0.00643494774186963,0.0028181912717750667,0.0030982784051710043,0.00405681055233861,0.003728909544359317,0.04498184977351505,0.012664832361474589,0.1513853367662489,0.0018936607536239668,0.0027991030243652688,0.0017792407737120819,0.0037096123451387936,0.0029714712684666706,0.0034358920599199707,0.0027563949956795107,0.017077980250682547,0.012439445406511386,0.02773265500918812,0.2291098494877717,0.003739504894572933,0.013958743929413342,0.012442797651014232,0.002693156657812121,0.008068818154075251,0.0033968297386589466,0.016417036430692224,0.0035653899998001333,0.004970456927947542,0.014554274746687466,0.0018956818411893371,0.008471414415363069,0.0033827365454843893,0.011290539220744134,0.0012959847783417398,0.007109089234976911,0.004596242647048638,0.0037106080370462938,0.0015204622241689575,0.007965424437728744,0.004870368762796507,0.006308317956229868,0.0013213970665071726,0.005074111903995159,0.0011377167513375505,0.0053581004781247,0.014581470074582615,0.024334688950655242,0.005394603337294082
0.024831152605821683,0.047131819699686495,0.04943939670775175,0.016648246942669226,0.052251893882964626,0.016016582630223663,0.03367045821447267,0.005803128182500375,0.006575288996560671,0.002603610427376136,0.004024340832094048,0.0039052223665130064,0.004255030314056953,0.050671521681065076,0.011806870683382244,0.1637963469480662,0.0019377736331437935,0.00240841783583864,0.0018046290589730143,0.003154364021310206,0.0035782211213744347,0.003198676730362962,0.002860596038799902,0.019216450571715317,0.01154152976350583,0.03068302263910292,0.24094595720769288,0.0031787880619165145,0.011924376190610151,0.01195731810258875,0.002815797900705106,0.007421077544662084,0.002889542755471848,0.00918447648585088,0.0032995558823801074,0.005152617761655883,0.012985342702160728,0.0026987036063116253,0.00894994612127629,0.003171265703264548,0.011251539339353857,0.001238731570679926,0.006383328879221474,0.004372849645534274,0.003964905202050827,0.00131071656193867,0.009306848444653076,0.004824578161881369,0.005676303650163027,8.530538876468617e-4,0.005070345940168016,0.0012939402148696264,0.006264838856936265,0.013560937162744157,0.019525170113557283,0.0047125538127221
0.026752331405748318,0.045988198690954725,0.05365714310818556,0.01649947251934496,0.054800059906255756,0.0158624063638744,0.035272299454859726,0.0056091055507895915,0.006410250404506606,0.0028550308512586926,0.003938825047983398,0.0037648293675891136,0.0038418622335387904,0.054729557158228415,0.013659118262757211,0.14913461477521067,0.0019947295303557743,0.0024482767408294153,0.001806038604335868,0.0038196832628547787,0.0035648174454666563,0.0036102598717445296,0.003145040815466157,0.01595088436075611,0.010805861872440422,0.028826475343720837,0.22686661769947267,0.0032423431742269215,0.01345018225555014,0.013194356102831907,0.003166230892391112,0.008969650169217198,0.0038280850951186722,0.013578672486131595,0.003166424772880316,0.0063781848402172416,0.014483734893996476,0.00153955098962339,0.010303784798974829,0.003351724036681767,0.011382394595465514,0.0010256620442945091,0.007240053336042176,0.004415762391752744,0.003897409250928143,0.001367102785579538,0.009020988455776117,0.004584508098159135,0.0059255402104881295,7.613499047119257e-4,0.005996197920792488,0.001196294760538729,0.005481372326002991,0.014806288640435657,0.024224071731138226,0.004408288391523308
0.026256098112855383,0.04721009628660816,0.053853725000787674,0.01573534316095703,0.052419512783946555,0.01576560424858065,0.03395586638345394,0.005832616581624903,0.006575109750561525,0.003009557820026243,0.0035935741346811412,0.0035147484102573835,0.003864054638865785,0.04785025053858986,0.010363265070774766,0.1587131790415961,0.0019158969311596989,0.0024217098347863526,0.0017535731954158012,0.0034444720516407516,0.0033379848715105183,0.004045689551872644,0.002697091312431868,0.019410344795835168,0.012181007996077893,0.028854946998076458,0.23294993722887722,0.0031497263439548675,0.013680865245797582,0.012938231286864424,0.002967488769948414,0.008077947303240811,0.0033457311548842805,0.013759142547860929,0.00322107577990825,0.005099013160495147,0.014308577220091758,0.0017865578370298981,0.008965179975186623,0.0033772738819961945,0.011325461236461479,0.0012622953596472958,0.006813646307388151,0.004443805331183621,0.004145645397790067,0.0016240555279013278,0.008685750395401518,0.005061288529438561,0.005928442351247806,0.0012264282816740878,0.005019377353123639,0.0010824687425479362,0.006278244752459287,0.015851344468130725,0.02084577065811755,0.0042039080683763325
0.02526936235010427,0.04664880412413112,0.05158067797864,0.015973882006586924,0.055018487686244316,0.015236620438838647,0.03594106174317608,0.005575733615509167,0.006144140953957626,0.0030204754088274627,0.003933911287189985,0.003939340778663045,0.004477918063571424,0.04887625133895241,0.013523631821677082,0.15545199050430328,0.001964607472592048,0.002660036393100605,0.001599722132135447,0.0032295781189948195,0.003165154948257352,0.00328917670069054,0.0023951644594402736,0.021802161967986705,0.01095325237252092,0.030352442106899174,0.22574240690598776,0.003287815882986516,0.013158653634546841,0.013156673086700245,0.002831956683820195,0.007653388295872029,0.00345961948340912,0.015032711550489962,0.004029398694565739,0.005614122448860277,0.012897699108045616,0.0023855605032542496,0.008328291534938371,0.0035575120352115317,0.012615446985706906,0.001741223374576075,0.006481484655967534,0.004361244264100991,0.0039474651283789705,0.0013667181928556686,0.00813719278795156,0.00588751537382774,0.005396917024628786,0.0011648086239812536,0.0055540460497137305,0.0013109675285177093,0.006188524788159902,0.015580356461975442,0.023104297687802044,0.004002394450176564
0.025907580711362704,0.0469298969975605,0.052938862375747645,0.015262229108015106,0.06040984536552829,0.014602986630846306,0.033093328502624995,0.005587240551228092,0.006405383927034581,0.002738693749802035,0.003640657354717866,0.003627723969479906,0.003564080125044487,0.050258587793216535,0.012712630845716,0.15856513709773568,0.002171205394979151,0.0028851677817358485,0.0016327855899352425,0.0035209037530958766,0.003662370933548006,0.0033950251628821993,0.0031486275917865067,0.019792875377167368,0.008878650750414,0.03131065442715516,0.2202106396161791,0.0030378431777184018,0.012950175446179145,0.013796060918380757,0.003240527963417341,0.007334362896861136,0.003550848846929056,0.015067718285862649,0.003153143885030261,0.006581555046208883,0.014255359695440518,0.0014844094290993252,0.009799071895616487,0.0031731513427180696,0.012315466496744917,0.0012484266632943543,0.007348309206384238,0.0044442787188248515,0.00411529616727322,0.0016050451224899932,0.009205507278606162,0.004907032774988874,0.005213030165885776,0.0010467587026648218,0.005768013479961564,0.0010785257990523459,0.005799737467035797,0.01672355359156595,0.020119582313507772,0.004783435737718199
