i2_health,age,household_size,cantril_ladder,r1_1,r1_2,week_number,hl_covid_num,vl_num,region_Islands,region_North east,region_North west,region_South,gender_Male,i9_health_Not sure,i9_health_Yes,employment_status_Full time student,employment_status_Not working,employment_status_Other,employment_status_Part time employment,employment_status_Retired,employment_status_Unemployed,i11_health_Not sure,i11_health_Somewhat unwilling,i11_health_Somewhat willing,i11_health_Very unwilling,i11_health_Very willing,WCRex1_Somewhat badly,WCRex1_Somewhat well,WCRex1_Very badly,WCRex1_Very well,WCRex2_A lot of confidence,WCRex2_Don't know,WCRex2_No confidence at all,WCRex2_Not very much confidence,PHQ4_1_Nearly every day,PHQ4_1_Not at all,PHQ4_1_Prefer not to say,PHQ4_1_Several days,PHQ4_2_Nearly every day,PHQ4_2_Not at all,PHQ4_2_Prefer not to say,PHQ4_2_Several days,PHQ4_3_Nearly every day,PHQ4_3_Not at all,PHQ4_3_Prefer not to say,PHQ4_3_Several days,PHQ4_4_Nearly every day,PHQ4_4_Not at all,PHQ4_4_Prefer not to say,PHQ4_4_Several days,d1_comorbidities_Prefer_not_to_say,d1_comorbidities_Yes,vaccination_status_1,vaccination_status_2,vaccination_status_3
0.024793711543419396,0.0483047262534046,0.0517693694137537,0.0161543625531772,0.05525462664262986,0.01629667285307025,0.031199204376440106,0.004919183725042776,0.005638020420511319,0.002565476775455266,0.0035197070699412364,0.004137045294426789,0.004138184032990739,0.05852291124493723,0.012474825614376756,0.14546213994219567,0.002048565215916695,0.0031457937783064805,0.0018940948074465276,0.0032310940161315864,0.003382419212889384,0.003326365320382097,0.0026069011481673083,0.017488697387851443,0.011613866781010554,0.032940968883784415,0.22987748341871905,0.003769408218270045,0.015499029722201579,0.013157305055297512,0.0033024608279562102,0.007819296434790993,0.004166041004103197,0.012591869595065513,0.003787896468562505,0.005087615820749566,0.014514587225876313,0.002149954097742728,0.00953461363386758,0.0032604582882787753,0.012595705414406633,0.001221113419943743,0.007454348751271155,0.0042828519995581045,0.003530524446764324,0.0017783568387753866,0.007975030034233175,0.005288928605317735,0.005909459739712574,7.439664898375617e-4,0.0053535078781759456,0.0011522515093214682,0.006293319361232868,0.015851550740916067,0.020418938973586036,0.004803191677806233
0.025466022438666348,0.04605911835182855,0.051818400910682474,0.016846387243791287,0.05446535077647271,0.015615944079417965,0.033005667486916274,0.005091572830805469,0.0054714521688037365,0.002842589329580165,0.003505804071475646,0.0040400026964579495,0.003624550419443499,0.04997815123211254,0.012578165407595737,0.1535241695817035,0.0020312929965270437,0.003320464949134531,0.0017973672485579713,0.003431044560504424,0.0032422643956867767,0.0033325345221878436,0.003172164499361866,0.017126358726055946,0.010654763310424841,0.02920019418235352,0.23380397013883583,0.0037099067445910227,0.013233433352321678,0.014095181810171846,0.0030760848538018202,0.009454192248038838,0.003879433460477617,0.012289999035792167,0.003472216443741135,0.006075563783754862,0.01474282132151078,0.002782691046723482,0.009509448187445955,0.0028305686453962385,0.011311999444493586,0.0015290999776653152,0.0064880756695339485,0.004148595118693521,0.003318256433275606,0.001943778823202967,0.008550679846193126,0.00443659012065501,0.005235867718941238,9.415730983319348e-4,0.005314832221997902,0.0012186654974495046,0.0050022515795498145,0.01867089271919689,0.022830540769892597,0.004860991471775161
0.024879483061217407,0.04533624656639736,0.05332830018710863,0.016201533676237136,0.0593508033823319,0.015548269876040008,0.032601856863821416,0.0056628327819493235,0.005497621191244243,0.0031330926825625122,0.003780195115111863,0.0036934026705152355,0.0038364777248022027,0.05006234218791717,0.011190907969603458,0.15563024859029256,0.002140205973802224,0.0027056654816333963,0.0015521807192901966,0.0037237437557295586,0.0030203818163248874,0.0029662553877548804,0.0027021152686837998,0.018143019851327657,0.012457913382684965,0.028577333762286196,0.22933539813786002,0.0033917485527682127,0.014450927497882174,0.011447869661879044,0.003336993040110939,0.00768117754335782,0.0026212697454832713,0.014234234489741532,0.003980153619094324,0.006197788226924397,0.014654763057353583,0.0021547790411906307,0.009502155477242239,0.003201266367295765,0.01272444876685703,0.0010991121256855652,0.007167807858492226,0.0045805372730124755,0.004258113468182619,0.0012899857917496173,0.00884418473550301,0.005785729795671866,0.00552032787785678,8.897366777908069e-4,0.006261994134662596,0.0012736651249740858,0.006914981642959946,0.0149819710199882,0.0205827143140291,0.003911735007729942
0.024885956427453282,0.04617596110935797,0.04987040482088909,0.01498614537645154,0.05317299462156948,0.015737004838831687,0.031282018001419824,0.006095040451498983,0.005985323292806323,0.0031583844089929348,0.0037271580115835574,0.004017046133828476,0.003617678199309477,0.04835728253389658,0.013904975631611144,0.156992578086349,0.002085348148729689,0.002824752073910219,0.0015740395946772965,0.0035049684121674775,0.003726761338895461,0.0034259508265559848,0.0025033175102770586,0.017247066833973007,0.012496870109002854,0.030198422969081186,0.24092402436278085,0.0035292526222372965,0.016126370244757136,0.011913944086253151,0.003168535772859015,0.006827832874673015,0.0035234504302025806,0.013002365216184702,0.00333995688817504,0.0054288504509932166,0.015468439860311827,0.001857773179960337,0.009156484603941754,0.0030123506031294166,0.009964200365461045,0.0016228079175962821,0.00616465007369591,0.004459159343990142,0.0045902935716241565,0.001354034454221824,0.00842871227500557,0.005738077483096784,0.005707642353297669,0.0011601968229435836,0.006281574319137759,0.0011933479097070239,0.00584989289296471,0.013708823001231054,0.0199870777770433,0.0049564284794042564
0.025462838689128745,0.04866528575532677,0.05384996344352585,0.01629366407236546,0.05231617996521002,0.01604926731061205,0.03082133771510203,0.005417781971326975,0.005803146731932454,0.0026037689159361752,0.0034631951978596914,0.0038181089267208894,0.0039290564352416225,0.0504496953451417,0.013283400010751172,0.1583427774088063,0.0018682200358753906,0.0025776855496219163,0.001629916712298769,0.003360952756977155,0.0037447079720202107,0.0032881252192607157,0.002568355684113927,0.018120809644314718,0.012916586591574674,0.03178767139040831,0.21935622862001034,0.003615482034904059,0.017852771439330277,0.015280566953498333,0.003104858271256697,0.007243626405492712,0.0036173166174597936,0.014917021926408112,0.003728919068732401,0.005122784775349478,0.014355578920086445,0.002117851067593011,0.009815768285988647,0.003783444097251915,0.01154516214429258,0.0014071284821035506,0.0065335290064768995,0.004329764836821426,0.003918716129023468,0.0013476687014285786,0.009608972106037839,0.005073703258012911,0.005850017710905795,0.001167435070996027,0.005592899472831762,0.0011748405519627406,0.006060244953975492,0.014045999120834532,0.02127614611698825,0.00472305440249224
0.025443294103703582,0.044991259801675794,0.05198211702508368,0.015450476784357231,0.056253845541877165,0.014788019895022958,0.03544784922187466,0.005712765747525235,0.005670316135640078,0.002812992010003262,0.0036359644364583332,0.003730082449778166,0.003536655000667503,0.04993909616415343,0.011882251450951613,0.18011118226295622,0.001991413601755212,0.002686641236173829,0.0015778956489936615,0.0037001834968463858,0.003853186749089025,0.0027742053307428577,0.0025428643982786116,0.019157342131788883,0.012521137195434254,0.03268796932413713,0.20223384832956562,0.0035291639829885795,0.012669729487842143,0.013214502546720045,0.0026584180129721655,0.008037909351907383,0.004294585138822566,0.01325331798494466,0.00386581723553628,0.005158563967815258,0.013850773026098185,0.001563249483749818,0.009358428894300807,0.0032616152552104403,0.011743995035688497,0.0010367587785269105,0.00771618686855819,0.004253434994114563,0.004098190977627396,0.001516025066862016,0.009599531589249212,0.004588548717443195,0.005379622280921794,0.0011797622824616899,0.005081345483779516,0.001175551008294798,0.0050985432551777675,0.01686979547276181,0.02437135036935674,0.0044604279757332575
0.025029401342248195,0.04702260884273123,0.05670878471062256,0.01588610364229171,0.05435782647664704,0.015252402436343529,0.03187996817720458,0.005553709892911463,0.005370527065115,0.002819630058808491,0.0034709533038529412,0.004063114889072158,0.0038951687635714626,0.045319166046762754,0.013203539158161942,0.15942003593278095,0.0020562668824496175,0.002716666779910617,0.0017622488989969525,0.003378471941420787,0.003772371965727609,0.0030987303352364346,0.002586140702941667,0.019408468695525833,0.009953675773418968,0.02947237753163797,0.22982364544154268,0.0030601330633661613,0.012554070553537121,0.011945572373401518,0.002684378449816366,0.007665132143988089,0.003986793899674775,0.014011285303773153,0.0033268479340490716,0.006294679315715912,0.013557946146134993,0.002622436727555012,0.008645618507191448,0.0033211180554737715,0.011284167136344031,0.001598491685606916,0.007541451590985414,0.004495873779194171,0.003663331696716207,0.0017222247345711527,0.009503867516084221,0.005369239325263045,0.005397881845411347,9.265429682549844e-4,0.00594354795493347,0.0012135326473313693,0.005865283895760062,0.01661296516140527,0.023593480417580474,0.004310099482945337
0.02716566810310193,0.04547905533914581,0.05615902344690856,0.016060366692877935,0.05836125920953109,0.015671925177738993,0.03096872600759926,0.005460655448932349,0.005147278828850861,0.0025089502378086814,0.003438215743376326,0.003643545671383815,0.004213214490275386,0.05569872835838349,0.013855347705427325,0.15467469963389124,0.001855356448975357,0.0025327680940069055,0.001899956887503674,0.0033207800384534624,0.0035854217019787326,0.0034964057066110762,0.0027184600803633508,0.01642184390572412,0.011621830199951524,0.03340210613456114,0.2133439712041968,0.0033204939844254304,0.015439603999204191,0.013862207864757501,0.0028882355576772428,0.00789421962881051,0.004014152964858982,0.015268107810037125,0.0034172246389619423,0.006092542441270805,0.015427269577345899,0.0021220900172910285,0.009185074093503514,0.00359036031634094,0.012697282911965395,0.0014712890496420543,0.006651007652956205,0.0042688040388993665,0.004077747798302074,0.001293948157176506,0.007706279225794649,0.005024606236665707,0.005701578917115816,0.0010760786569106618,0.005492615225886898,0.0010057491088853393,0.005958669219637847,0.01597005970643092,0.021989570555728376,0.004387570145957914
0.024968259558503677,0.04271191696255122,0.05917955466560299,0.015851819808356777,0.056448248606045345,0.016512909749469937,0.03463871523558061,0.00556804485386606,0.0057272571115606725,0.0029294695940429503,0.003682682851782508,0.0038093945541940294,0.0038730604798876984,0.047711717175638275,0.012631411032909922,0.16483680478816545,0.002070526991727499,0.002749120993598489,0.0016482218134159087,0.003296659446093728,0.0037595094432815077,0.0034580518165132404,0.002333288739165841,0.021232806758348998,0.010423220623180433,0.02844550449023249,0.21420472985211164,0.004051234251871731,0.016133730283134563,0.011282232055120028,0.0032916253113739295,0.008145124133702322,0.0035179788015851426,0.016362503955325423,0.003336266691969813,0.00515845008898431,0.013931071852177315,0.0016519165713485796,0.009795180355814332,0.003551026871066978,0.010077239107853355,0.0015918414130872288,0.006962034290639557,0.004504639280712628,0.004064825545077552,0.0015595685651092672,0.00773362726026669,0.00535817961250538,0.005707964035113495,8.395831824313265e-4,0.006355059937368967,0.001038557062003305,0.0061988265289358215,0.014530713756402875,0.02366331458775793,0.004902776615432237
0.025407544369866086,0.04218646340866917,0.05702690993523674,0.016424857109976113,0.05596803902838775,0.015522122568465536,0.03243533830389687,0.005654612294595939,0.00590565133635321,0.0026723768457119833,0.0038227225040275196,0.0037666831278067086,0.003744664990214708,0.049140526861418996,0.0128386858195369,0.16223465873727794,0.0019312225518455502,0.0025366223053839825,0.001901215580895936,0.003903338423401402,0.003910638294216042,0.003295492481976432,0.002756210482748282,0.01946374909384723,0.011644777402225819,0.027813205971774186,0.21693839653838015,0.003512880069657313,0.013445277277670737,0.013716347156829338,0.003057206112671844,0.008129951451486234,0.0037997057918211573,0.014805556560044595,0.003840989912371976,0.005848057338218115,0.01288832250296851,0.002202058056493514,0.00982218016255345,0.0032962408290909996,0.011205601403468473,0.0015184692633735861,0.006817431184199338,0.00482349790594252,0.004011252094096772,0.0020939206401257428,0.008555556082652755,0.00479036063631691,0.005888848300729057,0.0013843814618147861,0.006108811284156871,0.0013094587384963623,0.006130117727507542,0.016316101618996014,0.025519911699260427,0.004314780368847938
0.024324318063249892,0.04540133228896695,0.0517297935004319,0.016494695279972334,0.05455700771322161,0.014938872130734679,0.032389764443557144,0.005607409282609173,0.005785584880087979,0.002913948550368412,0.003467879391661804,0.003839256523983288,0.004156609360377024,0.053809306993086954,0.012418300609866208,0.15936777896455068,0.0020609017712325374,0.002543811706230161,0.0017401392606582742,0.003272466163375359,0.004034987506614114,0.003333111078764334,0.002617246510509786,0.020398265926019905,0.011708958605737176,0.02679671944858924,0.22202373394248187,0.00404427239296303,0.013005727436379455,0.013599185118695426,0.0032534372982560775,0.007717047447024827,0.004290472879505077,0.014628272950929088,0.003420745797436818,0.005108078625391738,0.015393882980081314,0.001925070201247954,0.009496728145342343,0.003501308950704716,0.01064512501261728,0.001467204570872859,0.007180581683825397,0.00456944620282967,0.004286153400745382,0.0015096687434326564,0.009502260943422528,0.005135010261782076,0.005876389930962323,9.263700061474736e-4,0.0051876850486529975,9.400825693369345e-4,0.005814509866699414,0.017091145760374803,0.023683341060341204,0.005068594817060357
0.026939430137789475,0.04374606087437956,0.05082479313990176,0.015374290470938785,0.05248931922293104,0.016705900359638193,0.033453533306150654,0.005992185890217503,0.00572746266211136,0.0026680055911429065,0.004229641367903016,0.004237275840280773,0.00407928652617591,0.05302880098452319,0.01101841241915815,0.14760041160431844,0.0017992957135525196,0.002520889027745328,0.0014502317384673087,0.003407466475696488,0.003459294828397574,0.0035850942833443346,0.002316611341442747,0.021494440545534826,0.011491179768503649,0.02761757387938455,0.2353865924866371,0.0037941908190770165,0.015410753437685592,0.01532659014134007,0.002856703816876455,0.008557253816514065,0.0036258507684103648,0.013274818961554472,0.003905933939924066,0.005692000598764373,0.015397394484742715,0.0020585455689915385,0.01054192147696814,0.0029289687538876495,0.01163114748398773,0.0011645458435736243,0.006761996388160139,0.005353172015521808,0.003984651612733887,0.0014126471534828156,0.008193192358907178,0.005545986643650056,0.005896905199108638,9.633511634057598e-4,0.005082413687141056,0.0012581903427261675,0.005524387914980078,0.015165178152344153,0.02120532670532795,0.004842500263945354
0.02493335116696131,0.046722945062800204,0.05384328306172283,0.016067820611213278,0.05360311542619667,0.015129445129764846,0.03114797580691443,0.005898656338536946,0.005604181647550756,0.002890051497112304,0.0037375097445454977,0.003768742863501643,0.003675492988248268,0.04708125180079057,0.01505266687611728,0.16071742047393664,0.0019321653172811666,0.0025636227205985593,0.001662601375845914,0.004072537581919446,0.0036647338780226003,0.0032108080749109016,0.002769235168129907,0.01723463810141679,0.011539660773678859,0.03182535866412204,0.23138738049754967,0.0028307183490805386,0.013555329260087394,0.01166489664113434,0.0029654069248751485,0.008226370707622688,0.003379359599544459,0.013047862056970576,0.003333158086730088,0.005504753254611659,0.014741509684641914,0.0016659709049777571,0.01015003083253153,0.0031359013100823764,0.011213624450420819,0.001510570289400486,0.006397325948937936,0.004293735219417405,0.003881302689603721,0.0013882233302835527,0.008377875904448604,0.004474142893372293,0.00531736155657824,0.0011957005840010373,0.00564310118472491,0.0010740080011774637,0.00601456062286755,0.01573657982079855,0.022697541481013918,0.004846425760673748
0.026289660158496396,0.044737016309933944,0.05480680605986238,0.016531384626114115,0.05927964246645746,0.01533756596988411,0.033980872098707926,0.005972562957068934,0.005348683464577192,0.0029452289796347694,0.0037281693687361925,0.00372362274753811,0.003905750089728082,0.0489318802870084,0.015111529552824228,0.159792513965976,0.00228989347273817,0.002747782591465475,0.0016404218516165366,0.0030761584000056972,0.0036601284651852557,0.0033244980973191965,0.0025275036951280267,0.019298263379256428,0.01240603277743467,0.03116597648694872,0.21158969044838735,0.0037709992587259015,0.012787396979731098,0.014198764601251988,0.002574617863312817,0.008663268324942252,0.0031260774619417575,0.012761592234576015,0.003649430376738295,0.006122801817136356,0.012392536817192264,0.002754286684860533,0.008507488894348245,0.0038684671753692504,0.01269521728517611,0.001810030945155447,0.006124969248930231,0.004089392320573264,0.003937715367710549,0.00189739717879265,0.009832768407591905,0.005142843715728619,0.0057562677968245515,0.0012784469119076739,0.0053572969878940705,0.001148805574575512,0.005527530752643997,0.016178812756905036,0.02516620019856371,0.0047293372928661325
0.025429608643197925,0.04619229756871488,0.04975572398591852,0.015059364101202809,0.0532676158600661,0.01591077062689466,0.03267410434266403,0.0056018591454080734,0.005238616676791032,0.0026788111987536218,0.003923910802672607,0.00360008439519922,0.0040231622191570435,0.049333312821053764,0.014224162683962345,0.1532742479306636,0.0020128152559158482,0.00243184182934678,0.001988221954789429,0.003275577329520716,0.0034487505349063232,0.0030431389068238403,0.003344827712494715,0.019821319604500336,0.012058754708808885,0.03102340557030041,0.233721494463069,0.003461372399947425,0.013090283408251368,0.012968844457129711,0.0024908701645236487,0.008374334887201358,0.003243093415896584,0.014051559640897817,0.003779675423225317,0.005608420325545451,0.013742106830221354,0.0024596493462307454,0.009346404975910836,0.003753158791642371,0.012292701087969288,0.0017403775392481218,0.006925571787125458,0.004486976998248098,0.00403956095671331,0.001755715895032816,0.009244042861937175,0.00535818978243448,0.005561648393321513,0.0012427538838162,0.005806289192829334,0.0011219838490341642,0.005412542001044025,0.017501547216705257,0.020294978934938115,0.004487544680182179
0.02512319592377452,0.04876669472371351,0.05487674073289846,0.01605311626471783,0.05805135985867019,0.015980921333562992,0.03437105690225295,0.005537800388643615,0.005464461774478176,0.0027528365227161306,0.003297296557247412,0.003772373003487204,0.004224939350147864,0.05192435335413912,0.010546069292510002,0.1732874559419193,0.0017563562748017783,0.0023705113148972793,0.0017571657384334713,0.0037149977658815646,0.0036825219810996787,0.003271200231723911,0.0025541580501206905,0.01821685115001926,0.011447394203289106,0.02999772154787616,0.20742398196376954,0.0034900428647984005,0.013721012206812606,0.013342265837900779,0.0026445094851506247,0.0069384232446585295,0.0038917955261795986,0.012203291964136024,0.003921753729224044,0.005417573340217935,0.015231608413948631,0.0016087223526567104,0.009129185071094515,0.0030408690829379983,0.010992732512373997,0.001894926761105336,0.006787484792008016,0.004734273325362314,0.004187644188042918,0.0011442947467755692,0.00863373792961428,0.005403252298586365,0.005897221752229985,0.0011089685942866849,0.006590338684912906,0.001212266773228134,0.0053287119728231995,0.015415959472679791,0.021659559538157312,0.004204041391305108
0.026512829405320706,0.045135837910455216,0.0536024806365817,0.0154276369145619,0.06016095211140306,0.015602545535980861,0.03185233922061513,0.0055245682229621475,0.005565196661319878,0.0028800310342419902,0.003334551010490301,0.003930162273918762,0.003938168932166197,0.049972921404189866,0.01275504427527837,0.14414200968560253,0.0017626526024700864,0.002730594815884807,0.001411824016379822,0.0032344244509590636,0.00338546168456265,0.0027627347425966944,0.0029548171009449098,0.018488282556017744,0.011836808835659993,0.030446169620030803,0.23178065271487325,0.003809679955548285,0.015406350671633873,0.013106486307634488,0.002661161077402685,0.00864220185944319,0.004570715064607946,0.014707035224869495,0.0040945444285800416,0.005072152086649005,0.014901647961470777,0.0014172202020227456,0.008613045640502444,0.0032362219179745606,0.012803237463071653,0.00157105525649055,0.007228117315133783,0.004360181657135787,0.003994411050273374,0.0013750206566831215,0.009768123977041479,0.004825959938938688,0.005021035398042287,0.001270773310061592,0.005239269914404894,0.0013105372159397926,0.005647781107760564,0.01603693201834671,0.023310953028842278,0.00486644991802544
0.024967365200504334,0.046499942179596854,0.050139694440213815,0.01740707857303605,0.05861300576538819,0.015305264998408636,0.03083933929523042,0.005933162098846648,0.005446432364331491,0.0028690900019553004,0.0035238853324461657,0.003811641405622014,0.003490944532406809,0.05117735998381129,0.013879022053985706,0.16984145043687712,0.0017364081217792469,0.002315798648479904,0.001742198245371654,0.0038546105676280245,0.0035502687570338563,0.0032110521128678967,0.0028063696160874666,0.021347737486161384,0.012623281591111053,0.02931553301175009,0.2029039031205067,0.0034073598687032213,0.013932105508355849,0.013969753653129904,0.0034480472126384777,0.008624158132749313,0.0046534886463893135,0.01671064060755386,0.003505205907260787,0.0058946060744523915,0.01400666723586854,0.0021889588991319004,0.009397591091032654,0.0031071612095515187,0.012236741309654138,0.0011675046797051836,0.007158985525039439,0.004412252876376637,0.004261715478694981,0.0017363345846399096,0.009546503698401414,0.004899579774842385,0.005711036579094241,0.0011259433820461637,0.0054534128411134215,0.0012205517982377373,0.006023286963522301,0.014590433249973412,0.023713158599901616,0.00474497467050122
0.02747651746792849,0.04278748389863043,0.04791076230095557,0.016275423827366447,0.06027430580575469,0.014975109457689026,0.03447643147569054,0.005552510172889798,0.005123672215172615,0.0028057868059862432,0.003430786788018753,0.0037387696387887965,0.0036350473934793496,0.04717314346601411,0.015231412102131383,0.1563733381862006,0.0019388841971550777,0.0025960203456623526,0.0015820937706765884,0.0036866671448065125,0.0036470619696535563,0.0038653590595443764,0.0021977712351471017,0.01981738673873975,0.012880829517939984,0.03154783573771714,0.22503433539283604,0.0032366437876495137,0.014069034787964249,0.014609594672238832,0.0030475761755447265,0.007165847937463167,0.003922448193038527,0.01565531525451975,0.003452247351404698,0.004447827909661725,0.014299410411283039,0.0020742275357092054,0.008346390613749363,0.0034010154473990066,0.011186906891108144,0.0015233638339351555,0.007127313394731514,0.00442980942305561,0.00415485578341143,0.00193130417739458,0.008879976865801425,0.00494844754427744,0.0054812711374125226,0.0011234341597177826,0.005399607615481266,0.001171478548187055,0.005521541072929352,0.01452840793846937,0.024074439642420814,0.004755515781465454
0.02566672343881238,0.045884094057348716,0.048135040866837356,0.017018465276972587,0.05366773156891987,0.015557371670442565,0.032356371761998334,0.005683585533606852,0.005845372806214045,0.0029011849120878118,0.0040779668620599015,0.0034489601913619437,0.004065932138298214,0.05628521623448589,0.014500848176213825,0.15133560389562975,0.0017374938180756859,0.002193936758826604,0.0017734839732933246,0.0031928235563073895,0.0037261973790884374,0.0035948982544250184,0.002702599064555038,0.01876450567669403,0.012250846152543998,0.02805313324344172,0.23005981519004004,0.0037143971485277694,0.01471373541053794,0.013378947778851869,0.00270921516236163,0.008354632154874773,0.002953546573118883,0.013058719163282563,0.003704150343738284,0.005569817943474696,0.013274814298729062,0.0026243043929698776,0.009090680112316594,0.003440576924494303,0.011862667011819216,0.0012089291536836356,0.0068692975516982,0.004496689462845942,0.003464137884014597,0.0016638174199605678,0.00788958787630043,0.005112903715944082,0.005718111166337151,0.0011460856609031335,0.005238391963070487,0.001188693418309723,0.005880195376737058,0.017219344422907512,0.02574994718819582,0.004223460861412852
0.02605310545491499,0.047355230776102514,0.0456532207509015,0.015478629363258877,0.05424938549050453,0.016879542505418104,0.032056013208935766,0.005700258730307957,0.0057401927874280315,0.0028612668520422145,0.003605526271300801,0.003886814801586608,0.003955160168416839,0.04533077718221341,0.01399015936529914,0.16098950106468804,0.0021142862485354023,0.002616183896407559,0.001533100408690872,0.003356790939757967,0.003769591777716481,0.002924426162758817,0.0026037016547532563,0.018545516492534452,0.013184911942005849,0.029199351480611892,0.23736802437406787,0.003282180392247459,0.013014714473873215,0.01192579820279813,0.0027872331592234166,0.0081015572726874,0.003976530440189185,0.012460250083291291,0.0035906001036140564,0.005636754734837287,0.012099467034824521,0.0016326985612703107,0.009411391501377861,0.0030000922082964424,0.012430603191879575,0.001456070061155983,0.007879036721375222,0.004294245614913189,0.004123068167493824,0.0013532027027191502,0.008336595632165395,0.005320149652618992,0.005314153683125446,9.447303471623628e-4,0.0053203885630185525,0.0012280686962053268,0.005919913723037409,0.01647069175418646,0.022840981587867626,0.004848161581385146
0.026394055776229428,0.04774803105750093,0.05530750248522567,0.016339127808755616,0.05904195662174241,0.0165088948868017,0.03382755201194776,0.005519967337639534,0.006167525968063426,0.0027319267914632794,0.004130991968684576,0.004261281792943918,0.004482999148758471,0.050064774726474276,0.012140720606167221,0.15565924887351315,0.0023227465163265654,0.0026388352573714843,0.0015141621293845932,0.0036702393836828017,0.003999795315682763,0.003377477170033631,0.0033117912808072404,0.02073978374705931,0.011657632664253157,0.025849347694286047,0.21137832357954175,0.003499388861421157,0.01420833976918964,0.016356320371358424,0.0028954944858593386,0.00835248772390453,0.0037242214426884204,0.01470018594969898,0.0037280287835067013,0.00616599049098625,0.014622875447862213,0.0016451346130112923,0.00973799013816346,0.0035116799803954256,0.011729848477216191,0.0014660675005684037,0.00789854957788849,0.0039111156216763785,0.003858319842982729,0.0011634369638175714,0.008671682207845397,0.005795389262690339,0.005937102695676264,0.0012362991316920114,0.005659865290110105,0.0012929572971456592,0.005788201041293663,0.01571655240301321,0.021067287495342035,0.004872494532654988
0.02584450623237323,0.045399319064524574,0.054899679439859884,0.016044687475443523,0.05424999282496889,0.01569319751001115,0.03411025403207529,0.005937601721182754,0.0055487876779587745,0.0028743275317659155,0.004080099424824054,0.0037661689939126105,0.003545292917866175,0.05101907740747681,0.012428559021955695,0.16923596286928375,0.0017825730941227506,0.0025702801308133596,0.0017640236660345643,0.0038446397817273065,0.0038737076612005957,0.0035386970957961366,0.0031818307654113112,0.017691233268083414,0.011881746501961854,0.025358863106074925,0.2243348043608107,0.0037551448586967536,0.014931471630617964,0.014088662133409655,0.002975082637088415,0.008087277178589012,0.0038894563586313715,0.011279771958791365,0.003530276351430776,0.005588474763890349,0.011895290061901468,0.0014676738020662783,0.00845568684979262,0.0029331502949648193,0.011014258035883748,0.0015358011339784185,0.007005322712584746,0.004895677066798439,0.00404569424658476,0.0013510620655163086,0.008557141958643105,0.0044028893525117786,0.00566637883477981,0.001049511617231467,0.005707223750005483,0.0010924264118753078,0.005117233780423838,0.015105156950319158,0.02177588597403779,0.004301003651435033
0.025747817619943797,0.049685803760631336,0.049480331184943924,0.016369297611527577,0.0522709424876981,0.014897376748067459,0.02910889979300055,0.005884709543815422,0.0051102358131120485,0.0026924043985420954,0.003395883888202103,0.004034935599738732,0.004049349012485461,0.05406646883524578,0.015601881078507521,0.15469485414836592,0.0019079615338503117,0.002701640548230884,0.0017036888847419872,0.0032071972145989365,0.0034920504425174285,0.0034036414373309312,0.0023941508853522163,0.020736624060124755,0.012307831220890493,0.028503325281636117,0.23374923599751704,0.0034485478961818715,0.013429686965028654,0.01218727147015251,0.0027188070404855413,0.007761085124976159,0.003592899719116866,0.015292275596288919,0.003436709750834671,0.005602858156767634,0.014131149461973665,0.0015516727410489993,0.008797994501245564,0.0035869717201458106,0.012315029699366719,0.0015561749031108812,0.006737486273806412,0.004767308796350779,0.0035621416552509126,0.0012535109023791983,0.008309443870600746,0.0048664645795450465,0.005044071471635288,9.723237370075451e-4,0.005275766985691201,0.00114438520803396,0.005540160891823841,0.014207863706268758,0.023162940247346026,0.0045484578969168625
0.02368961448676579,0.04549767586122026,0.05243669215957438,0.016080397040564635,0.055359796980320654,0.01572785459464838,0.0349054868978149,0.005406481236747219,0.005606213470224254,0.002785269939831573,0.003472571074776735,0.003833734187612525,0.0037894690648094726,0.0536916952591556,0.01357351290774149,0.15621775533561405,0.0017389317867672776,0.002784525891330429,0.0019225109895500238,0.003777936105890148,0.0037045891004158595,0.00314929409837099,0.0023998916826371763,0.018487493352937114,0.012482480764656897,0.029357230414923413,0.2211693024199389,0.003404430269017837,0.015553458856555975,0.012715477263563148,0.0027939511552030278,0.0076402033052048925,0.0033203263706045286,0.016225657571820516,0.0035182836178365724,0.0054221433166148246,0.013829779660690001,0.0021165808101985826,0.011658356726798028,0.0032816094114398848,0.011617598400067838,0.0012697343394386857,0.00697354211626675,0.0047032563337973295,0.004477235367704439,0.0013522954588769203,0.009554007367066844,0.005090669832451891,0.005119511113496592,0.0013792628467893865,0.006084309398518425,9.64141187058064e-4,0.005400798412956813,0.016351837052184275,0.020421592484093115,0.004711542848844631
0.026060588040206483,0.044922109980995044,0.05081670122700944,0.01679642440386924,0.054535519119556536,0.01571041213869969,0.03405999997802142,0.006135790815644556,0.005249167946831509,0.002715788035645836,0.0033865625547026506,0.004107401634928316,0.004041073809382591,0.04833851664837827,0.014503511832660661,0.15922343430625352,0.0022533878569159487,0.0028517664799982746,0.00156000126595955,0.003132906551042832,0.0035014515843076453,0.003526960818061905,0.0026716619101346912,0.01869286949416848,0.01226110162265185,0.0341131331359215,0.2240805145830431,0.003052640253632817,0.014087097041624433,0.013573052095955974,0.00284922585421317,0.009127208215184758,0.003687209694269894,0.012086502639555479,0.0038075515992466603,0.0058061380704482616,0.014381256818521393,0.002124175838547124,0.009685526053796622,0.0034579089474080817,0.011735028862012975,0.0012506832362255147,0.0067603837841341856,0.004598905051013204,0.0036640740041524672,0.0017234735025227447,0.008544614148408066,0.005696249273930519,0.006195946380009865,0.00112754428253298,0.005379627961953591,0.0010301431583657858,0.006197629616132336,0.012613519936477883,0.021649274682000796,0.0048586512227309165
0.02558593754539667,0.04571329266885944,0.05335448194191246,0.015775450875151902,0.05800975965489782,0.01639026350666155,0.03653298743892142,0.005736852466350683,0.006106188787046659,0.003021821182399658,0.003694030488736966,0.0038891527576078518,0.0037250369695890394,0.04956761054777564,0.01592400239902743,0.1554086241487818,0.0021220120132462465,0.0025546193784433974,0.0014029202237374424,0.003318929394913513,0.003480223560889997,0.0033778504293518583,0.0021529758196835607,0.017472767212348247,0.011837058945572878,0.03147277640638951,0.21460789651868034,0.004068429472848067,0.01375473331161622,0.014634032614398634,0.002995176513463012,0.008431815917044162,0.00335367396589666,0.014318773647778896,0.0033667548375360744,0.005707182678914847,0.013652315652192168,0.0017447112234475007,0.009062111800909902,0.0037715734991208374,0.011890968641861207,0.0011779304041763755,0.0072271413074916045,0.004271004540370801,0.004501391762424613,0.0014617139445800619,0.007687164712836334,0.005566343391500747,0.0053915866301190675,0.0011414052402954245,0.005709206363927546,0.0011022993249130892,0.005570464311534885,0.01596770286824611,0.025573211688027852,0.00466365645015337
0.025547906202918493,0.04711985058178014,0.05511056425825683,0.01616832838996657,0.06027353441132622,0.015593823992737189,0.03395245612495671,0.006039357220500967,0.005841118568292775,0.0026681094428181416,0.0033037481045948263,0.0036932004697224382,0.0037982576663545186,0.0497781075874602,0.01333665966969606,0.15060678551903506,0.002260314854137741,0.0028111036152990623,0.0018529328913497553,0.003452014716805897,0.0034411781895647034,0.003513417767682228,0.0026602655285171872,0.0169105997866857,0.010540730949397706,0.02832314322234358,0.22847064492687674,0.003245365174940204,0.014100315241362748,0.014958905460556142,0.0028252031684001333,0.008636105450227928,0.003378255123484669,0.014299867055794065,0.003948028507084145,0.005510773026527938,0.01339488026186312,0.0019274218542930472,0.008730222006235031,0.0035335371769298694,0.012114068232099443,0.0013464410708413622,0.0076924594215794255,0.004408819374761503,0.0035656153193966054,9.754555243417767e-4,0.008720753708977074,0.004831041679495163,0.005231307952565308,9.417854129279023e-4,0.005704399019056921,0.0013332655961897984,0.005490896905864829,0.014359758520345834,0.023291553881069373,0.004435344213711245
0.025335115970517585,0.04796236097953237,0.05814461386144697,0.01621526692982665,0.055604025885301556,0.014054885229270519,0.032246875344517506,0.005351275975499831,0.005283563454752661,0.002917488217196002,0.003382308024808589,0.003883439714141815,0.004262783106978193,0.05143783275115958,0.012036658000161666,0.15169659365002439,0.0020061344140620313,0.002752008610513395,0.0015942898338417917,0.0032636561347218025,0.003661426903579813,0.0035930541254186764,0.002945823395494508,0.017714351628811378,0.011757910563343724,0.029960064910294227,0.22758552066745336,0.003381790887621132,0.014381490903996619,0.013939084581953719,0.0028075326717450846,0.00808308046419737,0.003433788848095365,0.012689449456001143,0.0036746847181938617,0.0050657317115911735,0.016528499158230826,0.0018555381017653437,0.010067454068671674,0.0034201955900971695,0.011861982963866218,0.0013135189408533534,0.00690837072527426,0.004080237229450075,0.0037545437084394403,0.0013070023856040927,0.008275043319911652,0.005976174407565119,0.005187219882925887,9.166734705259731e-4,0.005525067906063228,0.0011135059484539563,0.0059284140610727076,0.015761374889942,0.021772391665422008,0.004340829049798972
0.025842106479957664,0.04506203136211126,0.05436994285155043,0.01612198889286003,0.05265290932104908,0.015703561474557506,0.03261563765734891,0.005357330454162175,0.005584953242564342,0.0029453618149497423,0.0034295556737042898,0.004147032725021677,0.0038802940432357638,0.04743841340206341,0.012846522456607312,0.15151407735434844,0.0020001798492179455,0.0026947074246613644,0.0017395188031818214,0.0035486037216139964,0.00391761422980109,0.003441666436905677,0.0022421896039007344,0.01932076785636002,0.012068360050315693,0.03041127268658729,0.23048686065056873,0.0036249224454468617,0.015573674396557668,0.015614996628625427,0.0029505240173983314,0.0072500262060234055,0.003763368899212256,0.014409501645126147,0.0037126103191047577,0.00565128531951999,0.01576912074505929,0.002377118965241236,0.010196409526808031,0.0032570828606512006,0.011208907814182939,0.0014392885963737437,0.006878838067924242,0.004366854554178971,0.004197361468869647,0.0015236353568305846,0.00824381611572985,0.004992758069809649,0.005019735754662384,0.001041919019446393,0.005765946957157007,0.0011161017533621908,0.0065813011045991335,0.016224867958872673,0.02120137255122552,0.004663192362794016
0.024809076300440863,0.04641195706165979,0.04876514442428589,0.0162979330682226,0.04837731256361401,0.01615851558277678,0.033656711840775275,0.005952144981939392,0.005600610356586351,0.0030594710307458883,0.0035852565164134743,0.003847093191460721,0.003997662380559277,0.05126507413271746,0.015653516422056965,0.1638804531000261,0.001889811753932074,0.002621286201402777,0.0017643327815775646,0.003804172181508938,0.0032935931441611874,0.003677275097844444,0.002487131493819597,0.01826358992835615,0.01078500504381385,0.032113383314573356,0.2218856676089165,0.003259916768035418,0.015373640072108782,0.012507857468610868,0.002693534889739097,0.007885881485864586,0.003776940863515734,0.012262587105629517,0.0037656306486497306,0.005038481319983645,0.013691060338516362,0.0019320371036926508,0.009776957388139967,0.0031074872196222036,0.011145856593739994,0.0010417905789538563,0.00661477695022895,0.004474996482160057,0.004469947855085417,0.0012779260063753187,0.009990951336228428,0.0046672860472150865,0.005858269716656036,0.0010903036139161566,0.005467670482895911,0.0012143641819667595,0.005378645708675945,0.01680632447411036,0.026882789821606412,0.004642905973889416
0.02687109556524786,0.04491764079804318,0.05006957350421124,0.016667863182253936,0.057321193440249524,0.015275366255199194,0.035404719604479065,0.006044447936606925,0.005777507735326234,0.002602699954930535,0.0035602209905248954,0.003569543060414457,0.004005007119386721,0.04983287322580235,0.013339581969836587,0.1699170203678855,0.002270485022854714,0.002710566169289383,0.001855450371814939,0.0033501141511182164,0.0037690078616885257,0.0039447398163544554,0.002673799730079262,0.019691907505292663,0.011920504297854365,0.028513710774607924,0.20702423050312113,0.003989666222713821,0.015039114746272468,0.014152912923792426,0.003416774617113319,0.008715763895270364,0.004368094109634526,0.012227420585627834,0.00405910078855065,0.005739751323506097,0.013539642912323988,0.0016710838856383206,0.008484371293998367,0.003124708196533077,0.011034463512295742,0.0012542213950944724,0.006759263330918407,0.004176704564700143,0.004550472749939328,0.0016715643661826239,0.008886453524699918,0.005790217310752896,0.006214837839500515,0.0010090606181438946,0.004984879639172208,0.0013070379451353687,0.005555843013082758,0.016252305649044962,0.024644062874973397,0.004479335250914266
0.026653033676494898,0.04364822493277139,0.054491646770474494,0.017504494574532348,0.06132023855211849,0.0164004989242818,0.03106629122978981,0.005925081525176949,0.005733331552553506,0.0026677029208101895,0.003891115817228411,0.0037091800840745536,0.003669709235719104,0.048091662859668365,0.012246322996283683,0.15452867543748194,0.0019816804229783463,0.0030488376990428817,0.001638676589052719,0.0036052712517870697,0.0038728534201000783,0.0031466122205598785,0.003140456476759493,0.017897140729399276,0.01129569292514414,0.029764029506151923,0.22269917865746716,0.0035720097496478856,0.014112827608487975,0.01424600864083796,0.0024671518947521794,0.008383201098269883,0.004559933103306517,0.014632316231491149,0.0039008332312555033,0.004391191888897802,0.013263774919133263,0.002302269634648012,0.010141991004997582,0.0033375545129747694,0.01170031050454082,9.660965627230329e-4,0.007297187277491572,0.004664460788192982,0.003973786278272545,0.0017008925833133497,0.009010037226833066,0.0057289005108725885,0.005200501737128875,9.761537048072334e-4,0.005507309678457347,9.973715739845536e-4,0.005809662129685529,0.014809931337106532,0.023732434505248926,0.004976259094737697
0.025865328924768633,0.04636067931918424,0.05043022460908406,0.015974654132630762,0.051978668085158775,0.016137944102518495,0.03282854164255541,0.005565479657531595,0.005892266675580371,0.0029314512545428675,0.0035461153355913063,0.003787554107043766,0.004293787786755922,0.05324106994712393,0.012330826338571263,0.15602247148051995,0.002040125943144536,0.0031806564426380478,0.0017951247336547875,0.0034320517480533105,0.0035716696339686636,0.0035830598410609383,0.002761384046750751,0.0205448523756366,0.010947346676157831,0.02978671319064757,0.22291899960758332,0.0034523333695593576,0.013929645074869984,0.014285906057824331,0.0027806999576134514,0.009004528558348183,0.003978252400668598,0.0161489603991414,0.003925799986991675,0.006008274112542744,0.015521893752758129,0.0022610229467379317,0.011681562989048377,0.0034362339769568742,0.01141490223983268,0.0011541193682834188,0.0065574814960933,0.004433480639790109,0.004000820745141563,0.0012408187484661487,0.008162923288247614,0.0056096483697484455,0.005694294868453655,0.0010781722781014974,0.005892396737340582,0.0011765393828396843,0.0054720613735722325,0.01584622084414224,0.019305259764733247,0.0047966986336948625
0.02513181143558007,0.046599376730896654,0.051002378287415856,0.015561822780661039,0.056673845016776934,0.01503176985583452,0.03159678851675508,0.006134559937204418,0.006431561819555799,0.002660984496447061,0.0037609821372475575,0.0035657563992844803,0.004008060454077067,0.048983694710984536,0.01374296849997133,0.17976611822659774,0.0019042022716893225,0.002493854918689251,0.0017716617259138801,0.0037828657217513348,0.0035722451076543437,0.003612781169302755,0.003318639907277492,0.022225757625675992,0.012431886090066712,0.03020570197307909,0.20530824196033728,0.0029474368470989126,0.012862425300860587,0.01329310724199931,0.0028048918310792327,0.006728704459898382,0.004171705424531635,0.012164303890663437,0.0035467961285121333,0.005531991275137795,0.014219566248338297,0.0022684289052017333,0.009750979541432123,0.003553735713513579,0.012822033657165454,0.0014264997320220033,0.00744092710622814,0.004527267991087315,0.0038359846904847056,0.0013955883605890728,0.00903238984472127,0.005842257848718793,0.005565148964467594,0.0012029437883590208,0.004811642028037332,0.0010701267604130427,0.005559653655653344,0.013060300071322072,0.022573177430606342,0.0047096674851296975
0.026968585140125526,0.04614644666319413,0.054833452736732916,0.01639039658528689,0.057889173120032146,0.015633919565890365,0.03343106789997216,0.005706645942289426,0.005820107387218588,0.002705498412183275,0.0037699021630527994,0.00419122908511137,0.004490820667440394,0.049550555573859185,0.01623105892151626,0.1465051675113014,0.0020965056646367617,0.0028889875295635475,0.0016360470463161316,0.003828490931920836,0.003438394587882666,0.0034669225316415536,0.0035281355690643325,0.022194571426540178,0.012444462822984935,0.02985654103360563,0.21516003191098293,0.0033794934817521715,0.015370957102171302,0.014356406843136141,0.0030868200651919106,0.00781254402754172,0.00336501762577103,0.016961583335431442,0.003957456357623417,0.005611789330360642,0.014126070771141308,0.0020039836421285283,0.008678442018843224,0.0032531347922166256,0.012055086560196696,0.0013915965268530496,0.006663453351470982,0.004248174206977326,0.003913099524861315,0.0014628446034959395,0.009931436099788884,0.006275424933954379,0.0052846350057794604,0.0010602138562640553,0.0060539229768355836,0.0011130359797465969,0.005991768745842742,0.018501581516781846,0.019247432206996637,0.0040394760804987094
0.025753098486128573,0.04513650914531109,0.051578893431443076,0.016832264868779322,0.06300665119192003,0.016160895554962623,0.03313172652365396,0.006096958031962431,0.005539828554821602,0.0027800369512503385,0.0038923174955176674,0.003599135372020909,0.0033692067398170674,0.04778550774182541,0.013620199160486296,0.15844826728787564,0.0018908342718530237,0.0027840584179639055,0.0019462306529874143,0.003720425938838332,0.0038688435057401436,0.003312259254068789,0.0030316969515635298,0.01916310671502453,0.01115853378612527,0.02960019503956959,0.2162582325378247,0.003071048593338907,0.01453610238470973,0.013041339573768847,0.003237438583151404,0.008673612870502386,0.003858655638955052,0.01235311501017633,0.0036816074378785884,0.005123646542415335,0.013927916561271422,0.002079422028709949,0.009797928817009399,0.0034595925108024993,0.011557136495446634,0.0015298950590536494,0.006431245019034195,0.004340329527021198,0.00411257213173314,0.0014171837188228053,0.009624682100671432,0.006130531998988801,0.005881609626652143,9.96116959576838e-4,0.005564073875866054,0.001255898267541866,0.006292964049571041,0.01521398901681381,0.024881746164145624,0.00446268582703564
0.02532763435658234,0.043070427819361094,0.053879489580516506,0.017567756755116994,0.05399735269674511,0.01661289269989571,0.03339331932046804,0.005628431582861111,0.00532193847409856,0.0027893017716872272,0.00336054029569768,0.004064772759381537,0.004234925522466004,0.052117193150064044,0.0125766177049868,0.16811135705447866,0.0021505446715838305,0.0027954024331952134,0.0016615882166529212,0.0031231610327250026,0.003811645583086018,0.00381684362572003,0.0020845629058061075,0.017709426393474118,0.012461438967383205,0.027431921580429428,0.22043712243802469,0.0036124611010309206,0.013107788841742395,0.015119916934305826,0.002862441856432246,0.008046725903052991,0.0035523521636377717,0.012941967603427872,0.0036171215012403696,0.005324441694453304,0.014579144025800952,0.002210565980551967,0.008424963047085048,0.003652291327777739,0.011749166996680702,0.0014514943607692383,0.007859090084488431,0.00482625230689379,0.004271371552401397,0.001620718931454654,0.008111077718528585,0.00547972667664834,0.005418735233775133,0.001084857719476741,0.006505999298130484,9.965387297887608e-4,0.006124141216422239,0.013509527358396962,0.019332818946605886,0.005068691496511243
0.024397636932398548,0.04513948883529681,0.05547354410738668,0.015749704214730806,0.05569956131111334,0.016197824748593218,0.03258073541446415,0.005452430316018253,0.005480320321224824,0.002787567098425245,0.004048609080514981,0.0036494894538241407,0.003724235439788059,0.04325792487446322,0.010669445476424295,0.14700554477188235,0.001942995594555221,0.002754979948174597,0.0017006404665264106,0.003227196729228411,0.0037535404334943074,0.00356577374378803,0.002528808519173622,0.01814918209621167,0.01170419037402839,0.03287998672650282,0.2434651255999818,0.003392734472312715,0.012474772711740278,0.0131452954262395,0.002812218715735911,0.007919009103469958,0.003860732021985951,0.01443800897763243,0.003995656424154773,0.006189664092123974,0.015655027378740867,0.0022866338748084606,0.009204678701038178,0.003360709208417312,0.011090852899494762,0.0015899562241393536,0.006974242528157854,0.0043120868781076375,0.003822352587072442,0.0017824888079384358,0.009366817974080741,0.006010451169945519,0.004939777622611272,0.0011643152156507197,0.005247791155622391,0.0011854589061580704,0.00586759485996156,0.01657770946026783,0.019451035451846167,0.004895444522330751
0.026220911282790794,0.04478490303886312,0.05558243286038159,0.015842912819101492,0.059182124651066675,0.01530620765365313,0.033173357867083,0.0058418385479032196,0.005391420676828417,0.002934696386595542,0.0039121670825485455,0.003959947611967466,0.00365015981390306,0.045291795898048645,0.011515880789921076,0.1678948469905931,0.0019992279205925238,0.0027336443099065695,0.0017191012892213702,0.0034012373887495726,0.00377209919222721,0.0034959344272613583,0.0024998075177002158,0.023548727632591936,0.012539250267827484,0.029940472432120915,0.2118931286130866,0.0037228416587683053,0.013134774630329716,0.01340970702441417,0.0027882895570362325,0.008256409290975318,0.003656498525070873,0.01488654778575356,0.0036394262789721486,0.006482401570321389,0.013542515910651004,0.002195567229244466,0.008924200103013445,0.0034669395094716607,0.011420158559696886,0.0013379287069531845,0.007583733904072574,0.003887958258837093,0.0037854499120709277,0.0015641254176402737,0.009052338780308252,0.00516386360004415,0.005565677694430065,0.0010956104494173338,0.005726713531263509,0.001208919526531928,0.004992636306765668,0.015148110249437827,0.02202600270431476,0.004306418361658625
0.025894886490747684,0.04456193579827957,0.0515246481798903,0.015955771861733227,0.05126044464547695,0.01597408211609996,0.032557117051790006,0.006033481770271089,0.00557502080620645,0.0030160768434901696,0.003299954461584648,0.003827475689513049,0.003700945487650251,0.05368967270350966,0.012667745126758079,0.1527190389378202,0.0020937882055902745,0.0029434909271163425,0.001639605281246634,0.0034436973973923854,0.0034811373781728516,0.0035594768686716518,0.0019619342412198755,0.01830449421657361,0.012005705238348357,0.031980427499843006,0.23651674483222296,0.0031961166533439906,0.014901773912274445,0.0127658894172109,0.0028712367875263546,0.007011374861457525,0.0034601196532142438,0.010978040072071949,0.0033514971911834716,0.005735705107855211,0.014379319659041892,0.0024481778893811748,0.009498942802138378,0.0031990133989385295,0.012169839346590052,0.001449926087401613,0.006683638769258754,0.004081691785232994,0.004092509462865486,0.0015401300155163129,0.008466927553782045,0.004813682418835603,0.005093582039475957,0.0012206909534883356,0.005936904679437522,0.0010432494376538268,0.005147276502953569,0.016966743644371396,0.02300315314573686,0.004304046694542362
0.02529657582521692,0.04852341452578873,0.05186019121664441,0.016797971229907522,0.0502816527793029,0.015448065235948737,0.03266031173604017,0.005789736482879709,0.0055928549551305055,0.0028183600515003363,0.0035798723823082545,0.003989874482070454,0.003882843877652649,0.05380760375175352,0.013585447278554664,0.15651747807778651,0.0022870579636619253,0.0025844302527487117,0.0016498188220401729,0.0030719582329645054,0.003925618107039988,0.0034411721369563813,0.0019807606901069536,0.01969203536152241,0.010332442926184985,0.02799499121229872,0.22649191376242067,0.0034605866755756357,0.015212737978138657,0.014081056902108714,0.0026775024264370415,0.006972741072153789,0.003059385967247323,0.012475139939246671,0.003517410782312781,0.005719426770618364,0.014229227766262632,0.0017336442474298905,0.010972719666172562,0.0027962954291777284,0.010637831317107573,0.0017080679518651216,0.007075793571096656,0.004559615234219275,0.0037582317872765117,0.0018582030522381143,0.007801701854435033,0.005407881676501892,0.005961651784356403,0.0010745460045216582,0.005673012451955406,8.629472958899017e-4,0.005329292734003806,0.01645155523599492,0.02615756050418556,0.004889778565038997
0.02842452581236076,0.04819316078555503,0.05053943991335399,0.017567907767370362,0.05386919005955147,0.015459202492340276,0.03305609702482437,0.0060491825347202995,0.005825342719489184,0.0030715095423331502,0.004192443966442091,0.0036976600116658646,0.003866642572463659,0.05088561558635564,0.012346050516917598,0.14855810701118088,0.002102221913763678,0.0029475331032945773,0.0018477135738792039,0.003333722909868778,0.003391808906175272,0.0035291953091279716,0.0023320284498131315,0.017045476173513978,0.011100778079602563,0.030753998296388845,0.22324671041489455,0.003171254773055003,0.013305148641279388,0.017141742236074377,0.0028454079344482105,0.008067117917009837,0.0037859331068372574,0.016879093942887755,0.0036278163717117654,0.005970180566688825,0.015115885889794773,0.001818784939366425,0.00872432378839057,0.003670637960434082,0.011103979974321988,0.001821441705933101,0.00833014764812128,0.004532249100633089,0.003787188843862281,0.0013932022640302032,0.00800520959684635,0.005806407279012832,0.006150696454405097,0.0011970101421932386,0.005337482041875532,0.0013688001521998934,0.005616669659505266,0.014780960270820062,0.024144439562246264,0.00526752178876805
0.02538163523151231,0.04447851880862315,0.055879142026373806,0.01632124977141897,0.052712761828028525,0.015572363626421656,0.03234047725635107,0.005648794963893947,0.0053893430909093655,0.0026096961990261787,0.0034278377705557928,0.003629988534620781,0.004370436824697904,0.051119241867139426,0.014421796778086722,0.15713199007733014,0.0019593797410832185,0.002507194329755014,0.0019115440873953237,0.0033622196933542985,0.003506714924820231,0.003346147818417641,0.002647933877263772,0.01714681921398046,0.0117536910408853,0.032534321140559916,0.2224128628702682,0.0036540693520713146,0.015160715902945685,0.013231480691805166,0.0030303673215159965,0.007371076637031619,0.005185296687300375,0.012635352963230569,0.0031551671433363137,0.00522644549497059,0.014953833773345592,0.0020344619591929586,0.009397690738423836,0.003014593210441364,0.01420901917715771,0.001722047502706912,0.007107264195365426,0.004410494537943528,0.004164378536682878,0.0015045816788931026,0.007737639196820046,0.004976027372064224,0.006162576436751176,0.00120486810540097,0.006024069440710527,0.001040633675211747,0.00549100040639882,0.015881315223668556,0.02212875217657553,0.004660677069264271
0.02468854637255773,0.045667574004362874,0.05359830542103468,0.016267249258995815,0.05735590736860515,0.01665956494868829,0.034301424942103614,0.006202109711587681,0.005959502624648128,0.003100404217070194,0.0033928435556632706,0.003438950331468703,0.003966531056901585,0.0517362864134413,0.01291217496203714,0.16613180569270264,0.002024144705354578,0.002489572727186324,0.0016063953629276068,0.0035851450036695387,0.0034920179947518816,0.003717522213487504,0.0031642888751944277,0.01792526924294811,0.01094005218742851,0.029130923726595457,0.21490676635869307,0.003357524950444362,0.014024652340215535,0.01315833443473282,0.0029222836073565114,0.008131152246731587,0.0032842824199167554,0.014587622857577618,0.0031976048896542094,0.005824190744473002,0.014204860019005113,0.0014912062577503407,0.009206631626649522,0.0032709713710516526,0.013013508127381545,0.0012985425772697576,0.006867014800854485,0.004321783944258211,0.0038528025655835195,0.0012637539369704175,0.008606770944695011,0.005227156306907817,0.005248981673417094,0.0010616114363782433,0.005353257059349362,0.0010962218995538503,0.005616460253271177,0.015249463146900228,0.02221208275602554,0.004687991525518968
0.02490466005464283,0.04826906527118616,0.05147326319229605,0.01582681039336375,0.055880380594552546,0.016116033337861123,0.0336636468499467,0.005954350441082233,0.005555143939366712,0.0030083976032198663,0.004034605966665859,0.0038965111795124163,0.004296874694927389,0.0460416174664628,0.01550895500589496,0.1685970179777666,0.0020034337945228106,0.0024193101366453097,0.0017950612777949463,0.0035594989878405753,0.0032996070465829415,0.003024907711864823,0.00253295325160491,0.019732065242180873,0.012697342747217318,0.022796944300178385,0.22315478160974575,0.003719571239546877,0.012039036496955683,0.014351074533782532,0.0026856864021928854,0.009129755999605731,0.003748090940711143,0.016526832284813952,0.0037349170023777242,0.005307156424071383,0.013543321393807149,0.001456255021810424,0.01007483253398593,0.0032194833256795514,0.01063694547243032,0.0012434214092748004,0.0073238620988429716,0.004546773533175439,0.003613723743538385,0.001163853278160043,0.007875111527095519,0.004493017055565641,0.004997500834363234,0.0012838132382743546,0.005906890752296206,9.752465713772524e-4,0.006306557176353293,0.014613296630040119,0.020623615168031118,0.004817117836913659
0.02445438199634566,0.04498842916076467,0.05095280318471784,0.01613180001932289,0.04875158911793173,0.01532303952151276,0.03172945187951383,0.005659579417359993,0.005600940268544256,0.002703133039243836,0.003718169787675298,0.0037678661093026302,0.004220516801702766,0.05021729663795889,0.01542278009478477,0.16294003836387058,0.0018170115862260942,0.002373634243662812,0.0015421226561787738,0.0033292682340094353,0.003224062797444223,0.003134099517687227,0.002081740910251659,0.021486716972362103,0.013302841633492733,0.03465435427894615,0.23089279317407868,0.0030501363579477827,0.011818415495975688,0.01479535860615819,0.0026600911257388614,0.007289804047748873,0.0035781018258333025,0.01036022473143334,0.0037103720166288276,0.00531503988595962,0.01287031259652822,0.0019127784696686841,0.00843607490731641,0.003156516162740527,0.010954973408362188,0.0014915991160536909,0.007679520311154266,0.00451779747362574,0.0037381726403597697,0.001219594074095946,0.00766425960082328,0.005680021075054358,0.005351323354436431,0.0010634356776220671,0.005833768904586453,0.001089995937953761,0.005339650016565315,0.01519425879813279,0.025458071498452542,0.004349870478150809
0.02511230062854994,0.046864073738220775,0.0523705403053591,0.016874525253731718,0.058529775804996596,0.014588095246015217,0.033202349306580795,0.006087574360958049,0.0054765581701776275,0.0028227372622321337,0.0035844680060869044,0.00405536467417462,0.003992916184067939,0.05076385135308501,0.014166399569004484,0.1642388395862863,0.0018881957416783358,0.0025087975738599918,0.0015623268034772437,0.0034236050699354968,0.0036052161026224687,0.0036634026064726916,0.003349323486403862,0.018109984809178963,0.010828808083331023,0.02816442474281008,0.21413745087163794,0.0038994775152129,0.01342190416989131,0.012826956750712309,0.0031185883072958084,0.008726086943822814,0.0036070894972912715,0.01232882536859486,0.00350377428471068,0.0053551969880065355,0.015415440904861575,0.0020141617457589693,0.009758735901456112,0.0035893401845144843,0.012782013240440405,0.0015657606201914095,0.007753938991666264,0.00523262378096335,0.0037209518452120316,0.0017206460212379705,0.00839546572824182,0.004711464358881316,0.00496038385487932,0.0012954533725370136,0.005328770526021438,0.0012290198360543857,0.0054484472945650715,0.017918696803200067,0.021644479693870046,0.004754400128973157
0.02669931885721881,0.04643308307871641,0.053025997607936554,0.015974469249513273,0.053969764368099346,0.015268951045841495,0.03289663192394554,0.0052678080799610305,0.005664824127443075,0.002676139052172834,0.003452878525241152,0.0035335430993972614,0.0036478260518898907,0.051061309178592196,0.013024857573587355,0.16517468712037367,0.0019271992836352135,0.0020876648335871563,0.001675371182834168,0.0033825485212882265,0.003927310515708556,0.003575293435290105,0.0021751480670571905,0.018139153292856938,0.010516625673578759,0.03139961536350188,0.22290248930045295,0.0035581154446040777,0.013142455792808566,0.013810550283319945,0.0025165462095678957,0.0077823714228983315,0.0031784022893546096,0.013049010676816342,0.0036903136852061724,0.005753006907607376,0.013618313272996146,0.002137383584543945,0.008519372601271355,0.0028956377603357826,0.012729148307116809,0.0016362012960322117,0.007416969635101066,0.004053933751328447,0.003656200691626019,0.0015882235312737127,0.00919105564479356,0.005138793935769116,0.005269448013506425,9.093611269186104e-4,0.005302838467563719,9.797906175651393e-4,0.005514632180229344,0.016891130900906968,0.022197831500830167,0.004392452058387125
0.025908529550396745,0.04699114646738268,0.053809547128903054,0.015446084530175905,0.06070354076498694,0.01599008818462509,0.03336055753136708,0.0058814720462518595,0.005341349469560928,0.003027714975823944,0.0037685699140344213,0.0039054785060342887,0.004320810038907321,0.044757282758959405,0.01404896102457508,0.14531205601534966,0.002045118739724917,0.0021760657203613756,0.002015439383916856,0.003288937518709913,0.003353915304976529,0.003135633441749025,0.002440211890164844,0.01882386996756935,0.009823854471593564,0.027822508048226127,0.23514551277276272,0.0034066319426288884,0.01430145703152244,0.012536263931472148,0.00264149822205524,0.008238419000700343,0.004332436251168377,0.01482223359981637,0.003673540708196176,0.0059755430883293445,0.013797800249919697,0.002358333720602848,0.009238262717546696,0.003827510958329083,0.012886873676177687,0.0016038774504280187,0.007309192444769687,0.004415377281320483,0.004582179381301276,0.0018558920480264125,0.008543785198134545,0.004794342866246856,0.005091662061766153,0.0012651075880367121,0.00568479734838321,0.0012420174209145766,0.005751126433892787,0.014102642191806368,0.0244216753025901,0.0046552637168278035
0.027154963244126116,0.04642245662483302,0.05299063184855217,0.016524783184924525,0.053448164405224784,0.01765100599145452,0.033626662435344616,0.005594478202257379,0.005597112824980718,0.0027052373579784256,0.00399695935993856,0.0037941420198674873,0.00468134800358536,0.05434449831153275,0.011943869960444598,0.1608893054365985,0.0019921030265580147,0.002699681698540269,0.0019376525156751965,0.003582442524795209,0.003465047154817492,0.0033079737307352385,0.002245942421655469,0.020110026749631235,0.011162757541475601,0.025125510914915994,0.21849189583209083,0.0035858200898647315,0.016365734800098987,0.0140052880609635,0.0031870729259460924,0.0083501496686258,0.003340730785755662,0.014609332800526436,0.0035087750433886993,0.005443403697147838,0.013490620577236719,0.0017059607398687223,0.008823747188657506,0.0035430320328911384,0.01303627865648547,0.0014588505593920767,0.005963993764909401,0.004766819573729388,0.004405595544043506,0.0017594446404885916,0.008603149873812931,0.0050950260632698285,0.005601478248797153,0.0011286079680880088,0.005560723165249746,0.001124780646739309,0.005054966350533115,0.01643450052385257,0.020124552421797583,0.004434910265305486
0.02507474061275439,0.040511367945874246,0.05224028998571656,0.017483717610775357,0.055842518235562785,0.015797548069991244,0.03365025044803042,0.006078649315990744,0.005685995458268641,0.002961417166017943,0.003210153214110861,0.0040532782976228365,0.0041673409078057215,0.049824213899201546,0.012540867191004468,0.1509281841935363,0.001844629101491433,0.002909499861827265,0.0018451893051046697,0.003528831512815564,0.0035497960139735008,0.0031867881405028154,0.0024574761815349434,0.017754484063760515,0.013698606554010508,0.03038349434582631,0.2348809177530938,0.003583805444238636,0.014711513855375889,0.011822238972099188,0.0033168402616718415,0.007321073729759255,0.0035110035515362892,0.013233929915738414,0.0034805864522123673,0.005408148466251365,0.013097250611221587,0.001979934744352217,0.008899467880169468,0.003152704494280654,0.012197568567688005,9.243028144030198e-4,0.007253466483271073,0.004187459747474925,0.004301499696979508,0.0015220066931674043,0.00857352167852551,0.004790274960637336,0.005462079688233929,0.0011130270939991955,0.0061247656545656065,0.0011151258547732418,0.005538878472860897,0.016589102572296684,0.02541527513489572,0.005282901121115425
0.023156606977493277,0.04855907355780582,0.051075826875203914,0.016194923185419898,0.054833744598716226,0.015734607820135645,0.032843630274718136,0.005687579797379352,0.005171340697409954,0.0029031313731057115,0.003523783009559597,0.003805885379760636,0.004061584633115768,0.048057998601682146,0.01341570156256924,0.1497282816200858,0.0018934905886641622,0.002584657778706874,0.0015873793265242368,0.003520096314740451,0.0030851113630393535,0.0030625642559384113,0.00252978716766017,0.020980742387821168,0.012251897449628395,0.0302654026628297,0.23794345942684,0.0037440084878014777,0.014845848915351977,0.013667189451027312,0.0030982039998768557,0.007786015196272093,0.0037528515820776176,0.014292265012719125,0.0036749791551549207,0.005037508865154631,0.013110104684084778,0.001849904123500709,0.008572775055216135,0.0028338043882867835,0.01169079126843639,0.001712182130828464,0.006935878655536654,0.0048405562855719396,0.0041442881773780214,0.0015141991985328249,0.008660907732835649,0.005239129349256652,0.006102843064944145,9.387415697367094e-4,0.005802565942278825,0.0011675155482763042,0.005837231111242955,0.014677462136063742,0.021615173083395934,0.004396787142606294
0.02564118705641887,0.044352469932972725,0.0536231078640069,0.01636692120141652,0.058203572598569175,0.01602339242070956,0.03099510488116432,0.0057209352668157595,0.005010283434444203,0.0028632998888404398,0.0037740987553433036,0.003984593078981775,0.0034811855051080387,0.05255883349200281,0.01581085549744511,0.15759870346395466,0.001900933316098632,0.0028260782042252857,0.001815366671772683,0.003156604120245659,0.0034407191670132046,0.0036274872972763186,0.002974250802486432,0.019412158239851846,0.01131591395588738,0.027392337843678238,0.22568687704556253,0.003923667240339126,0.015785358698589547,0.015147018078409145,0.0033656821260708743,0.008038691004343967,0.00388474501049837,0.012614438126527835,0.0033910731329748196,0.006077148023487327,0.012811700903343647,0.0018841433390493936,0.007934533896230585,0.0036375718466109827,0.011740046725603354,0.0014618889006841728,0.006063742118670909,0.004850591594710409,0.003823794246303527,0.001217772233141931,0.009769742594360418,0.005090940394240124,0.004982893197277175,0.0012008936356629506,0.005430940323054312,0.0011423904758997591,0.005602789091922348,0.01560929246659559,0.0191410393749079,0.004818200198197146
0.02835423754544284,0.04528675733526602,0.054581758657386625,0.015625531505680874,0.057287601444703344,0.015291769039302917,0.033323307707344485,0.005746850521725118,0.0055229142841191695,0.002824533232467287,0.0038661931731503773,0.0035466363155336445,0.004044149618560376,0.0508977614847263,0.013531503563072391,0.15270875598732953,0.0018869752367474343,0.002588889445745002,0.0019420879632240195,0.0038427026711293495,0.003851559930870658,0.003534038650345096,0.002260940148686821,0.020358102790330693,0.01250621062967892,0.03090878587713199,0.21672283983891302,0.0035447333206326754,0.014069734761314536,0.014790969527663692,0.002786714769746968,0.00897698506379909,0.003520477487396369,0.015772748908602693,0.0037721227498948642,0.005379477684469521,0.012996322387935935,0.0021454601824629363,0.010729310315966058,0.003700291165330361,0.011456451064175296,0.0015294915280855844,0.0069137096185018995,0.004698898286873142,0.004298500482623308,0.0017960387620329682,0.00886407955552683,0.00487422467474616,0.005095446246696864,0.0013214165720700746,0.005627473501479998,0.0012396126791273101,0.005438013013862265,0.016721805022928967,0.020728911193051463,0.004367184874387833
0.027384720095256544,0.04717569482102459,0.05188612618893763,0.016598384652264632,0.05797762450207052,0.015486663974858738,0.0345209004571311,0.0058976691772751385,0.005483812971495557,0.002827041580099148,0.0035870762020249435,0.0034000679646693554,0.003851646642873789,0.056131173247719116,0.013978416651562853,0.15932343023257345,0.0018970469220121132,0.0026454711544550047,0.0014512769531370975,0.003862542957959033,0.003812859555941762,0.0032749089390996414,0.0026823735401676164,0.021327247184750802,0.011302942531729915,0.029706065781459873,0.206087353072719,0.0031602399418733875,0.01670253741498448,0.01368098697641785,0.003557364695113322,0.007966730443899119,0.003178869806872241,0.013153237586902742,0.003993184250878993,0.00617252953677572,0.013902832281996668,0.0016435642751378532,0.009662448731134535,0.003254053973831597,0.011640559637717443,0.0012062103349183549,0.007013962588395402,0.004468090721401013,0.004098372041961766,0.0013213033308637635,0.010128793034403213,0.005120690859053133,0.005511408299414582,9.703857561751567e-4,0.005399346020301168,8.951202910838161e-4,0.00636331442240941,0.016470386789364286,0.02108739005932361,0.004715547942126429
0.026408724419250504,0.0489278554797326,0.056474714261080194,0.015710537526670013,0.0545368946807739,0.015137439740119095,0.034350488910306516,0.005600555908120923,0.005487683090456138,0.003097241681827406,0.0037610427562797485,0.0037787033375791847,0.004209894900750557,0.05091759507165777,0.014311997285530693,0.14292080362353357,0.002180995919848807,0.0025795205543035493,0.0016525639133546139,0.0035136898143092715,0.003474692096008022,0.0029644052516745413,0.0023489460558077774,0.020920572569571715,0.012478851323539899,0.03229202510762361,0.22618968793073074,0.003718360375523591,0.016557566344715013,0.013815604294529975,0.0032908185739578986,0.008210563266584656,0.004931305548855437,0.011370290371830623,0.003301810141110777,0.006096751062702651,0.012642284778914095,0.0019808531395808047,0.008886981648824874,0.0031906141564510015,0.010864766289418364,0.0014074905601556944,0.006786451974682954,0.0042425551498080265,0.0037206643844432527,0.0012818788658116715,0.009862345560994195,0.005275733314252021,0.005066689568278781,8.833604021150029e-4,0.005498524621881166,0.0011760079142933589,0.006051598617005168,0.014783223915031308,0.02411978722213587,0.004756994725670395
0.02612714345978891,0.046349321335083696,0.05200396123194406,0.017394034677263644,0.05481092184800995,0.016068899398566205,0.03413966350931373,0.005896175915737758,0.005985011987814796,0.0031028341103388007,0.0036663750853090714,0.003935530682497098,0.003915878384717206,0.0471718031151522,0.011807702340418188,0.14396517302200035,0.0019850324928825202,0.002592845401930909,0.001645560335253669,0.0031651802402776494,0.004160970231352503,0.004123583601116664,0.002554800750828994,0.019338192648718427,0.012270144753017204,0.02781965140755034,0.2356481170951728,0.003426004938642764,0.015246284828460428,0.012840432543157478,0.0030918474375739168,0.00920659054441755,0.0034404201509249024,0.01357470867996165,0.0037862929844146415,0.00558091035447517,0.015060879282588304,0.0021171144615909606,0.011160868085275706,0.0033714702515654704,0.011110915905777258,0.0013171166625945152,0.006788597181116569,0.005347500876848583,0.004020610221719025,0.0011835095297726614,0.009027541347259927,0.004811193281946157,0.0053200092495443345,8.29263427081913e-4,0.006057174569219521,0.001081859380815293,0.005258912036831981,0.016487111195612587,0.02304323997451727,0.0047671115542360695
0.02623503880563937,0.043920979782813487,0.05474368866375085,0.015326137052537702,0.05889810288266144,0.015495513568914366,0.032675320832021286,0.005718406035742252,0.006132950851884894,0.0031805428891422383,0.003459784162452021,0.0040248112693183225,0.004010088560311886,0.04929322068077255,0.012251800295403468,0.1508068049652534,0.0017346333788395066,0.0026494161671344455,0.0017677983970740044,0.0037447828880418964,0.003178683650099563,0.003826455463714206,0.002674776805014331,0.018696211736730195,0.011533099096048938,0.02611086396212797,0.2334580946610688,0.003232980969960619,0.013591979222542834,0.011928853442545798,0.0029836263461771088,0.009380479188998895,0.003397583677004869,0.014255638927426501,0.003640394218036777,0.005336627304806735,0.012897636405033627,0.0018942875472978899,0.009835499945938799,0.003459869724952861,0.011616682021639868,0.0017388321104784064,0.007206219117835066,0.004402904099085381,0.004392810033046252,0.0017612530045822844,0.008395746629737617,0.005004579005057498,0.005563433237654859,9.32040008314217e-4,0.005481765557970097,9.392940499052841e-4,0.00611410509490946,0.014170567113186613,0.025548789646551155,0.005347514844809269
0.02611951751800812,0.04608101426518801,0.05700809358538458,0.015864601982130418,0.05193255688267091,0.015073784682614355,0.03170878050617109,0.005413394401681563,0.005596839197116901,0.0028533455202536767,0.0037198562385062453,0.003997658044484616,0.00353534045501217,0.04884406526310519,0.011829499330365922,0.16758139894423632,0.0019578944895467716,0.002640003276858803,0.001522998014274458,0.0032500837480254705,0.0034890555599255716,0.003435952231579141,0.002167766622963666,0.018221653602569547,0.01094700191958524,0.02602220093884918,0.22464596838856685,0.0034313829620774574,0.010840433297391323,0.012489472749430105,0.0027600985486631343,0.008480003238450053,0.0033450300495960704,0.01655085288354174,0.0034516520078632564,0.00579193642631948,0.014028985728258324,0.001891681205499697,0.010169755838852467,0.0030503026930489264,0.010996726421680874,0.0015460310801008997,0.006467229518087555,0.004174205160942642,0.0037480849134899556,0.0017381550160976227,0.009427890996661723,0.005463585657138118,0.004883680872297049,0.0011684284109900677,0.006158374232184641,0.0010574627138393222,0.006196252734334435,0.016476327923200463,0.02413079881539471,0.004624852294893127
0.025599085246172843,0.04190621696889237,0.05331962328682999,0.015382574095591224,0.0591608579032399,0.015692782315851826,0.03280438424349238,0.005202753968633591,0.006129898383940085,0.0027169687540794783,0.0035321289135954647,0.0037355369810728478,0.004258689483686857,0.05006808576624086,0.012826066908455233,0.1587594474765916,0.0018152205104606284,0.0028973939776840113,0.0015717386000268416,0.0034217028049351294,0.0038864777446275555,0.0033208971469603533,0.002269771052678078,0.02096848387803299,0.00944804081625107,0.02611225402369849,0.2270106857790231,0.00390915138464616,0.014380690401042283,0.012813971569672029,0.003512242951307456,0.007485590608836237,0.003919810162474161,0.013932769746668803,0.0035908632871414544,0.005550207894103946,0.014004177667486517,0.0018226596073373648,0.009548134544347124,0.003238942773297481,0.011702565449355551,0.0012266087738425698,0.008092247834292318,0.004769504941870871,0.0037926263378726057,0.001511750261385505,0.010211942610912695,0.005092775894510621,0.005314223417349502,9.625522520568783e-4,0.005358020987233657,9.763933779056691e-4,0.005836476720460707,0.015145373665654214,0.023574389405852575,0.00490556844033829
0.026231082585286742,0.046363163571254244,0.05693225903278553,0.015827900942314507,0.055677024691747234,0.016442695345214198,0.03237230400737419,0.005690964491847266,0.005767392664541291,0.0029591766676436066,0.0036578336009626847,0.003452801607125989,0.003982336475763601,0.04862742440132433,0.013397263640062603,0.13621004339781767,0.0020739330232947776,0.002817715520172733,0.0016169222364756932,0.0037221669434508563,0.0034439259361876326,0.003277102560625302,0.0022302667442737354,0.018544032676759314,0.01219250995625563,0.029149426543473637,0.2422723883166298,0.0033888534719012054,0.014167011127102735,0.014242923773314525,0.002832079573919976,0.0076429849062196655,0.0036064903917252837,0.013969349545926333,0.0038487409693220426,0.0057990952975680654,0.012488909748934742,0.002492544277805632,0.011112708160840546,0.0030216269680505546,0.012426946483872816,0.0013084932071646851,0.007546055923797227,0.005232238872118279,0.004057975853686258,0.001567978798776864,0.008239272976871267,0.005372465662082747,0.006012838925449723,9.641424771842661e-4,0.005929740036784764,0.0011641278783438463,0.006718044565432741,0.015603384506706668,0.019686698844741155,0.00462421919369063
0.025331582615272852,0.04503053278807095,0.04701568192779729,0.01629713008434225,0.055130238373044205,0.015299742584210239,0.03328469348070482,0.0059900707748052,0.005178547463244296,0.0031296872554986044,0.003547967358087951,0.004009333423036352,0.003810768165310687,0.05263429008325677,0.014311562841414962,0.15590905100371152,0.002178466766281359,0.0029708121327311453,0.0017890463982551132,0.003401917613961177,0.0035777572680130783,0.0030335896946272383,0.0026531360636625426,0.020431492446963087,0.011603984602839694,0.029550969875513325,0.22803616749413094,0.003547871180625094,0.014540973282018048,0.013294084131401486,0.002920362596294948,0.009970616553592864,0.0038696611981500345,0.013672819398575157,0.0032605787779996813,0.005182274601129285,0.01256338028569894,0.0022482211816004087,0.009869060516952249,0.003235954382290986,0.012488450601813247,0.0019269810819775976,0.007595255824874394,0.0041127081239699095,0.0036425111958672523,0.00142568228242938,0.008537300009135678,0.0050633013526089985,0.0055493354773996275,0.0015035909505601763,0.0051175905802988446,0.0012445945605362673,0.006047455264714074,0.01398588982601202,0.023362311309094413,0.005082962893591232
0.027797710819510473,0.047228646413931534,0.05241477673561058,0.01605325392374359,0.05872590243722505,0.016726011539961286,0.032872527016665765,0.006339166968701486,0.005562699564080598,0.002975915063490372,0.003450425108365515,0.003940931191294792,0.00405755052038441,0.05416595572574487,0.012262629990918605,0.15884260789485039,0.002128203899206217,0.002316942217456538,0.0015431494401500672,0.003489903760018186,0.0033981821454252686,0.003207177030231252,0.002520782266499494,0.01738063030475697,0.01262945268502101,0.023633151522877316,0.22879468901267191,0.003674900457647544,0.013445888668006377,0.013871728385361968,0.002869124802366925,0.008474228444963339,0.003814156634490547,0.011961640433929473,0.0035529683318202914,0.005548644284028303,0.01134144632317594,0.0021200079173598887,0.008340056161706575,0.0036845828836023016,0.009638091396915922,0.0010726837802033284,0.00645201866944288,0.0043160486407001885,0.003604652405195569,0.0017523722301801355,0.008997487000796346,0.005347424948952957,0.005946787657197642,0.0010732699358170083,0.0055043729796610775,0.0010874068084264382,0.005740716663087657,0.01530902397831679,0.022283155266611253,0.004716138711241772
0.026012473759001606,0.04549513968098572,0.05277965023643412,0.01687976345985632,0.052325625161430585,0.015561841205118698,0.032647612845443846,0.0060147311728685525,0.005788185695548913,0.0032545839667962135,0.0035115251029154684,0.003491837728738551,0.004117366164977265,0.051377307203278204,0.014111973521467612,0.15926164876515508,0.0021696003504325157,0.002529331898179003,0.0018600624233325847,0.0031274604058687096,0.0034762329354106813,0.003651736453822247,0.0021561303952346788,0.018174769450201776,0.01110037363715081,0.03041508145800207,0.22446693538624365,0.003642205272973529,0.013211400987758288,0.014954894418232913,0.0028319909997148607,0.00665626053795798,0.0037203360675364693,0.012951977014187979,0.004037043356800041,0.006156275293883414,0.015588875752562577,0.0017861161056488674,0.010636270666288434,0.0036137584362577317,0.011636471735711461,0.0016776814319312923,0.006047794996643537,0.0042892040337402714,0.003687102921339014,0.001993730591499534,0.00966021673449976,0.005429132947568361,0.0059598718770541665,0.001169413284320676,0.005217241155961295,0.001187586616903306,0.005765914032015309,0.013097770350291103,0.023320204829368425,0.004314277087453927
0.026262653299905358,0.05000404567315303,0.0515389836066144,0.016256586808831703,0.05035270623652482,0.016166639026339767,0.032040861634554024,0.0055991387513937485,0.005615880575210206,0.002769060500516158,0.003926872086543381,0.0036630515392171814,0.0041304063818054845,0.0506371769017561,0.01370162095249437,0.15720465851908577,0.0019197150606189302,0.002867345120207998,0.0016096577617723121,0.0038163910195804364,0.003623347416559011,0.003417156051108006,0.0023084098625441567,0.020901874402967306,0.012354501279119195,0.029234602078983214,0.2265155170196462,0.003463934167093617,0.014356059580857266,0.012085908813759275,0.002790277084859191,0.00775200556918054,0.003116505463513924,0.015326832130405742,0.0031584957841045685,0.005862745400899624,0.015059463482305385,0.0018423742315970273,0.010299049752323255,0.0033111211816550822,0.011327231260540886,0.0011721709353211818,0.0068733095387025185,0.004405819436218707,0.004254625422039432,0.001173329960677576,0.008917344101336173,0.00538335772223536,0.005616936485195029,7.049433426664658e-4,0.006502226154786846,0.0011392033403017734,0.006085838419540538,0.01404496292042598,0.02035106436860248,0.005184004381802239
0.025391107399321558,0.043383887503667784,0.04995648835723274,0.015492034229941087,0.050510938075644454,0.01571628835482151,0.032765728258949633,0.00602454595746342,0.005696641542978056,0.002568783182468273,0.0038679412503661967,0.003922624753929547,0.004232013398998109,0.05401373344754528,0.013373682399706696,0.15594632686963805,0.0020517855428130714,0.0026209436722068142,0.0022243376443489087,0.003550172208950878,0.0032588261852728225,0.003665080333723022,0.0027534697779516594,0.018754773097511657,0.012749514786832311,0.02812195749839606,0.23748661300026266,0.0031292913658077987,0.013613530484733882,0.013664347691646046,0.0028100655075292014,0.007835888711723318,0.003189194969025366,0.013202157594970244,0.0038413644165908338,0.005385335124519322,0.013509997894451436,0.0016005579877426072,0.008797300596782779,0.003307741187312464,0.01254629683249702,0.0013512420964979194,0.006672671449756008,0.004449952086039077,0.004139767889945525,0.0014573532606849719,0.008508237776090456,0.0055234875798225065,0.005537913654683737,9.270011660998837e-4,0.005827610720629324,0.0010977197198128155,0.005832550520686524,0.014068883152745524,0.023490888993543943,0.004581410836687183
0.026690763988526083,0.04650348460265326,0.0547126021323361,0.01671849138009994,0.05047466792936384,0.014729238998486821,0.03398246786482423,0.0054008437881994335,0.005620167788753497,0.002667009647336519,0.0033618059747422507,0.0038652246472669085,0.0037919893131392744,0.05065170801631242,0.012029947229967284,0.16567375141651644,0.0018521333096874534,0.003207918854036495,0.0015825182095327557,0.0031831382904751403,0.003634654014392641,0.003155868510920844,0.0025459727930770976,0.019343192674377976,0.011613001566085017,0.034190753514309946,0.2160322765009778,0.0034541913913722832,0.014241400873746141,0.015072133103232578,0.002998071522504694,0.00904612373009701,0.003864845072107338,0.013199579497886403,0.003183283176473622,0.004943587761801609,0.015153562009767526,0.002264598032158667,0.010111453138951,0.0029791383237948946,0.011160919167256755,0.0012535330044396373,0.006201097533102225,0.004667378090324727,0.0038041694768774703,0.0016465803508228002,0.006814563975877186,0.0048702193443772406,0.004964351676206898,0.0014884102137843209,0.0055649221260942495,0.0010554211263502675,0.005734000767093934,0.015741360197368593,0.02254177458409309,0.004763737775639426
0.027077183988960547,0.04382282046520163,0.05652997168469205,0.016108371189340477,0.05583164024560319,0.015374685391216909,0.03368083791239616,0.0054471597136339376,0.0056381777765929396,0.0028853704870961095,0.0034272691353068076,0.0038800974643621606,0.0037742295296707092,0.050187083441824244,0.013224996416614104,0.15646776573678065,0.002158395386115935,0.002724789221990383,0.001677531921323896,0.0036247299717739835,0.003455063607125987,0.0033459871066353897,0.0023081784312862243,0.017282513265260337,0.00969033762756082,0.03384523857018798,0.218782699183105,0.003335816617854686,0.011257246000110388,0.0167853691451705,0.0029393921088136186,0.00795530616291586,0.003552293735140153,0.014538649163091256,0.00372209190894007,0.005085049112536504,0.013751516682276898,0.00233146954976299,0.008485584333067016,0.0038417361271830632,0.012419732254167848,0.0015069128185918235,0.007676819760593999,0.004771600582468947,0.004468859352523864,0.0014754509093642904,0.008178685565077717,0.004887927491288715,0.005657181333191832,0.0011620350529329628,0.005234756701209447,9.977431443667219e-4,0.0054724875604612545,0.016909801099364765,0.02472517504999749,0.004620185805876825
0.02481353057744873,0.04349655974623116,0.04916683354394684,0.01593752306373485,0.060149335496707354,0.015721731682998483,0.03107632545096514,0.005611758128255576,0.0053401331675829375,0.0029532864479477412,0.003186638336339352,0.004201226468441081,0.003871718378032557,0.04792576527990784,0.01148258991371224,0.16512514897251454,0.0018449393397426213,0.002260532098389786,0.0015716592304326274,0.003933682361255178,0.0033043529136974254,0.0033464403073825435,0.0031157809117500074,0.021839698958196995,0.013072943307015644,0.030342899876197503,0.22104959302410468,0.003911451426966366,0.012874434606648718,0.012342823528362157,0.0029640863611989205,0.007589386437514891,0.003677054937350441,0.014250414719401742,0.0040827842058161114,0.006010708562871585,0.012859873685524693,0.0020633617545957076,0.009559592548504562,0.003399292722865808,0.012391873218162536,0.0017326222081876996,0.007477714485517837,0.0049528790722823315,0.003980513609788975,0.001501512040127106,0.010287144487261918,0.004987147863649282,0.005542805420550532,0.0011481464320932467,0.0059133891669846915,0.0011358755902395885,0.005389468058498684,0.01440966557124196,0.022652759900451895,0.005168590394408548
0.02501758809621736,0.04528199014330059,0.05568416737623469,0.016310396288006606,0.0610450133888587,0.015070781437260492,0.03286366391367119,0.005254740478499917,0.005669371854681285,0.002950968930063518,0.0037263628108141636,0.003796357007158163,0.0039926430629726095,0.0515359487275627,0.013214140914667154,0.15713986411466338,0.0018830942960257992,0.002643303580551454,0.0015633802985847757,0.0038074322042365052,0.003653486710346492,0.0034279790735395653,0.003119594368514053,0.018054621708105185,0.01079128456289321,0.03249832258301622,0.21073731354893796,0.003978625219453958,0.01572127629109339,0.012825931129634698,0.0033544427635957158,0.007324728607811711,0.0048817723836999645,0.012314445411344216,0.003759169867315867,0.005670646372558953,0.01660186074547981,0.002221800916992942,0.010174510983042754,0.0034827039297509934,0.013992573584218413,0.001476018910943406,0.006386953778876675,0.0039393690052303785,0.003732388653947912,0.0014995087912989481,0.008770189194372726,0.005461227640475007,0.005268691912905955,0.0011907768405072334,0.005651191408938497,9.203774555477249e-4,0.005916353709251289,0.016619857124018894,0.021241351111844185,0.004887444776464041
0.025292340876613802,0.04336412388943922,0.055503391281985594,0.01567958784987078,0.057441150981529854,0.016200654761418694,0.03266629239461554,0.00544220872083552,0.005627366309779288,0.0030224597784269786,0.003480618989548735,0.0037139522726839405,0.003928136456319487,0.05442302221923171,0.011681428743311156,0.16032113714307766,0.001887802945578601,0.0028327388260907718,0.001860543351149932,0.0033797777438993102,0.00349079175144319,0.0035908767678592694,0.0028084580937938197,0.023241159527726558,0.012379653522184527,0.03288142871506512,0.21576844381656388,0.003388955547251935,0.01311160519385477,0.014393452437338037,0.0031224554157646264,0.009853859918849213,0.0037433151300402187,0.013129065666680078,0.003615567534082301,0.005555506182623209,0.012430687670533151,0.0019424842852799333,0.007505820244238459,0.003175568804593081,0.011848659664256352,0.001584643646175433,0.00634763846138294,0.0035073252719418674,0.0038569653217294685,0.0015922755875978243,0.007467157968733357,0.005103497283010226,0.005518935283161311,0.0010773235084933885,0.005667938625177845,0.0011937474308395383,0.005257080567572587,0.015686156057743053,0.023034701512219175,0.00437806204879372
0.026096395724894868,0.047057392462268754,0.05010654918731702,0.01678231903202462,0.057375376081554574,0.015938285478556472,0.03535779737238472,0.005669741416192466,0.005548957426118833,0.002794775062018993,0.0035839971522445744,0.0037944373902766477,0.0040329993707576015,0.055017601351014946,0.014560270414197211,0.1575037450576775,0.002124888427710695,0.002970360115019823,0.0016772285793070177,0.0036199691875380842,0.003813712760239408,0.00331606390035984,0.0018381561950268342,0.018915173012573665,0.010730071296551803,0.02520433180050506,0.21583917399961866,0.003397414471536171,0.01693320669990169,0.011618056178691863,0.0037403960801451613,0.00847225940935582,0.00428648457184214,0.01356704600044318,0.0035089921903584307,0.006014967943954167,0.014312326946994037,0.0021417808448206043,0.010075925893006333,0.003203349735975392,0.011961073424650906,0.001930460435009852,0.0068945963620409365,0.004673150376377588,0.00451418057361516,0.0018684267719379444,0.008129121424919587,0.005135597115766077,0.005795166599775984,0.0012959172847359273,0.004845865547253919,0.0010365401121126177,0.005813448239162588,0.01603764041472995,0.023346083489696478,0.00418075560723873
0.025107007304324712,0.04931734195021035,0.05353697356418668,0.015521133130874956,0.05630667895597069,0.015153899122523398,0.03199994239981823,0.005254249239249632,0.005597379147047251,0.0029952180194958663,0.003634106068834357,0.0036944529531071687,0.003947883492320476,0.05223210584169461,0.01270553950403805,0.16125636162210044,0.0020371062534273684,0.0024953935610537883,0.0015901523427699932,0.0036792539045367666,0.003429607261344558,0.0033670106854862994,0.0022157298028614787,0.017008975563196294,0.011295349299241728,0.030807797969568704,0.2149278385043431,0.0036968706055874457,0.013586140654095222,0.014159755337461171,0.0026226051548125496,0.008485863456482938,0.003513046112276387,0.01440594260651559,0.0039581996221756165,0.005927526188936866,0.01385870318046075,0.0021917938075591025,0.011699308591774019,0.00331774377384652,0.010625893916652845,0.0015478529445164518,0.006750663023617692,0.004451595816716295,0.0037108352287183706,0.0016212200134439827,0.009510022209359774,0.0056649710050716935,0.005949503003775256,8.069304772879878e-4,0.00588121715435051,0.0012701486450776504,0.0061254181259979695,0.01504089619223406,0.02354819859416401,0.004956647093404394
0.02459004838796798,0.048001918020781464,0.05722857641272172,0.015999383095681177,0.05876667431738605,0.016249887463031357,0.03137666651791585,0.005525452452463781,0.0056640005031747655,0.002648277168774458,0.0038261860583629604,0.0037443992424319415,0.00419585100780492,0.051493922071552505,0.013228244208681798,0.14904164127911024,0.002138971586308944,0.002573852051663261,0.0018351186341553536,0.0032434973879553568,0.00358668783375691,0.0033693869385614302,0.00293557867342139,0.018930136203084136,0.01303004920236278,0.03767574209466527,0.2168425869874834,0.0035451604323865345,0.015400534980319004,0.013695210229682824,0.002841311079699712,0.008548400719272367,0.0034201643777784043,0.014240505319445918,0.003603318991690277,0.0045922123910937356,0.01453561217771785,0.0024608113639202124,0.008650653524971274,0.0031936162014774955,0.011781497987044047,0.0016151061548850185,0.00731103762681716,0.004485546693535685,0.0036750650251603477,0.0018203031325256939,0.008668894018558328,0.005054367685219342,0.005398442265243878,0.0011454613385868887,0.005810809516226658,0.0011588392850022996,0.005772092826263835,0.014374901480930671,0.0198947302512825,0.0055626571220008265
0.02394243607896387,0.050045971159644626,0.0584716875490226,0.015725488416549346,0.05141469587001404,0.015387844526010582,0.03267526491259348,0.00569422035660645,0.00549253952567861,0.0030389916287033897,0.0037606092136760333,0.004045799805668527,0.0037851182052500974,0.04679549234836633,0.01534354484146187,0.14891586017165262,0.0019523128919562323,0.0027927537431661907,0.0018054591536917932,0.003207342269090494,0.0035120569851609467,0.0033995845350218833,0.0029369217164114214,0.018590618359960318,0.01263082027179761,0.03411922238008724,0.22051586728723002,0.003409461048807918,0.013697273881359159,0.013579987470832073,0.0029504759092800767,0.007708429818904853,0.003666235204381372,0.01694252969718548,0.003956856471771031,0.006203248451910327,0.015464631486276675,0.0021477331080668356,0.008707501944583718,0.0032332014853400154,0.011903827686642365,0.0015767059511809102,0.006737657872221754,0.004269322028446164,0.0034295679643888814,0.0011006269317150577,0.008050905063875298,0.005481495354114716,0.00589892029953295,0.0010695114989954652,0.005899875492842011,0.0010481903448271883,0.006676647465241108,0.017109702674307708,0.02310804756394997,0.004972905625582317
0.026009391622555268,0.046340157266329944,0.053138203270142036,0.016750714118773432,0.05269519551542806,0.016587534003638826,0.033981888990532685,0.005577258730609732,0.005631595954614957,0.0028793967310624374,0.0032519118139562896,0.0038189508738752918,0.0041598462332808955,0.051394144092260965,0.011567148049927083,0.15941515613011756,0.0022747217540836423,0.002406409394074212,0.0016263329137935823,0.003329357314288189,0.004030989848190239,0.0036425768097273696,0.003869201075131993,0.02050483892461381,0.010345755586213095,0.02984897424684796,0.21301302072329129,0.003088630404595283,0.01528889796379933,0.014997247380627946,0.002828964157527475,0.008712972852351045,0.004182555198509432,0.013806776732994989,0.0036871994438430577,0.006001232436324731,0.013204879273984999,0.0025870762083988644,0.009765207572870669,0.0035078952170836766,0.012246557214165446,0.0014758364771271428,0.008225767776325124,0.00497428369757423,0.004502999368736995,0.0012850199314803341,0.009614415981557786,0.005009422955817489,0.006120789977038365,0.0012209392363803358,0.005717160220079108,0.0010755458021760667,0.005379175871137433,0.017795196151284644,0.021304023890219504,0.004302658618627654
0.02537134435578973,0.04762316037441851,0.051754507170629405,0.01582446863907652,0.05997090057947948,0.015275934535060048,0.03178773086749222,0.0056674341092008106,0.005806594447650349,0.0029647163292593364,0.003684076686752361,0.0035904256554506486,0.0038133760811310657,0.050075203587020736,0.013069625815433724,0.1625688194919394,0.0019391033483359178,0.002822022970055242,0.001588601469151727,0.0035312539832919212,0.0036763529049212832,0.0030175528258860724,0.002843514575648118,0.019860281434106786,0.011035984108709982,0.030914304666200654,0.21686682135267885,0.003929086775916236,0.013249554872404376,0.012809897991462751,0.0031257454738155724,0.008818183999036786,0.0033609178111784132,0.01272315735268454,0.0036402041179554524,0.00592289833455694,0.015177067542849487,0.001846332052268666,0.009717280376489407,0.0036916887970976347,0.01048633997835262,0.001601787040463554,0.007186428944781755,0.0046162407332389545,0.004147709647866026,0.001731471909813988,0.009524399952525648,0.0056931888323735825,0.006575564082057483,0.001119889234443773,0.005336067803171108,0.0010965862279397943,0.0052822336939508776,0.016377989988701356,0.019908329178797115,0.004359644889035255
0.025240292750293162,0.04641290866057605,0.05251282786184677,0.01677008095554464,0.05669006256643983,0.015505118874388614,0.032068865358529715,0.0057509902922735015,0.0057691536073058635,0.0026033330071913636,0.0037029052594094217,0.0035288589619415045,0.0038667440275509703,0.0525662780187658,0.012195780951180613,0.16867952909802578,0.0019958379016655,0.002421886256124755,0.0017332049961970664,0.003907487571892447,0.0038357329557923954,0.00342186600364154,0.0028847644134422654,0.02007597661460851,0.010550424038520195,0.03173371706066228,0.2073797870917549,0.003488266071896697,0.013468141000095584,0.014670005384499207,0.00301534475115932,0.008852550269626641,0.0038064362293772406,0.011215205497323152,0.003258130994121626,0.005183877813036893,0.015097624135590817,0.0014083291887417048,0.00935850876673424,0.0036486379720792627,0.011334357535830997,0.001373250857604902,0.006782613006838315,0.004442235486289654,0.004167571699637245,0.0015130465959201946,0.00862302815664107,0.004747210332740899,0.005894726830206274,8.857280138365799e-4,0.0059544160400444,0.0010595019341156269,0.005779507827339142,0.016873461512943538,0.02525887944013104,0.0050349915000322855
0.025502582690648673,0.048158451941114594,0.05382693582313322,0.015923694626343788,0.05231723968537047,0.014542407349811748,0.035156366597356305,0.0052668070123563955,0.0050970678279382365,0.002776293722855566,0.0037303007011392623,0.0039475252904348,0.003751638114860731,0.0490703013377668,0.01414688542577438,0.17267039419330477,0.002274341130329013,0.0026571953066389423,0.0015771163376447144,0.0030316313393016756,0.0035538324074808722,0.003680343447553121,0.0032517180426164197,0.015439502371829327,0.010195430223677067,0.025733183882120904,0.21301324888610934,0.0031462100340558024,0.01515518429470742,0.015431017408571985,0.0034760506002489084,0.00836821172668093,0.003429358258679109,0.01124980107876776,0.0034666372589820162,0.005587695524159961,0.014402352027818751,0.0016251515344851424,0.008915968473683146,0.0036178640812952333,0.011149051097062292,0.001554862137894391,0.006551918868202271,0.004583298800660649,0.00408663676529503,0.001213297399946386,0.009584647397281402,0.005785490062035819,0.0056479003495343415,0.0010005758515801157,0.005695312829980789,0.0011601247517008327,0.005706688288195701,0.016425240184214436,0.027758216597684394,0.00393280060108383
0.025897004334765508,0.04406983598821208,0.0526362998816948,0.01692994158716341,0.05841297307553442,0.01565194824462157,0.0326701149600351,0.005868894424953443,0.005483555772898494,0.0026085117165692106,0.0035280280984231658,0.0039170492564581,0.0036100163800343644,0.048104492568796675,0.01574648816773432,0.1444609815326929,0.002013319797812323,0.002280924047302369,0.0017207322122591402,0.0032975699292314103,0.004531979164919423,0.0036161147695317917,0.0024317089431795886,0.019851784957557673,0.010807251451873272,0.03229162358791847,0.23018303311420765,0.0033496811531483557,0.013069826818237327,0.013677613724064569,0.0031237243353502823,0.0072587818749186295,0.004112625952254523,0.012985930835378773,0.0035931635020289192,0.00527996038719588,0.015224559583054943,0.0014248868383425046,0.011161020346936123,0.003933173092564163,0.013492711419778036,0.0012851830239104319,0.007436153107890116,0.004810730482852527,0.004059371920894407,0.0016002300085828998,0.008951133890821396,0.005817202193935092,0.005357745456885918,0.0010913844801176446,0.005747458366225758,0.0012236455973694328,0.00538436606638271,0.016596118307380014,0.02190325390870291,0.004426185358415042
0.026954146621873332,0.046321324901688964,0.05713415675927544,0.017288633552208325,0.058506847966220445,0.015404613684495859,0.03306932991660845,0.005248139414712402,0.005674749835160938,0.0031145953434831104,0.0035799530600126375,0.004035240006325292,0.00407424372987342,0.051067788414529254,0.014229368763898314,0.16374256122909034,0.0017879110061583567,0.003030410361775292,0.0018710804560468362,0.0035054065849357777,0.003720277332297026,0.0036052509797992135,0.0024673261283504984,0.01867990884118144,0.012206169987436724,0.027508214565190967,0.20240253625933705,0.003380347911854396,0.01453145957095302,0.01656055383126374,0.002954813989473843,0.008334090900024517,0.00298494516604793,0.014797259984293737,0.003377085024637607,0.005752892531241096,0.015139256644014651,0.0017260721259831347,0.009606588979231702,0.0034776562139237155,0.013422630951105331,0.001327734445773708,0.006450578433652331,0.0043503977306778956,0.0040423392813410675,0.0015383305398562178,0.008502448048165613,0.005451646235738708,0.005879358128669054,0.0012102047636039731,0.005332371654884736,0.0010172325779517354,0.006106080725734436,0.016992469428776805,0.020687099411558038,0.004835869067601604
0.02283123261758293,0.044238387230580586,0.0507569491047187,0.014972014206573427,0.056943397480339455,0.014748697960935987,0.034358248089572496,0.00548997708742784,0.005142240574536114,0.0029909416030932156,0.003345011937923473,0.0038435625640316357,0.004041252919555897,0.049097843085991466,0.011214572634980637,0.16320453792534212,0.001957266607611484,0.0028377676380034397,0.0015429215909770876,0.0034076097981716497,0.0033199149835755302,0.0034563609093910515,0.002189923229054416,0.018378201759606798,0.010999235464618335,0.03125889825743542,0.23453296548001143,0.003529912370534454,0.014051405829324747,0.011816646506976503,0.002624238823844786,0.006611845339372052,0.0033524489987408115,0.012505301065371338,0.003440111027750951,0.005355420329304382,0.013132400882962665,0.0028538092032244626,0.008513857054495014,0.0039541731162339765,0.012902689169397553,0.00168778356991303,0.006118096344757662,0.004304399213862806,0.003670330090082625,0.002003537957110406,0.009152475475494092,0.005024794293752921,0.005334445838635974,0.001422954066894926,0.005189235760470076,0.0011496718831029357,0.006020128116572463,0.013536354452233609,0.025407056508296333,0.004234543969643754
0.025114557902714028,0.042206186173054196,0.05522426173325701,0.015827940376869312,0.05639830219012027,0.01624641071607014,0.03385804795791237,0.005528688567522055,0.005940283733131451,0.0030227112350206028,0.0037840817831349544,0.0037766694860657457,0.0038336446247476154,0.048217968813681,0.013569923935094885,0.16216004626019442,0.002186094232051071,0.0027314693167352273,0.0018820605463584546,0.003849870999475885,0.0036020844518477677,0.0028923501033770753,0.0025071476016888085,0.01967785488901616,0.01257740942685601,0.027225925605959458,0.22120726804857185,0.003176192597435846,0.013312215129103439,0.013118045356172859,0.0027968019636418874,0.00981446244326873,0.004453755490760192,0.013216399611715845,0.003862033513105522,0.005379552379529655,0.014604268743719295,0.002168361393200679,0.010475259226670103,0.0037833754004006773,0.010901945971473434,0.0014427167089350705,0.0060427627297800195,0.004711792343496457,0.004418672719278339,0.0017444291155895117,0.007535897540800488,0.005045121175943449,0.004923799823009453,9.377039393365698e-4,0.005797929550374895,0.0011407278712924622,0.00597985350884874,0.015287417062490087,0.0234707768669746,0.00540846911312391
0.02760878397760357,0.044658225210675556,0.05822835282767268,0.01662235141250652,0.051746245791983336,0.016532472623473547,0.03241033452711235,0.005756442849970522,0.0056150912874471555,0.0028717356724837673,0.003824043527122316,0.0042984723014271664,0.004217166431908843,0.04679057852043697,0.013570754505194349,0.1746630445838456,0.0021681683578890203,0.0025596357182430664,0.001990898933840453,0.0032205379379343633,0.00362522294275588,0.0036533539230062403,0.002916138287611305,0.01665165612979876,0.012717386048729542,0.030890758736242883,0.2009955619229692,0.003636664759050846,0.013606065232513261,0.014293108491982858,0.003050485659378225,0.007897475931132767,0.0039270425439201315,0.0141382009267884,0.003660354760904696,0.005112917534143101,0.014827800281969433,0.0020797273742740323,0.008802234070726233,0.0039743322858868755,0.010579254231943254,0.001309484590059023,0.0070165246871918725,0.0045121133925479584,0.004082064975448419,0.001746622419528788,0.00858959268446776,0.005588927948733701,0.005833369554229067,0.0011276996738296436,0.0058649812449605475,0.0012972679449089071,0.005747078575204977,0.018409598741767355,0.024286461526175248,0.004199132966447622
0.025777819795240207,0.04458081523183052,0.04919216698274289,0.015064776217395643,0.05838565466547298,0.016194494704068148,0.03417052694981175,0.0055654810762401224,0.005935098856768455,0.0026510415567931205,0.0035949312983664327,0.0037870727313515833,0.0038486866970908655,0.05279464680838818,0.011444832977789223,0.1497629057759267,0.001968036614140317,0.002876588898312127,0.0014421906708704693,0.0034320148671294886,0.0036067827729678852,0.003476880714811699,0.0025912032996831974,0.019412084296630088,0.010680910323900849,0.026199526363397625,0.2419922502079149,0.0035500250972339453,0.012650785972514495,0.01305750398859909,0.0026773784333257522,0.008476450014870353,0.003475654086239695,0.012779757749636031,0.0036305074500538447,0.0048069072785327125,0.013560989241632028,0.001654123231455308,0.009544940268909398,0.0031817754460521162,0.011113994147581527,0.0015623413153685256,0.006712216987625033,0.00450669135793343,0.0035958063129698926,0.001441276529361297,0.008692426213355765,0.004797371437009339,0.005501474126980498,9.427218863531513e-4,0.005662272559811304,0.0010892515150236432,0.005887181020329567,0.01572170099608524,0.024194850647195457,0.005102203332926026
0.02451951389122188,0.0465625165038996,0.05232090768282794,0.016962443975309334,0.056824805963980866,0.015728943515694125,0.03364395438129237,0.005393867291472439,0.005485376902899848,0.002780084113628904,0.0033131753137835766,0.003604115880131787,0.0038462605406822726,0.05379262584825028,0.013173703577121526,0.1550914900022707,0.002039286009950269,0.0028249471601059233,0.0016123699056474912,0.0031947190206130754,0.0035514965218395385,0.0037970450665187287,0.002753455209980599,0.02046809809868801,0.010696830169712927,0.03422373830273818,0.21122744238385013,0.003351301283990695,0.01592855199010317,0.013763332080702535,0.00277923824731319,0.007870175738590186,0.002921509596626262,0.015028100289203025,0.0034486469575827038,0.0071095890343985824,0.013115840402543601,0.001864536803152585,0.009450132497755294,0.003667942061922298,0.011383275321159585,0.0013980054834522092,0.0071737839558889994,0.004408361219809633,0.003919516234540032,0.0016867318274137175,0.008885033499149002,0.005417497334741254,0.0056689802780088795,0.0010627963648962133,0.005135722540069535,0.001108863565460862,0.005309224751582142,0.016654388301326165,0.025918641412891054,0.005137067691614293
0.02498402063783207,0.04376409038012711,0.052755831301025416,0.016417360590524153,0.05273111555321208,0.014977439884909986,0.03239898370209887,0.005990819066621885,0.00618592597829241,0.003152684620496145,0.003266787079753825,0.004113226965748325,0.0040629426799959146,0.04771460970604704,0.013055536813294943,0.1557080953838014,0.001972046295261642,0.0022838906646165075,0.0015374756895819607,0.003595801546040068,0.0035508902560753767,0.0031687285785338363,0.002286878640165296,0.01969365503098423,0.012311561131115353,0.02774527937437139,0.23054941209857643,0.0036576466039487977,0.014429869384259062,0.015235371920102103,0.00274521300460824,0.00821272130327382,0.003416584839312128,0.012585094434532373,0.003607955361298829,0.006356912636027913,0.015222829153974236,0.0026213344557873327,0.010011141737178252,0.0034829964573919363,0.01202435913697932,0.0018936886538135954,0.007026647806598374,0.0045895154972202135,0.003764385520442761,0.001886048575841141,0.009290242587908138,0.0053331910564819885,0.005227852001786592,0.0014289411113456237,0.00510363112793472,0.0012290865431506173,0.0056616611338724965,0.015158733739876347,0.023978295722166282,0.004842958843783132
0.025337231033945674,0.04507494125460141,0.05283323883718867,0.016177016814707762,0.05586494859602498,0.015888349147082946,0.03365908921456863,0.005999654024173721,0.005532260000086763,0.003083237786907267,0.003537900238588274,0.0036746138449473865,0.003746138919945033,0.05170802073669342,0.01403444195043907,0.15079144476985554,0.00198722902864339,0.002679731950577365,0.002135568346798381,0.0030088116759006927,0.00417878511125635,0.003084827848924669,0.0025144847162540595,0.018676409245732755,0.012541102918894187,0.025390771176037545,0.23417952142249115,0.0032823626013944664,0.014680286880776217,0.014045048559408187,0.003459426309971465,0.008028047428028175,0.0033237167213270367,0.012566563729372688,0.0036297328397921634,0.004869078609832657,0.01505569015967254,0.002060997011044023,0.010273657809631024,0.003711370370941548,0.011810394396710468,0.0012053421983854742,0.0063851209601373995,0.004223658943013302,0.004078533253930845,8.555667122249126e-4,0.0092220014159672,0.00439888514062012,0.005612603781617091,9.710405646890949e-4,0.006209871299077104,0.0010692231114051967,0.006119860455498978,0.0146894068555027,0.022209665510250054,0.004633075758510752
0.025691104650414655,0.0475822684757208,0.04811929346009175,0.017013895437115692,0.05699461219512075,0.01651960853836501,0.03314560686512313,0.005535518248611165,0.0054248353731365575,0.0025382554747845317,0.0037926943715265457,0.0036075815516847377,0.0032920450701015855,0.05209903400886248,0.014609168848554713,0.1614513398326995,0.0021838797714202876,0.0025565937238621363,0.0019122714247195643,0.003337079507480083,0.004002026330525221,0.003294921664807533,0.0021332528234553954,0.02015992178839623,0.010390787292466636,0.035455333504412274,0.21183921706345726,0.003668510231998632,0.01667980841660526,0.014154268772968106,0.002659568732455712,0.00750435846891957,0.0030532465150294704,0.010915333286984217,0.003916324694818173,0.005997767414141518,0.014508315214458613,0.0015242614415320536,0.011084204271130585,0.0031818211115835155,0.01139573370641475,0.0013679062387871956,0.006236177241135794,0.004163281978163186,0.003704765077505829,0.0018559600156818935,0.008600255947923565,0.005831371317010823,0.006503861336719351,0.0013469026179042413,0.005271020770532215,0.001086030801407545,0.005275053955772513,0.01569259673263374,0.024178778246402067,0.003960368146463684
0.024811719500716825,0.0470011208312735,0.054284380920022496,0.015388582298206723,0.05642045032475662,0.01553634418013136,0.033229520384303796,0.006065291860425947,0.005332206435361162,0.002739079625871346,0.003497741905129135,0.0034201887942463165,0.0035890887282223113,0.051094756099519294,0.013807361029960035,0.1662676723761051,0.00227844484293934,0.002741446190617919,0.0015389382673834506,0.0035408877145806923,0.003814858709127849,0.0035612020261152986,0.0023038692502734734,0.01898646631441914,0.012448288096282152,0.030473861851520633,0.21396076246084583,0.0035176481003573058,0.01654114734447356,0.013541754223600723,0.0025075174351518567,0.007899210077254425,0.0036641182555735984,0.013281205396683173,0.0032713678141022143,0.005161038309653984,0.013828141940998528,0.0014853691204810575,0.008958652765230158,0.0031100517008922947,0.011692165208882586,0.001634778462224856,0.006723938415718985,0.004198715718876417,0.004026663794295966,0.0017424790795438237,0.007930631541508163,0.005232295785413153,0.005148523720400604,8.543171839906871e-4,0.006245978431781324,9.852603073423338e-4,0.005788572062695608,0.015446363186325236,0.02255981091487288,0.004887752683316728
0.026899689295900274,0.04496841386508493,0.05380316372905695,0.016741964094249585,0.05447929947494448,0.015262817769050353,0.03410264214423957,0.006013744100882067,0.005702334967549892,0.0030804763860123084,0.0038086144830502414,0.0038278760060746005,0.0040067335163060215,0.048174487614127605,0.012288951383601695,0.1606829577257444,0.0022053478952758854,0.0029594877091146015,0.0017942620233845597,0.0036105184214776324,0.0034191891989347398,0.003750553592587272,0.0026288553870749596,0.019189109362352623,0.013636152648704922,0.028534488954136027,0.2240073223499764,0.003519429538494128,0.01308388796098716,0.014048057713054877,0.003122943211217409,0.008173646674895058,0.00402056518096001,0.012502714313292477,0.0037296521684258327,0.0047691128827031404,0.014617788923966413,0.001994672919740736,0.008817732034656812,0.003738565503615996,0.012319894601492569,0.0011414643554148202,0.006800901638998541,0.003968313132293514,0.0038555992572786584,0.0013773980773883767,0.008050697875166048,0.005284004325746167,0.004906903826237743,8.29281714227345e-4,0.005424604601332204,0.0012036047068478104,0.005617628422192424,0.015360037492779182,0.023394448088827482,0.004746994758872512
0.02678478878119827,0.04665288992336883,0.05790676393089217,0.016876829619007477,0.05721536479470532,0.015649396764287886,0.03425842641986286,0.006054031097594157,0.005885645771427225,0.0028527793553344226,0.004018758427913918,0.003767009556145605,0.0038747273785050425,0.054200133380197545,0.01375662008101172,0.15856471274751419,0.0022615285331095527,0.0031167209923996207,0.0019498479355290646,0.003956867801258348,0.003430694684641842,0.003662649262474672,0.0027715480092855137,0.017361949398396408,0.010403561401474892,0.025073541206527265,0.206808031565051,0.0036760988305800405,0.014661977672648228,0.01371208730601518,0.0031012464750483667,0.008458702083201387,0.004015498028558195,0.01650645078092882,0.003805318059906722,0.00527631741463695,0.013638412727903193,0.0020612350969554595,0.010138800270004527,0.0036522138141354696,0.010883755731735433,0.0015239263265027405,0.0062213174856111,0.004741949919514359,0.004932281629284178,0.0010399536582344512,0.009820213851680812,0.005607158847284226,0.005739126803196172,0.001348737158188521,0.005489280930864182,0.0011274569930339207,0.005659722839266027,0.015100391442738451,0.0244692701618766,0.004475278841351455
0.02654278825499121,0.04297277148372706,0.056733657293041584,0.01632434180599464,0.05583047913006177,0.015223472958925366,0.034403177087560105,0.005515334745742205,0.005960458858547526,0.002797602268880184,0.0037258547634037085,0.004081893057027086,0.004218420154991681,0.04691046835894372,0.012419708958763199,0.16030974489942956,0.002327417741403843,0.002774856958060179,0.0014038091766935144,0.004220901312796278,0.003611872756609872,0.003470805324629846,0.0024760443101440733,0.018665942171114853,0.011131824702434946,0.031213983925466097,0.22578053227672013,0.0031923468864937955,0.012495841064045722,0.012034018667802024,0.002861507946590276,0.007326262304116013,0.0036812478304937986,0.013474319419079778,0.0032698284192347877,0.0054856985659821585,0.013236579771457455,0.00248078395519992,0.009678030629012969,0.003326529650509594,0.012713496631502556,0.0011757213618242923,0.006589784174218269,0.004513958001235864,0.0045838807206099496,0.0011031641757563446,0.007771261111964035,0.0052700084189539,0.005359176883449768,0.0010696080441517028,0.005971980757545449,0.0011046258105079575,0.005641651671306272,0.017216719287618695,0.02165108642091267,0.004672716682319754
0.026364840809310067,0.04349143515122665,0.04995987822793001,0.016506603497219066,0.0525299253988143,0.015290907163923237,0.032254587395481864,0.005516407810573312,0.005739958046602725,0.0029333961707268077,0.0033744694113080637,0.004162833026489959,0.003679600015064168,0.04927014122846698,0.011215211358704213,0.15996063459959242,0.002091424568996662,0.002732224385015782,0.0016574743676851529,0.003658179129688325,0.003881271738561316,0.0034646751824425172,0.002386291798246031,0.018599257675439993,0.01243117632314499,0.03592506607551645,0.22249387249190283,0.003327656195496191,0.013122320655598691,0.014332265295238683,0.003077957416585645,0.008732400602148992,0.002790450867400477,0.013342777396066813,0.0037047652827149106,0.005528645583341029,0.014539199418752148,0.002224952008169855,0.009631623778707916,0.0031650467774040282,0.012525430868323556,0.0011980859694152052,0.00672267713061157,0.004398745400572386,0.004544726571316287,0.001767605882251273,0.008844240887209993,0.0050816865834517715,0.005219629977594305,0.0012539827705096186,0.004723205450954393,0.0011714193250315836,0.006048569632064045,0.0153660429612556,0.0273524524852891,0.004689693778450034
0.02681747201517632,0.04940963564635979,0.0493770858971889,0.016872775764725442,0.05158607509313383,0.016143237512758056,0.033126959557320784,0.005757298685405399,0.00585881741080067,0.0026066186993327733,0.003597216043784085,0.003900643514613044,0.003991352192754186,0.05531233440039958,0.012613961545375856,0.16360995201849043,0.0018087065266244738,0.0024164306725767515,0.001775201400266152,0.004101419506646699,0.003271346587076951,0.003178220918653838,0.0019557248196546365,0.019249870104218574,0.011147215656813534,0.026914108306149903,0.2133678164569001,0.0038838226879114386,0.01431603338734245,0.0138105064152309,0.002941817440515486,0.008902847905975357,0.00328351199610519,0.014608650542928824,0.003618691331783134,0.0058359338573207966,0.013770711990311425,0.0021758926597524896,0.010100319650064039,0.003294263985738563,0.012066677623081027,0.001608175293267769,0.008165503539583263,0.00434526641734575,0.0038087809288996338,0.0012041088082575385,0.008500305916971795,0.005240307123151594,0.005566543931942277,0.0011681557683830958,0.006019537931570013,0.001152569575536327,0.005202049362778987,0.013707824683841002,0.02775075407238751,0.004182938218821596
0.026249118616951013,0.04504651210054624,0.0511340956639088,0.016142728513391394,0.05440916342294629,0.015231082746095536,0.0338526416461579,0.005378656829965487,0.006086233370819973,0.003030306293766007,0.0034537164910569177,0.003520947134538586,0.0036869782974325283,0.049719687576140766,0.01418874681024419,0.16645424097087455,0.0019110614683276875,0.0029844081491534075,0.002053769969961089,0.003595158801906802,0.0035250010174614215,0.003358980050455885,0.002679060341959274,0.01858209095584329,0.011984059735662252,0.028846159690215097,0.21941681654642378,0.00407804947073753,0.01312278615287797,0.01207438681244821,0.0031360748196255298,0.008401226471327766,0.0037280652735064805,0.015074682207258475,0.0036408710547033993,0.005664907301737556,0.01633167537767822,0.0017687065988530148,0.011901976471063972,0.0032441819508419586,0.010763848112339564,0.0014937413162747065,0.006934326239606146,0.0046482219375681725,0.004274886748345568,0.001465967757757463,0.007982784301439127,0.004645212216518607,0.005522285114103571,9.012770737762737e-4,0.00547740245719549,0.0010810261477437863,0.005751559132838777,0.016082636769769194,0.019425168704562828,0.004860642795294444
0.028496884287457853,0.04256487891364138,0.04369158345181972,0.016535279493344796,0.05242515251232465,0.015703006119090746,0.03155743594799058,0.005812489823338022,0.005327975364127015,0.0030574702778286417,0.0037583655571772102,0.0035943212166567734,0.004001429433851243,0.05357345497955849,0.012203583688997757,0.17383883337033734,0.0018872693889647539,0.00221839081156693,0.0016344490703255248,0.0036487150604039924,0.0034493559579200006,0.003779978272534391,0.0022680796835894777,0.016345883791728466,0.01263038138116538,0.028433618427042808,0.22432121389893084,0.003677776035083748,0.014610352744520558,0.014187732600732838,0.0026945652956902487,0.006953043367544759,0.0039787767034046104,0.013816472003884256,0.003962804287953118,0.005560052082679003,0.012694041034357138,0.0019490756978833741,0.008777586884399275,0.0033417177088731365,0.012153152752943238,0.0011874844755074083,0.0064441422639792715,0.00514660711741906,0.0038189373570720227,0.00147159053447691,0.009763156644029259,0.005245648277355325,0.005328264785957392,8.924042849166355e-4,0.005829342532908095,0.0012597535857978338,0.00512473269128478,0.014968993072284968,0.023766129468785032,0.0046361835265618994
0.026534149066919206,0.050091890137774465,0.05124770831454564,0.014969039171459893,0.05444439172554549,0.01532848623147301,0.03386339896077664,0.0057335413926893125,0.005868551621955362,0.002949296594879537,0.004011036344201316,0.004173266624464744,0.003934506385213276,0.05451812663176923,0.012553870077669711,0.15389403829847073,0.0021633516435669185,0.0029372605852586355,0.00149043959477779,0.0034579163788844573,0.0034497723894764106,0.0033948819221455095,0.0026077887202646116,0.01652304682328341,0.012493433314229257,0.031310275820449346,0.21699697431455964,0.0032791455496489364,0.014809404581041113,0.014133449606525815,0.002822952021357131,0.008070881628677227,0.003745580915895865,0.014563005349883038,0.00380370364988286,0.0058741471939976865,0.013244746576645126,0.0015570651704223724,0.010698790209983187,0.00309521798147633,0.010530709222178275,0.001625461902718297,0.007977779360946659,0.004624286501034936,0.003991573409039022,0.0014279107765739537,0.008186221650014836,0.0058328849529714856,0.005168583954728815,0.0010176326221317045,0.0055955935236130915,0.00103227898764141,0.005985737744389483,0.019052456894346984,0.02297020440021042,0.004342154575320361
0.026633022854806995,0.04398850170412117,0.05311280294650626,0.015979706133973023,0.05411597984308674,0.015605265456113862,0.032661032646016636,0.005646096812689341,0.005657095069485291,0.0026961182607259907,0.003677440713028929,0.00378677839576717,0.0041554105769300975,0.05509838559574332,0.01295740746419906,0.15132004032561122,0.002132743183038933,0.0024374272820836436,0.001717559236392466,0.0032178448616175808,0.0037960232166234856,0.0031425997979295443,0.0025348008397283674,0.02139104323885746,0.011780535713981076,0.03572323694795045,0.22007867572738862,0.0033658662555850947,0.014641330875224502,0.013136470063570245,0.0027795489715550735,0.007964635559242279,0.004176587390451697,0.011872522377143249,0.003668214079052535,0.004595397133803296,0.014390752353073197,0.0021609711777700103,0.009095137164094038,0.0032384322497300984,0.011901916339843872,0.0017201047873244275,0.007287999303532029,0.004394406058022383,0.003798134339872366,0.001570047348196977,0.008970324004812432,0.0058145282198049575,0.005549490786796212,0.001077346610094384,0.00547242698090458,0.0010747407061943973,0.006405085446300477,0.015714103395521005,0.0245701862544184,0.004549718923669068
