i2_health,age,household_size,cantril_ladder,r1_1,r1_2,week_number,hl_covid_num,vl_num,region_Islands,region_North east,region_North west,region_South,gender_Male,i9_health_Not sure,i9_health_Yes,employment_status_Full time student,employment_status_Not working,employment_status_Other,employment_status_Part time employment,employment_status_Retired,employment_status_Unemployed,i11_health_Not sure,i11_health_Somewhat unwilling,i11_health_Somewhat willing,i11_health_Very unwilling,i11_health_Very willing,WCRex1_Somewhat badly,WCRex1_Somewhat well,WCRex1_Very badly,WCRex1_Very well,WCRex2_A lot of confidence,WCRex2_Don't know,WCRex2_No confidence at all,WCRex2_Not very much confidence,PHQ4_1_Nearly every day,PHQ4_1_Not at all,PHQ4_1_Prefer not to say,PHQ4_1_Several days,PHQ4_2_Nearly every day,PHQ4_2_Not at all,PHQ4_2_Prefer not to say,PHQ4_2_Several days,PHQ4_3_Nearly every day,PHQ4_3_Not at all,PHQ4_3_Prefer not to say,PHQ4_3_Several days,PHQ4_4_Nearly every day,PHQ4_4_Not at all,PHQ4_4_Prefer not to say,PHQ4_4_Several days,d1_comorbidities_Prefer_not_to_say,d1_comorbidities_Yes,vaccination_status_1,vaccination_status_2,vaccination_status_3
0.03534300106782785,0.06457909265474832,0.059459990605252436,0.018432573280540217,0.056458459016090166,0.012667349375200651,0.052174202959643964,0.005229701324167063,0.00526441191489725,0.001196789811605141,0.00234643651686767,0.004026270528943905,0.0021168552153337616,0.04381019840107383,0.004877140074707556,0.10779790575300134,0.0013121907883140772,0.005130026648210284,6.285251905390391e-4,0.0019244179533952407,0.003670927297363858,4.2263657599779546e-4,8.30568998514166e-4,5.177777387385372e-4,0.011392800290676242,0.01192591927161391,0.30349094856759773,0.001372208753505609,0.007840275552779562,0.010678687294520307,0.0016976306407617582,0.010354715197881994,0.004718243920695887,0.0010594932935413073,0.0022001093293501045,0.00598093883487446,0.016775188804887008,3.1751486163768863e-4,0.013722612915835711,0.0016938973177079342,0.013635957628938052,4.404551984109573e-4,0.009241640470870446,0.004117363162605629,0.0023312067581808316,0,0.007981144031752603,0.01060558104155144,0.0045167409788800465,0,0.004979499780842631,3.12727242318394e-4,0.006682101116263699,0.013558593569838908,0.025228223972939813,9.301305077652103e-4
0.030767842399746302,0.06332353208317487,0.058096003785825835,0.018324472601916962,0.058144701367709564,0.0190596480747228,0.04532585390077861,0.005856693100858801,0.009508213612025791,2.91695561685522e-4,0.0031426077592205965,0.0016150254651110538,0.0034392734388055193,0.04995625904909478,0.0038746010129174294,0.13662795085477417,6.668961582612667e-4,0.00702277149716742,0.002238807593145508,6.999934764172352e-4,0.0036551501668544467,0.0011883346710397495,4.884308834862129e-4,0.005113118450719934,0.0075407530137189,0.01639354773078783,0.24523731030004595,2.4957309167404363e-4,0.010022224632813537,0.01583345746068655,0.0020130113439541892,0.00965661206689207,0.00467355612901117,0.0037303383231817003,0.0032706644214924706,0.005177114422203426,0.020636663600946414,5.864002351351329e-4,0.015648821569694812,0.002980150435005674,0.011045676461329453,4.8710570533156555e-4,0.008322481597600037,0.004885602549133256,0.0027756392230876567,4.500695232520562e-4,0.006425113574085824,0.009942884587515069,0.004426855096455564,0,0.0059286699255869605,5.159164332640983e-4,0.00923236246708588,0.01358493771690498,0.028876935109609626,0.0010216742870537245
0.03983518120402798,0.06240712094138314,0.05857570146376869,0.01577542929423858,0.05378236064692918,0.01566810376025456,0.05754034630085555,0.0045644017783763886,0.005478760501519998,5.848126490794652e-4,0.003827476153027886,0.002264119286955466,0.0027612331758110056,0.04393463253186173,0.004045062182427291,0.153445687464315,0.0011565610834354887,0.004793060170633928,0.0013914523646737962,0.0013124340607462272,0.002311284581183065,0.0015282649359147646,3.2027518433070334e-4,0.0013563801779097769,0.010654481104199845,0.01374098970186908,0.2628345359212125,2.703830987755407e-4,0.011072187956207919,0.008557600631247471,0.002252419151106462,0.007747533429054541,0.002656391739998033,0.002601325072710524,0.001591862087788214,0.006792560425854212,0.016797104627798463,1.789673658381344e-4,0.011158149576653363,0.003719214090609018,0.009872537418112412,2.0145963663192878e-4,0.005731346994507671,0.0038805035619964433,0.0022453061752568323,8.209889240730689e-4,0.006514561842820395,0.009439436519387244,0.0030665711164347175,0,0.005908083161661886,4.924632599805773e-4,0.0072868765531324655,0.01329670043390509,0.029047262421908363,9.10054105607965e-4
0.03521122570842671,0.06275781790027235,0.054295035255226956,0.015928857245215984,0.05962794798987581,0.016074724308161762,0.04834499346666336,0.00519019778486091,0.007319831346195018,0.0011103661609386055,0.0049441244617330436,0.002173156935445815,0.00355194391536483,0.044970770668158376,0.004580007863695908,0.1374940029822884,6.27149623885431e-4,0.005493634635278733,9.605496526553378e-4,0.0017885770474619033,0.0031933666069367934,0.0012639491754173433,6.205415639028099e-4,3.65822768959867e-4,0.014080458089458047,0.012427446904982245,0.27742969110607285,5.45391856996525e-4,0.008740488746433937,0.009023927837699596,0.0017612139701323186,0.009317937941740398,0.00368761369047388,0.002159984644650015,0.0018939864241606177,0.005604065758682927,0.01798810990384073,1.786459011255737e-4,0.014900880058463292,0.0010454834089503998,0.01050343290385613,0.0012825380117287915,0.005669601464410267,0.005091322765641216,0.0020772909960841955,1.4984250032588778e-4,0.005940059947437021,0.011817378943245256,0.004464762929927192,0,0.005550017554961832,2.2062936931602117e-4,0.008055269564507318,0.012553047180625831,0.02721667400385996,7.342105531876677e-4
0.03375395740082069,0.07172909117901664,0.05551921291128517,0.017036547593703,0.06485918196842431,0.016041032511866383,0.04184821758648498,0.005408158702807676,0.007447465634045036,5.18019719582409e-4,0.0033349876593210745,0.002343793870354587,0.0034045948048764623,0.048608944566614846,0.004181927904435814,0.12464121879417318,7.567506246286472e-4,0.004808402139107357,0.0012953729504387986,8.334151149653579e-4,0.0014607856716716996,0.0010320061873738812,3.5537601032546067e-4,0.004358094911161041,0.012566677856806019,0.017590609609318113,0.272502650167893,4.34169935128298e-4,0.008279848864964167,0.01120388039942013,0.00261511977008384,0.009416755350281457,0.002807042871957677,0.003522433380285002,0.002201656086348428,0.006186415924764403,0.018962078524220403,5.273233674940368e-4,0.013282437156961438,0.0017579351195547016,0.011056352841265746,9.438533804704834e-4,0.005488832761056456,0.004540500928262494,0.0017725260806433552,0,0.008557127087354963,0.009334369737053112,0.004324531020271551,0,0.005651127781587252,4.696766371574488e-4,0.00793810357541471,0.013928460290811824,0.024966958645261206,0.001593988430423763
0.031715839136025804,0.06511643144362014,0.05214159358648071,0.017001478596323064,0.051532551836896166,0.01638751170712121,0.051208910685180124,0.006877354073442882,0.006173371916187369,0.0012002657956441838,0.0031694923613070683,0.001432414001417889,0.004141313439470879,0.04338061886903658,0.004856551245328997,0.15252984761066543,0.001366569726458525,0.007447229085431878,9.633892019646797e-4,0.0011777784123854756,0.0015865362132178723,0.002368976288855281,6.983359724834349e-4,8.216850152381048e-4,0.01103579261867997,0.012405905349316904,0.2750118173596511,0.0014527853970878806,0.0088377414324624,0.01049233175063454,0.002188372724721796,0.007961466430832667,0.00368527719971998,0.0023305167693932994,0.002809315232783337,0.0052805471035423796,0.014451481212628523,2.0838914740836838e-4,0.0155520876196038,0.002568696049807925,0.00999553639912519,4.837425301593254e-4,0.006574550922694243,0.004693964063147993,6.480559366019131e-4,0,0.0065348664651573365,0.011000446219040531,0.0040691431889757984,0,0.0048823012389099555,1.929690861940128e-4,0.007933729879648332,0.011414620358751598,0.028095535108929526,0.001911968984205607
0.037337726019115766,0.0688343623975236,0.05889083867879338,0.013770757945749269,0.06321121155525586,0.011284581621393798,0.04771890505735008,0.005577992046983928,0.00734767788300691,6.895043777886787e-4,0.004042568911696179,0.0013640808385303783,0.003833642774288585,0.04325811351195877,0.0035663619100833174,0.11638974196156066,8.980687459650536e-4,0.0040813173748483885,0.0013235211865906022,0.0026661198714378375,0.0015380844761909884,3.357145397927383e-4,1.3378430871871955e-4,0.0022156454494248407,0.013419514938599261,0.017010504821767632,0.28530731787300745,0.0013713605100449332,0.008557274893265531,0.012570092831514484,0.0029510262486041623,0.009674958200048626,0.0045013324562793305,0.0026873793635774977,0.0020485312678082935,0.005165432334427754,0.013965401616856674,1.8227951320757296e-4,0.013765385510912533,0.0014987234706864436,0.012916149029483242,2.8205316359034384e-4,0.007613886937537939,0.004904165116758591,0.0018315106693502733,3.284185256348366e-4,0.00684098097504901,0.010097878590717277,0.0036412029616245895,3.912731128237954e-4,0.0037639956713768495,1.1209421163207046e-4,0.009058572147240096,0.011594696051818577,0.0297923840321601,0.0018438995085459445
0.028324661587927714,0.06668031827625966,0.05686266962418054,0.018410484008120693,0.06267083092689218,0.0177597811138468,0.05146128634357401,0.005280518192918785,0.007032403240926621,4.0519592353539834e-4,0.0032038981982547205,0.0034678035253476185,0.0032104858820800226,0.044527654340320466,0.003606465376092801,0.12460343879946294,0.0013497331377066773,0.004945803574546434,0.002653120037635313,0.001451174529920835,0.002220941521953554,5.401110178754233e-4,5.687312947004157e-4,0.0019103088272772297,0.011679698405660535,0.01627443583760903,0.2676319959135397,9.848416630168957e-4,0.00912567144365417,0.012848135034787291,0.003493625125810002,0.006494137008096235,0.00333952942696463,0.0032978369256022465,0.002485137019764517,0.0079667790055761,0.01807960314683609,0,0.013589462825955884,0.00199826985816034,0.012469702110194238,3.287264223095837e-4,0.008857848362686714,0.006705082136516119,0.0012508424179732216,8.317766653850538e-4,0.006540686500131125,0.009227480939434048,0.0038371735559885917,1.0461855944566726e-4,0.006704286188354491,0,0.010740002545059406,0.01248859644623866,0.026919789725259144,5.564094826334083e-4
0.02924014299906769,0.06761209262383458,0.05699831472729915,0.018731929981290987,0.06227014973049898,0.017129163123003742,0.0525776534912529,0.0033639939953502,0.007020601226405049,8.542117870221786e-4,0.004416543143040986,0.0022582146323125046,0.0031943431580474997,0.046563936397014775,0.004028537811759601,0.13481755587014121,9.731642522293858e-4,0.0037628514550882507,5.998684292582949e-4,0.00209979931187057,0.0017457551444486886,8.975696380028647e-4,8.547958499990204e-4,4.1456842058121355e-4,0.012120938485876994,0.013330452313501332,0.27188770228836884,4.2571026483322836e-4,0.008291688542071301,0.010474175718447437,0.0027596972831757166,0.00871425259898523,0.0035277040067989082,0.005283111637732681,0.0025520162139249726,0.0074146345891526735,0.01887493453378425,5.10099683663504e-4,0.011600740290650743,0.0023613662200089995,0.0101055932910419,0,0.005546351944756892,0.003803959864411585,0.0011021885702888613,1.4583609443637635e-4,0.007722181672993942,0.010205511945289559,0.004733258564074478,0,0.0048267045737862046,2.138037899714714e-4,0.009236299733928133,0.014327033531831724,0.025476294553391756,0
0.03192519022154429,0.06373702288543331,0.05266509213978377,0.014817155026246781,0.050675888877157,0.014596012879958938,0.055087040183946265,0.004148003885747023,0.007364337738024865,0.0012389311647104237,0.0021728411013051414,0.001253479054115915,0.004890257805821631,0.043084087738596545,0.0037212863571040797,0.12700776412420228,9.484143786330505e-4,0.004307192787857354,0.0015880542844407973,0.002652933157712742,0.002379221272974189,0.001081812653458943,5.917157714625788e-4,6.542139649356848e-4,0.014071040818855924,0.00874894544854339,0.29708194889179584,2.2713186110562514e-4,0.009565266098944767,0.01218204294300941,0.0023374764573068506,0.009159663090277353,0.003245722731980226,0.0028599438789953203,0.0034973991476290205,0.0048105420173006706,0.020115615929288583,4.133944385269255e-4,0.014362169695043682,8.402949301111033e-4,0.010055183113343413,9.242284337058589e-4,0.008483543716958522,0.004151493182073235,9.687961463800762e-4,8.538557426090877e-4,0.007978345835809988,0.009298261542208763,0.005612917188423585,0,0.006386478425832318,6.334644703790549e-4,0.006943478625355685,0.013145374175994963,0.02760603027286749,8.520012941696521e-4
0.03242112860758032,0.06799164125998036,0.0542896499617259,0.01789569326671243,0.05822921928908074,0.014766296620634,0.04916389735801219,0.005595367188872196,0.00803739588867267,7.87785127283885e-4,0.0028761233756216154,0.0029030895336504847,0.002633961656015126,0.04894054491811549,0.004256789595276596,0.13572431240336488,0.0010577657349742048,0.004519590496036653,0.0012621388067370776,9.947026616026152e-4,0.0030515122192222755,0.002003803464548129,0.002096957010477556,6.601242226909846e-4,0.00990138644545935,0.01765156414635876,0.2666196492709342,0.0016980986516804636,0.009725173945317153,0.006730309206968674,0.002512389280844818,0.00800956299396337,0.004098222987880918,0.003973093711087469,0.0028670975284905624,0.005881854576776353,0.019050732057996102,3.602528066098746e-4,0.0126569555211101,0.0025428904656076496,0.012222205045039899,3.3111389173132475e-4,0.0049255304037791455,0.004773216889704501,0.0019547041597200257,0,0.007227361599552298,0.00929905735407802,0.00453779843950718,0,0.00745436580666296,0,0.008404812777291965,0.014414810008452756,0.027425636058238306,5.906633022674165e-4
0.0361559401117595,0.06909457078803279,0.06117357200760845,0.015386647697327168,0.058661104969427204,0.017315599140580323,0.04846687777972489,0.00472047021667451,0.006113159581391311,6.168571133053637e-4,0.0030979307134446606,0.001545377118427273,0.0031029970689158025,0.044320131136661646,0.0046061542591726,0.14071307804943764,7.321574910112818e-4,0.005294200074415894,8.137137732545042e-4,9.426558752716842e-4,0.0024020600340434253,6.570531588210194e-4,0,0.001589960552820243,0.010461756074645648,0.014315638913344789,0.268874615248039,0.0016467089409477,0.006798369907353909,0.015114799819529815,0.0024263253047455136,0.006996639149979375,0.003927788697503388,0.002990287155524441,0.0034191449219513424,0.0042346302027066254,0.01652560678023153,4.4988954358969455e-4,0.0132547457833801,0.002971007444334887,0.012704470543556105,4.3681499007536755e-4,0.006979184529721483,0.004174109092178624,0.0011478601043443143,6.078569484912027e-4,0.0058586954029548515,0.010919389770597135,0.005487410592299642,0,0.005878926262123793,2.5864489237382136e-4,0.007257901410599803,0.012441287583452998,0.022542921706857972,0.0013743035710359545
0.0357488295849619,0.07108401127286056,0.05295990584630602,0.015304928857004808,0.06473909902001117,0.017982931190318942,0.04916867152455555,0.004919347591748898,0.007897835171031436,7.936812712835156e-4,0.0019984596948919935,0.001894619568365994,0.002336897693345518,0.04644671914731838,0.0043694384887082525,0.12222355364263562,0.002406432373936028,0.004319902378132782,0.0013160452539613466,0.0015789669665130014,0.0017145845899021433,0.0012115483414168184,8.653411398982409e-4,4.5471101660037136e-4,0.011059013536709105,0.010578513399546833,0.2806882474193465,1.9132980774786727e-4,0.009680709030785176,0.01051635932362708,0.0022317473802774017,0.009957423136876099,0.002915129395662149,0.004564946758949514,0.0017889083916360073,0.005537944775945175,0.01631505401711934,1.1684741673536707e-4,0.014438904806352078,0.0020116588368677916,0.014244692052174856,0,0.007304790348450864,0.004816378440221353,3.955775356917774e-4,0,0.006879471521828129,0.01007539454498495,0.003586749524523329,0,0.006434620646393208,4.925049893727636e-4,0.008927421058864736,0.013849439580422318,0.025513169320670808,0.0011505913765081565
0.035842795228009,0.06377045530722641,0.05297462656707163,0.01685620886694245,0.06043537219868823,0.01784482473872137,0.05415944662234751,0.004710674296397412,0.0078143762601176,7.797405385943189e-4,0.003706958557913806,0.0020392771131372282,0.0030115963021522213,0.037846321896107496,0.0030347134891937346,0.16352008449194444,0.0015143288897843208,0.004799308293220171,0.0013743358782571293,0.0011478235069124186,0.0031469584438862017,6.642703554840379e-4,6.662297768981048e-4,9.482667789178038e-4,0.013356834574082543,0.012137916263742407,0.2510839005198684,2.3129564993721086e-4,0.010651261443758752,0.00868469730570608,0.0016617460903874614,0.00866201932545854,0.0041639835403959905,0.003816334297670998,0.0027834308426596395,0.0055306706862264686,0.018078173781464917,9.681884895354715e-4,0.015210200121832315,0.0025425140153673698,0.009892343539840958,5.189899655420191e-4,0.007600850802547465,0.004124632318185395,0.001370008591074068,9.89574896429771e-5,0.007372712063713618,0.009294071134402882,0.0038265968269715006,0,0.006693608542889692,4.5863911235870876e-4,0.008236695597771872,0.011514020767468979,0.025430718259591846,0.0013949936419783994
0.03623873827255397,0.06984148011816933,0.05066358571600005,0.01705425775880772,0.05414538683137975,0.016801722783563164,0.050777382897565226,0.00429154639183338,0.008527271428120185,0.0014594915730779907,0.0016072225667846552,0.002099034358896868,0.004065565174935843,0.047007149792225304,0.003227304741975102,0.1252449910933343,0.0010832647986068085,0.004428283090241839,5.767621432979345e-4,0.0010247455056072218,0.0032025055508183966,5.686849653816734e-4,0.0011127733978686933,0.0015851818737302203,0.008477405541411902,0.009805764700819545,0.2878033898183421,6.586843492447328e-4,0.008669565722051123,0.018523583163346128,0.002623674082840227,0.00918911068269652,0.002335941528907413,0.004303012090323226,0.0014730520835976664,0.005144948565971685,0.01594697541869044,1.21396866392112e-4,0.01760431355798871,0.00201842892416193,0.01007991024190014,8.467117448694089e-4,0.00807522148023977,0.004775032842698423,0.0017125251305020318,3.2589484142571087e-4,0.006407093395543593,0.011156699787623136,0.0028938605137663526,0,0.0048322526191962745,3.0484843694521973e-4,0.008019050068351841,0.01458506408072995,0.02403153383984939,6.207210547976846e-4
0.03529530664596531,0.06917193809251455,0.0583350804775381,0.015586811188856013,0.061300577751648024,0.018456644394288742,0.04543513215587961,0.005274868783357447,0.008471711986189142,9.93106436180762e-4,0.004097883399759196,0.002711868943380827,0.0031828748525138018,0.045120716431497045,0.004558758718850018,0.13619709868525726,0.0012767502638062842,0.004692585053195147,0.002198326932286692,0.0016370446884552607,0.0032118911853150456,8.888253705298211e-4,4.594372073390389e-4,0.001676063315727452,0.013193892062279677,0.01397215929100027,0.2619782290171484,6.33946271316784e-4,0.0073783599014142585,0.011964571152454669,0.0023058805550211486,0.009481030018483608,0.004113674635207177,0.0027481867902097224,0.0023754666221506874,0.006649335958315518,0.015584629710804291,4.75768712210989e-4,0.01328940924839479,0.0017868286344838197,0.011096187845164314,1.6425166589033473e-4,0.008129304253539388,0.004439093858191451,0.0012617948762714095,5.816890597894095e-4,0.006587032818222749,0.009315084457213166,0.0040758922694992105,0,0.005748019676572244,3.452778360465657e-4,0.006957403998641508,0.014043346559393046,0.027359089493795424,0.001733859790543375
0.03509254141438468,0.06938223211173392,0.052470417128514725,0.013971527586473433,0.05671235075459681,0.01825998710269131,0.04761817615190143,0.006885914440006231,0.008217934008764452,0.0011074542581234717,0.0029199910861869324,0.0043414467862040495,0.0037942565456053046,0.04446287618292799,0.003739558870706733,0.13290949763659535,0.0010719344224594544,0.003421526931887079,0.0011238269299268075,8.826184311422109e-4,0.0021376306199861477,7.096696057919667e-4,9.412633974197123e-4,0.0014181599513319553,0.01359398092778119,0.015087929615191047,0.2771062528074409,0.0012457848004187265,0.009043733051648588,0.00983170317852777,0.001888008360550002,0.008518273111064192,0.0034388242471028517,0.0048626530749448175,0.0033480217695205585,0.004634221993018113,0.020150870183992774,6.30592930327379e-4,0.014277423763096358,8.143398243727027e-4,0.010240656026592946,4.622673220393213e-4,0.007935423029248883,0.005143213415301324,6.693690187281476e-4,0,0.006316134090012657,0.010675600017812538,0.0031689546678148744,0,0.0052481052157035855,4.433576675981364e-4,0.008720392587688919,0.012204777967564678,0.025027480666413505,0.001678862313120395
0.030858551261570447,0.06430619519278594,0.05181780686462873,0.01494026595912854,0.05321725982719154,0.015581109014317187,0.04763014547740998,0.006181454757172895,0.007608160400503137,8.038069489166205e-4,0.0023651334847887297,6.953803949198792e-4,0.0015494412495235563,0.0449321836052238,0.004427457490331025,0.13524102325123089,0.0010193525228916415,0.0048256858252127485,0.0013994587458536411,0.002578212145030207,0.002899268927433205,0.0021678227969046623,4.078299300881493e-4,0.010098182803438398,0.01242607484361162,0.01648845881161734,0.2742806026393878,9.2729880543465e-4,0.008916403835973677,0.00979439991696639,0.001408955589787394,0.008449711770240884,0.004430203532895621,0.0027920126960449833,0.002081842045111927,0.006255031824302573,0.016816958802719335,2.3997566862272486e-4,0.014182534204778007,0.002733438165721385,0.011045093031579942,4.0497947644445916e-4,0.007387440085308613,0.005420765133056304,0.0016461919630181606,9.086918609668202e-4,0.008549041037661666,0.009698836365662435,0.005640782835113636,0,0.005215706876618457,4.2720352913429874e-4,0.009545981494212489,0.016457335181519504,0.02648978532815398,0.0013870737718373936
0.035775485229314834,0.06604099042967769,0.05731485357785404,0.015242702126023905,0.06759566519990678,0.018607642544336306,0.05126902500106246,0.00469953084597384,0.007352076294907918,8.03469232388319e-4,0.0027012846526631752,0.002300244056155147,0.0013460092614545004,0.047176113400341786,0.002585872896569345,0.1338039447555309,8.992400982859144e-4,0.0058450176572630965,6.077029024449434e-4,0.0011251246344264434,0.0028525429460178127,0.0012972158069107234,0.0010421996026132752,0.004077925237884576,0.01110198185329316,0.015044401920607808,0.24660688857908558,1.2749275562390326e-4,0.00932631168923693,0.013938077628525511,0.0015874978722124741,0.010072120630118853,0.002527494489633972,0.00405517795057009,0.0027417661801953275,0.00472421258822515,0.01844135734160767,6.862954574022383e-4,0.013033044471951331,0.00177106337514784,0.011437334793228646,9.666497368759902e-4,0.006374647408166453,0.005496970253209405,9.550669047955437e-4,0,0.006048764689776485,0.009722292349635031,0.004861594225387193,0,0.005987789492279549,3.6601957203532274e-4,0.010388787732039296,0.015807153424891918,0.029950710034695096,0.0034891562095384953
0.03814781954735611,0.06690032608896557,0.056042048428404004,0.016421147968000115,0.057191703310788246,0.018634682633657113,0.044169216882503665,0.005576161159135036,0.007330079244151551,6.950787657477053e-4,0.002582756246601342,0.0028044608755418894,0.0024221666655524364,0.042106381118133786,0.0025689128168121535,0.1281669609299464,4.96468457221151e-4,0.004293588843640853,9.141584258442796e-4,0.002877814224200709,0.0017255327569211997,0.0012106228138816933,0.001493822095591605,0.001091324569511617,0.01218414499344265,0.012392740882950424,0.2843256529709763,1.66500650896174e-4,0.009754506152487376,0.007703555609538629,0.0035458240749515215,0.00867086016713771,0.004512340222419948,0.005760597861874089,0.002467853438862986,0.005594601976242509,0.01800410967005748,6.216774928089613e-4,0.014273638248438868,0.0018028314997877105,0.011966037360339929,0.00101582465891946,0.0066437250935639965,0.004382085150237496,0.0016164779373035148,0,0.00797391185293981,0.009928247939176429,0.0036731613386493025,0,0.006537003294764097,1.2910561390106704e-4,0.010952277903529747,0.011907543882011939,0.023832180014184655,0.0017977471794950368
0.03132269469304798,0.06538951631647723,0.05477818107001376,0.0162687271530028,0.05645639847571144,0.01627133645010936,0.05123290488135723,0.00472213957197047,0.008508060652110115,9.427892578778608e-4,0.0036961213580515534,0.00155954818728953,0.002389697630906592,0.04341366459208347,0.003923536395871871,0.12368561809881524,0.0011247940077201428,0.003256109579312298,9.438964158168041e-4,0.0025130073183356086,0.0029411732468773493,0.0012548786768030744,7.597472339774746e-4,3.4305380646392045e-4,0.012467389251625478,0.014580392668523913,0.28623516536823185,9.382663081016761e-4,0.010126351200927128,0.011551482030604894,0.002509418638148416,0.008555863692434836,0.0031531066793651606,0.004472345103966619,0.00162829050064477,0.005596960226885126,0.01697302755200673,7.650152008441793e-4,0.014307864587395946,7.488621610478912e-4,0.011894071980708184,5.384683035195175e-4,0.005842466391310928,0.006691566639746846,0.0016338080207764125,9.579505293989169e-4,0.007975204522992278,0.009951901307707293,0.004172461546506371,0,0.005551786210311757,3.660943034143998e-4,0.007950324740581376,0.01554557525490323,0.026396221602662185,0.0022247024047025127
0.028235542407432215,0.06340442143288427,0.05734018831317223,0.014742593137144945,0.05553192679132918,0.018433792621083713,0.049414004269137064,0.004008561089154118,0.006709761484280298,5.530959662467927e-4,0.003243779177544257,0.0010803447563561646,0.003737388055262921,0.04610569883182191,0.004623738968328167,0.14631221263819566,9.699840562284608e-4,0.005320198336197212,0.001138121729579613,0.0018227833647997762,0.004383496520082443,0.001242547082272113,0.0011920997206924372,0.0011778284675535591,0.010963712174762314,0.010356897632389093,0.2658127924488184,9.402286232819213e-4,0.007507074203817907,0.010601595610316643,0.0015176499580980575,0.009549680488018802,0.004776003142652639,0.005155445367936157,0.002424812529790161,0.0070378248149062335,0.018261901271901252,1.360605886989053e-4,0.01130771162376376,0.003298753119844286,0.012101397592505655,4.1648724745339425e-4,0.007772649944819552,0.005611034070465664,0.0020306409295608044,0,0.009030454787925284,0.01200486801131456,0.003009913560006358,0,0.004440921498366605,1.107600952159127e-4,0.0074453070177614685,0.013946660516577211,0.03084395374376268,8.626981684887964e-4
0.035797986919761084,0.06967399766267263,0.05512997569393863,0.015487269148701544,0.06381163063441504,0.019559555099228607,0.052524173048667466,0.005578375608775281,0.006648341054751876,6.907463232736703e-4,0.002527282915380843,0.0026191092271678072,0.002473373742929408,0.045849430910525436,0.004578197223180902,0.12103959393038832,0.001331878890243816,0.005778284577984516,8.218077347782531e-4,0.0017955537427403992,0.003700318536725246,0.0013897981158803496,4.8306962787673214e-4,0.0010458775474080574,0.010481787098373987,0.015215002938768119,0.27392302707036864,2.446353641419921e-4,0.008885700603238851,0.01147122097743014,0.0017711999556834358,0.00954600821047932,0.0032791531973041725,0.003879717394761222,0.002811948624467585,0.006413598217036066,0.014285704435505845,2.3093825149239587e-4,0.014776437775614604,0.0018067004590877499,0.010945203942227272,3.118358653612898e-4,0.006087398744838961,0.005993512416397383,0.0012356190398807878,9.426684053429744e-4,0.005756982880083647,0.010649670125603024,0.005473425527498617,0,0.006998621783933768,0,0.006653884863506325,0.013744821059348064,0.02429678470759197,0.0015511621472358698
0.03500612241410412,0.0696449318015278,0.058210469292742636,0.015001028062624605,0.05791872848852463,0.015296779317988993,0.056142892006479025,0.005171168571246485,0.0067481477681836976,2.679634153401181e-4,0.0037563414546379183,0.001746732797840743,0.002633051351780543,0.04451254010982926,0.00363973313956879,0.15241420931227725,0.0011603941514516266,0.004388285933873046,9.213405016594859e-4,0.0013715445631656304,0.0023692906609420507,4.6319371805635264e-4,5.165025695688768e-4,0.0014461770347115198,0.012342999443184845,0.015694636405369663,0.24061900793983043,0.001840095723811296,0.009624034297034846,0.012366164382706045,0.003464412518686081,0.008265274748934518,0.0032123877078036934,0.0030941231980499604,0.0028126881095098533,0.005871291400784675,0.022240369859740317,6.569026273544466e-4,0.014456729596726812,0.002501951673628362,0.010115530607594691,1.9236523682574413e-4,0.005685414524496502,0.005498607655632623,0.0022750441512493125,9.126925124987701e-4,0.00862049832600708,0.011088991826035096,0.005287705400795519,0,0.0025531840977202967,4.893806795722817e-4,0.009961442320870876,0.012519102546839892,0.024056641275209352,9.327607673709184e-4
0.0345016987974986,0.06729396745108844,0.05064739956365139,0.015084519083057708,0.054419797371640224,0.016210980375074117,0.05173415964940035,0.006129414071776264,0.006526939504428074,0.0012347250435366043,0.0036447281361040667,0.0020051613572035663,0.0018776277216724605,0.039111966362671786,0.003135320161914413,0.12898975260388323,2.1468613391319513e-4,0.003585286716858716,0.0010411838930869087,0.0031858750621098285,0.0025265933839834468,0.0014021757594176894,0.0015353778736983247,3.2797645657725875e-4,0.010221315780376798,0.01621941195287576,0.2901132722736645,7.551845198232411e-4,0.007632038182691438,0.011383134035760325,0.004223004179816143,0.009226089873783832,0.004565794382027831,0.003859816998951946,0.002231019170021389,0.00806631617789262,0.01952161460013173,9.082801667426519e-4,0.013688977883510917,0.0015301229677649492,0.011308911709164276,5.918337946845595e-4,0.006624415127082564,0.003760191109868038,0.0014825659965895163,8.178461676587028e-5,0.004185159312250043,0.008681670602371594,0.006604399496241122,0,0.005462000541847111,1.3714456210240682e-4,0.009203887848825606,0.012580009528512097,0.02810165311171862,6.816669618938137e-4
0.033688161333113704,0.0745706793060885,0.054894377151185975,0.016370992472562202,0.060558601881585246,0.016756009343178214,0.05597730809692234,0.005363924540873022,0.009152707452348637,7.558443780510843e-4,0.0031075043021890473,0.0018758369431020577,0.002110810382357945,0.046345108174139026,0.004528460292936696,0.1639577773794673,4.160022537677412e-4,0.0038705335896777916,0.0010909936480219737,0.001443135493794339,0.0018481445968565459,0.0012970058490400678,5.599329441420496e-4,2.1522885821183323e-4,0.013051447586375078,0.0110559215591668,0.23769600092697787,3.961304089726768e-4,0.008865831645915992,0.011192047317146077,0.0017139973667383498,0.00743402505775298,0.003460617411045116,0.003922860821562512,0.0021847283442493204,0.007888115090911564,0.016464035160250017,1.4395042422192818e-4,0.010914636601954828,0.003609039648124855,0.010758586925302134,0,0.005207748299259956,0.0033014791915785373,0.0024056562034859646,5.715559567771388e-4,0.007005727442949798,0.011433995693228689,0.005679219771234306,0,0.007696484113032005,0,0.008608657907604025,0.012711804477665465,0.02334583269846911,5.247852844335599e-4
0.032350094913236746,0.0605762004742168,0.053720179507138824,0.019770508815813104,0.05855758181121769,0.015367823730913508,0.05099194033062392,0.004835072881449626,0.00604434399942244,6.9171916547025e-4,0.0018772397906398276,0.0018678354594276628,0.0028790404489360123,0.04659658693398424,0.004135537703988656,0.13996542324028605,0.001391603767548494,0.004888128411004303,0.0017435039294530395,0.001229566925283444,0.002950834161178501,0.00153522070822886,7.05460357284731e-4,0.0028161871137165734,0.011946222863157956,0.01275390358486139,0.2751326937581698,8.106392994328611e-4,0.007605407315117428,0.01240247904894946,0.002130151723749623,0.009692730702671272,0.0032340625938189816,0.0022926580194188987,0.001961313699139492,0.0057623895890255095,0.018443518132319394,1.473447772378087e-4,0.009699566788197972,0.0014235815911869372,0.013321092182438682,7.439885878363303e-4,0.005035602994970217,0.0034263771044223046,0.002349350886968065,3.985471418501399e-4,0.010024781840435691,0.011663087356029955,0.004287481241948416,3.015164652913937e-4,0.005789289055852763,5.272892106866715e-4,0.008105012579107007,0.012786717513654382,0.027019603802845318,0.0012939639687446047
0.037040554165613186,0.07430967067605651,0.05866827319220483,0.016031538326221947,0.059493070216681904,0.01587200566893221,0.052582111071725515,0.004666260542083142,0.007893055376668187,5.095358337038029e-4,0.002781242989729849,0.0017199251678416017,0.004093818805872289,0.048514387449606025,0.005485567299634975,0.11832647577215441,2.679782155648083e-4,0.005681682528755845,0.0011741139733617346,0.0016913079722866795,0.002010928522549834,4.5157149527972793e-4,3.236014516412153e-4,0.0015117548920487813,0.011248430824300536,0.016402510806840045,0.2663590093906127,0.0010227286068551864,0.0106376912266163,0.009189396244360715,0.0017241188053374028,0.01002455915723313,0.004811466510649973,0.0032775919759463227,0.002549813788409096,0.00782804947274691,0.018695016854830927,6.097378953345619e-4,0.011355455964176867,0.0017564742379219081,0.011979518538129286,7.150912420084616e-4,0.008008215635024908,0.005717536995869041,0.0011611734754154736,6.090111306866596e-4,0.008203063604584563,0.0111010365213698,0.0040371941466274645,0,0.003768859416597624,4.3076280405277624e-4,0.006393209687002763,0.013150556604075252,0.02518312672805135,9.49160102112987e-4
0.03385987555704408,0.0638763645179458,0.055509992050088955,0.0190668272190335,0.05777238984681253,0.017420706498333948,0.0518491850646801,0.005358930565807163,0.00822819515646133,0.001371915819757124,0.003443104866018406,0.0014859666687421066,9.016470073342157e-4,0.04330995707971116,0.007011809296779365,0.13304444207545713,0.001285761799674237,0.0034600328531986533,8.396893235236724e-4,0.002709308533452154,0.003377332227387684,0.0019411518704437244,3.895098672209428e-4,0.0015957186384391005,0.012214436887639532,0.013290112367333105,0.2719704147621291,3.2537409999833727e-4,0.007835895527332886,0.009717985359043805,0.0020593660276213284,0.009316275899349316,0.0032613547110790296,0.003659498910593601,0.0015900702566988916,0.00578092263533979,0.019614159676593475,3.058251374887307e-4,0.017634985137141297,0.0014241099013006376,0.010569206578930202,3.8100560303275726e-4,0.005975713352495001,0.004357571074271191,0.0013424579478260234,6.682190924085365e-4,0.005325112971273833,0.010310886862687585,0.00457513322017433,0,0.006098130552274526,5.890311802788232e-4,0.009067885270157915,0.015297384552488927,0.024385016017959428,0.0019466440237110036
0.029536069126375436,0.06744645290125176,0.06084545933504571,0.017129839740552218,0.06637930872160416,0.017187491374490355,0.04844768131626984,0.005123710560904871,0.007703958960811311,7.470041508569734e-4,0.003569759662041449,0.00383179238279551,0.0028966178494654994,0.043913620446202714,0.004648952509872004,0.09963609993994317,9.618301860234208e-4,0.00487536527125369,0.0013222279986071597,0.0018259399590654227,0.0016878847814596994,0.0015095742702279458,2.697945082166861e-4,7.357208464966905e-4,0.010196862436698836,0.011949923942022116,0.30303986045958353,2.4942495862915624e-4,0.007915681659923955,0.009855390740382485,0.0018950378619657523,0.009202373574646159,0.0033721385292508066,0.006231933672205073,0.0028306889812854076,0.006693142185259755,0.0177085331958461,3.694263934133865e-4,0.010592393708035679,0.002856214252240108,0.010688725617024311,1.964611923501001e-4,0.005292493113065317,0.003313381471089918,0.0011969483341011753,5.051212623810127e-4,0.008097153570471522,0.012330456999842665,0.00433351731472306,0,0.00732170508796359,0,0.007345001048748653,0.014545797342375275,0.026087781911063302,0.0015542723835781013
0.033227163341353276,0.0769188154096735,0.05591926190115986,0.013091373532267603,0.054272748620497274,0.017584211901666653,0.04428667743589493,0.005073600181484481,0.007994255791092718,7.106106828602665e-4,0.003423136664645977,0.0035885577212361646,0.002866338569793436,0.046665782749907424,0.0038288498573327222,0.14048788509419816,5.073384407559651e-4,0.005127990044998912,0.0014455260507075546,0.001071992841735107,0.0022668181368826236,0.0012395660184609664,4.6020585786666463e-4,0.002715965047286064,0.010462663639186107,0.013780782909852936,0.26659156111282867,6.951330057059482e-4,0.006897233286459612,0.013884525214795043,0.002045872380792104,0.01003703428847307,0.0031785886126466573,0.0013054360662166128,0.003025937326645301,0.004950567238133584,0.020758792963188607,2.0028405420104042e-4,0.011418583482850854,0.002165521494519759,0.010488344332472928,2.0398898801528197e-4,0.0067600221981313595,0.004929492419083858,0.0019419871256247973,0,0.007056043344663323,0.012021670703692004,0.005440619040807616,0,0.00516002572990098,4.120770624999405e-4,0.006713994473262102,0.01622196278580687,0.025497875232777436,9.78707593007315e-4
0.0330939273774487,0.06777430383993072,0.05320254726309378,0.021236122658179847,0.058854816709924075,0.013682050438307013,0.04944529836263528,0.005393389346214413,0.005351026598305336,0.0010676909733545628,0.0036162708983452415,9.199797546405528e-4,0.0017402263291766149,0.046169912409658044,0.003562005189225802,0.12526939419173433,9.43475261151919e-4,0.004799464901897147,0.0013017823558308871,0.00192512367060489,0.004753571624205037,4.458306199475355e-4,2.63935469596104e-4,8.818759197756564e-4,0.009173493971557145,0.013044476012665847,0.2930043489293152,0.002183125312244728,0.010001150315973147,0.009887493876928456,0.002587590474349534,0.008658666478771344,0.004588770554606291,0.0032675989352743107,0.0011097095792071533,0.008386464211650206,0.019081796542874545,8.364745475271183e-4,0.01328822469125827,0.00136648501032714,0.010647680782022391,5.516873516854505e-4,0.004449237249792108,0.0045293200425473345,0.0011567114206918402,3.699421642524389e-4,0.007156291828281182,0.010605508434569344,0.0018213078219541732,6.378749154603998e-4,0.0064956189397336415,8.293038497837646e-4,0.006762277485520068,0.012351207197706139,0.024585082595905913,8.910563123798504e-4
0.033782101324783244,0.06296810835779167,0.05624764290033991,0.013894975507226731,0.06231847828511487,0.014769714143161024,0.05846522876876733,0.004778968145137599,0.010186700471968894,2.4806920074900565e-4,0.0031875322668968933,0.0012561136257760975,0.0040049126242758925,0.050071137818394874,0.0029864130062751603,0.1272304574694214,7.844829606632401e-4,0.0042346598999108654,9.415373189050155e-4,0.0024383024641088467,0.002004425551386265,0.0017814893761024595,3.225547258660234e-4,3.231895656328269e-4,0.01113370432307119,0.01337610939263307,0.2734421538477581,2.476084924739904e-4,0.010994594188372456,0.014538539882563501,0.002583654478228019,0.008871184833032479,0.005032283369580815,0.00576649117807098,0.0016284760257886852,0.006388504709642632,0.015718990383545416,6.816107158248781e-4,0.01534570370177677,0.001808022419885248,0.012072079746673953,9.583534378004964e-4,0.005852240614607934,0.003673271880653642,0.0012273825757069,2.26849864130256e-4,0.007013584798190495,0.010072751115907465,0.0034344840372953042,0,0.0056672853856982045,3.2152850457395994e-4,0.00818051062783602,0.011991917798973037,0.022317705034548364,2.0522685649961033e-4
0.03409850242050331,0.06333527026986971,0.05732272189484211,0.016690841244255704,0.06575860635587717,0.018814385498997513,0.04603213713465486,0.006038128514724137,0.007827709685465369,7.788975438127063e-4,0.0029057029331862718,0.0014626912203188449,0.003436760953298755,0.04677079575649013,0.0031213662564818223,0.13860564213836604,7.745569856928043e-4,0.004783216449063039,0.0013868615665443278,0.0013002638403096167,0.0029757209516701063,0.0014667887697949551,0.0011026124496220726,0.0022332084039312227,0.010563355315072923,0.011039286877448717,0.26546856636589344,1.2840396172529827e-4,0.007166852290638857,0.013300585895466947,0.0011815289336917119,0.009056026867261056,0.003993825090992679,0.0013060922463831693,0.0032866530549704506,0.006328503215992408,0.01854027309046299,2.723225746839847e-4,0.01209439451931737,0.0017348377576853003,0.011888541433169678,3.6516984930142854e-4,0.007756411050001552,0.004102633483034825,0.0025296474202854227,3.2647369959154385e-4,0.007238703243885205,0.01186083878319307,0.0030215599734636192,0,0.006309520478666644,8.897332439908337e-4,0.0075031029094229556,0.016048531888062954,0.025482264513259304,1.919707352110794e-4
0.03242895928079977,0.06954350153019749,0.05773304032227041,0.016257007673142487,0.05465030652980615,0.013478691797808967,0.048975111399105944,0.005540074974147301,0.007425466378333485,9.884639893399814e-4,0.0033736622457351917,0.0027125856694309226,0.0026695980991096563,0.04647447524465125,0.0032391309416199923,0.1250178184502328,8.592149063700032e-4,0.004115637347688083,0.0011606122700199442,0.002397745153644052,0.0022895370300999368,9.925781259193746e-4,4.431692930948046e-4,0.0039739109469176396,0.01160526045198709,0.021034256531093254,0.27341647934493973,0.0010256631536222924,0.011328589297517525,0.009893546957704497,0.0010335475566455345,0.00603140789971099,0.004137425782795699,0.0046293891742292415,0.0033284036111680486,0.0072233951314735175,0.019106448510773123,2.1787397568413631e-4,0.013113661455745431,0.002538102338259953,0.011001164074427871,2.0104806820722682e-4,0.006398985162804479,0.004513137800689707,0.002122252822690548,6.0486948409484326e-5,0.006676713656415607,0.012172480169363141,0.004968178891401599,0,0.005956485823594442,0.001062724613240695,0.009829015710849645,0.013556749647393174,0.024564380359685573,5.124454779910968e-4
0.03621556197234631,0.06890975486225871,0.06270516763276335,0.016354301700041606,0.066565828842745145,0.0171733576221256,0.05144037469902241,0.005153056271020524,0.00849777835866724,3.5747379864241487e-4,0.003960259001605001,0.0027026921339338497,0.0018458282169222515,0.05107083717223524,0.0040721447795009445,0.1456070856972784,6.97518833213373e-4,0.004280540382554929,0.0015368519373791187,0.0025788148888454977,0.003110598640753597,0.001615739830669109,0.0011366366915170653,8.676536777707797e-4,0.013004105448838746,0.018041648849897573,0.2152721310614274,7.425312903946165e-4,0.007060930256036983,0.014016379455703575,0.0024134202155218507,0.009373865614451637,0.0033821555261959314,0.0063077586536709924,0.0034641782762869443,0.007465614241514772,0.019177235832157035,4.1159611933330004e-4,0.016830442932979202,0.0013725222636399798,0.011141687453745521,5.103522634065336e-4,0.007453334410083062,0.0034289135724015754,3.0874151639426656e-4,5.585310641360607e-4,0.006630875201014562,0.010635597114125593,0.006119705301534375,0,0.006197642476275779,3.860668798514398e-4,0.008827484017552694,0.012987196839036336,0.026794723567542242,0.0012267746410369851
0.03318707551051989,0.06939515536830383,0.0515648888289341,0.01800716739337483,0.05982815036434218,0.014377146739547292,0.04872161853653866,0.00596608928736506,0.006820336501406619,5.909024952580787e-4,0.0029571630073297137,0.0014568827096021995,0.002884572166250235,0.04696134879269675,0.002698597317723021,0.13636854016842365,0.0011226628945313693,0.005478414770158487,6.811861425760036e-4,0.0017446199077615048,0.0016793125491236121,0.0020927710821317066,1.7205419416399092e-4,0.0033336342017897397,0.012880922274502929,0.011302957593264919,0.2770069796281536,4.701887845767421e-4,0.008687206445451354,0.009257022167918124,0.0015149369164509264,0.009516631142760261,0.0030843838138075123,0.004688867744157665,0.002942617898357845,0.004920254939001088,0.015518005683825824,3.4284459255886035e-4,0.015620034430254353,0.00266024532283556,0.011289542524115194,7.672639765949515e-4,0.007445535549153138,0.004625118511278094,0.0013627158466965137,3.6502658625239473e-4,0.007176889824045894,0.010952989144473808,0.0037881517404137724,0,0.006392284910233492,5.268821264176286e-4,0.006665371845725222,0.012152694014837028,0.027241511154062984,7.436319379697796e-4
0.03292346738689345,0.06860625144899235,0.059515797425923604,0.015053230878168563,0.060606594122707795,0.011853553919338506,0.05154495043758511,0.005910500394477512,0.006226008992495741,5.924168414819984e-4,0.0029340453824273603,0.002218024527685938,0.0030534392034016486,0.05161886115487794,0.0034873531424663515,0.11497585968659357,0.001191922618088213,0.003986942712126921,8.147953460331101e-4,0.0020696757241226668,0.003070188334321206,7.995197262624795e-4,0.0010263597543959827,0.0012905957570582866,0.013519799113685924,0.01721712372046424,0.28005511434696484,0.001639582177998695,0.0066616961760571705,0.011531350340704896,0.0028214889406765493,0.008642772564318685,0.0036253198746405545,0.0043127516258664785,0.0018780110158834948,0.006188302559802836,0.01920885889160564,1.7772817443301045e-4,0.011782651990301304,0.0025391632612075804,0.011738503031307688,4.037600792353898e-4,0.006552315178346223,0.005260232883137007,0.0018889188840258042,1.7055257043986752e-4,0.005734819593091989,0.010142707863790072,0.005004132804734004,1.358547294745393e-4,0.0064808454517044966,5.661344718857541e-4,0.00682478346016195,0.014103594775084027,0.027439997957750158,3.8077657329280926e-4
0.03464307615213321,0.0654666106882722,0.060842495539913305,0.0186320614256481,0.05039662262124799,0.014423992413290601,0.05288666658328535,0.0061667800787217125,0.007594615283591501,0.0014162788651296025,0.0023835823040632737,0.0028066433104021815,0.0022166506821970204,0.046319856260707344,0.004822530203027672,0.11084171597574106,0.0018334737415434544,0.00492201817298005,8.730247521600345e-4,0.0020131898985738333,0.0018583813209240145,0.0017834571475419615,0.0010110055976918122,0.001518034772071643,0.014137834406084777,0.01712310556367699,0.287224378510326,0.0014310130696036025,0.008729958014396542,0.01498281674293595,0.0022962046207621076,0.00816648814047433,0.003171523552447288,0.0012859124395466156,0.002090678230657365,0.004399602591581278,0.017742749011631156,4.2738243571858824e-4,0.012937202485170112,0.0015833037067487616,0.013627421679209018,0,0.00703267497459452,0.006109804344799208,0.001824892824120508,5.737485546961003e-4,0.005513243584856292,0.012171188134151476,0.004229034392175495,0,0.008052261825434679,3.383438349291986e-4,0.006930838717373263,0.011152845257829086,0.026218305955917443,8.224786072932948e-4
0.03256718394006565,0.06767592299922497,0.05646032787841276,0.018261700832981356,0.05725010447266878,0.014799840735705769,0.05780491834191358,0.003789145332114706,0.006464013822490053,7.188922002629556e-4,0.0033439827331938387,0.003087532559948046,0.003116549183912376,0.04102576328761395,0.004241288745260755,0.1287842730654767,9.503466197852676e-4,0.004059365173724804,0.0016044249959794891,0.0026398382356963616,0.002131229696117207,0.0013784675034203722,7.271322771272776e-4,6.368870976013141e-4,0.013744639274856448,0.010276996212191062,0.28343344679849225,7.980618645205572e-4,0.010400176417717757,0.00806580753342043,0.0014113478275084694,0.008024509714812715,0.00431063466194405,0.00582403276681169,0.0029330760604463044,0.005597715405023639,0.015333053949485758,0.0010057444436652914,0.015045008219977268,9.292979055003059e-4,0.009827508023172454,5.154253599312817e-4,0.007364994371215978,0.003911366632129924,0.0013722706380781154,6.579692035446026e-4,0.005685243834753551,0.010706116048954665,0.0038024693309085815,0,0.006613488085212723,6.118487793016416e-4,0.0058868274303015425,0.012774726261940277,0.028704898682946685,9.121665305356528e-4
0.03422147092804038,0.07369306374605693,0.0508504875730839,0.019246028405738684,0.054985804644565275,0.013764937442390587,0.05320046025863616,0.0055443769542437606,0.004979874310530289,3.7015292263518874e-4,0.002998833005530712,0.0015895092003200518,0.003267032483724798,0.038851441720741745,0.0049843119007741375,0.1364912502935249,0.0016191432775416886,0.004061759272944242,5.594582232499131e-4,0.0030759816806551037,0.0025371468461756037,0.0013746856727975237,4.3648778641272666e-4,5.240444808602526e-4,0.010540267213892238,0.011631170386772381,0.293761358145063,6.192641872384964e-4,0.007271673714457993,0.010062347797259735,0.002917606368276722,0.008926438190494698,0.002632511799976322,0.0034268710794384347,0.0018849235416898156,0.0047893272570483075,0.02045706313206477,3.9621084505289645e-4,0.012450883786073882,9.407709332144428e-4,0.009557721770835312,3.919825405815469e-4,0.006760691480674245,0.006874311445797283,0.0013623721818136205,6.289896844196269e-4,0.006527678134277159,0.009956642803307447,0.0029563622088195603,0,0.005989425415436568,4.950178531302825e-4,0.008197386205593567,0.011472062982346768,0.02093632287840048,0.001956601005377865
0.030973459805114126,0.06692112588435978,0.06045664372201927,0.01751767906286341,0.05889487491243933,0.015502222660603,0.05079281395209539,0.004168648184493798,0.0074624191050499415,7.572909375518829e-4,0.002044788340274688,0.002245908045993337,0.004482262880795571,0.04218314322697648,0.004468230623046016,0.1462616017203757,8.500484792384082e-4,0.0043548557078817544,0.0010909182129952711,0.0018326585027261418,0.0035945639545592986,0.001288704362584004,4.1250732363894046e-4,0.0018863656716366875,0.01198141911676879,0.01290804659555871,0.2559337477116582,1.3279489317841964e-4,0.01139931399281995,0.015264064461537786,0.0030975920372249485,0.007670788288572462,0.0047031313337050846,0.002032493558827477,0.0029215453719038573,0.0060149402606055015,0.016715927044157367,6.90915975686905e-4,0.013517258676601555,0.002096900548000658,0.012895730783623164,8.534909352640454e-4,0.007754665930287548,0.005074672944029239,0.0016497098101159284,8.361182417301446e-4,0.006730780049714217,0.010360019476154027,0.0030247245273397594,1.6657752015118336e-4,0.005401905105257421,2.9533780363370695e-4,0.008636864488909457,0.010581451725133835,0.027582221072805606,6.311144397307938e-4
0.029938996103553425,0.06312776193873161,0.05957749009593299,0.019668943639798674,0.06073669914716865,0.017376469557368844,0.04801350023163012,0.00598054755901937,0.00673408037226767,7.07332789986743e-4,0.0019918703195618654,0.0022027548194606104,0.0012898631603461205,0.046286875901972314,0.0045373048666638004,0.15254179576909943,7.333396706298265e-4,0.005014372835856914,0.0010113856575282205,8.488453263439673e-4,0.0015487374474200664,0.0012475512024327118,7.445411723441854e-4,4.2043090302024404e-4,0.012567462250908715,0.008081247883943803,0.2598891516151681,0.0011043187037381341,0.010041766044655119,0.014215806715622193,0.0016972684846940428,0.008470200403129909,0.005172473909935414,0.006017085297683519,0.002543948282904929,0.0063576995255933905,0.017778213173428488,7.401019712140348e-4,0.00986916146807206,0.0017197162686047433,0.013230321753019155,4.050718414196046e-4,0.0072433517772738255,0.005309032437546494,0.0016608864701559887,0,0.006502032840486309,0.009884369815363026,0.0027143677958696415,0,0.007540391013775967,4.3087888916184023e-4,0.007462919436531427,0.013379233872194803,0.02499718153045791,6.928480393090146e-4
0.03218782325207776,0.06639000159786833,0.06228458857143406,0.019627805521365067,0.058604302653736555,0.01813724855915698,0.05301709251895652,0.005721021592728819,0.007024579757358763,2.4287573118676408e-4,0.003996203480959601,0.0014737565690896236,0.003504372006240091,0.04743619611739686,0.003022425131858017,0.11223994981236914,4.400696858551233e-4,0.003570651548173307,0.0016618795494167035,0.0016306473150993004,0.0026430804811354877,7.511182333519445e-4,0.0011249615930252806,0.004276618471342594,0.012076502119115824,0.01778914719178499,0.26700461741507486,0.00142214416766304,0.008141025928193539,0.01668605682161602,0.002734202533876618,0.008648938706915809,0.005441798544981644,0.0030294818561841436,0.0027371986257801566,0.005704383552750306,0.016070303675566017,0.0012404452981424525,0.01529808178892498,0.0025067164710418925,0.012819043145887894,0.00043954079795268107,0.00875934966562612,0.005910642393517196,9.585039627534351e-4,0,0.009031065684574274,0.010627755600254928,0.0033027661613661426,0,0.005342198050487443,0,0.008160090696633397,0.011337071958897622,0.025157782566464316,6.138748667895587e-4
0.03290189443322312,0.06521535774044064,0.05627413158325642,0.013268616860325988,0.05864659492753243,0.015143662206316383,0.0548843856397411,0.005911315548975387,0.006247091336297387,2.8062291438921437e-4,0.003985452568630395,0.0020726035927667277,0.003742469077320438,0.046193244861703016,0.003943882935463513,0.11889824966102769,5.406692389549313e-4,0.005265679525162255,3.775581836575277e-4,7.557246941215388e-4,0.001849318532163562,0.0013836169753331901,5.211352390623392e-4,0.0014420854589819979,0.013245413745868864,0.011436079792068548,0.2884336773546558,6.933424098634993e-4,0.009416831758307737,0.013290892531226185,0.0023922956270420403,0.00850825249293458,0.00449777104535697,0.0025752401412114383,0.0026957347730326266,0.007068928642756458,0.014903867418288872,2.567773100477244e-4,0.01397728947534617,0.0013939715242140118,0.01531766137056507,4.7320180855667097e-4,0.00710140036825812,0.00602715952180096,0.0014188638628597895,2.913430642084197e-4,0.005662460488673374,0.012250657500482728,0.004723319941917757,0,0.006314936296708767,5.099142921244105e-4,0.008748949634258542,0.01265779626116732,0.023970605811349376,0
0.0374593997354347,0.06349254775957296,0.052192024690159475,0.015744538428508037,0.05610329606888466,0.018284209612083026,0.04731428751465898,0.005605669523918429,0.007882828862294309,6.093150017622371e-4,0.004738824453632503,0.002258471085597853,0.0023403556955011715,0.04839533989586266,0.006870175486258207,0.1375173263446041,9.14989475630664e-4,0.0051913404154372515,6.036469421906829e-4,0.0014419326380421553,0.003193423058949113,6.351616630098303e-4,6.495241349242374e-4,2.2929470980441742e-4,0.011821836928503924,0.012030913831684246,0.26245394885739376,0.0015829094807947174,0.007246497669131636,0.01285362231919074,0.001518254071425225,0.008064839432123464,0.0039588575482358895,0.003229460202331279,0.0023409385536130242,0.009357520010752267,0.018836287072301134,2.514726236132655e-4,0.015464186817589804,0.0023372765085938677,0.012240813646163367,0,0.0062913386018101855,0.004995904366343478,0.0029441188503561886,0,0.007325719707798824,0.012052951162943311,0.0035755298505815887,0,0.005081929557198432,3.907009200738666e-4,0.007913466828109176,0.011879640838525102,0.030049035927826553,0.0022421046182700037
0.03533993917773139,0.06946001866170581,0.05181912197915126,0.017268741162304473,0.06370742792036353,0.014488168407661052,0.04258013682429642,0.004737354665200254,0.007434175868182525,6.475583990491776e-4,0.003220267613383253,0.002416102601018032,0.0034384172332634464,0.04687278240039799,0.004642966267337661,0.13779708011753028,9.34317769378749e-4,0.004237826534101467,0.0013481880818005268,0.0014007297281400154,0.0027674699672801256,0.0014259182146346594,5.283985422415295e-4,0.0034907354599338,0.011243081636470854,0.01831499679830987,0.2593488134542383,5.8867347906223e-4,0.009281564938887557,0.013584113878691692,0.0010966978574378356,0.007228738669979879,0.0037765519902598355,0.002141363906371288,0.0022124570350664655,0.006240642346274662,0.01936564252956619,1.1487422937659142e-4,0.012748038327722144,0.002589010525379572,0.014621964615240683,0.001146903384517878,0.007121765422395831,0.005399025177529889,0.0013513266444134175,0.0010742006442285487,0.008430787338713611,0.010137923305902618,0.005407515124957024,0,0.006939624168344495,4.752965467721506e-4,0.008636508930130545,0.012524742855623633,0.024008165557479682,8.451450845675716e-4
0.03485333641149855,0.06487730427533421,0.06369390309074874,0.016700582869274797,0.06689756069128072,0.01706839145318061,0.046506248807898824,0.00557596941811133,0.007013611577152686,1.1729283265853285e-4,0.003277393862626191,0.00203772074816183,0.0017348593481350113,0.0450685692271977,0.005640749875131194,0.13318040825149738,0.0011615288926970664,0.005206289305721346,0.0018858894916027574,0.0017422128156527137,0.002063881829556804,4.2242828068171477e-4,6.547872180253113e-4,0.0012787764100644784,0.01022827159115137,0.01427139502930893,0.26474385866028116,4.3850503223157755e-4,0.008423044487170888,0.0073647982616838375,0.0015892261653484136,0.00903610571925393,0.004121761937680909,0.00282832503553377,9.14058621369837e-4,0.004078907900307317,0.01904848373629708,6.469030534576757e-4,0.014111680276426146,0.0028940657590729463,0.012975175559460733,7.101192210593425e-5,0.007641003077445765,0.0056023249584882945,0.0015025674022448325,6.147906473592986e-4,0.008455294829952654,0.009312230345744934,0.004602640512060964,0,0.005192285586042349,2.29152925742467e-4,0.008371846310661723,0.014323553695085383,0.027148040249601758,5.589937275366386e-4
0.03995297671357961,0.06447015618011198,0.05479493301157563,0.014774564453655834,0.05444755100489571,0.015662619032353203,0.049308025963053774,0.006552031263494879,0.007916680754117592,4.1362809657377884e-4,0.002069903199230956,0.0014925772263788182,0.0029695974794462002,0.044072576210675334,0.004025867384618825,0.12110303686484047,4.775055293629851e-4,0.003492221062231441,4.748419300004699e-4,0.0012225602746659757,0.0024448150894063178,0.001020648019009883,0.001410453821866899,0.0013058922039605931,0.008746540853268571,0.010852511820641628,0.2938004562708728,8.789522085837425e-4,0.010297110038144184,0.011466758835406153,0.0027997237181659135,0.00948803732610818,0.0033949406914535584,0.0032029851985822064,0.0025580852243353254,0.0053075208399750344,0.01806121658044011,3.3277414099456095e-4,0.012203956043710034,0.0018406366156191007,0.00885685373331315,4.886710966556307e-4,0.00888768974497072,0.004959274594296727,0.001700589953121133,5.936629319297245e-4,0.007820850926371178,0.00995840891163655,0.006677747379877333,0,0.00704107059041251,5.108578370892627e-4,0.009326861899853073,0.013689897516847235,0.02657922417769851,0.001800469530518966
0.03585385780533844,0.06411382582862099,0.060361946244568185,0.016949904798327146,0.06334464908895618,0.015056261675204102,0.05741345573310784,0.004689296250969235,0.0070393170648620305,0.001570790570023936,0.0030988423990352025,0.0010333469957859683,0.003387983058411907,0.0429462082004632,0.0037312352619717133,0.11376119675753339,9.349227648434509e-4,0.004591833782360466,0.0012860561293427985,0.0019124295996798095,0.002452795223306329,0.001235767761359033,3.7674940718195206e-4,0.001706196529710972,0.009219360256220322,0.014952023270964392,0.28203105038570525,0.0018448796096493165,0.009076688121017971,0.013243839218649486,0.0027967479296730257,0.00593852610715042,0.0028989305543152977,0.001759207555964336,0.0012643660966715816,0.007320835805377968,0.017351380553586725,7.774462033202703e-4,0.01503299377397042,0.002395980747012671,0.013733427243131906,3.6106391645072874e-4,0.005322858785472579,0.00538849713136318,0.0018059097978986175,4.2724016443668455e-4,0.007208285515032814,0.009787057594004084,0.003414003431314649,0,0.005668549859604856,7.014937661814598e-4,0.0076402426692303155,0.014034600859524257,0.027753644146140143,0
0.030663521824563323,0.05990397694399771,0.0637981546867007,0.014264741701263677,0.06065708743304956,0.014152577336798762,0.05153374545370777,0.005607476828404933,0.00795395214921645,8.521910008674103e-4,0.004438402247593684,0.0017832949417392289,0.004848917668584119,0.0448370165123043,0.004043630064335139,0.13058102012186087,8.942828768819871e-4,0.003294358685901839,7.102524565925595e-4,0.0012362666183923083,0.004623750063465322,9.309834865682986e-4,7.589116353836897e-4,0.002124148760397737,0.011296185132549779,0.01545217094674902,0.2762611534224789,8.39337548514631e-4,0.009681709775800119,0.013021118483008964,0.002386037991823785,0.009603225664295296,0.00389132305955247,0.0021141506619387,0.0022074595401241647,0.006709349198696265,0.0174447737701357,1.1024559168939987e-4,0.012858784314227663,0.003395242267287217,0.011151928835073183,1.4874337399470246e-4,0.006721388592359269,0.00370508404952059,0.001267234385764827,3.3436214218017437e-4,0.006883949025187276,0.010933710129728678,0.003470279429376973,0,0.007060961738626942,1.288006269270882e-4,0.009004412051583107,0.012676876069595656,0.022985747749619617,0.0017615929330184528
0.03011971002236022,0.07018758557565319,0.05126184572881151,0.01822178403672253,0.056555913002869884,0.01797606839775927,0.05441040679105432,0.004286458055741736,0.008009842442437552,9.230119024638958e-4,0.0030662408175135217,0.0023697257939342417,0.003744485117909092,0.04730826810088565,0.004560801859171845,0.17481562244579968,0.0012542763916333262,0.00440065481413208,8.826576058188793e-4,0.0018848276556572311,0.004157238020791947,8.218839618504988e-4,5.349468821776725e-4,0.003260790669460954,0.0117332015571752,0.015125127063701947,0.23550175323333292,0.0010578931945064783,0.009788915189122886,0.008436008888401705,0.0021421486516592938,0.007877525690042556,0.0024661868274695395,0.003518556519619474,0.002398723560789265,0.006340741524279251,0.018871793241857712,0,0.012107077613985166,0.0021946247445775017,0.01189432292645924,1.4368270275867936e-4,0.006016259960988691,0.004446763501805004,8.462411089767642e-4,0,0.0047829708023993805,0.00991394098158714,0.0026798889877841865,0,0.007516989165579262,1.3633906941066726e-4,0.008150340991288621,0.012629552784808172,0.025432796127807973,8.345872952146012e-4
0.03550832094719407,0.06480645450647146,0.05542977372997195,0.017698581381626773,0.060141310984157856,0.018533306772615894,0.05219002201539253,0.005436341294744013,0.006371123665162569,5.226347816346341e-4,0.0040540568773957935,0.00197554546663744,0.0023420456117797524,0.0472237148800575,0.0031121047934199878,0.123040197525359,0.0012015125786344959,0.004653312069199459,0.0014147028439308294,0.0015240342925006865,0.002805056419233743,4.493138008425606e-4,5.7924419690847e-4,0.0017057404395247225,0.010833674215055746,0.012760634090148687,0.2875931470424006,4.123802747710763e-4,0.007604571922142087,0.010969905010276445,0.0017140338181075355,0.0074279560177829265,0.0026336910424296033,0.005471364267251758,0.0024183744126072965,0.006413801995509033,0.022047715724443202,6.163937567147959e-4,0.011798820491696432,0.0027376044384445934,0.00995679044498298,5.349752144607402e-4,0.005165075547652583,0.0053942960841443085,0.0013623696602188928,0,0.0064223631467644725,0.007318727935702336,0.0036356692051402045,0,0.005276559870688548,3.8260994615811e-4,0.008507308007616655,0.011292056476071167,0.028007339178015404,5.7133888820562e-4
0.03953581389638542,0.0617882019733761,0.059904058694810004,0.018717559590852282,0.05497773292504608,0.016811846028232012,0.04594056359886336,0.003871094454782272,0.008576363797616653,3.0484115884163123e-4,0.0023114197624939186,0.002569073686750902,0.0030281165209334686,0.04674865867895052,0.0034054267274358347,0.13590871702740015,0.0011433295427339426,0.004336250848898777,7.437898266901482e-4,0.0011372404615184583,0.00248218760887169,0.0010348280764952624,0.0012210916316189495,7.770611648202288e-4,0.011591923415947515,0.016541185744903025,0.27606995680715524,7.031324885761112e-4,0.00900325995478923,0.010895365163187362,0.0024982544877148708,0.0081900279703035,0.0021852265291472596,0.0026396963760748986,0.002308054845325667,0.009859081282908475,0.019154655214047446,5.700199374797288e-4,0.012430311363431354,0.0020398254347320636,0.010884228252909899,2.316380754435455e-4,0.005911674876654808,0.004083269640008941,0.0016153653633552824,0,0.005005917416198577,0.011602142827592546,0.003901184692787308,0,0.006054061235568528,0,0.007286306776574977,0.011025376169993675,0.02723975651762578,0.0012038334551443307
0.033584525499899265,0.06748344156346134,0.057885702879404796,0.018421106028199213,0.05977058841064336,0.012648285038908684,0.04958042465418182,0.004714603584659314,0.0066854120959191745,4.671796754479077e-4,0.003839720833852665,0.0013170818753202578,0.002346866341577943,0.04661880809649862,0.004351705653873597,0.15196276684848842,0.0011044964974202868,0.0045802494679528455,5.621399937583848e-4,0.002474011043572303,0.0028761487049499333,0.0012891413900851833,9.771421617221507e-4,0.0023924665775102456,0.008863726173645977,0.015554177597673996,0.2592929281494841,8.435034947379017e-4,0.010929598100372674,0.007866963131725592,0.0022724920473399294,0.007718017877741557,0.004160115559389515,0.003975088499633658,0.0023287054546894392,0.007075196366774341,0.017231671231500708,6.336109344975975e-4,0.012536184797209199,0.0020926788788846584,0.011165632795395676,2.5086574392228973e-4,0.007204119628626666,0.004661443454428385,0.0022472173720872466,4.0423078455817905e-4,0.006092235544761098,0.011103608283138696,0.003096469555242549,0,0.005623094937154294,2.1038724052542505e-4,0.006903071195838509,0.014241823249929534,0.024367314726858862,0.0011198122749240295
0.03856151590488941,0.06364634865244488,0.05166353770695847,0.014166218932731853,0.06276704668897644,0.01271707955170185,0.05308983450761453,0.006076267317184702,0.006001016802544359,9.504401645277055e-4,0.004244657653300416,9.906216407715406e-4,0.002629101951432134,0.04555453415956797,0.004724422532310493,0.12981648010231703,0.0010906521847839292,0.0044488026006039676,0.0014089053310166702,8.989738898282784e-4,8.128539428562553e-4,0.0010780926113550572,7.662519644811063e-4,0.0014778573302318793,0.012416350476603236,0.010224954833182025,0.28414989842995736,0,0.008288611996081016,0.011073955632284286,0.0033697892258101924,0.008609476936046613,0.0033593934020024595,0.0023148633071162937,0.00229224613816844,0.006047588492648497,0.01624691400222438,7.621637703672154e-5,0.01171954373776893,0.0015367195005387751,0.0137734517492302,5.196493634735825e-4,0.008443077065351854,0.004205834869991743,0.002853519477633284,8.383946246417318e-4,0.006477590798309783,0.00973936704796389,0.006631444100081021,0,0.005389188837550098,4.103033143693731e-4,0.008321955992400158,0.013900766078918419,0.025216245385972846,0.0019711746822118795
0.03470293951815635,0.07096930997811149,0.05381802020244914,0.01629491570382029,0.05907988485430348,0.015265242608033663,0.05105078728295545,0.0040423646767197,0.007028628232511925,2.1921975482525305e-4,0.0025290200895365356,0.0013700501152392394,0.0032347910373468937,0.03926505863487224,0.003458751638035483,0.1464752102096326,0.0010638192247557031,0.005035654581653108,0.0014767510255476572,0.0012357357482564034,0.00247003131736349,0.001458812501030242,9.520950133923993e-4,0.0033776779578177972,0.010469629360724897,0.01629896126139341,0.2683687970549205,8.178650965296588e-4,0.00867647084193579,0.00844933120562111,0.002948388990349579,0.009217989827244389,0.003266480791214586,0.0032558287862584382,0.001577678364508561,0.0071062503563982995,0.017271699662315888,8.578118477119846e-4,0.009899103799156508,0.0022264029487982858,0.01086289618815116,0,0.005266395783645452,0.004675940217295425,0.001346165653940575,6.709364749107091e-4,0.005613527694901326,0.010688852259374939,0.005481392040414558,0,0.0067432800514739205,7.373078139854486e-5,0.008314082242405159,0.014259975205723073,0.027755946327216344,0.0016634169777003573
0.031677199202094705,0.0709085193421057,0.05543536779425648,0.015283512233236585,0.05981426930761361,0.01448165166678327,0.055599504938106864,0.00585558378541402,0.0071900615807724095,5.837041009907396e-4,0.004825992981044067,0.0010777530707427592,0.0029963820644708546,0.03855958048478588,0.004520002854290186,0.11686018985544451,7.593566453736885e-4,0.004874978847851812,0.0011622847138375602,0.0030999665583174925,0.0014825851397152286,8.567867011323823e-4,0.00031193067882135013,0.001609348557658981,0.013013093312115262,0.013972096614197993,0.296787428072592,8.08878960829118e-4,0.009547543650590419,0.007224847643918445,0.0017844365748148898,0.008451816992384894,0.003803313826976982,0.004364945436311361,0.001993977008839878,0.006205436063474809,0.017739869098347814,7.252294057363745e-4,0.011922776839127073,0.0015029399498571762,0.008925446014238,4.642805601046402e-4,0.004081589145444031,0.0034046698449162996,0.0019965979793889394,8.969715674400552e-5,0.007246545224017259,0.01154384106413395,0.003539429291982642,0,0.009004450724338142,7.777660760479884e-4,0.007714620371080941,0.014880613948528954,0.024612488584413863,0.0020428214596447153
0.034691218180046786,0.06617195431953711,0.052506475645931305,0.01634248860103711,0.05377490039073449,0.01529297422163513,0.05270670433621613,0.005655515866679797,0.007885946254970053,4.092688286416085e-4,0.00420193047213269,0.0018464841526972765,0.003540557327195741,0.04642061145252648,0.0027998249636221944,0.13220920766192537,9.506018824861065e-4,0.005570629586867506,8.284608565224035e-4,0.0011454920172506884,0.004800458203101504,0.0010121071442547457,0.0011895955805757586,0.0026102563180222206,0.011637276620542713,0.015578672994079635,0.2738993441678741,7.578272000771171e-4,0.011158763491953386,0.010187525614989451,0.0028863183621971665,0.007514636436701125,0.0032083454214870562,0.0032858180320822893,0.00258945553347405,0.003706651533078022,0.01806978287745005,2.6026070444409735e-4,0.01507632814050914,0.002942554885354986,0.011063930408137293,7.635341229099503e-4,0.006264148653313777,0.004664593167513589,0.0017352593883939694,5.094142589317902e-4,0.008629583666898649,0.009558927851951567,0.004198553106844354,0,0.006707352600294351,2.0198530589007118e-4,0.008588982585196425,0.011388672569460396,0.02678859299787645,0.001613243035482812
0.03615631855050626,0.07002371502447323,0.058724001896881685,0.01789226362347364,0.06213441882746961,0.016872094952719165,0.05247850780618147,0.00487259250824858,0.007102843951446832,3.554633585298552e-4,0.005033884244057821,0.0016214253429132728,0.0017081862825644373,0.04679184428273067,0.002578457557747938,0.13706191281960167,9.687891279250319e-4,0.005209453062214964,7.20122980553869e-4,0.002316947343309458,0.0016252077986590025,0.0011489491052744068,2.5844042719353177e-4,0.005288050636274354,0.0095900286772907,0.01893058374583828,0.24665262709663668,0.0017290715402543703,0.011198678718900257,0.01106138025004721,0.0021386960957924853,0.007245897967922762,0.002670337877021763,0.0030128645492435873,0.002092183791452498,0.005706220551785634,0.020801328680250742,2.7719112331509423e-4,0.013906092295342846,0.0013619761818131056,0.014375441102186156,2.254124228923307e-4,0.008345382357657003,0.004184714912114914,0.0017359653927424001,9.133569781357106e-4,0.00567441937839008,0.010276100974527035,0.003156471401809167,0,0.005846523486054001,8.752540266059005e-4,0.008253696479507846,0.013206446607447882,0.025010114997102494,6.016488289683097e-4
0.033424565111679204,0.06810780702584843,0.06073605033514686,0.019101809199198305,0.05625440232472541,0.014054048187384373,0.04745100662980039,0.00557415729850132,0.006189652892413095,8.977933104158291e-4,0.0024875739186362026,8.839114789343813e-4,0.0031275167957429367,0.049475737329880684,0.004894386689716126,0.1455833473735474,0.001739634178394734,0.0034766440949605226,0.0013090715558189883,0.002267055858217916,0.0024348040749073933,0.0012610751055297453,0.001130067787967434,0.0032982034859374855,0.011347986361143798,0.016065856063211717,0.24947427802578312,0.0011771615244833664,0.007608365035402741,0.014020120503217584,0.002362729164479143,0.007372256379220062,0.0029424017117152487,0.003025933573794628,0.0023917236580477353,0.006278871066295832,0.020711602859634616,4.0092445483835837e-4,0.01385607016098633,0.0015432383120746588,0.01126337662517758,3.976774326441854e-4,0.008040983154061068,0.004443833610803365,5.434961525977405e-4,2.3477528906686187e-4,0.005098924809994749,0.012399479026685005,0.0030432636597517645,0,0.006688548816999665,1.1570009542588839e-4,0.007413648889531165,0.014259003013797358,0.028632839293521513,0.0016846092323080026
0.040176252890867604,0.06687695582413941,0.059484338995360736,0.015303558954371918,0.056877868291340394,0.017341537082493117,0.05765864279640565,0.0062245174035575985,0.006947271695419953,3.9559237559002236e-4,0.002966522376298017,0.0015389311946138091,0.004271499785853805,0.04510859532386336,0.0019346528909088122,0.1285872768286676,4.764149907561401e-4,0.004915129810431994,0.0017552948774011564,0.001207595104351889,0.0027987312903603586,0.0020413440265138055,4.0602615767755133e-4,0.0012688697803213474,0.012723327384661382,0.01876433088136323,0.2656817437409661,2.2323872973079674e-4,0.007032347031999702,0.013975801435629022,0.0021997998358673112,0.01023807422992539,0.0025255372465720185,0.0036551063913618335,0.002126307927467502,0.005552085903377647,0.018394662970060864,5.144928606284932e-4,0.012869737974792298,0.0019989125950276732,0.009358266228483172,4.6325773213948544e-4,0.007394548982392273,0.003803789318914069,0.0016899436466327826,0,0.007194900643512872,0.01059485810332711,0.00259073432095709,1.7353421646804516e-4,0.006006568306001214,7.434365632291832e-4,0.0065674249421045685,0.01286891972536773,0.023679906886370942,0.001830982497102139
0.03321812280907317,0.06871117580913028,0.05890079473605198,0.013231504009376846,0.05826781526776639,0.01876736979975185,0.044537644962027584,0.005257903652844676,0.008166221284637532,2.3405204698941754e-4,0.0031292470955823714,0.0019130634997461286,0.0021232719034133237,0.03924508967594947,0.004062180170783261,0.15633647842511977,8.134512080296265e-4,0.004868764290151388,0.0013354016721927743,5.048681855997528e-4,0.002757164036304197,0,7.224612734317882e-4,1.7115451576740518e-4,0.012512204915713736,0.009903658223270728,0.26384758080911463,4.592784342554299e-4,0.007365983853335955,0.013100724804063501,0.0016324174505661319,0.008780423245297894,0.004210850923588648,0.0033624994390055217,0.002827978461721664,0.006823788818637069,0.017416231227032276,3.485826189140799e-4,0.015404584690217061,0.002804301020077162,0.010765022415615505,5.071533254265573e-4,0.00524533011022503,0.005727479578389754,0.0011316889630582985,4.0470742475625613e-4,0.0058887530467675005,0.009937432423849474,0.005308170894443831,0,0.005242521876915335,4.552756246339365e-4,0.00784696595457747,0.015072948359025264,0.027623019767361506,7.67240970421814e-4
0.03732873992388823,0.06599926978607353,0.05505580305278531,0.01891472599174413,0.059490658373641675,0.018244214101207176,0.04487480878202439,0.004973608104825469,0.005838298300635499,9.60182210291907e-4,0.003921403594167502,0.0034900020267420225,0.002399299511473133,0.0433770332561349,0.004812389632345316,0.15802799346874696,0.001405582079701918,0.004096095788861561,0.0017685082707941404,0.0020062317110668385,0.002586739841408645,0.0010936809651092845,4.8341613641721717e-4,0.004722329492081361,0.010855744694533768,0.013274732215172232,0.2434100053231799,0,0.011186350286933341,0.009266762707929985,0.002835969829755405,0.010012318475662162,0.002264253201763187,0.0016018616010570752,0.0025850560161126196,0.007273104643591261,0.017468008969272496,0.0011135966115879937,0.014675446667036527,0.002860261839796315,0.011243962249099937,2.087267864764678e-4,0.006683045105624661,0.005100050548620349,0.0014833114755104784,0,0.00763646950727417,0.011902296936159393,0.0030431385040042857,0,0.007878245070001906,3.7898779746237257e-4,0.0069843740659317755,0.012962062170036462,0.026135792500366278,0.0018050497978790634
0.03473500446114388,0.06869975006222598,0.0581307939325211,0.01314698502637222,0.06553470051921585,0.016416058714872825,0.0521145526726454,0.0060558505437249424,0.006660587852965604,6.783728221479525e-4,0.001559722357731376,0.0020776248465022035,0.0016732231743276193,0.04668142831899051,0.00436894751844494,0.12367005511447049,9.95927300310361e-4,0.003996085893211783,0.001225061344795262,0.0022582065731672632,0.0021280036116583805,0.0015735957983780274,0.00193931698978622,0.0038321544550682773,0.011326042341563518,0.016874248738039128,0.2671896118688833,3.7973270953869915e-4,0.006424513263607927,0.012005464102641774,0.0029566061985682353,0.0079417687241297,0.004857189501355996,0.001330908675506368,0.002352515688131782,0.006596433960581015,0.017458182748001476,3.21972451455398e-4,0.013859155729478656,0.0015045329842863675,0.012485484654074223,2.9062883449864024e-4,0.0068301287802862,0.006620218158696118,0.0022430444843291315,0,0.006684458890850593,0.01118441252618912,0.005123439335934846,1.661975118148937e-4,0.004698456300836852,2.512468863682412e-4,0.006509539747107942,0.012511636473272974,0.028893659397714117,0.001976558427578309
0.03611959010198376,0.06596961638332907,0.05407591568839261,0.017407987226967972,0.05589072072583465,0.014293219949044414,0.05672415432689575,0.0046631684246603335,0.005124807125484083,9.00299039002775e-4,0.0027726300193367365,0.0019831002368589823,0.004257606922970864,0.04359190531650214,0.0050943415359865525,0.11965846864274177,8.575209535948434e-4,0.005328433805590599,0.0020639422173998325,0.0023694775282097134,0.0016836437503510923,0.0010907086924347143,3.538874497647642e-4,0.0023271529723581782,0.012601961037400486,0.011972313683336407,0.2918082773388353,9.959324769948808e-4,0.0067015806138054634,0.01247498804407218,0.0025601473768071224,0.009401807044203939,0.003683070377014056,0.0025577797187909487,0.0014111208065080614,0.00566807035883846,0.014760972084453447,3.2910266631135587e-4,0.014273389605170175,0.0023793189847382606,0.012060483604767183,6.208996049617971e-4,0.006974994210588038,0.005125330774575462,6.235530787427614e-4,2.703864049832294e-4,0.00955340098399526,0.010636309102905212,0.0046547158743054885,0,0.00471374978049822,0,0.007076567301337141,0.011651017883328594,0.02660097290218207,0.0012554872398527893
0.027216547451825602,0.06796370597183857,0.06156604632114392,0.016649172082070795,0.06080494449587122,0.0146627962583607,0.045220651716172476,0.004592091283266809,0.00788982423591806,6.69961865484963e-4,0.0017477847556861747,0.0016509479618348828,0.0039900774587886415,0.04425435033726229,0.004110354936529545,0.12553135341515878,0.0016820112609542879,0.004112938022957917,0.0011489193928833524,0.00250650250661744,0.0024237847157337635,9.115826663823655e-4,6.791429375830379e-4,0.0016068689330048065,0.012651836109711413,0.011778657009279906,0.28510211049337675,0.00167887829056071,0.00734261336487951,0.01647930983826974,0.002693664780675682,0.0102740125570049,0.0019510853269441215,0.0026011162449976334,0.002411028493261453,0.006441550861867675,0.020323210205403727,3.3561683855151475e-4,0.01261400300738475,0.0028908278644025854,0.011619959343555883,0,0.005773678962520674,0.0036974684043180003,0.002617012335441535,1.9669307314971318e-4,0.006241847207930973,0.00985422098382702,0.003228140008900912,0,0.006133649763866999,2.3804779894910524e-4,0.008292714255312821,0.013943688697232384,0.026142497310647442,8.584995844440415e-4
0.03759807153417641,0.06676018430708394,0.05733553400858173,0.016073120260161153,0.05985696827867032,0.015583876387713342,0.04541636450916211,0.005766203057971529,0.008467104757519698,1.932159232629418e-4,0.0029263800184334133,0.002072931658537414,0.0026552636716355425,0.04067174977416501,0.0030599104669215525,0.12081111685405078,5.944863026504666e-4,0.005019989669224252,8.226691398812946e-4,0.0010260098851837514,0.002851055133033735,0.001097132610267391,6.794226616608464e-4,0.00552172185760655,0.009389072450392007,0.015961788459307787,0.2878057166344142,8.095164223486529e-4,0.006635968368756631,0.011664386257155043,0.0025980370636412443,0.007565048090726227,0.0026047996872019846,0.0033868571272643163,0.0033257534233828508,0.006283241819991585,0.01982287763406783,9.694615089624214e-4,0.013290141230661228,0.002679250284270506,0.012582957701658182,5.897561062599599e-4,0.007464737943428485,0.005011411862879286,0.0015650603108750725,4.89023806706139e-4,0.007314597565627945,0.00985135168632211,0.003958739502837205,1.648296415853945e-4,0.00618398763420138,0,0.0062920502030110815,0.013643843193995685,0.02518949706843272,0.0020457565820797114
0.0324385472218013,0.06855287260880219,0.05084116194103582,0.014750422372645036,0.060300813162372825,0.014561270824054473,0.04905254144837022,0.004902897255503691,0.005748322403042218,5.026538852172142e-4,0.003073483505256924,0.0026765764110684835,0.00298437170025196,0.0447095118606157,0.003652273187056267,0.11554314212613578,9.268206965844307e-4,0.006786760734691752,0.0013498363664288574,9.724367672469515e-4,0.001558025510893997,0.0015479642132953586,1.0650302798486066e-4,4.7054630109341e-4,0.010765956555313266,0.009846967473811287,0.2979591574500277,8.038943042108988e-4,0.011686905405706821,0.013923441768190372,0.00344424438731862,0.007359777115497323,0.004412512748403293,0.0012233730366080534,0.0029660928467198366,0.007836911803282592,0.017835202832056838,1.248003517820347e-4,0.019179198085034252,0.0016408722910742125,0.009393826147485166,3.054619393469453e-4,0.006534663190911887,0.004113715248143259,0.002329606455247476,7.894986881972289e-4,0.007154550562573618,0.009624635256278278,0.0037820283718623905,0,0.005821277027041199,6.559583656677356e-4,0.009168165886052647,0.012146684112947089,0.028810140233927237,3.507245278306988e-4
0.030922183943165208,0.06659823071444983,0.05825928393793742,0.019341992383449292,0.05801263511446059,0.01547772682839748,0.04122134773682886,0.0072554037887227925,0.009209817927945684,0.001498102087812289,0.0036466414562168845,0.0013135458330926855,0.002360630872033332,0.044394120897086636,0.0037878890050102674,0.10939760536430375,5.915514264839797e-4,0.003652096763595625,5.252204404509783e-4,0.0023198004317486094,0.0018748833920605472,0.0015189250911140104,8.270547947915801e-4,0.004686885286721759,0.012708524640903518,0.014226104384602516,0.3036809420748811,3.111655114615553e-5,0.009837169514218135,0.009671967681741766,0.0018639582858354185,0.0057112307415116935,0.0029999072511246155,0.0031298289877618956,0.0015167450800973338,0.006976966751424928,0.01982977024161003,3.5061448799910826e-4,0.012002122884977191,0.0029597483611778137,0.011262021838891806,9.519374324813666e-4,0.006033204191750661,0.0032469359981950963,0.0020340653116047483,0.0010060086930537644,0.00826563837348146,0.010629789436446388,0.004714423568728772,0,0.008343059207889232,2.3685528743468451e-4,0.00889176593625408,0.0119425447543621,0.0243517534108607,0.0018997031196718282
0.02748261164569272,0.06464622213327138,0.05240555277157614,0.016744090642670708,0.05443187139228038,0.01723258807577841,0.05412589514419675,0.00587713019477006,0.007339857158517717,0.001236269476433639,0.0021278204437420356,0.0033821280866527586,0.004253867367527593,0.04689141218222689,0.005066424174491722,0.14014733709725166,7.968593479404308e-4,0.005365692676396012,0.0010974359620164412,0.0027672990992643697,0.002260985359118724,0.0019090392478370907,0.0019483761463978688,0.0014215102469960683,0.013231737617099051,0.010219806404673678,0.27135300318168937,0.0011251845456259305,0.007851152795295246,0.01341582311450257,0.0020738930111291213,0.008134658432567252,0.00523568801543349,0.002544634459470012,0.0026828083826116764,0.006183838895299409,0.020284719676353563,1.0388393145066457e-4,0.010910311601568013,0.002484720436818023,0.011591127279495034,2.6470426415760003e-4,0.006148741274249884,0.005006785555766733,9.36985724516984e-4,1.7814359837290135e-4,0.007289972673627245,0.010558027730753266,0.0043108441248351035,0,0.005291165075228759,1.2607252999659714e-4,0.008405899896932582,0.012315195155453632,0.02740893443040014,0.0013732601115788638
0.03219106470288141,0.06763030046579506,0.0534544298053763,0.01779711906352053,0.05868541566534421,0.015111817626163123,0.0513879011424618,0.008237420334769386,0.007267129372561579,8.749476456704115e-4,0.003165229437315863,0.002136070762261372,0.0031227244368587856,0.044544680679146846,0.0029244967415586534,0.175713612887094,0.0013018867461275184,0.0033196651412802985,0.0015869343018494158,0.0025046651328389947,0.001985821208798713,8.821713621971379e-4,0,0.0010974595188062773,0.010743531845950113,0.008190744733806933,0.24319815317485802,4.0441304408948684e-4,0.00655585515776181,0.014242988103709131,0.0021978639325192454,0.008037328469312448,0.004769765191709377,0.0033749524674556008,0.0017982155330991234,0.005750752264677051,0.021130999874304977,2.304916367762211e-4,0.011911679590308599,0.0021376095258758402,0.00961998423538735,4.1642710279801335e-4,0.0065818241091046914,0.004500923590692776,8.734009927195338e-4,0,0.0070848696941541636,0.009094233368827913,0.004527161922855667,2.666824382810068e-5,0.005600462464164882,1.2894793068115036e-4,0.009584260405419712,0.013479051539332439,0.02567599855773852,0.0012074771154034494
0.0332727294856891,0.07283430495586474,0.05269868764097977,0.015499193184792984,0.060922328864902404,0.016159685835052173,0.056013183715110534,0.005898462740051465,0.006970007188086465,0.0012341517453236838,0.002208548077773311,0.0031500938022062655,0.0020713948375053245,0.041639549879501116,0.0035377725169647035,0.1514970721536548,0.0010817109097040665,0.003541754978838969,8.686391146671022e-4,0.0025520274259360895,0.002229281898798552,9.158244778288192e-4,0,6.73175940355966e-4,0.009638354545371212,0.01041418153961827,0.27006326157117505,0.0015218876185061126,0.008834709920091185,0.010493580584312984,0.0016945689149108145,0.007166261223168427,0.003289123488403741,0.002064714644671561,0.0024920221751191436,0.006000597601344018,0.014574239502906122,8.352270459269621e-4,0.01562708521257854,0.0015048303170840246,0.010933430388132749,0,0.004071438045165714,0.004980362165037521,0.003912350783674108,0,0.006541277819261875,0.008611158129213242,0.004154921305867827,0,0.0049715356172039754,6.246650539766663e-4,0.008993381100094079,0.010325268823411482,0.02726380209611026,9.321813980739643e-4
0.0367171700157413,0.06797474799085527,0.06121918575763252,0.017441725040410656,0.06257050494074419,0.014564351891749648,0.05141814597878204,0.004868178011208528,0.008271338107366804,3.3895586799012416e-4,0.0029520991651276916,0.0024249593497309447,0.0028530025515324216,0.04890814841146919,0.00354355656583329,0.13416690717966462,0.0012514115038638628,0.0050923971729742,0.0021750230479165343,0.0016046894969160446,9.693975046656746e-4,7.59988564357751e-4,0.0015660991038552166,0.001815622136038287,0.01347583740678392,0.012781745018334208,0.25100542391276165,8.958186813243038e-4,0.008861530963991374,0.014641712713889986,0.002224218963008845,0.006743651393582803,0.003829021857768526,0.0044376827504575035,0.002953613094107872,0.005466544096475429,0.018287156112769935,2.396116201596228e-4,0.011301254396714804,0.0025668040137795697,0.015013210374621958,2.125081237047954e-4,0.006167118233381916,0.005058589706690732,5.498516866970025e-4,2.20561050675609e-4,0.006215260361740037,0.009598498580157325,0.004154710403945317,0,0.005818010095896677,0,0.01108413050640056,0.014964452012563759,0.02491037447856857,0.00085349203261856515
0.02886788594226082,0.06326023468019888,0.05848985920258562,0.016326491694635396,0.05832013411351176,0.016458541368081937,0.05357365080697243,0.005416379944959407,0.00829718001985443,0.0010847388427904694,0.0026156535564664397,0.002449225430414384,0.0025690474814429732,0.045622816229086545,0.004185835723346531,0.14314215190575633,8.269054553722824e-4,0.004551477252496817,0.0014349511494380536,0.0031529779598565093,0.0027642531376234247,0.0011990411094972098,4.931737532983118e-4,6.090305610570802e-4,0.011010143146309923,0.011230546694733437,0.2654473591350335,5.401502985384525e-4,0.007368509337646633,0.011864544080678347,0.0015473701688353974,0.009277811440140643,0.0041879733097541505,0.0030857268331455634,0.0021325323995528135,0.007285456185352099,0.02061233059264881,2.4857496060026984e-4,0.011400263590332992,0.001724759342735727,0.013779737746390805,2.039705684192987e-4,0.009064594479068813,0.004489515923835903,0.002672460506999865,3.850080574513941e-4,0.006854892752158624,0.010904704967020598,0.003720699242532791,0,0.007460886663700471,6.327149934178946e-4,0.007585592253011461,0.014661670575196727,0.022073980860899844,8.338815728527513e-4
0.03203290961779411,0.07303015071971267,0.058948520446696885,0.015982634583097365,0.06173162640461348,0.015899291112827476,0.0516200660887108,0.004457172505248839,0.006293747036496785,7.439909429306571e-4,0.0029992468834216038,0.003908330955020949,0.003645945817842356,0.043216535112583394,0.00246825921928293,0.16740116614232506,7.063066326556634e-4,0.0038206650620095602,7.751789702390036e-4,8.496922471461347e-4,0.0023994881287518924,0.0012236700751810472,7.271557112488386e-4,0.006806340230617902,0.013140638257532972,0.017649561554836928,0.21724800541129077,9.128829442030925e-4,0.01029797991903803,0.009352360109360023,0.002569557541608684,0.009982575731336832,0.004146865637218037,0.0031004602054458133,0.0023231297493996623,0.005457424572230613,0.017598710686609273,9.23589342138482e-5,0.014177349607295721,0.0020067271454581015,0.012361154910251406,0.0014451896308782326,0.009659436965932137,0.0022824663247200754,0.0015379498078349615,6.418180507033641e-4,0.005717890231700256,0.011768186510358778,0.0031999375424755176,0,0.004732715599159102,3.0543073466095407e-4,0.008776863993673752,0.011137660569820775,0.0333082307558405,0.0013803897184563874
0.030974632437779728,0.060784306235798814,0.05838408571987095,0.01240374391752637,0.06344730999916905,0.016983977237473805,0.05370156542910297,0.0056766461253867015,0.00609912764316187,4.6079219028646173e-4,0.0013915073722301967,0.0019586679890322145,0.0021880415967055465,0.04558673648861084,0.0037630610210605217,0.13316400775977566,0.0016332269419068572,0.005114031126761244,1.81659621349463e-4,0.002334701740756603,0.0025187128262259845,0.0013181321469076426,0.0012430080136844514,0.001236904271463746,0.013205470659394081,0.015599895459058181,0.27115342766584927,0.0012578251128096544,0.012698766619045053,0.008956408608201967,0.003970079052551514,0.007790056028044045,0.00351525279751736,0.0022842248253053905,0.0026549454645693692,0.005862189069987355,0.016778956233485916,3.833623888925015e-4,0.00958810591596494,0.0012405780062984817,0.014370901396992927,3.2216961251993817e-4,0.008748695394761719,0.004995609675845092,0.0022323030043493565,0.0010355613611684757,0.006856416834821139,0.011129805783613759,0.004090839533666063,2.194679075485524e-4,0.005581193396661511,1.4005850011231368e-4,0.008301676860083056,0.012212509422188749,0.028997155865224594,0.0012775056914399842
0.03172848199072163,0.06212853750841346,0.05670951996775078,0.014695772836215357,0.058657061361060706,0.012494702704816089,0.05778388043484995,0.005167721458868857,0.005354758161349564,0.0011766825017021972,0.0037842393354110314,0.002574007317681361,0.0029632087010855873,0.04460646138240599,0.0030744504099038746,0.12473440486439653,0.0013233329325261787,0.004684075361827388,0.002438106713465435,0.001953161921155371,0.002605126836521529,0.001753452044711329,0,5.305341141385598e-4,0.010913266882408734,0.009680810212761985,0.2918131392827966,9.468556786043439e-4,0.008164400784323027,0.012831819949114132,0.0021632993528983447,0.008586923054386327,0.003508715021751246,0.002893261747191421,0.0018466985214388198,0.0037914289803586644,0.01995676122106606,0,0.013821675604618056,0.0016130220982718655,0.01224803687058288,0,0.009103225828426181,0.004935351329600533,0.0017957645690818763,1.3552131524540218e-4,0.005320634948754463,0.009261544626135954,0.004669354133580556,0,0.00784817351492536,0,0.007902539477933169,0.011080477865172174,0.029283838220535083,9.617780470579793e-4
0.04014649787721545,0.06999320755589197,0.05842906631022416,0.017411784362818487,0.06266050950648176,0.01696469852454456,0.05187249229417874,0.004487236318400813,0.007719748729458916,8.1663467675544e-4,0.004216279400600634,0.0025113199488867484,0.002739859916280255,0.049617904884811825,0.0033962537978794835,0.14700682098541595,4.619577132197075e-4,0.004726365614668006,0.001972682013111123,0.001561383375840615,0.0020148016823650903,7.757877214972647e-4,2.681936939528241e-4,0.0033543056627541993,0.012394289595498561,0.01352145822321319,0.23219132683690447,0.0011806592452216127,0.010560106426733076,0.01316448855416843,0.0027457079346283123,0.008670152330972597,0.003012431667088739,0.00355898429477063,0.0027007977088590253,0.006797278388712964,0.01513631982053977,4.945675125113488e-4,0.01466306877379324,0.0022127668080794962,0.009939475400798689,6.138950727834911e-4,0.008260636040507936,0.0040288864056767,0.001931219891350441,0.0010871123934187833,0.006178411394742561,0.01039737682324885,0.005848254654187569,0,0.006771028306582938,0,0.008641112139030712,0.013952535996290538,0.02327706869301591,9.427900994153953e-4
0.029393771431378037,0.06908799287058698,0.059446978010449444,0.016080325307884613,0.062217989858634394,0.013415309493569163,0.055311668739864484,0.0039223841360205465,0.00901635968898704,0.0012993261650502308,0.0020704337265698815,0.0012730647802822856,0.002851654427613389,0.046786398029700395,0.003195482402838949,0.17019729480271356,4.947590193260088e-4,0.005405501004944231,8.394667161412094e-4,0.001841642657569306,0.0025212692283657643,0.002062391611089298,9.791530872717827e-4,2.742012987009393e-4,0.010023819825135971,0.012690046660091677,0.23490614408894625,0.0015709341870567863,0.010213874097571844,0.015219463912385161,0.0012570023342865103,0.00824024471352481,0.0031574576953481404,0.002400298321003521,0.002431863506961152,0.006606298575390277,0.019765088425701207,7.12477572442192e-4,0.011921482912223193,0.0011159275905538344,0.010197583859040509,6.230674940445014e-4,0.006149881877178716,0.003904235360646838,0.0017519799852908386,9.186925187242053e-5,0.0076667357255329645,0.010425564080457413,0.0035911601597464417,0,0.005427905780531152,4.989972005547082e-4,0.005829084743930114,0.011565892396299168,0.028767190245851334,0.0012916089248484171
0.038470719998345,0.0657995516583919,0.058613843357630716,0.015366776591259729,0.060429193787278984,0.01520110302323171,0.05709216784681723,0.005967402341418317,0.007565186362419925,7.725999797085441e-4,0.0025053326394029116,0.0021607772016112707,0.003287808039534069,0.0446209729961397,0.004150040310351476,0.12951662948803075,2.341414612977299e-4,0.00636433586863939,4.7138751435555617e-4,0.0017103770356127568,0.0026001848405643848,0.0012509221897659397,3.200177399769689e-4,6.095774037355465e-4,0.01230469559514571,0.015013305887087202,0.26747059800180767,8.705943805372515e-4,0.0094796588679599645,0.010636426373622379,0.0017812017753857715,0.010286307888759935,0.0038679924746992684,0.002824693365307124,0.0023126924592886807,0.0037189716204937802,0.01548934891181276,3.9002960929077003e-4,0.01431260030822345,0.0015387285886339789,0.013618456156745552,0.0012084764104482444,0.007436412391171149,0.0029022387336513637,0.0017806342276571255,2.442434004973416e-4,0.007929834428912395,0.009875752316609634,0.004943133395189025,0,0.004458561414303584,3.4850522369795305e-4,0.008727122959677472,0.012163803445532358,0.025856720784946195,0.001127208927384402
0.03317958207588781,0.06145488050455939,0.05876380518531319,0.019224290486011444,0.050825051486531776,0.016184252576531388,0.049501617239741835,0.005410552523019806,0.0072234282920418625,0.0010063244064725352,0.0034637574825341013,0.0014772154884462208,0.003164627444067648,0.04268131124476693,0.005397994903186439,0.12379675741736157,0.0012067522099308437,0.006523852862835826,0.00141236189720499,0.003079369284602229,0.0031487255346167127,0.0016126507276447168,8.462798273779226e-4,0.0038481825462988767,0.01118584621275614,0.02051688612843371,0.28501767072317646,0.0011478148028681004,0.007239308752280926,0.011449470432409346,0.0010719448070381577,0.007442769720070027,0.0022969791186497573,0.0024976986090465836,0.0035044566917716373,0.005453173894441999,0.019447669728174345,2.364971667990749e-4,0.01387482934012775,7.498577441348558e-4,0.011293168238070337,0.0010841787895444898,0.006939494796756791,0.004457955934562176,0.002130919543773011,8.408645158110189e-4,0.007128260373262706,0.009589784439630104,0.003059341976734753,0,0.006603199753567145,5.397572398398437e-4,0.009327070024047096,0.01290609981633299,0.024363612809476836,0.0021697942294257623
0.031293056310184426,0.06852657968208575,0.05097103458606665,0.014872764393886063,0.0494911477823838,0.017773502718032463,0.047135637015472236,0.0054051901853950195,0.006416909565175342,6.435384553367502e-4,0.004160739755220303,0.0019842967478173423,0.0025112971961916693,0.0434684288300183,0.003573061233133124,0.13136414037734234,0.0013286733323176728,0.005298273065221153,0.0013148070344191625,0.002260086887698222,0.0019359843244625469,3.780843554657847e-4,8.331894038081145e-4,0.004191296107864317,0.012278517289634987,0.013163896416987406,0.29006575285187336,4.434272462747179e-4,0.009463287671435767,0.008498132300504103,0.0031675194099498997,0.008096363726621399,0.004140121498500503,0.0036118133349576404,0.0031460384073060564,0.005908856716266493,0.022233272143221,7.543085484674406e-4,0.016058382698516747,5.603463986102016e-4,0.01153471658874686,3.9395130138345565e-4,0.005290217324040307,0.004080249313530454,3.9221311218066437e-4,0.001018116936329609,0.008972556711126407,0.01025525112420554,0.005541328301015539,0,0.005232425707386172,8.125274367256616e-4,0.008137494166584533,0.01235997452813787,0.02530311406204656,0.001954107382434064
0.03509208779468308,0.06281019567714867,0.05367674043511335,0.0190786795885917,0.05682598318383463,0.0189995972235047,0.04237509723664219,0.004595999040023381,0.006347258827244409,5.189589092522828e-4,0.004572140124376175,0.003174998521703105,0.0033005078447510996,0.0452916600111325,0.003393258714334261,0.12889753137408755,0.0018339942620843226,0.004291522367446445,0.002168460436884925,0.0027762114257339553,0.002277710791183772,1.1516687104751449e-4,0.001949352626646785,0.003808110309823108,0.010908379922729798,0.017406122616168473,0.2769242685719679,0.0010092802127173546,0.007658641735008381,0.012025239507303751,0.0019955685743174314,0.008719875072956943,0.0035383133125812642,0.0032126931406782277,0.0029267113859334174,0.005921677447902602,0.020016806304351303,0,0.011421272621426405,0.00300794699479892,0.01372195715797161,4.8245021728503213e-4,0.006384939811020686,0.005108751810285924,0.0019089003445869166,0.001027559537938211,0.005388500043879376,0.010716693167955555,0.004258656173557938,0,0.00547720930640772,1.5776606825363153e-4,0.007115506612325898,0.012829998778450615,0.028826026353041826,0.001731063598922986
0.03483962481738044,0.06422192349012681,0.05831153074356498,0.016451695220257346,0.05733827471955732,0.017350558028672972,0.05019348854991386,0.0050221708626227955,0.006644084533630273,6.705161273040043e-4,0.00277851870329943,0.002088922450752908,0.002806395287622765,0.0451938438343155,0.003993276241311212,0.12835419357232733,4.221721951141565e-4,0.005166318486650438,0.0010817677417280177,0.0014102190242107858,0.0029244794854373277,9.119402612442701e-4,4.127939423107826e-4,0.002115127980956996,0.010040464950740933,0.016814536445695003,0.2763643248639321,0.0017006226292138945,0.009441814586326416,0.011732893286535902,0.0026471500027005755,0.006583796471370592,0.003434410109553957,0.0029594941308589318,0.001415510177500936,0.007243986301315595,0.018432454330105354,0,0.013051627204580056,0.002059545115062048,0.011166107077654868,0,0.007686288525924576,0.00299849323896588,0.005535091665562692,3.0111119623485563e-4,0.00570135289096588,0.01041142564296475,0.0028822310807610106,0,0.007970051544816682,6.123112207374916e-4,0.009604147968603177,0.011870954418998728,0.026133826306525377,0.0025001403154790575
0.032557064650523625,0.06525801942822558,0.05224691358137316,0.0172721881325543,0.05297011390251986,0.021617909766251366,0.05685214543107323,0.004496244713220093,0.007207996957113788,0.0012867441087262227,0.004147921692011511,0.0025136930059003588,0.0030146152746423015,0.042672493135891824,0.0041250078974922975,0.12795904831040808,0.0011197433555160054,0.00403750909991924,8.449154460588497e-4,9.16759060529331e-4,0.003000759100108418,9.666898900570078e-4,0,0.0013897035048242637,0.009582560641875085,0.013707263854971062,0.28470886307713894,0.0010790493390459791,0.008045436850174401,0.0098022012418875,0.0021462442980173867,0.008320806832718668,0.005181032780466563,0.0033584030820932517,0.003221135796051767,0.006285786944436554,0.01840483035591501,8.229264338435881e-4,0.015885061637568833,0.002236954639894736,0.008940702965579899,0,0.007329403353146478,0.005442848351857672,0.0012813657325812782,2.61476845928383e-4,0.007458815129468354,0.009432230798768601,0.0054469436157274,2.565485308791844e-4,0.005696250948936786,3.4861703266329184e-4,0.007006494965196827,0.011883572255080776,0.026782166480052633,0.0011698057430923887
0.03497494956625844,0.06285978803794698,0.05680034541929147,0.016544332450803126,0.060984424178384865,0.020344900025559422,0.052724545204520315,0.005896988913887274,0.005840981207894406,7.714724038488686e-4,0.0026691990387781705,0.0024711066970080848,0.002686178907865492,0.04539134840112,0.00467877095279268,0.12085669911885566,0.0011988703624120772,0.0053344602354974905,0.0010660228104094399,0.0030020168992083165,0.001729003358942799,1.467640335413365e-4,1.834781695430717e-4,2.1680436733862972e-4,0.011703808512004567,0.01507832651835126,0.28526549716034755,5.513024303500849e-4,0.010965269777835341,0.00942369298669701,0.001966067237871519,0.010874317200247776,0.002130870503790723,0.0017974814588764768,0.0023821214703374813,0.005572496014041214,0.01631138338803809,2.92757702617469e-4,0.014913633384606294,0.0021466543957843,0.013019971882996289,0,0.006874585794115842,0.0043013464215718375,0.0015868303482640552,5.245857891966239e-4,0.005972647698871703,0.010214433025643638,0.0065231798208320296,0,0.0036235562358286,1.148470677573552e-4,0.00851208838191948,0.013711460178476024,0.0233332457312449,9.380907197760593e-4
0.03342412302188019,0.06937610624202695,0.062256910063422204,0.015465604959858709,0.054824365522860276,0.014162732305034868,0.050753966728079185,0.004075598341003878,0.0063509826521441085,5.556912303076101e-4,0.0024540219077345085,0.002670264210791516,0.003900515390379978,0.04817500966636507,0.003615901421577619,0.1416761778830422,0.0015128534617326883,0.0047585637841688865,0.001034359995130802,0.0022588314695424,0.0021261907863597634,0.0010197761880124168,8.01141008407125e-4,0.0010980824617443348,0.011032241930505636,0.015363698856032466,0.25580768417216015,2.6507941053228773e-4,0.008227690126490552,0.013274017218079729,0.002039531161590408,0.010296342230561995,0.00313776960525523,0.0030419817443173144,0.002394141598505279,0.004623175050143715,0.018675630258837853,1.237739707458304e-4,0.015634761267433617,0.0017874950831861863,0.01510102038911629,3.560758239728156e-4,0.007077589983189686,0.004671818185112649,0.0018715436576974285,0.0011843185794096053,0.006821651007125754,0.011619135909240935,0.003908284786196123,1.3440543103268249e-4,0.005306947535056239,3.1837995126951486e-4,0.007046125627289055,0.011952902829367949,0.026562038642598353,0.001994977276339376
0.035521386052980455,0.06946595253839535,0.05672029646729632,0.014098510669831456,0.05962815698762602,0.01283445743104605,0.05456696651778319,0.004599724903489098,0.008077187943069927,0.0013083312649468353,0.0047294239505365826,0.0017079834356396974,0.0022136934656117276,0.04343020376310212,0.0036460698828829517,0.14896319214527806,0.0012625896442968769,0.004831377367249641,6.256545308481368e-4,8.726081134175822e-4,0.002363889525706552,0.0012668935665628173,5.170859480356602e-4,9.774272249464594e-4,0.012553839781447114,0.014028867389317705,0.2623469807543918,0.001017330412637872,0.010035044289261809,0.011633602572466838,0.002434286792654207,0.008088401623591212,0.004522094852746461,0.002820640725537725,0.0024564128713329206,0.004807848351967646,0.016728397510736823,3.2951453956469055e-4,0.013465125492214751,0.0010880595138989405,0.00911883547748415,9.123253690802258e-4,0.0051139543557448455,0.0053237842532598435,0.002851154094893504,0,0.006674878435278505,0.00921258669927292,0.004501411851918619,0,0.005307938718780497,9.9276218505715e-5,0.008589066456258468,0.012119454392745543,0.02664914271958224,9.406801428468354e-4
0.03352632183097397,0.06634976095014034,0.053243316855443173,0.019070221699515683,0.05404401822071039,0.01579765677507936,0.050695761832334534,0.004238345160079794,0.008546033392340772,8.532027966869511e-4,0.0028624609752466623,0.0019096079772051699,0.002808229845396022,0.04238129140289406,0.0034445162728858683,0.1280775689403219,0.0018876784161153052,0.005091090477303285,7.876751448251854e-4,0.003545525535052183,0.0037548803684609813,3.853790362535228e-4,6.267605235618374e-4,0.0016503507285839014,0.009622873161435072,0.011912269246367959,0.28347863039787663,3.9815085786871064e-4,0.0054783644082210415,0.012365275877075078,0.002115266776752395,0.008008755660723654,0.00318464095764951,0.00419658508115888,0.0027462302769551343,0.006616366466718546,0.021725290185993965,4.1427185184295085e-4,0.011984166424313937,0.001665067076804131,0.012346128177836252,6.987365617716365e-4,0.006451447227952587,0.004544390883346419,3.2067365580974115e-4,6.954068936973636e-4,0.006416023399794302,0.011569726790655231,0.005959967130830696,0,0.005740135967121158,6.401247808011657e-4,0.00935017560572633,0.013336914367983291,0.028932451443765744,0.0015078372477396592
0.03251116081813752,0.07047372139865439,0.0540837356624511,0.01740155880387311,0.05693939893425037,0.016023556446230155,0.055113282619360424,0.004676814225844147,0.007275045944690042,8.652616298013988e-4,0.003928651758455744,0.002709624973591047,0.002639016242776231,0.043763729682077285,0.0026129301728492482,0.16477320159546258,0.0012085190864518313,0.0028514877528756327,0.0018145247965128354,0.0013797946826158646,0.0022382320782161277,0.00049994058327319465,0.002148640925257314,0.0038202558697766754,0.00989042249884373,0.016638474261988424,0.23628911100686723,7.811655359294201e-4,0.006889384396050245,0.016178984788523837,0.001943791781819793,0.009777126229222355,0.0036403903786055916,0.0037473475226101963,0.002399181695626381,0.006424046283200381,0.017556334658315676,3.905373940670961e-4,0.014596023269745937,9.298639769152809e-4,0.011097537571258776,4.8542614563238805e-4,0.006785797020175102,0.0036709860537838244,7.944692187269828e-4,6.457563813316321e-4,0.006741308641787689,0.010289673361767428,0.003134237044423056,0,0.006513433085568459,0,0.007905178916712888,0.0144797854271474,0.02660063546974903,0.0010315033001195328
0.030373590731935615,0.06470353308988178,0.05426747300899776,0.017002888240583762,0.05164335750754982,0.013175507423544253,0.05409239792747452,0.005519730393403998,0.008170222472500132,4.402809893124306e-4,0.0033281660875217845,0.001451938137367304,0.002646023378505884,0.04261638981877804,0.00522616689351493,0.12007244351979826,8.14000622892855e-4,0.00508683183750556,0.0011479661436214188,0.001710401365999412,0.0027540038617115017,0.002205435455399786,9.250420052089427e-4,2.5357010640092166e-4,0.012881641950522868,0.011925970883487439,0.2979749277623968,2.0073376024348717e-4,0.007143999625319537,0.013875056922181337,0.003205635699480033,0.008691255673133308,0.004037559134812701,0.0029821623531350646,0.0017511029651691944,0.0068005936809457275,0.0181918321838759,5.003010573343618e-4,0.01122621702841036,0.00147560402719255,0.0128314167938659,0,0.0075393517907434175,0.005599527934000728,8.347773551247267e-4,0,0.006512591595602296,0.011680060750950199,0.0048498764399539955,0,0.006122867899180926,4.009871060937836e-4,0.008042027123234442,0.016861988124427896,0.024912017079515975,0.0013205542802543382
0.03591553557992561,0.0652245986927891,0.06151641653698615,0.014023032350359614,0.06048642706050715,0.016517981498843575,0.046529688155464946,0.004654992491392575,0.0074167567945212,0.0012556114505629925,0.0031336184235593026,0.00411977706907788,0.0034387252205344567,0.047774574307113106,0.0027984460510892643,0.1224432531865052,0.0013836962853227346,0.005584601894848012,0.0016154468421756684,0.0019726575321992214,0.0030360879818957195,5.49054910185995e-4,3.6016633977056095e-4,0.001251708500434889,0.010453387286931235,0.016831601692297107,0.27137275020109364,6.178964805055322e-4,0.009345672797902277,0.01169821360614407,0.002713870447950075,0.007546456100385585,0.0035064733977495217,0.002600196188261478,0.0030524722459388067,0.009173719736910039,0.020020222198304648,0,0.01075542677857462,0.0014439598267384248,0.010831580966441975,4.0120126019096487e-4,0.008413025335566664,0.005327654180413962,6.561060206789708e-4,3.869216243859297e-4,0.008137732728555893,0.012038509242516392,0.001665567557899508,0,0.005726064078892784,3.697501061448542e-4,0.00983093170880724,0.012921133216835565,0.02816510802845672,9.93539802460592e-4
0.033206933270729565,0.06150871048425468,0.05846063745796491,0.014558266888234073,0.05414479404308767,0.017167548979441494,0.055723532153453825,0.00445970474017198,0.007973788796899771,0.0022573585501885333,0.0021515611203669926,0.002240165131104698,0.0036822842932143136,0.04255363454174602,0.004709593825499791,0.09748458581317819,3.486303102736986e-4,0.004886071553963242,0.0017738811547959642,0.0014539298692609595,0.002649453005411308,6.928804048654451e-4,7.908999056316472e-4,0.0052260380321755414,0.01129998281158797,0.016863333954499314,0.30770571951433223,3.135210624197604e-4,0.009555773466437996,0.010137671669574943,0.0020758144710801567,0.007875470700891585,0.004166737507226274,0.003710451758666235,0.003353911559320174,0.006617963259844528,0.020889096576145207,2.7363117735169424e-4,0.012186411372694791,0.00198211166238598,0.011075611937275076,5.635264553643068e-4,0.00944104708488449,0.004556560422138694,0.0016395273487883482,3.05455563353298e-4,0.006216485362025962,0.011718821849100752,0.001797138907856933,0,0.004837191278635805,3.744990436541805e-4,0.006412316769315136,0.015445198154167651,0.026056315401563956,4.478175715022358e-4
0.03443672102273394,0.07203929178005164,0.0569975344245953,0.018890617588746137,0.057475873093892814,0.015697202793404703,0.05102983484126814,0.00562184365213204,0.005617727960821524,3.9907060012732204e-4,0.0036429749575362185,0.002746177234800836,0.0033530807905377716,0.04581976263584527,0.004643671170110716,0.141325300211627,6.759159107566523e-4,0.004526274824136757,0.002826205610240989,0.002939959379174711,0.0014849561956672005,9.628562467729441e-4,4.207931808181338e-4,0.002568143932053983,0.0115777677480207,0.016099221909252157,0.25990032288398696,1.6254475509616776e-4,0.005282435413522884,0.011189060286286865,0.0014455648447561052,0.009483893792060032,0.004775797617807102,0.0010682547595054096,0.0027675871102342464,0.00891045423082533,0.016136295805920707,1.0465336894680152e-4,0.012478874525704025,0.002257122102060547,0.011633807394793562,1.6269389015854103e-4,0.006901628495660704,0.0054535505950195655,0.002629013193752398,4.895521936647399e-4,0.007789988044107253,0.009193950388950203,0.002495889714800527,1.4169193311042378e-4,0.005224563735805601,5.024803656108444e-4,0.00831986617959732,0.012536665187638033,0.025909440114723122,8.335773807683548e-4
0.03431502056255405,0.06409282062647227,0.056068960262117815,0.015309233846024672,0.06547272602686305,0.015335426437937148,0.04998830685914751,0.00534619959031509,0.007261859965065472,5.750280498108204e-4,0.0022473493245317756,0.0021839234590254877,0.0021908626254991954,0.04425514352887393,0.003105861265810804,0.1408346355429638,9.216409851196873e-4,0.005471486795561953,6.779767140189723e-4,0.0014891459384677205,0.00163551391988707,8.638355869405892e-4,4.8396411154094616e-4,0.004075461313205724,0.011088104476765618,0.021593630700256203,0.2537892213491334,4.524457562324225e-4,0.007910297389008251,0.013718313993023154,0.003487650505088508,0.009769115737115676,0.004260129567562567,0.0017695188497387896,0.0029511832942664008,0.008885491643822728,0.016961871823442557,1.1997464239578235e-4,0.013454997484725173,0.002739788440068964,0.011170210680522166,1.680549802659428e-4,0.006818735035983202,0.006015480943005383,0.0010408725991935337,0.0011199262157518507,0.00590039229526218,0.0112900877800675,0.002674121503219675,1.4754643006994117e-4,0.0078053354652149265,2.2870062746542448e-4,0.006253063871281725,0.015103738378904528,0.025462506393101048,0.0016471078102892006
0.0391632957771218,0.07210937475744426,0.05228878907534486,0.01600493059172305,0.06200177367691061,0.012186413981792118,0.05093136507164723,0.005733023007332172,0.0077143215697915435,0.0010959968248947414,0.004022080211305578,0.0040261999069469215,0.0029482025591675972,0.04643873201291407,0.004576409007181935,0.12474387765294027,6.039949895296918e-4,0.0048133541193756315,0.0015323371186663744,0.002383781260323748,0.003006477332037874,8.46134233295509e-4,0.0014288575999205956,0.0020760877638023316,0.009607977216256404,0.015503421512462357,0.27312295237962636,5.355284439174321e-4,0.008167978064088583,0.013309917413856434,0.0018059249586857933,0.007619194714605535,0.0030188236687156383,0.004247834250206289,0.002363861960413603,0.004935209589026093,0.017934505503379588,7.375633818381193e-4,0.012136195315414471,0.0023254686920806144,0.013169751224471914,0,0.007051525973574636,0.005166485850657273,0.001725994917108122,0,0.006672283104040507,0.01066633053283512,0.003270635112688148,1.2550884211089185e-4,0.006188709978346879,0,0.006416041860222858,0.015227137336882388,0.022913751710808655,0.0013576763902687797
0.03576767302850403,0.06260297849666745,0.05234912849096549,0.015939669241746005,0.059614247477418995,0.015082897911737083,0.0485121286023055,0.006903100226928246,0.008766066696416915,7.439606145770902e-4,0.0024734407005208713,0.0033782445169766293,0.002575408779361237,0.04496690706388131,0.0041062009483446875,0.12916577401715398,0.002033597859164077,0.00458546582915053,0.0010944041017441372,0.0019759911809828046,0.0029583023492839792,0.0010715675760581708,4.11700580099166e-4,4.7891194826603345e-4,0.012759644154704946,0.011627858120601374,0.2834109964392297,0.0014902476809352378,0.00882151116154745,0.011447709695173334,0.0023956593162409606,0.010328584727647503,0.003064772421821462,0.001359860992794791,0.002021771315103254,0.005007924893259257,0.016122519586313822,2.3042770109434033e-4,0.012072260563463031,0.0030643176590097253,0.012979228852099242,1.0670307352851915e-4,0.006362032786320468,0.0047755002062137486,0.001972966884032619,0,0.007844284842410001,0.011208859139564958,0.00413936000248336,0,0.00594275412502527,1.4211189611396748e-4,0.01049473829631375,0.012991410983177291,0.025912608214795768,0.002343606030726415
0.03587361073385806,0.05945822535779879,0.056971001632824925,0.014174488138523875,0.05654003284674164,0.016348279203279855,0.050958713547660815,0.005263674818505707,0.0065185864022961944,0.0011160196621780025,0.00319356129909167,0.0011331159646251678,0.003627291526358361,0.045424825797914556,0.003670710920836806,0.14368761504523914,8.313189797422117e-4,0.005719670441265847,0.001030526932779192,0.0024168665379326153,0.0018972765556942777,8.250363589265064e-4,9.707157858606065e-4,0.0026184140546531673,0.009713347040454113,0.020062244177612723,0.26289466386671134,0.0012748037641114136,0.0072192884737308435,0.007971695833596954,0.0015058834910213362,0.008085875784297552,0.0038237639498584345,0.003749194718116697,0.003194321822741985,0.008877602889914717,0.014810603580242762,6.917338374573156e-4,0.013378414157907153,0.003380381129500757,0.014048311207668637,0,0.006303692929400546,0.004881668051474512,0.0015319273878659442,1.2863921030185481e-4,0.006628641129137798,0.009503418283895181,0.0038280080756450587,3.780649998728044e-4,0.0072823540561459755,6.102497855940951e-4,0.010279776081478197,0.014084003322910668,0.02753822486300973,0.002069623553734896
0.031967520089706575,0.07382194237697264,0.048981872038380614,0.01708738055673994,0.05531346121227569,0.01584634959806786,0.04487864838850109,0.005106049665988764,0.008947154680067126,9.015271819238491e-4,0.003940265930025225,0.0018045023814781838,0.0028878255736175195,0.042183292265716814,0.004034777739214324,0.13718256962730044,0.0011083361409425494,0.004323501680153783,5.471825515208683e-4,0.0026663996101714046,0.0014195651739279539,8.850773695947481e-4,4.3991718107491814e-4,5.012297046762393e-4,0.012311826769038803,0.01020571409488548,0.2882839333208112,8.012473586635762e-4,0.009156353190058215,0.012512056853477938,0.0020165409079528694,0.010028377619819244,0.0032714464528405276,0.004197291374728619,0.0015325914149215524,0.006641576306727234,0.020540764704385102,3.215816362204422e-4,0.013950929870321396,0.0012356685160314583,0.010418261985646377,1.7288029991421804e-4,0.00571401739095721,0.00423936057300834,0.0022089148106295394,0,0.006379188419383215,0.013353899811635357,0.004270386392151575,0,0.004941648559088409,5.575888864763416e-4,0.008208732323758716,0.012976225732218571,0.021589479586215224,0.001185166119994096
