i2_health,age,household_size,cantril_ladder,r1_1,r1_2,week_number,hl_covid_num,vl_num,region_Islands,region_North east,region_North west,region_South,gender_Male,i9_health_Not sure,i9_health_Yes,employment_status_Full time student,employment_status_Not working,employment_status_Other,employment_status_Part time employment,employment_status_Retired,employment_status_Unemployed,i11_health_Not sure,i11_health_Somewhat unwilling,i11_health_Somewhat willing,i11_health_Very unwilling,i11_health_Very willing,WCRex1_Somewhat badly,WCRex1_Somewhat well,WCRex1_Very badly,WCRex1_Very well,WCRex2_A lot of confidence,WCRex2_Don't know,WCRex2_No confidence at all,WCRex2_Not very much confidence,PHQ4_1_Nearly every day,PHQ4_1_Not at all,PHQ4_1_Prefer not to say,PHQ4_1_Several days,PHQ4_2_Nearly every day,PHQ4_2_Not at all,PHQ4_2_Prefer not to say,PHQ4_2_Several days,PHQ4_3_Nearly every day,PHQ4_3_Not at all,PHQ4_3_Prefer not to say,PHQ4_3_Several days,PHQ4_4_Nearly every day,PHQ4_4_Not at all,PHQ4_4_Prefer not to say,PHQ4_4_Several days,d1_comorbidities_Prefer_not_to_say,d1_comorbidities_Yes,vaccination_status_1,vaccination_status_2,vaccination_status_3
0.10386913217232747,0.03813341234537728,0.01862087824722062,0.008193103157374097,0.14984117141955297,0.010250074668194222,0.09480242672702144,0.0030072678002113556,0.003297806480913233,0.003523476699763502,0.00336486830739074,0.0021609500947973063,0.004956628290182453,0.02423458417723864,0.02820853466808188,0.15002117006069157,0.0017106906849443898,0.003834843607082601,9.051890530864049e-4,0.0015651342659029823,0.004414374700148292,0.0013038810268114777,0.001437207131544807,0.008818518081407906,0.008702815500216506,0.024866615639776758,0.17219893732407718,0.002193253044314675,0.010464251453632022,0.02214573652396555,0.002072974562003952,0.0023659125441615496,0.0015188852110457505,0.017000653863661532,0.002311284848478641,0.0016341629185584832,0.002352496570739151,0.0010492915503363283,0.0027595905904863557,0.0015254840078430237,0.003363444286360526,6.8310496482386e-4,0.0023508194073770835,0.0017586751962870317,0.0025741079095948868,8.394680625272378e-4,0.0021887234784177647,0.0028914879775273575,0.0022208651356290755,6.030928503662176e-4,0.0021086802240434526,0.0010728497442563842,0.0037428152190709585,0.0044302496966981,0.013319609771733715,0.010214336054721215
0.10328436285843283,0.036861643923925574,0.02040413080053243,0.009777178040789878,0.15052820940318162,0.009575237923946147,0.09299101963324935,0.0030534981869117838,0.0031996469837231602,0.003500321914153058,0.003701282941501773,0.0019468320489733095,0.005582736745757796,0.028359161524632432,0.0224960807504491,0.15308483044043403,0.0017516289602480086,0.004391169571643006,9.967827580618248e-4,0.0017588816734853358,0.00461905397832181,0.0015866151820628051,0.0016515916918966509,0.00961290588633622,0.008783752316697964,0.027358551479082283,0.16734254492673437,0.0023884422530325985,0.011177298848325964,0.023381138632402054,0.002203710693381216,0.0022733335395244067,0.0012845975125261946,0.01470874877156887,0.002405328335906767,0.0014423849605374208,0.0024592220483016284,0.0010024697937447056,0.003009681710700475,0.0015701132437388025,0.003650218189786819,8.214973254754982e-4,0.0022330374628121014,0.001738342354085554,0.0023839750550792905,0.001140025443640848,0.001984493604858275,0.0030251632750522115,0.0023670037976076205,8.586381738626489e-4,0.0019138112228558385,0.0010933352611113753,0.003589117997300487,0.003933391818686108,0.012850326980653652,0.008911499148275976
0.09356090240446106,0.038175459622246714,0.017545802973182215,0.00969734896476449,0.1546720520724323,0.010249834164269077,0.10447231609076559,0.0031006341438127743,0.0034601510238096425,0.0033466473759622916,0.0034841529758808274,0.0021202362319033617,0.0057149262233029815,0.023130809663936047,0.025018895683701175,0.16259430237386566,0.0016187716573122448,0.003601673698597429,0.00110051859797053,0.0018542245086001176,0.004337831424580334,0.0016617465733923186,0.0016307063491882037,0.009509770997986906,0.008199518008261276,0.024267736289842166,0.15931828045429847,0.002329445833482992,0.011831324291977714,0.021082099095626465,0.0020567293541047765,0.002020448083839123,0.0011583404669150241,0.015851929642450555,0.0022174266985540707,0.0016266035124399396,0.002475363278707129,8.470038762270841e-4,0.0029001595388710917,0.0016189001180847104,0.0030807189915655446,6.804079873299824e-4,0.0024812630840821597,0.002078861572744156,0.0025659501704319177,9.833018979335645e-4,0.0019363605381836106,0.003015393465529821,0.0026737289729914094,7.482715850049919e-4,0.0023195917704163654,9.624955509410678e-4,0.0031166136774992055,0.004074921508640837,0.013604336531759695,0.010216758355338794
0.09694253029250238,0.03643277449835761,0.017969165510742156,0.009213848175689973,0.16119928657766727,0.010125250565253768,0.09035716555447766,0.0032061200778560088,0.0034871739915691047,0.0035588304064228158,0.0034247635843334128,0.0020522492323745804,0.0058823651161634604,0.02331033819899158,0.028578164062128684,0.15941456385867342,0.0016023241168178835,0.0033530118590696127,9.442725329084598e-4,0.0017308334725655503,0.004129930014457594,0.001526106624425434,0.001060992686399824,0.007117673685784159,0.008258222694233755,0.020687843368736983,0.17400396114827743,0.001967365793980785,0.010209238799664597,0.018517410366322068,0.002588904459010175,0.002198218051665151,0.0010947016495358429,0.017829939711302336,0.0022461235652004464,0.0016362683450915109,0.0025194028387337374,9.163966476448742e-4,0.0026133930974162603,0.0017302962358676436,0.0036000396442585334,7.007890435467574e-4,0.0022373266099507023,0.0021502014366271828,0.0025186523773374405,0.001007684362180917,0.002026466795972597,0.002900811926888279,0.002364139654031286,8.592645430454941e-4,0.00208579247916096,0.0011154249988974245,0.0033340568941340153,0.004033740310978262,0.013596901440367177,0.009831286014306925
0.10190940869875711,0.035973680509049186,0.017328058135654006,0.009356455200504972,0.15557462507638103,0.009811852667070471,0.09912400225602466,0.0030879016661247787,0.00328479557172378,0.0033238168261573824,0.0037363739447717355,0.0022331607312087785,0.005279622937096599,0.024461492985891908,0.025230247605859717,0.15756378890563683,0.0014485348330714762,0.0037382596948176117,0.001158858728187708,0.0017698160484553049,0.004034437286280311,0.0016334837872774466,0.0018142624930517675,0.010124789490732434,0.009241129594188107,0.026620088704680557,0.1606435841199194,0.002157909506362326,0.011104857385142624,0.02268426957309859,0.0022327978387643495,0.0023004122228264404,0.0012359479674912085,0.015639611763677962,0.0023488221215884346,0.001395576013339864,0.00221118969757498,9.51450018776005e-4,0.0025007097359198913,0.0013947331570999385,0.0034458253296155146,6.411377604108834e-4,0.0022812231381336657,0.0017622326779352733,0.0025569138250793747,7.930316185218384e-4,0.0019122878734998475,0.0031242966388045413,0.002640880172939686,8.170403855198276e-4,0.0021196663418017697,9.359521605388077e-4,0.0032042170423086267,0.004217718322352293,0.012229255810891853,0.009653505401408457
0.10156615698994591,0.0396308131819971,0.017260761328400268,0.010048544230543592,0.15844009046846777,0.010007006338130522,0.09603496915156189,0.0031958077720001276,0.0035740145720661444,0.003758647221512101,0.0038589894641698156,0.0021416441525478115,0.00624575215348754,0.022204608253296593,0.029173508205319453,0.162824484675594,0.001684522156873794,0.004500824873282798,7.720213672732048e-4,0.0015251329530370074,0.004384258655974494,0.0015687591835707245,0.0012743462450806415,0.008694359384263828,0.00812998662865329,0.02583733061779099,0.14208052811743158,0.002100357870404677,0.010197204487893513,0.02255837438825435,0.002435950074208408,0.002111988876431579,0.0014018510649941348,0.02101043691476866,0.0023540221669843793,0.0014922636261401104,0.0024617460415268934,9.428595187759038e-4,0.002895829070484014,0.001482526489837299,0.003353136161782724,5.638737259005334e-4,0.00222117203140882,0.0021604814956751686,0.0023482089589234633,9.468731561547885e-4,0.0018480716314641992,0.0027994947400218537,0.0021474164605637946,8.670044651837986e-4,0.0021745356164258626,0.001112203687847684,0.003503468902169525,0.004731602463055823,0.01504095554763781,0.010318222022807308
0.09921884693433836,0.03848186171814543,0.017211110186026963,0.010081102597257226,0.15692054705707664,0.00886203929910395,0.09752892412917809,0.0031325558714413557,0.0034097113408777485,0.003952709673513739,0.003660022156231657,0.0022280099516207214,0.006136002411114243,0.022185296493433544,0.02926824455383238,0.15146815800899152,0.0019701763098872995,0.0036354187948285962,0.0010608164045480036,0.0016706693857967616,0.00375059177508258,0.0014814649767784986,8.931133132103359e-4,0.00799496964626698,0.009603840734538065,0.018562600361796557,0.1770451957861845,0.0023124072519085763,0.009935212333106912,0.020758708453577857,0.0022372187478596818,0.002242046236730656,0.0010288630222244366,0.017203541559779986,0.0021521354368878934,0.0016440125829564815,0.002560341930046289,8.077576696124562e-4,0.0029610776259700383,0.0014377921607188432,0.003074721738130431,6.813480563228754e-4,0.002378174449824853,0.00195822410954927,0.0026467312147826472,0.0010497866593408387,0.0020127348558969193,0.0026840602407925346,0.0024788211287280777,7.849894576060484e-4,0.002238857978482143,0.0011417642773793135,0.0030187080786026016,0.004326017502441787,0.013345072673558467,0.007484872696079427
0.09771909636795909,0.03537712928285591,0.019047644495966905,0.009587121857815954,0.1606953653279536,0.009925859643280518,0.08976580932220841,0.0031558468756107605,0.003420888735660526,0.0033933004746099196,0.003273211327717397,0.0022652481233951046,0.004580823778821157,0.02397188345753677,0.027570490176706305,0.17503258509111,0.0014065613572784084,0.004069576841105223,0.0011473014253322329,0.0015656403599843716,0.004113346523449588,0.0014329664537041725,0.001117887287781363,0.010508841795817033,0.008097286314629316,0.018347969679844093,0.15829389791473616,0.0019107982266316163,0.009640769173341777,0.020514364219164517,0.0022997983314673263,0.001938905343311602,0.001247248709698028,0.018182970158890324,0.0020737395099797635,0.001446904152926894,0.0024219722366877233,0.0011126876975903887,0.0025687467325865476,0.0015535942680713602,0.0032983231394366603,7.196864378401186e-4,0.002447680290333353,0.0019746732916758485,0.0022812668862590545,0.0010106990529210886,0.0020360241181776235,0.0025882568279768526,0.0026235273045931897,8.076789212105034e-4,0.0020602737670813247,0.0011737213165490545,0.003026580906045452,0.004286705986711989,0.01525339196162626,0.008615430738343413
0.09794414757768231,0.03567056513974711,0.020962141621401222,0.009297421466967654,0.1491400119237417,0.009915397667435632,0.09956208988104416,0.002973768440423064,0.0033951455380197776,0.0035466716157429136,0.0033511670422298476,0.0022461961403461937,0.004795849838987794,0.024443338415731385,0.028465012600175376,0.1566753382402456,0.0015318294266619872,0.00456049294722405,0.0010354962739459019,0.0017110598445285983,0.004215914582422802,0.0015885510158741851,0.001346987907086612,0.006613789775093484,0.008774342974092082,0.021880318500458143,0.16781782885077787,0.0020292504454850063,0.009287334522662432,0.021135422805647605,0.002220887006542143,0.0022183945727056362,0.0014654580745363628,0.019554677881941374,0.002034432002083318,0.0014930466377098435,0.0028199910324045196,0.001386471530232677,0.002815264812944566,0.0015813931295796996,0.0032675902787586437,9.219592148228519e-4,0.002455182223911105,0.001937050456838423,0.0028068188090637374,0.001131022033365892,0.0018797651559684912,0.0030656745281217477,0.002459118929367326,8.540690943681832e-4,0.0019056683017023652,9.860190388415126e-4,0.0035882406070114033,0.003702838174382686,0.015863394217988293,0.009672689232924768
0.10359809001506459,0.03625370091566721,0.01786943199346538,0.009828944609066958,0.16092394550212913,0.00923164797799863,0.0924022925688119,0.0034630187680766227,0.0035282399731581854,0.00400760522082454,0.0038392008030833204,0.002104462149871345,0.005547586744488849,0.027542932570346394,0.02759727082880849,0.15028701294343993,0.0017539589859520304,0.003580853774840199,0.0011649081026694607,0.0016588038162467576,0.004588519179177734,0.001351601247639651,0.0012097294960736523,0.008160505325766055,0.008488289654433722,0.021593005406328945,0.16868621927344013,0.0021825708970519588,0.011118874752075491,0.018701926804698593,0.0018119205785252976,0.0020423574080579744,0.001093474146959087,0.019700545018939874,0.0019620213693405516,0.001600925366213239,0.0023214553618744562,8.393628057265001e-4,0.0028243243241768755,0.0017863413936543427,0.003833062823473019,6.840725367416761e-4,0.0021514722564949223,0.0019954374770454544,0.0029285120438652694,8.521097408792969e-4,0.0019577506447724688,0.0027633051999342148,0.002481002604546609,6.018550825366737e-4,0.002136842683391483,0.0010240364252399388,0.003202640975282132,0.004452426359472269,0.012934402227267385,0.007753192844893061
0.09718042308143324,0.03829848221500443,0.017707032207528933,0.009927104918853114,0.1479659125825081,0.009709413398560247,0.10424991712092029,0.00301599218676707,0.003186735746351086,0.004118449632822321,0.0032383247729558624,0.002400921896133423,0.0071924294359666,0.027649649534529662,0.025814643784050132,0.15223016665951403,0.0014831338333733996,0.003953875643685546,0.0010410911312265488,0.0017587572804924558,0.004842439919113582,0.0015075100981317914,0.0011185338165333278,0.00976693127712508,0.007357500409042535,0.02569904325082164,0.16235247353544704,0.0020905714572944144,0.010774748468004705,0.02395302038667605,0.0019497829021829385,0.002350352579583118,0.0011569490803245107,0.015099670327518086,0.0021526318944451736,0.0014610004761219347,0.0022245261994460965,0.0010521187855779249,0.002734084399687643,0.0015023718558999828,0.0037360220277961997,8.005206165898089e-4,0.002565000973795912,0.0017954911272024796,0.002921711212263168,9.475804487503655e-4,0.002072148751640291,0.0030998774673536064,0.0030721516802313404,7.06735826721095e-4,0.0021218176167806216,0.0011591741947655347,0.00344175363675855,0.0038444497599863293,0.014492072190205605,0.009954774287505073
0.10589107298610766,0.03793741217614291,0.01987922434858624,0.009661868361339138,0.15349058163992318,0.009572920308591328,0.1001986337674719,0.0031278920196915754,0.003205248638682548,0.0035997486851160818,0.0036810660047277956,0.00200973255665675,0.004790143465884146,0.027684159965746136,0.027499400480709143,0.14531352244159132,0.0019430354284905996,0.0036996354880298116,8.457780296325133e-4,0.001728137585817362,0.004125520181776026,0.0016907335656628241,0.0013703789840846324,0.009543500692065169,0.007908512337839135,0.021208516889867652,0.1685788879652497,0.002130500965699878,0.010736853390387806,0.020298198238381856,0.0022634842351115813,0.0022080429132872855,0.0012229155046955679,0.014544613431251048,0.0023055625373942608,0.0014964132891954218,0.002359427225517973,0.0013180631562639716,0.002483883618693348,0.0017513329727501417,0.003499127837312995,6.763518354403586e-4,0.0026237372053127357,0.0020800962380621893,0.0026242102749573387,9.756978318739798e-4,0.0021256309162555657,0.003226494932409378,0.0024226496511767907,0.0011336718438479075,0.0021980467335376863,0.0011748229393983146,0.0035059737412325752,0.004733662462115089,0.011784158710466081,0.009911110372487566
0.09373485866375056,0.03835805166794645,0.01659413172221538,0.009420890659940215,0.15304598347295853,0.0094538304679155,0.09777838239925084,0.003525316881735164,0.0033744111837470296,0.0035540373008327913,0.004328468407771257,0.0020559392455648134,0.0048033171721690434,0.025587993751252598,0.026609803565386444,0.14223777189011258,0.0017788903024610178,0.003415896094725503,0.0010734869156100713,0.001540226837297458,0.0039603605667193195,0.0017272517113186597,0.0017824725827189029,0.00978393048247499,0.007963630477422575,0.02117114212300248,0.18211673546710297,0.0020419929353469807,0.011426160039870976,0.02194944315810975,0.0021218894623444094,0.0021015435420998585,0.0011996538030245513,0.018866873019562354,0.0023755964223497604,0.0014551161963954964,0.002742098153632621,0.0012721971424396504,0.0029417720440507657,0.001538579064253094,0.0033794209857904533,8.537420186263803e-4,0.00226272662847042,0.0019167130173330556,0.002774683906879127,0.0015023606597702375,0.002118675827494517,0.002780097992349748,0.002652558611354176,8.456631546755201e-4,0.0023273304039078337,9.739187595378896e-4,0.0032912512746161274,0.0041055552067763255,0.015893479776727677,0.00951169477880719
0.09661002094089247,0.03660332600942947,0.018310743215961604,0.009764588319073729,0.1518635659791887,0.010104829511424754,0.10240246074727032,0.003205767082950907,0.0036695967339232635,0.003591537823510855,0.0033367827408565492,0.002012487119471053,0.005543817457795578,0.024713314045333033,0.028402046387487157,0.143067528003418,0.001536522527801876,0.0038957821275552207,9.638605771908456e-4,0.001643102393734861,0.0044347640889816605,0.0018268781414273465,0.0011871864742645805,0.008240683753867481,0.00819686076050418,0.018284213917824362,0.18469613011852584,0.002086178646319914,0.010160448698878461,0.01655450904720851,0.001993677835484883,0.0021584784692776386,0.001091922830871634,0.02059547582754576,0.0023956365072942743,0.0015782101804464109,0.0025940259770049377,0.0011186646424322993,0.0027903849345466258,0.0016913104647576036,0.0036609985207518526,8.110942287829626e-4,0.0025452288882817885,0.002095615696256022,0.0028009192323365916,0.0011013995253685437,0.0020525167075839848,0.0026198804880855522,0.003178054134711274,9.004714244713245e-4,0.002059839583605491,9.528584166711246e-4,0.0030141348791178266,0.003962777049646191,0.01349039465841228,0.00983649550418248
0.10420324359238882,0.03632207553071655,0.019165993457657682,0.009329253100359118,0.1531005578442342,0.009780437631514401,0.09578532995215595,0.0031217547117534587,0.003514706466059833,0.004096118529545604,0.00426471717080089,0.0021367646419987608,0.005858101825679912,0.02732947684491394,0.02960227213443589,0.15414088122209363,0.0014692659151453096,0.003986092492816796,0.0011191961779381191,0.0017747616733274063,0.004507912443467288,0.0015260530890094976,0.001124964776547581,0.00833944836578026,0.007833988517044775,0.02078619306372885,0.16319911520924318,0.00222557338025924,0.011281819112089737,0.01997267055548052,0.002442510008130225,0.0020670340425818323,0.0011932151372191818,0.0156541177440988,0.0022439423783268643,0.0014684243706919707,0.0022759189898128992,0.0010509763999351199,0.00277877268072595,0.0015538021667578711,0.0034170432091185977,8.816089692379526e-4,0.002581001201725031,0.0020674084582574005,0.0027816874018017725,0.0010649980861623532,0.001964613608386224,0.002666396427928732,0.0024816341882686072,8.19772924957994e-4,0.0021927091389025983,0.0011164817818461949,0.0030536168675220285,0.005174461238389716,0.015012987226502336,0.00909612592452462
0.10648750826603655,0.036104424498693936,0.01834338796807651,0.009342761255210328,0.14533425992111224,0.00960459607701504,0.09741245565717215,0.003359169260456093,0.0034168159582593006,0.003662006241238001,0.0037371659351711256,0.0020019964802294433,0.005338363315996416,0.025684566702490662,0.025551040289777463,0.15520908349430532,0.0016902290168244922,0.002996457907823684,9.960750973040913e-4,0.0016605109470684443,0.004660431029272362,0.0014864640700690593,0.0016917409516429421,0.00847297767874663,0.009134333535209895,0.02463043082336359,0.171265323986322,0.002247918974650488,0.009668567983542202,0.020030001595442822,0.0019725186586904493,0.0023192352650621517,0.0011397795860908608,0.018138496631467917,0.002215470635814883,0.0014013717896682533,0.0022801452047681516,0.0010031776373698035,0.0024264976951517106,0.0015588600745526779,0.003544289709178193,7.048468782779321e-4,0.0023837092251074,0.002133694228428555,0.002757454282858519,7.572565976183281e-4,0.001963183796152999,0.002594092248480624,0.002333047843012202,5.976804012479588e-4,0.0018496189662374602,0.0010253281622556348,0.0029956301670053974,0.0042257456382771685,0.014187697525512329,0.010270106233189278
0.10472955726441409,0.03618922389816468,0.01731453795226412,0.00986814227933485,0.1490618249619079,0.010090669412049622,0.09232395287995991,0.003391794673868187,0.0032599134761767696,0.0038719628018095325,0.0035822615265868303,0.0022332700672409826,0.005113054060248791,0.024081340567389326,0.025264812936606124,0.16893503057414852,0.0017962161649746618,0.0043650126812882556,8.147890640319686e-4,0.0016976032673214486,0.004202381400335867,0.0012438568236714375,0.0013248550493565126,0.009437504200636434,0.007562856155571688,0.02320537982374904,0.1622245941541487,0.0023224821259655508,0.012225081363273787,0.018894640390252897,0.001900605484907326,0.0024574178834113115,9.860437825087438e-4,0.01660156191493757,0.002108123591924706,0.001531578113491414,0.002448386964915071,0.001233463416492365,0.0024657398779808814,0.0017130785234943577,0.0030144691764334387,9.01219017791173e-4,0.0028081055987544444,0.001988904405023155,0.0022629158773752643,0.0011030355632264948,0.0017837012143904773,0.002831380655442801,0.002455641333497896,5.484188083830627e-4,0.0021797345459226907,0.0010100292933289158,0.0035981394250580614,0.004030202057258474,0.014855505773882569,0.010553995703418926
0.10079128154566265,0.036017828602115665,0.018879354866070102,0.008755447589010298,0.15617037937136716,0.009794693189598426,0.08645796358198585,0.003064460545517575,0.0034868138921479944,0.004513980592742573,0.003438909499797796,0.002191651859707441,0.005376315451085446,0.02549692800433999,0.028339707019818444,0.16948146092711577,0.0019025513316213514,0.004103542426784907,9.699874058551967e-4,0.0016435700570585077,0.004500766854811421,0.0015185226471260175,0.0012300233412851874,0.008941002846506244,0.008460588751245314,0.02486929425550432,0.1533855073637951,0.0024155134491494787,0.010392480470074707,0.02246162517055248,0.0020311373550983276,0.0019131452907284981,0.0015771882568751967,0.019038180477710484,0.0022279970460698123,0.0015087167507405652,0.002233755287739026,0.0010527014230583241,0.00296765682808376,0.0015580412869153483,0.0031142435790999412,7.643085280115776e-4,0.0023498153511909443,0.0018818015784174823,0.002898119474567826,9.238560543909396e-4,0.0019768282240771404,0.002732163504458062,0.0024975140115266175,8.537341071502313e-4,0.0020788653099132336,0.001161793404337024,0.0027570298690272155,0.004316520874328513,0.015147580670847097,0.009385152546183358
0.09875425836935245,0.037855977963612196,0.01775364914551909,0.009186726608879096,0.15177429540854506,0.009985391684630762,0.09533311729668574,0.0031661395639448493,0.0033368281313052783,0.003489069914150886,0.0031945027968215928,0.002246422938299225,0.00599910065813454,0.02501172647613763,0.025944908045706937,0.15829917051126915,0.0015745126548112687,0.0032905962261264854,0.0010126134069442204,0.0016856043095085536,0.004547195817180094,0.0015627552880100731,0.0011813982558655162,0.009264846141710165,0.008406028135620976,0.01925132726977279,0.17106601758596432,0.0021712615782739403,0.011201044541848811,0.02083446758383992,0.0023172975129189233,0.002150523747905655,0.0011943342369296315,0.01826441198004613,0.002330066978662947,0.0014331474657472787,0.0023432877652967664,9.82907212208778e-4,0.002779918505787515,0.0014100499045694213,0.003502279035209499,6.174913253545063e-4,0.002377927768747062,0.002124189214568613,0.002221693682307065,9.357804720504918e-4,0.0020185942514850405,0.002934008766432641,0.0025562124916381486,9.826410309669248e-4,0.0023010972785361163,0.0010502131072725085,0.003181452962220343,0.005038220589322983,0.015141755749584318,0.0094295426557591
0.10451902768423545,0.036966947856165985,0.017406544612577946,0.009382898128121207,0.1513539877128444,0.009816208700737898,0.09952879412963965,0.0030055521540345363,0.003578771314882529,0.0038666547476647406,0.0035077309217680193,0.0023825148208275605,0.005363260442583115,0.025708606540715565,0.024776748564200438,0.16498060428005265,0.0017017670633296745,0.004324316310303608,0.0011791739429722473,0.0018301779078577372,0.004637437205982383,0.0015705303555260816,0.0013621482352412354,0.008167961901784829,0.007351190561643291,0.018169142574063164,0.16308481571867856,0.0021780575568829254,0.01089951037946158,0.018883324912881923,0.002114549795488327,0.0025006002537367794,0.0011455179104954715,0.014555968938666654,0.002335961772300889,0.0014863837375539437,0.002249554279539717,0.0012246750367181974,0.0026555141853187633,0.0015070399332276277,0.0029124990729406442,7.210107698204257e-4,0.0022655359404746478,0.002053519008120557,0.0032881997174531107,0.0011360242637388236,0.0019669860106106525,0.0028920830643502852,0.0031205877019942524,6.762682283454021e-4,0.0018900843761319396,0.0011259047059211512,0.0034751052252559545,0.003783191214322275,0.015282515078720115,0.010150312541092445
0.09682501235609856,0.03617443223618269,0.017998974068097265,0.009127257770216697,0.14475646487051672,0.009671893891145058,0.09914965931148406,0.0034591831042139476,0.0032081843341896987,0.003721013401950923,0.0039224925397278775,0.0023615331209621182,0.005086407051220858,0.02552145680036937,0.02471329543784693,0.16967259531041715,0.001647355485274052,0.004460431358672847,9.469859526895629e-4,0.0014930128298527223,0.005141245426343627,0.0018087646993612506,0.0010984861559431307,0.008926935721272651,0.007905706071288076,0.022836874151492978,0.1672564894778439,0.002199955110650256,0.011127906211301912,0.02051602703315477,0.0019075948330106681,0.002524440928376289,0.001158000236249504,0.01538888519628007,0.002177984024884342,0.001272301548524517,0.002398436938752063,9.08724583471591e-4,0.002522507828454132,0.0016268532853446274,0.0034457324154116256,7.667002936328451e-4,0.002510655361349601,0.0018830053734613795,0.0024581875198015643,0.001086030376369178,0.0020068625050869925,0.0028009670753548,0.0026869559299530534,8.195380830863058e-4,0.0021703451547968747,0.001029741204185256,0.003538571504786682,0.005097251798928003,0.013417057739872852,0.00966063697079343
0.10105508801020338,0.038686502472634846,0.01948024961570676,0.00987855213226671,0.1488170424673513,0.008998498053919246,0.09872838778247536,0.0035850888628225553,0.0034548660391159145,0.0038473003996715017,0.004263240841769921,0.0026682182648348576,0.00626199996138684,0.02748010381159737,0.027881482367937534,0.14874082345801526,0.0014457757985005552,0.0032454266836604764,8.975434043382234e-4,0.0016515066250001344,0.004010907095934457,0.0016449270719130216,0.001530785771123765,0.010001141597793377,0.007797723755397964,0.022372639364981562,0.16798350005473403,0.002265254313922753,0.009640508221893485,0.02187177833476417,0.0022314647529909875,0.002333262547888323,0.0013118017989939706,0.015243396131758374,0.002402223431135814,0.0015459512656515835,0.0025366608072018046,0.001127706760329151,0.002758953560350003,0.0014075998019177354,0.003583000771812823,6.149958347710408e-4,0.002619832121029332,0.0019873427467294287,0.0027094013068488065,8.223059194852059e-4,0.0019695434694096017,0.0029191115436280825,0.002683792803199122,7.89373979088125e-4,0.002162895250002418,0.0012279498575365774,0.003020949766574896,0.003811216942257917,0.016708633890377113,0.00928377030336432
0.1054602822710147,0.034568830466416754,0.019685522418174506,0.009546106100393215,0.15090128275255463,0.009609984206425563,0.09591260817496164,0.003203604917238752,0.0029784121274708127,0.003210904149189075,0.0038537138160879675,0.0021811185483741765,0.005105762459123751,0.023165644901142014,0.02173639140106439,0.17194294428818874,0.0014856730084395887,0.003806605148640959,9.487551441303474e-4,0.001593842219513954,0.00412915221810163,0.0015206240065671524,0.0013432694817634787,0.007739080260776608,0.007002165182411033,0.02388206148792914,0.15994820502286897,0.0022861900953102974,0.01067127413685597,0.021359456170066543,0.002069633509392486,0.002263054777910062,0.0012617667990839996,0.015081111615242098,0.0019712453615216403,0.0012485169764381544,0.002527938748472011,0.0011252150436745771,0.0023704706255222668,0.0016174462960065012,0.0033078017934013975,0.0010237841896111944,0.0023932073822285054,0.0020976694203117857,0.0028007307349040968,0.0012547787335533815,0.0018245304586231522,0.0029460027974110283,0.002419168870833981,7.85672204588256e-4,0.002042597880579914,0.0012405782687874758,0.0031274466445777,0.004641247688999777,0.015517954719250271,0.010260961877877851
0.09771393024231674,0.03461009453174949,0.018639079219095894,0.009553372369344648,0.14916938054200748,0.009772156105940013,0.10535468916306354,0.0034763367090463603,0.0032435132763847575,0.003946566692336591,0.004482887758527657,0.002321826271004863,0.006138131592652747,0.026070095705515533,0.02417548479504032,0.1561390588301733,0.0016357534933319248,0.003326614811026289,9.873712987492416e-4,0.0017511750658102574,0.003450396150183447,0.0014701643817022526,0.0012836481970932036,0.007174718337186819,0.008156420234226193,0.020897371350124462,0.17328152032149444,0.002391897082728004,0.01101994277644616,0.01752776285721091,0.0019895169231446026,0.0021571531299006664,0.0012522182891774088,0.020474963894462038,0.0022354725845025484,0.0014910331186871362,0.0023754389542540223,9.70529958390929e-4,0.0026966105822263968,0.0016729613591671758,0.0033320829747672392,8.393826592418692e-4,0.0023557929068710446,0.002123421243222625,0.002687249262899507,0.0010181435407588353,0.002150576706357158,0.0026231915102278265,0.002360865775965902,0.0010005143670425473,0.0022586880884161798,9.753213034505121e-4,0.003148636775219676,0.003772233554659134,0.01342901271160471,0.009447627663868807
0.09682544158642514,0.035561038334630264,0.018423093896843667,0.010232600576330096,0.16398708598813622,0.00955314420780375,0.09976079285946021,0.003264600199315471,0.003428182048577102,0.004227263332630844,0.00383763931456635,0.0022280454404986602,0.005542434909014748,0.025075901844451444,0.022071625732501005,0.1575777978474779,0.001850081552928069,0.0032511363273998216,9.672580466691888e-4,0.0014696371482900436,0.00410200786070813,0.0015381606085747269,0.0011484437935311825,0.008933754933936984,0.007964893235511828,0.019779755064932857,0.1639441405654407,0.002207575374820488,0.009406706929709532,0.020646963455347486,0.0018889933449309905,0.0024517680995108193,0.0011238123356091003,0.018187594216699916,0.0024349269133942973,0.0015336107549755642,0.002644580000297122,0.0011536791858741012,0.0023284237249155248,0.0015496766557319256,0.0033098734163350433,8.263750372200997e-4,0.002647601093746244,0.0018218668473002006,0.0025022502398076183,0.0011285106935197188,0.0022227423164957625,0.0030729140770088003,0.0024472640204420346,9.431844290475055e-4,0.0022587995996695984,0.001247108565305751,0.0031844862548804794,0.004338899097191479,0.014871362778614127,0.009072493285012279
0.10160056019285883,0.03660077023842191,0.018014656980156304,0.009977682699407695,0.15334976752096588,0.009911982096670947,0.1027440481080013,0.0031934644770120982,0.0034518652003876506,0.003112268076898655,0.00404209627942417,0.002093488419721335,0.005218807245564231,0.025772486180697555,0.027390387198735534,0.15591962667422848,0.0014551767086554966,0.003998337841657273,0.0011062720283998193,0.0015495521632388747,0.0042618389405465334,0.0018176482454888363,0.0014115262845955652,0.00873234298866408,0.007929034254013421,0.022654696632140002,0.15855500278372672,0.002243560509464703,0.009762213023646214,0.022293948895912897,0.0021105734346017605,0.0023459668561923897,0.0014736499353797843,0.017278011348868468,0.0019207654285149707,0.001527253471379722,0.0023020698307857196,9.767342213150702e-4,0.0026833426205084107,0.001591419940588043,0.0031326506801770426,6.46063456581186e-4,0.0021214820994573474,0.0020621568803722854,0.0025335677425423536,0.0011133590136535784,0.0018847765745972462,0.0029311341505399236,0.0024530500064624703,7.666494393382527e-4,0.0023457675367466123,0.0011768057030203877,0.0031426204543271155,0.0036889582701157973,0.016256258382466377,0.009369803632164584
0.10629882471741615,0.035067789459528646,0.019651178789347395,0.009507560732256153,0.15151713135497083,0.009500059477733478,0.08826584762637925,0.0034676984818725652,0.0036063550301462127,0.004061142394221901,0.003730022016894788,0.0022177806628564034,0.005286541615925974,0.026007380264955193,0.027859973322452956,0.1615705858117579,0.001830504744200885,0.0038953877612257527,0.0011169195661617597,0.0015966129652134418,0.004659523862853812,0.0016227322313335905,0.0013381251187278519,0.00820827300266731,0.008422287286940605,0.02219383158190662,0.16256727141192065,0.0020475329514393504,0.010195597468532231,0.024202114000070017,0.0021759662163493626,0.002299144018448033,0.0013119239185188792,0.016773092479046205,0.0024387846366644684,0.0016062909767829902,0.0027835665021717026,0.0010512071998019618,0.002445929938600127,0.001607888750383055,0.0034693131402094572,6.597529906876716e-4,0.0021877845308666153,0.0020509276141228165,0.002546920311569675,9.843555747564e-4,0.0019830273271254162,0.0031493390252873375,0.002406826138378951,7.259605114526199e-4,0.002212242724998116,8.660766134116746e-4,0.0032996042192726237,0.004169576452913368,0.014444639218056804,0.008837273258213919
0.09996893030838386,0.03575902225195663,0.018774868723498477,0.00992567670226238,0.15504454885490898,0.010055541054367956,0.095336225476115255,0.003238879846258322,0.0036966479107948466,0.004523201118232879,0.004548825295674301,0.002210007076259234,0.0043475800834742295,0.02450344705469217,0.03031885815811164,0.15580946034935653,0.0014424444850916693,0.004095766144715692,9.13071129398124e-4,0.0017073934204891597,0.004149482074979202,0.0016074598848978114,0.001005133466301074,0.007826319460723066,0.008336301189699772,0.02233949444104226,0.16343072504330652,0.002101822528862008,0.01004712359180325,0.024262307883560447,0.0020012082308047386,0.002559107412363378,0.0012318761210360857,0.015153701229961646,0.0022016773999321876,0.0015805922497480556,0.0025628440206614824,9.237444255852621e-4,0.0026232625664210597,0.0016305819293991417,0.0036463769547807187,8.92526822163727e-4,0.0026412034402893626,0.0022605719902954614,0.0024775111841087586,0.0010424116335308541,0.0018071069794299678,0.003101777236438675,0.0024483418558413988,8.30360862984638e-4,0.002319043223870655,0.001164955811105804,0.0033546147605885757,0.004250588246166869,0.013949645691081512,0.010017802712192271
0.10156109816293944,0.038350362954710476,0.01890733601704744,0.00915445443803923,0.15779529565333877,0.0098466062077721,0.09527800331889105,0.0033812765537126165,0.0036748336805856965,0.003740997021388186,0.003676014657648852,0.0023707426706461835,0.006016408400371381,0.02289743088028632,0.028046652026107368,0.15996208803536638,0.0017260514403717028,0.003427601829681326,0.001081369626971056,0.0017431596198614991,0.004844851362734035,0.0014749045526538161,0.0014441680380402949,0.007956212928112796,0.008091562077886217,0.022522945428843363,0.1571739168062118,0.002054437499232595,0.011741016485376865,0.02069026458041371,0.0019557963836688364,0.0024005607817416653,0.0012239657955257477,0.01650088699474451,0.0022799868545714977,0.0015577490156854935,0.002558477586737936,0.0010726381826074666,0.003448004264447241,0.001778565242983419,0.003517851436871994,8.134348290958408e-4,0.002601199854560995,0.0018971277909139639,0.0028073964204222285,9.713273960214366e-4,0.0020131866768812357,0.0028226297416078855,0.0022041602090797047,8.199028202355436e-4,0.0023525338705283868,0.0010325732645825245,0.003259740768070709,0.005197035050525135,0.012954596020073046,0.009326609792572995
0.09966703864100536,0.03862209253745542,0.018726825769776526,0.009965332763197015,0.14931156872399193,0.009913299890907619,0.09394246420729659,0.003379030640097409,0.0036911718273062123,0.003479673628753885,0.003777067878260298,0.002433160466412883,0.00563842379453394,0.02468107942853341,0.024673091427875413,0.15836725168974833,0.001718307680331195,0.0035894818100801924,0.0013467977738603188,0.0014768368825099662,0.004309182381538798,0.0015089864510486161,0.0010619695762250079,0.008237289870493464,0.007566111827411415,0.028392637781957854,0.1668153382140289,0.0018018845345533527,0.010360184571975253,0.02137869869117082,0.0020759374946115105,0.0024313863365809213,0.0010537878976590053,0.018543998510905067,0.002384570814363956,0.001479761977941001,0.0023336112453825678,8.303635894362848e-4,0.0025936535469649026,0.0016360071443563562,0.003647384177137911,7.689829283684245e-4,0.0022839877968589125,0.0019181278273092467,0.0027660518602674452,0.0010758580456594457,0.001998740686082249,0.003385524146502258,0.0028507159352479613,7.775250444202087e-4,0.0020772592114703635,0.0010242596602003744,0.003391572947140501,0.004349279034150067,0.013016638031027379,0.00947273274761835
0.09870470595859178,0.03480898632245892,0.017171691862648192,0.009637631315504002,0.15994596671065467,0.008853026009720334,0.09719220964371464,0.0032754160471236407,0.003490616128398577,0.0040773252550044,0.003509541171453666,0.0022505221722662117,0.005515691159743324,0.024122381055936816,0.024675802480745697,0.15961982219048765,0.001561375074302569,0.0037425576809198132,0.00113848812731236,0.0015160173249797722,0.003933977025483128,0.001632106024539618,0.0012811876344456408,0.0074307484123813765,0.008233883908650284,0.022818326440372426,0.17228540983720989,0.0020716453119025073,0.009856414805508747,0.018012524427299573,0.0020275143577997813,0.002119057308084328,0.001448839153209288,0.014559034743268539,0.002253366815686392,0.0014983266926774572,0.002075178806457709,0.0010597631185249382,0.0025251057585312206,0.0016244718839144676,0.0037827671718231983,6.485593488644517e-4,0.002441660094821079,0.0020681575255112085,0.002773760885667094,0.0011192345736319126,0.0023438494129659204,0.00272192090841173,0.002735620814004015,7.448575562670227e-4,0.0021261535195540374,9.716627539300296e-4,0.002937719811897395,0.0042417194606882815,0.014513566141969032,0.010272133862079315
0.09767156810207836,0.03603174900577729,0.018282329932258687,0.009337421720926864,0.1553157938743274,0.00907698724610184,0.09631011296664009,0.0032711715831636305,0.003284195781480226,0.004353386811056647,0.0035451205007242014,0.00222117622773073,0.005628217516939483,0.022852529718928132,0.02888678965019784,0.1630786238259738,0.0014017945180257875,0.003791633064489193,9.706839024225088e-4,0.0016523737820224543,0.004116367763038993,0.0016228744727632264,0.001504543199954333,0.009046918416757014,0.007784035203277071,0.02484462130755925,0.16045663354463482,0.0020252100758142992,0.011604942738039033,0.022367220832877455,0.002084533722479288,0.002190397775610646,0.0012815162805245143,0.013674025457305785,0.0023982639598104315,0.0014661431398544078,0.002500564738660048,8.910456188743255e-4,0.0027432792448705023,0.0016553804135170601,0.003606675015047479,6.514106311309211e-4,0.002760929400680166,0.001870944934876876,0.0030619138922957853,0.001071551943593027,0.0022178266392619407,0.002797878485154243,0.0022164858014849078,9.02716441513551e-4,0.0019321293990770658,0.0010204157902765688,0.00271756768392162,0.0044896974566858835,0.016184622170533604,0.00927505667697862
0.10135947421432696,0.04128424372402452,0.01872210942807,0.008995413278386016,0.1569086811016345,0.010331695936654619,0.09762775359998534,0.0030457304592784993,0.0032915591788340855,0.0036806783334939024,0.0037339297781746085,0.001932505207810777,0.005453254164863864,0.020740463051101724,0.027010959305611603,0.15748560735371836,0.0017673701376369581,0.0034396403356289507,8.853886387195768e-4,0.0016304385762520087,0.0042197854835546705,0.0016562628127103033,0.0010965811024629462,0.009111825818430423,0.007629210758915129,0.024056346333588153,0.15742472969782687,0.002524650308876423,0.009695268094534333,0.023679375396743006,0.0021869297621522127,0.0021574857880046717,0.00104608122849511,0.020561776714696254,0.0020341385039683315,0.0014582886014482181,0.002525879654923083,8.347510692230358e-4,0.002483844748928277,0.0013720483069282299,0.003634021649547374,9.755209076144885e-4,0.0022860993051704234,0.0022109429620397183,0.0027612908995465306,0.0011726390475378108,0.0017900962343727395,0.0026823774432457427,0.0022314152720387063,9.307001153008675e-4,0.0019981310551062483,0.0011208451698631636,0.0027219009491560517,0.00432576170460381,0.013296962699109256,0.008779138595130456
0.10039101589053906,0.03600311536484017,0.01769253143608268,0.009553044645908344,0.14965700022364847,0.00946509868851649,0.10013094081390912,0.0033274269056228233,0.003439110652844243,0.0037758154247965643,0.00421351711522851,0.0022306298610710778,0.004590874384179646,0.0276299555634991,0.02300731547950984,0.1527165166555239,0.0013891289086349608,0.004026548995707735,0.00114935572508583,0.001655900948126938,0.004462499351583991,0.0015284239816788145,0.0011855872263283628,0.006506457454121121,0.008837066238862374,0.026052670741400923,0.17225600002104238,0.0019730472879291457,0.011960386672111889,0.019253811844239535,0.0023739680354364244,0.0025756095428970294,0.0010391250922440704,0.01482151766123017,0.0021810402760305825,0.001686748070120826,0.002356923453272133,0.0010939184496827578,0.0027728587963667638,0.0016082964797978251,0.003655503036399252,7.786421615732624e-4,0.0025143609146895496,0.002184730725454464,0.002442535200353858,9.99025340289812e-4,0.001785686204104143,0.0037241482268184213,0.0029871385685174027,7.342143689086983e-4,0.0019927292301804506,0.0011499635903848434,0.0030585787521722673,0.00429342542350299,0.015436440810902787,0.009692077086095102
0.09360530187773027,0.04078455821883971,0.017166117971568997,0.009300319601918848,0.15528241787242972,0.009232786173103039,0.10015918839254112,0.003086545922914266,0.0036389880920715528,0.0034886955926246503,0.0041409942847737795,0.0020020454354751902,0.0051373406911321,0.02479676393289726,0.028003139102531834,0.15908279228049962,0.0016176666766906747,0.003603012753994074,8.998115445378534e-4,0.0016399751632084718,0.004302302357589732,0.0018646737975096521,0.0011306003425802335,0.007982738644693236,0.00930117564576849,0.020548524203907046,0.16438684608590876,0.0022951133144918333,0.009350235809563224,0.020940597169982287,0.002119393177230232,0.002390270567797432,0.0011168741174398895,0.017045064741420552,0.002389515759124532,0.0017150540226035186,0.002398116574781323,9.133405432478961e-4,0.0026052511703490767,0.0018968865402312284,0.0033175391896323172,6.654651708224758e-4,0.002132141094705361,0.0023325865040968005,0.0026324836405189856,0.0010406995943927618,0.00194512004287864,0.0030455767558524075,0.002625910612969285,6.922369202736885e-4,0.001945238195771262,0.0011188520827755638,0.003383382345978599,0.004457105680961235,0.01613329301710345,0.009171332983564023
0.0991106761861801,0.03727323882584975,0.01719707871293663,0.01021989327321906,0.1424326327255806,0.00990247368617574,0.10199591566549386,0.003175306142958212,0.0037908433155111826,0.0036996454702974742,0.0036068374233147685,0.002203536441146192,0.005658526678690537,0.026295636371876565,0.02606023601123314,0.15938300883993256,0.0014940381535446811,0.0032826398166518832,0.0011788345456159447,0.0016335595717694121,0.003911172185244999,0.0015138661289375178,8.553113323685798e-4,0.009104344458684632,0.008917860943002388,0.022562692770687846,0.16864655747084684,0.002505609968066401,0.010350212754968247,0.021814630847722196,0.0024779756396443066,0.0021168579695106556,0.001019619365462147,0.018962832136645468,0.0020114699902349944,0.0017603884003708904,0.0026356683080402867,7.597101089850945e-4,0.0026745739323949737,0.0016825597433485775,0.003794985612396419,8.947961981953298e-4,0.0023295096275134397,0.002046734648220915,0.0028668608426999603,6.527738254414587e-4,0.002007283743411806,0.0027524777951541887,0.0026201487491564596,6.950488598072128e-4,0.002033833462802301,9.454930116116829e-4,0.0026259557850058526,0.004093179019147608,0.013998429071462773,0.009764017434827372
0.0978633478989897,0.03657262448659608,0.017929571701808433,0.009886969695124646,0.154388575237971,0.010393404929736099,0.09517863299302376,0.0031405447444069782,0.00333585876341466,0.003698061915922991,0.003452292266306868,0.0024450243993866237,0.005452059502150252,0.02348355092720448,0.025497422633482817,0.15773453847076188,0.0016337304536147169,0.0038576997034630803,9.29128778556834e-4,0.001792517313631613,0.0053669678718479994,0.0015645014115647892,0.0010512447168616568,0.00798872679956118,0.008215537232435243,0.02065214699491276,0.1705937229452815,0.0021307989347625154,0.011292926435736282,0.0226717118130268,0.0021377011351711448,0.0023108075384037233,0.0017746356120927505,0.016554779364826848,0.0022920712253242342,0.0016490101040602285,0.002623558826021928,7.611880534924208e-4,0.002697597500841782,0.0017813758214172803,0.0034203174101030114,7.933832525726655e-4,0.002714229800131832,0.0021559236880267386,0.0025826924952548447,8.216987686519105e-4,0.002069368540666076,0.003052195514129368,0.002714908948484519,6.718876820971275e-4,0.0019724523507573437,0.0011145763075139366,0.003131425250278976,0.0035978829897414214,0.014353784045584487,0.010056705802809264
0.10284767225145378,0.039979873279168195,0.01815401680243051,0.00981162422238364,0.14802814441973922,0.009466401321573946,0.09397129004272167,0.0031277797930381146,0.003372224948174799,0.003553108218114801,0.0038157811587829983,0.0022272210385897184,0.006382965506999618,0.02594432989215052,0.024641692646262404,0.14849380821626523,0.001391711046624232,0.003651588126232008,9.316203137817605e-4,0.0017061024448458753,0.004635668287266679,0.0016619512139661062,0.0015851931135214185,0.0082286643007454,0.007823445662089637,0.026235261648448624,0.17316483031630608,0.002065003267904542,0.010319478697856469,0.024156651592136816,0.0019678971934934085,0.002063180798697365,0.0013090897177295841,0.016703790722220196,0.002215725715369296,0.001581096832299518,0.002423319933777973,0.001223663438159945,0.002993197743506609,0.0015386664990971817,0.0038651135256777573,7.173134851042126e-4,0.0024668852001345043,0.001995195891989621,0.003057507031626699,8.041943114427935e-4,0.0017971008108847674,0.0023327678612993243,0.002581034279467886,6.510124437918245e-4,0.002104085035692182,9.253126621416501e-4,0.003261824111959049,0.004406011124903241,0.014368773866798258,0.009271135973160274
0.1042160235291657,0.033857826072032124,0.018053898716024922,0.009135885467825003,0.16141374096170522,0.010026736096478228,0.09899934686208894,0.0031664931544072294,0.00313458732293967,0.0035269693594681345,0.003408759168833508,0.002090490848195865,0.005606168606026029,0.02333500400901868,0.025287568325737787,0.1535634253707696,0.0015239154210617964,0.003766504722489016,8.332049403145924e-4,0.0015902339987128654,0.004653165986093909,0.0015996856592302635,0.0013257405579281082,0.008338494712387302,0.008140693574262682,0.024462385772479688,0.1641610157383783,0.0022542332014788263,0.012544070338085488,0.02079338234401148,0.00214878140459702,0.0021668711827642698,0.0012514762505748164,0.01340630787888185,0.002366319296383243,0.0015513796860280864,0.0025456668195935708,0.0011031505518360614,0.0027198372447423155,0.001606697835528242,0.00347713536495615,8.510220234829236e-4,0.0022540715386326123,0.0020799235099757084,0.002651751318314446,0.0012655666144285713,0.0021608598055660364,0.0030792524917326414,0.0024726435477120823,6.932295920794187e-4,0.002019626172756995,8.741874530322997e-4,0.003131062953730125,0.004119194038756937,0.013960220299377074,0.009234114286905576
0.10396112180878454,0.03593095874080659,0.01770682791409353,0.010345356964588976,0.16646431778473708,0.010244634125168007,0.09059681853894395,0.0033692488311486317,0.0034304588299257197,0.0036910876170319264,0.003626514861898453,0.0017193579273384549,0.005785513986132563,0.02451002722514029,0.02661374900310365,0.1586641755792493,0.0017539461727321963,0.003470448601257235,7.624418288440754e-4,0.00144046023351821,0.0048794868796321325,0.001669208453679286,0.0011338087331461157,0.007534640370919867,0.007108259919214488,0.021874312683043455,0.1551544016443051,0.0020853939414667514,0.01098781795526906,0.021940055732346392,0.0018738923191473113,0.002208475257863336,0.0011710974852308293,0.017702449564670566,0.002341408981184722,0.0014709447891613347,0.0026011385052399287,8.682569040474731e-4,0.0030077252489845397,0.0016452031590560852,0.0038685092477794563,6.696451376094882e-4,0.002399688718763604,0.0020843785385691606,0.0024027580899874047,0.001073494724141689,0.0021698827722996233,0.00279445189349914,0.002355903189649188,8.300675333937458e-4,0.0020673951636728948,9.624367406983983e-4,0.003112576154858352,0.004983830052239009,0.014865104298221672,0.01001443264256503
0.09798847275963743,0.03892422193442348,0.017341193736390658,0.009908939150608483,0.15301685525116213,0.009714319359204703,0.09134872979698484,0.0031753299638435733,0.003495608081349506,0.004366440849982642,0.0029032752336745314,0.0021700670240912523,0.004959419323305728,0.024918222979541316,0.02821426564548651,0.16761518894106547,0.001581732408090543,0.004452657345144652,7.914013136697147e-4,0.001666092804032859,0.004583375870295147,0.0015566704717855898,0.0011423269781477706,0.007697616833056617,0.00819904878292091,0.02399193787401522,0.15778795139172613,0.0019958894308562533,0.010196029893733567,0.023095105400598667,0.0021755362363027105,0.002200862522275773,0.0014539183429507262,0.0192209352626347,0.002120756876706391,0.0016411514340075224,0.0023025114885981573,0.00114891097959574,0.003004622247265607,0.0016282909747523493,0.0032702594168441375,7.926216034627714e-4,0.0022747833603109927,0.0020899978914243928,0.0025442558279309435,0.0010982933714034167,0.0019965749046907473,0.002797785964767026,0.002404954638081135,7.678951560333706e-4,0.0021003757665221078,0.0011216474050870322,0.003073232639871951,0.0038506732855059667,0.014520071013079025,0.009600694561069316
0.1008065562207975,0.03465574940584283,0.019008982453506316,0.010100280167255594,0.15013312748019628,0.010094756424176805,0.0950884600606247,0.003349066539289669,0.003349314950476937,0.0038719853893509353,0.004343575011853572,0.0023442925804409336,0.00520554968312581,0.02719561363470486,0.02417514072303115,0.15020997351856372,0.0015851379651612941,0.004208855992703052,0.0010099902308300934,0.0016670954607247016,0.004492164996755322,0.0018002425381722007,0.0016690882910153752,0.007902548104632754,0.00892625175945787,0.021308264100481936,0.17606909194313505,0.002016288064574013,0.012027972678479095,0.021040748874006556,0.002072087977339093,0.0023194907106683952,0.0012833502474719517,0.017258991529844312,0.0021320432217166174,0.001551263174375033,0.0024353926792583945,9.323886447971147e-4,0.002644014396226264,0.0015045933708062926,0.003596615710047864,8.316007528021566e-4,0.002570480948239058,0.002009212218907638,0.0025810904291792727,8.136958851068109e-4,0.0022144361475712306,0.002909705178941904,0.0026531440783855846,7.167956711831683e-4,0.002037566652653903,0.0012098849773850536,0.0031358095796603365,0.0036853508655013264,0.016041874616700914,0.009202955091863354
0.09867851723846512,0.037626051782248274,0.019308398460769805,0.010070405736926321,0.16792958252271398,0.010516278707470633,0.091228890456584,0.0034593148596037088,0.003554573587647722,0.004167956717970867,0.0036072115911248226,0.0020482701813761325,0.005176064533560288,0.02302268723425818,0.0283984416833014,0.14042760513401698,0.001612683257925144,0.003651020762212012,9.676983361876614e-4,0.0016512281943836075,0.0041135975097763055,0.0015464172750255295,0.0015600654691322528,0.01096943380644039,0.009891235674890102,0.020119426399450815,0.16728494666977367,0.0020527742921856566,0.009792022871225383,0.025151148500111877,0.0021210017698525883,0.0021445598663582368,0.001132753641950705,0.01697964760535567,0.002652089671313678,0.0014945871620189416,0.002369474788257883,0.0012349786520898082,0.0023376871567176885,0.0016164455225159992,0.0031988821048458804,8.935288240071734e-4,0.0023887230284192454,0.002030129929558551,0.003312855166255515,0.00105900095252166,0.0021967545850942703,0.0032204602583472373,0.002686280452792725,7.693660601447573e-4,0.002020923309682981,0.0010300221755263747,0.0031715324254157524,0.0040709487793161485,0.014711746270837833,0.009571670394044166
0.10907663265717638,0.034805745451966005,0.018138304158301425,0.009749119334229008,0.14142464860794138,0.00973844120799662,0.09644907741195052,0.0032237060656099196,0.003657766277538892,0.003766376897403206,0.0039940816311372215,0.0021438120625116037,0.005145260454843824,0.023086890423630563,0.024395791764433787,0.1448990597447661,0.0015249068383668437,0.003950332483838194,0.001020253264577989,0.0016927636050869431,0.00433148791092816,0.0016254460801694843,0.0013920784760310125,0.008068768515475496,0.008144031545244748,0.024578617470523433,0.18394063452841425,0.002349491238099579,0.012691790571420747,0.02213656011853242,0.0020232658196416664,0.0021038256563924713,0.0013763066676579937,0.01673457243907047,0.0025011597785153726,0.0015162503302173136,0.0022814735953949885,9.863650694248171e-4,0.0028324372775385093,0.0016537217606823092,0.003633168116625163,6.646136348166193e-4,0.002493169843659364,0.0019044503498224091,0.00241373863701118,0.001339647381550664,0.00213730100053801,0.0033487182339695144,0.0026117398589060353,7.982615880109374e-4,0.0019408867645895583,0.0010664053848067241,0.0032742962338202825,0.004396470973926392,0.013096268451271733,0.009729608353993778
0.10385330065452839,0.0366155629048718,0.018290130746058383,0.009629518388505199,0.15748554048452054,0.010396086185126984,0.10573623930163827,0.003360734449274141,0.003278619507873295,0.0039447804726797315,0.0038567258058209465,0.002114800931808297,0.004709692476024721,0.025847603251551686,0.019832497216197842,0.1693763489399165,0.0018881803591728086,0.003780408681379077,0.0010200609659900195,0.001463792035402503,0.00455629123471827,0.0017555084927446333,0.0010951109555485659,0.007830903695405298,0.007422073657056508,0.022025296423421836,0.14767608242688574,0.0021500360011224235,0.010566555869194335,0.020802335556367447,0.002144490093762614,0.0023123699254907564,9.84110227589727e-4,0.017625020346386133,0.0023652378402789606,0.0013604849452332197,0.002425787530825904,8.602549243408631e-4,0.0026181706170593393,0.0015811958053059125,0.003712546574312317,8.501826599759352e-4,0.0024954677369051145,0.0020021660098917815,0.0023711782222141115,9.563128087149299e-4,0.001975030373003579,0.0029149191666701683,0.0031405730843128933,7.295787748577802e-4,0.0022011638792675584,8.430835920547559e-4,0.0032223735659720246,0.003759245275777436,0.01334069893192771,0.0088475390170623
0.10532694405544143,0.03674640520210665,0.018268891242575497,0.00952102319238652,0.15296127371603085,0.009601621396131417,0.0978443841916168,0.003142894976923484,0.0033212164478997955,0.003377110478430255,0.003562420693256564,0.002351562874491937,0.005311092963944115,0.0244306097238128,0.028226943224471984,0.16690853215993653,0.0017776911396909377,0.003970224487613658,8.435951944139838e-4,0.0017196833255554308,0.004684139468287728,0.001610416486491906,0.0012914178654273318,0.007982546261660934,0.008364813767591107,0.01929188473882003,0.1556606383372226,0.002519033308162988,0.011665209782380271,0.019296298147346572,0.0023374223765262997,0.0022088471824011392,0.0015144819545469623,0.016357108354888426,0.0022383201467932805,0.0017336460848492612,0.0026606161245910968,0.001349569614974411,0.002943281883210069,0.0015025439433887006,0.003417147267125034,6.387792770111151e-4,0.0022963400711797336,0.0022609700598172464,0.002617264380404213,8.417263814596566e-4,0.002318287685253715,0.0026452293423592007,0.0024594839632802626,7.144884646969518e-4,0.002199603159100029,9.493909032131735e-4,0.0029109949220335924,0.00418231171105603,0.01435372832749865,0.008767897568219536
0.10073602731640884,0.03657449231170249,0.017964380636899643,0.009516963847014545,0.15535172824019414,0.010218648557119278,0.09505521936899944,0.0033453876142617352,0.0033784902803926935,0.0039238078172958045,0.003688437105740508,0.002366689296783362,0.005614938038995456,0.02574632609388389,0.027365750242217515,0.1593666965522023,0.0014949848988718205,0.003916219845436107,0.0010655315195608563,0.0016968252408225506,0.00473061582521438,0.001581483697324328,0.0010333503322732898,0.008143933741306267,0.007593487163916127,0.021122254916823534,0.16426394470123773,0.001954281451297741,0.010096495458573388,0.022164902508793626,0.0023028152466153294,0.0023923275816804764,0.001115050133045945,0.01728889589303669,0.0023716153603459507,0.0015086137624147223,0.0024287753190239013,0.0011349952971576153,0.002605212264330375,0.0018515489223912026,0.0033805692251605204,0.001003676807173247,0.0025048621902143023,0.0022184724154811534,0.0024845886556827007,0.0011500083773164605,0.0024088561053275314,0.0030755549205250285,0.0024672335212797486,8.364404578866076e-4,0.0023363464503964124,0.0011992697010878423,0.002791808690329553,0.0038806058289262667,0.012565233752609307,0.009624328498997801
0.10155044372253239,0.03954072667838623,0.019576820076436886,0.009132757488121944,0.14572629405843063,0.009706947944599819,0.0987727895069627,0.0034435240302207407,0.00335635631887735,0.0036316813764243347,0.0035318516649342174,0.002254382526171314,0.004826241220117593,0.024473713644363487,0.029412901825157888,0.16301728444062782,0.0016440697319523882,0.002960864644911138,0.0010886752843553974,0.0014160219551685193,0.005153245106878055,0.0015235676800347253,0.0014477052418595362,0.010217993879405508,0.007912477786905141,0.02432496747378202,0.15578190120917512,0.0020242152827870713,0.011428021881766488,0.020840303013583084,0.002024857089726298,0.002325145436158854,0.001426535746093159,0.01690984807061551,0.0020978092025715025,0.0015876180282717739,0.0023899410161463486,0.0010533790504834912,0.002712757962446868,0.001619130987761724,0.0031210769249148556,7.350723500455856e-4,0.0025338180601963993,0.001986482336515622,0.0023844139136418923,8.618977268994888e-4,0.0020572492353793073,0.0025741308400631536,0.0025986657544403604,8.398310118396855e-4,0.002203171413820293,9.912469678989284e-4,0.003017322802818529,0.0040099094278168886,0.015739277163705576,0.01048066478479847
0.09810019406417808,0.03602740966708407,0.015402820111499918,0.009587739470342421,0.15821127788118397,0.009750936720505051,0.09410763146307267,0.003156869484926118,0.003144203778111226,0.003905992325024565,0.00323898601303666,0.0021840642093081905,0.004882520948915338,0.025448953333371636,0.02539615420561914,0.17429176199245508,0.001643917418875412,0.0035463389225652616,7.894521145865688e-4,0.0016330117773994614,0.004700331373483613,0.0015652105530579647,9.731712523185994e-4,0.0072467690286876245,0.007902715411272717,0.02100687041140183,0.15808846403103957,0.0023124393995817252,0.011078104823547642,0.021720239385236963,0.00219214041926311,0.0020873333100374994,0.0010619485886668757,0.017337619390100818,0.0024296301602027533,0.0014344026948889571,0.002778758666851863,9.227213046931712e-4,0.0026844102182638978,0.0016004543577062362,0.0034609489371837552,8.220539429610378e-4,0.0023406962860578816,0.0019121950155661887,0.002724459071056243,0.001258741415076476,0.0022312095248559287,0.0026411450091736724,0.0026850056600105222,7.061052481370203e-4,0.0021635447266791143,0.0011598028201399416,0.0033788167829949187,0.003882103158435982,0.0141462596214744,0.008912942097832728
0.10528497668997304,0.03835707331492667,0.019442267598721606,0.009593451523479615,0.15383751729575282,0.01011403802710198,0.09383153225719253,0.0030867116314743696,0.0036748308978244095,0.003642339770184752,0.003444102583769283,0.0022918521437923314,0.004946179366665953,0.023395134554557835,0.0262694572913244,0.14853078222632307,0.0017734583426186788,0.003991993131945784,9.413666481815318e-4,0.0015806041352822138,0.004080684980629679,0.0016286628549033407,0.0013725012755314973,0.007456325230843254,0.007933994556492538,0.024612242985078314,0.1706382980728421,0.0021209773694233335,0.012053017482119618,0.021433248407613275,0.002196492209215696,0.00219522252749411,0.0011303208339969503,0.015965359574874757,0.002203038274649025,0.0015746649670655751,0.0024259500644658693,0.0011915704494891606,0.0025835565542395578,0.0018229557173431326,0.00334195683552386,8.240259230046541e-4,0.002374863586569106,0.0021235478351282833,0.0023820694084868716,8.899660070406424e-4,0.0020734478704172886,0.0030600474469049824,0.002089312413695127,7.371540982678122e-4,0.001983773432505418,0.001037585071193988,0.003424785432635488,0.004892792975280812,0.013883296381769614,0.01023262146217243
0.09781383293672298,0.03765688455828506,0.017132223609972987,0.008986319562021663,0.14589640846430904,0.009179863524347165,0.09775420810015077,0.0030577358447048827,0.0035408964293671135,0.0035503316828096004,0.00417373889636158,0.0025052905734629805,0.005614453237515141,0.021863424303969294,0.025889935092842237,0.1585235414463999,0.0016675444495314465,0.003659201055466632,9.471195604445664e-4,0.0016134047065724144,0.00522482597542538,0.0014517471090607368,0.0011855923663737123,0.010146036513995186,0.008640516635624044,0.024519335143852464,0.16855286941084932,0.0023176658889941296,0.01349945404749834,0.020562513063584587,0.001984389225835677,0.0020859780348331013,0.001228461815589898,0.019271549302634493,0.002321770037031669,0.0015400490667872952,0.0022688110532028327,9.993852178088283e-4,0.002438524853272267,0.001646414240412046,0.003616290491852119,6.599991281661548e-4,0.0026514483803989552,0.0020561642559763804,0.0024564825947114436,9.260701768355939e-4,0.0021868908936951556,0.003430434594143927,0.0025888428163507835,7.894056274950742e-4,0.0021219181022047507,9.118691651573358e-4,0.0031600051744526273,0.004203385058737764,0.015598620069053,0.009729926432845539
0.10493628740274673,0.034934478539101296,0.016886337453732716,0.00997684646286942,0.16178353362401027,0.009641477539383592,0.09582464880579843,0.003241264741491866,0.0037366277892712544,0.0040855341270248785,0.004238273021083644,0.0022536416102962847,0.005579952404576649,0.022690423342711753,0.027170818860286872,0.15665079474048463,0.001568958128201418,0.004445162308196857,0.0010392444138337478,0.0014766553847881286,0.004843800633506781,0.0013841021849514145,0.00104082666413412,0.00816721466803601,0.00800400603738902,0.01891467578745837,0.1582474114880323,0.0021943906875244545,0.010691196580227706,0.02424949786848577,0.0018756964236101125,0.0025035878866892865,0.001119266681189365,0.01608425385981947,0.002366729781007241,0.0016005320751935905,0.002671356637995813,8.072018204167269e-4,0.002767647936835894,0.0016407609737625608,0.0034864317205269254,8.713909030049217e-4,0.0023609381482550353,0.001846490945505094,0.0025503895315025747,0.0012463954942415582,0.001891439220624677,0.002782088566474312,0.0028090874451945054,7.044969518828856e-4,0.002205304828948539,0.001073072061113678,0.0034778623703065445,0.003849317482246832,0.014955123112154523,0.010555053841860956
0.10270931549023615,0.03490955629592675,0.017641769983994283,0.010073282388843524,0.15606236911186352,0.009840817005412257,0.09879604419004806,0.0032946400246840683,0.0034151237498043535,0.0031878712410025396,0.003566169561178094,0.002305766215623442,0.004732815211637961,0.023133670152769507,0.023247837677359325,0.1840717108680587,0.0017409651468348094,0.0032162881658047435,0.0011910804709849344,0.0018505632999708762,0.003701329854109535,0.0015750456489165583,0.001239508035359903,0.007118662693270998,0.008769189701221319,0.022861333263646515,0.14912544364950064,0.002148435653333861,0.011760943667081962,0.017241210470544267,0.00230758816065235,0.002415688499882545,0.0010450712702882738,0.014087791889214316,0.0017981764780444413,0.0014695796957164358,0.0025256006762162803,8.786567148490533e-4,0.002598650876328978,0.0014902005641075427,0.0033134293573555736,8.265997191372201e-4,0.0022224679381130912,0.0022940014917630573,0.002848712100156559,0.0012208860017195512,0.0023373185786083753,0.0029597307645142863,0.002643088586248056,8.05448706989042e-4,0.00205258771490926,0.0011153407194996162,0.0030382172123692604,0.004475417326189091,0.013252426608423686,0.009448563459680598
0.09830917888854508,0.03475432224050368,0.0174349762214561,0.009728827748602687,0.15397299935518757,0.009745073951325622,0.09566961662549907,0.003066326984158128,0.0035216416732323156,0.0033425864338453974,0.0030877922796724317,0.002500382145258933,0.005396329582445921,0.025145007718416934,0.02631807701464393,0.16198863797610796,0.0015834885347532986,0.004004194554725333,9.778467356434464e-4,0.0017931043991330276,0.004035126939705428,0.0016701011548616506,0.0014527446955363758,0.00868541259429739,0.0072150430794377645,0.028160067604370648,0.16333101297911135,0.002131278149274617,0.012152123347363514,0.020072946354028984,0.0023832293136423653,0.002343834916241615,0.0011866020911250929,0.017215775529319112,0.0020667531727955463,0.0016399892734593202,0.0025357496614701013,0.001080509585399533,0.002226152529166842,0.0016805747367311618,0.003100523744605171,7.357439492288409e-4,0.0023417854291586243,0.0018396531995518571,0.002841184713697459,0.0010340153182513434,0.0018388110972773718,0.002507667631081834,0.002277299573470087,9.563475755640086e-4,0.002016256028858163,0.0012778741980036226,0.0032347577525306463,0.004551790073042027,0.01334666042536872,0.01049419051981501
0.10315982462163496,0.03812925343439424,0.02096600510501901,0.009408137827215281,0.15257454990411465,0.00992635106797792,0.0904798957497895,0.0030057792477448286,0.0034479556698642348,0.0032190716029236923,0.00411422637333952,0.0025779134033863315,0.0058168829721480355,0.023491576208655683,0.02628890676262856,0.15495386658727492,0.0016390477994703777,0.0038474242443681437,9.500711001522664e-4,0.001687229508634114,0.004177516206866578,0.0018315445819071432,0.001118483320229033,0.006962610451621208,0.007859667934565865,0.017376962304668314,0.17692779535573339,0.002061297470694352,0.010350651497946072,0.019831058194332955,0.0026448046781969436,0.0025857700318342304,0.0011525295044614076,0.018688967181417798,0.0023021738169820443,0.00146186848265219,0.002494518657405161,8.556984838350431e-4,0.002710740777459125,0.0016209649080062422,0.003091021314188065,9.319475473140337e-4,0.002303491127342094,0.002083542604736612,0.002306507390470839,0.0014173037938039707,0.0021501300385097662,0.002754632194583805,0.0026349611792614086,8.269236853995237e-4,0.002060787642901878,0.001160317866322899,0.003377172466782122,0.0050001283705943395,0.01374089057804638,0.009460649168190892
0.1001096472507973,0.03628701300128054,0.0186748926291433,0.009771683780853331,0.1486136893399196,0.009189706166504679,0.09765543870861876,0.0032148835374128638,0.003278567098833464,0.0036540699759195416,0.00361942106187182,0.002182629680160419,0.005695263111323518,0.02412685191066523,0.030606936338740363,0.15839638708942833,0.0014272664445339278,0.003930657678536644,9.511580675286188e-4,0.0016177438280847887,0.003935582444511446,0.001811263557910705,0.0013115825069302967,0.008844530118501745,0.007960849195348072,0.02215280138100931,0.16822003325377702,0.0023577564232255006,0.008990414662314724,0.021361792990993285,0.0022361812642255558,0.0021334019846213966,0.0011995061946008926,0.015378853475901875,0.0021762376672035525,0.0015533307913837631,0.002274326752188944,8.774848101022648e-4,0.0033010126677425152,0.001658419498346446,0.0034550447170573844,6.879560601480877e-4,0.002632062113661891,0.0020563366060496174,0.0024960187039133595,0.0012186078552481386,0.0019447437472655622,0.0032031919869740023,0.002616926496244601,8.39813926737903e-4,0.0020894721546484757,9.178376623284059e-4,0.003803880774473348,0.003830014821947543,0.015511155783018699,0.009957668249286579
0.10320814583885077,0.037559024848201096,0.017331997648424132,0.009725618098795002,0.14159766917705596,0.009588815940639468,0.09673419627557522,0.0033497715698242703,0.0036969107626109404,0.004270947104049713,0.004312324253427201,0.0021928250803045536,0.005678878236189144,0.028184079522430742,0.022111848391377732,0.16040983062005038,0.001872640567085267,0.0035961977192813773,0.0010380487969510542,0.001578929053829013,0.00467705846714227,0.001576165831513417,0.001324840374175939,0.00943253046217582,0.007842962190957472,0.02060527133954348,0.17423332881969444,0.0019642773963996487,0.01075821213485336,0.021085692573580134,0.00231497782968339,0.0022409267617952483,0.0013522054886515008,0.01684315693968943,0.0026080547594700145,0.0015349841138516224,0.002429021448285475,0.0010409448934433916,0.0025650252442750363,0.00179307592650706,0.0036588084267378837,6.366677689407149e-4,0.0021955169294387263,0.0019782457959629093,0.0026621010421279223,7.914450732388324e-4,0.001959477945959082,0.0025337937218239807,0.002879350995331021,6.003992949049551e-4,0.0020020033792135994,0.001017587874552128,0.003042384013596858,0.005024873887522729,0.014035141753474402,0.00872078959653311
0.09984929478728724,0.0351093059713401,0.018418018901505035,0.009470402231563571,0.15334913602047792,0.010347365344640208,0.08931398944220298,0.0030867343171672263,0.003579874072800472,0.0037241665319158856,0.0037347817388943202,0.0025785882823866207,0.005671922800163214,0.02494352651006047,0.025875298650538375,0.15778622730066827,0.001729353780616813,0.004281740069774148,9.741714746792802e-4,0.0017422694662456407,0.004298043678062479,0.0016946461301500014,0.0011071384803620489,0.006744353633380815,0.007769952410442153,0.019050276510243512,0.18114016329753493,0.002352616364600039,0.010622478004555085,0.02234941082382167,0.0021787657888990577,0.002544846565778624,0.0013328221524171273,0.015194726899788345,0.002391858455723577,0.0013791781432206222,0.0024728940191855496,9.660436459311754e-4,0.00272139869375352,0.001618681257015495,0.003419526956625575,6.920298799936157e-4,0.0023432030901092884,0.0020284637361794363,0.002538469485402411,0.0011585018778333693,0.002041084784620189,0.0031830050544013255,0.0027000189808055568,6.469103273355467e-4,0.0022395291993250297,0.0011237839644728412,0.003372382229478179,0.004056151446713077,0.014535266752515562,0.008425209584395485
0.09783725443291216,0.03728340871331188,0.01816283077858865,0.009116748164601889,0.1518487720974658,0.009566431105960824,0.10229479729718881,0.003128881332931273,0.0034152512022876526,0.004089932337333771,0.003355714032588943,0.002021052133609843,0.0053903786250099695,0.02499490480954396,0.02644747184432283,0.16338668883828336,0.0015060190805240054,0.0035413378963880904,0.0010598587562368085,0.00166420618923392,0.00436410256487353,0.0016323899054230839,0.0015140054034743881,0.008508343106084216,0.008557166022295103,0.025964387394872813,0.15520034735805988,0.0022046861392387277,0.00995433073754032,0.021215805349205055,0.002009158165275788,0.0022569969683626945,0.00142550158753848,0.019007914740480143,0.0022291004965242756,0.0016655230343383212,0.0023279148895961766,0.0011288821680944248,0.002682450611495946,0.0014349103667699518,0.0038783995803850914,8.23153692786626e-4,0.0024061062394177416,0.001943356579426374,0.0026498817557623344,0.001269408159831885,0.0021330997084423615,0.0023925253992311698,0.0025001051386896213,0.0012945197734151928,0.0019475312201739075,0.001112710762145848,0.0028279665158730525,0.0045088421163567765,0.013559040266931834,0.009357496413262334
0.09281173664885556,0.03639997980310221,0.018357413123165855,0.009264960231596113,0.1617854899473217,0.010399947610651564,0.09731426796506752,0.00331802561877696,0.0032886686398627832,0.0035958425924634625,0.004452613594139432,0.002072759138935435,0.005571438503747081,0.025507006383624617,0.021525517852537656,0.15256789473885585,0.0018503808302416246,0.0037110265775248744,0.001003219052619004,0.0018288544034146532,0.004262605252639786,0.0016190467266371095,9.395071518896188e-4,0.00702960460781001,0.008383812256663813,0.02383056848440899,0.164619815669419,0.0023001850900885553,0.011788402288333543,0.02749099369154134,0.002285296399394928,0.0022163615140622923,0.0010701302320288047,0.019050199690275382,0.0024117510793624205,0.001677190696479146,0.002513264548157751,0.0012048481359367433,0.0029705034411631618,0.0014490540455229781,0.003396788103348575,6.901693938700124e-4,0.0026211114070999316,0.0020661857731531365,0.002596116097647891,7.472348854138384e-4,0.0020540608619759168,0.003177196811287646,0.002476372659395104,8.064733547637476e-4,0.0022133071082464538,0.0010322845670331703,0.0033845640518984444,0.004419813613977303,0.013722488902692969,0.008855648149876492
0.10385063527907977,0.03855292916230041,0.016315204007995326,0.009956417359683214,0.15209283870376214,0.009579560110965389,0.091678721023601,0.0035608017652372067,0.003443331863405213,0.003633361703310947,0.004132117362582555,0.0017921365471728053,0.0051638542957822,0.0254423538151347,0.024628289022433143,0.15719394357012798,0.0017881898980075062,0.0036324401203173293,0.001080994284831386,0.0017459736487144299,0.003621710050893874,0.0015417618763714721,0.0012956662661732534,0.008010014188432205,0.008292933652220131,0.02080635450695867,0.16792619308302625,0.0021524503107538395,0.01033119237070781,0.02393148372279912,0.0019656870839079134,0.002557845936987388,0.001203956590151462,0.017182085992751492,0.0022530862978204507,0.0016133252221478347,0.002389274836177858,0.0012635905544934164,0.0027848853067240814,0.0017586041451260945,0.003118327794193067,6.845580107834691e-4,0.0022565644561289475,0.0019423449157627826,0.00270838965043045,9.831560386210209e-4,0.00220043966764372,0.0032407319598002607,0.00255547726259854,7.017724967469541e-4,0.002136199578426305,9.805351281820989e-4,0.0032425910886132846,0.004643772275690203,0.015543836314521399,0.01091510782278815
0.10407987564848194,0.03763241232657333,0.01884308851548257,0.010146563889561413,0.1475584793939666,0.009787041952328381,0.09791664992047353,0.0033700949707059467,0.0035637110914546236,0.004054039980224837,0.004182299718582781,0.0021196436317765426,0.006584635058021473,0.02474947356879982,0.0249012420536352,0.16361171876350955,0.0013599497020601145,0.004005768115501412,0.001071324167391357,0.0016828219277940043,0.00449223477146399,0.001710238242934495,0.001546839249335802,0.00917610117777961,0.008344838375564856,0.019458362261948838,0.15948052926069048,0.002101876031519919,0.0099951798386488,0.02295348132113228,0.0021975708486425003,0.002271829237956611,0.0012452891958683958,0.016650772046354803,0.002343064624746571,0.001430798503854674,0.002481183781234604,0.0010009222701918591,0.0027636786484524813,0.0017534707479970808,0.0036143179772912272,8.778755743681899e-4,0.002536473303432783,0.002174745885707974,0.002525442552457271,9.806177849769689e-4,0.001947042699969804,0.003163390329142048,0.0029112323133119785,7.247331529059886e-4,0.0022257234315484404,0.00113430147284133,0.0033945986429773957,0.004644126652713088,0.012862356333740076,0.009663927059971454
0.09447215583255249,0.03584190310228928,0.020357527161400865,0.009499695787735938,0.16926778797610165,0.009922164660117987,0.09503925480181999,0.0029029238581085234,0.0034138766214650337,0.0037513931386260416,0.0036886744401362337,0.0025560765716883403,0.005707041483912831,0.02441771280745013,0.0272580423990594,0.15327570684886857,0.0019510350546627065,0.00408324249946903,0.0010693893625653627,0.0016386302585392714,0.004232277147544006,0.001651058403274946,0.0010455118012729842,0.009362375653182415,0.007794931598908531,0.026912059059067003,0.1613327268985793,0.0022344317325226244,0.01114132520066977,0.018431321093961783,0.00213509587257288,0.0021457227815598447,0.0010709001675330307,0.017369957578401797,0.001972070101038841,0.0014344547124529449,0.0025746446005897425,0.001042430536277419,0.0028791344376753636,0.0014570454162682943,0.003423254726934684,8.944763521098925e-4,0.00246088586751596,0.002237979120928085,0.0027992860198246348,9.278701432743555e-4,0.0016552869976498722,0.0029641250896162465,0.002822719669569198,8.107191348921475e-4,0.0019154087107795083,0.0010172037138262244,0.0033202723421681493,0.004202038901836336,0.012634168791164906,0.007580594957986613
0.0896914572540739,0.03693613636913166,0.01804110335816478,0.009392609072396765,0.15087728871732553,0.009702211514865436,0.10514583744928219,0.0030584789993877357,0.0035718840127753368,0.0042560516617992684,0.0037155396610369772,0.0025354228450355193,0.0052246983375669005,0.025770411525779295,0.025678916991085918,0.16369609611495192,0.0015707494609954475,0.004266937294181089,0.0011148557291646767,0.00169198080757372,0.004433234092598751,0.0017112192196404854,0.0011705254100419207,0.00821470911221156,0.008636835186052086,0.01697844380429886,0.16014134682547976,0.002261402792689648,0.01147329313116056,0.023447052593396873,0.0022451638112718367,0.0022854007927184798,0.0011652154284982653,0.019588373577732993,0.002327242435669452,0.001549779316635429,0.0025040652501853835,0.001143310071663516,0.0027156603648942606,0.0015981810417479768,0.0032866861920405003,9.795354411527867e-4,0.0024982630977808833,0.002073489856922545,0.0025723833486669652,0.0014717625867961374,0.0019289159061367778,0.0029819700287506508,0.0024727305490470156,0.0010054198255846443,0.002182100000074127,9.671335443182926e-4,0.0030896748955917494,0.00438764204347646,0.01655446061140771,0.010018710637090637
0.10355622478009954,0.0340882315450092,0.018821810014937476,0.009447119101138747,0.15488431389310486,0.008912957006419408,0.09299251552363659,0.0033007292069660243,0.0034218149688462715,0.00382373565676565,0.004051245542342789,0.002043844416654075,0.0055970767944840405,0.02385208845540832,0.022716721310945705,0.16052388735346515,0.0018578692172237321,0.003309053042088879,8.604753590820427e-4,0.0018502133843486,0.004174581500558666,0.0014658548753691276,0.0016468841764623705,0.009018719870716656,0.007591671422994046,0.027460866609649727,0.16567061236620448,0.002205322120189586,0.01090210348045995,0.017298927683305234,0.0022005279452750786,0.002280142666569743,0.0012895938649374727,0.01669155248639299,0.0021753481001811304,0.0013445664481457854,0.0026004509530122405,0.0010603130753531326,0.0027099979644669998,0.001748988467885211,0.003590085088177304,8.642409281541484e-4,0.0025375685877970402,0.0020211570601629367,0.003253704850514268,8.536181164953963e-4,0.0021828229092356426,0.0025779530345453605,0.0027366878414999607,6.965271246823587e-4,0.002320163572247819,9.820957752933758e-4,0.0034393071402349534,0.004202095601910539,0.0163081720973571,0.009984847620595141
0.0998747299836823,0.03737737539860661,0.01710047724994266,0.009448537458156662,0.15411685443520345,0.010095972922119863,0.09227703401233725,0.0033626920289537006,0.0034938384770705263,0.0034651304856094163,0.003689674989441964,0.0021686956960543778,0.0049945809898103155,0.025391247500800705,0.03154678242620175,0.14977872258365235,0.001445949250191968,0.00436496071590809,9.748286939916226e-4,0.0014753913909456898,0.004837799569315789,0.0016839297959402293,0.0012482068372353997,0.008193977977994513,0.00862803824838867,0.020153375238035585,0.17129404810657978,0.0024521703605646502,0.013524964921200647,0.020812901516318167,0.0021479398941693464,0.002183262491407862,0.0010016660018717092,0.018703683669980944,0.002146507553629169,0.001346972741291974,0.0024626936435734425,0.0010763790353345906,0.002491191131260618,0.0016113761406685973,0.0038364121522341545,8.884773845163666e-4,0.002554161274264564,0.002018064235183616,0.003053730016376975,9.61765256846514e-4,0.0018963475155471228,0.002615131402418246,0.0026520850630171134,6.55573678998061e-4,0.0019243617497088964,0.001090544091905153,0.003832941394388506,0.0042421927070525264,0.01392932450086764,0.009404326013231592
0.10471181367071783,0.03769590409225612,0.017975369012954056,0.009346145596486744,0.14796356105600844,0.010260801918679585,0.09771984843297414,0.0029508338948371488,0.0033066218836089456,0.004136426280041878,0.003992136324832208,0.0021379163980668647,0.005572863720984236,0.0235146039885942,0.02795957645322009,0.15819122723115567,0.0016443698093465025,0.004109211294813393,9.66739191246347e-4,0.0017791813278860023,0.0038817089909326257,0.0018824816630244063,0.001165639096104208,0.007123466829467693,0.008701816812685212,0.023357733617520943,0.16343350257404696,0.0023161977903297876,0.011856515623459678,0.020516758608847222,0.002364204781015389,0.0021496511457835335,0.0011166530795555449,0.019297086628916514,0.0021964659078492583,0.0015126665603353768,0.002395147065181728,8.718332684807314e-4,0.0027507316454361505,0.0016763793043742886,0.0027739941588050777,7.757395164700676e-4,0.002272947245759799,0.0022134330212607396,0.002599166343883866,9.991434475172783e-4,0.0019750712962340266,0.0026519021253925217,0.0023360016092740152,6.437118073439674e-4,0.002395936429882345,9.294132700759914e-4,0.003120317603816243,0.004316472168111139,0.013013127470608449,0.010481829913506881
0.10096193139719555,0.039184056884491905,0.01783293414826046,0.009312070435238703,0.15250147056135957,0.009482830829204736,0.09852583743671019,0.0031053110844180445,0.0035203004322596847,0.0034787145332070384,0.003511839949276512,0.002170778580515999,0.0050638753224009425,0.021700172969646055,0.023781031896434733,0.16030023394145884,0.0015246813700364795,0.0037602641033365205,0.0011408340273541763,0.0017055861579575854,0.004647361208970981,0.0016361555333569062,0.0013555215332810234,0.008757578124972505,0.00827851387120307,0.02159526643665318,0.16976695255045937,0.0021265902576270363,0.010844935527005104,0.020122285474301588,0.0023310865630400608,0.002313095997726455,0.001224219747550918,0.017831604031889645,0.002327571184183834,0.0014948212969783433,0.0022407428970466635,9.121609635300917e-4,0.0028452573462679235,0.0014256433359744914,0.0032539886830043867,7.257350972490182e-4,0.002327371720199716,0.002005026994155005,0.0027774636002019844,0.0010599489209780217,0.0021036771718966267,0.0026017481642095553,0.00272527018432549,9.759598260904659e-4,0.0019713751173958288,9.785204042495374e-4,0.003294029900709223,0.0038814881847622474,0.013866127580620505,0.008810148507169486
0.10015082087858228,0.03975219844662904,0.018657079049034738,0.009245835362505055,0.16239238268953488,0.010108269328631502,0.10283356159183361,0.003376732718158115,0.003435822819096753,0.004025663480100825,0.004426057070829731,0.002338045887736761,0.005613004324809285,0.023572488848854323,0.02945192134548449,0.15732066134058093,0.0016662383944285836,0.0035390372356538112,8.614389816640041e-4,0.0015688419628089151,0.004534288741880819,0.0015794517402071917,0.001271883590640711,0.007417802756856492,0.008517025373452745,0.020114394747710807,0.1509605704542365,0.0023635340787185634,0.012878275795109978,0.020923395476277952,0.0025000380142571176,0.0021299524904645427,0.0011291991666368567,0.016574555495894337,0.002226284184523713,0.0014649557814225321,0.002571177186471046,9.614881240500865e-4,0.0026186680022106685,0.0015569892612629626,0.0030505189536085067,7.617881145817973e-4,0.0020924404144521927,0.0020504329329002944,0.0026119808327900837,9.003209967545484e-4,0.0021121540272566594,0.0026868999484653514,0.0026762718902447824,7.198955030766355e-4,0.0021411939455080915,9.585676875008141e-4,0.00325490682241328,0.004458865836255591,0.012356661949810895,0.008537067925137325
0.10289129937810501,0.03723730000654052,0.017992357878490125,0.009590902986029236,0.15111064885741268,0.009737006343435002,0.09764194260978529,0.0032901314162243098,0.003468891870344841,0.003749968209759125,0.0038578675100200705,0.0021898496662596345,0.0062722138026748845,0.027151455652575505,0.02671682738794907,0.1579072635043283,0.0016167934768946545,0.003612876539812859,9.821735490189913e-4,0.0016363623210859486,0.004455040916863279,0.001529677966070493,0.001459123544047333,0.007740573405143789,0.007718208504208925,0.02222559210554167,0.16216730597881224,0.002101559526361595,0.01008803312991138,0.0209148682585489,0.0020858894839744465,0.0024176147364498588,0.0012255297891265373,0.020045117966590267,0.002170751825124876,0.0013101245940896715,0.0022302375223692385,9.542923272296258e-4,0.002767994909642314,0.001356818446097267,0.00323593412832406,6.366319288749251e-4,0.0025436831290507516,0.0023161639393480178,0.002666087128322528,0.0010021852064192407,0.0019418268113724358,0.0027777668793183595,0.002604335067087664,6.877739831990427e-4,0.0022328697355853823,0.001073374643626365,0.003077197618413696,0.004032550707017446,0.013480986822922017,0.010072144368168362
0.09847636903375066,0.036144130318633255,0.018332003013675255,0.009357776025955349,0.15150766521230252,0.008918481782051641,0.10088893541021755,0.0031644476123661325,0.003312500185987129,0.0035335993031768713,0.004195859841369727,0.002195752686946566,0.005536231518998555,0.027696282800127463,0.03068578609780896,0.1490642015733142,0.0018230031175271884,0.0036373252554215293,7.723934268965501e-4,0.0016556764923645636,0.004758691480464535,0.0015074494374392672,0.0010252058164735092,0.00863812114929763,0.009668845991595456,0.02288583902327838,0.1702922469803051,0.0022104118285525805,0.010277761609632235,0.01969858002227599,0.0024228268281846765,0.002354349246594266,0.0013192839199942894,0.01645802531438016,0.00198028749094151,0.0015913653391380288,0.002622097393198724,8.693348574129357e-4,0.002634822522107808,0.001604019916257515,0.003183127463264949,7.167184050526434e-4,0.002332988122883309,0.0020241459237642988,0.0026536277398685765,0.0011635881140044226,0.0019814745194367176,0.002808741910630938,0.0031126802723616008,8.837887643872747e-4,0.0020972353334541604,9.642810683380309e-4,0.0033946813457622614,0.0034924267843077965,0.012554927406908174,0.010917579949158535
0.10327326792454813,0.03539754783127642,0.020842989639977164,0.008970223290224852,0.15164116545292822,0.009728898429533887,0.1002045962980012,0.0032699388617673745,0.003526354091320105,0.0034580380925220647,0.0037918110977115567,0.0023411118585506376,0.005782618495932455,0.022131987242941853,0.025162116205111645,0.1718718539628164,0.001732443727286692,0.003690972049089969,0.0011187313346388461,0.0016352665797086956,0.004061642753114359,0.0014503216921041018,0.0013840412974980409,0.008400465503404259,0.007957436128360612,0.027582853334845222,0.15046460221523517,0.0020663900477548114,0.008062732558247803,0.0207025824914484,0.0021612538019045707,0.0021491562570798584,0.001321182839008615,0.01666491858119986,0.0020440537082104453,0.0015117614623948589,0.0019754418193894457,9.911912040394062e-4,0.0023991569251742423,0.001495677168287653,0.003067711972177624,0.001038979914761636,0.0022620761719932096,0.0021343360238343283,0.002259666396034865,7.555351056982268e-4,0.0018807748442776526,0.0028348866204759224,0.0024605871344735636,7.79134792727061e-4,0.0021320281629562347,0.0010735919497869605,0.003601618390832328,0.004209898310331093,0.015459364908517053,0.009631015046532328
0.09829558051250063,0.03864573400776798,0.016218544095941288,0.00893783267316609,0.1420032052269985,0.01027571972469244,0.10017233659365134,0.003395584092533444,0.0033455016276664217,0.0036920069827943236,0.0038914492872550326,0.002229546563444399,0.005645933749110322,0.026542080144902162,0.02374380484667931,0.1681157551435705,0.002088727572317879,0.003711526625563101,0.0010111783243089358,0.001694776528962336,0.0038913750945212384,0.0014504414899392715,0.0014455818912999013,0.007959434030097768,0.008221813301568908,0.02031219089031588,0.1724692687786869,0.001909373306489683,0.009937392502059989,0.019750038277140586,0.0022787845688850843,0.002064392851221236,0.001268937371882822,0.016527549076993952,0.00208687117559903,0.0015646030377590458,0.002614989039579385,0.0011154703915053602,0.0029229454419613574,0.0018376667058758365,0.0033220178422841934,6.88019899116507e-4,0.0021981039983513984,0.002107317948202994,0.002466197993252351,0.0012071551497602965,0.0019553163731287604,0.0023820189910098728,0.0027423653388545153,9.438567085546941e-4,0.002029312578369333,0.0011028277317601438,0.003236856810184657,0.004372501514968138,0.01402288098915893,0.009937306585833526
0.10770530955024728,0.0360292478273351,0.017618008160737966,0.00950219748545577,0.14581166784005348,0.00909411885158566,0.09084889455710783,0.002915185821610892,0.0037049752220562754,0.0038086732276072614,0.003941222486754289,0.002085263747666938,0.005197145327155032,0.022692527369481443,0.023733856762390117,0.15751549892248448,0.0016216345883322228,0.004320065442617387,9.21521847947506e-4,0.0016442615167226626,0.004783405977504312,0.0015673033434554719,0.0010366350534218788,0.00863408993522909,0.008483090797458999,0.024897328163320586,0.1800718746285443,0.0019378755132490476,0.010652645978163186,0.017938846854348385,0.0021406375321305236,0.002077845827120749,0.00107693614306697,0.01603880887421096,0.0023275255185678453,0.0016519454287906865,0.0026186514186051025,9.055527020756008e-4,0.002315151718097147,0.0014980738831927552,0.0033712411767486444,8.153670642689779e-4,0.0025355357537997928,0.002038404103465734,0.002828780303894493,0.0011082969300734492,0.0021492072948958055,0.0028236705281722845,0.0022615850936853824,8.201283563014976e-4,0.0022128200510038907,0.0010824202934415993,0.0036930076393532564,0.00429441690848753,0.014952623233074468,0.009646993423430004
0.10198028709805518,0.0324070203419108,0.019802115149386006,0.009063040918695956,0.15922158601818828,0.009526374080864024,0.09645404162285329,0.0031444862940905208,0.003198237583695689,0.003929691436633781,0.00420677688656994,0.002357168120262752,0.006506587574420807,0.024154180350434217,0.027047963793530215,0.15716087601518727,0.0015172951253936931,0.0038668802965759314,9.9274178457963e-4,0.0015856214837021933,0.0038883312688461065,0.0014064484893783525,0.0014124383706519068,0.009664891938029732,0.00782551720818724,0.023346408543310104,0.162015000395773,0.0019737051887261845,0.010980818388181102,0.021591666960446655,0.0022805466779759714,0.0026483759808309027,0.0013101324670651675,0.016275030840968808,0.002578788775965938,0.0016126849342862595,0.0026215450009708817,0.0011583383714058558,0.0030330583180768265,0.0015836260252311786,0.002875957483090743,9.167261416341121e-4,0.0024834922582413098,0.0022187404404417606,0.002426878728676219,0.0013013803079844227,0.0018895032828237126,0.002735887580120482,0.002468283923988178,7.506767575051083e-4,0.0021653125310513205,9.999799824643605e-4,0.0036609073831515623,0.0038984926087720917,0.012996935268299044,0.008880519202417326
0.10439354732635478,0.03480086772355615,0.01663454735865583,0.009399091566538408,0.15314673269352203,0.009948931398431057,0.09897016356209928,0.0031051968968211618,0.003665397418466624,0.004199816751781554,0.004264948436088871,0.002489514784437263,0.005698683533034773,0.02491777766694287,0.028094809024098288,0.15139097028073645,0.001908086421884593,0.0037221162045416685,0.0010755763910758381,0.001577381531710397,0.004261513502715015,0.0015912146232942564,0.0010242193068365605,0.011937817330897679,0.00853214853463208,0.023278524297624552,0.16004038325502454,0.0019889901302612666,0.00967607801267157,0.02440744896457454,0.0021261525837486294,0.002236222969983274,0.0012338804701184443,0.016649336478620585,0.0023368703019361454,0.0015034334813060818,0.002437731514891284,7.573569045944281e-4,0.002984263974230126,0.0016672866756229328,0.003361524113751794,7.810222775402629e-4,0.002277070012301654,0.002046345516636799,0.0024251212088939747,0.0011537630942331295,0.0021198680827172996,0.003052144186914259,0.002372516249092276,7.203675317121346e-4,0.0023020888449178313,0.0010151822433989094,0.0031393644708077755,0.004342180642810068,0.014894057322138245,0.009922353917771643
0.09593973485033142,0.03625942952291482,0.01733349572967567,0.010194086530735415,0.1571013082292399,0.008967924931418717,0.09885358482321674,0.0030248303484239508,0.0033684959282825363,0.004001375334039538,0.003323211022453599,0.002419510129469765,0.00498604150056266,0.020971404788414107,0.02577845199437247,0.15947670497579922,0.001741326468118532,0.004175975302181025,0.0010188181102202462,0.0014992690654775543,0.005000821049684431,0.0015444047106348499,0.0012159821546582,0.010631645103671823,0.008719423101666825,0.029064213764999507,0.16489320639014804,0.001856080279750214,0.009961353358649448,0.019227083033723304,0.0022115128612300748,0.0021444126133125224,0.0012532131749133295,0.016115668038820242,0.0020252194614794007,0.0015618416343875924,0.0023380966997542875,8.467595921219309e-4,0.0029449882376107427,0.0017939959356329236,0.0032177973248683663,6.170401774024484e-4,0.0023750783760914346,0.002217229536925066,0.0025249266729672677,7.74517760780444e-4,0.002222806840222321,0.0028528373647136976,0.003139276180841227,5.367504880087686e-4,0.0019871711023486927,8.853120296111563e-4,0.0031774379505211665,0.0037065471394774063,0.014969364453466095,0.009011005819556862
0.10618879932271445,0.036648075035131886,0.018338059797398065,0.00911624439698276,0.14673966914524442,0.010398445613165603,0.09347666084096896,0.003400405015974253,0.003532780206725561,0.0034637899166874955,0.0035264793807506284,0.0021584512112592788,0.004469088156167269,0.022797778032252164,0.029454501771239115,0.14477460694225341,0.001599733080730891,0.0042884525080873,9.438914672620238e-4,0.001783426421107859,0.004654589779056809,0.001559242618487934,0.001295020171110867,0.008067144901608144,0.008563894881102038,0.021324016411484868,0.181414744913218,0.002336601128149637,0.009557790810087525,0.021140865795587792,0.0020819249510628697,0.002231429218112356,0.0011456873960426738,0.018405450065125516,0.0021684341670771775,0.0014500533597612156,0.0024709684673976857,8.675065644487703e-4,0.0029523612668894274,0.0015504455948337492,0.003198350010872972,5.801322926471669e-4,0.0025834139898106017,0.0021963723852337163,0.0025778978838927468,0.0014759763462691635,0.0019160951366774864,0.0027681663954429083,0.002137922246877569,8.380964018638221e-4,0.0021384403008750247,0.001198023986773231,0.003122002495082904,0.004099471477832225,0.017372341625145952,0.009459786301954003
0.0988796129065375,0.03686071461216343,0.019636467707178286,0.009426356983275087,0.16246116377556288,0.009707827973173115,0.09300790727508154,0.0030390760101480932,0.0036968373960915317,0.004012902885202019,0.0037988438803361,0.0022677530153747787,0.004969342090032951,0.028610471714311497,0.028078907417373043,0.1429017573007378,0.001634508207525388,0.003936470119372424,0.0010969005587289017,0.001986502792791687,0.0040150942642356415,0.001396655246596731,0.0011957118898505987,0.007957524881162657,0.008989440866907198,0.02108435472855608,0.16737060871941428,0.002089008324791631,0.011737669705518605,0.021390523516115322,0.002155556749906331,0.0021482904826579507,0.0015177908639655649,0.016993897224209322,0.002282643750045007,0.001362614717914253,0.0024969926809144966,0.0014214853810084712,0.0032536546979018187,0.0015622407566127435,0.0037832821022569622,7.41474595535638e-4,0.0027581027514533593,0.0018348191229391653,0.002983864227605049,0.0011199621705580863,0.002331268282679834,0.0028075040934189607,0.002407748501793568,7.274774486612486e-4,0.0019630662766221547,0.0010784242766658833,0.003148924726783342,0.005235448839092811,0.01438539043360732,0.01026115808104386
0.09826683258327383,0.038254226717785444,0.018099875096237512,0.010248544692752213,0.1603446710629006,0.009751400263150524,0.09595136646210876,0.0032909553809379096,0.00337635487374329,0.003729226716913548,0.0034377116135949144,0.0018006908383473015,0.005081271374194772,0.027993240086868904,0.02796120193434212,0.1555649523655512,0.0017719813897473403,0.0036270992530048757,0.001118829189283661,0.0016287885432383826,0.0047161240058684285,0.0015323082255216654,0.001218981836679549,0.008211037745031319,0.007890037748818347,0.02123633551401686,0.1616569827758931,0.0024086882234084198,0.010110885278320195,0.018813283335379828,0.0023005522210083,0.002434579658572104,0.0011526590151923594,0.01912347887460247,0.0022808807003677923,0.0015515446153398023,0.0025266956926561636,0.0012534692187895736,0.0027344290976198866,0.0015077178930713512,0.0031468794013520484,7.275182137279198e-4,0.0022336977557675807,0.0018035988972311427,0.0024926314751092635,9.202709694004557e-4,0.001964586747018796,0.0030343355098778326,0.0024967191673806073,7.892970535088088e-4,0.001983536785307876,0.001068664586867307,0.003394122954283225,0.005070823623522848,0.01264855959500046,0.010264865150509206
0.10067953334222547,0.0367982495609053,0.01802327963283441,0.009391174242028283,0.15371255919405832,0.009559357953402197,0.08765138158748405,0.003276470663963016,0.003566920409446329,0.0036824947149476676,0.003248000759615051,0.002300374759137106,0.005321707255225397,0.025235672158161998,0.026075156814644375,0.16787781031756754,0.0014378789186948442,0.003666610173494436,8.519587110871583e-4,0.0015891383154106743,0.00462046722313548,0.0017964814133144935,0.0010912584608519427,0.007261062056339601,0.007290070403904871,0.020704167231388185,0.16389668939361868,0.0021010974678761646,0.009887868733507199,0.025289150488975273,0.0019654704336207725,0.002586584343977041,0.0011776935478789254,0.01799168366787085,0.002212356518801999,0.0016334323445555817,0.0024813083033446686,0.0011564095568069028,0.002719919971388565,0.001618174627560704,0.0032170220933857127,7.76364569682601e-4,0.002234486131156435,0.002173350298225064,0.00249094622249563,0.0011430171881906689,0.0018640495168878108,0.0029713003206347393,0.0022223146955478263,8.165817889046008e-4,0.0020928004887604307,0.0010557890209129286,0.003005868117654832,0.004400136219609863,0.01520797028746933,0.010900927367430032
0.0990604574382868,0.03701625716848542,0.017027903002794505,0.010002163008622425,0.15110267701908323,0.009871683107678315,0.09227133462106143,0.0032758208913185854,0.0033956384722203456,0.0037584233897580747,0.0033788704938135417,0.002238798265675797,0.005912200219545789,0.02676592112829374,0.028601996137900328,0.14626424339774322,0.001959766434549038,0.004628297690920368,0.001036475934125713,0.0015747258079191959,0.004299962794344083,0.0018719855688163491,0.0013786311622599602,0.007735258281773592,0.009200270816710711,0.020343100246652614,0.1791910597901599,0.0020278831923846424,0.010540476926489276,0.022225618529941295,0.0020406282925626838,0.0021212940155120067,0.0016751257264497163,0.018065841096066595,0.002304578572608519,0.0014411174627354895,0.002573204679260322,8.254888043095524e-4,0.0028700500130509204,0.0016775525614898723,0.003491318841331113,7.107569945545267e-4,0.0026344962425561545,0.002191955891738343,0.0028522136473388355,0.001098785226938811,0.002045069225656511,0.0028103783932364266,0.0025658037864126166,6.44211814849789e-4,0.0023281710340606033,0.0012031236483066856,0.0036084941726538563,0.0045003842212129296,0.014154320692739008,0.009607734003039863
0.10052023113337698,0.038594255602351815,0.01953108851430294,0.009554119480959982,0.15680896508731065,0.01044861855068044,0.10006754724720676,0.0033308560865302097,0.003799376986410433,0.003409574875497953,0.0039014531738163286,0.002449118317331401,0.005502716216155688,0.02497834484928531,0.026633241679561336,0.15328856883296174,0.001800559638686812,0.003600841549590768,9.585250693829265e-4,0.001706804467669133,0.004204886362415069,0.001537804427542039,0.001417899950149113,0.009130538963972713,0.008475640273252014,0.022768354891793855,0.1623176617356705,0.0022177502939204423,0.011324548086172542,0.021161565171095416,0.0020908055126557666,0.002225520175270851,9.33607642778559e-4,0.016764555976500672,0.0020112612422907928,0.0013887336306857795,0.002556837963119411,0.001322926966024624,0.0028829351813076435,0.0015495420005103575,0.0032767002642491677,6.978855660475296e-4,0.0025423168626433775,0.0019404825562411613,0.0020838871003195955,9.806022221955598e-4,0.0018771170434796404,0.002551353185694398,0.002362414149290132,9.06567351987023e-4,0.002143300147614891,0.001007678872729049,0.003114350223040144,0.0039633433420411665,0.013203832127487956,0.008179985178741321
0.10385519455579119,0.035833707485278275,0.01745071706063163,0.00945415643281228,0.15988383611643386,0.009682469737225011,0.09456001268934251,0.0031123345905205214,0.0031787385177013436,0.003894052516786039,0.0038563591443340943,0.002154665922468087,0.005609795221580964,0.02454311825359551,0.018848711414439688,0.1758782758058927,0.0016555845326638532,0.0038677601070676855,0.0010225319817972333,0.0016283719035784163,0.005072238474734616,0.0017520467637254854,0.001076388081472471,0.007317375355654495,0.008676837796170737,0.021905522827283124,0.15005108791547048,0.0022426661438719707,0.011466880641854967,0.025195264727235215,0.0021509596945243474,0.0024862234012422687,0.0014997582723875066,0.01382819846578733,0.002385385182922863,0.0014793358445647285,0.0022675494993292453,0.0010613061080946605,0.0026949268917187074,0.001551690745956348,0.003219065987950875,7.284797506181796e-4,0.0022530380109201252,0.0019923434784753272,0.002678871241614361,0.0011642690591210155,0.0020058431750005494,0.0028093417591667567,0.00247953572011475,7.759267916795895e-4,0.00219427661610102,0.0010643432501647645,0.0033163656823922984,0.004064814262793049,0.013649571841031117,0.009471876548913722
0.1022675339135668,0.03844399545180722,0.017327615380434168,0.010209511770953337,0.14890022100971662,0.00978046407907766,0.10078240497940749,0.0031816151974815654,0.0035905600656386955,0.0034771176543129233,0.003557167680597125,0.0022901763989787217,0.004924398925096913,0.02546209005800968,0.018803276709499758,0.16597181862144286,0.0015640437488390895,0.004546936840827384,0.0011037921852747902,0.001601125330762868,0.004665912132635943,0.0015451036957506337,0.0015333247543525717,0.007090727024218254,0.008202268095528003,0.02595873717508434,0.1600490597913151,0.002167203922649361,0.008301132400415934,0.019213035248398774,0.0020576341339395843,0.002043022678670012,0.0010958594117504888,0.020285877199768446,0.002283101466103356,0.0014659119379904111,0.0025973944108123315,0.0010086893523882003,0.0027661942432733668,0.0017106635197466319,0.0033160632507145344,7.393432668789894e-4,0.0023215153737893503,0.001964245261653675,0.0028829227855443,0.001050202598788025,0.0022442159097808795,0.0030337958133195534,0.002635205851058147,8.750686821624081e-4,0.002276315915039187,0.0010341228815522422,0.0030749756564100233,0.004693389831525462,0.014433806016280125,0.00959809230898582
0.10994485007313666,0.03858391154078072,0.01859826847282281,0.010066106291824637,0.14314825226879735,0.009799583403015203,0.09788505489634039,0.0031568354623954186,0.0035551642850792818,0.003470598260196246,0.0033749652061089417,0.0023930873080444514,0.005772350483322995,0.022196169546977427,0.0265985444944326,0.15969811646828036,0.0015966092353199657,0.003201918331379367,0.0012710626430165943,0.0017352975024380653,0.004294460266373228,0.0015754772827316183,0.0010988592008147027,0.007134423992606382,0.007545733857673537,0.022989562877593395,0.16747342210653332,0.0020015015003061365,0.010759885167848255,0.018456144893434404,0.0020249057348501825,0.002325947691740811,0.00146620637815446,0.0162126415979841,0.002227936866836396,0.0015356179387048,0.0025735701054707617,0.0011800303111574543,0.002696493470372945,0.0015914342408411798,0.0036367456273719255,6.71585517214148e-4,0.002091795759157974,0.0021080703735771767,0.003065539110030215,0.0011776364040785952,0.0022400743560557455,0.0031107135416531067,0.002949636365313755,0.0010187681986040704,0.0019811745930843386,0.0010736174250996443,0.0029547272427892122,0.004654606920655524,0.012617934569500238,0.011436372340076731
0.09755908997483344,0.03567432326030584,0.01742325793428433,0.010137405523637207,0.16079353977968563,0.009812982465698806,0.0977303661014329,0.00324386356100472,0.0036026662642939453,0.004098599655275519,0.004143428540417637,0.002276015171552019,0.006086899653978903,0.022521565938841553,0.027635716563165387,0.15132192805259817,0.0018491744698842072,0.0034400381794243017,0.001038492547413033,0.0016525891017425522,0.003644141622760846,0.0016712297198381845,0.0011904571829956397,0.007909305998006249,0.007672050865432882,0.01852081668710852,0.16475417577567691,0.0022342582957903113,0.011934868675623031,0.02372182923941932,0.0021345440969326645,0.002374597217723099,0.0013247292421849715,0.02002052239976065,0.0021281264883066427,0.0014114572359219815,0.002284302452805767,8.921440144694104e-4,0.0025822625436104653,0.0016515407868534023,0.0036800004888300187,6.071244371242808e-4,0.002436810191256141,0.001963085000482969,0.0025573496896650247,9.929271311716825e-4,0.0022947262777146837,0.003045590103303017,0.002620565478531105,6.981942171004679e-4,0.0021694277326068773,0.001145605909829673,0.0034294542930655707,0.004161297634201522,0.015578220418477316,0.010520317715948625
0.09978338217794164,0.03735974864367989,0.019210706407050044,0.009420269633302772,0.16372461205358604,0.009462158288545155,0.09461708233676862,0.0032785041945635127,0.003497448089968871,0.004540117465218624,0.0037297729036521957,0.002478508155354976,0.005347124501210462,0.024651663207356445,0.025907316998095162,0.1549578433235623,0.0016159262211144394,0.0034536000223149457,0.001020835877026085,0.0017091851664583371,0.004104856600975223,0.001773025705680998,0.0011357771455479705,0.00896274867285644,0.007768340369332363,0.023899092679662226,0.16334436799586577,0.002087953589634584,0.011517556804559514,0.01736016575535105,0.002183045622527865,0.0018565606358408137,0.00109255968199278,0.017891902294711978,0.0021706537979133966,0.0013043413060935313,0.0023306858234062758,0.0010658491484190366,0.0024697112045877286,0.0013508970523673368,0.003482013591507919,6.348624683550632e-4,0.00222452587938711,0.0023751111270862574,0.0024983926475772317,8.442954703797354e-4,0.0021340044943680358,0.002809217712538316,0.0028695286196485756,6.717273575034941e-4,0.0020224795544206563,9.756654350225872e-4,0.0032360035815314522,0.0045986973179346175,0.014008185454518813,0.009179391734122796
0.1056238502017959,0.034809463886241364,0.019177029050209498,0.010054822323522974,0.16080487072517474,0.00965349278753413,0.09598201954461942,0.003136038571005684,0.003103074166846377,0.003697029853565525,0.0031091303536982685,0.0023564929982944865,0.004571058893994638,0.023016701442621038,0.02203890685255858,0.14232505158737097,0.0018716562091373099,0.003941438404446963,0.0011505809438817217,0.0017151709173785768,0.005177458905200423,0.001729443635541127,0.0013958615539104052,0.007726589361717431,0.008085523909597787,0.018489736443775835,0.18139224389971767,0.0021169687914777404,0.012513211641232822,0.02069018261700491,0.0019279988875517235,0.002224666139410266,0.0010728400347656424,0.018059237853331096,0.0025034419890205763,0.001458693164803336,0.0029564830892354252,9.691762486439147e-4,0.0031831481541393486,0.0016241640442521683,0.00320721004692999,7.112617873139453e-4,0.002127986624912233,0.001740197353766717,0.002609137940748415,0.0012039985397612864,0.002359180706833751,0.002758482607396116,0.002289405456567171,7.389434776017638e-4,0.002162526391819081,0.0010027921749630195,0.003414344828187379,0.0036256893645470684,0.013812236178170794,0.008801656442253456
0.10726189594978836,0.03703376524980667,0.018416463090205497,0.009783483808352283,0.1466661739450739,0.009524786733123224,0.09524261565599931,0.003204826307689168,0.003586255443961168,0.003384410177609831,0.003495167544158358,0.0023500301760100255,0.005197170865872647,0.02271082169638222,0.025275348176144536,0.15674831840610276,0.0017441848741291171,0.004010243514548334,0.0010333805140917988,0.0015469800200172141,0.003951916858535949,0.0016112871184741971,0.0015377819194155036,0.007433699271615427,0.008247119460611723,0.018546913113788775,0.17508003807531977,0.002291362551298113,0.011656031460877613,0.02119434278954929,0.0021260038543085467,0.002312692218675384,0.001186603514631451,0.01596320108683972,0.0024240602018116082,0.0017743606580954128,0.0026343344643183788,9.036308230488544e-4,0.0025738382034776255,0.0016684868472031287,0.0031993388361470317,6.902763513533045e-4,0.0022205848107477695,0.00196904437811727,0.002738218138560859,0.001174460466834405,0.0019387538469331136,0.00287016517121994,0.002875107215704249,0.0010640108273365044,0.0020108593994718127,0.0010723134775477074,0.0032798153236517037,0.004319564646819257,0.015538989630039734,0.009704470838552475
0.10499800256720236,0.03631179451300896,0.020066352569038354,0.01005177831646633,0.1518277631306887,0.009471001676791218,0.08606327212821675,0.003120829957045033,0.0037776672166170942,0.0042155264203479845,0.0036360049530652257,0.0021997008700426405,0.005835295681982647,0.022082696885012798,0.028552664768518993,0.15859556417031423,0.0014939934378459853,0.004558881198501313,9.168156223236923e-4,0.0017464201055909993,0.0045950629198293225,0.0017155741505200115,0.0012434816035630247,0.00842680007882655,0.008115885729609917,0.022227997995726306,0.17232883943025729,0.0021000096598716017,0.010063972390185102,0.024681991899651697,0.0019292672380717148,0.002104924117628115,0.001356159983676833,0.013384705123537637,0.0021839481212438216,0.0015162346702002967,0.002501877219106584,0.0010558389261771614,0.0029713616625368098,0.0015904321482833102,0.002872971106828943,6.565001453226408e-4,0.0022605813560291703,0.002086327214425748,0.0023925422374980526,9.57684948881806e-4,0.0019212817828066333,0.002677245306222779,0.002514604825829625,6.694300001815674e-4,0.0021044545864350693,9.894226227648967e-4,0.003039495965124364,0.004315859570651458,0.014952387957692187,0.009972819116180726
0.0969999174789411,0.03772584455114733,0.019665501032988628,0.00946639193039396,0.15389743126331468,0.009330695791438238,0.0969821164336846,0.0030423879977174552,0.0031466972862241086,0.004130609602000085,0.003451520783487856,0.002268326390335875,0.006355553265662586,0.022945963223679863,0.024794969542617912,0.1555480417097023,0.0017077210939907895,0.00336708738215978,0.001195580582116367,0.0015682780145852867,0.004806422859382083,0.0016144006353635634,0.0013055691864069065,0.009346377217755154,0.007445974465654737,0.02309262219363225,0.1650802518284023,0.002153955180384073,0.01350686195627315,0.02135529529241214,0.0020618394763926556,0.0024173760001036894,0.0012850915819282718,0.019020510222254313,0.0023847163602310362,0.0014646262654210767,0.002337650338834267,8.010553894467024e-4,0.002962721681563273,0.0015222873612477947,0.0031049555150049427,7.58433960429336e-4,0.002369218514105429,0.0018469590108009856,0.0029792555524623043,0.0010985368247685226,0.0019337415377898206,0.0026360481102832706,0.002793241939563749,8.325366285884025e-4,0.0021688995123373086,0.0010277137688628802,0.0035780826716757127,0.0038137665162237323,0.014581961072984602,0.010920408014840866
0.09821667839685097,0.0366124117992092,0.018729207760652497,0.009220252711990297,0.14949124485082382,0.009661690851804714,0.09621644471802458,0.003388860230632022,0.0033952149665896453,0.003751274276535304,0.004301531063251425,0.0022257350655996246,0.0056197100328758695,0.0226083154622189,0.025758151357872988,0.17295967486635483,0.0018906880018265196,0.0036297185147186085,8.848369349665613e-4,0.0016445111691638288,0.004140851291385582,0.0016520049450647722,0.0013383407627593836,0.0075594848699057984,0.007663920375721401,0.025037096907288208,0.15410346245042045,0.0019928797320487718,0.011138408981187177,0.02256884706741784,0.0023254033197370925,0.0020972730769725713,0.001339550073050552,0.020654393203035644,0.0020943688849485048,0.0017402109524769685,0.0023656418334309323,9.520605285543383e-4,0.0026167945784099007,0.0016608032895311054,0.003352823102141757,6.938272554066022e-4,0.002505162081334969,0.002102971620268066,0.0026734323054625965,9.509398085713676e-4,0.002006633810411182,0.0030254477469300683,0.0023391490371179797,8.30955054787935e-4,0.002049300480997045,0.0011738704141236083,0.0031683433251557306,0.0044896426244913365,0.014125402654547111,0.00926414852294342
0.10227869667501756,0.036655062009384884,0.018733109417942578,0.00927156172231891,0.1569911570728772,0.010253230373205469,0.09465123782381112,0.003304107434567853,0.0035033825258913333,0.004289943416239961,0.004094745142263631,0.0021104244444976623,0.00512723079260577,0.024339725381847244,0.02420369948261644,0.16284904564980954,0.0016864739866502454,0.004042090049318702,9.176337506210102e-4,0.0017837899206502386,0.004231238194189353,0.001540807698901638,0.0012550773399090962,0.0076604434422897945,0.0078165152983343,0.022882354971777725,0.15538264229929236,0.0021084787129291758,0.01195304085864647,0.019826092672275673,0.0021271812054241292,0.002037194776257407,0.0011690323302105882,0.020090105718114988,0.0018810865632373599,0.0015548737157554504,0.0025185053549756104,0.001093113567529176,0.0029415145440670567,0.0016789951587026677,0.003936932472319062,7.949562964983949e-4,0.002557616774674705,0.0020058968474091655,0.0029157068243016544,0.0012126652048784713,0.002182480497891002,0.002923820189053084,0.002416579963425456,7.024683023130017e-4,0.0019922517323523402,0.0010549405710800664,0.003348736097902286,0.004635752051347185,0.013618557501730683,0.010865997177866012
0.10942432530632643,0.037386949190122254,0.016845724149535446,0.009415370712324051,0.14616729282350402,0.009526291437811654,0.09645484061797495,0.0033689809603408036,0.003690628694959682,0.0042629205645204095,0.0036901407369083665,0.002295387796842904,0.005317800625348905,0.02515898100739183,0.02666103811117731,0.14445513900885903,0.0014603653505822732,0.0034112934900735426,0.001194570291950848,0.001659517205984893,0.004655807469447019,0.0017556375947629368,0.0012609937381964943,0.008422913949206648,0.009029605885950037,0.02252345476128687,0.1758223313711595,0.002191043293759951,0.011777994909907401,0.02445907225435497,0.002209677209239443,0.002107659429681252,0.0011650262259530779,0.013007413762734312,0.0021101490663074512,0.0014498901701578346,0.0025289781834152976,0.0012361138765979915,0.002838211162021983,0.0016413920319877874,0.0035358244346647017,8.057585665714399e-4,0.0023876072739086396,0.0020643303865620216,0.0027012255855836677,9.896637512852267e-4,0.002226413008022683,0.0027354988793492165,0.0023820976029271927,8.662373764629403e-4,0.002234686004384559,9.207779215461383e-4,0.0034589704445557234,0.0036189186623975995,0.015520744965970472,0.00951032070713986
0.09310103233138982,0.03791213301309484,0.018425083212473405,0.009650771248285606,0.15932986156365828,0.009766754795635116,0.09657174579840484,0.003140502292583171,0.0038935780092410276,0.004007383112786811,0.004111314360137539,0.0020830594946577375,0.005245098707216203,0.022889688687967452,0.02448817088815954,0.16590056455726776,0.0018126953544332573,0.0032390666965239207,9.22329435457539e-4,0.0015751038113746686,0.004175530579528423,0.0016424057873150263,0.0011094252493705622,0.007570558250653855,0.008397545352271793,0.021606681183176362,0.16921641349554623,0.0021092360777268367,0.010495181069259289,0.017158760812978603,0.0021253394473762007,0.002126418263692131,0.0011136449757031515,0.019211884969337942,0.002292227541062766,0.0014736445182315493,0.002523646207128227,0.0012520697982835497,0.0027856194368777497,0.0017034968036312116,0.003546060891311044,8.420070706165343e-4,0.002451365576008115,0.0019957569144561107,0.002661363522068365,0.0010811691094187636,0.001974016687209785,0.002608143583036234,0.002861593887873791,8.306338521942194e-4,0.0021898609521586836,0.0010224773803497783,0.0027544209078885057,0.003526141444862089,0.012859598212256677,0.008639722818391373
0.09757790759812675,0.03762438050183086,0.018084365348913164,0.009542348003177832,0.15230583262640734,0.009429304047389401,0.09664421530760979,0.0033467419991040862,0.0034245520355869704,0.0041521498341732755,0.00323764443079636,0.002578520395477316,0.005301131204743597,0.022611446117421777,0.02311816028699164,0.17025565715533247,0.0014985002917103764,0.003906875206379837,0.0010069547895510983,0.0015865705323092163,0.004141662219888932,0.001780598334535451,0.0014750988639256853,0.006641443525148666,0.008354884211872493,0.024673933381840936,0.1602136837173649,0.00231346594158203,0.012935084294272254,0.02027938461905816,0.0021511445234183996,0.0024132039033086163,0.0013103921822321925,0.015544204362497939,0.00215271637198342,0.0017556020780792605,0.0025687913106196567,9.643819811995069e-4,0.0029661016054031808,0.0016632567907729908,0.003229944109964455,6.231232520516048e-4,0.002333046480488368,0.002378014004356602,0.0027764004634896235,7.341924060068507e-4,0.0020453073590303056,0.0029191702403833964,0.0023333313798456928,7.189004012860161e-4,0.001968660487783253,9.544027412624265e-4,0.0030795676982546547,0.0041907828427011455,0.01698035960476768,0.00920250459629
0.09280097214437255,0.0367838680970628,0.019985468346652848,0.009773626584596944,0.16960062528307396,0.009813749253728991,0.092493330400441,0.0033946432383887798,0.003185257406881155,0.0036808105406116753,0.0038408893494631994,0.0022300659171151584,0.00516662920712755,0.025743303915566913,0.02448209894049789,0.1425094717461916,0.0018134183960101839,0.0036586853504285634,0.0010031470801424391,0.0018032622621233852,0.004162542174207484,0.0016671748481540873,0.001549051709256735,0.009912695329834019,0.008095960834235302,0.024739234444332646,0.1726184525566026,0.002012043858702955,0.011876574269141254,0.02283973412305002,0.002026975596659324,0.002401871820535583,0.0012918349051924062,0.017097744137406088,0.0018623971532358984,0.0016439917956021042,0.002507299807670889,7.349866576387334e-4,0.003221699931563376,0.001634320284411069,0.0035216175787038074,7.221769009472619e-4,0.0026397387509991587,0.0018938790566887314,0.00266317672265013,7.536054153039122e-4,0.00215305500036358,0.0026266197984433455,0.002184798082552719,8.061235036529409e-4,0.002160378073935969,9.501362999737598e-4,0.0028682619979966597,0.003957068077986005,0.013703681120888654,0.008735773921003184
0.10271197665148094,0.03893904739555114,0.01686094837886489,0.009814747746266322,0.14857949222766192,0.01027255398859289,0.090173429167058,0.003408908588686125,0.0035571517909213325,0.0030747994594804637,0.0038645075572820114,0.0020864756340245845,0.005621578105348609,0.028770128861908356,0.021683894023640914,0.1620242935858064,0.0017051499783660373,0.0035411964983788524,9.232988874595236e-4,0.0015833953878609658,0.004698706655813073,0.0014786577020928149,0.0014286611641486761,0.008226119016651046,0.008155917654605657,0.017561892705784208,0.17174156463692464,0.0022197210754082257,0.010196657144323383,0.023995805233892355,0.002454327950654572,0.0021695851731620207,0.0014221344225982928,0.018708504334203253,0.002327466525074813,0.001393865039564498,0.002304042104742052,0.0014726777946994514,0.0024690376606544043,0.0017135646039515662,0.003587102943836722,7.38173623380353e-4,0.0026355078941177113,0.0018557367023019785,0.0026231552061102724,0.0012125720149518632,0.002056651775529159,0.0024985341134853203,0.002977943539883606,9.903018007306498e-4,0.0020957574474990623,0.0011568901774672668,0.003385527244574538,0.0036530182400640915,0.014095399273275177,0.00910184548920302
0.10470945069256848,0.03371157163736172,0.01963458095353466,0.009144925125045812,0.15182800918886644,0.00926295363173931,0.09287553822383743,0.003232329987137616,0.003400147582323325,0.0032023341998155454,0.00297324027777123,0.0024558995413208077,0.0058785681648247275,0.026218116315448257,0.0263441669694588,0.16567093570213912,0.0015953775386302548,0.0035554826702192174,8.559987351184343e-4,0.0017595455823546274,0.004266704438206135,0.0015534846368863852,0.0013138264812315582,0.0098157321174882,0.008887173363273522,0.02070044702999163,0.16306063762512235,0.002491791286873104,0.01217560324684398,0.01705065942243569,0.002045419471744547,0.002003306564067029,0.0012471594825515374,0.018570982588748407,0.0019886308139333265,0.001497056056956017,0.0022382988043096316,0.0015871139244671378,0.0025754651321263024,0.0016772460724872125,0.0034649649595507137,7.68423257615541e-4,0.0024068712393477926,0.0020830402182976725,0.0026953987421271123,9.889792032126226e-4,0.002307120158173575,0.002619438821679411,0.002978195425041471,7.278534410577581e-4,0.0021726461654438165,9.83198235472862e-4,0.003325636235670643,0.0038501744230237094,0.013738447909801901,0.009833700285223826
