i2_health,age,household_size,cantril_ladder,r1_1,r1_2,week_number,hl_covid_num,vl_num,region_Islands,region_North east,region_North west,region_South,gender_Male,i9_health_Not sure,i9_health_Yes,employment_status_Full time student,employment_status_Not working,employment_status_Other,employment_status_Part time employment,employment_status_Retired,employment_status_Unemployed,i11_health_Not sure,i11_health_Somewhat unwilling,i11_health_Somewhat willing,i11_health_Very unwilling,i11_health_Very willing,WCRex1_Somewhat badly,WCRex1_Somewhat well,WCRex1_Very badly,WCRex1_Very well,WCRex2_A lot of confidence,WCRex2_Don't know,WCRex2_No confidence at all,WCRex2_Not very much confidence,PHQ4_1_Nearly every day,PHQ4_1_Not at all,PHQ4_1_Prefer not to say,PHQ4_1_Several days,PHQ4_2_Nearly every day,PHQ4_2_Not at all,PHQ4_2_Prefer not to say,PHQ4_2_Several days,PHQ4_3_Nearly every day,PHQ4_3_Not at all,PHQ4_3_Prefer not to say,PHQ4_3_Several days,PHQ4_4_Nearly every day,PHQ4_4_Not at all,PHQ4_4_Prefer not to say,PHQ4_4_Several days,d1_comorbidities_Prefer_not_to_say,d1_comorbidities_Yes,vaccination_status_1,vaccination_status_2,vaccination_status_3
0.12301073579572971,0.05098222503155742,0.023592495342409175,0.008674998725303758,0.1660045384608867,0.0067473074388233285,0.15462489459432124,0.0011975329284697224,0.002018049191798501,0.0068019900734740185,0.003138629001728721,0.0016370244272743675,0.009608735615534296,0.025911345956017833,0.0010973162353520383,0.1548356838519031,2.3050774812481453e-4,0.002528647426343783,3.9094864787917583e-4,4.275034754829874e-4,0.0016624782695034551,6.18572089713113e-4,0,2.01824652363313e-4,0.0062099142698206,0.0045284801961040745,0.16968470478851613,0.00063498241282687975,0.007718926874561501,0.01195366535468166,0.001514858126416256,0.0017610585050284162,4.885748392839827e-4,0.006931605953828097,0.001098750113638736,0.0011872062276821757,0.0026209876379847904,3.720117076530239e-4,0.0035477946367584103,4.789329469687706e-4,0.003594316619173705,6.764250043907497e-4,0.0022894363567108173,9.753137632419452e-4,0.0016119163261350536,0.0017290667978209155,0.0018754701733866952,0.004622332755911744,6.022351235584622e-4,5.161086177140956e-4,0.0015351183174680174,9.198606114194402e-5,0.0026271974149054108,0.004128810385313999,0.00617075338646049,2.770733249178673e-4
0.1301559421051021,0.04860746067200509,0.023096364713500944,0.010124545047937365,0.17599566540141703,0.0075360878568256255,0.14339344463937623,0.0017506276061807328,7.372545856541915e-4,0.006043079836141247,0.002447518817318836,0.002210477928960383,0.0075041796201249355,0.02733483674175477,0.001488771076114442,0.15940774501837424,5.602158521326384e-4,0.00161968641288399,6.224507501463874e-4,5.914205134962198e-4,1.4689740848322912e-4,6.450395785834064e-4,1.20047074446567e-4,2.2299920476981158e-4,0.005702296791037454,0.00439738026106676,0.16122848217066407,8.83882677571878e-4,0.006401726536182294,0.015036308222935089,0.001170608432190587,8.222624597273598e-4,7.171494262374843e-4,0.00687966670508958,6.1490753571781e-4,8.535730580608338e-4,0.002596484253818843,7.843551347593517e-4,0.003945562450097051,0.0014067973372934432,0.004093489565393411,0.001046141520982239,0.0019179602588273784,0.001148486143117195,0.0017877273420545065,0.0017068701350896629,0.0016666900534347449,0.004421944389282791,7.754585661914451e-4,0,0.0018313654671088947,2.342776589934873e-4,0.002749090118395685,0.005472495089222729,0.005252676571189029,9.112520653652102e-5
0.12057221100607886,0.04943660006524962,0.02364536728408443,0.007213435405003534,0.17356956465605783,0.0063527216116779864,0.15974754817732095,0.0010844560743607917,0.001827643782722658,0.005526170688636177,0.0017716289027145558,0.0019502751796376511,0.009118821428564301,0.02486280633836781,0.0031830782362896877,0.17862850721866852,5.703670930230733e-4,0.0026413107195261843,4.3987946730971437e-4,7.642625527526923e-4,0.001785882298556536,1.4095820034855036e-4,2.3831105262185214e-4,7.193193083449157e-5,0.0041611767234153866,0.005031379386820249,0.14140958650742594,0.0011372651878735383,0.006024167000844981,0.017314413214682467,0.0013551570719719601,0.0017330187456653177,3.720340408418785e-4,0.006400080846538381,0.0011663049237903935,5.698852397148155e-4,0.0017339730550081684,2.2173985163485477e-4,0.003101767839839612,0.0010575874327044118,0.0035670011514968053,0,0.0011563667128094079,3.704966144659345e-4,0.0011403756854565686,0.003363903384527326,0.0019867145664703334,0.005427929213422868,1.8049363780618625e-4,7.589624904057767e-4,0.0013808250228920492,1.1475837184013467e-4,0.002619108742368788,0.0047356162924037685,0.004526919910622898,7.372517638303031e-4
0.12268180759025246,0.04973787519875322,0.025194560819179514,0.008110702047021138,0.1715500203946882,0.006837602464603636,0.14986589901091632,7.974210644168707e-4,0.0012923215543010737,0.006226071451462759,0.0019516611111528395,0.0032190067137912734,0.00815146076335796,0.024328944500480437,0.0030714561162937084,0.15978955549260968,0,0.00234464951505026,1.8641672750954936e-4,4.433857984380603e-4,8.187576303093105e-4,6.173183739024715e-4,0,2.2354461799050117e-4,0.002688639359309868,0.005217701736658555,0.17053490192535875,0,0.007703527906227717,0.010208704741564852,6.560323708915982e-4,8.37392000299498e-4,4.2853493741513926e-5,0.009433363479739798,0.0015448637139242687,0.0011813786245286368,0.002917235977020443,2.7926513881668856e-4,0.00444850257561841,5.496654264183896e-4,0.0036981569076418547,7.087991175183638e-4,0.0017591247559876945,0.0010282496462469025,0.0016194101026359826,0.0017155845773319128,0.0013246119125079681,0.0055465986541047485,9.525095922404002e-4,5.5354269193947304e-5,0.0013981728645618766,3.7283235484202184e-4,0.0026933064714713636,0.005906904178081127,0.0054330882867051795,1.0282888232842732e-4
0.12969550275371644,0.05036336410823834,0.027046706313215107,0.00980529061760824,0.1603169237346818,0.00621660632666292,0.14843300660311803,0.001771836024128323,0.0022359065034365682,0.0067329512452301956,0.0023391069376162963,0.0025914045587770306,0.009226806262130224,0.023232473244306016,0.0010070233264712098,0.16197440550035627,1.9119915021845348e-4,0.004325107899446657,5.996306509200706e-4,4.1150299187649143e-4,8.618676292836471e-4,2.276036380378686e-4,1.84710805150259e-4,1.0672018283093933e-4,0.003897772881127566,0.005620974615335273,0.16488907097274477,6.842845556553763e-4,0.0047590221121033205,0.013095243324773157,3.707907040477289e-4,0.001108193831621682,7.262626901869557e-4,0.009875298725854043,7.454771006434872e-4,8.175281454202031e-4,0.003153347491190885,5.941615384529851e-4,0.0033504226312381182,8.714008272472829e-4,0.005688129744884541,7.138767303184788e-4,0.0021501662555212975,9.205162863333218e-4,0.0013398834511172217,0.002302915515383902,0.0017746647221551005,0.0035174682193790676,0.0012063046471951367,1.0654325370945682e-4,0.001098252306501897,4.8640316729716955e-4,0.0014959834434063951,0.003585359573522062,0.00862364320734379,5.329803208308996e-4
0.12139227061857376,0.048936285895707095,0.02238371768611735,0.009281950842133973,0.16237242082883846,0.007077099494541544,0.15644643881979825,0.002161676511166727,0.0011476441541059714,0.005096547019002613,0.0043990161856665416,0.001733349038446149,0.01051421674337016,0.025132467481399207,0.00541209254036126,0.16024832254792118,7.277420187160489e-4,0.002535080461048112,8.435880871422594e-4,5.959050843027671e-4,7.233365850138222e-4,8.27390860599314e-4,9.161097009959507e-5,1.7244728909704255e-4,0.005477252194177478,0.00509386589633994,0.16400925570968317,3.575682994026143e-4,0.008546596411801232,0.01217350537910908,6.221239886960439e-4,0.0014517846535585573,0,0.009457094791629659,6.542034249752028e-4,0.0010495493555722371,0.0023010394285403577,9.57826971003897e-5,0.003265501012804171,0.0021789549051710365,0.0035210285761419044,5.275631618883177e-4,0.002739499231529593,8.024524167114275e-4,8.003215349139472e-4,0.0029138507564907233,0.0014175455259298041,0.005164625177558848,5.331814022038912e-4,2.337447365148494e-4,9.939057018311331e-4,4.2398168126528434e-4,0.002469772982938275,0.0049422749965584685,0.004101869070113497,0.0014276871356796671
0.12133901036963796,0.05030157156717399,0.02855539491832805,0.009266545792347605,0.16713494971310558,0.006778905527193405,0.15117588764253223,0.0014364557754878294,0.0013533650255044708,0.006205822939507566,0.003910352703214027,0.0022791734249707272,0.00865751111032303,0.023683497537841963,8.797192129639998e-4,0.16853908232901643,4.8631858918073704e-4,0.0019536820404895635,6.843200851541797e-4,8.118350066753455e-4,0.00112449936854404,0.0010860511099327638,1.9031028900865003e-4,2.697519979268831e-4,0.006460405064441355,0.00482878946609989,0.16187235665909322,0,0.007289779691664441,0.010270933353633736,7.881885026052016e-4,8.381721868586677e-4,2.3446554206798541e-4,0.010042279465314701,9.616618530796742e-4,3.803285439476901e-4,0.002891486899139236,7.123097105334985e-4,0.0035444588872209862,0.0013504895311856485,0.004132756220908063,8.496751228451104e-4,0.002245337525717482,0.001194159001364954,0.0011385392672887652,0.002124321547318647,0.0014389087977584763,0.004633577979367442,6.188975827982818e-4,4.82767949163141e-4,0.0010639993686042326,2.0086821542212677e-4,0.003516341380426177,0.0029804846946312876,0.0026335929597884594,1.7565295365040075e-4
0.12940096391623637,0.04905551354817978,0.026750102083580776,0.010564782010280625,0.17342546677225876,0.005671307562622559,0.14931679118182178,0.0014924870938870694,0.0012062232401623125,0.00683467723014498,0.0030603763250140917,0.0010784219198242142,0.008633324544387979,0.02348338110774735,0.0050914303693800214,0.15839729376327308,2.0404361079268533e-4,0.0030492375652841058,3.788537092031043e-4,2.680071344677997e-4,0.0018899483741008365,0.0011097667835454654,1.2397279353870046e-4,2.380789361488884e-4,0.005882647223888883,0.005183568180805594,0.15468134026278824,2.5276751530189364e-4,0.006745342590040564,0.013741456089361455,5.466201218412682e-4,0.001524209299352439,0.0010307230092008604,0.0070859846889581145,0.001659416996019089,2.912621318955353e-4,0.0028768930983978968,4.772881297451297e-4,0.005023625422110379,0.0014180028120479857,0.0041883330805403685,0.0010527863588293467,0.0015989046440069436,8.367544069053629e-4,8.725271970725733e-4,0.001174077301988826,0.0011484600616748911,0.003992682350461358,7.388978645667272e-4,0,0.0013138894893246912,2.0845372546551567e-4,0.0030813934673366962,0.005048444266434203,0.005375806335860852,2.2299030189294793e-4
0.11937225710252779,0.045345460118706285,0.024289434790192244,0.010063920343147162,0.16659018167811665,0.006970042354049966,0.14594153863103862,0.0012929309506348266,0.0011923419054078763,0.005629763728859356,0.002635202625574692,0.001567887219572686,0.009221973545783899,0.024357026290392648,0.0013560051069886642,0.1760646013387555,0.0013222270257692169,0.0018291705589928192,0.001416130059434043,1.7289535240188732e-4,0.001032498287509991,4.104963413561284e-4,0,0,0.005334360174437867,0.006313305262302383,0.1633806322730111,2.6474293304315234e-4,0.007378004603111271,0.013786436977720418,7.46469305796906e-4,7.018274329316546e-4,2.4962391271968903e-4,0.008726404488402006,0.0015766584803163731,4.8688785438799734e-4,0.0026866171410598336,5.156823474771743e-4,0.0033698684765219623,7.554409209399514e-4,0.0045487430539336345,5.871012485016665e-4,0.002696518353498886,0.001953307831818106,0.0036695982296254793,0.001409192186008054,0.0012401235919254979,0.004494892160418455,6.626114591782609e-4,9.765378902587568e-5,0.0010774144028213976,3.9159452074697207e-4,0.0030196149336916473,0.004353820389772045,0.0050628415201062075,3.8802438953510344e-4
0.13008674593321423,0.048631451689395394,0.02608401240433898,0.011014822011987207,0.16711683370141603,0.006510299123580145,0.14949142634198803,0.0022421470761299174,9.872352164454114e-4,0.006421108512456977,0.003986712099936975,0.0016104900173482609,0.01019126487521835,0.024195314400610412,8.502851631215109e-4,0.14755487810397006,6.91601025724033e-4,0.003170764677279962,0.0010932665738983978,2.9986694053964755e-4,9.263003541361644e-4,0.0012377589481566804,2.792566242216265e-4,4.851436372637605e-5,0.005204139982145769,0.005372751458070766,0.17439904069319023,3.791838850618284e-4,0.006589069132031309,0.01109563861645156,5.62098188082479e-4,0.0014590012608075866,4.795819276825142e-4,0.009232122585670108,0.0011831979708282368,1.132507976741442e-4,0.0028724660838089573,4.8192009353867875e-4,0.003392505052469589,7.604443965367238e-4,0.003642630787032034,3.6405311930240875e-4,0.00242200534116807,0.0016821430906011879,0.002103221809646396,0.002487174867261826,0.001182802669406511,0.004143465395842873,5.16937858121047e-4,1.8336322245436558e-4,0.0011125289457953502,2.3797355854598295e-4,0.002065731793741983,0.0051095967352957974,0.0036785948057405215,7.690076971523959e-4
0.11029033834692152,0.047980299079016624,0.025455045944204016,0.00935288297382723,0.16223890883591524,0.006036738155492955,0.15646864661103602,0.0019490138943760557,0.0011647213330291588,0.007063203581868582,0.0028389136237025143,0.001113730446206577,0.010670625875976373,0.025889522339490646,6.859769932293886e-4,0.17463934801643216,8.2579435988951e-4,0.002544718039644948,2.2302053911766787e-4,3.9325922242715034e-4,0.001637137454653222,6.522213858959503e-4,9.728671847531057e-5,9.018516867466376e-4,0.005139904626025227,0.006106362914919657,0.16070095996342365,9.393042699518546e-4,0.007015146134519051,0.014016178074138099,6.498584393995497e-4,0.0011564441104600944,4.1534701217600786e-4,0.009841383024239642,6.794756513806952e-4,5.902337718974965e-4,0.0025752873508529286,8.004732277785224e-4,0.0038224212744279143,9.266615452976461e-4,0.003046018769144732,2.6674870701522374e-4,0.0027147521541490732,0.0014591898554374013,0.0014903855860720523,0.002968778727429027,5.620965594856033e-4,0.0038955484547786422,3.4711706705009175e-4,4.788108469295237e-5,0.0015345689931134479,3.699707954438405e-4,0.002253178206200489,0.004438605081083823,0.00755224734965995,5.642657607801493e-4
0.11967800636393197,0.04934865801129745,0.023000490440761103,0.008615358620053732,0.16745030865572677,0.006512880938130288,0.1563751761830015,0.0015052902003779912,0.0015879840768993532,0.0057654822986119405,0.002444263873336933,0.0023509398626579124,0.008122336676840166,0.024337497268881063,7.749433084218385e-4,0.15807234778731163,6.869566083055498e-4,0.002432712698149439,6.127964041843403e-4,2.8582817856166563e-4,0.0018024916598546865,6.952416896735574e-4,1.292616418474466e-4,2.264526018047939e-4,0.00463787080406267,0.0038439145695822637,0.17625749165063584,2.35170385933152e-4,0.007920212764956604,0.010666021312198168,9.779426487935476e-4,0.0010731114214700588,2.1197016422899267e-4,0.009237050166651332,0.0012416884077156036,8.256688498784313e-4,0.0024306512899786134,1.6577884976842544e-4,0.0046279095823847805,7.2359114390427e-4,0.003434983715271679,4.446912477913119e-4,0.004019412334450621,0.0016424596017481368,0.0018101438471072207,0.0018378404684850822,7.520840820058433e-4,0.0038760823992183228,3.0231601360786333e-4,7.210817037287657e-4,8.700187120647152e-4,5.39770671340918e-4,0.0018002439424066432,0.00556345786602024,0.004226307822023202,2.693555119635268e-4
0.12591761355946074,0.04530955794305633,0.023503248205143018,0.010523033529647535,0.16533286456909477,0.006414842398917185,0.15379657626611262,0.0015792612498310627,0.0015360763002169955,0.0073091338968981736,0.0024451508800290072,0.001412777409808653,0.01019057038501329,0.024698312756253143,6.835053685852353e-4,0.1714729754550476,8.966317478100984e-4,0.0029540651916446334,7.261559899403498e-4,2.490664313455977e-4,0.0011490170053144089,9.415546135795468e-4,0,4.3274808514908526e-4,0.004670197377606539,0.004415485363410971,0.16373291434496726,3.995597426031296e-4,0.006553160662986621,0.010525471361849592,0.0013445309536182673,0.001327145207413182,9.796647535679354e-5,0.0074157093922523265,5.488937774289399e-4,5.591418696003432e-4,0.002178051301724169,0.0012484802137340421,0.0037988506906806965,4.7536130352607303e-4,0.004413234923907406,2.453371709196924e-4,0.003077966523671807,0.0013705193847924904,0.0014786522041450086,0.0019550526951759174,0.0015025077480326366,0.004947312318441103,9.091490619329567e-4,0,9.406302796641101e-4,9.32138022535156e-4,0.0022048473781576816,0.004206808913104707,0.0027600476863011507,2.9013641256013767e-4
0.12692607244728638,0.04849247867225345,0.024762725509078803,0.0089180519979355,0.18017715359113104,0.007145753282583232,0.15197461740193605,0.0012107558996911176,8.725127798243003e-4,0.005125548134577195,0.003265609343171275,0.0016733914647241628,0.0107358999281492,0.021451747891563833,0.004393472614980208,0.1517680447821762,7.526739332300531e-4,0.002026678252353452,0.0011736801634150609,0.0010015279564961723,0.0012104604844236557,7.248381656040448e-4,2.2174701864665657e-4,2.977125505802071e-4,0.004235190629624148,0.005752209586224837,0.16214907341292642,1.7273127525329333e-4,0.0065502345105651685,0.013642188714869741,3.976858673188632e-4,0.0010021584744559775,5.244135226988296e-4,0.006017380902194909,0.0015629554439145904,0.0010006655018113897,0.003136055932471109,8.911421850874578e-4,0.004165507619716447,6.861721584804659e-4,0.003311241773601006,1.33712975554753e-4,0.0021566763329108883,8.418717407102891e-4,0.0013979903949310989,7.610895876641228e-4,9.085314650097057e-4,0.004779894561666711,0.0013676171392484093,0,0.0017690108469114432,2.524418944993254e-4,0.0026136576134512574,0.004277609658878019,0.006890628432812641,3.4910557872544745e-4
0.1263973600127686,0.05260664071292753,0.024089824046140778,0.009156514593490829,0.18011663372787942,0.006670202457752988,0.14305685481002003,0.0015352642471138907,9.856819568460822e-4,0.006231040905699774,0.003448972803501229,0.0012925061280875895,0.01015025560510438,0.027140700939659167,0.0064927293334687535,0.13518779062819955,2.7596273336870933e-4,0.0018439382492005047,3.414625443992813e-4,7.46554566728036e-4,0.0023396416869548987,5.523373952666045e-4,1.963366527127758e-4,0.0014466448868446103,0.004115462078514518,0.00658236024599037,0.17564658141897396,4.788619914083107e-4,0.007012744464764349,0.011984922744907582,7.241261749065532e-4,0.0012110288712941617,7.498217438213755e-4,0.009847946665610348,0.0017809883591737206,4.3669684186927805e-4,0.001987232336959902,1.7615271980547632e-4,0.0029294641478838437,6.553154916858816e-4,0.0045103921388266795,6.79476512479634e-4,0.0021897145543592436,9.349041647219449e-4,0.0018018012162723798,0.0024258919335173297,0.0012810435912020354,0.0045754483262394055,6.946902088480113e-4,0,0.0012936473665261228,4.7528701141661165e-4,0.0027670768095677412,0.005081304093716896,0.002486935705665496,1.8082844493483172e-4
0.12174672310944853,0.0494036993910202,0.022580927546677423,0.007915691955425876,0.1732230342938569,0.00756200812966839,0.14141268971649948,0.0021465834955802674,0.0014603970813138964,0.007349534120938163,0.002577908505629083,0.0012011142870118473,0.00878322049999334,0.02410529467049519,0.0013755988667476654,0.16271234380925798,2.592508141473425e-4,0.0019463171354707717,1.4456107519577132e-4,4.0198527702846424e-4,0.0013843701996144992,5.275470920528671e-4,1.744081589313436e-4,5.973595558634149e-4,0.004500818520909445,0.00386312311252669,0.17198318145074842,5.869430098203344e-4,0.007299051254114407,0.01172806352504646,6.166323051838967e-4,9.107471032060477e-4,0.0010666391269118756,0.0069748952720698806,0.0011961413194764429,6.713445207283481e-4,0.003621795945086477,4.6526178335120954e-4,0.004861647504710489,0.0013736445477282675,0.0028095695376129113,5.556601615304362e-4,0.002108849907823512,0.0011236557853433913,0.0017410621920981556,0.001774929068975463,0.0012037551632655664,0.0037995863529884264,3.674608015351861e-4,2.5513032095324494e-4,9.820806030703857e-4,1.1404275582173658e-4,0.0029976218316793263,0.006219689587395319,0.009801855382506785,0.0014325514579127286
0.12202404062091352,0.04543354074209519,0.020536392783982595,0.009671391739254936,0.1696800415172885,0.007374311394616824,0.1566197171269446,0.001601965095161692,0.0014739328880466742,0.007099111625764185,0.0038463642266781378,0.001980708415575846,0.008342955142713425,0.02605632685579484,0.007968028636330669,0.1557613789380378,6.491358709282876e-4,0.0036127042285323623,0.0012941259961581012,5.873325412254853e-4,0.0019997315046245572,4.5773675048175826e-4,1.5380834786508352e-4,4.2428570359980244e-4,0.0032451749676124767,0.010892311100073411,0.15977819204225557,4.802876397404013e-4,0.007306448686786861,0.014463574248173081,7.741248406151214e-4,0.00112769745440521,7.526109534185852e-4,0.005823592409463316,4.799465333997644e-4,2.657782953645351e-4,0.0027638984858018396,7.753698356622566e-4,0.0029677150190965773,5.249915865574973e-4,0.003593413943108168,6.550689233497008e-4,0.002092669083926976,9.141254521530146e-4,0.0014150549815637532,0.0029088490718062686,8.270074745529027e-4,0.004179717993768992,5.154706147416681e-4,1.7548178523603237e-4,0.0022532088545932616,3.707251935348252e-4,0.0024427081872620115,0.00495846786358111,0.005369733938953364,2.575138468265576e-4
0.1139038268249057,0.048976374009680225,0.025682911575004352,0.009616304785423378,0.17593374174953533,0.00700863778784158,0.1482046920809155,9.227541747619956e-4,0.0015427793994138399,0.0068901418834359535,0.00412962462756722,0.0022444169650971536,0.00919117281966476,0.026541292998222697,0.006741141042319053,0.1598242869232801,4.236077913035903e-4,0.001770658011196825,6.643524494176599e-4,8.114399491832194e-4,4.7970530396937243e-4,4.2115938568408856e-4,2.7060989302643784e-4,9.764838712055146e-4,0.0047069398309197265,0.003805920557612081,0.1544840171641194,0.0011098366427872524,0.00628835324045573,0.012529850314747931,0.0014902179543256349,0.0011303528910011228,5.87710324072845e-4,0.012397271480198624,8.74207615160444e-4,8.661422947723872e-4,0.0021752934605434255,4.906565612353926e-4,0.0035313870654920696,6.358164033694625e-4,0.0033131205221624406,4.072922453136527e-4,0.0025401319030771722,3.937715374751924e-4,0.0014942308022892709,0.0018158664646676429,2.5736891565064846e-4,0.004445849057763736,0.0010410599460986872,4.5353605538192945e-4,0.0016226281034167163,4.1314763070377734e-4,0.0036021622505464906,0.007645174133883513,0.009597178664097606,6.813916646024293e-4
0.12412681409528385,0.0472310386943961,0.023647205404168273,0.009548720902758122,0.17151822393899468,0.005223832879925981,0.1496176452938332,0.0015674217252140152,0.001428252756901011,0.006421283371339149,0.003290786471581648,0.0014607197483905308,0.0095789759545809,0.02459889180845997,0.0036884208661272775,0.16227008294820727,5.494079349204037e-4,0.0019027299609622314,4.152414831544155e-4,5.613075733671943e-4,0.0018925820610389752,1.260954850113746e-4,1.1539101522311596e-4,0.001300853466019514,0.00580071702717523,0.00562917995883591,0.16249293905625226,2.9801659425854755e-4,0.007822117168863696,0.010822187169387742,0.001315334532806249,8.928845417967643e-4,2.9409808641706476e-4,0.008423329678267765,0.0011733284098400234,7.350928026288453e-4,0.0030371669394873456,4.202437872600496e-4,0.003548995799728578,6.832526442137372e-4,0.0048130583485952,0.0011561759988985198,0.002143957999700655,9.049604534800587e-4,0.0023999078013113317,0.0018460576108779226,0.001579312281791736,0.0041727128620251755,9.76496158617555e-4,1.5249501786235723e-4,8.858153423777752e-4,4.6072162459314894e-4,0.002069463729660269,0.006084261689626458,0.002821433141206766,0.0020623599022960553
0.12838197205403704,0.04880280620158243,0.021755875684943023,0.009509480085764908,0.1712936365116242,0.006419018270928339,0.14013658304452484,0.0015638962690470457,0.0012984099275197838,0.0067260226722282756,0.0028312972113440586,0.0013726405970404026,0.009452112237358104,0.02128931765109925,9.387160615631436e-4,0.17249422141566,6.752457221131758e-4,0.0032557262400107834,2.6420217325417886e-4,6.718227364280931e-4,0.0014250283893386833,7.894308508148726e-4,1.2822209983492873e-4,2.6777487107313444e-4,0.006978513657969166,0.0036598732086964058,0.15989774714140134,4.8704418834273486e-4,0.008690088288190343,0.01166111268514094,7.35815547481158e-4,9.46771077509613e-4,8.211392063419636e-4,0.009371037095194438,0.0010980116989388448,2.7281535800008594e-4,0.002541560073375864,0.0013117938818374096,0.004139486012151575,4.164489223131604e-4,0.0031954153197523987,9.825785587557815e-4,0.003238862562481473,0.0017217217621721373,9.44413686805275e-4,5.728174118129073e-4,8.480933853475686e-4,0.004628641853477299,0.0013399668471455843,0,7.74580980798148e-4,2.9238035734428146e-4,0.0025891872660364396,0.0059092129673737805,0.007198492542240084,9.90917476439134e-4
0.1194726747251897,0.050575887912508055,0.023719219452686183,0.008324777631086449,0.18504611432308007,0.008291262009956099,0.15085484769460789,0.001584028042163725,8.057032805437311e-4,0.005853226615435432,0.0020221142498409533,0.0015150911874711054,0.01012649981079923,0.024121320064982393,0.0013564938098598216,0.15736098186950018,6.736483618056335e-4,0.002205483205566618,0.0011802444546079136,7.235807872108087e-5,0.0013425777095122922,3.877669342216769e-4,2.618311321824845e-4,6.469910590803532e-5,0.00577735076030798,0.004625568637703592,0.15661330239097293,7.143754265644779e-4,0.0067940308573301534,0.013609984026515342,0.0010752511267346759,0.0013459694144271432,2.6422155514906526e-4,0.006310666400059327,3.316427583364736e-4,4.959333473103201e-4,0.0018591023346842366,4.986391019889406e-4,0.003961574343034633,2.876251704465181e-4,0.006043987508405394,7.277135961451388e-4,0.002086178415445673,0.0012873438960759082,0.0014012523953461334,0.0016191111694657354,0.0016650211467146383,0.005807885256930177,0.0010346882728538864,6.0254769888295845e-5,0.0020471873246614455,3.5448701370193846e-4,0.002621874953294134,0.005086776226557338,0.003633261989894436,0.0027388867508171696
0.1280073366544181,0.04946611580054279,0.025129497991473026,0.008074017016416454,0.16526700511457668,0.007462556864201393,0.14502517485560748,0.0013544852153773606,0.0019316526147261578,0.005374754590265401,0.005625886552461554,0.001563542596126695,0.007450554271619559,0.024911941965422412,0.001166852845319901,0.15270171226749862,7.634032460741486e-4,0.002113514739260425,6.995379311187579e-4,7.495276148431589e-4,6.843977056835065e-4,2.78044455512871e-4,2.7704977012560795e-4,2.2779061772755784e-4,0.004014592711379708,0.005554576196613571,0.18015861863297009,5.456640897013498e-4,0.006612619619772143,0.010529876709405625,3.95553482284979e-4,9.740205422022269e-4,0.0010257751612137902,0.008151592419245512,7.614872349940305e-4,8.214854076422285e-4,0.003135023958948522,3.3173899204455554e-4,0.004369652341527502,0.001575167095855385,0.004244091093312936,9.76921692228437e-4,0.0020857525051139443,0.0010647422819395692,0.0013975685464050558,0.00266771603650711,8.625077830323061e-4,0.004893476701619397,9.548385955975775e-4,3.456844333073207e-4,0.0010723737339031422,7.058369688086791e-5,0.0028005620529681285,0.004613354537136938,0.0058220271411528485,8.640012766936058e-4
0.11704738370456852,0.05235667720729373,0.021655041815222948,0.012263893338284275,0.16681284250060066,0.007538565942494024,0.15320493836577095,7.732236925630251e-4,0.0012924251209217327,0.005085303387098888,0.0030799800602956777,0.0022643438274989242,0.007879727732557115,0.025082412769611512,0.0017426768723420043,0.14216330888296583,5.423534123101868e-4,0.001879459110322998,7.856670007595799e-4,4.987374010604143e-4,0.0010808434343278206,4.929245319140921e-4,7.150551079181316e-5,0,0.005515091057816339,0.004455026150046341,0.18496875476658978,5.200013747687066e-4,0.007076221163169819,0.011974146863403734,8.1816408267798e-4,0.0014892375719544669,1.9821442667565395e-4,0.013496764614535146,6.768412850020172e-4,0.0011000197182664566,0.0018861682142415081,9.3330157267314e-4,0.0035805203981877608,9.167351679692097e-4,0.004107541691222143,7.002627214944971e-5,0.0028867740169715513,0.0015898273483664633,0.001691462785417206,0.0019069729090175624,0.001135427774142813,0.0058813367405952935,5.027102706333265e-4,3.2223936454357056e-4,0.002224542715231185,6.026377241014142e-4,0.0027559743677236996,0.0049519467290980645,0.003740033525424804,4.311017158066583e-4
0.1158639836818646,0.05161126597818491,0.025465226067176633,0.010698007496116066,0.17485771834447617,0.006539759939088782,0.14146208655557727,0.0010515693472027696,0.0014506377490425435,0.0052101726171166094,0.003627290225200561,0.0012952520067158553,0.008743904768288732,0.025108078300136026,6.697870665521057e-4,0.1646256973073783,8.580636312402626e-4,0.0022136360910389426,7.49013519933788e-4,3.742960924466705e-4,3.722869375647845e-4,5.03073071682422e-4,0,2.319072687832077e-4,0.00499187917968394,0.003256876472555591,0.17002828524943064,1.3729766954947314e-4,0.008400282683035968,0.01221716014388214,7.739753388040436e-4,6.526025469302307e-4,7.857191267208572e-4,0.007620102076843605,0.0018422299509930733,0.0011392110094613653,0.0020373616679356583,5.279009075134329e-4,0.0036123726234218445,6.397708919156128e-4,0.004326817660020597,6.264430969011622e-4,0.003097198976923714,7.149874128297643e-4,0.0015738427522654522,0.002960842370410508,0.0013521907708486343,0.00461444246035663,3.085632884348328e-4,0,0.001880315287730971,8.887313151865262e-5,0.0025816184945517085,0.004784569881240966,0.008225365596726252,6.181872177546853e-4
0.12626208514681697,0.0529324912266847,0.026238252382646345,0.008460357779232559,0.16291199996649813,0.006309548596025922,0.1514353245493252,0.001247974899385238,0.0015450611621167104,0.0054658426304858366,0.0038903265174262827,0.0022994742853469623,0.009938810743992646,0.025225516247086136,0.007599847140958364,0.1414661601413092,2.0670523907154376e-4,0.0033979754931211634,4.881350895549134e-4,5.019541437568092e-4,0.0010335000606670531,8.07295343733071e-4,0,1.29119791946833e-4,0.0044186753393782655,0.007422010339835831,0.1695089573398814,4.6743081711273995e-4,0.008131389806025404,0.01568789467488024,0.0015244333879531806,0.0014588491480433806,7.975221155655957e-4,0.007693183783564228,7.915333398714324e-4,2.1633503963017502e-4,0.002195369670406728,4.6037762251287565e-4,0.004724082482469985,3.624590795241288e-4,0.0048561410077671025,0.0010508633041075239,0.0034368054862717115,0.0016469390640960029,0.0015225923116108514,0.0014420704900549015,7.528077255568316e-4,0.004575751094074823,5.321893020844267e-4,5.0621296552107024e-5,0.0019974445812390453,1.476437435026217e-4,0.002974983192433925,0.0035082622351539174,0.005777394371200971,7.322823044908601e-5
0.12317385728272844,0.04238639221532188,0.026041573984530043,0.01006426032068459,0.1829424775714381,0.007423506328010438,0.1441638833217921,0.0016681138582404528,0.002128568194543169,0.006884054266865898,0.003032620615170466,0.0018299914584498506,0.009021926878936909,0.026179809827195605,0.01106250129537515,0.1593828646875498,7.133015789459211e-4,0.0029033284017119425,2.0950564097243224e-4,7.455934655699037e-4,8.302025889169023e-4,3.2488460851281983e-4,3.59502439689324e-4,0,0.005325764970174861,0.006232579669723757,0.1496898118622595,5.582787970023666e-4,0.00646867076689426,0.01086275456026011,7.877202969069878e-4,0.001959481007989334,7.608621317282439e-4,0.012840143924149498,0.0014983179879531066,7.510025732815021e-4,0.002359563502979429,2.7835700675795055e-4,0.004064701318050918,0.0012802107927309308,0.0030973383254884993,9.443815437084893e-4,0.002140372557606367,9.747007621171112e-4,0.0013481194445265565,0.0029104621223492288,8.203460139530259e-4,0.004571957763170367,4.90274993413924e-4,5.496370323295388e-4,0.0011327483161979466,3.5009732961477076e-4,0.002885531073995667,0.004474134900765109,0.003737396625445874,3.815591953226323e-4
0.13516471525148974,0.047098221848628316,0.02245745642580043,0.010205432182926391,0.16840400511330103,0.005976179397249851,0.14592549984684838,0.0018399101529886633,0.0011667200403345638,0.006183464252364916,0.0029143800920499977,0.0013753644823231309,0.00943952348665905,0.0216788795890083,0.0022687392541676146,0.15614055772010976,5.02157488573257e-4,0.0024962176098716577,3.780056677897541e-4,7.705029807833221e-4,5.788298539358008e-4,6.848759653563883e-4,2.586136898732473e-4,2.1189749174472055e-4,0.0054080303929221925,0.005610714197270149,0.17564747327461702,3.7460431093794163e-4,0.007303528413551744,0.009503876334531118,6.064336346193825e-4,0.0010486032054034724,9.187462803602558e-4,0.009386261276191622,8.279231599697806e-4,3.489474116156594e-4,0.0027209501564274302,5.659033070584036e-4,0.004038962605379035,9.726056393399423e-4,0.0035452462298897077,9.988824292963296e-4,0.001676357297327502,8.067345371613198e-4,0.001602548345001884,0.0023385770614859067,0.0016149305845663095,0.004573278635653202,4.999932011191629e-4,2.623563128037827e-4,0.0012036282218253716,4.634652185012674e-4,0.0022524046647378858,0.003987998342675683,0.004593330367170924,1.765550664103003e-4
0.12210200334781793,0.05077890876637054,0.021946679309782943,0.007705855104893527,0.1792097485131448,0.007413756962994189,0.16233852923515762,0.0016047409954529363,0.0012702659631399031,0.005758283903073792,0.0016408310633731324,0.0020267348432950563,0.009181707474575291,0.02494387987390612,0.009811655254516603,0.1422743283902098,7.867501199065618e-5,0.002061706883344838,3.395678844120338e-4,6.642440865114793e-4,0.0013277209451019424,7.906614003905059e-4,1.1888637808235641e-4,6.548359247363583e-4,0.006577738903454673,0.010025362327163119,0.1569516511978265,3.545415483093839e-4,0.006631213129013478,0.013816278025544654,4.261557760656547e-4,6.084877373330556e-4,3.995778700274548e-4,0.007003165396139846,9.413922932120553e-4,6.450290246275299e-4,0.002511668209053964,6.391450555798804e-4,0.003213076568083886,3.9254869733634616e-4,0.006137810114263021,1.5711142764156748e-4,0.0030573282312572727,0.0011503779961557115,0.0014936114835124785,0.0024384638912772144,0.0010051818757228592,0.004151868965510096,4.798974304707102e-4,5.729661962047078e-4,0.0011750147984519752,6.978993441186644e-4,0.002688528460690177,0.005227165083891763,0.0018949672423145536,4.905681834713822e-4
0.1264947188776598,0.050138823609625946,0.02511557076491557,0.00946645449380986,0.16893924916139702,0.007115297238338026,0.15383201496772989,0.001839900810051307,0.0017738734233441582,0.00564866041449798,0.002699410704357776,0.0021518250281069642,0.0076625908937501,0.022533371153929838,0.007467686010140902,0.15173585432767106,2.68299864153119e-4,0.0025403914620910294,5.019739345537488e-4,3.471939915109949e-4,3.814768318004211e-4,0.0018363364883497947,3.1202383863461144e-4,7.875816450762931e-4,0.006047199595280795,0.007173244348579457,0.16450347399878495,1.9014447362603471e-4,0.005738199219839639,0.015599344461680523,0.001119945451285476,0.0013561443475396243,3.9901807037386646e-4,0.007722785666581929,0.0010688096309074615,5.565810297298641e-4,0.0022697860549360277,8.432017276201657e-4,0.003899719820151995,3.622743773172997e-4,0.004548202757969786,2.0920471225046653e-4,0.0021218826307892085,0.0011224949685056666,0.0011368352012014896,0.0026507011581446576,0.0018535045773082942,0.004181633659464773,2.7370663212011973e-4,1.4203337238761634e-4,9.039090333662496e-4,3.297765304380099e-4,0.0028144316414392893,0.004214104409974144,0.0026059178598995102,4.512086450093662e-4
0.1231234962683501,0.0435986048955484,0.024156874486146042,0.00879383119066932,0.17157073402240372,0.007202199381549408,0.1451522290457934,0.0015425166478515364,0.001046008339916889,0.005095484879787597,0.0033554692579610282,0.0022838233198852094,0.009564268467010714,0.023747822946588348,0.0018631958665868513,0.1686840097271298,0.0011912041176545295,0.00314077295489915,5.516308370775188e-4,6.179964631236298e-4,5.958281783455088e-4,8.184080502951623e-4,1.181194162772022e-4,3.149792711806546e-4,0.005692484279504034,0.004227945376118435,0.1661443869319288,4.925989479754807e-4,0.008305982935506146,0.0119777950499979,5.48345209201288e-4,8.004548952886106e-4,1.7320057624991243e-4,0.006751974177097774,0.001969907880608024,5.468430344690687e-4,0.0028742008837827062,2.845583959981701e-4,0.004210258751441135,3.4327314808339175e-4,0.00472432004619323,0.0015766981243555672,0.0018372260372544246,0.0012869877492703058,0.001853682554714982,0.002846347559258992,4.971107963896622e-4,0.00459617592695098,4.996185028434626e-4,3.899107645902406e-4,9.249261563141109e-4,4.975442941804656e-4,0.003242930207312898,0.005896140711045563,0.005046873495981341,8.097885680612207e-4
0.12555210532132807,0.04928077711388916,0.02385893171259318,0.009988220830990666,0.1654181240465271,0.006290119290696737,0.15034883161064602,0.0011757417335755789,7.770556922312484e-4,0.005256311909184652,0.002272061069214638,0.00248583760110752,0.009443869517121745,0.025240655114106933,0.0012621333602141054,0.15912099871536547,6.064245318834497e-4,0.0025621132909185817,9.160382882603443e-4,2.535386824192096e-4,0.0012054077215231497,3.6704295049474106e-4,1.8719656095736648e-4,2.0870214307180967e-4,0.005818763878087924,0.004106485442016109,0.1668174501247088,6.69282709762563e-4,0.006071972140055522,0.017554135797422616,8.085371547576134e-4,0.0013185401424984874,4.01229058023482e-4,0.006450433552042278,6.892695651824852e-4,7.837634822909084e-4,0.0018890470188008043,3.8505949118757443e-4,0.004134690335679233,0.0010839660378193906,0.007234476020273573,8.412438694434016e-4,0.002444384336440337,0.0015499470403736832,0.0011308960986103878,9.020582968848241e-4,0.0012400188278300904,0.004147164693756934,0.001204566095154806,3.907817616688223e-4,0.0011251061341949608,7.157298173965152e-4,0.0033510964772693707,0.005325309816887816,0.0047428661630330516,5.934898121241606e-4
0.13143603039677948,0.051573913098323265,0.021419843469445157,0.012319889764080487,0.17771352356323517,0.005593855098702409,0.14882829915907198,0.0017132305500194636,0.0013304551905152135,0.0064491463380104246,0.0033955646744943317,0.001376318087465275,0.0101389418139192,0.02363276407128632,0.003404343598679004,0.14670649243847025,4.809283879331834e-4,0.003232005627145385,5.118852732026918e-4,5.697935331764433e-4,0.001126303892662209,0.001018101963086689,1.684025221709329e-4,7.130498391290867e-5,0.00465977042216904,0.005442160142781996,0.16535848539822315,6.15185823246378e-4,0.006152097166714726,0.009895165621160742,0.0011679877531817304,0.001145888002452787,4.422507312445586e-4,0.010911803856458882,9.248217518106493e-4,3.97287710600484e-4,0.002418267861903876,6.504686448652315e-4,0.0031655365067990576,9.167430631232323e-4,0.005164487775422949,3.533619453882211e-4,0.0017187939205072602,5.256745012456646e-4,0.0018535398209111428,0.0022651892174036965,0.0017503261413796757,0.004862742540227082,1.858538936492947e-4,3.5827112443972785e-4,8.327792436220153e-4,7.314706909027922e-5,0.0023696182234695766,0.0041267712575240615,0.004512380801108077,5.718045720868665e-4
0.12360125396724682,0.0496435974864822,0.024329017595070557,0.008140076164043742,0.1674729811862223,0.0055313403583806715,0.15256135115642158,0.0019223416803449472,0.0015431340375971691,0.007130982351658171,0.0023104139045784576,0.002666698034153916,0.008613108165697393,0.022788565370247482,0.001587533733022509,0.14774412806011783,5.361276519001432e-4,0.0037532592941697403,5.727985126417942e-4,0.0010878890836078887,0.0012223212633604608,3.478920772848587e-4,0,2.2753653104147408e-4,0.004973576700532059,0.005693039859635012,0.1780221405198273,4.066604195433305e-4,0.006379409207741412,0.016613419495955028,9.04377092170712e-4,0.0015414283615263207,2.3514780746738408e-4,0.006514134442101611,0.0010093594198233155,4.6346345899948854e-4,0.0026611045786073245,4.7852864451736606e-4,0.004581889993740049,0.0014217227097986288,0.00404119911634888,9.484090809582751e-4,0.0018491940114207042,9.071159352511019e-4,0.0020793860561483988,0.0020257978599133716,0.001560751169124246,0.004153328815197117,3.699202466878494e-4,2.432692327988996e-4,7.74457835897434e-4,1.8913555076202106e-4,0.0030433507405393558,0.004867317492089082,0.003099582836142608,0.0026140336434422023
0.11321758783337468,0.04659289402096932,0.023820301873614048,0.009257618260168533,0.1840452465805424,0.007527303875752854,0.1503317564264486,0.0018224702642965418,6.326131113147571e-4,0.006780231033516498,0.0028401937980349298,0.0024736371957397767,0.007824047370130687,0.024793582686738185,0.003468075422500696,0.18329713454966715,6.531562771101037e-4,0.0028188316170987245,5.17086730880954e-4,9.602678188116455e-4,0.0010975545628446836,7.42067611563636e-4,3.704284502901077e-4,7.454545291860174e-5,0.005615080017421913,0.00418447360433771,0.137266296710015,3.0046622658729113e-4,0.007208346913366131,0.013150479445118199,0.001086034077808087,0.0011301869456611143,3.7255969515470307e-4,0.007538334065275782,0.0010864555049111253,0.001002198518199858,0.0023977919934697334,2.596219344852911e-4,0.0043068985021113455,7.211286956629348e-4,0.004834463826548141,6.163593014967041e-4,0.0011121446113264986,0.001521632505066975,0.0022350318298018663,0.002132160587418099,0.0018297374492662764,0.003460182691810546,7.742348352957102e-4,4.1936110477618977e-4,0.0018019660734808374,7.359444854970187e-4,0.0025825939406314497,0.005960010641415182,0.0042719968132680355,0.0021271936289861382
0.1293600974770221,0.04770142801962889,0.02454410487308237,0.0090494866258628,0.16898195676978175,0.005721739743063374,0.15622772702272952,0.0015862633581909637,0.0015769320193716927,0.005870915679918774,0.0026098009354286965,0.002190455260631237,0.01008839088479846,0.02082297342280464,0.0013885152722178456,0.17727968479553116,5.787467581031166e-4,0.0024730768481023265,3.8601967504171033e-4,3.008851138340785e-4,0.0024861077239452484,9.260054769851168e-4,2.5086234748008813e-4,0.0011244746691387198,0.00575148250892666,0.007734197518136561,0.1463475509168345,3.637529386922782e-4,0.0054614228744832944,0.014106451482888508,5.454914503081197e-4,0.0017804124444386453,5.874599906150472e-4,0.007045870565471785,0.0016093209825995935,7.525898797548573e-4,0.002736980510601669,4.7880679491168506e-4,0.002975796958676455,6.874019881075076e-4,0.003601341098852342,2.500425776997048e-4,0.0029007064108261564,0.0011614132930833749,0.0010155998416916897,0.0026042830544906917,0.0016579500921461183,0.004317877596815513,5.676407057731364e-4,5.142652507209114e-4,6.931334171193028e-4,1.5732877296812457e-4,0.0025835623066218184,0.003607335220368045,2.7483251650286367e-4,0.0016010472661783669
0.12737819510252857,0.048146109513879876,0.024399292746647778,0.009872962883832374,0.17164058608447647,0.006599988625504827,0.14844359309421581,9.754359669227763e-4,8.887980313983626e-4,0.0059681404015925294,0.0028385585196501213,0.0017768592800088943,0.007993227793101399,0.02288731152835919,0.004385585469740146,0.15993821770538638,5.374339537041131e-4,0.002591702549855103,6.171055398490765e-4,5.382562655769416e-4,1.4103213586731328e-4,7.699845082345585e-4,2.4953180831137415e-4,0.0015936654951897427,0.004994908511621198,0.004427338368598985,0.16474107092696477,2.2199283508747e-4,0.006008998434828814,0.013139477587750617,5.746817080289092e-4,6.379342508574767e-4,4.950965159912949e-4,0.009294569148637891,8.342960006129675e-4,2.812959156309686e-4,0.001937221881139982,5.52110139174068e-4,0.004996097052332063,7.469582620062467e-4,0.003965634851078925,0.0011467090949724545,0.0024206753044088186,0.0016640769089348504,0.0014042917744363846,0.0016261835235525056,5.528961201081364e-4,0.003813220940335131,0.00155888737967828,3.732342485818231e-4,0.0016031512221677338,2.1777529696930326e-4,0.002313715290654458,0.005943516675336714,0.005778074662958027,5.623341627290048e-4
0.12402668907552424,0.04794738367731779,0.02246006968982606,0.009513398912919984,0.1635677080612803,0.006279014497316585,0.15479170752747945,0.0011583995163104968,9.143025934032446e-4,0.0060499803911608675,0.0035023953729106626,0.0017544888428357977,0.007801277621098406,0.026236555466593082,0.0016329719950651646,0.17649939496971384,7.753481517770039e-4,0.0029229323823143196,4.7131865118002904e-4,3.8818171546775224e-4,0.0010868448080063823,7.522062229641959e-4,5.483932761958867e-5,2.382541602951078e-4,0.0055225132090818635,0.0034160377550289216,0.153926997325285,1.9223633745269055e-4,0.007671766401946396,0.017581754271179962,6.775496839758383e-4,9.217441122983125e-4,4.477430431661838e-4,0.006262015302396085,7.272092241284498e-4,5.046493595501275e-4,0.00321726615466431,2.347877837872869e-4,0.004332524083573081,5.914047759273044e-4,0.003406583055019565,0.00184976225290943,0.0023219283108884188,0.0011879115843844473,0.0013512927951574126,0.0015569273179267642,7.70940349222212e-4,0.005025717433391134,5.614705598207835e-4,8.16527134305671e-5,0.0012587285124400498,3.6556571520371633e-4,0.002544572540713245,0.005997733793137711,0.004496624517458327,1.6872609507404985e-4
0.12448221949421756,0.048100002820806266,0.02680083440343049,0.010003191089383275,0.18336335171250104,0.007948412229957989,0.14472240805948147,0.0011762944117822975,0.0016255995876271038,0.004724809455481593,0.003078301944188997,0.002147718357219963,0.008936988385514634,0.023073071625602466,0.007145994742701818,0.14784780793048186,9.941801409331771e-4,0.0018959957633721814,6.336617139698535e-4,7.375910682021272e-4,8.726320030275588e-4,8.385356002253554e-4,6.737020168611011e-5,4.723954776327818e-5,0.004841562389789212,0.007331486365529805,0.16172286793911672,3.0312781697307685e-4,0.005370459097019998,0.012637918216953276,9.259370680674158e-4,0.0010974008679195315,6.294284071561734e-4,0.008817199004629128,0.001140740149832215,2.4704334151355383e-4,0.0027186725854831933,6.430552862957983e-4,0.002626349323056655,0.0013689488479318006,0.004063010886247917,8.248410285642304e-4,0.0025547798168849755,9.974760664627654e-4,9.975424018767774e-4,0.0016207675249897305,3.0723409852588285e-4,0.005451403067444191,5.440404525518672e-4,8.434894768308491e-4,5.523767295760826e-4,3.8489777729874933e-4,0.003122318911296874,0.005481875233273316,0.007999470739262257,5.680667920875215e-4
0.12715341900517652,0.04510161485111589,0.02171440422367122,0.008835127240727316,0.16210102547774,0.008459645102861044,0.1466886249039864,0.0015859314599536876,0.0012890458699548481,0.007653287809054258,0.003674185820708467,0.0024194475195562595,0.009856922969636441,0.022552710258784896,0.0010623840402003348,0.18837128729790195,5.015969099257646e-4,0.00279319503636711,8.3754859820501e-4,4.0280531230996305e-4,0.002143089064417665,6.237583745298529e-4,2.019252388725741e-4,5.143730663119307e-5,0.0072623052945771085,0.0039810168214219205,0.14587363629009162,6.841979184621517e-5,0.006266303670044196,0.010433860289783232,0.00127993819871104,0.0010574212454327514,2.1177119548004212e-4,0.01038426748452285,0.0018626905172001405,0.0011217169730411616,0.002562979644132967,7.315062524350888e-5,0.004135611735526522,7.689886920484039e-4,0.00545443844546427,6.065461980052953e-4,0.0024157061380086775,0.0010844217632174915,0.0017987951774165675,0.0028946451898543587,0.001108445568415276,0.005116806831870726,7.029330044173316e-4,2.1588690268002606e-4,0.0010091250667327608,4.2143689956597447e-4,0.00283756705010256,0.004631754071151387,0.003677728776178554,0.002605264755526384
0.11802646652333441,0.04956504789347584,0.023912097435430577,0.008965799204944239,0.17455563891131454,0.006629337201005006,0.15409304958516107,0.0018980627427530167,0.0010590225934711008,0.006027727749481224,0.002016926633414602,0.001335531763502794,0.0093773301390319,0.023974354390882687,0.0026319660942176588,0.1606438127103028,2.677436336968753e-4,0.0024419421148902873,0.0010052847675568128,3.697067023820607e-4,9.568862437929344e-4,8.394050859236575e-4,0,0,0.005926594496229001,0.006106188062258255,0.15841591733340663,8.19181300654317e-5,0.0076575279742361144,0.012782845594181923,6.203870714934711e-4,0.0013161707348971392,1.6014830693630942e-4,0.010362481822881091,0.0012820219963596586,8.154217928219667e-4,0.0031908370550760997,3.140284062977175e-4,0.004137063229003609,0.0013491727883942375,0.0031269571648097527,1.4585836376655582e-4,0.0024873101519473496,0.0010817152400988677,0.0012041430683434637,0.002507148815083527,0.0015221137703536332,0.004027796554205318,0.0012780634031264281,2.477815940676165e-4,0.001057522475921291,1.5188810026536275e-4,0.00392429344969639,0.006121663250615592,0.006003879683194096,0
0.1277207472304774,0.046079639193416795,0.026030250481056373,0.011851100007328638,0.1740587681980938,0.007511724599714448,0.15442248725326965,0.0016924924427418656,0.0013828776869668786,0.0054827403258313695,0.0031805878781214214,7.151820562152141e-4,0.008345990038379813,0.024996003080549382,5.737841766440425e-4,0.15797794713098362,8.306971003859063e-4,0.003112216361297088,3.000596361554358e-4,2.892477012353136e-4,5.107615837704152e-4,2.0704144783506613e-4,1.9489850654473762e-4,4.614777966942893e-4,0.00448884862013227,0.0061548856157548106,0.16102581034428848,6.32828004648337e-4,0.006007427639732872,0.014100265325826056,7.34107388480764e-4,0.0013422524091524707,5.953201851460068e-4,0.007573100761359023,8.998742340128997e-4,9.699340688311828e-4,0.003226769921058359,6.570814502031999e-4,0.003834750845417906,9.85274180699104e-4,0.003749418639558073,0.0010140891958191549,0.00316018578522328,4.030589255928554e-4,0.0018147380901321947,0.002385538432022136,7.624252305295193e-4,0.004983970354804595,2.337608240439744e-4,6.969874064447817e-5,9.330859260596498e-4,2.2767439573593374e-4,0.003232930513891824,0.003977544685043505,0.001440527359923091,4.540999925230067e-4
0.12293668628816498,0.049266112960728636,0.023530032942995636,0.009361680479913656,0.15833869147847626,0.008485235737791618,0.1562716757145483,0.0011705476076629496,0.0010469454018295042,0.00618269934154876,0.003483433204815684,0.0014648229616802048,0.009954256995769932,0.022783933500220115,0.0011116997507970236,0.16935699176937552,4.3736932294869215e-4,0.0020246593989269317,2.829336983441514e-4,5.371009056064951e-4,6.497353423049771e-4,0.0012877887356600199,1.2867589191606547e-4,2.1266679748279207e-4,0.004762864647688393,0.002629009060823942,0.16470317773882565,2.619855543141152e-4,0.007145755694302561,0.013754057969096288,6.460034755196768e-4,8.943295468009894e-4,2.927765508257355e-4,0.013283138157026614,6.454361047168742e-4,6.698023630852296e-4,0.0018219066242645893,2.0828212318683758e-4,0.0037940530801796033,3.6001962748633394e-4,0.0033694454549716615,8.599817829951131e-4,0.0032942779486929263,7.637207233933946e-4,0.0016460575297419751,0.0013272919345345736,0.0018499031621039943,0.004274317417770415,9.270816306946282e-4,4.5198866343747446e-4,0.0017331825143158143,1.4659512430432504e-4,0.0030792810763072497,0.005139748738376734,0.004958151750707366,0
0.12778060397817095,0.048528724473019307,0.021458691022843004,0.007880505831859026,0.1730714914831851,0.007682142159805541,0.15759368406259225,0.0017019617957312841,0.001777051517932424,0.005915730275936752,0.003357559308256801,0.0019751073360248592,0.010066527907892635,0.024074851746702035,0.0017637921825568643,0.16295761334617184,3.0023933724460713e-4,0.002819316516799422,9.689125060915215e-4,9.89666057670084e-4,2.0277405188858454e-4,4.0520239672654014e-4,4.461052147666909e-4,6.140554407912433e-4,0.00631599007571357,0.0067529111411500945,0.1555671254161429,5.808588430070425e-4,0.00676517778928316,0.01036272600649162,4.454347736846771e-4,0.0017624103174011503,7.334017647693059e-4,0.007443386164770882,5.546811978290423e-4,4.038566190746023e-4,0.0034148526745928142,2.6119728613378015e-4,0.0037700859701770856,4.953529136003383e-4,0.004351445651023784,3.73921085021178e-4,0.001738206276136112,9.049279975801989e-4,5.63091057530376e-4,0.003883683546778226,9.760095189912868e-4,0.004307068882407008,6.923589571759599e-4,0,0.001378494598911997,2.8543273342508484e-4,0.002488968350579625,0.005566883906743548,0.0020709142280364847,4.5683430517771506e-4
0.12233436992796207,0.0483853823581569,0.024961479055402448,0.010003670314198534,0.17258055087315072,0.005763461538346792,0.16390506882212427,0.002394810766653339,8.708565372678971e-4,0.007967919610632647,0.003981818859804841,0.0010402272110096257,0.008452389923031711,0.023018801052962345,0.0025022819192542325,0.15342073662065406,8.800823307129235e-4,0.002535450835606454,5.010919083258639e-4,5.817819454951256e-4,8.744775488116009e-4,3.931548898625399e-4,4.1095732072873707e-4,2.0698785985703638e-4,0.005196797891439211,0.005299096278208131,0.15686024126177736,7.156303337512772e-4,0.007413310802137759,0.010600699597142094,1.8484293983113398e-4,0.0014328574290793969,2.0170041976585619e-4,0.011906559933106806,0.0012367776515677523,4.971542287338227e-4,0.0026493594857986726,6.601511697014487e-4,0.0038445948171038843,0.0012344327448826679,0.003964352797782159,0.001449449109982057,0.002182815980695005,4.3616086331973205e-4,0.0011310048099229468,0.0034172547624834455,5.502344773522801e-4,0.004764959048395549,7.882474647752384e-4,2.636456893332491e-4,7.673217706363795e-4,0,0.003061533539495775,0.004420954597097308,0.0047772100862458495,1.228379884430566e-4
0.12160075132166334,0.046215046083653594,0.023965980012700113,0.009264358250218154,0.16164068775223067,0.005710531722308334,0.14966310823567647,5.391248378135055e-4,0.001754667669215905,0.006547927284341391,0.0036794613841996714,0.0021926007760162012,0.009683361696547895,0.02605304738118166,0.0016128027329262906,0.17661041176721187,3.6655560705960714e-4,0.0020931650708522075,3.5403837201254267e-4,5.112155106354132e-4,0.0013437247026963956,2.410328636765948e-4,2.2309334239698604e-4,1.5234212256093636e-4,0.005241327771454473,0.005729417563625596,0.15860307051529188,3.501919320802934e-4,0.006723233822788307,0.0125252035066528,6.162856642189765e-4,0.0010838505115497259,8.663051949800379e-4,0.008628738560244518,9.581772867817467e-4,5.6251897531071e-4,0.0027033752094671273,5.430280021740724e-4,0.0034162920996013615,0.0011477178893579425,0.004853508599631547,6.7580324293099e-4,0.0033048082648015004,0.0011323710324869908,0.0011783769752811465,0.0024088288460875117,0.0010310505693514854,0.005426717417702029,5.62324781648434e-4,1.1999714815278093e-4,7.776644985437194e-4,6.914504213159735e-4,0.0022566451404533276,0.006202093701435991,0.007660588354801263,0
0.11853314773379416,0.046739400976463334,0.022730338618032003,0.009253019020525602,0.17126147143450676,0.008333739868420637,0.15283234545721092,0.002227002813823199,0.0017181694341464949,0.0070051893459410165,0.0039180466907034065,0.0011716305160358038,0.010075279508156147,0.024925106643422394,0.0033546349706694957,0.16330041304258658,0,0.0026757295207975812,8.364302311747732e-4,7.911434269777633e-4,7.027368483714547e-4,3.372762939492359e-4,2.7848399967554964e-4,2.452234656484843e-4,0.004521606231109576,0.007442379713412044,0.16063062294292718,5.102687718346419e-4,0.006584714310309791,0.012280750371292209,3.108923897946222e-4,6.695929212616556e-4,8.253911937326869e-4,0.010470600781181628,0.001332966842546381,6.066520007214288e-4,0.0019541242523494176,8.593249818070373e-4,0.0026360058226988425,6.264463854847205e-4,0.005144676678079343,0.0010166980085281492,0.0027424942722033235,9.835866651194643e-4,0.0011565087942600057,0.0017825977739346353,6.678362858602734e-4,0.004342678338278741,4.151595122455187e-4,7.237540834127931e-4,9.657455396982132e-4,4.213511098639708e-4,0.003423943601061902,0.0049016744860685395,0.005369610620247357,4.3338445764112474e-4
0.12323179478324885,0.04997133117920489,0.021214244368530377,0.00999039836263584,0.16579400072794556,0.0063674215794470145,0.151469262679195,0.0020737667134326,0.0015919685927537174,0.005462562562946889,0.002785061458855008,0.0017291046372015285,0.00746196336231902,0.024815606974748588,8.472648407298878e-4,0.15065345643344957,0.001146466513311084,0.0027056015311251167,2.297399242395076e-4,4.898172091184467e-4,7.465476404087928e-4,0.0012250954187411043,4.2830951198069475e-4,1.0049125222777581e-4,0.004148098656607623,0.0034502587233256935,0.18506682419224896,3.9709663130821344e-4,0.006652274795168242,0.011959405256688085,9.90101913046308e-4,0.001127003421880952,0.0010365246615744593,0.007787814401707608,8.716564902337571e-4,7.720725712049773e-4,0.002525989578551024,9.384759686058635e-4,0.0037435317784127314,7.253764872109483e-4,0.0039061134717199297,0.0014771645496844251,0.0029982607345564053,5.379956102826e-4,0.0011575196417015494,0.002395898176451698,0.0011664100717284868,0.004695402107360585,6.274668767912991e-4,3.494601799748564e-4,0.0013664764384030811,6.539776494394987e-4,0.00265036530108911,0.006069242052356244,0.005158723792444275,6.573956044365028e-5
0.12610140874761422,0.051310020433491275,0.026792703548753457,0.008129379058523602,0.17350859993226533,0.00795404565271633,0.14771427048676386,0.00126401203827372,9.001351385423566e-4,0.00554167220376743,0.002289934839462499,0.0026062830111800617,0.009227311957840543,0.021806272232722964,0.001119503251640889,0.17946141829128526,4.912261503686664e-4,0.002155210067017411,2.0127596955452903e-4,4.4399310973228934e-4,0.0014073638930179003,5.651186123274247e-4,6.832395082558582e-5,9.829978195083584e-5,0.003917772358272531,0.007878702272861924,0.1418196223606394,1.967884700305491e-4,0.007609136926759363,0.01173154342223086,5.718056462367679e-4,6.615218793666743e-4,6.167711381796219e-4,0.00826574103542288,0.0010759667488193245,5.42502808386451e-4,0.004276806671669972,7.874044406745517e-4,0.004374335057671523,0.0015875166601025052,0.0031908527164236384,3.632884416115293e-4,0.0018148076501796715,6.269106037566834e-4,0.0021155194175198175,0.0015896127484654715,7.637268735651798e-4,0.004082552730460192,9.588298256226586e-4,1.216200612710657e-4,0.0016001869546948089,3.526415085480153e-4,0.002760596336469248,0.005228832203853398,0.007044422808498889,3.138788620963994e-4
0.12751300055483314,0.048366663914684686,0.025005079839056234,0.00943643010951306,0.16614337368893098,0.007304186558905356,0.14739588105540416,0.0016579941532709115,0.0013059599779510248,0.006629226793791214,0.002508856556148622,0.0017706692938266075,0.008278087942460063,0.024267406495080787,0.0017040112135862464,0.15758635737327625,9.94922823927371e-4,0.003383598894830653,2.2868287215339637e-4,1.540776738610069e-4,0.0011312110124102224,8.088228676739074e-4,0,2.938495693381479e-4,0.005020089094304393,0.0051416854990598065,0.17493789150835848,5.285376075889877e-4,0.007304549172438424,0.010370455228182519,5.184245751613922e-4,6.41701898691895e-4,3.1035741553019314e-4,0.009120118007790213,2.5123651658431363e-4,0.001246359047756608,0.0030604243319944974,9.583664154421925e-4,0.0039923223337780134,0.0011689863851382586,0.004555620873260022,3.708540874878432e-4,0.0016195761128079292,6.897831581283575e-4,0.0022610030835309284,0.0014339845709456212,0.0011854066267066527,0.0038923739569467495,2.0023449147554514e-4,5.652473848709464e-5,7.388539424114567e-4,2.937932617158628e-4,0.002509475373410113,0.004525285661122233,0.005733212638725591,0.0014941611501237833
0.12789285406580592,0.05357860240677202,0.02199664481690112,0.009219278167799154,0.16295165503214798,0.006568667155553628,0.1526666455559479,0.0016973217165747675,0.0011639784281724358,0.006237610334958643,0.004027345383383594,0.001488768288219177,0.00961861131434787,0.025769203522339613,0.006942946647063874,0.13129180050590997,4.4684270265197667e-4,0.0024097629986503683,4.512873661946909e-4,8.414939404292781e-5,8.627363964348223e-4,1.828735098630309e-4,2.805510341896486e-4,6.822773897997034e-5,0.0048603058981575055,0.0061746081911727355,0.18107218351395746,6.273441498373791e-4,0.0059509012696229964,0.017227334467948132,5.316026750136811e-4,6.272708495390735e-4,7.686989923290652e-4,0.012995056067570274,5.346211533535117e-4,3.5546541688659936e-4,0.004372637938745703,6.150590413370439e-4,0.00537002069567904,8.920615135046868e-4,0.002674834503788229,1.2591950051488464e-4,0.0021579405761704726,0.001279151683102825,0.001349296844228017,0.0026263909600130076,4.7063391589587415e-4,0.004995089454888846,8.720207605384653e-4,1.8871418403568248e-4,0.0012003721337596255,7.253144051390301e-4,0.002530470963495049,0.0034848109684271506,0.004355632269538797,8.987055890407321e-5
0.1222720001514436,0.04562806434488504,0.023957945960998844,0.010682045146854524,0.1666259686911605,0.007142738509836877,0.1514634158512007,0.0012659571776620076,0.002252097639686707,0.006922457466350539,0.004220723466465114,8.476602853261577e-4,0.009325790920357993,0.02281259809462084,0.0018885316798503105,0.16214084570334322,5.953983200589544e-4,0.002362368532140938,5.037488359162958e-4,8.081621411718446e-4,6.275235502091364e-4,5.167004584561184e-4,1.1829923823939749e-4,6.216705914440893e-4,0.004412324668921902,0.007396380732122347,0.1733008393116736,4.610142603024193e-4,0.006964946739179127,0.010962360187380827,0.0011662524239308804,7.476724363133208e-4,6.382941436575655e-4,0.007650685100387684,9.830484461472088e-4,3.3488794142369526e-4,0.0031118948378213054,7.551432891698822e-4,0.0036190210363646735,8.72423001109522e-4,0.005993556286460167,2.365441464147895e-4,0.0030834450753657186,0.0014123135250404411,0.0014500920838043565,0.0016299881192203415,9.035296028667762e-4,0.004349244543063934,0.0010701558082837016,9.526567658488683e-5,0.001354588033058526,2.3256285433425304e-4,0.0020770052717946803,0.005336502483642415,0.001622372475537062,1.729327009422275e-4
0.1232995956110998,0.04845706701778629,0.0238398002878309,0.011195646869155577,0.17093697468303845,0.007143818516593828,0.1481151947285015,0.0010067334570098914,0.0018594231719199054,0.0054240002277175835,0.0040620040449758435,8.255189942365157e-4,0.008845036667320939,0.025592576150956507,0.0038840966278099387,0.15562073668644721,1.3558489672730977e-4,0.002475887474834142,0.0011075051416125376,7.580166423671223e-4,0.0013395052682344867,0.0011014440298313095,2.5996567359074717e-4,0,0.005264009344204018,0.007921033287763453,0.16087329935637334,5.636728367949279e-4,0.0056954600088122455,0.014717668674193937,9.258081825124024e-4,0.0014023337464925839,7.337319191810938e-4,0.007414374372251962,0.0010501742368426881,0.0010116217734330807,0.0030886193842792464,1.9821297436779526e-4,0.004077501837876778,4.730947511254403e-4,0.0037086732639269784,8.387717232928373e-4,0.0026125670095900797,9.697681969709505e-4,0.0018640594908255655,0.0023243005724624,0.001867343404911449,0.005689715989371649,7.1619893337023e-4,4.246612092460982e-4,3.586925588986173e-4,1.800914274003049e-4,0.002689771211457237,0.0035489318742838987,0.009020204876914012,4.894987009743979e-4
0.12154033046886072,0.04939939030161472,0.02643595453510991,0.009238045710120041,0.1730215756829327,0.006994082341317342,0.15312001559070937,0.001384489056291623,0.0014093300619413452,0.0057692089201025094,0.0036470112741507415,0.0021924808842737208,0.008056005352038731,0.02457442034679812,0.00769918925738448,0.1464863424906213,7.651229070483967e-4,0.003573518166888289,3.274693559983435e-4,0.001062169140395126,0.001038651081741738,4.700695440705311e-4,0,4.058923149609415e-4,0.005101505914559305,0.005047660715160523,0.17000589785508857,3.672403688268474e-4,0.00703510409804907,0.01403976438208751,0.0010139879567805175,9.058369856643383e-4,1.7999414561910878e-4,0.007455064153842796,0.0012991623333114698,0.001017934048107775,0.0030719481411849332,9.805072795903728e-4,0.004012290242974139,4.655206408728919e-4,0.003944178622363332,2.9379148799014456e-4,0.0025334003819543326,0.001016289572558778,0.0025242704010374436,0.0020190677960120213,0.0014779900577319295,0.003998750077630394,2.1266435256812194e-4,1.457636910354164e-4,6.984230654464523e-4,2.5864242102323977e-4,0.002513865139082162,0.0058331554026429715,9.31916060405741e-4,9.87647423426631e-4
0.12985315452605453,0.051462558720541285,0.023483484986684042,0.007638258699038637,0.18193161160372096,0.006127682160309014,0.14591886987537575,9.567768212832115e-4,0.0010406539941572794,0.006563230363325102,0.002294412600220544,0.0014739535164584776,0.011716929256241064,0.02489577741889295,0.0018840976961562068,0.17718969599560122,2.460626215252196e-4,0.003492237865142151,1.5580299217527805e-4,6.85538078891072e-4,2.752703372980292e-4,3.665278835062343e-4,3.360758289873692e-4,0.0010597457512833168,0.004617247729907321,0.003988916405879109,0.13631637604561447,2.479703394396265e-4,0.006972383996144341,0.013533326804135971,9.644444078583891e-4,0.001220348894973112,0.0013774538629157465,0.009186513813918969,0.0015434531276199376,2.77497960927854e-4,0.0025535935697714555,0.00108254495918655,0.003548914035453887,6.171240954460522e-4,0.0038705885460172925,7.505360092206867e-4,0.002721494127279482,0.0017418780356388873,6.800727394585891e-4,0.0017534451783980892,0.0011669210229990927,0.004984153291131588,7.475250080339002e-4,0,0.0015015755527370677,4.4522738912532926e-4,0.002369825040868391,0.005576089765302723,0.00239547667391011,1.9867197781705157e-4
0.13662428810138685,0.049581523591796045,0.02336205288007279,0.009130889157065267,0.16122622421704197,0.007009373498996821,0.15229364269095594,0.0015048356332106431,0.001024324072005939,0.006843655728938271,0.0030176203944762784,0.001389121967014092,0.010440995483447355,0.021520865204063027,0.01010800887275984,0.13664079114467723,5.824041893296903e-5,0.0026730298642384407,5.246043265755452e-4,6.237744348232578e-4,8.948667583387626e-4,5.899528413907663e-4,1.2853169492533901e-4,6.104567886675604e-4,0.0060902455747467235,0.009119997774135526,0.17576465458557528,0,0.006641919667182799,0.015748526097586858,0.0012639500288896249,0.0013315536786616365,0,0.007364608196714941,0.0012485699911053724,5.206849406887893e-4,0.0021219466558291896,3.9508070138293184e-4,0.0035266248396517087,7.903115676862839e-4,0.0029484137545447296,7.637695785695659e-4,0.0024237615272603924,0.001347118910796208,7.2880939289237e-4,0.002394711105107738,0.0013316350338337122,0.004542341013083778,5.486568365649074e-4,3.1313822968717235e-4,0.0012242555478750748,6.257969635036795e-4,0.002685605266644633,0.004476815015823735,0.0034860306725352855,4.087970856383488e-4
0.12176992583072656,0.047230234641876985,0.023180478477550753,0.010195649310723231,0.16073523725209307,0.007241885575123995,0.15022521960113194,0.001173431097837163,0.0011087130889295177,0.005715670723594886,0.003647574725731125,0.0015253126776801269,0.010090716953923188,0.026102658225076576,0.009668642935714549,0.15262098107017466,3.588753218134415e-4,0.0034394502668350507,8.767378081288841e-4,7.582863767431743e-4,0.0015660600151151311,0.0011693922648314907,8.507262295126986e-5,0.0020149884564634557,0.004755046229433219,0.004879403094008244,0.16723344922003403,4.7228292147793413e-4,0.005944734753369585,0.012298030296682536,8.87080490232218e-4,0.0012006339183662665,5.994814766927225e-4,0.013064837144074321,5.978182526731638e-4,8.465444323203493e-4,0.0028356089508409367,3.605673714404995e-4,0.004167270168821646,7.272811743887868e-4,0.006098462232422851,7.83811465716926e-4,0.0034827513636304036,5.738030300738151e-4,0.0010098271265994057,0.0029320368602408576,5.195932407488142e-4,0.004780614137290599,6.157060984386021e-4,3.8974546334020327e-4,0.002093517964241671,4.05878465666942e-4,0.001753498135417805,0.005478237361380288,0.005656539306884686,5.471253227945643e-5
0.13004056041970083,0.052439080334641106,0.023229839785220287,0.010161347533257845,0.1710178910800657,0.007034227966373643,0.14103487013149285,0.001027332221324725,0.0013998776607480768,0.006080376851794884,0.0038473124202358456,0.0015727274558783243,0.008827787171403704,0.028286240012894797,0.003251470395714541,0.16894086170420344,8.449924381243706e-4,0.0023703070285222816,1.5291069424306242e-4,9.198403860358338e-4,0.0010178713788172565,0.0010529177392090791,0,3.796520276781436e-4,0.004863110713757643,0.0039518331225804814,0.14736133625559134,1.7687022190588622e-4,0.007995300751318494,0.012270588756392543,5.546367352716532e-4,8.000036905247232e-4,3.058084229968629e-4,0.008907513143556159,0.0015077747479410061,6.457065461530647e-4,0.004380620925671622,1.7574596129413137e-4,0.0036134222803412682,0.0012205364416097546,0.003083682820495049,3.540280955136208e-4,0.0024835401110397206,0.0014650288156780654,9.115241497787451e-4,0.0026010970234968075,0.001079207786778534,0.00383254119192398,3.3498377411471473e-4,0,6.340503034245791e-4,2.4322968542812393e-4,0.0032327951621483847,0.004827926876318522,0.009819151196765363,0.0014361094526085339
0.12551753204002328,0.04663221840205144,0.02222495931965141,0.009561929077836685,0.1602176472039122,0.009591287454478379,0.14936602131974927,0.0017509474952820158,0.0013680260501732731,0.005868384051476307,0.002738867729681037,0.0016002120732524815,0.01055910562991312,0.02531491358392116,0.002138927424221541,0.15673546183122203,1.572719890547897e-4,0.0020064328085976505,6.381120822413857e-4,3.5731779881060556e-4,0.0011403739809431501,2.2183091285504574e-4,0,0.0012145998615986518,0.00396012400001622,0.005904471629204099,0.17849072793082857,2.3705025228954054e-4,0.007700825291886718,0.010522128391527556,7.821279734093623e-4,5.82010008901202e-4,2.7752375504459825e-4,0.009701905471801614,7.779815724053437e-4,7.000583185897579e-4,0.0033504535358767997,1.8489782807713735e-4,0.0036687824504983515,9.215423254226703e-4,0.0040724295246549625,6.137258481399295e-4,0.0020778039539556827,4.3856466098114505e-4,0.0011504611940676658,0.0035312125609834864,0.001475237810601589,0.005657433310158139,6.199443338508182e-4,7.039259302082453e-5,4.325754977379432e-4,4.0382820490089856e-4,0.003600477085118431,0.004559269859336501,0.0063914046280153045,2.2024807775022863e-4
0.1239748701621875,0.047141515784285166,0.025896969719789054,0.008517523829089933,0.1709000282459631,0.007126150881633131,0.15395513739183755,0.0020412513746765355,9.837844626536154e-4,0.007184444818400418,0.003704469286178578,0.0019051966122492446,0.007848292358215735,0.021701256936868106,0.006399628519537736,0.15294740694169884,8.865518967413124e-4,0.0030083069479789333,5.169597453398453e-4,4.5566518876555246e-4,6.735501511763155e-4,3.5784881563125093e-4,2.366322868691072e-4,4.612347112805384e-4,0.004477730724590901,0.004245732240780922,0.1667831360412514,4.428438539436639e-4,0.008036984803366756,0.015590925985768844,1.1088178524728557e-4,6.331371938535722e-4,5.657542349047339e-4,0.008602835310807244,0.0022399089436460707,4.8536321769399943e-4,0.0022969296680424053,8.251306657778688e-4,0.003756627223343397,4.488599171564049e-4,0.0038928866053371623,0.0010091029536691575,0.001428599477900455,0.0011035066379037463,0.0013602521225702143,0.0013777357756647884,0.0010391586356069725,0.004460923890062359,0.0011371932929705787,0,0.0015477629921424334,3.5881965354010134e-4,0.0024492423067092543,0.004986065668957437,0.004795436561060286,6.858545466824784e-4
0.12364002207014932,0.04651945462894178,0.027802554976743533,0.010396614741061887,0.19278589496088674,0.007367429301227365,0.1410960273023615,0.0018711373052744903,0.001475001632030775,0.00659709033906292,0.0034588113785560806,0.002108001578958197,0.009013508080772524,0.0221785321193477,0.007673455851214748,0.13500047834343581,8.889196142374144e-4,0.0037617037450454385,4.4976266338993075e-4,9.071584166764268e-4,0.0014033440842142581,5.596143394925238e-4,1.9039765834815713e-4,0.0010273752160378123,0.005809054183362191,0.0073640188955717235,0.1612699378126736,6.108587248529517e-4,0.008166422484810353,0.01201017822662465,4.8826417238302e-4,7.59659558035452e-4,9.234794589169145e-4,0.009054401897905885,6.453067114182723e-4,8.097574381561828e-4,0.0031934990258290718,1.6893521287353875e-4,0.0034259685424523558,4.216557650717575e-4,0.005118783852310268,6.304909829032548e-4,0.0018849990862287742,8.126845089435193e-4,0.0024510498763800036,0.0023553926984754133,0.0014172250562474087,0.0035317351063175856,9.453064001211836e-4,8.956649011063056e-4,7.440629790221736e-4,3.858662358416305e-4,0.0022991723251210286,0.00428424922192677,0.007430360514542227,0.0015192677961071935
0.13021988658618502,0.048238299458779894,0.023023390624242145,0.007858915117675664,0.17572222021392572,0.005900409762880955,0.14627662500965094,0.001770393607406923,0.0022004028580499984,0.006537783932705004,0.0023053561420610675,8.914447742125808e-4,0.009597461107870272,0.02653800369030136,0.0027576782972884447,0.13504041003558706,7.484468124635984e-4,0.0023693981205331247,1.0086294491489483e-4,1.921525936375849e-4,5.410829628200935e-4,0.0014022350668695623,8.334806563152095e-5,0.0017478066873230812,0.005529544223009733,0.00799827841676711,0.1815621891309925,6.884898254003707e-4,0.006589321520812818,0.011583935295292475,0.0010280761002702662,4.2817223982487854e-4,6.676719737670118e-4,0.008476643167640439,0.0012111805940897642,0.0013091862696564137,0.0033508493391516104,4.811149595209358e-4,0.005116127776659631,5.948957245086883e-4,0.003216545594010683,4.5622746434142655e-4,0.0015219666848575654,0.0013073064506010231,0.0016820076726970666,0.00302033231420325,9.679289494450627e-4,0.004155965059637706,4.949509775108694e-4,0,0.001963448543068607,6.209650051144912e-4,0.002712747456033702,0.004562403415725525,0.004535439520503836,1.0207386186799852e-4
0.12336273905664522,0.04477565002682282,0.02197426519249944,0.009402877188765184,0.17737991475016324,0.007021779794481725,0.15580085792020443,0.0016573353454266506,0.001469081692844645,0.005675930993345543,0.0030267931193863193,0.001981679556661575,0.009621430468074397,0.02449549442334861,6.020654445417301e-4,0.16002678125584419,4.650558085039359e-4,0.002897119596592138,3.5762360124827654e-4,3.817726125351486e-4,0.0012084335544877984,5.79848914815036e-4,0,2.212346793266674e-4,0.0053868842675581915,0.007485534239629711,0.15460435045413531,2.3777321520941492e-4,0.007047118470618842,0.013800011820773072,6.661064082031682e-4,9.449105866638767e-4,8.010686171254952e-4,0.008765638945479924,8.627265169794215e-4,7.040205285583602e-4,0.0028376624387115574,5.107705866632876e-4,0.004216771851090995,6.872962749687561e-4,0.003702495046168938,2.4629214744039876e-4,0.0017044214608604965,7.943374292194631e-4,0.0020493597593797576,0.0026637740581960624,0.0010839817203653372,0.005055948004491928,0.0013717548450706862,3.548467785611586e-4,7.458958870540869e-4,0.001055368286487329,0.0028540405568154605,0.004889506407493382,0.004528720667007301,0.0029548467264541305
0.12197116500911201,0.04594940934764304,0.024690870808643236,0.008731217367694106,0.17487163291621222,0.007325089103959144,0.15294604293954892,0.0015659030049365655,0.0014314557063621208,0.005969031000558886,0.0034968763595025205,0.001514008614597222,0.009284294507685151,0.024614616318280796,0.0018001782766351518,0.14836803663556206,3.206637046407e-4,0.0026619012083196098,3.86896614805806e-4,3.118309684112269e-4,8.4434686690118e-4,0.001135911212651738,1.543686681392005e-5,1.2973124819373483e-4,0.005591859144452723,0.006814111298606943,0.17592300829185423,9.30882286923418e-4,0.008357905426694946,0.012002083040460753,0.001128654585144174,7.390842398934993e-4,2.8115415771547565e-4,0.006492819460581443,9.959053741532694e-4,0.0011549315342238612,0.0026098327543327506,7.089672533455675e-4,0.003650088901192791,3.8748241419238284e-4,0.004368010762182767,8.341549568290161e-4,0.0017632760312349957,3.758234806564209e-4,0.001297666089013875,0.0028863483307353306,0.0011123087192821176,0.003726116034346501,0.0013307202384435868,0,5.726096599629884e-4,1.4595203267081357e-4,0.0034727943315286643,0.005718837930635096,0.002013145364263746,0.0022769192667748
0.11852113725269998,0.04883365303557968,0.024875566395768205,0.008953230929549257,0.1700412282116841,0.006532225588462393,0.148536042874052,0.001385161211362882,0.0012655025758636549,0.006939610979229426,0.002627801605772663,0.002048950122131256,0.009314455176237562,0.02620865769509061,0.004047041504752361,0.15900139006169856,2.2887660355514638e-4,0.002451050825249811,1.2677637814790496e-4,8.48048274823262e-4,0.00190733224357334,7.089363129810747e-4,6.832402938961342e-5,0,0.0051976719191910055,0.0052626221584529485,0.16972750397094571,1.8830596899289332e-4,0.0062628952112866645,0.011010727124508466,7.427162547135189e-4,0.001125093296751111,4.732019019635635e-4,0.009534962552949422,8.706828454705608e-4,0.0012657339390857885,0.0030440396953246938,5.587566550557975e-4,0.0043050726081991205,0.0010598757782895487,0.0030739599560198694,3.017345225467126e-4,0.002326914057023381,7.333508687513925e-4,0.0017045130033199083,0.002122608109725775,0.0011614473419505709,0.0040745490694554624,2.685389927344959e-4,0,0.0016638366042448494,9.836188140734563e-5,0.0034034895855133175,0.005061291555057407,0.0074943569453247046,4.101857380892421e-4
0.12019427633973759,0.042434116627626924,0.02375568267276278,0.00838328003884086,0.17075257369372712,0.006996540826662436,0.15753110996896233,0.002383208972352977,8.001560197030738e-4,0.006235560492693379,0.0027036215739960276,0.001734760087598093,0.010218881239420297,0.02498120442933732,0.0024965924661054734,0.15611740043623287,5.211360614644938e-4,0.002652483779202304,6.166527602238538e-4,6.361419828241925e-4,8.141423286392901e-4,9.769711400241616e-4,1.2248426485607914e-4,5.79140980938662e-4,0.004714306693347909,0.004672861553284511,0.1726325054062903,3.095515181892164e-4,0.008018935943029045,0.01183495480657162,3.853431374454197e-4,9.365071257900719e-4,3.1032886840727444e-4,0.00715689327558999,0.0021471662788902163,6.141500954281634e-4,0.002797215987688958,4.950467882355617e-4,0.0034993134333695104,3.2731445405157216e-4,0.0040202269781315515,8.468323546126243e-4,0.0024168390233763565,0.0011236231491674603,0.0016724841436506373,0.0024949253191221474,0.001026320483826377,0.005770755074543823,0.0013510536901205916,0,8.978379355986768e-4,3.888070257876875e-4,0.002246039523286474,0.005672301155312091,0.0036814299601176208,9.000096338039233e-4
0.1221539968827247,0.04589786032284669,0.02367931801133833,0.008922412054226123,0.16573650757432287,0.0063378006214993635,0.15661642697225794,0.0017406209172440544,0.0015097968155205178,0.005138581176369594,0.003959187720615823,0.0019981322970822916,0.008323993188890573,0.02293200460345867,0.007581584170293182,0.14816609375872652,4.916821621161911e-4,0.0030125767701922584,6.377614188962379e-4,4.0395012852457725e-4,8.321756302611725e-4,7.686729858600903e-4,1.6125414502951118e-4,0.0015538354335558524,0.0059216001025404145,0.015003902037532416,0.1574551755241698,2.910422460665461e-4,0.00719086825389632,0.01686401501315213,1.206496900006853e-4,0.0016076931443287682,7.081835841379973e-4,0.010178189267240898,0.0010775015667234226,7.703948618422204e-4,0.0034790251467981385,3.344151970431791e-4,0.0038102729794828373,0.0010186958463114075,0.0040333896005208805,4.769379980306028e-4,0.0023300896589209534,0.001107349494240195,0.0027601687572245907,0.0025719969842157367,7.344956842082341e-4,0.004260303556267838,0.001466153574118524,0,9.633925397228388e-4,5.166084563426375e-4,0.0026260885903502786,0.006333651315635334,0.005021211044219064,0.00041031252286194203
0.12972694202006987,0.04443931946605264,0.022702135890494888,0.012056160069860742,0.17292607110639893,0.007566873567005802,0.14948628729726623,0.0026171807237000424,0.002011314028854372,0.008199303265036881,0.0026545297114087415,0.001043878643047096,0.008588245477326532,0.027036641026200778,0.006001551664647304,0.14428726526341643,1.5461437162307047e-4,0.0025267280245514063,5.20461578871722e-4,8.424575792246919e-4,0.0013612021778488751,2.3047068233905002e-4,1.017352126165443e-4,0.0035365208568852043,0.006051924788193175,0.004452771302270137,0.1586226685857899,7.549076043175456e-4,0.007489753885892105,0.016074943009586912,9.204965474399419e-4,7.463502470599957e-4,6.267000631358844e-4,0.00801407438179343,0.0012692221677069351,3.141696408474412e-4,0.0032579560853731038,7.447847857602053e-4,0.002314764488800309,7.254241275281953e-4,0.006235961000862209,3.2389372105960857e-4,0.0031634656227226125,0.0014717154445402988,0.0016200655899521717,0.0013145677843386951,0.0020026897868041737,0.0036323355951390166,4.6958081273698355e-4,2.737470101128012e-4,0.002018780233232494,0,0.003675449229442623,0.004538248768541636,0.005446592305866138,8.141056784054725e-4
0.1247375872079663,0.0457708852966347,0.02343385940708015,0.008629418558498615,0.17377371226035931,0.007475564711846782,0.14984806694758304,0.001263075169503655,0.0014455945727130535,0.0062500722587448855,0.004136430921351032,0.0015646303475966067,0.00890337015941597,0.023183960537858473,2.2633651007305136e-4,0.173581786730268,6.993724717123407e-5,0.002295194697799559,5.321081488779568e-4,1.5634466785820905e-4,0.001749964404674456,6.559181290546019e-4,2.2180895858979995e-4,2.559208304362087e-4,0.004564934291587228,0.003874216595091292,0.15611791459475008,7.814631949180246e-4,0.006808885529447005,0.011916792100853878,8.517920050123805e-4,7.945449482574455e-4,5.614533819946541e-4,0.009994162489654958,0.0011817604094899116,8.405994152090719e-4,0.003196114217732369,0.0020292073222128704,0.0030106755751307837,6.100223714430628e-4,0.005101791711104574,0.0016397412796019686,0.0026504505032401053,0.0016845606464499089,0.0019092564509239,0.0010755625884267515,7.996629609570925e-4,0.005196781216837685,6.107576475272883e-4,0,0.0012938782451165057,3.931999396846291e-4,0.002907502332947157,0.004898626522338827,0.001689467441629426,8.526733884734831e-4
0.1208969702181089,0.047018363501377974,0.02499823232860678,0.00889427756582494,0.17596063320969635,0.006053327895772043,0.15126252779491697,0.0019454830154837885,0.0016269884471234815,0.0056604975364118555,0.0029619314030356167,0.002231227725543879,0.008826792355201785,0.023667945289260865,0.005803098229751578,0.1530411850608858,2.5505168800639644e-4,0.0020361767905064908,3.8771106911419657e-4,4.365705627882735e-4,0.0011924011927603026,8.009841865327279e-4,1.5245740135729996e-4,1.8612065058710948e-4,0.004674732780938729,0.0069323828168063,0.16716774147041982,1.0792933720411148e-4,0.00722569714187996,0.014372048779204989,0.0013576873101686226,5.222130979009992e-4,8.234640025281966e-4,0.006534639018117431,9.869863156682335e-4,6.248221036057245e-4,0.002451978482484211,6.563505636069554e-4,0.005300013158496425,4.015062915137013e-4,0.0046300300241257685,5.771666853457317e-4,0.001851369778533064,9.768764425921075e-4,0.001085853146511259,0.0023762521117393445,0.0018444999864833636,0.0048307665350562305,4.4899174582977786e-4,3.6644550100572136e-4,8.379851671323562e-4,3.9408165447610624e-4,0.0035423015808845244,0.004352572020962644,0.004789294361363956,6.583654687582489e-4
0.11685437003692882,0.050346347079495896,0.025258408310102877,0.009225539862406595,0.16235839373291014,0.0048218375259384836,0.15503133076810435,0.0023594136061481415,0.001315090718656043,0.005168327112282559,0.004262547254339739,0.0018735017615652595,0.009000871725967417,0.02668943887450019,0.0061534742348359,0.14890026490255634,9.459136784072598e-4,0.00289738856317337,2.647664972431579e-4,7.536552978086546e-4,7.324342397121191e-4,3.637403640386826e-4,1.0152100790279465e-4,3.663667286494095e-4,0.004395458179023102,0.005623993148165802,0.17774112596780325,3.682146896292711e-4,0.007297479354584666,0.013940899718024447,9.680694510174503e-4,6.185288385867539e-4,4.593521316719963e-4,0.012822372150705239,0.0022790701328128517,4.2111364073987227e-4,0.0024214075596439804,5.492478180597615e-4,0.0036849657790901337,4.382207373855749e-4,0.0034599552219538414,8.899238357935687e-4,0.0022282156393999887,5.970085629035185e-4,0.0018193911741498498,0.0013676654328261392,8.293828739270236e-4,0.004242935925980111,1.6266599891779005e-4,0,9.897094564578482e-4,2.0717771231938608e-4,0.002822340968766843,0.0037227879928335506,0.004028308427374409,0.002558067595777761
0.12844035584204952,0.049165173098993424,0.026875328484509138,0.010063619565899132,0.16362322509966687,0.0069423347777059375,0.15578268573032336,0.0013990628091561303,0.0014435501067687666,0.006332210367200235,0.0028124138950533705,0.0022383918332082196,0.00756176718437628,0.02498698090236086,0.0029995697040789914,0.15437392229982116,0.0012094504038976462,0.0028480138283068102,1.3254938804275462e-4,7.719577588872767e-4,9.534062864919295e-4,8.101795594019468e-4,1.1166133171854762e-4,0,0.005601812095581568,0.005491290928967305,0.1656719315826073,2.9728703930733e-4,0.009572750981048154,0.011566757013161622,8.580685969409215e-4,0.0013620013134901003,2.4002398238361867e-4,0.009362512602364748,7.096897691686259e-4,3.798781741732486e-4,0.003610438047190475,4.468104914134931e-4,0.004143646258197833,2.687998301503678e-4,0.0033177686133276153,0.0017082599847901023,0.00257149899853246,0.0012097707230041724,0.0014968946323352978,0.001807767093934652,0.0011592899013647365,0.004930238809242655,5.733319062170273e-4,9.119712183842531e-5,0.0012307842101354272,5.816666455751208e-4,0.0022736030813756154,0.0029192136948136896,0.0026672056194480156,0
0.13189215306625374,0.04587222067961876,0.026679280096101703,0.00931156659505506,0.1687182015685618,0.006806358703646373,0.14598665956004933,0.0016635704646134667,0.0014680779794448361,0.0048725225314389525,0.002288639217247965,0.0013375056608001612,0.007839410256318808,0.022707181252200035,0.002067343324542211,0.16436728090422145,7.174669671771422e-4,0.0019475636479003111,8.770603935042932e-4,7.109624385026308e-4,2.6439011800015737e-4,9.069269240924757e-4,8.236186613140617e-5,3.258567726022216e-4,0.005120441466039372,0.005448126372131129,0.16624521611813617,6.369455096688448e-5,0.007326413042501855,0.01068961271498333,3.138136013666693e-4,0.0010050880446562456,9.623860852531357e-4,0.011211570345602332,3.7204215110573117e-4,2.3012238672375228e-4,0.002101228292388181,1.8088919484677865e-4,0.004719640265201463,7.224599854346816e-4,0.004973703657891578,9.734249836636482e-4,0.002082088128849139,9.302405253698206e-4,0.001125350435542084,0.0031860346077974043,0.0014982423973753912,0.004360667120397534,2.8708072932950607e-4,1.646910254924362e-4,8.180154397059983e-4,8.968063456528374e-4,0.0028365469109473077,0.0044453857852558565,0.004998416301366445,0
0.12281931423133474,0.051635719128255216,0.02239346034757732,0.007881555317819457,0.16930972742484965,0.0068246272627124,0.1495065503771186,0.0012988728090349549,0.001431238588971964,0.005598847909989188,0.0026215184379650733,0.0019553580662616476,0.010005164797585623,0.02869451098738555,0.0018100066605656313,0.15299093114411377,3.78934417228091e-4,0.003611040358357752,5.417982635932803e-4,8.016597850127375e-4,7.534447427322169e-4,4.613183589614263e-5,2.1031748284264733e-4,3.7422667765577087e-4,0.006612849304327051,0.004494046186967856,0.17351224708535867,2.5623568506313215e-4,0.0070546834627180505,0.015102744141073769,0.0014250194544586168,5.80198565046924e-4,5.462777234630032e-4,0.00863888778341349,0.0013043048904482935,5.373857493325134e-4,0.0036529100396164456,3.3928072138482933e-4,0.003846484795494815,9.825902358989783e-4,0.00400344646720139,4.6110109392867745e-4,0.002470340781113314,0.0010414752505007736,0.0015087641769126697,0.0024218631555355348,0.0015745973846130964,0.0038002877157696075,9.499731989090175e-4,6.440594768524301e-4,7.574723599410115e-4,0,0.0022058206171413955,0.003332381967846209,0.0022781553208187245,1.6915815399027448e-4
0.12244547565988138,0.05045213648545565,0.026563162080690407,0.01007163049221867,0.1677147257042318,0.007167195439939949,0.15686690634271014,0.001971998541965983,0.0016635732173001072,0.006717690900973927,0.0019443062803044132,0.0017969030798149596,0.00943493276407891,0.02383784318188801,0.004129061462092036,0.14808366892297448,7.18792325704391e-4,0.0024691420338536054,7.093423776056248e-4,4.0430155345841e-4,2.4698799438832114e-4,2.6552255489550034e-4,1.7995980720160592e-4,1.5188798914578117e-4,0.006620338636043109,0.008052043127675705,0.1640100171771684,4.726768045875317e-4,0.005826796456497761,0.011970534237992823,0.0010259116684613536,8.013848774895849e-4,2.196624189113021e-4,0.00979260931565933,0.0013193104223281464,7.21355023493887e-4,0.0027329754446264298,3.083178253277416e-4,0.0038206919938661757,9.80561965264106e-4,0.004821391772329165,0.0011006898286606938,0.0031656260320846196,0.0014500302657368168,9.182407635440612e-4,0.0016438312609604443,7.244576488636108e-4,0.004906786221436146,0.0012563379582862177,5.169763094769041e-4,0.0011925503359465762,0,0.003015080069537888,0.005071128616627189,0.005509910447742795,2.4627880599406393e-5
0.12156632953195101,0.04947047527521838,0.021353895265974192,0.0079781486506815,0.17338697369089334,0.00838135265364094,0.14292502171591767,0.0012164255315633243,8.780127829512571e-4,0.006925499138996645,0.0027873693358668513,9.577610644576801e-5,0.009417894080565278,0.02408684454879209,0.001241395111448028,0.1802740505410232,6.012004206616264e-4,0.0019637208055172557,3.908400428575346e-4,3.8653746028072684e-4,0.0018834210811584276,3.400121836126295e-4,1.971820032389725e-4,0.0011258749556279485,0.0042137715238027736,0.004785559880785859,0.15254040798299226,3.270878717914959e-4,0.0069571660528720955,0.013065882783860961,0.001305949613993236,0.0016047100099587837,4.5014791634846675e-4,0.009294850573425764,8.412284452637205e-4,7.02834853894775e-4,0.002382914037217558,4.231329246569602e-4,0.0042117221643543845,2.32290727112632e-4,0.004478395382655059,6.83713224901661e-4,0.0020938335785007606,0.0012795899308050617,0.0022198794271062095,0.002822714811542675,6.581388556566284e-4,0.0034905507820236054,0.0013372804448687694,5.401691348857177e-5,0.0015832288649202133,1.574776110739735e-4,0.002608036727426779,0.00664109994304315,0.007087040473658198,5.910927511123455e-4
0.1212184973771965,0.04841813112288906,0.02520230311955994,0.009259237295389697,0.1722329711125817,0.009729733519810243,0.15510455602779233,0.0013600712720905747,8.311176740737753e-4,0.005302517093630903,0.0022500230247083828,0.0023691912669547067,0.009620907935668822,0.027314848824981065,0.00596835460288141,0.15086678786544327,7.07523474560371e-4,0.001766498870264231,8.585854173133862e-4,6.354686056597499e-4,9.86865509197688e-4,6.133098712653556e-4,2.715802616417714e-4,2.913693828770493e-4,0.004533378571647301,0.010178602448405315,0.15656871908886164,5.087127675758288e-4,0.007131957951238226,0.013717732832515596,7.45592344596707e-4,8.949020336400598e-4,2.441733473441318e-4,0.009439735014901317,9.314550138555363e-4,4.4871693770747584e-4,0.0030745087147606197,6.052106605765348e-4,0.003756029445974894,0.0010055390167749002,0.004462340360750932,7.202236343475506e-4,0.0033265936263699018,8.692098980789039e-4,0.0014670215868495078,0.0025267755930106013,9.991461122199313e-4,0.003943060628346682,0.001301073281272551,7.338885574478627e-5,7.424430347492504e-4,2.4965438804086114e-4,0.0025928688454171416,0.004708354761197693,0.004238538951942341,8.138897228532684e-4
0.1255289284839751,0.0496986755059062,0.02664243048216087,0.008615939399753728,0.15954773334763062,0.007131682061518155,0.15638093040002127,0.00207011584072645,7.774923924352787e-4,0.007053088302667984,0.002256271956594813,0.002316083460666652,0.007879564031160406,0.023296772976608572,0.002597374984251147,0.16086295745764195,7.092576359341278e-4,0.0024633064262753347,2.462525393357333e-4,5.758306884990544e-4,6.946020694385076e-4,8.290468269881317e-4,5.55858820983902e-5,1.5728667885560877e-4,0.005777757510842679,0.00652503105300519,0.1678921008634929,2.5282059104986043e-4,0.006738689289829678,0.014658678424489141,0.0011569653146513653,0.0012131707833717832,9.772114957553313e-4,0.006191283104340392,8.495384910975164e-4,4.902478277075301e-4,0.0019044542255839754,7.732475296385572e-4,0.003920398826271389,8.873570116340218e-4,0.00647069346949263,0.0013984058016920887,0.0025803298091950566,0.001623201023082828,7.428095105999978e-4,0.0015462502539206463,0.001262354930469038,0.004293243271489691,4.318546318880759e-4,1.0076063232935258e-4,9.239238885180645e-4,4.3840544981891e-4,0.0029133714938712335,0.004299963804721216,0.0022105664647115953,1.6770339029418041e-4
0.12532737260173435,0.04988024133789373,0.025737462449645542,0.00913833096431938,0.15667153995375313,0.007289635355286053,0.14785385240751903,0.0013040315712728927,0.0014360753748339904,0.007867923226318166,0.0025475237708211733,0.0013884861774544615,0.010466829662556356,0.02536675239269445,0.004300846591631019,0.15930944206301384,4.987721275652987e-4,0.0018972141964053743,4.3948771187871e-4,6.714861511686321e-4,0.0014089440467333256,0.00024903762317433665,7.253663640331516e-5,0.002694077304701612,0.004611065015075533,0.012213977050278475,0.15726557885629194,5.711291274195624e-4,0.005669620003074565,0.01733212988944885,3.1785014097852313e-4,0.0016063552331509257,6.638673358557135e-4,0.007610083519758819,0.0017739826098487686,0.0010279293083531502,0.0035114138724605306,3.5677176062790493e-4,0.004036982407970699,5.041668687585684e-4,0.0037096848843952723,0.0013855912415973856,0.00261731855084472,0.00198782412971347,0.001900129453260667,0.0015224575728464101,0.0010035206714580094,0.004017127179935249,4.89566715373088e-4,3.17675987873435e-4,0.001493502623313178,3.1039639345667523e-4,0.0022821207822588487,0.005091663719124467,0.007768952868780747,0.0012116625276376801
0.13188032449768888,0.04702322250950485,0.025693057261260335,0.008008653882337452,0.17034123226254863,0.00731820357781192,0.15196650660955244,0.0014051160753986883,0.0026104807463261546,0.006233285048493164,0.0026599858545154776,8.504374776879848e-4,0.00909233521071965,0.02406898926785601,0.004267981758485232,0.15357652198052177,2.5631397795474186e-4,0.0027601304207007377,5.483828069151352e-4,3.971133872819829e-4,0.001159106521698328,7.027810240702832e-4,5.7639202894594085e-5,7.38495172061335e-4,0.004572651557936591,0.004059542207526783,0.16937446919666438,2.1972915620610916e-4,0.005582106804879683,0.012435138620967848,9.75804629765596e-5,0.0012087680404234387,5.699107006867059e-4,0.007268700176695294,3.180012903642482e-4,0.0012205439613419305,0.002199048486614606,8.786987063255645e-4,0.0034853360851683055,6.579703657954649e-4,0.004123975239676057,2.2970442216975232e-4,0.0017879955171177405,0.0011465448138793743,0.0022212639039145645,0.0023168394900284894,0.0014836257356927356,0.004015335852986414,0.0015628072357847743,2.3465832046106608e-4,2.2000608874154864e-4,1.9191944829666997e-4,0.0017218282058011874,0.0050178979403823175,0.004646214868401402,0.0013148905618066465
0.11971939211845933,0.04345889558987442,0.02473941012465419,0.010718324840332718,0.1755061781934409,0.006866182771626869,0.1559040901828336,0.00164864147148273,0.001483303879906908,0.00609372097032877,0.0030406674079427776,0.002541012378495606,0.01011211603584387,0.02704967871537569,0.002045574639675915,0.12986609383232958,5.993992541529405e-4,0.002950367187825844,0.0012442488487771559,6.656550753716869e-4,9.826155168839777e-4,1.6379559735652557e-4,0,4.285123767325975e-4,0.006286964627153899,0.003870507731060802,0.18847889479569493,3.745005197516486e-4,0.007391733783137921,0.011194534633413642,7.19687678003683e-4,0.0015363207841189248,2.053089569195211e-4,0.009954715238089017,0.0012655216070572104,5.19034767355009e-4,0.0026072788024460477,2.7178896370372334e-4,0.003876340964551599,1.42006010001882e-4,0.004287008997936131,8.345410117579112e-4,0.0017259515060232206,0.0015127318699190882,0.0012784449305092874,0.0032716470524015405,0.0012196731231916532,0.0050935787051874645,0.0011400403330718554,2.3920639053426335e-4,0.001527941055771817,9.185547856996326e-4,0.002981815106417169,0.005801305419927153,0.0015146965128258203,1.298463266619503e-4
0.12421494841205875,0.04687505147815752,0.024724538018875947,0.010083838628559414,0.16193217395057857,0.007595447932468471,0.1551903699384473,0.0019327281202066945,0.0011987475589262055,0.00482705286089592,0.0034932048373067003,0.002262007955599987,0.007933311571327938,0.027603878577952476,0.004625185304591731,0.157370814531485,2.3320406012369437e-4,0.00254613258258981,3.7238275214168784e-4,6.083556413083514e-4,0.0013924829435353096,4.3408204318982115e-4,4.3786922434324734e-4,8.893674657728963e-4,0.0037299339727824778,0.007319259490091381,0.1679775561720579,2.6519208638550734e-4,0.006784693308344169,0.012092527895959002,8.251705508833891e-4,6.963818394389986e-4,8.44360270690687e-4,0.011676555436076735,0.0014597390337154736,2.9686475650959085e-4,0.002349768817372988,3.863366824282139e-4,0.003790732180913935,6.886088517621471e-4,0.003883658486844221,0.0011977935756500757,0.00216543069030703,7.433273144601056e-4,0.0023792765032696456,0.00169724102594402,4.5251247458082035e-4,0.004799350625231522,2.156968409600434e-4,1.5353490732808895e-4,9.69341879217786e-4,1.5259643072221133e-4,0.0015945106277468926,0.005286024025164523,0.00351417653197046,8.346703247465344e-4
0.13252501374526554,0.04638684083271981,0.024693973721956114,0.008658471445544536,0.16553002114344723,0.007358967670075568,0.14620979794007974,0.00225193947916206,0.0011096708302669547,0.006341853306292701,0.0020494890800585265,0.002417163026822145,0.009936641082539003,0.023877460627353613,0.0010355883234077002,0.15931562936032093,3.516767680152652e-4,0.0022555568208431965,4.289156987661432e-4,6.146876705870286e-4,0.0011996981759502502,7.281831572826293e-4,3.144998749760563e-4,3.700677490586598e-4,0.005734625412852874,0.006519882260629549,0.17784426911418108,4.2495769267988026e-4,0.005751004705159095,0.013064391900615513,4.796926234271007e-4,8.306612504622972e-4,3.1146667467924904e-4,0.006677858922981814,0.0019153171290498573,8.975190816953172e-4,0.0022484426584518354,5.899730045061198e-4,0.003282776322160569,7.35796368543333e-4,0.003804561911507669,2.71635376828188e-4,0.0026254999013398048,5.105714127005965e-4,0.0013805620489687933,0.0020717730436625803,7.856654524005273e-4,0.004480084736372307,9.762151548687179e-4,1.3943286264437747e-4,0.0012921556354200446,3.3673864321601826e-4,0.00227834427525291,0.0042695609307021746,0.0015067559612484147,0
0.13190030421406523,0.047157095697445583,0.02406967947928388,0.011041106939519353,0.17504684261824607,0.006308642324544568,0.14380612699901082,0.0012260570520963852,0.0011919931486069812,0.006574739090550329,0.003515199974758864,0.002002646839550546,0.009971822282833743,0.023415298798032825,0.002576992117174781,0.16724221893338315,9.644334495657375e-4,0.0034899559563949835,7.568595087626155e-5,4.6679044360079495e-4,3.8793876908393765e-4,3.775208861647679e-5,2.9428547818236716e-4,5.215882104442802e-4,0.005909600146123709,0.005913410923170695,0.15537444161737532,2.1422151968666597e-4,0.006053584611258366,0.010036804511415627,3.1574657131265793e-4,8.315818680171313e-4,0.0013716088983103981,0.007221549703001302,0.001392906828487255,6.300411167264945e-4,0.0032054722344024645,6.051647963806439e-4,0.00488837376641383,4.157073515277795e-4,0.0032883851900433075,6.983709169539189e-4,0.001802884440065598,0.0010414854102064365,0.0019464612411820299,0.0017974735087374714,5.911287803771987e-4,0.004338255997086276,4.0145747145428005e-4,9.66866102661489e-5,0.0011242149224471973,4.27001883793914e-4,0.0029348395707399586,0.004387365612416251,0.006473540202587631,9.85034922164099e-4
0.12048308484181226,0.04306578700553548,0.022741417727181055,0.008387712429735749,0.17932974830696027,0.006296102052992675,0.14976966535307792,0.0011340816875530357,7.551769418629247e-4,0.005036834467244277,0.0041171463277378745,0.001697412375503052,0.009446724082191939,0.024929371961896096,5.818367301746957e-4,0.17046387233909752,0.001200787156118811,0.0027424994102953877,2.949842679456046e-4,5.481681522484275e-4,6.700246685386571e-4,0.0011164006733932448,1.2720569171042394e-4,8.574940094693814e-4,0.005988771418896229,0.004614627187476874,0.16114857959929219,3.198788802431165e-4,0.005440200043713862,0.011867401322600939,0.0012613440657054911,9.377470274758896e-4,2.2888733947898645e-4,0.008571855342578785,4.297574519763813e-4,7.109245675073083e-4,0.002906111465909028,0,0.0033215801750894145,3.565343852212589e-4,0.006000629653288069,5.34463889365868e-4,0.0031400752897523905,8.400388817853702e-4,0.0020355018088149424,0.0013074062171559272,0.001675315887616995,0.004821518146628257,0.0010258675650963646,0,9.554336270359372e-4,4.008905191278037e-4,0.002251073554081178,0.004199360841644261,0.006845094911071361,6.959027409275793e-5
0.13383418363466876,0.04766048093137912,0.02854894858163385,0.010193919032529723,0.16505857001372934,0.005523156356602831,0.14332100125572594,9.169639141210285e-4,0.001993529521355377,0.007776578358509003,0.002479066762522284,0.0014139025280892768,0.009484438345374378,0.024642603666560667,0.002224311781934481,0.1758965221260313,4.6919927741639433e-4,0.0021243559140977047,2.5703506412420862e-5,1.4535574790246566e-4,7.645351002671007e-4,5.931320330552415e-4,7.3705609050124e-5,1.97777077401705e-4,0.004931555827311986,0.00493451645673693,0.1521863312080895,2.1637500039146075e-4,0.008299604366722913,0.012182096679729701,6.282477226762299e-4,6.268643358762771e-4,3.4771803921214867e-4,0.009161992202171473,7.231346988409037e-4,5.684882983136797e-4,0.003359279074690638,0.0015409881659806546,0.0038000584897041082,8.906071628704018e-4,0.0031829666674862696,4.691519889915987e-4,0.002370360024735648,0.001469577301214454,8.544922180718964e-4,0.002198716614772681,0.001491042505744274,0.0049044053251570225,4.395343401768886e-4,3.6668275473524843e-4,0.0018842123621395151,3.142475058748122e-4,0.0023520790143418953,0.004327968296817812,0.003291675756335833,3.2308851771464965e-4
0.12378779826824565,0.04946623517675294,0.021351106847298067,0.010162350030344767,0.16512134317959978,0.007061819307341932,0.15053078638068662,0.0017546218937038013,0.0011503206191236094,0.006546633284099167,0.002841291624364487,0.0012139446832627621,0.009948549181610747,0.025589961899375537,0.0031073122136911877,0.16119050806690022,3.81163245017309e-4,0.0030624115275443634,6.619011234685419e-4,6.001326777107535e-4,0.0010797547647227244,6.250798913231537e-4,1.8868372080568308e-4,0.0034525849982795084,0.00616993273395891,0.007049932145967578,0.1567581042073514,5.62922708327098e-4,0.007529325256673622,0.015316400161782937,7.285311816572964e-4,7.096839162258642e-4,4.673224881936082e-4,0.007770476142833519,0.0010001683965601472,0.0010101008296018537,0.003339317621368209,4.1969969875709406e-4,0.002553549796475554,8.537245020977996e-4,0.0026127524795053914,0.0014973715655118023,0.0014255493847501932,9.094015640671494e-4,0.0017909481685979165,0.0023200581704421143,0.0012701634026615167,0.0057686783397574585,7.756618955720993e-4,0,0.0018434948643016246,7.104236319655238e-5,0.002932964020173232,0.005957446169361473,0.00507408434452731,0.0026348968744683205
0.12824475815240027,0.04391228280201566,0.02752326405290896,0.007650048149489743,0.16550167390343692,0.0071214041000460014,0.1519741630949419,0.0015706414733278535,0.001464812483117511,0.006594005582193477,0.0023047452088047946,0.0018991979715272506,0.010084432115403828,0.024164637994763018,0.0017653329041577093,0.15609423531864008,4.964260300537722e-4,0.0021761157840315994,6.720955690495715e-4,9.019941875294591e-4,0.0016774897988482103,1.692078598514925e-4,4.812859643431986e-5,3.5808151264851137e-4,0.005514464846013785,0.00529745366116349,0.1725812014674209,5.064690158685513e-4,0.007090260217204882,0.009213524589402316,9.111156090373687e-4,0.0014668924563395283,4.992594530855025e-4,0.009471459338820832,8.55070882228104e-4,7.416116665358137e-4,0.0026035536154807954,5.749822345502589e-4,0.003740099471524845,0.0010897431242240202,0.004082091899757065,8.747838935128829e-4,0.002379843019517326,0.0015213367073217366,0.0012120497014506085,0.0017001515900413673,0.0012259383467224157,0.004577057549398078,5.765174221496928e-4,1.0064910343770966e-4,9.359998889411754e-4,2.2961471687064588e-4,0.0019625518606233177,0.005248715730346122,0.006559835853521259,2.8652642186566247e-4
0.13132181844657298,0.04664892864507664,0.023618419391512394,0.007851457460498333,0.16582975069629138,0.0078314774394595,0.1486122854065564,0.0016483814524965406,0.0016232059455161235,0.006833105608304565,0.0031976909938939676,0.0015945781224327728,0.010413403324273906,0.02346231406417536,0.006986445120520211,0.15109478320943623,2.3829473545140088e-4,0.0028258660841288348,4.0822884230413633e-4,4.5297759480452185e-4,6.149741148102815e-4,6.396733455843201e-4,7.202037006874892e-5,3.0970591126770476e-4,0.0051962262773351,0.005686264804206448,0.17283476881231297,6.540063146344229e-5,0.007221679376238988,0.01077624191896347,6.779986948840178e-4,0.0011014698293310501,4.7797555471489983e-4,0.009115496127270433,0.0022006359612026954,6.66453667045595e-4,0.0030430822731509584,9.233165797864921e-4,0.004148502174864379,8.564185342074826e-4,0.0031534271849978615,8.720075895598663e-5,0.0034799453987107935,0.0016888984691001698,0.001665441044955784,0.003383180199818181,0.001074732037337735,0.004116480392568308,2.9834044930318e-4,1.492773289256479e-4,0.0010373279624496749,2.650916111043183e-4,0.0020988555151770167,0.004162295073506164,0.002463045577921846,0.0017547434527516363
0.12631726388563705,0.04828765666525938,0.02321345036990155,0.010059778455615844,0.16636434651090568,0.007063974603311717,0.15134069331267158,0.0017959836956967594,0.0014240466169825846,0.007229642905078333,0.003318502911982197,0.00176051784047331,0.008773092405977343,0.026533896831339623,0.0038415287700822687,0.16237918421340317,8.115189954085802e-4,0.003645618211206806,7.15659054855368e-4,1.45457136362102e-4,1.695902450834925e-4,7.337260266716483e-4,8.057685402169678e-5,8.239988535776987e-5,0.005348626180417643,0.0054525006565339425,0.16409700081300313,2.9151114099608844e-4,0.004707027041508487,0.014348045060231816,8.683418112997084e-4,0.001215971626430338,1.7533681822688566e-4,0.007945002357153485,0.0015777181270785628,5.330544378908511e-4,0.0036211969309267724,2.2631073072086868e-4,0.003252083296777659,5.757317148402494e-4,0.0045288725682071365,0.0013964497406630395,0.0028763483122319247,0.0013444002052930798,0.001107892717467573,0.0025214352910650217,0.001106090050093785,0.00423321147736658,7.550124925675114e-4,9.788188320427092e-5,0.001606162337659945,2.770013611563881e-4,0.002141310717435264,0.003980755944417869,0.0014170856881119743,2.8652406573631187e-4
0.11405286154665809,0.04992885475626117,0.02683130461923269,0.011028526865009844,0.1726827112461997,0.0063729989926621855,0.15871455233924028,4.004598608160048e-4,0.001589865433669968,0.00674765479936996,0.002561362701656537,0.0016645303267200258,0.010089952532697411,0.02339578094481521,0.001906310880534695,0.15363382563588573,3.2221694056173397e-4,0.003421431431003239,6.550523049332411e-4,7.29567592747242e-4,0.002919515594017362,6.115393828082516e-4,1.7242254768694003e-4,1.2146883470577582e-4,0.0047576817464611565,0.004849756001393338,0.1618523543904905,5.091084997901907e-4,0.00703685532114383,0.01387900773298871,8.570304475153345e-4,5.357254376846348e-4,2.791023027320894e-4,0.010441342386776584,9.727616284436499e-4,0.0010994445254790984,0.0035282509672251963,5.100279564763266e-4,0.004605953330956493,0.0011174431696456832,0.00474390365791559,0.001053732626787044,0.002694300957545208,7.654097388916731e-4,8.208561379668089e-4,0.002704112867752192,7.255146508977023e-4,0.003904404008943627,4.542636933117893e-4,2.0846573090702454e-4,0.001160013089596433,4.811994091616114e-4,0.002684344549000271,0.005402757591554797,0.003468979770253746,0.001341127564418379
0.12920534724809563,0.04836321449451831,0.02479278462474326,0.008798955676079306,0.16149817056329693,0.00688514674621285,0.1583795314085545,0.0018920295831265214,0.0019391970256503214,0.00558352786723734,0.0030373395958226425,0.0015222548291910596,0.009184372563799663,0.025656808393338375,0.0028360345893050894,0.15368002621453483,0.0010259957071861122,0.0024922587977316774,1.5847395740845187e-4,9.309154833497747e-4,7.530601551643689e-4,9.018141086472167e-4,1.380791083231546e-4,1.9536369317251894e-4,0.004792597740432499,0.005833564186232543,0.1640429608817869,2.6992186665655404e-4,0.008574240914343991,0.010839734275959478,0.0016145819679377659,0.0010184851176321555,9.200680941385923e-4,0.009802182329641432,6.590153029571669e-4,5.003896618610934e-4,0.0027896935123209988,1.3877878236680837e-4,0.0036940780470775107,7.472278925575215e-4,0.004540779476837124,8.231571486711991e-4,0.001892286507685231,0.0011833019000837503,0.0018381044022514998,0.0014896479474769352,0.001233603629047447,0.005099764036113995,0.0013434240677081969,6.266992589849402e-5,7.446597738325253e-4,9.740767030540596e-5,0.0028102530576681627,0.005639199577046547,0.005067774460190053,4.574341079050112e-5
0.11970101120861684,0.05370949954545839,0.02208124323454302,0.010153194234485487,0.16773756332369805,0.008150157950244558,0.14440939798361213,0.00139797626317872,0.0015596105982914588,0.0071655870980707,0.0039786573011542535,6.884988804654382e-4,0.010111815616624824,0.02548557945333174,0.0018834478281945688,0.1650833742686886,9.21271748006854e-4,0.0023281042595658767,0,2.0657376718237556e-4,8.806019129465967e-4,0.0011189349485719185,1.7147511503738587e-4,1.1752808864476815e-4,0.005095954279509586,0.006481233465807653,0.15995039028591237,6.234932873514673e-4,0.007534434060584784,0.014985020633120535,0.0012343885233159929,4.48409735157751e-4,8.871460186378619e-4,0.00845737498749708,6.730662918138565e-4,4.1686514793781205e-4,0.0023901961598133646,1.2331292689188666e-4,0.0043160169643703325,5.435785800469445e-4,0.0050816289513811955,1.0590574073879988e-4,0.002212873357196974,7.029032562071292e-4,0.0017927666091825875,0.002149761613151659,6.80599626551076e-4,0.0040155975899074745,3.6346972702161316e-4,1.8987549881537347e-4,9.509725928419776e-4,1.1156154617588785e-4,0.0023623729117712117,0.006380718162160676,0.009490993803838428,2.0601303667409348e-4
0.12666294402312228,0.04726723257497297,0.024758321318764643,0.007367872687916893,0.1768574850562026,0.008419244467237384,0.14856575883495832,0.0012047599513109993,0.0017009839463135788,0.006083116945154425,0.0020013276832951494,0.0011434576392807406,0.010786180569788431,0.024791169187896867,0.0023602377406320373,0.14139931262283564,5.056614776637943e-4,0.0023470166761561956,8.793326400639928e-4,9.745604072523306e-4,0.0021954955862315143,8.595890348796268e-4,1.5791284371405163e-4,7.716395186057653e-5,0.00570527236231825,0.004813412231721962,0.170247582947689,4.632898607228979e-4,0.008885857882937895,0.01053083400692811,7.07262318033742e-4,9.990355397835316e-4,3.964918006163924e-4,0.010035589409978668,6.987242803621675e-4,4.4767279391500766e-4,0.002939330981922831,4.335460263150005e-4,0.004672737999513041,5.132891725597456e-4,0.004178155901632265,0.0010777298550515733,0.0017938232640908466,0.0017863027127739157,0.0010936509808782743,0.0013007871412354511,0.0017739759141419005,0.004792677953052426,0.0014380862967557993,2.7366199161185135e-4,0.001416711206690692,3.0677572356250897e-4,0.0017606549353114031,0.005118288260784848,0.009840913950752565,1.9173642885043625e-4
0.12005147340345532,0.04746159365936021,0.02456954645697733,0.010264646779828157,0.17356601047213294,0.007852184351034708,0.1484043317541061,0.0013793657148468569,0.001690283230184233,0.005667441368206357,0.0026218284555507357,0.0013548853713106442,0.008648567589737442,0.02496863270575424,0.004161459952182858,0.15686252649287608,2.9388737533742374e-4,0.0025362287245227566,7.661513075719294e-4,1.3457889530886364e-4,0.0023956588424321953,2.842713962493932e-4,0,1.0210054861781699e-4,0.0039861370422710285,0.00667976884168702,0.16724832197284098,5.290003864291062e-4,0.00589263139428484,0.013509485298514966,8.989044455090735e-4,0.0014783188091133975,2.9147356538646675e-4,0.007997039658251234,0.0010635084291202278,6.719496180745867e-4,0.0029960283449190508,4.961216287082988e-4,0.0042690823702999665,6.890137089394292e-4,0.004401363092410959,8.733125731829925e-4,0.002142670084174904,6.998320206313239e-4,0.002093162965172775,0.001911129905490493,9.406526387343283e-4,0.0036802548746392317,3.968217582696438e-4,1.1479064979800633e-4,0.002535439004878768,2.616855431549742e-4,0.0028369198960920836,0.004577395698759169,0.00769064645769578,1.0948247498029317e-4
0.1228173546884191,0.04774336476745809,0.02490114017684839,0.007899919535738929,0.17212861804402033,0.007344603062486602,0.1527158236339323,0.002277292998028082,0.001431774359040892,0.005700475699952139,0.003063294582023301,0.0015096673155483987,0.010096381046717074,0.024100192666896995,0.0015489082724887695,0.15933521781025373,5.957234794975822e-4,0.0019798218470427494,8.223924079329705e-4,7.257041604837122e-4,0.0011059000375915702,7.559497643567749e-4,1.7469639312433702e-4,2.5837597717498495e-4,0.004575539071484031,0.006127696749084767,0.16195317432399073,3.667546509461809e-4,0.006615957944438317,0.012179975888512025,0.0013413012298940249,9.725559893204302e-4,4.922764607860234e-4,0.010155814396412043,0.0017239827552125314,0.00099546384231565411,0.0025005162561609184,4.8700086972188806e-4,0.0034940828143670798,8.227133681278535e-4,0.003918520230903792,9.23447407554754e-4,0.0014946300256920197,4.1708931036439845e-4,0.0018367699259371026,0.002430197118884973,0.0010501937309662017,0.004674164190470617,4.45719056828842e-4,4.900341080616992e-5,0.0013291640696964,1.7427628907493492e-4,0.0029388256683226797,0.004959087960582425,0.007332525337364554,1.8898692871785255e-4
0.1276471094764675,0.049553317026284044,0.02538223324096365,0.011438473249777092,0.1732102828869715,0.007025237948782423,0.14689482703867135,0.0012778290018447432,7.343153365067881e-4,0.006117226476045917,0.0035203608818539767,0.0019619693884188635,0.009937870239178389,0.02279230930280977,0.0014233249551026676,0.1567197439538323,9.328702738222398e-4,0.0027411255940577224,5.5907575874042e-4,6.783137032294208e-4,0.0010584807078465835,7.19820423599585e-4,4.148042394546926e-4,0,0.003074406309190012,0.005038118934108215,0.1624324778393721,4.3411169812178173e-4,0.0072537463783641214,0.014213364567580069,6.490919888125701e-4,0.0013012872557798527,2.875040940497347e-4,0.009806935047046798,4.2861393440055893e-4,9.88566937153878e-4,0.003321985754647075,4.46520310130049e-4,0.0037943713416939404,0.0010997490565919149,0.005365325753785897,3.421595893437097e-4,0.002858623891820111,9.744678100845352e-4,0.0012887811305422766,0.0020307674363164423,9.002583137472813e-4,0.003641058685111649,7.077875589963419e-4,5.7773480801130176e-5,0.0010969749659541662,5.631248616407326e-4,0.00254608434771924,0.004668802258663483,0.005085843408735566,5.603939554331064e-4
0.12717048975103143,0.051486464726636046,0.022767712190646397,0.010316306327195015,0.17905354573567975,0.008211339423045081,0.14871826992851625,0.0015888946853781873,0.0016769778139309733,0.0061801531674141,0.0034364394617560955,0.0012246167104800708,0.009605428182544107,0.023082384889695454,2.8254610710336746e-4,0.16423078315577042,0.0013054097342891301,0.002222276496445888,7.165321743113514e-4,5.013275375390935e-4,3.090901556482838e-4,3.4130541189514806e-4,3.7691671893401327e-4,6.076463841503713e-4,0.005982752930484333,0.005134069336018358,0.14956397073212346,0.0010025433644604619,0.006449079781677245,0.013276847247675949,7.110761189118318e-4,0.0012341500967306446,3.5125712613468603e-4,0.007498795115064285,0.0012969363719039799,8.674815999699401e-4,0.003241554687599476,5.341163643239094e-4,0.0036050222003655586,0.0010006226246894148,0.004839202385342811,6.708776879641374e-4,0.0023454200077064756,0.002126863038791322,8.603412429358384e-4,0.001982032516872861,5.371955015893604e-4,0.0032351614686748483,9.78827424378845e-4,1.4389229143425353e-4,6.877849885957091e-4,1.9084159933374013e-4,0.0032689712686220437,0.0035303218331027776,0.005759876270958657,0.0016792579055267558
0.12079631265534334,0.04542980086031365,0.024873256683230625,0.009417303701548559,0.17254986354902438,0.006147959469377971,0.15446675992272793,0.0016616105916229032,0.0013190264248988555,0.006331302425476391,0.0031738290528201384,0.0014166403057060634,0.008963174123927815,0.027739312925141535,0.001563756560361261,0.1632269377898741,3.069127121105893e-4,0.002122804064918626,1.0247770931947055e-4,5.012672728696917e-4,0.002073602229605216,0.0012034514036827599,1.1460347405883177e-4,2.7193825456144907e-4,0.004177137536508097,0.005417083829411437,0.16356919672365222,0,0.007945096656881786,0.012483058148378344,4.462821196469157e-4,0.001641046077944615,2.2940940993993592e-4,0.00864941491323077,0.0012799764728729905,9.21363368632985e-4,0.0024416908706351406,4.78998898726522e-4,0.0035983721375889067,5.094269426096624e-4,0.0032718242412191198,1.9226801779526556e-4,0.0015726315592613084,9.057557458118972e-4,0.0012294521386044012,0.0026253713529672284,0.001531237687038952,0.004085961887731222,5.37031088895015e-4,4.10901066997441e-4,0.001726346505702653,4.2456532591435747e-4,0.003161456397885255,0.0036170303289800414,0.004140865004825479,0.0010058433811879085
0.13339512440475434,0.04219474568346746,0.024327337427931223,0.008712191488619604,0.17163478101266122,0.0062632169600470265,0.1417220477668237,0.001308813875444955,9.816475480984956e-4,0.006513956907555031,0.004328391936811246,0.0019844774772047424,0.009098900125439131,0.02187927493586049,0.0022343157082844716,0.16896771623933815,3.683273495305825e-4,0.002761821968840667,0.0010118200031958725,4.1310832564611053e-4,5.625114663559225e-4,0.0010480776466741427,4.4577012223983334e-4,5.342244134494494e-4,0.004783469771030124,0.0037877121023415397,0.16175344816931256,2.958868293570492e-4,0.006374681064667035,0.014461412454424203,3.423795401754173e-4,8.832092038382456e-4,0.0014751056284275335,0.007364761402882317,4.8445747116430824e-4,3.8010792851352754e-4,0.0031671439333533394,7.169354572340334e-4,0.004661187649289208,5.409465438710592e-4,0.004350356493395074,0.0011635442198274766,0.0023399620864303044,0.0013368108375333906,0.0015825787670962173,0.002856890916580719,0.0011457272578115683,0.004997448756471734,4.229742622297003e-4,3.128833992744383e-5,0.001526936262924596,3.704285326347737e-4,0.0027309608638339516,0.003952331465901768,0.0068963861538670745,1.2992883937884453e-4
0.11515865551882724,0.04599106835416279,0.024465612412734827,0.009537664195629321,0.1643661183423865,0.007718545628852668,0.15873442710248153,0.00149647207675353,0.002574009455236128,0.0079277076842089109,0.0024991316788081576,0.0013096189592454312,0.008901633214846032,0.02353107916015256,0.0020196790978196824,0.17562699024988912,6.44592744419252e-4,0.0030785865203683525,3.7186951558082796e-4,2.3845272295678504e-4,0.0013725107569292076,9.279114475664393e-4,1.6975194895481647e-4,0.0015123806115339806,0.005166199240302565,0.008616031737159021,0.14814536524224567,4.5026248764795337e-4,0.00688142027930067,0.012323475900468827,0.001555925055541452,9.308683414707205e-4,0.0010181517689923257,0.010101797638629721,0.0010725902121789211,7.58140177907194e-4,0.001929712517463993,2.4007222437587975e-4,0.003946036368427943,0.001242255311236174,0.0055984108068660105,7.003501121625247e-4,0.002106473564948377,7.267710288980713e-4,0.0014883131431425965,0.0019113260290551158,0.0017755930970333937,0.005939571488491974,0.0011945432447125458,1.9186484161381526e-4,0.0014397354024635672,4.41939954306691e-4,0.001666624324054864,0.004339495665264204,0.005794759051254092,1.314543420390248e-4
