i2_health,age,household_size,cantril_ladder,r1_1,r1_2,week_number,hl_covid_num,vl_num,region_Islands,region_North east,region_North west,region_South,gender_Male,i9_health_Not sure,i9_health_Yes,employment_status_Full time student,employment_status_Not working,employment_status_Other,employment_status_Part time employment,employment_status_Retired,employment_status_Unemployed,i11_health_Not sure,i11_health_Somewhat unwilling,i11_health_Somewhat willing,i11_health_Very unwilling,i11_health_Very willing,WCRex1_Somewhat badly,WCRex1_Somewhat well,WCRex1_Very badly,WCRex1_Very well,WCRex2_A lot of confidence,WCRex2_Don't know,WCRex2_No confidence at all,WCRex2_Not very much confidence,PHQ4_1_Nearly every day,PHQ4_1_Not at all,PHQ4_1_Prefer not to say,PHQ4_1_Several days,PHQ4_2_Nearly every day,PHQ4_2_Not at all,PHQ4_2_Prefer not to say,PHQ4_2_Several days,PHQ4_3_Nearly every day,PHQ4_3_Not at all,PHQ4_3_Prefer not to say,PHQ4_3_Several days,PHQ4_4_Nearly every day,PHQ4_4_Not at all,PHQ4_4_Prefer not to say,PHQ4_4_Several days,d1_comorbidities_Prefer_not_to_say,d1_comorbidities_Yes,vaccination_status_1,vaccination_status_2,vaccination_status_3
0.13048968854195506,0.04706736311942525,0.024852040231889198,0.010737043833474175,0.17150136158175217,0.006666314373245312,0.15017678657219327,0.001639636492414127,0.0010325423755542737,0.006637006047889417,0.004525392997178982,0.0021968454898091093,0.007977963723426788,0.024754507872868113,0.005492996916371733,0.16327668530719167,7.94611009572447e-4,0.0023821009709798203,8.756589198008277e-4,4.138001002464671e-4,0.001144315474522738,0.0012161624082156252,8.657266950641863e-5,1.0255271962988454e-4,0.006200809445859842,0.004041545917295041,0.14948597726686158,7.864405134801318e-4,0.005948375901326606,0.015046317993354602,9.079443205899031e-4,0.0012791699753331768,5.527260053784693e-4,0.010843222016784457,0.0010239190034655877,4.369973252189638e-4,0.0027471756942724426,5.316365886722425e-4,0.004430055340757876,0.001195503469276894,0.0033888712427587292,0.0015672739137123815,0.001568343631534819,0.0010573382403804836,0.001247693933195225,0.0012911263118218022,0.0015835839261780372,0.004140316601528942,0.001084607841163989,3.136203515297564e-4,9.217995951140805e-4,1.9245405604473848e-4,0.0016636619661102928,0.004946386868823887,0.0020659342646567394,0.0014692207284053968
0.12729413706204895,0.050311368984697125,0.025472834372370873,0.007961259645926658,0.1651734777752498,0.007007868907347918,0.15122319564816245,7.973255664917812e-4,6.32371168055101e-4,0.006626132327386824,0.0018051821557508048,0.0012034646894664935,0.00900385078283635,0.025079310179518567,0.00733710051916503,0.16510567689908162,7.169567674746388e-4,0.0031622741618832495,5.680874278373901e-4,3.114825117098642e-4,2.5242447628240166e-4,1.2127922370781429e-4,0,1.7917591803011718e-4,0.0052015320545819215,0.007929060957393246,0.15138545958099076,5.272370290629842e-4,0.007482898105986236,0.013074179539984809,0.0012854850502228708,9.216589961492307e-4,5.417609827801129e-4,0.009133554631762913,0.0010343309023794506,7.343173298257248e-4,0.0027717237181507383,1.7653708225678e-4,0.003910347049008991,7.711354533089866e-4,0.004102008209377,0.001163622251700026,0.0027212083651998796,0.0011719711100347944,0.0018321807185665044,0.0028919491325867753,0.0012549536104889839,0.003998166554774996,8.713025083759524e-4,0,0.0016795075632996604,6.173633952104587e-4,0.00279638291440849,0.0045232205488087,0.0038252242082050746,0.002323483274635163
0.12535344803520448,0.05282818618368208,0.023921583668616398,0.010747307733261862,0.1674008734946218,0.007927784910873887,0.14733300279552544,7.75013796346181e-4,0.0011364983790117427,0.005956491949743119,0.0015865583948273037,0.0015580502956033535,0.0075376061447857854,0.023644217103384327,0.0015848083428555955,0.17110282092454934,7.200011089182268e-5,0.0017923752630122525,4.2248615607533985e-4,3.6514258926997813e-4,0.0016195441316344298,4.524457658298505e-4,3.582469327363412e-4,0,0.0056064131452567825,0.005152183982887846,0.15645982134757552,4.944109795054571e-4,0.007391294485658776,0.014306554182893755,6.539114906614162e-4,0.0011800263772661415,4.249990188073654e-4,0.007921065227605505,0.0023528384960355116,3.8743294852769714e-4,0.0020573830408168285,5.322891172886852e-4,0.003832734288736133,6.15943645235631e-4,0.0033883878107591214,0.0010577365747302607,0.0021386054590445186,5.123707937473827e-4,0.001369930895209255,0.002044959930643232,5.756657742324391e-4,0.005039434168641747,0.0019177562145071348,8.184182045750424e-5,0.0011395522035679056,2.8027243671588663e-4,0.0024918851268728396,0.005386568755391783,0.006859540279768696,8.696968786085059e-4
0.11163324868244835,0.05161668133325803,0.022196682845440064,0.009797022161997663,0.17056038828884187,0.005707869906683711,0.15704379575000169,0.0010422418672567761,0.0011116176888677869,0.007552367368087124,0.0023881033390501,0.0013919546585536957,0.009989469898521505,0.024554603917342235,0.003932176701632033,0.151815886318011,2.159592184302523e-4,0.0020320088055314745,4.641129844894208e-4,0.0011179615997853247,0.0010760837472301706,0.0010836577683313994,2.711976110112737e-4,5.060391770443458e-4,0.004845274783547675,0.00780129605613816,0.17753124690820218,4.7436352994251326e-5,0.007466500870210899,0.007508051929278193,7.134797504202096e-4,0.0012841884701681044,8.698760055207049e-5,0.010562605318592346,0.0011442182493821814,5.273191239669063e-4,0.0037963220093884783,0,0.0036565169098503793,4.6307607263257355e-4,0.004892360206735897,2.037817554389118e-4,0.0013663776790539524,9.521423590104236e-4,0.0019444619941738042,0.0030211978194387887,0.0011552957079250003,0.0046976887224411,0.0015736863278819466,6.92273633820599e-4,5.135888395280756e-4,8.700226691877914e-4,0.002572151879359567,0.004578044797924509,0.004276193241005001,1.550803239027184e-4
0.12761533212897266,0.046465331029803984,0.024317874559913643,0.010204224112437793,0.16648115928389054,0.007739645572980396,0.14355403575020514,4.7878254661393887e-4,0.0011109046890871053,0.008069832542601525,0.003417905016903619,0.0011366655706527293,0.010545352126879872,0.024708267698787607,0.0015122539770285103,0.1532261970329657,3.66933191085182e-4,0.0021025980950704825,6.577028443040364e-4,8.071521861517739e-4,0.0011497472407053008,3.388692868575626e-4,3.5908776693897854e-4,1.8310955686486502e-4,0.004290438986983993,0.004525599892927603,0.1781233702218427,6.119033945859618e-4,0.006846497841474228,0.012053376379278917,8.30825950082392e-4,0.001347546132553923,4.5795223742726277e-4,0.009537493963480097,0.0010868775821986478,7.414803149926654e-4,0.0034484327343888735,0,0.0038161986407939785,7.346610690682669e-4,0.0037614604230160457,3.2491301665968846e-4,0.002587292508034959,0.0010493267114613466,0.0011695302685740085,0.003741604230605818,7.332722818083273e-4,0.004458160824928877,0.00150037668316966,2.3644913212982757e-4,0.0012383559278252056,6.20802634511382e-4,0.002882841048433943,0.0038622539521627427,0.006038136565746848,7.936046411488783e-4
0.1242446762083026,0.04616326964337145,0.023349694382294357,0.011605529379364193,0.18463889985179993,0.006992449780205971,0.15651064696468397,9.527351219569404e-4,0.0016956305722207472,0.0062363316030489245,0.0034796607071096134,0.0018222562418185688,0.00894224426149376,0.0239930814638537,0.003995276800242104,0.14488815018630813,1.8754308929992586e-4,0.002655304630231351,4.3982856072918576e-4,4.4291819538765337e-4,7.817126964442454e-4,5.285964809490075e-4,6.077859195289414e-5,2.094774022507394e-4,0.006288470386675451,0.009741643831389528,0.15787464550787986,5.479170689010839e-4,0.008827172314805464,0.01375386863489681,7.586661855953498e-4,0.0011796543647288034,4.7195378948393455e-4,0.006294550306668803,9.888898709178317e-4,8.355628314342774e-4,0.002726146085653675,5.414706231765293e-4,0.004995511135515885,5.886472205770914e-4,0.0036256348191065248,8.460656281475909e-4,0.0015806540957067424,0.0010301068019531539,0.0012798506359080555,0.001596489429649444,7.756453836860988e-4,0.004865735057920657,0.0010045190711772199,0,0.0012579522993730894,4.9262846992496e-4,0.0027738482000294177,0.004806153910865433,0.0020777361522835744,7.555170706477086e-4
0.1149498314318815,0.046942393909003115,0.021366783323843577,0.011649454161102175,0.1678937507012657,0.008606936379695434,0.14925559695780208,0.001500623167087138,6.073133966008889e-4,0.0060489411322977756,0.0033838026194840916,0.0015517959364116716,0.009287139752320222,0.023637068492480356,0.007442442488971734,0.1472183144138364,5.051663436816635e-4,0.0024131968347765238,2.695972047254774e-4,8.611311475250561e-4,0.0017900355224305714,7.807868517813651e-4,1.7845477585683284e-4,3.7719986595619867e-4,0.005445310341386301,0.008810631686107736,0.17811194528822386,2.4931354800267165e-4,0.009188816757169472,0.012737557029031114,8.526470415757215e-4,6.493391111695708e-4,1.8333281064009414e-4,0.008759080165903823,0.0014601478190557334,6.59556058994454e-4,0.0030355913733524404,5.636256201032316e-4,0.003516424725012944,0.0018455315287355142,0.002835469241333634,8.578998515939893e-4,0.003010787449409526,8.383185497256407e-4,0.0013624662098945715,0.0031337778758720215,5.774461998005228e-4,0.004376705435038275,8.797138214343274e-4,1.697613623389095e-4,6.834375795361391e-4,3.2775708143397043e-4,0.0022914962960227897,0.004801990167120526,0.00781568622490576,0.001450678939257199
0.12394445091996745,0.046436336413679544,0.02542741967281307,0.011043554012208705,0.16676542991239035,0.007988087447814023,0.14313673130297624,0.0013764500092315246,9.898771994387144e-4,0.006142579088795755,0.0038439122468967297,0.002160923201756046,0.009035972800235778,0.026017547542572007,0.0025810392689505886,0.15349288108364073,7.581823945290371e-4,0.002496089794471,5.047311267208865e-4,2.311768951632171e-4,0.00105824354735096,4.275609592272436e-4,3.3246063678108817e-4,2.4416068629070243e-4,0.0035919820798524056,0.006007718169083743,0.1765392206310199,4.2006047494865217e-4,0.006350240060129546,0.01196337895148014,0.0011564347986686243,0.0011986824287963935,4.937291924290994e-4,0.011888706908376404,7.491065094575823e-4,6.739471929152909e-4,0.0031881574212705,5.986545895887848e-5,0.0038960622424585867,8.43963141342091e-4,0.004400273198053519,3.320678566999542e-4,0.0021923578843068715,0.0010077152839404059,0.001480720279367605,0.003085096450739939,4.800458004812969e-4,0.004120968709181943,7.403226653950473e-4,4.7499858989931784e-5,0.0013906861469384663,4.3484316654230964e-4,0.003055733191805479,0.0061900766729456,0.004120161935126329,0.0014643770743960852
0.1262282779858614,0.05088997966765145,0.025635842683714227,0.008122435371678022,0.16533638288802566,0.006745964783092386,0.1374868989513866,7.512635348694692e-4,0.0013191242679758603,0.006051047933216504,0.003942290542472681,0.0021810041323196035,0.00861516681262528,0.025969152836232197,1.9315437681447695e-5,0.15758050157386416,3.8247397584258744e-4,0.0025407350584438436,3.1087915406717635e-4,5.096673930050343e-4,8.128383503955874e-4,2.497609421734437e-4,1.264630515916447e-4,1.3172044707785832e-4,0.005381558445037908,0.0045552973441253695,0.17975122826927437,2.3633142675735122e-4,0.006616801319061847,0.010587632159220296,4.465319152472085e-4,0.0011887306746856164,3.0844763283931697e-4,0.008825771003236244,0.00149764930686269,6.755686430229988e-4,0.0017699409350406632,5.556400239879118e-4,0.0045522515159363616,4.887470235919037e-4,0.004889984721869955,0,0.002000009851127307,0.0010520516783059744,0.0013184282951522882,0.0033544671331946774,0.002085871899309174,0.004685424129793512,0.0011465342645221456,4.5802344941713415e-4,8.320849214037851e-4,5.654880394414573e-4,0.0033295569345068807,0.005446055534635133,0.00918154711520377,0.00027715661892464436
0.11458506265427187,0.0491506458310461,0.025306166789268298,0.008931154569980592,0.16855433245033655,0.006153006353849539,0.15889672598067717,0.001697247065478408,0.0012115389001594536,0.007094690517518085,0.00256118543299419,0.001985000892377311,0.010324717381143315,0.02868084228872742,0.005438861762657955,0.15499519882825405,8.93262682045168e-4,0.002009839262859035,3.466901003963747e-4,1.6193565003736108e-4,0.001204810389830539,3.365797797741033e-4,0,3.001359272680838e-4,0.0061342378923431974,0.0069744124039233255,0.16191467866414816,7.197506552511472e-4,0.006996229452867998,0.012077353069309226,7.184581216928598e-4,0.0011207703902049598,0.0010006442948296377,0.011993524705012627,3.55608214075286e-4,0.0012888750586048951,0.0034934254242059586,7.646867540256128e-4,0.003897838465492854,8.073228333697005e-4,0.004914610324533447,5.199124810883082e-4,0.0019382770918016734,8.641258205870807e-4,0.0010141989101023652,0.0022212170805504207,9.111042652050278e-4,0.004126134991324393,5.400347703318058e-4,1.6232236328899457e-4,4.5370824897896265e-4,3.109854567694962e-4,0.003609812304175216,0.004323270054329799,0.0030128379466245786,0
0.1202971475247799,0.053396584236365285,0.02283677093476519,0.010826924237868614,0.17907763560799836,0.007966360393053788,0.15034758330142076,6.546866393626467e-4,9.713422171145927e-4,0.00651575160188166,0.0031571715647070327,0.002334369581388336,0.008732625427478779,0.023866088860951432,0.002528587672479418,0.15977661738308654,9.92941037929074e-4,0.0021771224121127377,6.447948425599331e-4,5.410752368444686e-4,4.102178935228298e-4,3.994303178370469e-4,0,0,0.00483408331186533,0.004205410939733725,0.15442078432007345,2.999841151657027e-4,0.007146330780060146,0.013319393729636232,7.744137878050591e-4,5.372824089793628e-4,3.4169571116078574e-4,0.008747911506350901,4.148259547062303e-4,8.395490492045457e-4,0.0027155863163318074,3.4882032033813564e-4,0.0035085814717038255,7.19995227337343e-4,0.0051629477271908095,4.5513629830875885e-4,0.0027824040316544677,0.0010416819241711203,0.00136950979955854,0.002282830464752678,0.0011990599966863193,0.004248967416528873,0.0013257207958659461,3.902692816906655e-4,0.0010552921209969956,2.0131573152957962e-4,0.0025884804461375394,0.006097393824341119,0.006977394432357281,0.0011951178322682817
0.11827030135691156,0.0501834176910069,0.02482561734320144,0.008645172305568157,0.1732782486844934,0.008050592929009202,0.15174916821434203,0.0013423786903588952,0.0012942903093810846,0.006212834407024429,0.003204048200767906,0.0012083143033456269,0.011215351013090184,0.02491156119888078,0.0015919083209942758,0.15888952112687485,1.823132762083769e-4,0.0030719541867583497,2.2086988847418472e-4,3.744007478039469e-4,0.0017484574979742555,4.3896461666325406e-4,2.773676713968441e-4,0,0.004784131036229189,0.004911894602945013,0.16568032757364154,5.161527504421266e-4,0.007940011292006664,0.011831484334793363,8.786956458562457e-4,7.904164510935336e-4,9.032076943894344e-4,0.009496354391108968,0.0011040227698551586,9.498644102666738e-4,0.002601384904025937,8.076710709217513e-4,0.0050139707928731824,5.84799822779075e-4,0.0035650915039822434,2.836527953924785e-4,0.0032438336710898692,9.897709044881069e-4,0.002051165657888763,0.002724849416051649,3.849922875139908e-4,0.0036423928676348597,0.0011982741909557077,2.4005328610631922e-4,0.0013656384446335712,3.4744611114588113e-4,0.0030403662994945737,0.004248774997151773,0.0020536101674574823,6.386438752549288e-4
0.12447757652309477,0.047861501548769135,0.02353719468905226,0.009780949986377243,0.17467150881153531,0.006111020715104366,0.14463097316469684,0.0011923163837599601,7.42976877452583e-4,0.006483952845667774,0.002498873196223752,0.0017205161969963822,0.00871449451015909,0.022375055070836574,0.0013758931363726606,0.16645851093282046,3.1824646836304643e-4,0.002500638869438191,8.112832789028836e-4,3.5733835116106145e-4,5.418270360521226e-4,3.9514171903471323e-4,4.2323948367210633e-4,7.572407221261603e-4,0.005301019521143274,0.005072826298289358,0.16793084319831106,4.0655769763528655e-4,0.0061086137582946854,0.011013332448878156,0.001122689746137938,7.081093860383977e-4,6.708857346768551e-4,0.008407383110532976,0.001543152950876349,4.922146301015526e-4,0.002907080854178765,1.3045872016354248e-4,0.004111942562603396,4.49143204297754e-4,0.005027576367598365,3.756676594825487e-4,0.003288407969988974,0.0018099204965143724,0.001402936785742056,0.0024301519001479538,0.0012295726672830588,0.004889591084917639,7.158553717108708e-4,2.540463341583979e-4,9.026276649125951e-4,1.8178170241538267e-4,0.002121058351227456,0.004613463199315913,0.004941638364518893,7.011797402367059e-4
0.12316667808277518,0.04316905984064377,0.022930607017342022,0.0126933389608716,0.17591634681596346,0.008562832909604504,0.1505530298114025,6.700618215952985e-4,0.0012750444455497997,0.005726216287489884,0.0026835497764551553,0.0019974123355254326,0.009487034099021956,0.023313037653964,0.002367564903682663,0.16309891204052399,0.00103474219410885,0.0015223067708438098,0.00080930314290918225,1.2250286668678712e-4,0.0015647082804902768,8.398194732238103e-4,3.0604537618242556e-4,0,0.005559469545802114,0.003980899131700269,0.1699068837209546,6.203798665810533e-5,0.006480785558427985,0.010977376074262869,8.438047611541133e-4,0.0013492850176500001,3.3599528728670935e-4,0.007312025739129937,0.0010945044754668547,5.787957302370294e-4,0.0019391560483022461,6.270164956820454e-4,0.005064646413775945,0.0010248002173623247,0.003357436969805622,2.2676418262056476e-4,0.0013031782620872728,6.444123669991168e-4,0.0014837678352993898,0.002699060243615687,0.0013288608213805325,0.005674629895814101,6.197262375213224e-4,3.253207478053359e-4,6.624818703769219e-4,3.5793537135860737e-4,0.002493907955667814,0.0037920302570648946,0.003820232008322756,2.626178635505466e-4
0.12860413534261403,0.04849313521117104,0.02370821713590069,0.0092702538632024,0.16048540279387663,0.006182222273103087,0.1481834333308224,9.116964287402447e-4,0.0011709996803075289,0.006668681806769333,0.002593106837735641,0.0010305817433720482,0.008403066604678615,0.02384768730589702,0.005386120747784991,0.1714101754375106,2.3882725553537457e-4,0.003401912295361517,7.602937658876824e-4,5.00876568103081e-4,0.0013844039176655488,7.150136916812236e-4,4.6810385827029857e-4,0.0014226517218219638,0.006139601247395575,0.00689632493050732,0.15698163029087978,3.18329105614578e-4,0.007039497924197222,0.014689069036341922,7.536925423834111e-4,0.001809582661615485,4.625094095677186e-4,0.007778338905097966,5.020227770917527e-4,0.0010411661046900317,0.0023142365361134023,6.835418321320435e-4,0.003913274646311678,4.432524452949466e-4,0.004431334978667752,0.0013076707786102287,0.0014552506208364135,8.757849504080718e-4,0.0010512364229223732,0.0029789118089869875,0.001323054588871154,0.004802661283858142,8.09963125491665e-4,2.514115389603556e-4,0.0015355678182140614,4.5061691568908644e-4,0.002327446800860539,0.00445856983808353,0.0036219565771860047,0.0013114919393058088
0.1221748890836929,0.0468391683982876,0.022075136872354253,0.00994320718652651,0.16665770478803568,0.006547214956907304,0.16099733626497695,7.957389814438494e-4,0.0012740578051818553,0.006502442918846076,0.004391950449875966,0.0021153962101975875,0.00923711914109389,0.022866371736335572,0.007957341915433075,0.1539350691022248,6.459643224360026e-4,0.0028930745816764525,6.236303908888604e-4,4.935024862653719e-4,6.845092213005114e-4,6.661128887100978e-4,4.295966212858921e-4,1.6841591016745135e-4,0.004349667871334074,0.004832333476115465,0.16287120378088724,7.497548085739501e-4,0.006858832568954379,0.01592667791365819,6.853562604389501e-4,3.52661743546376e-4,2.1395776901533212e-4,0.011234926944480262,8.218546790847971e-4,9.766518602618117e-5,0.00374006345837859,2.8989256707218796e-4,0.004846814011314397,3.251242455511736e-4,0.004518008174102837,2.2844839952033898e-4,0.0025343148973717418,3.986734100157986e-4,0.0020199156645155595,0.002021545949049793,9.461763328573937e-4,0.0049700334509779785,0.001227263269205694,3.831532193864551e-4,0.0019161094984341339,4.408696146224686e-4,0.0018862026911714176,0.00442887650197323,0.0028840571106203,8.461229759878537e-5
0.12040030976687158,0.049062322893718986,0.02409163820134946,0.011644787027201025,0.16682809299255372,0.007362954144950049,0.14851970371047785,4.09551511313498e-4,9.435698812881835e-4,0.007473285323085608,0.0034024698762501757,0.002667814091792429,0.007699012786807097,0.025302968583942334,0.0023103641136263306,0.16650087160515523,4.3689456039291253e-4,0.0016777658621121693,6.358702983445994e-4,1.8253575135275922e-4,0.0011739884484663616,5.577783620870964e-4,3.448035342504546e-4,9.285729773841274e-5,0.0069885952379676,0.005795606236842042,0.16007684711038964,7.180894033827071e-4,0.006304938933125992,0.013858676333390357,7.904371567831023e-4,0.0010025532831649975,0,0.007158734080261867,8.398401773566139e-4,0.0011569122591632778,0.0034416778169611673,9.789956957661035e-4,0.004415340593252424,9.660032873093227e-4,0.0046601791403957414,9.434780073372999e-4,0.0018617558685528827,9.406505241286998e-4,0.001929052290172049,0.0031243102633219094,8.845192281132021e-4,0.005378831285286341,0.0010662350559774967,1.928962748322634e-4,0.0014058623554308515,6.317963882533499e-4,0.002090343464903533,0.0036723907712735817,0.005351745499539876,0.0016504953522354154
0.13157277653711613,0.047030721362796755,0.0248249087979261,0.010991524804297772,0.16987188461073727,0.006145854103100642,0.1493182096392006,7.725801711849086e-4,4.317020625491875e-4,0.00647033340805514,0.0028962402740019526,0.0014295224874407713,0.00786399639243461,0.025912569918122515,0.0035084042807530876,0.1736899043047175,5.888878568453088e-4,0.003323714512025429,2.2707702685693013e-4,6.148240815388803e-4,0.0016213285736081306,2.3561881482650406e-4,2.0583151623618064e-4,2.0084042750613835e-4,0.0025257758575849302,0.0033914321296963424,0.15045619645808594,2.3530447205802248e-4,0.007766579704281706,0.01182571294396633,0.0013008586924521625,8.486296935658677e-4,1.8317336485601686e-4,0.007809997147445175,0.001022743981607075,9.233586334777388e-4,0.002899549336969683,5.970528406169448e-4,0.005679782558639663,8.736172652112047e-4,0.004213077200081598,6.316702933322984e-4,0.0024861125284663128,0.0010737546132608623,0.001753782909547277,0.001461589735344207,0.0010121747149221822,0.004045538289930649,2.148910483873112e-4,9.576763409713749e-5,7.525018750465116e-4,5.443343227762574e-4,0.0026228308479919614,0.004754655291752894,0.005546323375793362,7.01974274875921e-4
0.11482415996808983,0.04641472078854419,0.02415966992598084,0.009003382403638134,0.18582624808234208,0.0079657593380708,0.1509612285243864,8.824408872878772e-4,9.195022800815877e-4,0.008368668769492865,0.0021403232398207054,0.0013140965821703257,0.010790781633006629,0.023908674041199444,0.001621789954663944,0.174919425277814,4.75418209081876e-4,0.00332129759416289,0.0010047354408308253,8.414811304224864e-4,0.0015027669300547775,1.1652810486852984e-4,0,8.704224247590371e-4,0.006163382595870438,0.005599459106915821,0.13941884478788735,0.001042859658005828,0.007138999685448248,0.013769766613296359,0.0013287170838742642,0.0011656992785834342,1.970946086626548e-4,0.006723003065218835,0.0012492259325796115,5.639173724429572e-4,0.0033972721804820948,2.669094385116387e-4,0.004214316451830133,0.001692817463429883,0.004501710087890157,8.166018973249301e-4,0.0027603576752115483,0.001599138365843578,0.002256956961822588,0.001869462427469669,6.741532232487775e-4,0.005058258566084267,0.001069899575673984,4.502598698996369e-4,0.0017737394492240205,2.7458217315986253e-4,0.002215988781340262,0.004889719696909157,0.0035380526028298658,1.6531179225808375e-4
0.12387422491040347,0.04515004279593832,0.026663492210943263,0.006088872351888241,0.17247129444715892,0.007380944993295023,0.15470991509207727,0.0011084942517109104,6.386753303155155e-4,0.008347027582792559,0.0013613941876302812,0.0014173173189275282,0.009862224769244851,0.024847236288864497,0.0035326757798696744,0.15798044802734046,7.962940154385313e-4,0.002418490216520319,3.9456884038735127e-4,7.341772112774527e-4,9.385462021665446e-4,0.0012840527187520743,2.888970490552476e-4,3.71352141055704e-4,0.004862799863729575,0.006138418292494995,0.16129573091330188,3.3954627495490767e-4,0.008532265700828151,0.016104657007242174,0.001981578806045675,0.0012036722333902694,1.366027071498515e-4,0.00826602156626895,0.0014991511019670578,4.273538805896643e-4,0.002391944674852505,9.295811250543306e-5,0.003900757678434507,0.0010548171161363295,0.0049786983634461926,5.364578909469278e-4,0.0014144895738457848,7.334941290973229e-4,0.002121647227451212,0.0018827476793525824,0.0015652559227681288,0.004501422927729701,3.771189682359522e-4,1.6396481439941268e-4,0.0016930438174388952,9.971879736477087e-5,0.002923433815263969,0.002671437806834304,0.0033648350657440084,8.329853713492131e-5
0.12580454409088826,0.051576593813140684,0.02226048192583477,0.008486159447346464,0.17458214870363623,0.008031903719457101,0.14115106519650594,9.964895543625953e-4,9.044952924968393e-4,0.0070267954958455085,0.0025896214408873603,0.002540312261791491,0.008143457425547559,0.02650161896721575,4.0486152964019554e-4,0.17889146231457417,4.6926000026571593e-4,0.0031284779806669822,4.983500594114848e-4,3.5034270275486126e-4,4.6632887650583597e-4,6.584248824460893e-4,2.634510642526191e-4,2.65636099377191e-4,0.0060678377700000745,0.005061178831340184,0.1458440504120481,3.526106127917903e-4,0.006716906793161761,0.01224435167474822,6.627092902696531e-4,0.0012192826208216067,2.0287217021924172e-4,0.00788270228862664,5.832968445775225e-4,6.979807135931779e-4,0.0028143837782262883,0.0010036869135040668,0.0026140057488647224,9.297621700453837e-4,0.00434685155054179,8.877452863586347e-4,0.0028946615859560517,0.001025613706939321,0.0016103753361094424,0.0012011890869159983,8.639987828490763e-4,0.004129697408908567,4.5838146188331615e-4,2.7574464083779426e-4,8.700562099004612e-4,1.6476539029684984e-4,0.002959120899418264,0.00664887131465869,0.009858133143917435,9.148927168181751e-4
0.12453254908327495,0.050869912663814146,0.02003514627056806,0.01123112338727075,0.17803289749086207,0.006070688512383323,0.14795265868969304,9.98797452048696e-4,0.0010435730453871707,0.006337259437027697,0.0027270798464360648,5.762229395967299e-4,0.008243184865539415,0.024789688211533257,0.002219003063770962,0.16670971457420236,1.9509135018982087e-4,0.0020119590036809273,8.385740457140547e-4,9.405782391337372e-4,0.0018517280183041312,7.434300596622435e-4,8.423298080297324e-5,0.0013628646412367491,0.003949545613926543,0.004927599868080052,0.1465445264578602,4.118801103568225e-4,0.006863446501042246,0.0154412544039867,5.522926477283867e-4,0.001358035617166358,9.526091679514001e-4,0.011578819952151558,0.0014796830866451315,6.900117963375813e-4,0.00256346497885777,1.737466992574391e-4,0.004807808730193835,0.0011326096044271033,0.005203700744378085,4.193528324272868e-4,0.0020707956416638187,0.0014424017782857868,0.0018174532412446355,0.0017879841106466308,0.0015218253364495755,0.004936249796867176,6.565820291048068e-4,1.090142870208716e-4,0.0015799768717205045,2.2630411415848256e-4,0.002853697246121065,0.005111341469209254,0.005210351513989509,0.00122767587861006
0.12434335343488864,0.04881927839505305,0.02328149853823891,0.010958665561240578,0.16479038327288037,0.006341763547967026,0.15484218220818274,7.57765735256593e-4,0.0012440576238743626,0.007566465260764616,0.0032417350927499877,0.0015019822037229055,0.010316791359619363,0.0232079081394045,0.005551663782827227,0.1649467549131502,2.95641073276591e-4,0.0035091947201691992,9.567875272846733e-5,4.528327676388302e-4,6.581421070072964e-4,7.993010381944449e-4,1.985590885028067e-4,0.0013820144595636352,0.004273556426978673,0.003995624193997424,0.15768675315465985,3.9500195087192386e-4,0.008708378420056196,0.01354507224249665,9.379870378634712e-4,9.729612091141612e-4,4.850644822990999e-4,0.008343430396528372,0.0015922013263675297,4.747481184805487e-4,0.0030047194862639543,6.712613595290271e-4,0.003558041287211668,0.00101138345176653,0.003953805602089706,7.839526794493996e-4,0.002110310668587908,0.0015363291498602047,0.002803716687642745,0.002383770280042262,0.001178652335344464,0.003879231514700987,4.1490454675522466e-4,4.670488845132344e-4,0.0014702310426425679,1.8511369612698458e-4,0.0038260516855944987,0.0038995586407999,0.0021951500428315468,1.523749216309194e-4
0.11686079583153554,0.04729966006221008,0.025298244236945443,0.00981784126986672,0.18273955377626158,0.0068701460927278425,0.1563614835835246,6.964518498653717e-4,4.3188855592965594e-4,0.007619648589569166,0.004071294953013791,0.0012719214155534752,0.009790667945245494,0.025063558453731268,0.0017683502902301276,0.16516215638079726,7.49296605587316e-4,0.0020168206333295996,1.5617988555308163e-4,9.290009982114284e-4,9.701874587376134e-4,0.0010835301619778889,9.740721573421285e-5,7.525201107871237e-5,0.005938383386331759,0.007280556712533797,0.14431281554553207,0,0.007088564090376179,0.012251322932099533,5.246554745718556e-4,0.001017843830474458,0.001145691172875585,0.008628520919294506,4.302833657083885e-4,0.001256543953028311,0.0039037599649602204,5.86045581516654e-4,0.0038068605841628904,6.923589780274468e-4,0.004696659498729621,2.6461733228819065e-4,0.0021393700027229666,8.477367140635059e-4,0.001467667178177636,0.0015189807662291043,7.27244420824421e-4,0.005765530225026724,7.238530483587542e-4,1.7764735697834013e-4,0.0013000359419040653,4.990318435130576e-4,0.002822110802146041,0.005137697144716678,0.005238344048800484,6.079289268094474e-4
0.1247232039324647,0.044338041636467075,0.022802185897843084,0.010112033968516607,0.1789844043726707,0.006732870869253162,0.15694441033299789,0.0013323593072740202,0.0010954151266280516,0.005469810273210923,0.004001785911346346,0.0018015230460894636,0.007640798062520163,0.02607165575735761,0.0013448496823264648,0.1597987320739981,3.2608497780297176e-4,0.0022908327462264713,0.001592553222927247,7.33279574991861e-4,0.0010320415265986742,4.4615879982233515e-4,2.0263657009439377e-4,4.6412530437375544e-4,0.007006393935977314,0.005272451438757799,0.15190823235648857,2.265822024405753e-4,0.006563864953955793,0.015650306769089226,0.0013365067447076652,4.284354711923172e-4,4.1143972621520943e-4,0.007556205891764182,0.0025753795720418328,3.9309096078001237e-4,0.0024863872293835938,9.251349543816683e-4,0.0031540116817328403,7.65310914730855e-4,0.00436549846126297,4.714679427271461e-4,0.0026409272285321953,0.0010223411672698212,0.001676469490988964,0.002886596148654462,0.0016982019551350805,0.00447132810382761,0.0010515188216402463,0.0011661353072365051,8.744127666238388e-4,4.777831182600612e-4,0.0031356934010428423,0.005459281830475723,0.0013333449717016098,3.274715071793889e-4
0.11759186338018476,0.05172445657716799,0.020284301896680294,0.010893364633430302,0.16918424876409405,0.005740146639423609,0.1541119061175173,0.0012371120890551513,0.0012818152896279485,0.005990104894844926,0.002569251807509589,0.002639677607858249,0.010166236901104804,0.0222264557779742,0.0064672675076987325,0.16016285481288942,6.138663966106684e-4,0.0035003701079036496,2.9054983619430263e-4,8.799906167975563e-4,6.182266237349859e-4,3.747728872372534e-4,7.04239878103579e-4,1.3319763486929818e-4,0.0044536429888881995,0.006284031682947376,0.16005226123325303,4.0758176101864834e-4,0.008320067326231152,0.015808841523676263,0.0011201335483100867,0.0012306163378834134,2.4962752080658426e-4,0.00881706833167715,2.78889798747329e-4,5.6020410878793e-4,0.0024130983080130003,9.257822922023231e-5,0.0030487048681727877,9.009883367729481e-4,0.006089214918204537,4.2210056819587773e-4,0.0028802458423670403,9.548091412590262e-4,0.0018713855219312367,0.002626492625094838,4.5968352307632754e-4,0.004818777435577298,0.0013541901585306486,3.1430853999480827e-4,0.0021634096810704637,1.7802186795534212e-4,0.003551802437360923,0.003872178127569505,0.004427883494841573,5.908815340518145e-4
0.12485591451733294,0.050902555583862974,0.02427652225807234,0.009601712815352688,0.1755101968302473,0.007805588233241642,0.14283273928325985,5.412877361210352e-4,0.001043123447092173,0.005277204009332392,0.0033921234296896913,0.001395087272845887,0.009736000511110541,0.022718581537941433,0.0013889482575187733,0.17088301902733127,7.937519585767289e-4,0.003146208749677492,0.0010828660682845614,3.6294576059669526e-4,0.0011382029400886357,5.012814913365086e-4,2.989476282569252e-4,4.3859928277000025e-4,0.004726518193833485,0.005384029897423947,0.15893722731013452,2.5552040444437395e-4,0.007840825384889788,0.01169052530332654,6.334848160698798e-4,0.0018110112340351046,7.86094565548408e-4,0.008414216865976125,4.1031733065597113e-4,5.007915988553e-4,0.00240824507683088,0.0012427541515337745,0.0036366432486979335,9.930501633476127e-4,0.005254898221024796,8.896679721514929e-4,0.003228918270214755,0.0010710737558037497,0.0015283343885944968,9.579938983704826e-4,0.0019508261414446103,0.004032716556762854,4.1963732907141323e-4,6.055548571087925e-5,4.520871669661421e-4,2.3903328009918545e-4,0.0029933306136146007,0.0029689006378081913,0.002531897492601229,0.0018254646142169886
0.12448537285578222,0.05005692350855279,0.022766639707283792,0.009860271547056132,0.16717388455206358,0.008398694520574696,0.14106933213959005,6.396281916539635e-4,5.979011965427702e-4,0.007622406041853561,0.003319730656078619,0.002573702506268806,0.010035640280880788,0.026477478522556427,0.005573343154855373,0.14441948679506786,1.9514882845803698e-4,0.0028326810506423355,3.959900455099289e-4,3.905283495008904e-4,0.0012227311350162318,5.493314415867842e-4,2.2582064562285005e-4,2.806506354349557e-4,0.0042382423365663075,0.004585938243060065,0.17697724522509248,2.8584650132178636e-4,0.009412521570050809,0.018218420521806705,4.79327412444478e-4,6.200653206641326e-4,0.0010860597179257394,0.0056445533666699054,0.0011358672712723696,0.0015330219903820445,0.003039459032887078,4.849756035544222e-4,0.0037791408111385507,8.571514317754249e-4,0.00316705512574477,0.0010181804478730946,0.002295085869153632,0.0012158612759842237,0.002103364281354909,0.001038259440089275,0.001067031464432897,0.004584141954078932,1.8735593024562006e-4,9.642559553568164e-5,0.001168208430630586,3.0095593812532167e-4,0.003639836794039252,0.006019735591624955,0.008228527110112075,3.2882008592900053e-4
0.12258245463762882,0.04910494751464283,0.023277315231593897,0.009479233194410115,0.16431493179216108,0.008066531167921893,0.14756611088318203,0.001403374056896154,8.797810792232878e-4,0.006959791116270401,0.002430215048668485,0.001305554063274809,0.010389777259984015,0.025129911976311845,0.00536178835162607,0.15666326978746242,7.500856163226513e-4,0.0030762266010772397,0.001042619345830521,0.00046585941091137133,9.443402973138737e-4,9.499078341342754e-4,8.164568180095458e-5,2.897402020025256e-4,0.004524200046283994,0.005646331215411805,0.17105409661823348,3.915420681952777e-4,0.007988484287249147,0.012796778602448202,1.2849746657473584e-4,0.0011370320673055514,0,0.006141142572636403,0.0015736224961056717,3.0599332795178716e-4,0.0026085565275520517,0,0.003344163906176675,5.268622745458573e-4,0.00621996759287328,6.821553048307293e-4,0.0025987087917877147,0.0022918970747440384,0.0013815388094014286,0.0025386003141766337,0.0010825126935759624,0.00394374200739973,8.971769628632332e-4,0,0.0013548187304051077,0,0.0036947765989293973,0.00390704910368475,0.007979895420840637,7.444449671651543e-4
0.12525829486802692,0.046872123683555665,0.025522187556978507,0.008451644290455956,0.16813424519853437,0.006690194262276514,0.15405472745548493,5.764190175360527e-4,0.0010920165273485113,0.006203612371077218,0.0023301094205607858,0.0012697338725925582,0.008760075808140205,0.02450730006365201,0.0013345196243248305,0.18742754213207802,6.925273803781429e-4,0.0029453181233982805,6.84524744416036e-4,8.186975338497413e-4,9.240854287145036e-4,6.157375678612913e-4,2.902019142589393e-4,0,0.004058353349413762,0.004037646200324447,0.14681695810012527,6.159990088134592e-4,0.007784470058270118,0.009732865218206798,6.722708349732448e-4,0.0011221709152255406,2.700607575865059e-4,0.008220402706402521,0.001336323000635268,8.20901779164075e-4,0.0023910784762839485,1.8550062241787433e-4,0.004918335743063076,2.882280724645687e-4,0.003309342436604186,8.08281937861384e-4,0.002741887360697232,9.996005162618764e-4,7.606748439369313e-4,0.0026650519268944894,7.396579615740837e-4,0.004261981982422703,0.001101749566931914,9.030550843328684e-4,9.914870857483196e-4,0,0.003185392714921892,0.006220192022469702,0.002071064066688616,5.131768037833345e-4
0.12476006201269073,0.050593801781948604,0.02309513688969492,0.008959075595517408,0.17604668130046575,0.007332649754007748,0.15523230627782242,9.812223530886296e-4,7.53576333686022e-4,0.006059489970224314,0.0029909617834159106,0.001478717138638647,0.009158895743442651,0.024313571952418036,0.0011747072085297428,0.1592451050521352,5.622606366189655e-4,0.0025565997389354646,8.956992260598901e-4,4.4208342327260177e-4,6.802912992680781e-4,9.660679237426275e-4,2.847628951751401e-4,1.1763042105334628e-4,0.005097428962545633,0.00397809952621426,0.16620584545095635,9.537687314744942e-5,0.007302706475378588,0.008260315377907414,0.0012786361988397336,0.0010050870595825969,5.248203081565668e-5,0.00861972643790921,0.001214266892850676,4.923217526590005e-4,0.0024924192231195407,1.3491139169544592e-4,0.00288382196727261,5.365445649708701e-4,0.004202669401535902,4.2484608758964435e-4,0.0018175841420021799,7.323802973635849e-4,0.0014306523605872006,0.0023456898290921376,0.002606696636410095,0.004386248880174606,7.784012235718938e-4,2.704814864481458e-4,0.0020487747451207934,2.9554480160800476e-4,0.002866574988504759,0.004536228422392605,0.0026750982519199843,2.50781547960559e-4
0.11979923050816814,0.051208850871157646,0.026593303149642557,0.009635520386176103,0.16460946250236563,0.008382759705761973,0.14930271477943172,0.0013806805185345558,8.178339649573364e-4,0.007032332970329115,0.003552787099196994,0.0017729983094996388,0.009912083464429662,0.02372393573334624,0.0046155412992988165,0.15979861716357202,5.113605898770265e-4,0.0021854044604314644,5.199709589301992e-4,4.1649119762574943e-4,4.143141381057975e-4,8.802493563892657e-4,7.869748028158164e-5,1.2747191053313415e-4,0.0050098058903612856,0.006733832978910752,0.1625221196756772,7.643006330424814e-4,0.0076274470445533106,0.014625568069337827,9.685836833901643e-4,6.26577481787468e-4,3.7187123467940174e-4,0.008323377984246661,0.0012546481005174192,6.408382891335014e-4,0.003139377966183052,8.763555402672416e-4,0.004233334085946868,1.7235673524406214e-4,0.005841684627449767,1.785914726788403e-4,0.0032633873617831065,0.0011517082383138459,0.0011698531450555964,0.0021124426422297264,0.0010373051222316014,0.0047355877820564425,4.500689648333886e-4,1.2818024638544892e-4,0.0011709115124776616,8.782790202214916e-4,0.0030450270422529633,0.0038398226491368035,0.0056121975766620464,2.2194468491020086e-4
0.13370028548856283,0.049733870841113394,0.024307177158505784,0.009885594977578306,0.16523856316812865,0.007210784230618067,0.14714193357018585,0.0012611215315219057,0.0011199362609089554,0.006202275015421434,0.0025518928166347312,0.0015037684214155782,0.010524843416329132,0.022238794776153537,0.003050279254999958,0.16630203132315738,8.321974617034015e-4,0.002254225033927716,4.897773856378738e-4,3.5128843631858326e-4,0.001489854189133239,2.518626638152958e-4,9.80403315428135e-5,6.982893083137679e-4,0.005108463190537893,0.005365887474232756,0.16195686787682315,4.705530432864707e-4,0.006117865900633464,0.011274803761880847,0.0017016152669937473,8.176723816008792e-4,0.0010228949546839177,0.009748416071208695,0.001580868049083462,0.0010080552863462248,0.0029139211720391853,8.491486762873839e-4,0.004032061225232642,6.099868559584314e-4,0.005763057532800079,4.26714074068295e-4,0.0013492249947601744,0.0015475856856533034,0.0012071044270637152,0.0023748817876231855,0.0013014303062530424,0.004385607810202508,7.641938822131256e-4,4.550800182599796e-5,0.001199694614700657,2.3437364804904142e-4,0.0012449448363884659,0.0043014267852831715,6.038125125196299e-4,2.3267085213829624e-4
0.12700683968963042,0.051936357448875835,0.02329503921135503,0.010137770616390688,0.17059050977112322,0.008195918751416108,0.15221850120983355,0.001091942088707823,0.0012688562307340233,0.006055592614689968,0.0025253067082260956,0.0011047216581239467,0.008826504138423065,0.02599630600640642,0.0011709581330157847,0.16043050880122856,3.155767959641571e-4,0.002478854627816936,5.706547833316469e-4,0,0.0024374926487353327,1.1994611013234842e-4,1.3859458264144913e-4,0.00022808464879217694,0.006425381808592055,0.008817526478982549,0.16134605486493347,2.8446738679296213e-4,0.007839624234669369,0.008765371750440707,7.069495915178574e-4,0.0012434949499405996,6.787279339752203e-4,0.007698693802360396,5.137785656989617e-4,4.761939947207602e-4,0.0014482351960548345,6.516272370859646e-4,0.003380298021006671,6.516806316526062e-4,0.0033399755284325996,0,0.0026114522552689117,6.562402566053863e-4,7.846348372359202e-4,0.0026048324131589954,6.818038946752292e-4,0.005605835814832379,0.0013115573563885334,0,0.0012793773997080956,3.9306082276711993e-4,0.00272753952380777,0.004429438483017798,0.0043662544426920375,1.3905324738966833e-4
0.12299092651906417,0.043071623850347594,0.02622824508963951,0.009657419851362325,0.16863191919647255,0.00760262056781639,0.15125066645505628,0.001148847352590336,5.977098867346087e-4,0.006937232431919009,0.002902113865400902,9.700098844050642e-4,0.008912168209244967,0.02508169430804003,6.715529724805023e-4,0.17151524842951635,6.195731199805305e-4,0.002320589658723066,3.26151442910561e-4,5.324094493448043e-4,9.869854979964543e-4,6.255389139591624e-4,2.5293540588829073e-4,2.4664435306690993e-4,0.005691392618213146,0.003356804167303373,0.15636910197858492,5.814676445979001e-4,0.006980750823078769,0.015774399323169055,6.487254955638872e-4,0.001209646104365323,3.1260942177907834e-4,0.007878425872181247,0.002023465611781023,6.022212502718486e-4,0.003963407312016943,6.518091504788684e-5,0.003784856955530205,7.655257605015084e-4,0.004333741831175864,3.1847117809166855e-4,0.002316886670539282,0.001037693832788819,0.002190645484746058,0.00164006815553365,0.0012102868903621628,0.004731721658332019,0.0010016845416366625,0,8.91968354613591e-4,5.524571043442684e-4,0.002485311769522677,0.005394995275712558,0.007754871062587563,5.03882240666822e-5
0.12722505790516397,0.05239337891683384,0.02274000971572859,0.009070137730124822,0.1715949313759175,0.008022591604852317,0.14261904538557385,4.930987903166511e-4,6.904021277285114e-4,0.006354461292281604,0.0028486260042694654,0.0010868684651729286,0.00870693204745025,0.026118939367571013,0.0016952833976258486,0.17365191610499228,3.1254503742562375e-4,0.002453827555414635,9.483738162765946e-4,4.1890288299209515e-4,3.034442740351688e-4,4.150110359926536e-4,7.722114132835238e-5,6.3105468306883845e-05,0.005694136562929242,0.004697499437228182,0.15328000613970388,3.9369422403766406e-4,0.0074113105437258586,0.014532538104835577,6.627486974879139e-4,5.610834865231821e-4,6.249991078610305e-4,0.00896495700062047,9.712163173931948e-4,6.50033266351571e-4,0.0028224245162889448,7.514778248756001e-4,0.0036678942913078174,0.001119732630074773,0.00281484211550063,7.299238890907328e-4,0.0025807218541346578,0.0010451045092199798,0.0010122563878790201,0.0027916343559812183,5.978278935820947e-4,0.0037707493462263045,7.755102234244918e-4,2.584642526065156e-4,0.0015681483385354808,0,0.00215842131929691,0.004974247867693433,0.005662784022333967,0.0021495000298742202
0.12352982905690821,0.04878986245395823,0.02627641702655465,0.010628995423373415,0.17734780611468193,0.005760974859785706,0.15197557431190864,5.05185757730742e-4,0.0011102927727415061,0.005990624464321786,0.0033078560471084665,7.767658328940943e-4,0.008389252077326985,0.027316061023970526,0.006217227880242211,0.1454341169577163,4.299356795218235e-4,0.0031915535810167843,3.3511551377329033e-4,4.582069578537896e-4,9.288417125961564e-4,5.71541512267357e-4,1.6921202371923287e-4,1.622038383120051e-4,0.007473366690914294,0.007131552846831899,0.16188569566978117,2.552685584207421e-4,0.006690777757719801,0.012263318913269743,0.001204955824732232,0.0010699666060786507,6.380182014731413e-4,0.0091156356099039125,8.001817815509212e-4,8.256568189134986e-4,0.001921433272225853,5.155941909261483e-4,0.0032822861496151785,4.543948496667293e-4,0.005283867327490224,4.79779612604746e-4,0.0025172749746045493,0.0010861460438197034,0.0013450272855321385,0.001754796282476428,6.674980000032502e-4,0.003713261691328715,6.879095646214192e-4,3.2328135254250075e-4,0.0021375994076598577,6.388964708452259e-4,0.003639793133298051,0.005050475360158299,0.005542836870707133,0
0.12256417127578362,0.05041269554321604,0.022905109570691362,0.00939958649800429,0.16426665531247858,0.0076192514483227345,0.15284266995101234,9.198989325203639e-4,0.0011298956121153767,0.006290727754873484,0.0036404746702697454,0.0016625738935021905,0.010230633846511407,0.027132034540997028,0.0038495841053843476,0.17055427462532038,6.519070241887258e-5,0.003233425139197085,3.34285304137766e-4,6.987759602329794e-4,9.516960290152601e-4,1.4017340604364047e-4,7.83537155512937e-5,1.1303464087662776e-4,0.005402568848441428,0.004833911953273975,0.1530880046913425,0,0.007597241980704196,0.013404294249488661,6.798376277105247e-4,9.426555134881455e-4,1.650479407318166e-4,0.009440819271152753,0.0014436417425819426,1.885522577335437e-4,0.0024628901817240014,2.1497176792340905e-4,0.003912679500854699,0.0013320659572054116,0.0033807733484981957,7.660953509150418e-5,0.002430460545865004,6.386654444908783e-4,0.0017892150749950772,0.002527864027427138,0.0013385920177599086,0.004486315707777223,5.043889573302461e-4,1.4890331019751718e-4,5.240809549279381e-4,3.9133838384722503e-4,0.002465088746040039,0.004954674233130335,0.006380564155352599,0.0018181095944353597
0.12377794552486958,0.04734900252341942,0.024409754293544927,0.00910486429066634,0.17616382194992344,0.007271316883722742,0.15062399058145556,9.100300277699762e-4,0.0010085502436153434,0.0072191591414441725,0.002600529159823316,0.001333684779694931,0.009714651660342273,0.024912658516529244,0.010023313495160972,0.1499820076823316,0,0.00269647555995442,3.5178158775258175e-4,4.8313363478750805e-4,6.433602753997216e-4,8.685493941679025e-4,9.64420331978455e-5,1.6839182023432642e-4,0.004760998771753531,0.010179352732685354,0.16178498308968536,2.059919065616989e-4,0.004794462154552856,0.012377927901640528,0.0010316000420936328,0.001008891065569537,1.1331687629572191e-4,0.007192138664639865,0.001553874114885795,6.240125568876045e-4,0.0029539098146603177,4.962296401081791e-4,0.004214914123697776,6.392860118139478e-4,0.004494022797820694,7.452310074818244e-4,0.0017958866349839797,0.0015541369914960138,0.001516849428752628,0.002457679742721978,0.0012714350586073753,0.004144008043169897,0.0017163879979219937,0,0.0012594348223190339,8.644665479576882e-4,0.0021295790732272914,0.00465586626453268,0.004915169048343165,8.34542013323857e-4
0.12629320602601804,0.045519514181749314,0.01988029186756523,0.008807428707607359,0.17346297943918215,0.008697812125562214,0.14286885154167442,0.0012696877022846482,7.346166558436043e-4,0.007216009430119193,0.0030160783795549896,0.0012130888559779376,0.008913743662664135,0.02390746592747093,0.006473000515325315,0.17799996918396835,5.959006369164627e-4,0.0031313530607006653,2.314686697477228e-4,4.056099541246568e-4,4.967618557916405e-4,3.879391396917238e-4,1.5893432779471553e-4,6.096426435348051e-4,0.005172633770034118,0.004922184834715727,0.1503030754214427,2.630436586336681e-4,0.007224866514954568,0.011111487063659095,5.959133066961946e-4,9.043342358411029e-4,2.29208691105669e-4,0.010570227230761406,5.021429304256287e-4,4.6830488900592254e-4,0.00324724765225044,7.287470195346372e-4,0.005193045266313111,0.0014837550176194326,0.0051674059088546095,6.833737049883766e-4,0.0036947523981476185,0.0017964302128869816,0.0016072241060074168,0.0020296899457792118,9.440324513292168e-4,0.0041038915541649415,4.504606001627361e-4,3.075996654692476e-4,0.0013996050135893568,2.9097456226558045e-4,0.002650721064064437,0.004384884815844631,0.004962491199630973,3.14890802951048e-4
0.12163659784525391,0.04827186075503617,0.024990024344534997,0.009400172380732692,0.16787623419724898,0.005341956989679734,0.149421575978903,9.174940831207912e-4,8.28124439198643e-4,0.005070977597926893,0.0027835488546601238,0.00146618252558708,0.010422201378016086,0.02538429287933727,0.0011697695880217153,0.1751121746483301,9.221016646437889e-5,0.0038693042272779127,4.925940802906196e-4,8.519625173919508e-4,0.0015679193866049896,4.189459860947034e-4,9.843577580042947e-5,4.312591926136469e-4,0.005142915723151847,0.00464119672059058,0.15594342216250745,6.421903641243668e-4,0.007168120946976234,0.015112985645659247,0.0012435596574671545,0.0011413474391068208,4.7412856832954655e-4,0.00880137636870425,0.0011325979934391176,4.7768700042283594e-4,0.0025157228022855993,0,0.003246721710864271,7.883096200063845e-4,0.0066024512792484304,5.321360884979402e-4,0.002153820339946081,0.001830573491111939,0.0012200862376948209,0.002244380733659967,9.069950910738275e-4,0.004512477921299108,6.276672761611778e-4,5.847855023802972e-4,8.695754280808975e-4,4.6912205295754946e-4,0.0031050144523440825,0.0050574525140281565,0.002358499271719836,5.368597780333733e-4
0.11380887321349893,0.0486294473128789,0.025933160028213532,0.00998177520574045,0.1654389989518631,0.007539640467065786,0.15325926367894863,0.0011688045692838061,6.564887288620527e-4,0.007735543269722277,0.00296325483612249,9.452300743152689e-4,0.00937876918023026,0.023884814126932545,0.0026741853951011414,0.15646132466355683,3.07877029045759e-4,0.002892380157482082,0.0014472837665629344,8.523449147862121e-4,6.274275345734676e-4,6.405682255499006e-4,0,1.182782636892573e-4,0.0049800656227707496,0.007947004096914432,0.17019667268957778,1.3058063492027484e-4,0.008468125056637073,0.01571136114194479,0.001156849883426936,5.531171758141313e-4,2.8290643954622893e-4,0.00725954256438514,9.514921296100716e-4,0.0011487291947625926,0.0023044350550751524,7.765136649249908e-4,0.0034914199343995837,9.209548825101215e-4,0.004898838041531691,9.346995431041735e-4,0.0019040519710131535,0.001034292500116605,0.002081999840709494,0.0018509229081209002,8.09675083756066e-4,0.004384083256788089,0.0013258662027772435,1.154460412122752e-4,0.0017188961305469993,4.5457344557830575e-4,0.0019447228873393548,0.005550070235320725,0.005031672339472363,0.0023346858113669233
0.12246236167594188,0.04616210732623597,0.02619503571682727,0.010248700009450001,0.17149621889624442,0.007475450554702657,0.14765875930539754,6.468478871763825e-4,9.269939891065344e-4,0.007403737323318506,0.0028903691043707775,0.0015092105022782845,0.007937240925863055,0.022691291213012423,0.0019317587713916255,0.18372201035333163,2.479408403478705e-4,0.002804503412456275,7.320353242420811e-4,7.158015816867496e-4,0.0011263144178686882,5.078273477554819e-4,0,2.8124856751201224e-5,0.006325533768433889,0.00593297340989388,0.14530724717219937,3.4845600096812003e-4,0.008698733336225449,0.011653664199157702,8.012001695192219e-4,8.458626832423663e-4,3.553000725729751e-4,0.008994487606370692,8.430626311453131e-4,4.236235034811489e-4,0.002755089845706028,4.4463989129125124e-4,0.00371534586846845,5.523983806768796e-4,0.00469081567911787,7.847956842372556e-4,0.0020027819577826352,0.001082539648422601,0.0018230030501612956,0.001912723476175416,0.002936605548771428,0.004873887038137054,0.0011537267178199034,9.967231267691428e-5,0.0023525809633739396,2.6207277530876144e-4,0.0020175584384978375,0.00481683260039099,0.00340736800540649,2.647762286095939e-4
0.12578430936392446,0.045515019355228906,0.025524270227728872,0.01236487095587933,0.17014041241659128,0.007015544118588024,0.14981078078856097,0.0013174841318987832,8.095991662713146e-4,0.0061425434869002895,0.0022899545207217746,0.002085435896968047,0.007671370831419448,0.026195757167573268,0.0019393362282169068,0.14504563573995613,6.848478161573193e-4,0.0028832614886333,2.488617968461132e-4,7.769348686644826e-4,0.0013433785473022082,7.487015412892664e-4,1.2261830228038254e-4,0,0.00684749559756246,0.005944343455801869,0.1779860158318084,0,0.0068859469977692045,0.010138258235277219,8.46099398087903e-4,0.0012418361891538563,3.128006272206795e-4,0.009776378023687622,0.0012988531444281279,7.629312564312087e-4,0.0034631986870304883,2.7351515251771504e-4,0.003810869395299538,8.762649216902595e-4,0.004125452866861798,0.0012891591237017207,0.0026363801807929126,7.595123864186574e-4,0.0015437686774687647,0.0022289391820919237,0.0010047125019045312,0.004154704061562451,0.0013464779088421526,2.5637420746936994e-4,0.001487631017272447,3.2118635022275715e-4,0.0031029679756594576,0.006520210262861123,0.0019923440204975217,0.00030444360500498226
0.12319066325977672,0.04976318935868879,0.025251271347843458,0.011781297280243578,0.16662979100056385,0.007791103189176788,0.14293556354012502,0.0017592648909039298,0.001005122877378197,0.0063768938938770945,0.002372136648419999,0.0019091808130344825,0.010203284498548633,0.02491282542750149,0.002640073869834109,0.1424202648736335,1.326175524916321e-4,0.0036242088695771,7.34322967554528e-4,5.655240410702803e-4,0.0010575445707227025,7.035566604897236e-4,2.7519346940336467e-4,8.729236771293658e-4,0.003704048479138283,0.005207475156375302,0.18516556112151855,2.3615110194269808e-4,0.007407971993629055,0.012480801647456618,6.26795607088574e-4,0.0013761788214789088,4.218326763722861e-4,0.007327797626340251,0.0012127747446601634,8.488890811154144e-4,0.0011091070236393145,3.947730843499578e-4,0.004013961238870292,9.576995529816135e-4,0.004977070285812038,0.0011999242134077945,0.002658692517550665,0.0011049422947227473,0.0010690222264725562,0.0012022241269985287,9.341180080530174e-4,0.004488918887277166,0.0015767353652981675,5.8207199908566074e-5,0.0010295865512248126,2.2240471952585995e-4,0.004418274376076146,0.004645149429252253,0.00857627255787864,4.388197055954627e-4
0.11838093620882313,0.048620985349936315,0.025939532313274925,0.009352860473704257,0.17129678988623495,0.006786491458715867,0.14387001621934406,7.572620000939862e-4,0.001011672824177628,0.006531178263579905,0.004059971693027405,0.0012147494291194366,0.008964835558250304,0.028400835862964643,0.002094635213930227,0.15841266542470636,6.614136335281081e-4,0.0029327069926305465,3.95232889811787e-4,9.843847073900576e-4,0.001140940668381523,6.686766854486874e-4,7.349089830910687e-5,6.418398346316237e-5,0.004050490844096388,0.004928005665860521,0.1756067877574114,5.002078820351432e-4,0.005484903215348721,0.014193993538691432,0.0015017854769908126,0.0011501718180602165,3.985082082046508e-4,0.008344166450057358,7.380781685757819e-4,5.712564899768043e-5,0.002224665885059606,0,0.003118674801163883,8.276357335959473e-4,0.0038599514369665965,7.492270578515218e-4,0.001425861995265435,5.029539838854959e-4,9.465433648996769e-4,0.0028390704165638823,3.61218901636477e-4,0.004290208132838494,7.811760664604437e-4,2.919467998337449e-4,0.0018351652985088025,2.1343684465675638e-4,0.003645878089823542,0.005639004980209421,0.005566006133154625,0.0013107007644491595
0.12544947522111172,0.0481551196105557,0.024716696721518112,0.008833187774071183,0.16862988066680823,0.007721050910734717,0.1485644667441884,8.24818852736889e-4,4.861169831570811e-4,0.006097644904059067,0.0031147384952234392,0.0017164719012769565,0.010838204370628723,0.023406912055462418,0.0036478890351493132,0.13524615471603235,3.300076030098034e-4,0.002794288023740199,6.630084525679794e-4,4.575733974487154e-4,7.557406255035849e-4,0.0011558668614924312,1.9950286528531912e-4,0.0015802653479280331,0.004618001897409483,0.007111879147117248,0.17533630293124902,0.001166136987982317,0.00810432714229058,0.019168497813176383,6.178991758095157e-4,0.0011054640481976343,7.02064944985614e-4,0.010178737132671482,9.564329169858982e-4,9.549849738156874e-4,0.0029398653218020714,4.6311203358888694e-4,0.004283765004723719,8.48401329034462e-4,0.0036036008744272123,9.937928066440405e-4,0.002773177957332842,7.583999346295623e-4,0.0014765289902920144,0.002373343478332808,0.001693984228381476,0.0049082671444425395,0.0012212381190351994,8.209210462509349e-5,9.168553721534135e-4,0.0010130566430249493,0.0024768881361466343,0.005505271525085657,0.006262547744916195,0
0.12112357693123968,0.048110961633008806,0.02227638049429825,0.010605070398356994,0.17497680992529274,0.008278439335641177,0.1463711197126014,0.0013905334788595692,0.0010905709063337144,0.006576936888840893,0.0034596502903460275,0.0018581815953395996,0.009828837013481266,0.023950945339100544,0.007294590895289254,0.15020800079491065,9.477959590861184e-5,0.0022467668431244902,6.390435621513801e-4,9.142975266810793e-4,0.0015387091273324333,8.31099099502205e-5,1.504655936439177e-4,4.7025483451277564e-4,0.004641489780598977,0.00533444329865632,0.1692927849306039,4.467748581003942e-4,0.00875396065430633,0.010279808976672324,2.231049615202035e-4,8.176884619413312e-4,7.961532662856873e-4,0.01025525615683337,8.703056143175973e-4,9.349212154641966e-4,0.003042719609294028,1.2669341970805514e-4,0.0037106430912532454,0.0011969914312658621,0.004372223754203306,9.728913038748844e-4,0.0021383545249218697,0.0014315373765331364,0.002536136362267589,0.0015534993670019033,0.001811210220936946,0.004047063665190729,6.251725159139652e-4,2.3120881462187785e-4,0.0014990181156785977,3.9871182985260455e-4,0.003035224022878415,0.005183625205888114,0.005902350567168773,0
0.12868014115923102,0.048630143927651734,0.02339687113488029,0.012192472947252354,0.17597038889675504,0.005805392697127447,0.1476290542347093,0.0014263464433359953,8.977559931689531e-4,0.007939696433825137,0.0026328182280534124,0.001816946686345228,0.00877837418128432,0.02444097621255698,9.922892880715566e-4,0.15285478707405348,4.0833688880025147e-4,0.0028485512204734983,5.02801989359681e-4,3.570506381958713e-4,0,4.337719837979009e-4,0,0.001273977424044803,0.0057153195054231295,0.00658399804231929,0.16648232739976337,3.4389191997576585e-4,0.007471824220157366,0.012677602890340435,2.548247155549568e-4,7.608719186459777e-4,2.6827338045524475e-4,0.00917998059424159,6.216898932781582e-4,4.3280521765118194e-4,0.0030070529017826157,8.999172334029341e-4,0.0036482842569931654,0.0012769662785537313,0.003712024452572363,6.122642117383601e-4,0.0018470702363307368,7.53837116827796e-4,0.001910595600950006,0.0017666094960392211,0.0011898980375841105,0.0043453199392461915,0.0013132178763057777,2.6184089940533265e-4,0.0012166788307101202,2.793232784832897e-4,0.002452510882387088,0.003439129684736629,0.004996854810495886,3.6824859467394654e-4
0.12243913005321977,0.04913683084888543,0.024733779709156575,0.009115662106468947,0.1843975472130489,0.007373637612931778,0.150018000517343,8.426565549968502e-4,7.853490597810447e-4,0.0066503655360739215,0.0038052544658721795,0.001324813536072697,0.008679623680701272,0.02299737691663303,0.003049095265189001,0.16431522326313597,0.00108858917105007,0.0018956951992588635,2.3011315329103148e-4,3.1125706494811205e-4,8.655289703089821e-4,9.93808873955262e-4,2.0872119722894835e-4,1.6635994735301693e-4,0.004403586982420162,0.005027524475490142,0.1537389770143057,4.5394673774260897e-4,0.006816739531195886,0.01096185534526842,0.0014628010964208833,9.121765321778218e-4,5.593830780329817e-4,0.00902894458039195,6.349676391586163e-4,5.187678982999848e-4,0.002115048517953754,2.6465472608931006e-4,0.0027343355511432487,0.0011661513338643548,0.0058794684968077,0.0012001691950302613,0.0021659219729015535,0.001259578290510627,0.0011022724544241327,9.895038811311462e-4,0.0015878982078625019,0.004371628956421135,6.7302936673584e-4,6.318951219401998e-4,8.226576108231121e-4,2.838120197984574e-4,0.0026650657863392002,0.004168831473730731,0.004076278720552094,0.0018977074881308402
0.1278583415908619,0.048103563062389346,0.021957383666766635,0.010325897243197345,0.17359521767111646,0.0061622708189097136,0.15153068746244,9.064791294793248e-4,0.0022617896565361633,0.005952672300070623,0.0032370356283967475,0.0010627229605708484,0.009324204497140666,0.024425882042762918,0.003947516833017849,0.15223863568941132,4.892116145429905e-4,0.002293889478456449,2.2481899866822608e-4,5.907509889144145e-4,0.0017421892683282011,5.588489845249807e-4,2.771096357565759e-4,1.76372267689472e-4,0.007302539991107531,0.003972333012364967,0.16617464774919644,3.8898993650238417e-4,0.007135222564039859,0.012775555605845881,0.001272761472565947,0.001030898745927677,2.97729571998711e-4,0.006888348459953347,6.114333309068704e-4,7.79987620376155e-4,0.002168285620483061,2.2939030141984608e-4,0.0037156470717715556,4.0552126325071663e-4,0.0031509881010196176,6.115542284580147e-4,0.0020834007535483205,9.597144417672186e-4,0.002050429642981569,0.0021969457331199797,0.0010246751313434102,0.004208377653075236,4.6653636557099257e-4,0,0.001393074866747758,3.185900802339167e-4,0.003143604652734265,0.0068871190449278615,0.004376638776855078,0.00273556671995667
0.12336747970708298,0.0490084160432493,0.025031213210096707,0.009619797306109538,0.18366987447217129,0.008496176863769462,0.14430983882718093,9.202831407722509e-4,0.001314037154017168,0.00558174320551262,0.0033995053169634313,0.002002010435926432,0.008611817023286244,0.026588033779710366,0.004405546372168852,0.15055148089179124,0.0010170157230399565,0.001855625960429539,0.001121546570132031,5.526761459629008e-4,8.973724513673363e-4,4.304482812229625e-4,6.752012653594095e-4,0.0016523417824690627,0.005943999994415543,0.00420143294765463,0.16128074271052964,4.420668568469855e-4,0.005486499056024,0.013599706538714514,3.3457534041849183e-4,0.0012415763376430798,2.846050834570495e-4,0.011822004920130354,8.444213337796897e-4,0.0010988330967206601,0.002758422580449307,9.021757648525761e-4,0.003010804200980965,3.5944280334817863e-4,0.003220374456528153,7.138121402322802e-4,0.0019444175351718271,6.350151459588577e-4,0.0013953056917300737,0.0019403330639953843,8.573528291264037e-4,0.004541513869733565,7.555623287675038e-4,4.3177712723037716e-4,0.0016119762629188954,2.059892709176354e-4,0.0021016569344370966,0.004862449130103656,0.005441560803198948,6.501119141917089e-4
0.12967526074528685,0.04502931206285323,0.025591551839434026,0.008460354049900976,0.16180192611479535,0.005846918798693599,0.15451170036255563,0.0012202344576706505,0.001296709242238128,0.00614249079216368,0.004238847506708604,0.0021190624121368816,0.007836188640755004,0.02383867172061464,0.0021176765949338624,0.15469684366267303,9.97869917387727e-4,0.0017688456166087049,0.001127449268398702,0.0011414902453625749,5.565429508240555e-4,3.541588937477619e-4,1.831481331354471e-4,0,0.0050203681585926,0.004436220915769084,0.17667183989408577,2.2785968006692724e-4,0.007488601013441117,0.011519061994244056,5.739022695350318e-4,0.0010095682592645308,5.080359337984291e-4,0.008805354021621236,0.0012325606112373792,0.001032967824356848,0.002402239953641194,8.550524691084677e-4,0.0036621008222860576,2.1695317275399238e-4,0.003528880526308764,0.0014361832170937622,0.0027836903540640633,0.0015606141494121097,0.0024649897480566066,0.0013930159609943237,7.727610087002565e-4,0.003906458834371064,5.791032459800456e-4,1.3873954029392706e-4,0.0014736653784868674,3.1266708274977126e-4,0.002564430296166249,0.00493690495377586,0.005390152338729463,5.418023421350174e-4
0.12415613427422446,0.0472547835582243,0.020571177479638044,0.008839773282233296,0.16535622509897724,0.0072530345647361895,0.1497211177227793,9.365515076529908e-4,8.27202708362969e-4,0.007769151804521154,0.003809619205253444,0.001500317880269814,0.00829848808179615,0.024958104823747596,9.277699108708172e-4,0.16957011125200985,0,0.0028337725804489116,3.4971809503003164e-4,6.625616446537956e-4,8.347502736106686e-4,3.419911240110017e-5,0,0,0.003968214968368018,0.004410069149786143,0.1673649482648226,5.522437039832426e-4,0.00847724648536236,0.011862338891094535,6.915110289919596e-4,5.543219136946148e-4,1.9131818719554674e-4,0.0092630448250475,0.0019880120669339544,6.532291485170078e-4,0.0020275106273647866,7.888696221591401e-4,0.0032718862497012236,0.0016499803927440472,0.004658354426707111,6.010799076552161e-4,0.002278649416488965,8.666909215221628e-4,0.0023474958108104364,0.004206211979630399,5.017074701125473e-4,0.005451291640941699,5.878396980555255e-4,2.3616830345482312e-4,7.427597388436224e-4,4.2169979225233263e-4,0.00251457739792712,0.005556690753990018,0.0042333407217265894,6.161316326726656e-4
0.1262988567689067,0.04745428757206089,0.023556785140557607,0.009865686994417323,0.17907538128373368,0.006208327245864801,0.15022486555036596,0.0011499878634236135,5.059122760770092e-4,0.0069751925314981405,0.002254177009823866,8.245258571351714e-4,0.008522819905689063,0.026005241256328346,0.0027047285945242857,0.15296031426950815,5.010384081001617e-4,0.0015623222797983862,0.001262274402361306,9.97065414218306e-4,0.0011346284413039712,6.539508276728191e-4,0,6.730864598343319e-4,0.005149757136685965,0.004062497583406193,0.16813851671849991,6.680763915800606e-4,0.006494727887513474,0.01437735292680398,2.1109470535690135e-4,2.594746790480831e-4,5.805010002733562e-4,0.009553582751647293,0.0010173725394828157,6.169658103880582e-4,0.0025718517532470476,4.2788912291098774e-4,0.004156136794584747,0.001115470775960094,0.00471584236519122,3.1165528333616495e-4,0.0038328032043825184,9.337924096629888e-4,0.001762234838348022,0.001720981252086669,5.357311208332776e-4,0.0039393716790292405,6.227403180372402e-4,8.05253597903356e-5,0.0013041362751730656,3.0600003762203235e-4,0.0019422735731032762,0.0035350146617472017,0.003369215444597809,3.149572464661044e-4
0.13206383897809634,0.051476729770947714,0.024869379149186896,0.009443912180650637,0.16584291490055492,0.006728194428651316,0.14683794423713403,9.821656929198163e-4,8.225043648195429e-4,0.005725034818573073,0.002892460987492958,0.0012236126627102578,0.008336254110629772,0.022503837335925942,0.0029376071059072136,0.15736504578772909,0.0011120664541747632,0.0023882832321072116,6.574289280929677e-4,4.0092463774488363e-4,0.0012832161920624493,6.533769430210003e-4,2.798690291299567e-4,3.7392632598070755e-4,0.0060466162188338324,0.004448595399345208,0.1664985784853798,3.3543609017846256e-4,0.007381763736346696,0.014308063286726473,5.615643872932315e-4,0.0010134597165553144,6.457120920129035e-4,0.006290085234386443,9.021495575331254e-4,1.5881120383384663e-4,0.002502000274371119,6.871582451401514e-4,0.0037283907089308093,9.091877906165284e-4,0.00572549675330548,3.1527459086969577e-4,0.002977230984905747,0.0016748487185492419,0.0014743306582548534,0.00329774362044387,0.0013101621685245456,0.00456512146325669,8.626201848445462e-4,0,0.0012706123591167658,5.511323612530658e-4,0.0015539068094593909,0.004791356161068249,0.005496868039816143,5.151944446043106e-4
0.12701258416646874,0.043842292262680986,0.02418052858014636,0.010522371233845694,0.16421767662927264,0.0074158501888926965,0.15562504498335647,0.0011414210125302753,8.210274401769631e-4,0.00655850122065608,0.005144685677481075,0.002552255182353773,0.009966338407471992,0.025158424223686734,0.003431019621930908,0.15433134755116634,3.8125256777212955e-4,0.0028870434071797554,5.132720870211112e-4,6.113406286018892e-4,0.0013017433816610129,4.193225637293418e-4,9.938598804294631e-5,2.889994809110272e-4,0.004966363174936256,0.0043342044513163805,0.17350163782018857,5.141064265784362e-4,0.00781157317472966,0.009968715384168122,7.782452618079165e-4,7.794531370751454e-4,7.036132373885563e-4,0.007594603847879307,7.896872702911823e-4,0.0014719459512272882,0.003196948116239885,2.0753964277449007e-4,0.0033003736038017322,8.41234388219529e-4,0.005711676703399914,4.3986262656539366e-4,0.0017551646470623811,1.9593239995720972e-4,0.0014718196932412026,0.0027431118951648284,0.0015007096589590256,0.004249846403771266,0.0012774912638307098,2.9089256766518933e-4,7.09633172802977e-4,1.0561020164251081e-4,0.0022406671054825797,0.003918491877742238,0.0030780986334026377,0.00112701777365051
0.11548310052313694,0.048631580260602075,0.023354398186970278,0.006971201349036319,0.18415412919836582,0.006347867329546179,0.156575753140103,9.591286511223612e-4,4.891062865497584e-4,0.006726379134048382,0.0039538659192676125,0.001914417558779676,0.011200821143473327,0.02334508581667785,0.001362181340764785,0.16136792464107583,4.874429341417653e-4,0.003119879646640425,9.795985928208058e-4,2.2683469587026812e-4,6.148604062362622e-4,7.318652429054508e-4,2.4328486924939607e-4,7.918129158973676e-5,0.005462039048586895,0.00484963869593134,0.1616207542070908,5.184226045272079e-4,0.005315498817210567,0.011907680687364225,0.001016434488881333,7.692737209965159e-4,2.548786897994401e-4,0.006115239599084953,0.0016888074717884738,2.579104403063659e-4,0.0016486109687343983,2.126062147965339e-4,0.0038580433455244786,7.425345585833471e-4,0.003809683391227072,7.855055150008714e-4,0.003223681891784598,0.0020105821582888494,0.0016268796729169664,0.0023725522749895806,8.559894295773495e-4,0.004557778711570926,5.368177007732285e-4,8.579568287296831e-4,0.00162629239279046,4.14041125659431e-4,0.0031039840313493335,0.004720391579102199,0.0036936267963185933,2.45974781739683e-4
0.11827473543614495,0.04985030560196352,0.022298970263381207,0.010066051107889521,0.17100437381061323,0.004775724027475373,0.14487032516350806,0.0014404873458761164,7.786702781433468e-4,0.00668948684752793,0.002819192119520277,9.08739250720287e-4,0.00767922957077866,0.025859296580384442,0.00472168717851004,0.1522798468880625,2.084559016802751e-4,0.003216167814319497,0.0012248825858560757,7.861176684616236e-4,6.453379539097559e-4,3.8774263237977924e-4,1.879571613804317e-4,7.708741471703204e-5,0.00427314558097271,0.007442178381694776,0.17739627415252468,6.50700038848112e-4,0.007033831323997649,0.009717475090892179,7.582990896417801e-4,8.611678037774993e-4,2.3038556271555633e-4,0.010147289382939708,0.001467131699798394,5.494656012015382e-4,0.0026116804036731,5.9597136102996e-4,0.003843655681556437,0.0011446331988139997,0.00488809168179334,1.966590122900412e-4,0.0025591644636150466,6.925208408961577e-4,0.0013422817227400016,0.0017587895479407333,0.0010458507597229604,0.004223282527249855,7.691201739400687e-4,0,9.23890594507936e-4,9.843859457834345e-5,0.002438941115230069,0.006079407060773834,0.01267229623659833,5.371107108412917e-4
0.12363289969454182,0.0493599802963885,0.023659617488475365,0.011002027454168074,0.1660897471316995,0.007840723701028111,0.15316291179754002,8.17082740614099e-4,0.0010398655709247966,0.0059664282148314445,0.0030864102073131874,0.0012996640322516936,0.007970349587407034,0.024843525738878956,0.005694347598038162,0.15897005267871922,8.1298257634622e-4,0.0024204034801368107,7.763120304251961e-4,5.982975570600973e-4,6.60302957404068e-4,8.099506692091253e-5,5.917691969088725e-4,2.3406702177242945e-4,0.005139855687717965,0.007194692661036042,0.15700204589265557,3.5412282877906535e-4,0.008064238469908456,0.017704058703490715,5.855635095517381e-4,0.001620214735307825,6.615485022705886e-4,0.009785313600185834,0.0010840823600683335,2.922094100200501e-4,0.0016214126674390262,9.64033389349708e-4,0.003884109685419268,0.0012091694873878089,0.002627238135215362,8.827578067441024e-4,0.002629354328275708,0.0011624727610438281,0.0026515341419504554,0.0027449385326992334,0.001253077222695331,0.00355234285888281,2.9441868383322774e-4,2.1045676174720964e-4,0.0011656281771176438,5.641229801051261e-4,0.0021385161411701906,0.004363020882327268,0.0053653491732472145,6.173360025626661e-4
0.12034910361632133,0.049041791829188615,0.02293580813452205,0.00809245895540538,0.18125625741881887,0.008200626499148976,0.1538877759287857,8.927256194618979e-4,9.363004588748449e-4,0.006282722342211854,0.0022221883631409352,0.0016184854814078444,0.008974707512696687,0.027721424866047575,0.0013486160357724115,0.15721311622597064,5.46138488076651e-4,0.0029678936601699657,5.427638859714774e-4,1.7076449199268122e-4,0.0013426778606485214,3.133839246539457e-4,1.666625337211571e-4,0.001598886327200918,0.007266325283845153,0.006245228718644184,0.156941953082708,7.295489924132506e-4,0.006879453464253609,0.009836868989179305,0.0013412296404115773,0.001005044348732035,5.944027131197536e-4,0.01027952475857938,0.0010545339702626735,7.15508681784749e-4,0.003287418946448887,1.4616210493138422e-4,0.003692641399022043,0.0012025053578970852,0.004376756773795883,0.0012057073024473355,0.001134936376410842,0.0011489464263616008,0.001657765558036024,0.0026147719393101367,0.00055916689022601925,0.002923752559776702,0.0011368371118181473,1.2167354416056872e-4,5.177199559181854e-4,8.017651340803876e-4,0.0033666555653523787,0.004155943964461683,0.0043297153698634875,1.0625461553661574e-4
0.11811671931729174,0.05047931844919638,0.023312292086916188,0.012041719121181411,0.16508960757104776,0.006146484196920047,0.15106614483842687,0.0011775430458158247,7.428072192214387e-4,0.006065243478471833,0.0028363356114481267,0.0011774040690870928,0.009913875255558422,0.02471463354117097,5.238548152443679e-4,0.17073825518195637,8.246177207440278e-4,0.0036267186417086052,5.688325574528662e-4,6.156645418052341e-4,5.629217975802269e-4,8.057053221702915e-4,0,0.0013969936469439184,0.004515907241801261,0.006218424661524488,0.16124792247905523,5.894723765271478e-4,0.007225175526605997,0.012519511648654249,9.987679858482462e-4,0.0010686340183988223,0,0.007255586044356179,0.0016723098811426405,7.594045580770894e-4,0.003361186175591775,6.834006376641546e-4,0.005226549899907915,0.0010380167566295827,0.004131405102399347,9.435248437444684e-4,0.0017563436876235565,0.0011172507027471302,6.605113748195632e-4,0.001748335852816713,0.0018356556199085425,0.004201074179539468,0.0011971239203034186,0,0.0011984436613907334,8.871371605122937e-5,0.003567409354618146,0.005503125637602552,0.005037427097408955,8.969332988138482e-5
0.11359073265746178,0.05060285920022036,0.02336031954194571,0.010115710562029168,0.17009136709499098,0.006553906911110329,0.15076228452458063,0.0010459215571981366,7.328276850741983e-4,0.006179505787226214,0.0037590184181706112,0.0013950480513622424,0.009386572805491171,0.027741765132652446,0.004820770789904048,0.15011862158533387,3.322038679436657e-4,0.0015488522661335023,6.448758611639246e-4,1.2070135788433575e-4,0.0018995937061047157,4.895248819534742e-4,1.8246555592756978e-4,5.673991625250468e-5,0.004192470814707241,0.004618539500907346,0.17315416747642967,2.4512753775219064e-4,0.005582621902547415,0.015730979887051442,9.695881808932374e-4,0.0012327225570578815,8.116386566912673e-4,0.007124326149666452,0.0015003523009951066,5.954117237143927e-4,0.0022916083143556107,2.927844943290289e-4,0.00373279695582801,8.489481541294923e-4,0.004553405208629332,8.148298015940443e-4,0.0036048125006147495,7.764588369256307e-4,0.001200289525917304,0.0023734223166617776,8.462970013792112e-4,0.005025068284750458,9.99447552706409e-4,1.2274270482870878e-4,0.0011821242755354366,0,0.002306800878503332,0.005803025613278654,0.010044437163725673,0.0018905640097778868
0.12448011622831621,0.04903510528309882,0.023225308072399087,0.009343756620051035,0.16921849992057628,0.006010443792800164,0.14740642526034475,0.0020097656466634382,5.876697543692202e-4,0.0063013829399334205,0.0038321148723814156,9.849965635572474e-4,0.009152101368858617,0.02684303469451013,0.001361672318944077,0.1682948707828876,8.928390986807326e-4,0.0033439829044661995,2.7345214194100814e-4,7.908267410991447e-4,3.1627161682787916e-4,7.565326792263716e-4,2.8682788125672853e-4,1.518519778360862e-4,0.005141434493753941,0.006797245540191429,0.1547062473943646,7.958223976468003e-4,0.008267485663306727,0.014975567611676706,0.0011676739102675522,0.0011653275226242454,3.438286971639465e-4,0.007700459210356623,0.0010226022923144364,7.076889035944178e-4,0.0027559869040177203,0,0.004072897399511626,3.7128327378138187e-4,0.004295366216038185,4.574195065640544e-4,0.0029438785890535603,5.032617105948488e-4,0.0011014036410923744,0.0025065955719300497,7.687056956817464e-4,0.0034447914355497152,6.001991650563933e-4,0,6.754447007503376e-4,2.928909439122183e-4,0.0033473730642191897,0.004840738973771228,0.0058233236851253705,0.003507206725062938
0.12559394424875575,0.04877070863600049,0.02133768920271167,0.009844301806565776,0.18053631981979346,0.005586996706386322,0.1492718740145971,5.60067246555119e-4,9.209616954898673e-4,0.005664980423790469,0.00286802020173863,0.001903371348037966,0.010583243825656098,0.026205211092388752,0.001524658753907521,0.16788910582122116,6.715006692930097e-4,0.0023875522687705855,5.889798121023632e-4,5.641641213189406e-4,0.0014853024822944478,5.364169347045273e-4,0,4.411006332110747e-4,0.005335104001358194,0.0044662158026562765,0.15123040695489734,8.192300268147772e-4,0.009180420885359551,0.011370414446409627,0.0024276064874027485,0.0011720624183987538,1.9789396329496545e-4,0.007889031905759136,9.874304167913292e-4,6.32107009582336e-4,0.0023535429792767844,4.5197486725545913e-4,0.004052713556810748,3.2256468233514554e-4,0.002291509723654679,4.283649022727815e-4,0.002385076154588785,8.981084763617865e-4,0.0010137039744020481,0.0032833687202599078,0.0013321209180218881,0.004690915364260188,7.893263270082672e-4,0,0.0015150395226385606,8.019635577930261e-4,0.0027133722708986003,0.004062774236610512,0.0041851743684140465,9.839893131206715e-4
0.115939025476585,0.047098401324900244,0.02487049561071789,0.007641309539058099,0.17996912496049697,0.007515913073129818,0.16193248497730575,0.0010797215853144857,0.0010180162124488338,0.006015368789473847,0.0034452213139908455,0.0014467830826836853,0.00865165550915526,0.023606231372814784,0.0024262643160303968,0.1576559718564973,5.617796748618634e-4,0.002218545244519437,5.780965580690858e-4,6.111517628239918e-4,5.272696632342103e-4,3.030937580638055e-4,2.6174406146747527e-4,1.824468118551437e-4,0.004073389954365445,0.005739317100772735,0.1620106812098393,1.774810319710295e-4,0.0073702092397948315,0.011429021322415113,5.247614756945528e-4,0.0016520400160830494,3.428958764805051e-4,0.007710881187121051,0.0015463232251238302,6.566148676187785e-4,0.0028844735551676252,8.793617073315386e-4,0.003777110946796127,3.621785634187477e-4,0.006154923087504412,8.765332180457605e-4,0.0027880589638611046,8.171820683937001e-4,8.203610390157183e-4,0.0025104078106797014,0.001382023707445299,0.004670554203415708,0.0010499017832493979,1.264200570265124e-4,0.001510355716820389,2.83557879965315e-4,0.0025400023148420764,0.00473328729622726,0.002197978364915337,8.455946730998663e-4
0.12056364181982882,0.04977118132637206,0.022825601610489653,0.007945545033836475,0.17731042191965032,0.006110263102233865,0.15261646963769626,9.831131591644575e-4,0.0011614738139955963,0.0069835048334973265,0.003237021803914186,0.0012205083866027716,0.009161221250559761,0.02196135903949806,0.0026523294622429524,0.1509332132808902,3.3463871866880237e-4,0.002760689167161126,2.9718929522947173e-4,2.856118697685538e-4,0.0014462932181637522,3.773673363288283e-4,4.17903928945434e-4,2.5689992729932874e-4,0.004305240424895836,0.005187262439890422,0.17060706794348066,4.2273615226157585e-4,0.006396097909728977,0.010397237595815444,4.2663307379728853e-4,0.0015320238888497674,4.1001766717839916e-4,0.014101766652214362,0.0017004114469267146,8.027475610206462e-4,0.0032582720655622943,9.781826658389339e-4,0.004074873293256276,0.0018661939680502293,0.003949558351308846,4.71130898964447e-4,0.0021323544677399127,0.0018903464813294104,0.0013522780490359237,0.0013301934274495407,0.001247852778185592,0.0037604473101332673,6.987722802459013e-4,3.637109845057606e-4,8.702302016719827e-4,3.94169210156928e-4,0.0030858933236894122,0.005945646996425622,0.004044530250315942,3.826572980355979e-4
0.11714520192393801,0.05087539646613086,0.02583652588958187,0.009490587558852967,0.17484925980196164,0.00811781980887003,0.1444958903232788,0.001430585393415363,5.33953413191475e-4,0.005756459645256029,0.0018767072621905742,0.0010961568518836253,0.010569412336901863,0.02594525820368713,6.134106192117529e-4,0.15121591807823356,1.8421547258504054e-4,0.0018273440620141673,0.0010188953087183186,8.176350120523798e-4,0.0019421236710358506,2.2131553007912402e-4,9.322464738872771e-5,3.537958521479346e-4,0.005299009726875119,0.005280598482096841,0.17014599224495744,4.0904378467706865e-4,0.007453310997182543,0.014113308462105092,0.0013716677009327218,0.00102680692120101,5.33192606330411e-4,0.009254553747855186,4.97639083769975e-4,8.668370830066121e-4,0.002241612214266007,9.403617155204156e-4,0.0027739565528584636,6.493668296067277e-4,0.005182246373189965,9.12871090583464e-4,0.0027262289846654614,5.773989141601984e-4,0.0021207556699070385,0.0016294492512368332,0.0016194739514957153,0.0037739624757028266,0,5.038190033432521e-4,6.55251264473479e-4,1.5417021387493425e-4,0.0021022362484102814,0.00712215047431606,0.011506728120560061,2.4890667823172243e-4
0.1161401313691384,0.047154487327545506,0.025987286314583035,0.012738691637965604,0.16628471910958062,0.006308822845233,0.16124488069024695,7.846313961898758e-4,0.0010287810774840004,0.007109633601026472,0.002485292289274952,0.0013547971728161685,0.00954913736240263,0.02593760635404376,0.006120725550762473,0.14638357465390228,1.385301333874423e-4,0.002180422836329495,4.153733929211004e-4,0.0011060508934189128,0.0022242976370232897,9.393614497524499e-4,0,3.986390059573801e-4,0.004385923409866226,0.007223212683829452,0.1661698349573329,5.136444682789488e-4,0.006549987488175572,0.02087313804511622,0.0016019570730829644,8.364278257591205e-4,1.4711261847808154e-4,0.01093420034494711,7.146770910465395e-4,5.765144272168564e-4,0.0019562493848610837,7.393095203167866e-5,0.004318572489153928,6.846219663863408e-4,0.004866125851873214,5.093788926757563e-4,0.002451264084080475,9.496480036576607e-4,0.0010950718183972779,0.002470652946198984,6.642291215631531e-4,0.0035859618786253226,4.764266997309166e-4,9.431332744426177e-5,7.30586758632964e-4,8.322888287073656e-5,0.0022997106793468908,0.005609936327161415,0.002501228056088845,3.635734510334593e-5
0.12563865096487692,0.05089720417304348,0.025925676837067167,0.008465422175556464,0.16517590071932578,0.0064536820370934035,0.14942813733446697,0.0013800084207057034,9.59649631754865e-4,0.006713785320955854,0.003162347578465822,0.0016824096220177905,0.008196077579239378,0.024290441839596916,0.0016036273906490952,0.16417680409750943,7.277863894600328e-4,0.0020841755315577698,7.64702489038512e-4,4.054202112102853e-4,9.111614523660262e-4,8.334969486878169e-5,2.4440941475645803e-4,8.81004978365404e-4,0.004012897552490869,0.0053567451649835325,0.1653378196478481,4.374841521278091e-4,0.006968422628501355,0.010757333411423976,2.530381903431132e-4,9.627054852253521e-4,8.191552982113156e-4,0.012239826753425791,9.13686632669133e-4,6.53115754449021e-4,0.0024504811171963577,8.61589192655168e-4,0.003673912242526919,6.661435565703014e-4,0.0047810766338626616,2.9640914131814303e-4,0.002357569979577002,0.001406288483047822,0.0017554252120831103,0.002150774587134642,0.0010882905924203495,0.0037348538439786597,1.735855598395705e-4,2.0626474595806317e-4,0.0012290971180424564,0,0.001798306848670398,0.004902678490332272,0.006893181882725348,6.100042164131137e-4
0.128948490169563,0.04996892383918206,0.021897936063350394,0.01014901279023328,0.17071486180133277,0.006241141129895814,0.1504952199698451,9.065909399038472e-4,0.0011728303734712506,0.0057932077733931844,0.0039437748891230475,0.0015279670162759793,0.008672397575673488,0.024764093068625606,0.005641045408596653,0.16825131667816315,1.705547827156258e-4,0.0029871735067104332,3.2415212420102584e-4,5.278432875209262e-4,5.423214869807865e-4,0.0012372895874425607,0,8.699557901904468e-5,0.006390824467333618,0.007644460154823515,0.1532324298160182,8.813633201779327e-4,0.006655262628730059,0.01179602865234242,6.361043870077368e-4,8.47786082444445e-4,9.284624278628252e-4,0.009337570230873081,9.319943235700244e-4,5.176259833375153e-4,0.0029055019696742073,4.2669030905467337e-4,0.004049958393440405,4.0785891010819804e-4,0.004008004039406768,1.8372760392106982e-4,0.003372877530277107,9.030023323183932e-4,0.0012749642851814212,0.0014697175921648544,6.059881819350843e-4,0.0044411515693518954,6.849846121696185e-5,2.1234931967457684e-4,9.832937016407176e-4,3.6442977922538625e-4,0.0029380539445576174,0.004343307820106764,0.0022755719410034736,0
0.11916661812893731,0.04626367161573516,0.019314985728963247,0.011017008283536635,0.17720006675575145,0.007027520917225278,0.1449818615619628,8.856089042390995e-4,0.001727608646555426,0.005933542486502968,0.0018785875081004746,0.0011847102716492546,0.009677023134740453,0.02538872293393472,0.004434347003793528,0.15303542733292613,7.050598185028806e-4,0.002272252941775395,3.4369806886383166e-4,5.821182158974498e-4,0.0010552202874661337,7.297086292071805e-4,1.7346273642569867e-4,0.0019340371646406054,0.00523898984609016,0.007768804128908601,0.17349560973367464,3.089128064495511e-4,0.006148723999557774,0.012018120493796572,0.001057220959766714,9.430093343123908e-4,8.343285848171082e-4,0.006536729947224724,0.001103495574343108,3.615449532319027e-4,0.0029529777216082435,0.0013757721155527626,0.00378911065658616,8.190729219792981e-4,0.005522753512796501,1.8674928927468618e-4,0.0023632307353365876,0.001219281640045989,0.0015727546360016584,0.0013689413498751489,9.508067410586394e-4,0.0041296516089735225,0.0013051008668385977,1.5396904518266428e-4,7.843021731312401e-4,4.5746127609373684e-4,0.00255319115784484,0.006469450526984961,0.00758239177703682,0.0017146708082915476
0.12312802694771185,0.04896088477334681,0.02527817117321657,0.010085887751172981,0.176574585815486,0.005792934807110707,0.14538761420023816,0.0017414650218615455,0.0014065805230139947,0.007417906969506879,0.004265538360636477,0.001489620374199513,0.008846751827538482,0.022931625025652595,0.0016417961362903816,0.15597176007180236,3.622533649529836e-4,0.002164969128118659,6.241107466719001e-4,6.024136589201709e-4,0.0011798047757048415,2.1875903359571528e-4,3.325386822544218e-4,4.4732042680331856e-4,0.005886304956823773,0.004137120544055414,0.16775570617184163,5.388832469356123e-4,0.00626213551139572,0.013501444137148145,3.619049306094564e-4,2.8234344115374196e-4,5.82997790683322e-4,0.009507453414273026,0.001094695574875806,3.0245110430961424e-4,0.003842269036318994,3.2429896308399476e-4,0.004185942796822828,6.057189250479867e-4,0.005316608609818944,8.598263130276492e-4,0.0016964703128806464,0.0012130815373057212,0.0018416158619875822,0.0019066500320003986,8.916774526279504e-4,0.0051029630264611695,9.827977333717608e-4,3.1938835675112976e-4,0.0012275528850760233,0,0.0026827085950583583,0.0044055132594469325,0.005411933068161433,1.162228148379277e-4
0.11954485919887164,0.050071513864259204,0.025577689467544372,0.008016199332761018,0.1830724307280278,0.006714183622245411,0.1513655089873127,0.0011033980928764854,9.697450854771999e-4,0.006066599014183783,0.0034076375619254535,0.0015530734983613785,0.008193678230913043,0.025522574038435917,0.002076191292994633,0.1633246342343939,1.848748777124299e-4,0.0026103492604122105,0.0010596141605916287,4.0156319160941954e-4,9.836544802099482e-4,6.594731658877592e-4,3.5516132739922345e-4,0,0.004191212925408282,0.006376905628113592,0.15601917188274916,4.208573648068941e-4,0.007535828434895061,0.01162953074830307,0.00167211259907882,0.0011935930779507452,6.100362787291134e-4,0.008167281909402632,0.0023129879722321766,1.9347353116069783e-4,0.0028637161734490933,2.860201690979731e-4,0.003779637435057846,7.582420982452514e-4,0.003015535354304642,2.836461275434389e-4,0.001969366334803713,4.0162959874527995e-4,0.0014579588558229497,0.0019342233532469244,4.3176648514146746e-4,0.004616909012288456,9.345515802872504e-4,2.6812553306499576e-4,5.657973626962756e-4,5.415973555608722e-5,0.0019180735714849186,0.004837879434487924,0.005920595255292777,5.445674621458992e-4
0.12184010823053365,0.047980581198817686,0.024025415349398074,0.010862499488777868,0.17537603729717177,0.0066686178117186965,0.14235075149109924,0.0010408459806146744,9.514714800059181e-4,0.005506419420968265,0.003902744529541847,0.002418948585973832,0.00804072920071758,0.021074542563461005,0.0010782528160255588,0.1572852901721676,5.064492245932722e-4,0.0024840063173301964,5.41166262712792e-4,5.13869267578763e-4,6.225606967247083e-4,8.12363269218531e-5,2.2987312275484322e-4,0.0015515767195696945,0.004545599821312609,0.005483286602943567,0.1696975481388595,9.774876424181924e-4,0.007945973378390824,0.014155274245660425,4.4804927586550904e-4,7.550265746482154e-4,7.557118155666512e-4,0.005972960108684804,0.0014075295360921336,3.612591633236604e-4,0.003328108922023294,0.0013502426181000338,0.0044789768736176626,8.752664937780817e-4,0.004650023715097899,0.001697984465177746,0.001812939782164742,8.848504753381506e-4,0.001455008052884998,0.0014811237414672153,4.7745019162347824e-4,0.004501471946943854,6.862326179186786e-4,5.271663133581665e-5,0.00132396134042379,1.4219284739340322e-4,0.001552685324521228,0.00572311185693591,0.0140040298736202,8.192237068832458e-5
0.12343243563610898,0.050531142446984104,0.025015484422813806,0.009201649044617845,0.159992252254937,0.0063910158839576995,0.15901691304184487,0.001000194441318622,0.0014379545484932202,0.00605871842441234,0.004578603349311688,0.003204874071029195,0.008621142800180235,0.025249093706310895,0.008960586385970092,0.14945550659822257,5.860051152227609e-4,0.0017301417853151561,3.042699780627144e-4,0.0012397014366142358,0.001057773943580775,6.05419081834004e-4,2.3255592032300597e-4,6.293131862876617e-4,0.00815511093893318,0.0061296359598604615,0.15478024751803882,5.588586818455994e-4,0.005631030104678263,0.014696859597714376,0.0014121786523716461,0.0011871164551947053,3.1218012704367946e-4,0.011250860296279853,0.0011510627163619728,6.7284241615089e-4,0.002495817387122689,2.605357987228407e-4,0.0032840133196580723,5.527128946047559e-4,0.005062974776939476,0.0015917209747357284,0.0036239477700978776,4.2657319391997233e-4,0.0019181236353057617,0.002581696692865867,4.2417669560482603e-4,0.004050051945541884,0.001520595118487816,5.669426832185181e-4,8.217855308253837e-4,2.2835848815425854e-4,0.0031022175509625425,0.005171425010228268,0.00778285903876429,6.274052601227233e-5
0.1225978966992279,0.0478870368466917,0.021383799614285832,0.009420256937978884,0.1793226300508097,0.006673755850396254,0.14314109079341844,0.0015064931467659772,8.914893084045866e-4,0.006123726076017246,0.003180166671262247,0.0015255476866115134,0.008503198291706954,0.022138078248170896,0.0019870662856577574,0.16113066404676601,2.9176370797516765e-4,0.0021830109804997053,8.514384772990972e-4,4.3983289824379144e-4,3.2197157279859723e-4,6.824344758847117e-4,2.2163620094493727e-4,5.527658810854335e-4,0.006340506784266866,0.004976783564092742,0.173939593194581,2.983272605329452e-4,0.007127149409373102,0.01274518570631048,7.940130437565515e-4,7.117338579203133e-4,5.534191811285497e-4,0.007562481453161058,6.537259472784232e-4,3.800419300542906e-4,0.0027869542509987187,5.035338943070262e-4,0.002603955711067238,7.068575452125267e-4,0.005282128712542619,0.00109441068069391,0.0017664910999324293,0.0012816924247381037,0.0010888443946521838,0.0011549985009660824,9.330495971259288e-4,0.004224725301982393,0.0015198380364607118,1.986958359867779e-4,7.21771117471545e-4,4.458243904202622e-5,0.002447278392006615,0.0047854402665134625,0.006746913857229925,0.0010671258597101435
0.12353948343425208,0.046612527439149336,0.023542986012723244,0.010543707388600622,0.17097872506375852,0.0072354376723680796,0.1583903312931158,6.099755826838209e-4,8.670459594330749e-4,0.006152460178436049,0.00336772197858136,0.0018629749003573445,0.006649064433104224,0.025749478897106996,0.006084841792726402,0.15378064436053102,8.21091503676119e-4,0.0034152832304891983,8.537684441696547e-4,4.8363614517463454e-4,0.0019723333959543714,6.371803277716543e-4,9.59481939142461e-5,9.955907245252193e-4,0.0039448861175177714,0.005344056886576781,0.1668923704947481,4.7663172861720616e-4,0.006666074400249867,0.013403798313645781,4.3327672126608664e-4,9.99028149126609e-4,9.379403872998951e-4,0.008026075160687379,0.0010812857681238358,8.632539012026046e-4,0.0024556218821401342,2.46518228972979e-4,0.0045658085053115315,8.399464777613165e-4,0.004283578079728284,2.435732944469515e-4,0.002019396765853455,4.964224848141164e-4,0.001748388214459768,0.0028196996032720137,8.977249337621692e-4,0.002770024069661482,0.0015874353007775208,0,0.0014158284632230283,3.68850306473556e-4,0.001689805958000385,0.0037432190098717877,0.0033497093800801555,1.4753265972439894e-4
0.12668674559003598,0.05219775234049468,0.02475747851668344,0.011019611267430767,0.1707863753159429,0.006686465524757702,0.14761577015298186,0.0010900859715034293,7.253572370730693e-4,0.0064821744799970086,0.0027080635506259118,0.0015460378027307852,0.00920797008610916,0.025267396455492988,0.007171465720463419,0.1444315496690491,6.496190844722537e-4,0.00207603574161021,4.7337102430589377e-4,6.959164925577256e-4,0.0015684145253597659,9.122890625512439e-4,2.048053858340738e-4,3.943073327695885e-4,0.007229283681336946,0.005308570299499943,0.16799618600075125,6.802861508327895e-4,0.006934609495074623,0.011405365300635314,0.0015328333661551253,0.0010496550422905218,3.4137090063337595e-4,0.009411922657449884,0.001207234607421517,7.915421062557009e-4,0.002668837359134651,4.4010532611587247e-4,0.0035344187004856704,0.0012028821313243782,0.0032432473704921893,2.3060402426860178e-4,0.002460506754376372,0.0012769613131558093,0.0016465058843454798,0.0035032001114458956,6.003844637536281e-4,0.004303942101365619,5.218370998891393e-4,0,0.0019018473544869065,2.628578995526404e-4,0.0021722727980915935,0.0036457955699539133,0.006068833574460602,0.0010710422241311096
0.12106897215071506,0.05112186576181637,0.024742386812702268,0.009158542180810763,0.1728949351982644,0.004939564818275077,0.14636271056803946,0.0012468990337986712,0.0010871561420086387,0.004890304642056907,0.002991215623990747,0.001813724301284424,0.008657988526197084,0.023427240515509856,0.01414542148141462,0.13615888843026921,3.037768496124072e-4,0.0028715242184107234,3.910472384352666e-4,6.298941764338693e-4,0.001529324532770465,4.643256226138603e-4,1.6943319839958162e-4,3.1420521009398086e-4,0.003530030484233638,0.010018164103329735,0.17232043412801792,5.994967992360734e-4,0.007189003661961644,0.016004991540212652,8.427402979382738e-4,0.001519115269998373,1.4151850365914072e-4,0.006589001211769385,0.0011473920246226146,6.108202468934494e-4,0.004537942410614234,7.632745413293231e-4,0.004224536973553107,0.0010120744110585734,0.005724825456227355,7.372283649699377e-4,0.00207703884984222,0.0011081552100897039,0.0018838453414042478,0.0014134374070313893,0.0013257980045511665,0.0034950859664519096,3.5930669932780497e-4,1.9544400043787258e-4,0.001251225961266601,8.333040649998291e-4,0.0037665136633558624,0.00461397191841957,0.00805968616800121,7.232490812714709e-4
0.1255148960632897,0.04982698550311594,0.021562953385751527,0.01007261213425776,0.16524536477302862,0.008206672792422992,0.14847912885583853,8.734765728362813e-4,0.001477542831884335,0.007390843291762287,0.0023438714157285492,0.001985506382120755,0.009183196810297396,0.025583943070953588,0.0013366457742041086,0.1539361854322007,3.080803527510194e-4,0.0026452388257613307,6.676010463747489e-4,5.778328353682276e-4,0.001213730451351526,0.0010932862766897824,1.6548170666206508e-4,3.9669647800283744e-4,0.0038129382338580103,0.010588796058550195,0.1726215405770274,3.4277688016753823e-4,0.006201701303716153,0.015423600854799255,0.0012454610354589027,0.0010422936253731692,3.9647247318324127e-4,0.0071302657776859376,7.710558504989483e-4,0.0017378188276848197,0.0027133179394877587,7.640995912810249e-4,0.0037586410446645065,4.6251575172857195e-4,0.0034436383081564935,0.001166576556598023,0.0027796244330318717,0.001530544324707667,0.0011026060294841258,0.001469431712858215,0.001446443131557988,0.004617182860352604,8.849267453664124e-4,5.925623659050782e-5,0.0017203343952930598,9.099746346080662e-5,0.0026457885151304943,0.004139439208707647,0.0029670614660886273,8.350797247954118e-4
0.12538885517647616,0.049778143968160465,0.025974643575962603,0.00837149226112786,0.16979548200984504,0.006908945788742494,0.14681777708339,0.0012308465171054013,7.142790817773041e-4,0.005904862358269004,0.003765800174711972,0.0013567788169033719,0.008739551813948823,0.02385617704005273,0.0036446164768110714,0.14953002182139252,4.2492062375153655e-4,0.002719638152718232,1.4781816099655414e-4,0.0010449912448907545,0.0013652573052010907,1.53668480034567e-4,1.891429019687012e-4,2.4235737184017417e-4,0.0044742633053196975,0.007176388759494412,0.17764695340524245,4.8215206790577206e-4,0.006765872568600421,0.012013233509096707,9.417158002455403e-4,0.0011952945783359383,6.448784671519798e-4,0.00994212719279006,0.0012520886697493351,0.0012272886861970406,0.0028751773984968714,4.1237943191215187e-4,0.004354707650092052,7.080450422459699e-4,0.0037917364594237594,6.256314881532235e-4,0.0017015579214870935,5.037922069506792e-4,0.0014394930898449189,0.002829352493167162,0.0011077080656310039,0.0042223792522133215,6.145722755462477e-4,3.994583292252394e-4,8.033624880726471e-4,9.471394119359245e-5,0.002579444484420703,0.003541053552511658,0.005064757322550771,5.023518906531177e-4
0.12318134946828316,0.04751820983839107,0.022713746641376157,0.009625851813992073,0.16754122933421295,0.006473874184036804,0.15267856159603835,5.426227023764279e-4,0.001444448734375254,0.0073298727712497605,0.003512212580688962,0.0015094101050417668,0.010024900756187132,0.025582221195607692,0.004250086678852988,0.14820843977064027,2.6916120843831757e-4,0.0020813039809496102,0,4.021347175406289e-4,0.0011796390590868057,5.524644021942311e-4,3.6396602702461087e-4,5.536720829134481e-4,0.005898818548597076,0.005232411099929606,0.1730119496430586,3.6686170746669824e-4,0.0074724429809109585,0.015485584484329478,9.000463995417165e-4,0.0015269667003116668,7.811775020772497e-4,0.009131819735049491,0.002020848961884771,7.119015955150677e-4,0.002690508942417105,4.154420329729578e-4,0.00409946440399575,6.780723387561935e-4,0.003625754142424037,3.129243892751007e-4,0.0035318650058791916,0.0015174905634794027,0.002625448195405009,0.0019375328662291215,5.31219105395491e-4,0.003857225312322548,0.0014328840810333744,2.457331274168624e-4,0.0015267582681063195,3.822768446619245e-4,0.001676751266991687,0.004859719259746933,0.003972720845320134,0
0.12159551527793955,0.04491678183402114,0.02614259478513222,0.009617792428296352,0.17870871799924787,0.007034215781891243,0.15020852877333743,9.604542640019657e-4,0.0012485674684788795,0.006609182127603842,0.0029528205581280343,0.001308621848191273,0.010025202378150824,0.027239455007861884,0.005336275224365401,0.14567347070298656,2.66009458177691e-4,0.0025332625135103624,8.152114386582288e-4,5.166026796883583e-4,6.501242449599526e-4,4.192646023921467e-4,1.8517233889787948e-4,9.09561726113652e-4,0.005584674995713316,0.004916600163234462,0.17543027482650023,3.521367917388534e-4,0.006810122375418706,0.013458305767716183,8.565903432301317e-4,7.181939908480979e-4,5.518116660124928e-4,0.006786697874121572,0.001523288747773038,4.862703353559876e-4,0.002471783690934022,3.2164710047356154e-4,0.0031990417448620975,9.024997159420496e-4,0.004722929778292756,5.075523957267909e-4,0.004096533175234958,0.001207060418105763,0.001218761327479946,0.0018312344493640147,5.841165441418755e-4,0.0038004279760869802,8.402849824493931e-4,1.9210987328345996e-4,9.398107067796417e-4,3.265492868309933e-4,0.0034881677145421524,0.0027732841568920757,0.0029238275971017326,3.04004025779946e-4
0.12776500809630614,0.04349177213616789,0.023873060800032386,0.01012837906679744,0.1606036126643829,0.007784943890920323,0.1525148508456072,0.0015908989672218771,5.379460967615689e-4,0.006791009686943419,0.0034958104978163903,0.00126894481171592,0.010444538151240305,0.028083769122218254,6.3241000955259e-4,0.18228382954786876,8.171150934346163e-5,0.0020799129032240083,3.755334861580534e-4,5.996121213707051e-4,0.0013822923765811122,3.9229869447205003e-4,2.8648557395305593e-4,5.009484404420462e-5,0.0034444600983544933,0.004430126284677362,0.15262177610087588,5.435963339142052e-4,0.006243480279150108,0.0133202179617103,1.0644221435174903e-4,4.774458699288925e-4,4.796065368194548e-4,0.01108652091604204,6.306451041354353e-4,6.029010781807837e-4,0.0032050729528262287,3.55165433854013e-4,0.0031338785394044466,5.720909456689512e-4,0.0026455808963046323,7.023671995217613e-4,0.002431334945789745,6.045905928054816e-4,0.0013515441856158895,0.002793743361150178,0.0013870814869209765,0.0047946885083488015,0.0010427458573502469,8.835909112875884e-4,0.0010174128364399296,2.540072527123305e-4,0.0020743771722003556,0.005294273444421306,0.004434154414182493,4.963543843539519e-4
0.1183495916848447,0.05329865716222271,0.025083075964053764,0.00830174997190144,0.17739794940239115,0.007297684844541291,0.15131524703746202,6.757799280458611e-4,5.9161276667166e-4,0.006394977829366498,0.0029988511585727034,0.0020516617444920147,0.007385776825121481,0.024276660147783104,0.0034941276940621546,0.16134247513275923,6.629266911963257e-4,0.0028518440148594805,3.318525916664449e-4,5.751197892052509e-4,1.8062826949040474e-4,4.8821622931929877e-4,4.968251469947095e-5,0.004147998960411497,0.004695190216131691,0.011319344481434313,0.15003745986827793,5.331665324702118e-4,0.006463721570326755,0.01265315849197341,9.784263908362454e-4,7.010548469076071e-4,2.7496590345454225e-4,0.006835543436776465,0.0010698807455588827,5.724731855952927e-4,0.0030283936273316652,9.06700272657284e-4,0.0038537689494972604,7.770503486334309e-4,0.0032978253604304293,2.5385595797156816e-4,0.003733360727552098,0.0013516828184797628,0.0016218774576930981,0.002943377216516905,0.0013166497555095562,0.005020762692587014,5.80365699050469e-4,4.1463354087354005e-4,0.0013189152835783324,4.1383835713210815e-4,0.0017003624084680248,0.0046137364787177905,0.006572416006884892,6.018930155514458e-4
0.12481738071984509,0.0469390787256711,0.022696727646960953,0.007903836295794353,0.17404007402222785,0.006414297866366642,0.14791151268318192,0.00157810533647143,0.0015036155621153686,0.008262638112181923,0.0033199839349029887,0.0018441649926763041,0.008523285156433804,0.02172477101466377,7.18893058667962e-4,0.1631962216008461,0.0010308658303484174,0.002888042111981492,1.1826292751936912e-4,5.419240967970192e-4,8.167754592634273e-4,2.4248159808831326e-4,9.741413943276765e-5,0.0013466432600775125,0.0039355012743637,0.003408005776469488,0.17060915335780344,0.0012031625107223126,0.007919718850409705,0.012027840384041604,6.744923064535983e-4,8.049748776541213e-4,2.0738790337680854e-4,0.00735401997973192,0.0013886577925779772,2.216064607821346e-4,0.00211745686821987,0.001023461236201867,0.0058811799836859325,8.136672319768365e-4,0.004869199296563569,2.2667526344333168e-4,0.0024809826570537257,0.0011318554373073593,0.001117426677206166,0.0014549585814392593,0.0016006875109568033,0.003785708855921751,8.340866077118631e-4,4.0959370849317757e-4,0.0017712260542630147,2.3264505761892135e-4,0.0022407263489568874,0.005307050652330539,0.002686367025685952,0.0017835273180604831
0.11291445701446998,0.05200949191523507,0.02321407048983325,0.009371801441549903,0.15991448311286768,0.007701027604483692,0.1471159881420652,0.0010460410180821369,8.212497237665764e-4,0.006742573361679212,0.002800569524615309,0.001813773209457903,0.008337469117440394,0.023180997887315542,0.0016467278883178723,0.1528694304566998,5.153743027852194e-4,0.003245671922742304,4.24521885682047e-4,3.762316308827561e-4,0.0016663723929198145,4.7994381087702593e-4,5.21009060238169e-4,8.307322603755266e-4,0.005011914112686747,0.006814502844627813,0.18274647367181457,1.9964693691965673e-4,0.009330434222684742,0.015274499125373342,6.429538692807053e-4,6.453602429988819e-4,3.7052162510243126e-4,0.007111093299923916,0.001028590347958743,4.067756997850546e-4,0.0031871883261428953,5.0180308390661e-4,0.003274875324057661,8.471409513177586e-4,0.005397240215741311,2.5703052499715274e-4,0.0026660664069719205,0.0013086210733275758,0.0010588095339023808,0.0038573701586671408,0.001520765171108181,0.00434704668311469,0.001370021213746508,7.321025015530144e-6,0.0013581914716537355,2.0906927486670675e-4,0.002881275647070795,0.006345517305304754,0.00762777223244848,0.0028340992030992302
0.12288266673091297,0.04901085510182541,0.022950695851406376,0.009503455183615459,0.17643631971186766,0.006333272659379671,0.14806878754303093,0.0013880277523715956,0.0013814570133270957,0.0064175064266824376,0.003748875570640852,0.0022433717360753253,0.008470517140214188,0.025267384529294203,2.3125763295573195e-4,0.15539909521649414,5.341921942555849e-4,0.002251910683614958,2.2931338595652944e-4,0.0010915494117962284,1.1659300623801209e-4,4.065530719584075e-4,2.08620483830178e-5,1.5066617331191369e-4,0.005544554456566959,0.0038244586235155003,0.17326671162242394,0,0.007889040393064544,0.012170340510125206,0.001392935558255957,7.903770756078767e-4,7.188050222169573e-4,0.005084673245580455,0.002006820856404935,2.291715937375804e-4,0.0024185833231987093,0,0.0035702545591601016,0.0012518001567672777,0.003376444577126522,8.993788555466243e-4,0.0015966060297763892,0.0010579637823613696,0.00182172847796983,0.001969137891304802,8.501317572980528e-4,0.004967297069735218,0.0011955158049090733,1.9650812127151187e-4,0.0017538572335489932,0,0.0026453833432365354,0.005629997357818201,0.005794717389256456,0.001551619536605718
0.1308103775771785,0.04672708631613382,0.02229018393389487,0.011381487464127135,0.17312780056463284,0.007066802254688239,0.14185941126312226,0.0017814857588741345,4.8126503657598604e-4,0.006989831535291602,0.0035227044898053154,0.0015879030034205092,0.010402036460252189,0.02468323399926321,0.0011845286518045353,0.15757003655239263,7.530678493562212e-4,0.0032481351522639624,6.131213152034918e-4,6.952042016143165e-4,0.0019199278812680359,8.558308517866939e-4,1.9386935270883566e-4,2.745540502163211e-4,0.0071390379656910575,0.004475064429444934,0.16102789520273472,3.935786506625333e-4,0.008671436861190943,0.013794483319391733,5.054145201429245e-4,0.0012628299030008078,5.850408510159195e-4,0.00959140627312331,0.001029884423677274,1.8120932285799286e-4,0.0028042352779363124,0.0010860607462818213,0.0033524083927414746,4.1240119633424043e-4,0.003823195785382349,0.001232720928376301,0.0025992786457545297,0.001051632514361743,0.001474172040158008,0.0015655639453739654,7.773222061109665e-4,0.0035431170241847186,0.0010841195767158735,6.202355070967354e-5,6.756297975024006e-4,8.2126968428146e-4,0.003831037434793154,0.006033162708080384,0.003344455776593724,0.0017490255295170881
0.1211074574594589,0.04676593646627687,0.021068049432878887,0.00822364645817634,0.17673468607002987,0.00723099909010762,0.14309705612242912,0.0016818666033002994,4.1150101209257655e-4,0.005484148239423005,0.00300605338831756,0.0014944007190041233,0.008060180919797965,0.02375207624436731,0.003029958816761885,0.1735394117927025,6.853647464022565e-4,0.0028656392363545975,5.209083858262765e-4,7.456061333659368e-4,0.0031489181760015863,0.001297458799323153,3.3798621820394886e-4,2.0516850427617687e-4,0.004638876068503496,0.006157623657534933,0.15481163381095753,3.1824957165162734e-4,0.00865578311551063,0.012196476068918185,7.875257575443201e-4,0.0014253501941421864,5.099164688866388e-4,0.006667648603534114,9.880078191838405e-4,4.292430195955839e-4,0.0028545976007383774,2.1529876534195067e-4,0.003649860531381309,3.1410710191638684e-4,0.004742343002027217,0.0015738783910769015,0.0014721280432894654,5.882513109032151e-4,0.0024804738144485784,0.0029141476613419614,6.9929888978726e-4,0.0041717972974530835,0.0010212761784045435,0,0.0012923567160834015,2.825151606916348e-4,0.0023509751719352676,0.0054888562322003235,0.011265652045704398,5.413728944328493e-4
0.12320364412230862,0.04682965448833175,0.02613484667734245,0.008293270682531884,0.18151413663232724,0.00651152595344015,0.14433654369770355,3.675691577587979e-4,0.00107317504724836,0.006318003325339677,0.0035928922912620235,0.0020926925362445728,0.007011843230524842,0.024596363533809337,0.0015337978599750703,0.15999070158699702,3.258782902918313e-4,0.003455267244341323,3.655139553806748e-4,9.257596821279909e-4,0.0029948675809714676,7.529263471813959e-4,0,3.132275715629139e-4,0.005828769097439779,0.004283452657882041,0.16160537067167868,0,0.005955341800868364,0.015016579768920684,0.0014942061743939681,0.001415943654161126,3.3075708368393634e-4,0.008078925330116471,0.0010235577397740498,2.541473400062605e-4,0.0023771509261456183,3.7945695197251527e-4,0.004876775345747365,3.2717659201460253e-4,0.005168609072442385,3.663884812285494e-4,0.002520274211161399,0.0017605159006677347,0.001688171049762589,0.002254500022020686,0.0011625004660551748,0.004788277274771029,0.0014170796581732081,3.312925408542488e-4,0.0014441423549719713,6.575354879008736e-4,0.0025361025692687395,0.004460846267967705,0.0031800826133308387,4.819693996144679e-4
0.12367692694505852,0.047194274638574445,0.024194515552934406,0.006241599038104522,0.1737848957249583,0.0067552775039219975,0.14498907400817596,6.624281781609664e-4,7.172131180352914e-4,0.005966756109616011,0.0034958304419112707,0.0032204400124627346,0.00886773324846372,0.022682018722818408,0.001402081547602413,0.16443844619207543,0,0.0023438007537732127,7.392510424145646e-4,4.246758064749812e-4,0.0013128794270425052,9.855097075576425e-4,1.2850245709467207e-4,8.846964119789611e-5,0.008299873679091121,0.004477014721655113,0.15718564373492022,2.550767181586847e-4,0.008591884688596632,0.012540385860123727,0.0010112327836571617,0.0014308470522780836,3.801072228114377e-4,0.006215753077510476,0.001024286308780836,6.436832922512258e-4,0.0037445652562174154,5.288198570195668e-4,0.004300721965971103,0.0012538962527857264,0.00393410996090587,5.589590081963806e-4,0.002580089656244199,0.0021461152439045646,0.0010788468115632114,0.0026750622411587273,0.0010468786496977483,0.003771548350558205,7.458789851965696e-4,3.0106647962028e-4,0.0016185324241298892,3.6114329927996135e-4,0.0027743965340711538,0.005991138946773937,0.01236271807482305,0.0018571230436178173
0.13226318091240977,0.051969001679837264,0.02196338524348879,0.010253846574904395,0.16522026144618362,0.0060167697089510835,0.14450077600412217,0.0012594395074274117,0.0016264517876757696,0.006665807653306233,0.0033013315338145106,0.0016277027815250647,0.008789184264726996,0.021763779456812862,0.002095309678514894,0.1533699817816771,4.3294234064236925e-4,0.0022190833321084945,2.6845850158437805e-4,2.326308431014123e-4,5.547077464274274e-4,5.407245344913577e-4,3.365566068016942e-5,3.3906939975831754e-4,0.003549492848111606,0.00832287560942283,0.17481797044502986,4.897740784735543e-4,0.008177683008263263,0.008954882426870373,5.668332056519324e-4,0.0011055402038396436,7.064202268614707e-4,0.009983826049111539,9.984810092685354e-4,9.511679386716847e-5,0.0030438520871340306,9.76242526504473e-4,0.003264096587787173,6.491394198218951e-4,0.0049056496430177985,3.9430268422536985e-4,0.0022843182050192156,0.001064027932662179,0.0025290128167042383,0.002423422278174058,0.0010364911419566514,0.004184579794964573,0.001211057078697668,8.076454545689695e-5,0.0010442227134710804,6.420004328188252e-4,0.0028077619507403395,0.004725815357758832,0.005457744047186831,0.00219912047695424
0.1271106833166534,0.04908118058229551,0.024176025783318282,0.009846113071149375,0.18429003542829028,0.005125239792940065,0.1425042996034994,5.591357874739511e-4,0.001225823870730468,0.00679609988024908,0.0030899525648923616,9.484934942009411e-4,0.007929093740855818,0.02377177381293282,0.002107149594332452,0.14594539776310797,9.760931910399051e-4,0.0035065757551876646,9.289916734874806e-4,0.0010683150611198585,0.0016437352542925153,3.515379413952043e-4,0,0.0012915112848518216,0.005936155193611959,0.00616683157217872,0.1709534219965181,4.015643767949302e-4,0.006159866328625457,0.012063636477002994,3.762854409745055e-4,9.230716470850456e-4,5.857002251996235e-4,0.006276528021838417,0.0012161347540337003,0.0014210864534889658,0.002860375338360822,1.18470503447612e-4,0.003291632430003411,6.642016958514754e-4,0.0036983527018446542,4.575215502158476e-4,0.002480530141189191,0.0012355818862815494,0.0013974151755449349,0.0022416356364652573,7.658144259471407e-4,0.0048754147002882005,5.299810757894675e-4,2.9116009906162137e-5,0.0010028160423032687,4.3840324851565616e-4,0.002379769442316127,0.0066472942877917945,0.008058333350541562,7.379962174682658e-5
0.11851166716578428,0.04931680234740848,0.0246253486612281,0.011064965845197738,0.1755115726314333,0.005930686133821409,0.15415813984927457,0.0011967172801308052,9.931953977092847e-4,0.0060943617521868,0.002741250129856731,0.0013172108199869105,0.009102623238441864,0.027300165791918348,0.0038621059113621878,0.1360460085488993,3.223310566889419e-4,0.0023072118312772063,7.502350498577649e-4,8.429830449171108e-4,0.0012621753585924267,5.974449976115418e-4,1.6148990991785546e-4,6.951880648983807e-5,0.004147019627447616,0.008160621426932012,0.17911894192504366,0.0015700234091143937,0.00767446559627646,0.012654049501800439,8.557190515308835e-4,9.431455998904811e-4,4.2504894184331897e-4,0.00938149676274899,8.011477864448667e-4,8.51595350609769e-4,0.003275612096404072,2.874373225701198e-4,0.0038299019670910597,7.103624849593921e-4,0.00405741108529552,2.3272389736463502e-4,0.002050694782076828,0.0012829811143490668,0.0018805316949293686,0.0012321867586663321,6.270869144768856e-4,0.005336348702735181,0.0012208456185766696,1.2134812742913416e-4,9.074735777554071e-4,1.6844764860494933e-4,0.0032154134271916283,0.004536091620071455,0.004030345403713627,3.27269216062961e-4
0.12319402613265935,0.04295163585223412,0.022877783381247005,0.009733772890430526,0.1747098157749781,0.006611414609338526,0.14517050352220992,4.910187172805777e-4,6.700230966551983e-4,0.005675460110749488,0.003675310906197196,0.0012403430078325097,0.007998311402319594,0.0240407311463955,0.010847601256577258,0.14914731123040925,4.72023541059303e-4,0.0025360364110644487,5.323215167465228e-4,4.267976094166762e-4,7.353452379221831e-4,7.897245232980643e-4,1.6046305622141504e-4,0.001289009925164861,0.003743704234840397,0.010072581961469493,0.16874056170224652,4.0573593513799764e-4,0.00744840472020369,0.010361210730157508,7.658633583517979e-4,0.0014440161062439453,6.399317874424704e-4,0.008845874331100451,0.0013845719660233002,7.240136504273788e-4,0.003571301049613452,0.0010344072880412115,0.003503864451279729,0.0014141039576168932,0.0044507439110045835,2.568952428702588e-4,0.0022523367953269334,0.0013858120299581633,0.0016956597177611268,0.0016049627069800745,0.001075693577465076,0.004023576929340002,0.0014536331524977665,1.7998998894318966e-4,0.001490374919693411,1.740267082036829e-4,0.0036761076488730916,0.005739571906157355,0.010163361202911747,3.0032147340968617e-4
0.12269916401057343,0.0526249806052003,0.0224749472273972,0.008984810599543253,0.1669728396470532,0.006401909002470854,0.15354981666492318,6.519101308671237e-4,8.386699769808367e-4,0.006249345064769877,0.004183899576155762,0.0012581162755851444,0.00925946566295095,0.02304737825330329,0.0013023913281570954,0.1665085903068955,6.056075258657229e-4,0.0039740689605422125,2.1563918842961645e-4,0,8.27559305713435e-4,0.0010407459346072837,4.3130533686283677e-4,2.6433218480005865e-4,0.0054909201237831546,0.004882611899576217,0.15728845272270667,4.7600037824340515e-4,0.009950032968886578,0.011862525441569488,9.805402425988674e-4,0.0015613891959668593,2.614921753115083e-4,0.00900627353849153,7.378262169658527e-4,7.220366237264596e-4,0.00271814087629908,0.0012848685003097739,0.0043956243322205305,9.55609873484112e-4,0.0045526351223179225,5.015181017337052e-4,0.002061660624425004,0.0014984355054920933,0.0016917074470505708,0.0015929901639931117,4.200948601959549e-4,0.004196964660832935,0.0014972506533733117,0,0.002164502627875421,3.7529723733632737e-4,0.0026395186723634826,0.0034357318221243313,0.005333194386421875,0.00109666023467571
0.12360332796548215,0.04955152170700776,0.02431569393120458,0.010758923267877803,0.16811763004617325,0.006466871518720017,0.15749221774772493,5.785153632955368e-4,6.864440800504469e-4,0.005708359443705616,0.0031972170409416737,0.0011101498305522482,0.009717851827740272,0.025850584162437032,0.001963188985304554,0.1452350912106515,4.1546123456592907e-4,0.0037978769310823596,3.178704223525977e-4,5.579448504694732e-4,7.84399356785615e-4,7.497897333941639e-4,1.0127413171419593e-4,1.1970704534733537e-4,0.006246122440587166,0.005941275190266837,0.17675141719479256,4.39140276025329e-4,0.008024117348415098,0.011656239019634786,0.002288864026919366,7.356850389113145e-4,4.2017907116094613e-4,0.007990186614390035,0.0011935286025282156,5.655807987556502e-4,0.0023422493357333537,4.106285196479552e-4,0.003255972778269644,0.0013325112509676366,0.0043235550264975695,8.434142889951777e-4,0.0024718531645735275,7.334147281061886e-4,9.933112298546832e-4,0.0018223498648378873,0.0017186455082860528,0.005067417613351114,8.945001149368567e-4,0,9.573420710183785e-4,7.242865327629563e-4,0.0022680028048617604,0.003978223334971522,0.002319360335604353,9.271403975502519e-5
0.12459616313592291,0.05124164090114532,0.02376644764174736,0.008315672673342815,0.1752353947719846,0.00714584010422974,0.1501796217774607,0.001021638838045926,7.674252368305561e-4,0.00690042524487175,0.002002029841378681,9.49893560824474e-4,0.008443153765979773,0.027563265986696384,0.0065807713209998335,0.15474690075029818,4.597595880757293e-4,0.0030155275611981466,1.6729656720477123e-4,6.016727842003962e-4,8.707142680677619e-4,1.9829637146516222e-4,1.5989374267195045e-4,6.190926658140866e-4,0.004602537921810476,0.0056289840131246854,0.15917166638013328,1.9959567665908852e-4,0.008423361288780523,0.013645597994893515,4.089387815112923e-4,6.73224943796488e-4,1.268026883339003e-4,0.006651010685959918,6.946314620655628e-4,0.00101299045281569,0.002522704177587781,2.1006505659328296e-4,0.0029423439788795894,2.356743891577264e-4,0.004022665515597139,0.001010746939994071,0.002237609884418772,0.0014633873550463433,0.0021131154502307846,0.003011858006408587,0.001375493136254191,0.004215661149481064,3.111894589201675e-4,3.6029253432590184e-5,0.001967448030407372,5.326845783227799e-4,0.002961669817355165,0.005085886918464466,0.006300537279144277,6.553482339624537e-4
