i2_health,age,household_size,cantril_ladder,r1_1,r1_2,week_number,hl_covid_num,vl_num,region_Islands,region_North east,region_North west,region_South,gender_Male,i9_health_Not sure,i9_health_Yes,employment_status_Full time student,employment_status_Not working,employment_status_Other,employment_status_Part time employment,employment_status_Retired,employment_status_Unemployed,i11_health_Not sure,i11_health_Somewhat unwilling,i11_health_Somewhat willing,i11_health_Very unwilling,i11_health_Very willing,WCRex1_Somewhat badly,WCRex1_Somewhat well,WCRex1_Very badly,WCRex1_Very well,WCRex2_A lot of confidence,WCRex2_Don't know,WCRex2_No confidence at all,WCRex2_Not very much confidence,PHQ4_1_Nearly every day,PHQ4_1_Not at all,PHQ4_1_Prefer not to say,PHQ4_1_Several days,PHQ4_2_Nearly every day,PHQ4_2_Not at all,PHQ4_2_Prefer not to say,PHQ4_2_Several days,PHQ4_3_Nearly every day,PHQ4_3_Not at all,PHQ4_3_Prefer not to say,PHQ4_3_Several days,PHQ4_4_Nearly every day,PHQ4_4_Not at all,PHQ4_4_Prefer not to say,PHQ4_4_Several days,d1_comorbidities_Prefer_not_to_say,d1_comorbidities_Yes,vaccination_status_1,vaccination_status_2,vaccination_status_3
0.029799717110710316,0.07030518824427351,0.06314706169649838,0.01626866069423655,0.058396327508235674,0.017770576174241357,0.04530456153184602,0.0034243500638496496,0.0033634976159545057,6.06287793390351e-4,0.0028718933779779657,0.0038694780367325887,0.0020374406454885083,0.04416216443427163,0.0043084909740923735,0.12753231515650348,0.0015333165909740907,0.004993096543089717,0.0014274990662279529,0.0028537418885053716,0.0017596021519414606,4.928666033106985e-4,0,0.0017784538596853454,0.012278490737344603,0.01417842311498508,0.2721957404545353,0.0015442453012053728,0.00845485052806535,0.014024444470982122,0.003050567723984135,0.009368525527271826,0.0034469388762964084,0.002205819277673771,0.003721633019121573,0.0045839623059199626,0.02083143485097025,1.9441504473110844e-4,0.012457942499071109,0.0016972615276717807,0.01250912089366012,0.0010229109766301354,0.00737515272249747,0.0037513113006773726,0.001373182895736507,0,0.00779107580082492,0.010592234550558369,0.004759829204021519,2.1197968905829347e-4,0.006935722624179558,8.217911605770854e-4,0.010074288411819399,0.01474094834332982,0.025111105444085926,6.880629604762556e-4
0.03028785508545844,0.07256095781785452,0.05588099118106363,0.01751129761786924,0.05529123491421899,0.018481420210402225,0.045861902929188715,0.002690624232178753,0.004313157860321833,0.0010692153590407464,0.0033836710869011486,0.002330481925626733,0.0029278974709272317,0.04822448107344612,0.004443399653474058,0.11438138475047416,8.588710166580357e-4,0.004382923778224032,6.54192910022591e-4,0.0018104933931857652,0.0012851682064833221,6.235760615436936e-4,6.045054073106199e-4,0.0048652367077636855,0.01093834426194371,0.01677210140794225,0.29259130338943595,1.618859583619343e-4,0.008569929698457405,0.010828585793512913,0.0011524306538401804,0.008259400588354024,0.0026737382615595493,0.004008993317250285,0.0026920197594344666,0.006741314432463557,0.0199344688017216,3.333273956536083e-4,0.013100736678002451,0.001639364081936051,0.011037894900353708,3.6034087286915695e-4,0.006792242775977783,0.0036734786835276117,0.001069145650796766,0,0.007818525690389157,0.010435607498105832,0.004311120653921204,2.627728890499626e-4,0.006075381814022725,3.403515230167185e-4,0.009967480536810229,0.01199967884288038,0.029201848781531738,0.0015312437572387936
0.03169619906147321,0.06431768494042475,0.05595178097700786,0.017681401462740838,0.061555894518942444,0.017565610666709384,0.05093066411268232,0.0040491969000696106,0.0014315960962326436,0.0015161443082211841,0.0032019212843838944,0.0022942962269949336,0.0037136004474822106,0.047558892008100435,0.004561600229396731,0.11963623150488278,0.0015754671709760886,0.003594815303053585,0.0015336431873083048,0.0015851565602368802,0.003363503073756157,0.0012055224538508112,0.00128696261657635,0.0013096805684423712,0.010789342265494078,0.012472482351636421,0.28264282447462924,1.86500044749525e-4,0.009803806622554893,0.007573475705274193,0.0024778358192899287,0.009212854493888983,0.0031735696125338195,0.00787328503593826,0.0017128034914931606,0.006199390364247273,0.019059495661676123,0,0.013723034860295406,0.0019172068542726997,0.012126396768579161,0,0.008083692097709715,0.004849153779828393,0.002187140831245774,2.6650811799828843e-4,0.005847255173217547,0.012067924744743863,0.005136991582424633,0,0.007535632718290706,0,0.006440803922847174,0.0152434888599658,0.02728515411902966,9.944839461994727e-4
0.03179075567684485,0.06910136716693778,0.052196733226796646,0.01667365980733363,0.053214821511222386,0.017525656112014756,0.05191850673454975,0.004179702186562988,0.0027456665881213592,0.0011945982003238533,0.002763463781993929,0.0025245167574318903,0.003167194516962643,0.04209364055046076,0.003471540906770197,0.1572962902918843,0.0018015668256072081,0.004830159508756268,8.017496756369557e-4,0.0035267327234035166,0.0041892581024121104,3.1014552336841746e-4,8.565605770975156e-4,0.003629616325130078,0.012142739161219976,0.010331203719013698,0.2547723490353563,3.518924104515691e-4,0.010871730025461636,0.012428715193258645,0.0029529569973735384,0.010547836927221808,0.003882896541127829,0.0031564003851406873,0.002107254805590324,0.006451332664452848,0.018725541066944146,2.970430990493464e-4,0.016704397768287454,0.0029061074447834932,0.008185712967943392,0,0.006398475580913051,0.0036011910350086905,0.0022208288237671268,6.206921477412604e-4,0.006275354972172739,0.010759867538364108,0.003865060681436857,0,0.0050661761191754,3.476482682669489e-4,0.008772903913391016,0.0116101343437327,0.030021813590406496,0.0018198394953231301
0.030467810827275253,0.08019885368920421,0.05373368422902713,0.019891153200600493,0.05826193599239091,0.01770136634564026,0.04380596101907104,0.0028476718984099983,0.0022138387427487432,5.978716827969735e-4,0.0036099971729744392,0.0025940707331425336,0.0026860318863576784,0.046212622371609405,0.004174797398232497,0.10778053460273213,0.0012801574668312645,0.004148459263750037,4.2557505375343934e-4,0.003002592286545954,0.0022708678715412604,8.659057588300125e-4,3.7640372375937256e-4,4.156367469792534e-4,0.011443836231321176,0.015487726659784259,0.298949334995561,9.016315505698808e-4,0.0065519374952799575,0.01502370491345213,0.0014658032928295038,0.008896806220484643,0.004133210163809359,0.0037525404719109647,0.001953786344880972,0.003593177536515964,0.018032355462979797,1.3153891948901566e-4,0.01761375626297727,0.0014111831997580349,0.011102089990034047,6.0624219288138e-4,0.005341715424652134,0.005590374611153257,0.0017606859500792307,3.762200993673031e-4,0.006603905658489347,0.010499317090401857,0.004266821176088055,2.094747812498483e-4,0.0070776293035781,4.8289233976414435e-4,0.006330681062148325,0.011243676250269397,0.028097618486762805,0.0015045258972725861
0.03439450530948557,0.07167726911122076,0.0557889585566848,0.014810923181080524,0.056792264260817064,0.017865472073703027,0.049633417556860925,0.004196175869311846,0.004442333809316416,3.60661354712426e-4,0.0028590811359034077,0.0017284642552529558,0.0019089772314697935,0.04326460332723787,0.003631271799456252,0.12498939188444626,0.001099083478669884,0.003918032577180927,6.548608854929785e-4,0.0011620941863063929,0.0020709659294751953,9.924621937375537e-4,4.484039836902421e-4,8.534171196153387e-4,0.01111822885859553,0.01279315519042333,0.2977433534063485,6.651180530289527e-4,0.008774284586846395,0.01442385127361221,0.0015013590798865749,0.0058601227650352675,0.0036811532418024634,8.508467951053413e-4,0.002524049130171013,0.0046200742190107835,0.017523795946606375,1.471577921552247e-4,0.016879662972199456,0.003914568231691597,0.01094294941964473,5.229038772312348e-4,0.0070027880915067816,0.00557339923345326,0.0014934591503157333,0,0.0052315468685108155,0.009760589697957196,0.004709321881718415,0,0.005161102148752748,3.476702294604061e-4,0.00730638821370844,0.013941501916315395,0.02479695923839164,6.455474193857797e-4
0.03526653586310647,0.07004335307670032,0.05785334113954939,0.01492940120655938,0.058176643367430406,0.01279864329988139,0.04793568934964412,0.0036257016473021453,0.002158027388992898,2.731165345481502e-4,0.0023238012997708222,0.0019442373905927878,0.003062654834112893,0.04557487046259171,0.004856910411447546,0.1469389289288322,0.0010277844868161192,0.0037789494253821906,8.017798795610626e-4,0.0016798625058932622,0.0014439108619912235,0.0018135002371398449,0.0011224388508321783,0.0014735235060262925,0.011345179190917506,0.017223945744055405,0.2618675335062357,7.797557209712893e-4,0.010360289489114258,0.012027215664732225,0.0017097659658659762,0.008380125806532744,0.002683147730226959,0.0028038788917397243,0.0025746362696769977,0.006115937021345141,0.019233998515549678,3.529674337849726e-4,0.012160353690461048,0.0024702831375615028,0.012231823347927611,5.281330585585199e-4,0.008766973919422095,0.003901734630046758,0.0023315686879388483,4.4313129419732165e-4,0.007672448645969833,0.010297187183279299,0.004618360774116561,0,0.00493418416660815,7.557460363698867e-4,0.00916927126123549,0.01409296659092061,0.026376267754549952,8.875829153831419e-4
0.03189625216542875,0.06367888710940359,0.057957073440492377,0.016901097244770773,0.05951638738417118,0.017587700434172758,0.04510888352022046,0.003543366972893916,0.004280114989731613,7.101876267179791e-4,0.0038367370538419415,0.002885072551557073,0.002402725609771864,0.045689554227054105,0.004230011690385202,0.14193694204201646,8.195661464451582e-4,0.004348394430283389,0.001317008094832058,0.0023070237875855806,0.0020954774313963103,0.0014984098237078906,5.219447124535771e-4,9.052367792356923e-4,0.01273348434517711,0.011257684977586984,0.2666169632775252,0.0014675922371112868,0.007982864273135413,0.012860176333806516,0.003507866129778563,0.009771389669088065,0.003934041224872751,0.0029634696416249444,0.0033697707093709064,0.005700253555751506,0.01567349243178309,2.2176028052441266e-4,0.011487129713335152,0.001334059687149299,0.01579101647064351,0,0.00816228286555008,0.0034010086827731306,0.001708972100338418,5.828816804623364e-4,0.007173392856331929,0.011752360315587532,0.004041119701162217,0,0.004846415616090718,9.603429652307934e-4,0.00996054716576723,0.013344323960775312,0.029632117136123844,0.0017871647269720853
0.03183868685683551,0.0658381358391184,0.06074979684386853,0.019524157494894525,0.05931520353826237,0.01681208942947421,0.0463805040189434,0.0035116375272609126,0.0035475417632456897,6.61552775528331e-4,0.003395593302810949,0.002197725669952723,0.0029355088547107764,0.051273761636749134,0.0042073141146834764,0.12450432047359765,0.001852786958409424,0.0064310643192244015,0.0017209991505242692,0.0012929983030603284,0.0020641611606767333,0.0022072986208931914,9.228853215425954e-4,0.0012045084709624767,0.011704357574171868,0.020725046814471224,0.2708908320378569,3.788487832018728e-4,0.011593125597728595,0.011429898617163163,0.0020931558369105,0.008914168254430655,0.0031439775184905665,0.001961310413088295,0.0034293759435948343,0.007181225194156757,0.017373374495562123,1.2783113649835986e-4,0.013901511895627558,0.002635964628886858,0.01279472142843795,2.788704134373826e-4,0.005174428888753125,0.002895120197383006,0.0012028443669197945,0,0.006256462142880427,0.010644189510882916,0.004467233237526301,0,0.004520967486952978,2.747436576280671e-4,0.008274969947027176,0.014096334860439512,0.026232751024759242,0.0010121256499019873
0.027248215972167117,0.07296659723682757,0.0522847867545074,0.013900665563089989,0.0541763555026899,0.01996811589538915,0.0470994228386629,0.0028511513246608066,0.0025034042870841966,5.0981018090539e-4,0.003012781160055241,0.0016674487601456742,0.003157390551546165,0.04485223083837197,0.00451742971364892,0.12042931049895862,0.0010176624143010454,0.0032501919641391413,0.0025999953118742464,0.001654838631061816,0.0019058831316061,5.634654970909556e-4,9.165473073986672e-4,0.005423959523408522,0.016693310056134832,0.016220756126649197,0.2856281907088296,3.131340434831276e-4,0.009831260242696486,0.011803028505322062,0.0034790716870550867,0.007850150659294262,0.004202757274782964,0.0037453956198416198,0.0028257466033703763,0.007833288294423785,0.014803302704849242,7.409195849042608e-4,0.01598570590932394,0.0020018470268799307,0.011961172483808293,6.246245498585302e-4,0.007032275900957294,0.0057732145131875615,0.001659564427432418,8.294674086803794e-4,0.006896173236090006,0.010368819157030508,0.0036916455915392576,0,0.00717742041590812,1.4922739645240927e-4,0.00955394767481616,0.014421067151961226,0.025383734889388512,0.002042119295457064
0.03128773307302226,0.06452657060560871,0.05463263070585366,0.016235230926948695,0.05552506111794892,0.016921238739581235,0.04805807532151373,0.003091562015590978,0.0044972782890571735,3.90027140739106e-4,0.002767011255367398,0.0013611839809675624,0.003235442168030366,0.046203113190368975,0.004439495724014967,0.13391357046966681,8.400561904155031e-4,0.0038150465325015232,0.0012530192505146572,0.003478004062345718,0.002950028290182452,7.26446903529599e-4,0.001402457097116772,4.182059704591882e-4,0.014329605585476156,0.01119767431848132,0.2839759427381026,3.592914095734639e-4,0.012124424824717402,0.012536017636209193,0.0011995144387782826,0.00893205956612363,0.0033653775891974817,0.0018798372491864136,0.002529879297301283,0.006791769478826302,0.016109738467163924,2.33864600036932e-4,0.01391538563942527,0.002483437271414466,0.01309207675704628,3.459772018416691e-4,0.008175541981095135,0.004811401259443925,0.002636071764964684,8.179942909449164e-5,0.004964713454742992,0.012754471972130393,0.004340670479412231,0,0.0040525161043495905,4.961984653675276e-4,0.010392183166516128,0.012099949287544255,0.027200975148746448,6.231443963441536e-4
0.03085313960380462,0.06615994789881542,0.058544635976843395,0.016589954499612605,0.06017809077714653,0.01591000265866145,0.04978725013025952,0.003030941568305832,0.003961967301632579,8.215211114047474e-4,0.0024245408631964733,0.002172142074327089,0.003185566169338099,0.04629126785258656,0.004415533432674851,0.13852086654549367,9.482442876312328e-4,0.004561041748474039,0.0025693616835182147,0.0012575595645166295,0.004680195844299353,8.024802860758438e-4,8.390885135627741e-4,0.001110171686403237,0.009987208039988033,0.014154147822791155,0.2705571651318914,6.743334411319267e-4,0.006369149867378558,0.015616658561331978,0.0028833596591575916,0.008719297735780635,0.0033685913830809305,0.0032777866721462323,0.002913618527036011,0.006969260657551005,0.02047306858603875,8.135657114731096e-5,0.01102729145517491,0.0021127325368522267,0.013443394008401423,6.67266892044141e-4,0.006962598320896504,0.004021689872821373,0.0011407892623571782,4.5019620184240643e-4,0.006221284618518215,0.009143769638497114,0.0028915386566230354,0,0.0045864094929062545,8.007671008405855e-4,0.008823240342486114,0.01405953865287411,0.026960786376046226,0.0010261918357819008
0.0341845926963418,0.06094669416851493,0.06123193653985963,0.01730069676977348,0.060350505368218024,0.01537248894042134,0.04656163505468646,0.0031801588924139836,0.0038173709341045464,7.317221076035531e-4,0.004199905254070876,0.0034951693943330265,0.002998401690560689,0.04560178076311605,0.0036722367194302412,0.1484978949783794,0.0012229626767055728,0.004654340595174901,0.0012035728013129502,0.0019085710102323221,0.0024568018323973605,0.001799417432348667,0.0011043137473450426,0.0014246281760183271,0.013919184481140027,0.016034800232993848,0.24816487259613468,0.0015318236635993502,0.006822450832060225,0.012304962177478816,0.0029579670516369293,0.008602047835096355,0.0036795074091873306,0.003296147356868892,0.004139639116730355,0.005924289565244761,0.018108234709746273,0,0.013785329113096151,0.003290363578740878,0.010365012424950526,7.164748729948513e-4,0.007614548626901759,0.005890245565235157,0.0034108438172206247,6.78100171544019e-4,0.006536296914277073,0.009979321013876753,0.004041636234919996,0,0.006194193581571255,3.603347179327946e-4,0.007991451397451754,0.015170010603692325,0.02919877236976733,0.001373339424545751
0.032805536746023996,0.06264753311615147,0.055819970265111714,0.014302243803402047,0.05421044580446945,0.017704317012371882,0.051796564154511025,0.005464857088420963,0.0022405693052986514,0.0022934000331662385,0.0021332666650003525,0.003085660238896329,0.002838401239601822,0.04769652573234418,0.004068220100541697,0.15145287471705832,0.0014490128357119694,0.004501996414134716,0.0012208446711734094,0.002959243143984371,0.003646759338978836,7.728749703552933e-4,0,0.0016808957596906834,0.011774384699575065,0.01180440113119371,0.2580685202654512,0.0011049954848482717,0.006598552395594366,0.01416067835572592,0.0034248938339844787,0.009663706981559168,0.0031478697454806635,0.0033749600986173146,0.0035240240035144393,0.0059569186218079336,0.018239533494976357,2.300876593988042e-4,0.013313637258182418,0.003002604908223947,0.01230715556629013,3.1622293758191294e-4,0.005914835494267655,0.005704951924939984,0.002007224549456281,6.748177526392915e-4,0.008748758228025412,0.01055454946653124,0.004990512934618775,0,0.005774793470907113,4.482555689046347e-4,0.009096353026716249,0.012000736621370616,0.025559387523187153,0.00171966284003008
0.031220256658353707,0.0685941042752711,0.05639702990723946,0.01780564696161258,0.06022011473548599,0.01397020763208137,0.05221578365851579,0.004014696441716431,0.0033064114827619636,4.4290726843478057e-4,0.0030621322947880893,0.0028343210014297594,0.0012743274353270483,0.04345527744926104,0.0040982404945819565,0.13352040108119617,0.001954271011936871,0.004093826808761996,0.0017705220151305928,0.002476550574958106,0.0012137667829985599,8.457909583397763e-4,5.740442141590784e-4,0.0014074229314017441,0.011577090631450033,0.00988253716032886,0.28455599513523894,5.416187630339741e-4,0.009409967256695753,0.013639916809887638,0.002833050952878249,0.007935316088561664,0.004151474328427588,0.004184468312115307,0.00241415452402484,0.005089966328312313,0.01841246420238186,3.204642562799306e-4,0.010226661896009381,0.0015420616035265431,0.013094045532399914,0,0.009293018221792565,0.004688341832328733,0.0021140320718629705,4.894269736773572e-4,0.007056080139495295,0.010909338338859808,0.003483711579020937,2.796406176325441e-4,0.005538036820348774,1.015087214082863e-4,0.008118799573159573,0.013547699509763419,0.023454530127869758,3.465276154832194e-4
0.030073760500031063,0.06739939170924797,0.05832223671675273,0.01678935302704198,0.05722335170470745,0.015941808638642474,0.049677600070030706,0.0031154071931337544,0.003483111010031569,0.0012556558732439355,0.0021012023877321016,0.0012479340117762755,0.003145091163797026,0.049654916538090274,0.0042697619283685265,0.1255496180375083,8.525841835125406e-4,0.004376836732403853,0.0012180027907975788,0.0014203660391437641,0.002141726086311729,0.0021921105614433585,9.357283547093055e-4,0.006204236975918417,0.012121849965857896,0.014916758395155516,0.27703437392991315,4.3636528659311824e-4,0.010327899435224079,0.013099105638441036,0.0036156769218754206,0.00953796288567475,0.0036253508616994616,0.002337113449661552,0.004330840179498215,0.00824193726000601,0.016724598797550668,5.26948494589575e-4,0.012741157530986591,9.267507128867186e-4,0.011761212140422436,8.769219228462117e-5,0.005592015502046772,0.0032865905207558107,0.001270919840060789,2.4210859379658362e-4,0.006195108471432238,0.011631345539643432,0.003968165879409329,1.1916281057215448e-4,0.005352385292878458,2.383672911022031e-4,0.01083973065723706,0.011538746699110208,0.028402241473393132,3.3772511586431953e-4
0.03099488371006211,0.06638848713650758,0.057429639802213626,0.016360914791039998,0.05968299828122598,0.017237578973297515,0.048257337398735674,0.004370487221036938,0.0035486183827379567,2.4006619123751515e-4,0.0039874748592709786,0.0012220172854381028,0.0026612694533395924,0.04681315384376074,0.005520243476343242,0.1353464140577492,0.0022540086628068056,0.005189922604454748,0.0010076471344158,0.0022137809076991765,0.0018657039762923265,0.0012368605936997656,9.705973667764354e-4,0.002128171496053635,0.010403847902469681,0.011586693643298424,0.278957062729981,0.0010662531776384158,0.007678174633146764,0.011340427287899323,0.0012162233452448353,0.007608870090629536,0.004779982623834148,0.0019605237238388695,0.0022361874496419185,0.00568454519173511,0.018138524499312844,0,0.011601288060121433,9.711863422143698e-4,0.014440390897268469,0,0.00657642962653457,0.00397458525862468,0.0020739345797160594,0,0.00750892259328938,0.010865277299461502,0.0038634953605019536,0,0.005680328014876928,0,0.008728523557677233,0.015427146255662093,0.02697809692409665,0.0017248013250883703
0.030964638443960076,0.06471311818762907,0.05105062674913544,0.017667108210978073,0.05923329798865249,0.014603976596580304,0.05306050982232654,0.0034099522157535725,0.0029217499336910303,0.0014612448404596244,0.002062050922525177,0.0011591588801192502,0.0021242956577531935,0.04161342718129479,0.0038624928644460208,0.13680514846486908,9.073826079482683e-4,0.004290489732731091,6.999753869937043e-4,0.0019499078581091413,0.0034563366892415674,0.0015526858047552703,4.670366280557714e-4,0.0018219269656163594,0.01402408421255458,0.013179753275320397,0.2807908873192892,1.8654718333543403e-4,0.007131838770025571,0.01170869748369884,0.0029658107756843533,0.007649855728777505,0.004217867342696482,0.0022063478521380003,0.002608045026753465,0.005235515125800247,0.023396204963284036,4.7460026727096105e-4,0.011863129468905343,0.0021103599563118826,0.012930949294435487,3.6775912861340427e-4,0.00766498165442417,0.003941862939651649,0.0016310614711983092,0,0.006348829067669883,0.011377926533803175,0.005233099505012947,2.8072308174113624e-4,0.006247952436961273,7.547653820955983e-4,0.007949093290273717,0.01295089473753122,0.02977671397092251,9.353041201943377e-4
0.03345495663797679,0.06870980862950078,0.054763856318041496,0.01584550499699342,0.05695929176969352,0.017851639708417303,0.051373730453602995,0.0038217468364739504,0.0033629593426302193,8.027630885155203e-4,0.0028781386140029406,0.0029827700915387293,0.003450309654039553,0.04269548683750597,0.0041654020786403845,0.13323112507534793,0.00108611108651955,0.0048870681074310906,0.001084403401440135,0.003455213671553561,0.0014387397951454094,0.0014432333838400675,4.232330859054945e-4,0.004976899422842606,0.01164686762429807,0.01999535123898015,0.2691891733913975,9.715444668925786e-4,0.009487525633659864,0.014672573155635398,0.0020181803252561827,0.008298720581336617,0.0033209072463475276,0.002791043640566653,0.002136591287332088,0.00871725188594399,0.016522546219607526,3.456769019211117e-4,0.01393488287088133,0.0014680222955437017,0.013299815974357422,8.153365169562792e-4,0.005474742837633906,0.005097144277983723,0.0010710564854996018,0,0.0061414167990959286,0.009585899982239977,0.005007153376339054,0,0.004537435798909697,2.744666307826813e-4,0.006948896616070844,0.012322304892884309,0.02782413576708653,9.389431909603827e-4
0.03152375507450596,0.07451040736965675,0.051232438357947906,0.01557582508319264,0.05902845917670785,0.014804210603001133,0.0472900513845195,0.004799213448804472,0.004486614051071299,7.200161586366166e-4,0.001876748963115739,0.0019189188384473594,0.0033717522432920727,0.041080486885553644,0.004404439624951698,0.13527864367014075,0.0014439551695662688,0.004656575841766232,8.241252864144448e-4,0.0014639150691632826,0.0032806400084924425,5.332244885847271e-4,8.022261039918795e-4,8.389215209257922e-4,0.0101126168413675,0.010621781038085192,0.28472791930586355,5.401871017942872e-4,0.008933760386384746,0.009501708468512253,0.0011298989211577363,0.008488558689714256,0.003875501105403062,0.004465327238255967,0.0016730341195119586,0.007656001294117387,0.01905997255240976,2.637634273681827e-4,0.013059413127511058,0.0017481941710042075,0.011480550730379364,0,0.00843364954826563,0.003930272216404242,0.001767739304843018,6.549670060237167e-4,0.0073381940570592585,0.012367353642211735,0.006131535032764822,0,0.004116341755666544,2.3397120479588148e-4,0.008353151270380808,0.011621377755620005,0.029640106162654965,0.0023275881020184616
0.038898053643634044,0.0691048798536877,0.05292060801109892,0.019178841815041512,0.05663777220570778,0.01316866911611056,0.04599944485064834,0.003389774900091874,0.0026470512648523797,0.001132763973004122,0.004498498178647643,0.0032089761301631768,0.0021887919066912193,0.04972231079996284,0.003819022791584922,0.12747285518639925,0.0011215784799182599,0.005444571690281552,5.422802817259898e-4,0.0011296225974585172,0.00326146373172699,0.0010310488558820192,5.80389820772496e-4,9.626306530311032e-4,0.011610508492880376,0.01644493627047879,0.2750111823498269,2.1940518073676853e-4,0.012022558891360705,0.013092428692963697,0.0022341609898681243,0.008678571072238257,0.0038907353238432614,0.003415463158750295,0.002254817066472712,0.005607397696578522,0.017506171255858752,3.6465558979171115e-4,0.012756490875596471,0.002284703794493381,0.013039010812314941,5.470254469995668e-4,0.008885688864288368,0.0038022923785741153,0.001835147967648393,5.003818244039553e-4,0.008181291129323049,0.009882171859569472,0.005510593882301546,0,0.005266919204119399,3.6760777054182034e-4,0.008355746194905155,0.014719643190728727,0.02343164586795231,2.1874616646720894e-4
0.030399191070210094,0.07094672857968606,0.05580912643794699,0.0176576205108984,0.06150540070070099,0.01475263912477555,0.05354135275898515,0.004469486577748516,0.003096403679289715,2.831354090077519e-4,0.00208957287193937,0.0028876070998491927,0.002990699174257729,0.04654556643989505,0.004452673450226793,0.13636698908422265,0.0014009305705471166,0.0037133195253969483,7.582171973982823e-4,0.0016470609966806424,0.0014968269671281763,0.0014346610568848465,7.059177087894379e-4,0.0028297241379998707,0.011273498132873351,0.02104560047477198,0.26772382302098446,6.520979644975246e-4,0.007899650354950017,0.011006629059651631,0.0022255585399043928,0.007747632674416763,0.0028557625801843693,0.0023456514708468444,0.0036819419619305194,0.0040808338856498086,0.01769980883152553,3.1556545501087297e-4,0.01104268294605082,0.0014441208637891421,0.013850565388162766,2.330452998756068e-4,0.00762325916141239,0.005069679442318272,0.0015221187751981572,8.440509358054012e-4,0.006485361727092366,0.011372243142556585,0.0030045487525473644,0,0.007087237617187996,4.0648277900520485e-4,0.008146422282443933,0.014681123611093666,0.024236995484960923,6.151562528359914e-4
0.03525111624282938,0.0691761809211099,0.050116798342099055,0.017970067719891493,0.06290058409015956,0.016275086562464968,0.05410464208837703,0.003676750369092411,0.002141154081766563,4.1499499504568514e-4,0.005251976380176185,0.0020695650581075043,0.0017241804616086184,0.04004999326868888,0.0038138766418121775,0.13988198219343922,9.781372289570241e-4,0.004478958286819598,0.0010181153072335962,0.0035913208206564645,0.0023732573294542917,4.489145315090767e-4,9.310535751095481e-4,3.8407282078604894e-4,0.008493743885784237,0.012083456564925116,0.2780592174246118,8.019015941799711e-4,0.008617241844447,0.01126005612885867,0.001673983717617709,0.008467699302965924,0.0027730554728386462,0.00527127544893836,0.0032853017695543153,0.00789706399191216,0.018627340741380626,8.647163527396895e-5,0.009737570991897882,0.001571258424438292,0.01244433905420747,6.827339677204685e-4,0.006761517348511669,0.005368602275010132,0.0017374844062121953,8.4682430786588e-4,0.006570934304579449,0.010535595685821816,0.003673621346012797,0,0.007302249907684869,4.970567833421492e-4,0.00769332251277202,0.014680811612584865,0.021969289067392227,0.001506199163463005
0.03282453462320905,0.06668526666729843,0.05875000699129123,0.014849185536157895,0.058689632102161916,0.014604158111942218,0.0487965706067404,0.002853246273106367,0.004557259199921986,2.196247341605645e-4,0.0022911790491303573,0.0024336005902922475,0.0021541824999526905,0.042436659657313955,0.004430603377161122,0.1413697888888127,5.928846928831299e-4,0.004680243891321544,0.001649978126317177,0.002006586454367144,0.0028804556242789004,6.110655232510544e-4,0.0012049941381526875,0.001773554004175589,0.012870695548425777,0.010256824052636566,0.2786879094749762,7.027116241697654e-4,0.008878325866638542,0.013596132594969395,0.0022906469589324407,0.009289959081407137,0.0035489070865676914,0.0020712628349744363,0.0015928127909353284,0.007657425768389837,0.01644545792070231,2.2961000160443733e-4,0.010792902352768205,0.0023851109889451647,0.010306524008085514,0.0017133040230523499,0.007030949440077595,0.006583975765870119,0.0022523673559097825,0,0.007475488527413999,0.011201982788143853,0.0063452904449305715,0,0.004777078934954936,8.263374204607124e-4,0.007643868548891899,0.01301677076069006,0.025909263875423066,2.748417956519782e-4
0.029408654010075034,0.06629734261770373,0.05595365148629586,0.01681297279484139,0.05514512869737023,0.01974458483410354,0.04231054454443792,0.00445137535942151,0.00400088557930858,0.0014714486744559349,0.0018949084981964826,0.001279605077944567,0.002849420783953595,0.04477216370191334,0.004224888951952898,0.13661507346435364,0.0011741446944047956,0.0038865936515996946,0.0012118830492318321,0.002556777523100687,0.002351880138332035,0.0017103928604574857,5.636967079425125e-4,8.417333797005601e-4,0.015551808081473968,0.012387500465555786,0.2844294774858159,2.387907762175539e-4,0.007911579088658579,0.011365047026539957,0.0016045880253364086,0.009518786550741407,0.003596326519010742,0.004310416460405582,0.002511070109166389,0.006679728922597817,0.01692671775875319,1.0984810112791778e-4,0.01733227197673639,0.0014370604728860532,0.01267737229249139,0,0.00646633845576176,0.0049472983935159014,0.0023840000222706934,4.5534789786747616e-4,0.006815940085447796,0.01021754771871385,0.0044553302240997825,2.2399728428180402e-4,0.00884813932193921,7.51395528068789e-4,0.0060510695278916315,0.01178847294756581,0.02524200856586032,0.0012349728321023104
0.03373233445167922,0.07111834864582497,0.05562203390790006,0.01542682170078844,0.05311129522409434,0.01601472390320854,0.0458797289096447,0.0040253419764418735,0.0026076707806258047,0.001065641869855604,0.0021553976537144505,0.0023778575580256224,0.0018500940908356286,0.042925714578522546,0.004141646395942064,0.13414374045607766,0.0011991181513049012,0.005330679996450608,0.001888018914626848,0.002509505901688882,0.0011380630186665173,7.358007017768867e-4,0.001158589959158457,0.001256931385506835,0.014636597746199631,0.009598437495362171,0.289543429605176,6.716327773503532e-4,0.0076065878062731304,0.014097788149125809,0.0020200952417462835,0.00911809028026612,0.0034985378292553904,0.002010147817346284,0.003159656258986516,0.00475779528056139,0.016227826004033212,0,0.014884362327669234,0.0037042850304322772,0.009109335878105267,0,0.005695842845873717,0.004834385455865837,0.0016336962124220695,3.6541818238765994e-4,0.008693597560624693,0.011448833286860626,0.005116909658590643,0,0.005547794682204598,4.2775370733733525e-4,0.007077756131232765,0.014707774252702916,0.027681224447759716,7.093079158869206e-4
0.03344326766027618,0.06924452047374566,0.055134682399927824,0.017110278739204992,0.05409936560555075,0.01833042397790122,0.04894281299131919,0.0038149415000467693,0.0031376061219185775,7.231240114871727e-4,0.0035906571611257388,0.0017247668504276454,0.003331890033925668,0.044976320933114614,0.003303583909580418,0.15245505982503801,8.621479684721151e-4,0.003957206446533975,6.645399316297385e-4,0.0021024302766640686,0.0013804051753470929,4.417334296933018e-4,3.6157018482621523e-4,6.983541639355358e-4,0.01073162149179755,0.016793297831710345,0.267633308342757,0.0012783628284265512,0.009812170702363931,0.01188183534993212,0.0018954602713728516,0.0072722168706736675,0.0038473911700602718,0.0025511504355981065,0.0028322764856921574,0.0064437165837357355,0.017277764839337385,3.3848987804858786e-4,0.012007339675479269,0.0014581870186835464,0.01220981790785825,0.0010587661122319375,0.006330707655601011,0.005245529380842441,0.0013912048136418636,8.3695000756808e-4,0.007755298588196273,0.008239107683861713,0.0034698863956184036,0,0.006335262396245264,4.7469334001217503e-4,0.007479147213016246,0.014116282742760507,0.026087761734643333,0.0010833044805409534
0.03346824716386322,0.06774400003011838,0.054476135244345386,0.01499793572392906,0.05623638419178836,0.016751160604180526,0.052349724041466095,0.0033229972806345666,0.0029413593083399817,0.0016863495307268082,0.0034676527220217166,0.0025441484893668214,0.0020872321957326277,0.04530448164559694,0.005126361025896476,0.1649957033559511,3.405531312492958e-4,0.0036850032832948455,0.001835144848350528,0.0018337483248294481,0.0033063623306650706,0.0017422001938797163,7.482605779025114e-4,6.494206515763361e-4,0.011022796180270586,0.014817198361363302,0.2401374430010739,7.585263528468541e-4,0.006726979146610282,0.0124206695799695,0.0010972127844797804,0.009663353662218653,0.004842939372599183,0.004010940691891396,0.002090489432962546,0.005167192595288226,0.023993458172427463,6.138171512335792e-4,0.01141436398256706,0.0012817901631973145,0.011772648331926356,6.845933359893592e-4,0.006730774889634662,0.004957951018711134,0.0026041747183181804,8.217651506049543e-4,0.007805917971873667,0.012465096308012524,0.0037261099785497044,0,0.006606520098762082,0.0011069869808858698,0.007582379337513602,0.014056741440396142,0.026501247130036234,8.773567820800946e-4
0.035082132790174636,0.06644367460508833,0.0554971640844801,0.014595680953002095,0.05974791758567844,0.013999207207647852,0.050392669085789314,0.003756855037000835,0.0039308549513921145,1.329151131474584e-4,0.00369351774197438,0.0021518405191333,0.0013085202553522251,0.04492658196722663,0.004913133974075568,0.13969975623795097,0.0014262604602676408,0.0035865182739179486,0.001268485897400588,0.0013186420968893478,0.0017544142805906984,0.0010866359997355644,9.792559002621628e-4,0.004099638056565852,0.015145105473821922,0.013950767258175012,0.27362718590795765,8.787167131329205e-4,0.006600634160533477,0.0139544549516882,0.0017847427646522358,0.009571898903090471,0.0040355965366073426,0.0024998726163703118,0.002048736671602909,0.005587868720155774,0.018509716313374235,1.0561294710679398e-4,0.011858827898154135,0.0015666408491070724,0.011566394802425918,8.826527260376873e-4,0.0085167268052522,0.004637633181715274,0.0018635001769187183,8.399907614744534e-4,0.006924512183398798,0.011125551358416022,0.004270809481854428,1.4644957098568424e-4,0.005332504352345063,6.007002311597518e-4,0.009783749032827891,0.010851625812015393,0.023512353890398557,0.0016261938724996157
0.03345298143242989,0.06276453534861876,0.06477798978188837,0.01780597511797899,0.06145294208033237,0.015954802113348425,0.05377327748512145,0.003883058187003926,0.0029708886973711115,4.0771137747103896e-4,0.004093706475430895,0.0018798317266660268,0.0013899879055591718,0.04733272004649547,0.005141135097968701,0.17168583112950306,5.142232631193265e-4,0.004403027286758213,4.800894412788842e-4,0.0017150053942650019,0.0016348221884854898,0.0013002602447792458,0.001187354122935094,0.004946867902445682,0.01107698298587676,0.018344197691996002,0.22555980431469774,0,0.008482501509636501,0.010773270342684448,0.0017373890357255868,0.008852513148180296,0.0034264329783209547,0.003563327303335413,0.0025169437047654663,0.0052496919274475865,0.016276873249316873,5.347461919448488e-4,0.015442385370618457,0.0029405069312005393,0.01066361844836486,4.964509554108373e-4,0.004602782372802587,0.007012319514968971,0.0021061429204923023,5.208307340211083e-4,0.0066265667681371454,0.011264572081059755,0.004252281737900065,0,0.005806496943976603,3.4013011280275657e-4,0.009454901136297685,0.01136263872792119,0.024935588643705042,8.280883691370269e-4
0.03251500097829568,0.06475687416375879,0.0611886986785811,0.015336867941073924,0.06265635472203554,0.015174667533850496,0.048143598002647656,0.0021192335930087392,0.004302533382848672,2.829688020771228e-4,0.003086116513314424,0.0021539101430989895,0.002294883820336341,0.046307436496484763,0.003875099513548518,0.1536786595738562,5.045915245683116e-4,0.004483736363504245,2.2212042169545904e-4,0.0019024571035870413,0.003302918538926182,0.0010204451929583848,4.95040533482299e-4,0.0016826929939291158,0.012391841157860609,0.01659920024834709,0.23700298508323997,0.0021425775467528644,0.008014171183786133,0.01582414404776723,0.0028049587287163223,0.00752383803033987,0.003966714699421027,0.004661336461344322,0.003623970692449659,0.008431400609136762,0.017237017667487642,1.1692671588588941e-4,0.013936756944343024,0.003418562367638813,0.013468579171794589,0,0.00603751594395801,0.006474457484021753,0.0013729978329333396,6.950997674809902e-4,0.00890331760951548,0.00923013615395699,0.002574407060768875,2.4012044316582307e-4,0.007794807103105539,1.1724461437694085e-4,0.00924364115047183,0.013727184168537047,0.03012245331506795,8.147294648596008e-4
0.029695934867051292,0.06682124266417064,0.058066362105725994,0.01851365316203042,0.05569592408054578,0.017063923026417738,0.053340006382425156,0.0037829168843279614,0.0030500263659169477,8.158430415802289e-4,0.004002484052685208,0.001839826611994758,0.002788880090740271,0.0395529200573714,0.004120690714709633,0.12748715480632009,0.0011702889818714962,0.0041126335075986386,0.001759008987054235,0.002476981998439274,0.0015523480430496878,0.002454795829663506,5.567081049861682e-4,3.9235490630217516e-4,0.014960232497944738,0.009823518305404316,0.2978126951956004,8.051828073190055e-4,0.0090337000003015,0.009555855684585356,0.0015875444275544914,0.0072572669785955545,0.004444554748047626,0.004210566100347656,0.002607507948542867,0.0049343398177958955,0.01912516897145536,1.1053099424136349e-4,0.011690348235091541,0.0023585944137837623,0.009572690211133798,1.5074813550951637e-4,0.006006627326608887,0.004757897090474159,0.001762956633882349,7.565476060685066e-4,0.007111275609913252,0.00977902967642118,0.006095823749196255,0,0.0057586890744136515,3.717211722289371e-4,0.009370227723266096,0.011781671896327731,0.023848309683947164,0.0014452680110184166
0.03189177860859688,0.06734498379022863,0.05347324255346327,0.014103548614903108,0.057424700539992136,0.014796399482433997,0.045602203072155886,0.00490756959266088,0.00465458174190406,3.7601710678607806e-4,0.005189861314987287,0.0017865434086235205,0.003012478912073958,0.04451628038081745,0.004745433622847802,0.11173368963692788,0.0012516850496545797,0.004905564455592072,0.0016616978006465557,0.0021265313148693507,0.002776034006009118,9.862855357716765e-4,0.0011060191719718144,4.292871310658898e-4,0.011602397924902955,0.010600239891001393,0.3073924765465975,0.0015943063617324532,0.006669561349677833,0.012020361416529802,0.002675404544420515,0.007824445418801845,0.003959285464238186,0.002705556708511563,0.003506589119124294,0.005661062210764747,0.020765892373332137,9.555388789889403e-5,0.014231829570764775,7.530314816879865e-4,0.010906053743207645,4.94692971156245e-4,0.007064632897360747,0.004572997248123779,0.0023720000143930046,0,0.004585709681810184,0.012410619281949219,0.005791541374261128,0,0.006482589648377629,3.012989105555358e-4,0.00737217897146671,0.014895827215079675,0.02845508103433035,0.0014343658929573705
0.03193866757335255,0.06578689011718873,0.06316448808080094,0.017063574444132222,0.06307042086582024,0.013234559183801611,0.0541601465619114,0.0027024483544224468,0.0021583783090464844,0.0012234913367774808,0.0024534273841535547,0.002408091218498625,0.0027886443047694383,0.04790151830979211,0.004405870260543466,0.13290223043833213,0.0011180520830631196,0.004928485170571833,0.0012438249236039435,0.002612316429440401,0.0037170406958013814,0.0010458625381918123,5.216830057886593e-4,0.0010566591400354426,0.011094345647588186,0.012990378592845615,0.2711677161742661,6.321350530813985e-4,0.008235158919007828,0.01123714710686451,0.0021192257793115074,0.010610863641051472,0.004264243637321022,0.002883495656634589,0.0036482258378272656,0.007915846330060731,0.019586455908440725,0.001200019719034377,0.010082099783347167,0.0021535979495242207,0.011474496852295114,5.64282451560504e-4,0.004770079022155618,0.004069543544331231,7.355730005070078e-4,6.934270692938407e-4,0.007470279487081034,0.008754735869139295,0.005081078755994205,0,0.003255050110341199,5.363039865349529e-4,0.008869762086293326,0.011033531678738577,0.028853873069940698,4.1025654974668704e-4
0.035524933571691446,0.06223110843037566,0.054906150274336596,0.015736030262710615,0.05574484592540508,0.018175701890047094,0.05182196419755298,0.0051076712425013725,0.0031922925549358267,0.0014567101871894351,0.003252745358984462,0.002365525363094692,0.0026337608947826544,0.04485687245571797,0.0031478279601976347,0.13557080711399622,5.861870035447722e-4,0.005837038231677245,0.0010730430740814383,0.0021367460415583077,0.0031612248876101133,0.0025076395995469324,5.784058909951202e-4,4.573629449572575e-4,0.012110578124395536,0.01315664933385207,0.27889777250763814,6.267280594961541e-4,0.011201946704176173,0.013315558456936032,0.00255399943533241,0.00769213153453765,0.003588553410732363,0.0014300843150301247,0.002255395882431185,0.005687606891131735,0.02279273531141058,3.684874119158261e-4,0.0098052583795893,0.0020582302000499717,0.01021101076298479,0,0.0056651569260832094,0.002874244022672273,0.0026962522490339754,2.7591586590466926e-4,0.0073965631613899544,0.012059341045420367,0.005104463911498274,0,0.004672779781498836,2.5669077934426914e-4,0.00680947557472121,0.015168569270465917,0.025048594469979348,0.0021566308628567085
0.034102171672005355,0.06576277282512272,0.05244193292891251,0.0180644425667835,0.05914493442341119,0.01880585617193953,0.048835264041987354,0.003562455712448386,0.0028442346800227427,0.0011499878231480572,0.0020187382168436975,0.0012625747840230306,0.0024205986291894305,0.04575428114192661,0.003001455746102519,0.15825024520534897,0.0016489091332013838,0.004803484210542319,0.0021730354324606283,0.001744341560088136,0.003101789484522959,0.0016584350447748975,2.6818905611082687e-4,7.700683545262522e-4,0.010563681158926475,0.013527953600712484,0.2555418440734888,1.7413516890141836e-4,0.010873336430312842,0.011546557678896929,0.002501372225223101,0.009897487976352733,0.002741840151357067,0.002921756070308268,0.0024307388538104407,0.005837997305350942,0.019453448568846052,4.4740913699005646e-4,0.012354166446664327,0.003235298833733087,0.013130251302893088,5.596997380509544e-4,0.0062906174756741,0.005067190940748356,0.0018905464867611183,8.399234043878212e-4,0.006256621878746123,0.010779144469254928,0.0021225602791329606,0,0.005036291716119251,6.253725992607026e-4,0.008902055475019426,0.012126296899416316,0.026929921608415494,0.0018042832008013528
0.03338715360510703,0.0661605694030075,0.05952499033428228,0.016897784974911366,0.06471524781210719,0.016525021380491382,0.05438265926425565,0.00349168801663546,0.004180764254561663,3.10365502090004e-4,0.00197710302517798,0.002284097585911815,0.002316543676099918,0.04664543200111738,0.004633020060403145,0.11877319623352267,4.812935321946441e-4,0.005795100865917835,0.0013123151203930875,0.00186741064450385,0.0033115254462951424,0.001011251965323692,4.16920288301592e-4,0.0021096511561516243,0.010578980894690039,0.01358964517574769,0.27134117871920865,6.600201436591481e-4,0.008753111833785176,0.01722497874771923,0.002820173106576273,0.009013807578442742,0.0049469463628471246,0.0025345674951926553,0.0029463097484039844,0.004252294518909394,0.019814513569927177,5.386643665468429e-4,0.013689700295382478,0.0018961139146056018,0.011855032030967466,0.0011833046153026197,0.009357078139684503,0.005936938240322426,0.0015302672988995517,6.466893297417456e-4,0.0067282201887735775,0.008303916660274815,0.004241340604603166,3.373633028036856e-4,0.004905607226847367,1.940359243685404e-4,0.007998777201623224,0.011082817007113374,0.027756221834748664,8.302777735171641e-4
0.03326765617874715,0.06733324580318248,0.058610800565462126,0.018133730717583053,0.06059630087883301,0.015955031805505875,0.0519552204496902,0.0032077818851701193,0.0021167514509914066,5.029902284287016e-4,0.0035104413159748353,0.0010591695207285393,0.0012827934821088322,0.046889730855967586,0.004152063383265717,0.1386535786016932,0.0014855390344418306,0.005445878547045735,7.956896929220764e-4,0.0013916160891735707,0.0014841345749280095,0.0011975044551184092,1.4189034266830482e-4,0.0023644180691591824,0.011368667447780754,0.014563183727682477,0.26015677045369817,8.630558029867724e-4,0.010982990929885163,0.012124427930785995,0.0021961917901507986,0.005674395908679866,0.0038417101747351095,0.006176864874442759,0.0026689049373105392,0.004960115952917729,0.019534585922719866,1.909684554854287e-4,0.013463218143032118,0.0020725269205431464,0.009694934368996554,4.167204600254282e-4,0.010177425205671343,0.005566996894213471,0.001347212527720143,5.312296361960988e-4,0.008400147517852612,0.01193380045419972,0.005684035794431396,0,0.004768998760477625,2.371777587342983e-4,0.006883999078685663,0.01777183115715239,0.023164829958526756,0.0010481231254898468
0.033330786858766046,0.07123000170142099,0.05563449977738374,0.017169205685016835,0.06339476609604387,0.015990296145376528,0.04801853382514218,0.0035476828043412277,0.0026185945439295417,5.848848379515749e-4,0.0039452578064329636,0.002292946591371781,0.003121868013371734,0.044667577596635304,0.003710846583275051,0.12281098982556281,0.0010989931026920664,0.004442484897502518,0.0010831856464526637,0.0025113554564671855,0.0028376793861449898,9.14288363829657e-4,0,0.001222329901581231,0.013140270482721012,0.01781308602361788,0.27381884885714025,5.59971532254789e-4,0.010293731510504204,0.011281608691506198,0.0016741744602906277,0.009334662156852193,0.004716469921082637,0.002412924026609526,0.0025116253030867263,0.006676134621706031,0.014936308810205655,6.605965713603111e-5,0.013780803816192289,0.002141881011467998,0.011519840171806468,8.452128305774582e-5,0.00756591099164977,0.005409381617216136,0.0018879637326689833,7.326062472489039e-4,0.0065651120125234715,0.010611091997175946,0.006013736455672253,0,0.009147165469215462,3.6780176444606424e-4,0.008237478500463176,0.013424875671494056,0.026598722330065647,4.961754262294061e-4
0.028462979430088176,0.07276967484285783,0.05547110963084849,0.015526650142745563,0.06214784720029457,0.017940230456779255,0.05111221573149282,0.0031944974418583036,0.003860349668484979,0.0010165312678625058,0.004866815773720215,0.0023538140475713853,0.0020204436337730417,0.04934342579027816,0.004408793373811524,0.14860263309555136,0.0014266050260322448,0.003236660236167673,0.001038904107464327,0.0021044761851535133,0.002568241166006722,4.8551203796413494e-4,3.980311025371219e-4,0.001052971815345664,0.011525106231038274,0.011311041285843447,0.24985737473967162,0.0017240227982194723,0.005351765064960206,0.012147362785818887,0.002196450339406071,0.008616508525986898,0.004111506756687376,0.002590637841713892,0.0034605104109610776,0.0076462330845142945,0.018714747081964796,4.888555318504099e-4,0.014879186511173119,0.0012160134871462103,0.015372593440020895,3.739995354762459e-4,0.007854146281117337,0.003204610502630919,0.001303237252460303,3.275143006932788e-4,0.007620857008605868,0.011999636771927101,0.0056076500616036055,0,0.006640264035504339,1.3519526881522419e-4,0.010066332065007884,0.013319979875478442,0.02273014982497148,0.0021970980940414697
0.029665857046953185,0.06657391226963422,0.05164644832572879,0.014699092628595735,0.06192066029417074,0.016509393452646265,0.0473335581197342,0.004169243541724654,0.002579448380616218,9.400620169028167e-4,0.004312672006684685,0.0023612087562275897,0.0028438141547378164,0.04523914357295407,0.004253890296977379,0.11912264708450444,0.0010467191720110228,0.0051956521844434824,0.0013014017254006911,0.00265936239739247,0.004926215212373058,0.0012939130248680404,2.3575723667889194e-4,0.0010686187070292443,0.01081617896751858,0.011690033038858622,0.29668701017582794,9.540067293761587e-4,0.01010844700043025,0.008876476386546671,0.0018854540871988275,0.008357920943489087,0.0032200373679904418,0.003582283070543602,0.002778089015007156,0.006085280380425067,0.022901964513397006,5.384034945848958e-4,0.01395062070935332,0.00283502787438417,0.011927435710156056,6.856070012068774e-4,0.0074895432648497675,0.005512549100775883,0.0010808144085414795,2.6293933599206675e-4,0.007933543784620339,0.010447427600154626,0.003476699430985915,0,0.0056144650331442615,3.6593254204104087e-4,0.009733128699346979,0.013109133931887602,0.02375553470400358,0.0014393200883720393
0.03200779130726935,0.06842971235320319,0.058288190526872334,0.01575142298859497,0.05791630327016976,0.015205170023910806,0.05650638342709794,0.003056942554124144,0.0023233126411298,0.0010299564660306909,0.002574747361594009,0.001926088131294257,0.0033147102407663715,0.046763317364777846,0.005295123982520096,0.12276989669506,4.17727311029314e-4,0.0058350195086146655,0.0014059494749400722,0.003055695359203774,0.005199029129398935,0.00143795725636857,0.0011520103736047066,0.0014261203550194595,0.010187033327306274,0.01565472418329815,0.27949960482877323,7.818172139807382e-4,0.006332125135322428,0.014429715187905487,0.002713558023314629,0.008728606919309854,0.003887398124823954,0.002175196850070791,0.0027772772230222295,0.0075325072510705185,0.015970970605807044,0,0.013548418294409437,0.0015305904980977834,0.012744279097823287,0,0.006792804138688952,0.0054762270127645995,0.002889836620715042,3.714146472863043e-4,0.005288800221561113,0.011752016656632572,0.005111422835332564,9.415468482154301e-5,0.006229322596253294,1.3113491228067498e-4,0.0070895233728982465,0.012306513905290814,0.02330219563940479,0.0015822318891386216
0.033171270426069904,0.07534041177285349,0.0604931346919216,0.015584497582359318,0.05991417772750283,0.020856598462613077,0.04585233985291623,0.0028028362352171808,0.004541984067655627,6.628566390527247e-4,0.0025571380077282907,0.001791187977694956,0.00248757751571452,0.043821794403814895,0.004782770386164834,0.1582516680113916,9.064041416221937e-4,0.004364617281973175,0.0013053070012895801,9.350705913326041e-4,0.00258756225222843,8.316631047237462e-4,0.0013070767116092547,0.003959660937791222,0.010291249177677972,0.016246412838074594,0.24205406041878466,0.0010722639701507587,0.009413833374489852,0.01249475164989099,0.0023613108472720704,0.008483772388188147,0.00400344683968231,0.004096206812029461,0.0022642269493471276,0.004841139993162673,0.018610526263167355,3.9614099794665344e-4,0.01391450364565212,0.001767976186529689,0.012318257239121371,0,0.006242432969470976,0.0051873960320370045,0.0017210540719794182,4.2029812546878314e-4,0.0057142052161278135,0.009023303969959054,0.002980810430568355,0,0.007354607527166747,3.371897606138384e-4,0.009672797257469652,0.01146810597554455,0.02567032437908721,4.677889100975248e-4
0.031361196532558054,0.07077669985496766,0.05840417095887741,0.017166891999139545,0.05900427486589409,0.01951190276562363,0.04926255105058045,0.0023374199359416014,0.0021453582542541373,0.0017922263018788553,0.003215476045613224,0.002700206732206156,0.002077352431718163,0.046022318007791885,0.00403209745868427,0.12758509051339528,0.0010092806562384906,0.004528988851927401,9.557002594337741e-4,0.002474763165783082,0.002638948137406581,1.9594247102070579e-4,6.833523883830525e-4,0.0012077819000966986,0.012306699172394063,0.014239006597315468,0.2732608014680245,9.47263661832795e-5,0.007954161591276808,0.01140178742416182,0.00261437521559373,0.008865336458154731,0.004497537024705476,0.002937394899078113,0.00304644428768146,0.007949911455184352,0.01694029887296505,3.8017998158395655e-4,0.01317944967424744,0.001347679175592796,0.013637273349961463,0,0.007615860691096796,0.00541468659511903,0.001689626271536088,6.548604041417875e-4,0.006342888433027728,0.009625415524142006,0.004540304930399981,0,0.006663665723203897,1.4065798173965016e-4,0.00833561495063139,0.011631526234253802,0.02985272627483776,0.00174911143235133
0.03100798381491708,0.06751081966470542,0.05628542430382298,0.018118838848915145,0.057885637239130136,0.016268599000129474,0.05081054259738437,0.004093954112314904,0.0032289474831462507,7.814798767557742e-4,0.0013506587595014214,0.0034000174417154728,0.0028416111651886535,0.049511537581005814,0.004299438328989612,0.14134666412957228,0.001457526423624396,0.004005769236291468,0.0010403286156098277,0.003088157712169357,0.002128454597476729,9.398938849049614e-4,8.688567619009183e-4,0.002955345673244958,0.0117376531765219,0.011832655738118359,0.26128679280473993,3.944328324749914e-4,0.011957607434700559,0.006370153764338528,0.002124537595750883,0.009136411634370418,0.004146507918903147,0.0061570280905841384,0.0031334808121342424,0.0038765706206738393,0.01959683206635237,1.1972118460426382e-4,0.015636095066933163,0.0032910309727925027,0.012059661553053023,0,0.006827049502718764,0.005082619334777328,0.001495983587893555,0.0010298784337403537,0.009225727720329403,0.011349485139978611,0.005178356660595273,0,0.005623526597391479,4.377233250649677e-4,0.006834910299179767,0.01258686986788886,0.025236907661122927,0.0010073013498550657
0.034495171033843405,0.06743712986804802,0.05669730452677133,0.01531278917148141,0.060620549964952364,0.019902263924295113,0.049065289677910726,0.004070783198030216,0.0029476937093591777,5.058607322548063e-4,0.0012312052094255864,0.002972745291054926,0.0030406262388268874,0.04693740326305059,0.005622377225120147,0.1274188003245584,0.0012119744209960724,0.0033786587910747496,0.0012094543760038095,0.0033744774860988954,0.0020518699210782306,5.915936705448281e-4,3.607669304595679e-4,0.0028184047319865344,0.01041592820333136,0.012124379186868423,0.27691969847625075,6.461727976920324e-4,0.011079953447493143,0.008474382860971314,0.0016995544541560182,0.008910687592931937,0.003969775764127374,0.002967401765220508,0.002355253336525471,0.006862954293563911,0.0178925018257432,2.068755123030981e-4,0.014833071455280995,0.0018226427165164883,0.012966379701916754,3.4834509659708115e-4,0.0072518058533570335,0.0026541018564610326,0.0028404126081737154,0,0.0062270603567899764,0.010827086287668809,0.003892030985463406,0,0.006374847522213752,0,0.010419788290341401,0.012794817847505902,0.02771127557171489,0.0012356206455944076
0.030412491318973722,0.07308678329293024,0.06034968948271315,0.01589541820172533,0.06749119384019771,0.017272571036935774,0.05068029464631499,0.002586763440132614,0.0021085265237636586,0.0011849313617121329,0.0022885274422803975,0.0033969085763823808,0.0024723993264068843,0.04511302970726416,0.003387980954171945,0.14769405890079038,0.0015790849664057685,0.005043760769471233,0.0012604575937458999,0.002364883409245646,0.0024785105084874025,7.322029711898303e-4,4.4849937698934153e-4,1.697979519924148e-4,0.012907615306787003,0.01759276504593738,0.24922457356535702,9.39806031950584e-4,0.00830081208430667,0.009128875333963669,0.002853133907798047,0.007712824235696665,0.0037618768371908,0.00415713166680917,0.002116345345110357,0.006505569182436068,0.02188926594813319,5.226823498082636e-4,0.013758437129506022,0.002969145957867659,0.007509455276786114,2.3130291597555716e-4,0.004439666700686765,0.004263790032904675,0.003908667100589588,6.437616854079117e-4,0.007684762053037178,0.008882358349436624,0.005821892475113068,0,0.005594797936717215,3.0572549199968624e-4,0.008015330801672648,0.013999308569516986,0.02385659302533537,0.0010029620559390262
0.030217928785666922,0.06359066355400238,0.06005972630186665,0.015456915577165166,0.0546148555281278,0.0148633842576646,0.0500100990333886,0.0038367815382639855,0.0032676119961523777,8.010927903432162e-4,0.004804138172364509,0.00307696039130466,0.0037068867037914756,0.04803245370128074,0.004561207134740626,0.15634757093196827,8.961310811377787e-4,0.0059405040734631575,0.0012902748611801713,0.0021870947076796446,0.001911716846959527,0.0018975043822669366,5.534140626447329e-4,0.0010265723060698848,0.015974035650713023,0.015293350600168416,0.24806237789587607,0.0011497970511068025,0.005636796199959258,0.011236017149430311,0.0022478156306923293,0.00930982698621568,0.0042130805463331785,0.0012519594415651444,0.0016647551228752922,0.005438603121674982,0.020421947534380643,2.2655727569914345e-4,0.012017957697252437,0.002027117848761903,0.012557891122492323,5.085752121433063e-4,0.00676730973730705,0.006002528577923082,0.0018750161368438314,0,0.007863838171341637,0.011535419732149622,0.005544011051172366,0,0.006085092493833448,2.443380747848208e-4,0.0094532921892269,0.014810893798905277,0.026536834822848916,0.0010914744068289874
0.03830628627361232,0.06526927326894168,0.057363868850678,0.01569984994465746,0.057747078505006086,0.014293996458676373,0.045600211168007936,0.003040937183784235,0.0027950309214246913,7.494210335076566e-4,0.004267102163904659,0.0030444595796385167,0.004583716222147483,0.04560226281870891,0.004094303526395576,0.1408404323010986,9.790206998890488e-4,0.005132528677707139,0.0018663687546221985,0.002455765653774581,0.00271623220188623,4.999446319765292e-4,4.871983641178993e-4,3.238945148443786e-4,0.013705390832280995,0.010088154503847232,0.2644755611963366,6.412553253434264e-4,0.009874491693679653,0.013709723210340401,0.0031071172932228743,0.010036765582130158,0.003398093247115518,0.004318179413595761,0.0039704643203162,0.008714264969156338,0.018660108109367343,1.9003624243487343e-4,0.01404089595718732,0.002109820428654215,0.011870447561905587,2.2249669285246041e-4,0.005781557151292736,0.0043076108570489074,0.002500007794474446,7.445570903658886e-4,0.007256792115816716,0.01022956963928579,0.0062430599137320904,0,0.005779720431081117,3.6008432012580655e-4,0.0074616039880403065,0.012095110614910752,0.025028612591092965,0.0013192631939573406
0.032387385508440204,0.0643658490813882,0.05461957701133187,0.01833319828516209,0.05656187112899969,0.01595754191128294,0.05490652179884756,0.003673054652930251,0.0027344943867008433,5.298919746374232e-4,0.0035217066273838683,0.002568808353421075,0.0027209116540244903,0.04270443373687581,0.003732281748093162,0.13303691622831698,8.411054603046065e-4,0.003052705479932832,9.144966214093837e-4,0.0015917180853943689,0.00282666690567419,0.0010599938107533956,9.541318748048969e-4,0.0010819644408651163,0.014471382339472936,0.010196744541909606,0.2837481340314061,5.518989204012269e-4,0.008385975986660108,0.014893929093070074,0.0043042129931009955,0.006438241535417901,0.0026201616269214104,0.002381638161381479,0.0023378236099752753,0.0063804261122384605,0.01919637314057614,1.233311221949901e-4,0.015638889147316582,0.0017970303780062843,0.011856048092222522,7.515692766599044e-4,0.008954823455828428,0.004307918773473698,0.0019050851684230968,2.0097636213920245e-4,0.0055394334454077696,0.010373620095080157,0.006165454195571031,0,0.005012034693015237,3.6827575503095095e-4,0.009239478434004045,0.010656788054779197,0.025685765215386794,8.393094759531396e-4
0.03505723032735,0.06336290889305457,0.06075597096859408,0.01301284053461524,0.05182914031468883,0.016448592467249792,0.051831038199839835,0.004136713034935121,0.004219058562298127,0.0015886669458760822,0.003687424738435666,0.0022687852987852593,0.0023071625532666337,0.04742304328007661,0.005903229060684581,0.1391211181840282,6.003085909768197e-4,0.0038860638986865192,0.0015616630472628625,0.0023372061742427948,0.0024511947499874453,6.978410259292175e-4,5.531039872550885e-4,0.0018486828385951624,0.009537820025725358,0.010761352730357344,0.2668795583546887,5.872837576627196e-4,0.012816864085623447,0.010570698102583572,0.0034563338128501832,0.009467272357479416,0.003389716513497368,0.003917351993927375,0.0014589041130043793,0.006551478833793552,0.014593057705057987,1.8125650060323215e-4,0.013782125952514499,0.001652111724924887,0.015000688863012923,6.26685750832571e-4,0.008743137339218558,0.00518590410090674,0.0010507605575700485,2.5331257902174364e-4,0.008610970525991624,0.012812014935043126,0.006643580283118744,0,0.007132820502566893,0,0.009036736930908937,0.01432377409162109,0.023189264701302847,8.981745978756076e-4
0.031622586363793705,0.07122526468200394,0.058109768298814014,0.01934150233197919,0.05864694854877657,0.016335114260736718,0.04824277132329795,0.0039330398525972,0.003061336825863659,0.0010379947179701633,0.002874399838793005,0.0010800572173872178,0.0030131061565048713,0.04576285383079038,0.0034995546074065693,0.15016750130301568,0.001579828816299501,0.0038922018012749063,0.0016939481217079003,0.0016115567351436561,0.001929644642451876,0.0014281555290979484,2.979046641729974e-4,0.0015348896462367245,0.014256003422132834,0.01460635970753895,0.24729405361558307,8.648032498994797e-4,0.011470563108962354,0.013099568764174422,0.002855115766307493,0.011077487014915564,0.002602450558608302,0.004515154432016841,0.002444703099273155,0.005311387237743009,0.018888243325122924,2.0527601572463942e-4,0.012517452383599177,0.0019344055470049354,0.011333025065804817,8.657560612145534e-4,0.008045936799870488,0.004217172149294489,0.0016720213036608726,0,0.00725181404793564,0.009477650174149544,0.00397376262996077,0,0.005714848344719641,2.2154012719313043e-4,0.009274129497134255,0.013131180846198728,0.027394629345025054,0.0015615762431145583
0.028359483375037225,0.07288423736982093,0.06098309241057204,0.016285194306587963,0.05775649568829392,0.014925281816129846,0.05296635247184508,0.0036999176400501913,0.0031568566765102723,3.7354233178994175e-4,0.0027511373557278025,0.00224454941009993,0.002839785920617109,0.04161080840301952,0.003210583378693242,0.13191519377273248,5.333632700079225e-4,0.004298896043203367,6.023780070916172e-4,0.0018464644569307503,0.0020593120353143094,8.494135556306624e-4,0.0010616267133304043,0.0017627622189929865,0.011155410038577687,0.013677433108010196,0.27997073196280853,8.024089748354015e-4,0.008962564006682909,0.010719030941267535,0.0035388178740052806,0.0077112458455134494,0.0049199519270896695,0.004558016610083198,0.0024499513537301534,0.0055945666508768425,0.018556577445023714,8.585279950568081e-4,0.011991440504470194,0.002652754124965623,0.011313161086743604,4.2058971971128614e-4,0.007894236379164874,0.003924976975041668,0.002697179281869907,6.47333119583037e-4,0.008939625221887352,0.011361565567158833,0.004413980000130732,0,0.005012520794393408,9.734165147316007e-5,0.00801607836385045,0.013929188829470323,0.023526092730636584,7.099722878580759e-4
0.030834906013014186,0.07068850023168759,0.059739310360782366,0.01913742156822573,0.057355247186512824,0.016271384869918904,0.050808816579528085,0.003329468814761154,0.002244907455591718,4.4385952559988247e-4,0.0015724919896355641,0.003031105360922212,0.002445358226898961,0.042453134462000865,0.003936486759699936,0.14014362389716237,0.001036361113485156,0.00410375454157185,0.002841905834358829,0.001965159549649862,0.0026976301392929243,5.988499087917845e-4,0.0010008560403698683,0.0014147098732585884,0.011764190836198975,0.011002620625336147,0.2721640733185005,8.060633843313718e-4,0.007654008238977295,0.014831273462663948,0.0019157728329020065,0.008030701612804053,0.0038153378698157106,0.002704566327339575,0.002947185758531814,0.0053933493571967335,0.021679345745974778,9.311297873839313e-4,0.01108789464468462,0.0033664551118961802,0.010806127997445606,2.756128316383166e-4,0.005426441253502204,0.0050183806498236005,0.001743922478900659,3.2630384151907226e-4,0.005916199510522827,0.010941098631013484,0.005761056382461194,0,0.006217371932909501,4.348807210405854e-4,0.009434817897550345,0.01446578793437278,0.022649764700982535,3.9301401905843833e-4
0.03381845982108577,0.06586599910663186,0.05972637618070971,0.0146860224707371,0.05511543515311689,0.016676625785130003,0.054356277567683374,0.0031055887859034394,0.002511570692066721,0.0013328769208985124,0.003951044767213849,0.00143962899299844,0.0022568516196430576,0.045924063891906466,0.003685276921995627,0.13180214628189596,0.001376147589799876,0.004502197057693516,0,0.0010919340116247176,0.002841003107395963,9.235223747775108e-4,0.0010914248505466619,8.067931862665754e-4,0.013044957219463185,0.015450126579773139,0.27841586199798163,0.0016870908816142647,0.00892525064171664,0.012528665626389886,0.001613897225201977,0.009153199321853028,0.004128117566207741,0.0024697973364022226,0.002588519100689996,0.008415112372137925,0.018069030596621884,5.359794937468504e-4,0.010154016099754701,0.0013140319722094915,0.014567958570585243,3.416945417980484e-4,0.0066798511914612745,0.005290171397403568,0.0032574781118688678,9.172383146279528e-4,0.005909303584574581,0.012243529998858995,0.0035458752630031765,0,0.007162535893458011,2.3120198326301056e-4,0.00625889995375577,0.015117598519327516,0.020400096115769498,6.956453907583074e-4
0.03527268865677002,0.06343168302596923,0.05178450298856535,0.01961522675692162,0.05864743267542257,0.014005976801200793,0.048753171914931316,0.00308024126312307,0.0035989701397377057,0.001281648830062253,0.0033271600352974017,0.002736594001083234,0.001977243806418844,0.045637794890146126,0.0036397419595197615,0.13033062377288257,6.826052804718307e-4,0.004547917068242252,0.001194640113157334,0.0025774052639360493,0.001553589253844752,9.20978843298725e-4,1.0737917460514525e-4,5.775331989101676e-4,0.015181312643743764,0.009867520177611491,0.29888470311542936,8.63964074770521e-4,0.006991177886386718,0.012016871569295434,0.002437344973295046,0.007419493523678809,0.004362801878038452,0.003122235629266567,0.0031185790284670623,0.0058679981648828115,0.01525556921315864,5.432001908797035e-4,0.014636380005325335,0.0019812597146527506,0.012521113936076793,0,0.004920008188090704,0.003450769001407416,0.00176934154146929,9.132234908113949e-4,0.00887358255181299,0.010115664424671806,0.0034456623304165357,1.872181242561948e-4,0.0060537643886197905,5.556974440988826e-4,0.007580177610512237,0.013135361596649261,0.0234756294364723,0.0011696244312338136
0.03250535680337481,0.06489206737769779,0.0623285125467618,0.015585365752672355,0.06577762864301796,0.014106525384114546,0.04995294714847013,0.00364857242393293,0.0028959459244354913,1.9570289479354597e-4,0.002091008128814537,0.0025773617519700585,0.003239387486290228,0.04743114290484692,0.0037855458397084924,0.14537603003208285,0.0018468884452822914,0.00545171595389123,0.0018242229843485958,0.0013295317987673406,0.0031219745916663847,0.001323571775746989,5.873919786067657e-4,0.004147852079593069,0.015020505823594498,0.023016049139212798,0.2320946674301678,0.0012460388810578928,0.012330704781317125,0.01601695317412613,0.0017257592597591507,0.007804855154197718,0.004422558547426142,0.0017742522411706356,0.0023137650213146937,0.0066694902800265975,0.01872061950139253,1.2248903174108566e-4,0.01275560794641027,0.0019701664649454625,0.01254624331940374,2.3290123500529838e-4,0.008554241096893817,0.0056860399940997985,0.0014021210628764637,3.245070959175177e-4,0.0068721869382878335,0.009502488869306904,0.0030226984091535876,3.351342559366598e-4,0.0052031619670836,1.8528012172519008e-4,0.008239126412711956,0.014506970885044773,0.027662641573424858,0.0016975234343803434
0.03130803605968625,0.06842843340434877,0.05698198645627579,0.018217711114292493,0.06322465728349805,0.015699287149538697,0.04677052659842245,0.002336915477194749,0.003366440318206412,1.6402508392557828e-4,0.0017423879236661425,0.001964964020562121,0.0037904760579926954,0.0483872330437211,0.003878406944412384,0.11895623033615045,7.848081818040418e-4,0.003997281809495504,0.0010062905314792553,0.0028461512229196627,0.0020538167507101524,0.0020925823382787955,0.0010245556150559752,0.002488988191731343,0.011700100901352274,0.01383232251994981,0.2782777911416079,0.0013490262695600955,0.01125095937651235,0.012461599172087974,0.002910725059813336,0.008595736232521847,0.004587196544309256,0.006308632717315867,0.0026103223567780424,0.006014321338033002,0.016066037400502695,7.035036237560311e-4,0.01297908178535773,0.002235003256727766,0.014388918127846194,4.950707516963495e-4,0.007474822859844353,0.0061916546407682444,0.0024279649269717315,6.642283445824021e-4,0.005782858235587021,0.010297886813718909,0.00564535929213378,0,0.006201665994160699,1.7436914876495826e-4,0.011250208761262715,0.014936131045122149,0.01873042453067039,0.001943884917315272
0.03209811366431383,0.07172617586256132,0.06040398842983467,0.014481791617682071,0.05684121456754624,0.018062536412971807,0.049859326470598216,0.0043211727562206806,0.0027579797131077432,0.0016004341128552622,0.0037132986235637972,0.002662419604875607,0.0022222492430676913,0.04488368752507572,0.003353092083974205,0.1363217213124242,0.0015672185977056957,0.002659482636089652,6.821746914009805e-4,0.002281712919816849,0.0012986325438721046,0.0014734359924976916,9.354071472442445e-4,0.002117658736509215,0.011284752032838236,0.01410188045059708,0.26627465468120276,0.0015805365031685437,0.009230744843891229,0.015371031988011498,0.001394038423612574,0.008393837469574617,0.003393262708751247,0.0022279722097052973,0.0017721769178446938,0.00650557974171837,0.01744650490736166,9.798947375860093e-5,0.01293153399786583,0.001748417417740277,0.012850480578874626,4.692960698539927e-4,0.00812086135171239,0.005070358379296052,0.0011852103499863829,9.495716806325779e-4,0.006560311198586294,0.01052894660388457,0.005741787680749045,0,0.004509048894870435,4.4060620051706857e-4,0.009033012459959027,0.013893561229896781,0.026799499363942415,0.0017676089237863425
0.03092324635097263,0.06715247394812389,0.05822301981289063,0.01568386821383439,0.056055365919029855,0.01637238664702017,0.0456126845373972,0.004730430069156979,0.0015058347706684056,6.957380916467982e-4,0.0030728112317771213,0.002002409920821881,0.0022028984711068454,0.04305685577417782,0.004375818951541988,0.12239638285806251,0.00051040137723680685,0.0047488409140771055,0.001851765794249989,0.0019160853834773034,0.0031037778770200207,0.0013241436213497066,9.980748597468768e-4,0.0019713167909234646,0.011895042678650027,0.015413393967588078,0.29791746818813414,9.088889734483528e-4,0.008107774640792417,0.01318873945934381,0.0014912233128649298,0.009163626158032031,0.003409825876264724,0.0017452771001784631,0.0031785465417552253,0.005889186435830387,0.01791233935710288,5.23156035788039e-4,0.01059535760481805,0.00230221011919488,0.011195401712441154,2.2060953087727506e-4,0.008477490416182263,0.005877134544964085,0.00211192646815769,5.845230199752746e-4,0.005268271683658478,0.011251290344077746,0.005211701703307141,0,0.006797781856655776,4.897505589609586e-4,0.007317727583372977,0.012511711514542627,0.02666128433197742,0.0018947060947523023
0.03007560461170854,0.07188896667211969,0.05705276291050097,0.016443568070635132,0.058293333043096945,0.014763656704324148,0.04896170091673899,0.004522312495799522,0.003470373993028409,0.0016629577972097254,0.004080829806743842,0.0020143240314443216,0.002565662145076276,0.04926821248526041,0.00658386329821643,0.11049393852970789,0.0017077571435172244,0.00431897573354407,0.0018601335321016346,0.0029520620217745783,0.0018237507361984944,0.001430441420011826,7.959454384530301e-4,0.0032053620368432587,0.013786299047080518,0.02081457284818731,0.2790525151075661,9.909167407469754e-4,0.010237038895769915,0.008204627704592996,0.002627142806715741,0.008573996747896152,0.004970047192067761,0.004443593895882475,0.0030815114884068565,0.0030474459355426084,0.022109094488435174,0,0.013849645709995162,0.002540584395487472,0.012101037699899233,6.322914918126858e-4,0.007282638829031167,0.003584315967255101,0.0018034686304602308,8.856093942511791e-4,0.006831807160415003,0.011370070846828504,0.003154311826286128,0,0.007097902188270102,0,0.0072694398931462244,0.01137189867314191,0.02556549850278786,0.002484180317986088
0.03716942289511922,0.06110979075020629,0.05103153038819325,0.01910241426765592,0.05278564063438971,0.013831688255657733,0.04695191589170308,0.004188960297008676,0.0016926182700179814,0.0013821501654188756,0.0022335653287825006,0.001967785362755103,0.0019431068451936406,0.04544278147165201,0.005165775182613239,0.14143712193554175,0.0017682923066869908,0.0051764947672550505,8.799792656682987e-4,0.002381956764697248,0.00197180909286211,8.499033924114289e-4,9.789576311413372e-4,2.891128193429485e-4,0.012863131230217914,0.011456794531704808,0.2835971762996519,3.8165894970553177e-4,0.007618690344398541,0.010844169345828056,0.0015884655637866051,0.008514443580462959,0.003708493312304137,0.004064816666978949,6.749271117585003e-4,0.006543241583818427,0.01721238114793542,6.049552741824633e-4,0.01315667475376957,0.002842308928416175,0.01304403283753469,5.92039330311936e-4,0.0098749103865055,0.008303128142152606,0.002763596594814109,2.281281739878478e-4,0.004304507714918629,0.01102717315051123,0.0038418900348137328,0,0.0076097219901817585,2.5559429378732524e-4,0.009312965007176394,0.013434921705314382,0.02699637713003456,0.0010059109010609095
0.029232966530840527,0.0670357218780217,0.05635283983432386,0.016223952673979816,0.060693275580772546,0.01882958741369558,0.05104502862963953,0.004726044850016307,0.0014283927705333454,4.6884689344194134e-4,0.002816893014430946,0.0024681226557358707,0.0021332073758762904,0.04608468246483641,0.0031351057641491632,0.137946667335031,0.0011195028816777212,0.0038678634735669656,0.0015426907444262663,0.0012755895977820092,0.003970794390908667,0.0018510176036436368,0.0012752741874412258,0.004493869171164783,0.011971003771280488,0.017937804883408695,0.26675609933326294,0.0013263418855777385,0.010523035313300266,0.013085442116054596,0.0023628238290993872,0.008001449637983037,0.0037102947952087767,0.00183294355605216,0.0021745112301385914,0.006327963127572761,0.01819716158581461,1.638279755285138e-4,0.012050114553906408,0.0010032521617586302,0.008931914920515269,2.3986745991359988e-4,0.0076100960396981695,0.002791341478270013,0.0020383802180511607,5.989213559004992e-4,0.007217502638775531,0.009297961075892475,0.006015952803344236,0,0.006551366463430206,2.87019628146141e-4,0.009032058215559127,0.013408020108491379,0.02765475828442615,8.828318377023454e-4
0.032677842192285214,0.0702200241296914,0.060395545823729274,0.014230265369411393,0.05582971956992237,0.015476209453075875,0.046324784648260293,0.00406481661933295,0.0022669530050318455,6.365421352268777e-4,0.0030279330395043807,0.002527031991167252,0.003681407357886104,0.04325727116845906,0.0033823618171709632,0.15084029152094933,7.274762240096255e-4,0.00414449980151169,0.0013184521931576066,0.0033125901236643186,0.0024527640608388163,0.0015160424645286122,9.227064471053232e-5,0.0036628597575893767,0.012573108532633279,0.013533992924666033,0.26563501277125245,7.90157911527608e-4,0.007350108550910789,0.012214275555663795,0.003187160440809942,0.0073553909604308744,0.0036379155497298548,0.002759553901357628,0.0027945456139270124,0.005050964176833789,0.015457178089071488,4.1162533509485767e-4,0.01393706919840043,0.0012542673584022492,0.013218741299744327,3.972658952943788e-4,0.008124205291985404,0.004972622566174226,0.002185696797376328,7.437300838494561e-4,0.007821651217576059,0.01001590727751568,0.003411066868474748,1.8892249351258136e-4,0.00653181249159014,4.891925611127328e-4,0.009613417686290851,0.012004449054841857,0.02552125862006997,7.517778127640465e-4
0.03360262848725817,0.0679980935451632,0.05649663686998448,0.01840746504078412,0.061492833430156685,0.014673867332075537,0.05057031304101721,0.0029090862644661182,0.0030675851868845515,0.001180325774596696,0.0028559239381910615,0.002622661552583367,0.0024265682501710536,0.04247756808376488,0.0036696154514224994,0.19515455688208933,8.464609372803607e-4,0.003362315415319469,0.0013931418694158241,0.0017745423993909654,0.002003768202046128,0.0012406817991958935,0.0013368040842970184,0.0032434320517695744,0.014335707008417489,0.013737028617103497,0.22168517809230728,0.0014419528296979265,0.007906938719308514,0.010474586387243804,0.002238095641351023,0.008412755660772495,0.0021826141113946915,0.0024281054784288892,0.001782292289907393,0.0083118076837229,0.015381013165240709,1.7394939121599882e-4,0.014283542702904405,0.0026433917142648614,0.012225719458939086,5.518960265573196e-4,0.005721795020459488,0.00404496523991164,0.002162035000280077,7.431795460201488e-4,0.005560232511731097,0.009171293108994689,0.0032311398872723676,1.9232374719542114e-4,0.005757088313781615,4.899536313119618e-4,0.007681260566811442,0.011791852409085793,0.026949828881817555,0.0014996012672242485
0.03060560817841606,0.07273739972453591,0.055101880310939336,0.017216717064380112,0.06050372515061417,0.016966739839647745,0.04596006771616027,0.004006668463069729,0.0022244120718134678,0.0011425629612420443,0.003570623879498357,0.003299491321397948,0.0021476856947183617,0.048432372931208965,0.0032087827180912144,0.13132211425115922,0.0014619742066941655,0.004648526533044877,0.0017502000227227741,0.001307737993077901,6.873905646811748e-4,5.689033039997248e-4,9.402934799320766e-4,0.0016081006791841307,0.011690070598745201,0.014258140084748142,0.2800954700895985,6.560558751743935e-4,0.011616335323371977,0.010704728485471673,0.001307904556211492,0.007263722947292527,0.0047879103755779145,0.0021485852264098524,0.0022963936688537353,0.007765079794803028,0.01523965533060358,0,0.014112795369744852,0.0025607466081814458,0.011716461097633598,3.7031474880635894e-4,0.0063106909049821264,0.004254593829690478,0.0012383692133675587,9.41989746176752e-4,0.005879598284218955,0.01176407364591357,0.0032129399886734822,0,0.004636174083979639,2.3827715739557938e-4,0.00860781572699176,0.014790109148500343,0.02696222344056851,0.0011527955880832514
0.029969688777219724,0.0680410747905632,0.05482022299177936,0.018106915711319796,0.059694013679838905,0.014829085293849383,0.04924258776422541,0.0036241667620387067,0.003824862998854444,0.0010447150005775876,0.0023215585210337925,0.0036485191679167988,0.0023081767356582556,0.04141432237412226,0.0049447650868570045,0.12604335267052713,0.0012440865116106045,0.004202999948988569,0.0014844733160965641,0.002016073409193805,0.0020787484239826806,6.874956243946373e-4,8.464584511701219e-4,0.0010069020916182972,0.011128635348059083,0.014346992461473598,0.2876345629642834,8.923713109778635e-4,0.01066427409998394,0.012509482700058399,0.0019004111597912545,0.009271971019795253,0.004687844419965673,0.0030818282712852846,0.002812879404216764,0.006229697665697397,0.018450875028222697,3.211933928302063e-4,0.015737444945671843,0.002640089885432604,0.011230030041383876,1.5344638316629755e-4,0.006602556823868492,0.0051971131646263245,0.002936545930451755,1.9845747045576026e-4,0.008740517581938518,0.009740743154430137,0.003970457740054807,0,0.005696193749516301,1.774290348000009e-4,0.00832675486229327,0.012626778145339891,0.02349894873789849,0.001148206998593731
0.0339191269836719,0.06668099995115404,0.05361558283007078,0.019946734401420408,0.05624365928488208,0.015362807538590522,0.044572554297245215,0.0018632117870116761,0.002412806382541879,0.0011868586404927637,0.003981386548563535,0.0013163789705339425,0.002665978487773283,0.04290643256267412,0.005477136299489038,0.16124516670750708,8.500973097710403e-4,0.004395069010376224,0.0017616728591735421,0.0016705707034001102,0.0044210202567766055,7.726011464974594e-4,4.696397099435193e-4,0.001009128343320237,0.012882877966389839,0.013577869736979765,0.2529815605276275,3.403124393142497e-4,0.010486309897007195,0.011506247536674457,0.0024661166154985544,0.009843625860654164,0.0030945691412162606,0.0020256374509039802,0.001956962339976967,0.007451065078524123,0.015523256071032887,2.6170755938878396e-4,0.012578166190311622,0.0026527316506498025,0.01213305766127101,0,0.007535186521852678,0.004497845097899381,0.0029042710570884233,2.1308961499034087e-4,0.0076616263626361905,0.011637369766256732,0.004948880621396714,0,0.0057332448256835825,1.254415586279508e-4,0.010727602742144286,0.01306652454033077,0.028859071217280697,0.0015811513375101193
0.0329393223355162,0.06708958920850168,0.05827362890395967,0.017437154899722473,0.05362362517888261,0.016882440741925738,0.056014122370100006,0.003464184542967707,0.0034237148532957696,5.955580664351821e-4,0.003405992476161541,0.0014661801878778661,0.0026171863787353366,0.04765019867905474,0.0033766473779901127,0.11242331866968269,0.0011845467245661292,0.005208271041085121,0.0014493559362632623,0.002640669014583675,0.0021385962727230793,0.0012153726444968785,8.861242269231928e-4,0.0015419629203089005,0.009944396682492413,0.015702046943431157,0.2937063279345252,0.001152563891437706,0.010158969089491687,0.010521348717581208,0.002707097516479936,0.009060286624148635,0.0036835209496077115,0.002199737094539676,0.0039807885125520415,0.0059733351496994895,0.01603081334210342,4.877272669350368e-4,0.012901430185249762,9.893196292220063e-4,0.013231557791280569,2.7181572697395706e-4,0.007601197150815058,0.004915856566768109,0.0016544772228019936,6.01954553920904e-4,0.008791692826377807,0.010473450498781315,0.004965093833736989,0,0.005019952751428153,1.4588660725245667e-4,0.006541970705278768,0.015891138091352498,0.022727910132223493,0.0010185723597512476
0.03123007979556393,0.079024626273159,0.05612291029689429,0.015702634466000925,0.06164933288662084,0.016342394131397976,0.05179019774428985,0.0028666528961416482,0.002648101001258881,6.769907587089853e-4,0.003390397837688713,0.0017795401008827419,0.0015254452086090671,0.04546491559529183,0.004914995539821407,0.14957054828996624,6.280159629647789e-4,0.003490247571808191,8.243204726608706e-4,0.0017807782495602258,0.0021471196709131673,0.0010809885007335622,0.0013160185794715007,0.002396762149245876,0.013529378393863228,0.013035439735745847,0.2554376046990907,7.22640786773169e-4,0.006889793580822547,0.011730088353122801,0.0017653491866469063,0.007823683577893939,0.003654942550584563,0.003386110638751236,0.00438341190042865,0.0080931167045169,0.016495532224295437,5.594890998276013e-4,0.011924126287597729,0.001692139549733768,0.010150231051566516,5.854437872270855e-4,0.006712556549420313,0.007321864039376784,0.0018809761031448448,1.5554520576100772e-4,0.006099227202398817,0.00991301269613858,0.003865410589874526,0,0.005733610141678879,1.988613876357229e-4,0.008934087152886261,0.014096531451440176,0.02407639941361646,7.893819784845127e-4
0.033791209165494655,0.06984093911918501,0.053860437647228206,0.018460702224218955,0.06151860303239373,0.014191536342862245,0.046941044245009,0.0026596445097387925,0.004655516090734609,0.0012437160179861366,0.002630990315056166,0.0026709708084524243,0.0024748687772425952,0.0486407227725484,0.004208326177987545,0.12897967654046383,2.301533504277387e-4,0.0035766882975996925,0.002010678960680736,0.0022085680149787966,0.0010899806628716566,7.468115411542475e-4,9.232064263090907e-4,0.0020347078522824132,0.009498221827116906,0.015161329360955385,0.2810941367064638,3.105223385485906e-4,0.007775862517100268,0.012916802904672196,0.0022347528356051333,0.00975830528557348,0.005258146554119927,0.003365362020723792,0.0025654146140952436,0.00549317941291306,0.016177153111641238,4.513447925694302e-4,0.014692953837172744,0.001780541322281867,0.012312063563111781,1.911663516309176e-4,0.005829986214195123,0.0040645487828699384,0.00267274964878421,0,0.006156639578520777,0.010453731389236443,0.00320855335866757,0,0.006307660076885595,0.0011323975719996309,0.009878113568671222,0.012011105417818461,0.026852526278747377,8.050298644012049e-4
0.03515012298366063,0.06955858018162342,0.053556649976990056,0.017863567766915937,0.058546041266319536,0.014983624637840743,0.04965285997982811,0.004471679222739093,0.005029841887751999,0.0011880931783780741,0.0032264456546321975,0.0026867298915249777,0.002446230882931553,0.04567388488588778,0.0045714077791274505,0.11374032868371776,0.0010769113604063637,0.004310865253035952,0.001446014398650071,0.0019695095790117885,0.002157397310659739,7.182220266129851e-4,5.967711749533908e-4,0.0016416427200143101,0.010734538587062092,0.012403439779064348,0.2941755074566482,8.957327705630838e-4,0.010450497789897395,0.013942563694758173,0.001940706976114442,0.009407341063593666,0.002875948661764269,0.002227075570334971,0.0021630832264022725,0.0068413788781388615,0.01686266819335907,6.70569313301153e-4,0.012416023488637318,0.0023050738911727982,0.01217637707457228,2.857057779986603e-4,0.008048599569880353,0.005045101189876661,0.0011112328516108942,8.777862751949959e-4,0.00847290556970529,0.010358030140253546,0.004254165126452633,0,0.004863546084378376,9.823181937295299e-4,0.007768691772558935,0.012136364374105686,0.025828127871267113,0.0012154761043889884
0.03636112850551633,0.06729790755139081,0.06290773982893179,0.017030016571682998,0.05596391758574608,0.01647687018303166,0.05031267013611149,0.004407037228838441,0.005134203292134023,0.0014065020103464394,0.003206224105714543,0.0018287494102795022,0.002741038782667246,0.04926924776604553,0.0044969438340512705,0.1273733770754339,5.861150652288267e-4,0.004094747736743606,0.0020596641005787876,0.0029570728159937203,0.0018526940596511588,8.878569775966815e-4,3.88711784496964e-4,0.001657744074888105,0.011252384329429403,0.018597755063731323,0.2662931408070809,1.17806249766774e-4,0.009318254924966896,0.010776481758821527,0.0016486464096883387,0.00852450832400581,0.003415638542560906,0.004185287889470066,0.001771199985846959,0.0066748529795408245,0.01832225758501219,6.076483112240663e-4,0.017200545612674832,0.0031837719437210967,0.01195391598097982,6.061079223024579e-4,0.006420346920838472,0.004305761234816213,0.0010889190859209106,1.1376243123441244e-4,0.005503522944593321,0.011782524372077519,0.005002818145266419,0,0.004972418748749802,3.3283882905103205e-4,0.005880632465085289,0.012472262153449348,0.024876248111285113,0.0020995594537080893
0.032785673491157775,0.06865286356134563,0.05492651076329619,0.018308397721700332,0.06135412555894026,0.0157814927829797,0.050332791055637066,0.0022949347564665016,0.002455227911901696,4.485056669002525e-4,0.002327502111856705,0.0030229102343073038,0.0032900876933355523,0.04745170420206431,0.0044291783330430105,0.12308087940746536,5.345217553279682e-4,0.0033716590816014864,0.0018885457131261483,0.003156693251055299,0.001720242681162645,0.00180061245857451,4.88338037339054e-4,0.0014150870741557362,0.00970698800365601,0.018227315032764993,0.27770347561002345,7.765947049936283e-4,0.009669821654565371,0.010968032976314043,0.0026383868860159706,0.008251116697865303,0.002923423920580703,0.003623569411542195,0.00228981803847523,0.00763067554772717,0.018911137696085007,1.322608094580697e-4,0.013075650989361459,0.0020195322087047354,0.014196288954344842,2.5720145081808835e-4,0.009233682251976176,0.0044282189343571665,0.0016100587570893133,0,0.008087070322571157,0.01011832974021231,0.0032092943540038697,1.0946081725132214e-4,0.0036389186655172425,4.5796507581803497e-4,0.009743458653699594,0.014283545634823232,0.025360312862196324,0.001399908032447537
0.033135183477627235,0.06405498306309199,0.063188964411233145,0.016561392692042546,0.05224841681699632,0.015531448467162898,0.05643526231728246,0.00456798167913403,0.0025818850741814755,0.0014454828079133607,0.005153314852552354,0.001553150173742328,0.0021028542721260083,0.04461824256597319,0.005840265747964727,0.15335165374098556,8.899051597172608e-4,0.004394731572300284,9.721894143430995e-4,0.0018239723725012624,0.003427318351596985,0.0022500214241152525,3.338796944057932e-4,0.0013313422101495955,0.012237888829662761,0.016703172161520726,0.24904631367766114,4.7908955601912287e-4,0.006918167979612516,0.01548691094829032,9.065189340859293e-4,0.006078350238174744,0.0034896976026786344,0.0044068610762942875,0.002297806862098714,0.006507544249572831,0.018175977576955566,0,0.011173126446359228,0.002462720173182816,0.01526125991591295,5.294906085522212e-4,0.00654458991064929,0.004309138350397516,0.0018300041103663052,5.294859082351287e-4,0.007174417628612491,0.010272648650772527,0.0037683462770457454,0,0.005749729135428442,6.164919111611131e-4,0.008129860036979812,0.014138412356928658,0.02608953528843027,8.92601239219028e-4
0.03283269513858186,0.06364690580180521,0.06431113859238537,0.018546635274695904,0.06295532824897605,0.01504129012618593,0.04998847000325837,0.004512373300829826,0.002886586627518007,9.771488863364944e-4,0.0018504311542628452,0.0024747155735131746,0.003120392155997021,0.04561400477100894,0.003638588239796717,0.10729220620640406,8.593920471991229e-4,0.003590008549390665,0.0013995093493004746,0.0029278733488027667,0.0023051481493364103,0.002143024083290549,7.765303964380506e-4,0.0010916092881676795,0.010820563762621114,0.01962993893700071,0.2946363008640019,0.0011681227270335074,0.009034228740946221,0.010846868820552925,0.002484129252131188,0.00698854585204656,0.002889632117193231,0.0017331976464327987,0.002267545285403491,0.0069065676806016486,0.01708366894609832,4.5318218544600295e-4,0.01235687503566711,0.002241643808724337,0.012048380040101518,7.347201193847575e-4,0.005252539522513372,0.005321917788487395,0.0016978932652736332,9.959839734553846e-5,0.007296601352566154,0.01185323975045466,0.004085558517416261,0,0.006885136124426062,2.7471804487176236e-4,0.01146698869877368,0.011922374700478805,0.022848470246984387,0.0018888464555394757
0.029695091789035236,0.06853911552118958,0.054535952989000026,0.016636480363121587,0.057002149163402335,0.014738605802290984,0.047771147736749106,0.004009199884798815,0.0036185308427923164,4.4180069063361606e-4,0.0027823594363854368,0.0015166889417272712,0.00340786474257227,0.043651026583817615,0.0058706589575201135,0.11742414299243376,9.602564321422501e-4,0.005607656035059842,0.001490396707113031,0.0023278341177006756,0.0018189349209655917,0.0018937301156448105,2.5605936069537715e-4,8.215552265320724e-4,0.011674719084537074,0.009453234553205195,0.30661753401121317,3.1426892185468415e-4,0.011961726465987553,0.010902605850836565,0.002763074837641968,0.00886189542672883,0.0029866122079831798,0.004315585187846792,0.0023076665937113976,0.004402351314722506,0.015858726787170204,5.134773086712188e-4,0.014885003411958017,0.00234183004202126,0.012144417105970064,0.001189861836545855,0.006380754393912158,0.004997436101896225,0.001441413589583233,1.836778990410424e-4,0.007510611456250576,0.009121627041730281,0.0040212276073662385,0,0.005524281852503036,1.1663858751207713e-4,0.0074733870183285355,0.01399760868429119,0.027887658454595385,0.0010318470110607717
0.029579603784972413,0.07062759309762638,0.0538941322096839,0.015785780956863782,0.060599900690816534,0.018354182706133277,0.053961547073615466,0.0025700189819435663,0.0030411848203547222,9.710788241809819e-4,0.00217368019287919,0.0034289433602435965,0.0021132011707297744,0.047729508062469395,0.0037213934220706483,0.1535473079839443,8.544069742419064e-4,0.004356101212820558,0.0014200088923920938,0.0018394446207564607,0.002474996399895365,0.0010839856279925165,0.00152099767282982,0.003968166598717481,0.011232517049339046,0.021255485097513748,0.2421034818684912,2.0398707241306563e-4,0.01289571767004394,0.01118282639074528,0.002115930321049908,0.008754470118765737,0.002448766282837295,0.0010575295789708146,0.002769567437333291,0.005223879384164583,0.018781550757515017,5.189875613007933e-4,0.016036056078946908,0.0016972037181081725,0.01417257103958706,3.7734326726223473e-4,0.008881018070196573,0.004786929661514066,0.0017566472936190944,0,0.004571254919197319,0.009759894307062299,0.004953702935018561,0,0.006881042276330432,1.7716968103675558e-4,0.008463809321306732,0.010723458647607953,0.024583634504335972,0.002016402350212026
0.030398176627576927,0.07384093528528364,0.0599749513231319,0.018039791662521627,0.06202815281298502,0.0161009024832205,0.05598479264216737,0.0037559477701779053,0.004475085459586531,2.2420549435067276e-4,0.0034916741300813265,0.002349783344131074,0.0035036231159154036,0.0469509061468991,0.00347837636370733,0.1506668392691787,0.0011953082280997773,0.003846095106488323,0.0011804333860861067,5.919346616298566e-4,0.002393729078760806,0.0013407689956704287,8.168449451592862e-4,0.002401205376515968,0.01181908580946711,0.019921512047371692,0.23542211390588053,8.835645548241277e-4,0.007562664398228903,0.013014621768417754,0.0018692879505694496,0.007586877897874769,0.0036167708167642457,0.0026602371444506253,0.002646750693248755,0.0065397750567826735,0.018879820127408117,4.2770985374085483e-4,0.014758622090480863,0.0014755003449517586,0.013114538961359952,5.803502370017881e-4,0.006331894933166172,0.0057191522396241486,9.411633069272262e-4,0,0.006786134246110332,0.00979455177427572,0.004549612806802866,0,0.0050241050436039825,3.375257284029929e-4,0.006262863821510101,0.015115336625764477,0.02685113297989598,4.762591257664389e-4
0.03536935283145726,0.06946379746710664,0.05186290595332939,0.01826722786856999,0.060627657600289396,0.01564067884638523,0.0563731825541862,0.003908765935607123,0.002517414899932636,9.570758147437233e-4,0.003257043676899692,0.001130982645459708,0.0030759193984955767,0.04357488072831277,0.003963735363542643,0.15336962094042766,0.0017212628801863378,0.002131224015346924,0.0015406524959894906,0.0030517431080532313,0.001360597856600287,0.0014560188950278343,0.001327006628035742,0.0010400081220172499,0.011942157860927421,0.01239293423932319,0.2637478831831373,9.241456809688835e-4,0.009080924918850776,0.010485849573450183,7.513495050822741e-4,0.010685120761918104,0.004313887761184948,0.002741935579611038,0.0013669809635958288,0.006298323912249517,0.019039403501273606,2.6029707167171906e-4,0.015892094102044185,0.002483467829960113,0.00758847552141538,1.3137156676205377e-4,0.006117512400300335,0.003382326343047699,0.003110039881328166,3.5306691352216587e-4,0.0063600139232985,0.009853706049602376,0.0059904032225774366,0,0.003606556739838391,1.649636579387076e-4,0.00881373109641202,0.011150270595447029,0.022440765634423935,0.001541283482833979
0.0313327712543114,0.07420969627957531,0.059265058788272006,0.01660019079968846,0.05281361869163722,0.017409850424401754,0.0544982484900657,0.0034123800497300313,0.0013507606566710093,4.474060730068069e-4,0.004000946343048454,0.0018722639665556522,0.0034777710896393295,0.051234023405526234,0.0037720444866956725,0.13434287421830027,8.98553499430684e-4,0.0023952019418391505,3.055630120500974e-4,0.002331131179546215,0.0018961892652601354,0.0015012914640396653,0.0011877274574006095,0.001311970841351187,0.0139591013794199,0.017717439058157137,0.2562337116465282,7.682986350555786e-4,0.00880705842409265,0.018827255851890472,0.0018168602611104364,0.008828626359517497,0.0038735430674611882,0.002054931505593619,0.00246791311962313,0.005484270876146026,0.016956079419524563,0,0.015698665428578732,0.0017397081392198303,0.011219312421348904,5.044285809724973e-4,0.0070638797663540405,0.006191366492561727,0.0019817065464119614,4.6386354435827147e-4,0.005332618751080011,0.01030630337846972,0.004215566845078407,0,0.004253201672560731,3.717123670011138e-4,0.009097380737902774,0.012257095521330148,0.028857596494430798,7.829700301768878e-4
0.0339193822861555,0.07420409505906987,0.060045860193819155,0.01578061162425832,0.06967294783693279,0.014611642278980801,0.04389261387157335,0.0034500903819432997,0.0016233933005519168,0.0018878543941495774,0.004432022875102833,0.002360596699734119,0.003941845636826397,0.04299556508777819,0.004012953736657195,0.10690368545075651,0.0012143358511110477,0.0047541483632079565,0.001419442917785818,0.0024981709948782953,6.911994606720499e-4,0.0017411317911096007,7.461039675268058e-4,0.0019938803564259425,0.010014182135166305,0.014295646830709538,0.29062062246318743,6.487361544728656e-4,0.010699730507816748,0.012567614954648204,0.0018683673606653178,0.00934295771584016,0.003634844430410642,0.00355185026575204,0.0017255493865215837,0.006628933519676585,0.018195293088576238,1.708905103541974e-4,0.013494104049413811,0.00241877864746437,0.012247731744372692,0.0010471849514530668,0.005254129227754365,0.0042993114520812545,0.0014357790120845353,1.2919713815431145e-4,0.006539922062999061,0.01081744284903181,0.004233376167663518,0,0.00614195533084809,5.321885910106191e-4,0.008467157140734885,0.014778554325336053,0.025210570806613312,1.9382276217902762e-4
0.03654324432026972,0.05881823682022532,0.05776981967744866,0.01464705510230277,0.057586163191324244,0.019158801651546393,0.04559354179875249,0.005046677959955428,0.003215195891273811,9.359983570833512e-4,0.002268452721835585,0.0016351368365016684,0.003302484777879979,0.0490113566757233,0.003644238810614114,0.14624066690325405,0.00147065940889849,0.005441878106943025,0.001315527655212603,0.0035430031652732064,0.0022168618563158412,0.0012933916382853125,7.473131331862778e-5,0.001279235116384831,0.012767271780080778,0.015065630930283012,0.26517734959813966,0.0012751338614002208,0.01153516824973491,0.013931046884658195,0.0018116559383645483,0.009114972491360208,0.004122992428869783,0.0030098905325935165,0.0024329018336766493,0.008198941730141449,0.017821110683011822,1.8253900457258115e-4,0.013147754979604132,0.001873698151680616,0.010277357631806967,7.339155586577413e-4,0.005577399156630007,0.0032365235498242675,0.0017753439182924416,5.956710989706223e-4,0.00572838378379666,0.009805964072966099,0.004680454125180556,0,0.006218883459755559,2.540891694386164e-4,0.009319990388423521,0.013311378403821947,0.02319572684905066,0.0017684999985894574
0.03135273772725556,0.06556848346476661,0.062482100692033006,0.0192446707040338,0.06236173792626022,0.018599163093368367,0.04592294407400653,0.003422804314971851,0.003435480273686427,5.377522873723198e-4,0.0032982923334853565,0.0018606828717044846,0.0021962869993263166,0.050130268839031676,0.0032058266014954088,0.12306527552710822,8.492673815226278e-4,0.004048089848307107,0.001955223439179974,0.002038700797191031,0.002988299847624987,0.0012228482826478705,0.0022633914811109285,0.0030696593483285858,0.01108969907004101,0.014187881203414063,0.26382169238741704,2.9065383546594603e-4,0.008538521419667848,0.016792621704959123,0.0016645252161199872,0.01217571007448073,0.0038883286540638295,0.005285078311201178,0.002873164119400692,0.007837570744872692,0.01871605679794536,5.11427371118927e-4,0.011928043688999322,0.0013991296288783338,0.013104669121314465,4.4844037929971906e-4,0.006873840505525687,0.00458480050680594,0.002536431864004165,0,0.00713829541721671,0.011599811316418551,0.0035538487845290065,0,0.006348252239950008,2.3415756185326368e-4,0.00840241130130156,0.0145878339123023,0.022781792877356162,0.001685321828257131
0.030343455731638987,0.07029356779681255,0.058138018348629895,0.014377797413764536,0.06411325206851445,0.013710035182514398,0.050195541947649774,0.0028494587390411443,0.002349004283017861,9.074424766580366e-4,0.002300122751988453,0.0021355270351372186,0.0032976464499509597,0.047230177639862904,0.004087842305475357,0.14315973183781117,7.470652441661632e-4,0.005801343698265408,0.0013473019435567934,0.002333787625666958,0.0023425066383959943,0.0010720923843730286,7.516695811946804e-4,7.339718625994265e-4,0.012419873732007699,0.013264721645264606,0.25949002342178934,0.0014916458257963965,0.006441330482325601,0.011681081683538461,0.002640491680137745,0.008423764440240948,0.004550384421638069,0.003874931660803111,0.0027550276148163664,0.006196957125193599,0.018665674889067597,1.7710003000972707e-4,0.013528784349561647,0.003354614309658705,0.011847157245411785,5.652595836568456e-4,0.00501974041012128,0.004917648481258046,6.632242608807145e-4,6.763933838973225e-4,0.009098462187438245,0.011151567891295717,0.003997509565393956,1.8583317637912612e-4,0.0075430234255953596,4.6443699574841697e-4,0.00772754491726195,0.015441906592157769,0.026115392165331364,0.0010101314196363322
0.032384362193499154,0.07104797523965081,0.05165011132089913,0.015238783847291779,0.056141675621976236,0.014633820221487357,0.050184879669588546,0.0036918759551947617,0.0019618532167553237,7.540432807892341e-4,0.003537387018228616,0.0022826535077074793,0.00296914108922598,0.04216368704867106,0.003608459998702623,0.1273171871261111,8.661177583677156e-4,0.0048230810224544835,7.983223098190573e-4,0.0022759757225905095,0.0014705037201047937,8.741976943348575e-4,7.410168266784809e-4,0.0020129547200801595,0.014999655191628112,0.01089140449742369,0.29443687745426506,9.320346629219636e-4,0.012790410163956906,0.012750124464228858,0.003223032181598799,0.007828301933934217,0.003285729291880622,0.004513080893025816,0.002807520056925641,0.004912930471683495,0.017760273181849494,5.268084666124932e-4,0.01601377312939994,0.0022053430204738533,0.00924540200557292,0,0.004866966699346862,0.003301493051311584,0.002413956061399935,7.732822833514708e-4,0.007356379662294149,0.010412679764141215,0.0043617498146227346,3.6419370259650405e-4,0.00530880098292976,4.178267777222928e-4,0.0064254232672928124,0.013105752521479148,0.02658392256559327,0.0017548056483271245
0.03225724652050907,0.0673962315190156,0.05529009938203911,0.018275533398297024,0.058021063592949576,0.015576577588032,0.05144227236788366,0.0030949231448196336,0.0036664774197431582,7.983720004773462e-4,0.004559488279488436,0.003981560736672083,0.002576081498208607,0.04117813405583016,0.003763707309559827,0.13759084445566946,9.558459703007983e-4,0.004927794693376544,0.0012883359735368948,0.001361604197722299,0.001961094566047078,8.109359751835244e-4,6.349909364142171e-4,0.0036155646862061804,0.011707117397496043,0.014802622834558007,0.2673468067687306,0.001227901855546354,0.008717284634618851,0.015533829633967664,0.003488513050386385,0.009834806311731815,0.0038684179553940402,0.003817125485748833,0.0023912352048951788,0.007230128373530405,0.01966224628673884,0,0.01344634230596877,0.0016435445504246616,0.012747564426427032,7.817326597934119e-4,0.006236752761919855,0.004680767292059148,8.865819682160716e-4,9.112561488391939e-4,0.010330809640936278,0.011346049080095698,0.003424474498101235,0,0.005611603357406055,7.542674414320903e-4,0.007900833876097439,0.012438947725407995,0.02210272053147679,1.0293567407295554e-4
0.033535395496406,0.06536519972652131,0.05589194684890244,0.018759161263102796,0.06312769652825036,0.015290921957226302,0.050274066996156136,0.003908254548027681,0.003920629582101128,0.0014280188265777486,0.0029624696446914245,0.0024509976554289896,0.0026674240660186596,0.051807075825440974,0.003717551978015927,0.12074245885150066,0.0010065562914510335,0.0040110851883046516,0.0023075681953355393,0.0021008500899494177,0.0016629538155318758,6.416944203155194e-4,7.841057530171105e-4,0.0020549655618662876,0.009629738084654114,0.01136240941234055,0.26918054629727034,0.0011677986811864307,0.00955207616904214,0.011608993122884421,0.0010839175664228483,0.007220480257779048,0.00390350404120174,0.007022399149511776,0.002049430696396162,0.008500119520113638,0.01633094621648644,7.929568307122431e-4,0.012625848704131989,0.0036712211847145823,0.012129980156449616,5.156952717515938e-4,0.0058774745026695,0.006108455224234951,0.002571193715475179,7.944430613515042e-4,0.008117527205985286,0.010545104989490843,0.0047457187531793205,0,0.006523312151558893,3.925234407773811e-4,0.010660890446543624,0.017420012579179477,0.027191064663856117,2.8516879250828304e-4
0.034415884973299365,0.06352627230214236,0.05661187318541259,0.020352232766654453,0.062384081983986206,0.014120195215661439,0.049453259226150244,0.004035261985669313,0.003297646834623144,0.001159625370773397,0.0035391607770728158,0.0018623631162385376,0.002172671646144808,0.04661183659784379,0.005045301887082412,0.1327382004943144,0.0012951219697924813,0.004616258696009999,9.51310609710579e-4,0.0018185415314024918,0.0013980500118908115,0.0010844006609004974,4.3084574929354806e-4,0.0011378775243714406,0.011755418600565929,0.01190567250790603,0.2739867069607959,0.0011190199307906908,0.010209716228264262,0.00885510407674464,0.0018756148421541917,0.009079628972123317,0.003751009533233124,0.0031475033450244156,0.0025060465334783852,0.006863199961378406,0.01632005791502702,5.808127758283249e-4,0.0157305001795566,0.0022633727484726307,0.011848351099439984,1.9848806686919202e-4,0.007087574743381415,0.003824372084399488,0.001214603253933118,4.5255595328367253e-4,0.008379430834709772,0.01220551234087809,0.00399755432699018,0,0.004484561813295564,9.636606857949433e-4,0.006893859135475963,0.013930345141247386,0.027657906731646916,0.0028535635608693145
0.03408863802355223,0.06884177785054556,0.05839456973781922,0.01736420439602921,0.0622115948293589,0.016424913916823165,0.0424966848182819,0.0038411603989554535,0.0027160520891936174,3.4543269779707154e-4,0.0040840792308318415,0.0020215370733524148,0.002201873849958555,0.047826257120250494,0.004795340909370114,0.13605992988605087,0.0013152331014617848,0.0052580502752076624,0.002153070868483317,0.0011171336333163358,0.0025771540015666022,0.0023273831758025263,0.0011823119060942451,0.003470007498108241,0.01231622586313643,0.015196896271192648,0.25654679020898946,0.001361759713834313,0.008235385928875292,0.013433375054817195,0.0028733748880405475,0.008213252464349313,0.0033477900065003617,0.00292621177009005,0.00217053096110867,0.0045697901728337645,0.019621336144832455,2.824065808754301e-4,0.014276756560213174,0.002019000383499957,0.013642832128995383,3.10172229695379e-4,0.006294887640676067,0.0048195515282890575,0.004234260289439047,7.491959586716709e-4,0.0076844701070374515,0.011347916553952436,0.00419979377707573,0,0.004651218142581206,3.1044607945767316e-4,0.00807952899853777,0.011377782300115791,0.030646850016263986,0.0011458199878109556
0.03424225813268751,0.06988011409195702,0.05533471147320015,0.01763722690115025,0.06265299218282465,0.01519326320956659,0.05247926408045498,0.004072021597108103,0.0035287273684631217,0.0015749157391463425,0.0024364335993414168,0.003395665994343604,0.002395837079956967,0.04541350161270949,0.0033411650448245647,0.13984657017703955,6.991350500462542e-4,0.004417386865564138,0.0017375388713880002,0.0020850518284205324,0.002939736338905998,0.0012685572363335773,0.001388123392620984,0.0017063826274440897,0.012868937331490705,0.01639389751312958,0.2523829963116872,4.13981451033104e-4,0.009932178372624709,0.012799972439641562,0.0032109544112549652,0.008322411986616434,0.0029028513480645643,0.0039680109164069695,0.0023344428410408415,0.0043684301117995995,0.020296091948640176,1.1587799239230513e-4,0.010911525264856198,0.002399246206016544,0.013914052933138323,2.522353310608544e-4,0.006399147064196096,0.0036645441655092383,0.0029389834874177932,1.1417993597332831e-4,0.006493580464456742,0.011442343926367698,0.005214898378357224,0,0.008451408503508857,5.828601684780083e-4,0.007491542009707566,0.01381016799057859,0.024823905294837252,0.0011177634042190633
0.03708719180375582,0.06746446843270291,0.05654915457048631,0.016209881821229344,0.055012665967255646,0.017289559449294042,0.045905086513953024,0.004480955742384154,0.004069219640665434,9.752629715647143e-4,0.0032424142028209474,0.001995720573501481,0.002505356827185678,0.044174613466526215,0.003061401384167355,0.17183070503059014,4.118152875830621e-4,0.004544640569771114,0.0015741240313491827,0.003014785774375043,0.0018703520841585194,0.0010351860025949757,9.806888901890012e-4,0.003403114160354093,0.014655406090792888,0.010014910536084626,0.24379290243314522,6.172651815096729e-4,0.007855000950553297,0.016059900788903226,0.0019319996829496656,0.008649389459002545,0.0046218234541825715,0.0022260453472543354,0.0020497422872059606,0.006494036080110347,0.015455645450818355,1.88737225358084e-4,0.014969161975783905,0.002054020648707055,0.01075217680590123,0,0.004860914071931306,0.00583944881175416,0.0013215579244055292,1.043332308636117e-4,0.006318648888361894,0.010747560720799696,0.005264592891459237,0,0.004583193680688411,4.154291172279818e-4,0.009309838919552829,0.01165935002728236,0.02584428650273561,0.002654315616216165
0.03126378699439291,0.06661703509288157,0.056579454658069045,0.016308705407702278,0.05315734345734371,0.01889613279368502,0.05200883850821126,0.0033233428293947672,0.0032484824237700976,6.571378371091055e-4,0.002873246313005574,0.0019928877266261985,0.0033900618274801753,0.0431829607970985,0.004974057862400948,0.13588373491024328,4.786353088471097e-4,0.003555267192684254,9.147658594577899e-4,0.0018244734372968442,0.003057812213377163,0.001377408578807075,4.0813805684720403e-4,0.002338242653078273,0.013435430263595166,0.010670036596576851,0.28627375206511413,5.582673743975084e-4,0.011051534236963284,0.012881681207080787,0.003688775239422084,0.008005500429535578,0.0026258914540767276,0.002788459223976207,0.0025671829973587645,0.007120112617881983,0.01949457095855241,3.9115217395963817e-4,0.012516445208932686,0.0013680602067554569,0.008823084698151445,3.23687114811236e-4,0.007489553451994753,0.0035577137819411764,0.001526509183508915,7.289291944995459e-4,0.007489517863603795,0.009343811331743813,0.0019556248793485623,1.4989585320075553e-4,0.0048487912310858335,6.100632929684452e-4,0.008786527762375483,0.014041760041536165,0.025354122947293868,0.001221602377946774
0.03209044256726643,0.07263517047386342,0.05899440302782212,0.01845047470432342,0.06702750296135401,0.01747756056834513,0.04773444070195108,0.0024337003197167396,0.002058529873934357,0.0013213280314565718,0.0040451209468826245,0.0021206960937955287,0.0038905113551362786,0.04988923154725581,0.003990500678675638,0.12346998280047806,0.0010472548736633763,0.003536444256889793,0.0023951263546894237,0.0020787953895221667,9.773273246961463e-4,0.0014128024324800447,0.0011099845810439819,0.0016508119336860357,0.009939715848944191,0.023108343135752735,0.24995129390327603,6.494436131860115e-4,0.00890364011232293,0.01526567056509136,0.003244042956052877,0.01031191722776054,0.003700318266470803,0.0036749692966066643,0.0022231709095569723,0.006928208141304974,0.018193012589423817,9.138134589766279e-4,0.011657204862379294,0.0026037009754181378,0.012769403095605682,6.551068904280448e-4,0.005447538247461576,0.005138742988720878,4.441539824007676e-4,5.4189581604759e-4,0.007061201213447219,0.011608967598655073,0.004231846367504264,4.192710850167177e-4,0.008850585314897207,5.181993444816043e-5,0.007810650087193342,0.015405960971364065,0.025445865128935288,0.0010103816164219875
0.02874503866271283,0.06718318622785076,0.059077886215745376,0.018209954189680758,0.055594485713979486,0.019067449312751318,0.04836142512432067,0.0021638697084598304,0.0049949678698362355,9.327110312213748e-4,0.0037971504527764795,0.002762697472778607,0.00268725724161479,0.045416553817576595,0.004099228588172314,0.16177106192684776,0.0016847817533494182,0.0037587317263879892,0.003263716780750006,0.0015124026217619578,0.0016126451780854047,0.0017703832566192802,7.775606768516311e-4,0.0017149802837766795,0.01188239011198852,0.01282212908188551,0.2468873301231117,0.0010094118977176654,0.00738535570773739,0.012540822702771208,0.001613014238404552,0.010381747382199687,0.0026689045285539768,0.004142976953120565,0.002157831609937731,0.0084856839169467,0.016215262410770186,1.0980369502938792e-4,0.015079982151581262,6.436023094090246e-4,0.01170233758239734,3.711547930628436e-4,0.007364279872922966,0.004744802483467262,0.0013743656849580256,0,0.0076970966573910475,0.011951937378166785,0.0033316148227781677,0,0.007510904141459599,4.389415226496554e-4,0.008741910496409891,0.01206086134264171,0.026929185816270355,7.942327503517384e-4
0.030695196935870417,0.06804139584948013,0.058269962603018255,0.015077930722881593,0.05277149086681688,0.016094810877866083,0.04944573402277773,0.0027520430677772587,0.0036959700400887043,0.001168368262113671,0.0032190073556321963,0.0017021157041484222,0.0028102897583706346,0.047408157506829945,0.005508832519218191,0.12669310877976042,4.7248668295038525e-4,0.00488425536588967,0.0017647636216737378,0.0012447089356993806,0.004012648695066163,0.0013120896107987978,4.0204233363719526e-4,8.94283749629265e-4,0.01240793788544557,0.010682474946631503,0.28285058536480007,0.001388186253507617,0.00709067602348815,0.012020705590907566,0.002389335932672907,0.006072099026208788,0.0037728862751934666,0.0025862437377783243,0.0029439999852631025,0.006208748209181131,0.0207955532225371,2.267289948138411e-4,0.015306611190500924,0.002655662245248859,0.011802980949753822,4.0538365350254786e-4,0.007163455557978378,0.006334148773680543,0.002796382588471016,3.487444473356481e-4,0.007744708052755522,0.009189636609000316,0.005968094350258381,0,0.005040762603698597,4.193418649319084e-4,0.009029731632558468,0.013940447287825718,0.02816335868277373,0.0019126941933013725
0.03428197016515037,0.07071220928159759,0.061360621607241476,0.017078542578916278,0.05949481260589264,0.013780394597970383,0.04495522863181521,0.003729607133236043,0.0035502150688729688,8.175340228028569e-4,0.001079857086268048,0.0022391234436611777,0.0023081100689327397,0.047929280207782886,0.0046579662028730495,0.13754108952612237,6.89151137827166e-4,0.004597681166382144,0.0018087632103315219,0.0011812625538626935,0.0015885119970844568,0.0012925493834719296,0.0012472130278677268,0.002848096179858383,0.01099495066925849,0.01968799257809891,0.26308628991659677,7.36284894079014e-4,0.008361934976008333,0.01599135414135233,0.0014689725059784757,0.00803752823496246,0.0034849351102234096,0.0035509239251670334,0.0014651619805198786,0.00710711363994712,0.01768821041377664,3.9761712815681346e-4,0.01364885089729401,0.0023090228088061345,0.01142001004229303,3.6798149967302526e-4,0.005462834973217222,0.00584729174335393,0.0013177443418946335,4.538781985670099e-4,0.005775617643822083,0.010219952196495775,0.002623233341071105,0,0.006859655809443462,1.5409206304537804e-4,0.008350450737225712,0.01426311693836608,0.025738115103716225,0.0023590906617673795
0.03139199825712028,0.06883153877777234,0.06485693429004889,0.01638246366870076,0.05316596741648884,0.01715242909361874,0.05093135725295678,0.004274370004810334,0.002274645199837507,8.590558516500655e-4,0.004533268787256133,0.0016697867059197393,0.0024436337289291824,0.042283098364185916,0.004210390287493273,0.13677710491111725,0.001195779030749373,0.003572803062075295,0.001215799601628448,0.0024832970110030337,0.002367417779872573,0.002075426991490402,0.0011623421797989039,7.338559120443218e-4,0.011965479785988395,0.01630859402250728,0.28123260081478113,3.5902738715329254e-4,0.007110109474358541,0.010643110185714956,0.002097163081516655,0.008112608075647803,0.0034425359924451994,0.0024217400277718967,0.002327196866451336,0.005696889381013854,0.019920686577273933,5.657859709254429e-4,0.013658902621430092,0.002143814845663073,0.012847136101478737,3.028054954820513e-4,0.005139005222660609,0.0033568002858486126,8.505701768966229e-4,0,0.007868050775486628,0.010113831656196651,0.005907866691277724,0,0.004005063912903031,1.874513898164996e-4,0.007688245645474093,0.011872360325788329,0.024781663503513306,2.2813953996585296e-4
0.03190069870450324,0.06419990310900706,0.06050279244793453,0.015703292410631963,0.058717636243358254,0.016422986923599156,0.05269307987780461,0.0030145702308012976,0.001255497316321208,0.0017329357442346172,0.0034953951050016815,0.0019578580892933256,0.0019461545994592887,0.0451965809567863,0.006461124896709577,0.15676922789248687,9.17514015732347e-4,0.005429019751751186,0.0013757714486578065,0.0019449067893072798,0.002869905636992084,0.0010092892688528415,5.912629485718104e-4,0.0023386004734642033,0.014843780939212133,0.016551615747955335,0.24976034542157918,0.001408266814679645,0.007508406659451752,0.009125895053510491,0.0016185235016130208,0.007973748993849152,0.004937870403922698,0.003489050548342605,0.005141509413691277,0.006736846528632384,0.015633730658056736,5.563273077549546e-4,0.0149682742930302,0.001738186015351173,0.0092253420283063,2.253905556656556e-4,0.00566838423121965,0.004692146263318159,0.0013047327262161134,4.45188904162712e-4,0.007524726257808379,0.011106311115600622,0.004691379767470493,0,0.004446748108888834,2.2658369662852956e-4,0.007340481847385297,0.013573179709492691,0.027841013865249065,0.0012500077406922116
0.024991367812377038,0.06947800044480175,0.051670917726418415,0.015506502635045195,0.05623580953589087,0.016609255066810432,0.05010299558598016,0.00229632590404448,0.002812896335914674,7.931446375841654e-4,0.0023728112703237524,0.0014847450866278045,0.003919571939975048,0.04226968561906784,0.0039017608060039977,0.12340655788824624,0.001239117532816746,0.005733497571726118,0.0016074451722979325,0.002043179713946493,0.0023701682192524337,8.61419949693181e-4,0.0013714310399575433,0.002543121082199104,0.013706891975372936,0.014740745812263395,0.2965086856540687,0.0014449683964840457,0.00826862398180022,0.014975560129545241,0.002072410020625825,0.006909455101790137,0.0034633812795662583,0.004048027679983647,0.0023422191712780135,0.006740176530275113,0.022177741896088315,2.468887075376239e-4,0.013367697842929934,0.0022587398887407334,0.009923734503128901,2.603410992654039e-4,0.006693677213114399,0.004426668746801094,0.0021020971397127325,0,0.007545272909216034,0.011041831099867307,0.0036137596927103013,0,0.006428962612788523,0.00017698025694709455,0.006955142712441775,0.016115113259666542,0.024671074975786113,0.0011514011332022318
