i2_health,age,household_size,cantril_ladder,r1_1,r1_2,week_number,hl_covid_num,vl_num,region_Islands,region_North east,region_North west,region_South,gender_Male,i9_health_Not sure,i9_health_Yes,employment_status_Full time student,employment_status_Not working,employment_status_Other,employment_status_Part time employment,employment_status_Retired,employment_status_Unemployed,i11_health_Not sure,i11_health_Somewhat unwilling,i11_health_Somewhat willing,i11_health_Very unwilling,i11_health_Very willing,WCRex1_Somewhat badly,WCRex1_Somewhat well,WCRex1_Very badly,WCRex1_Very well,WCRex2_A lot of confidence,WCRex2_Don't know,WCRex2_No confidence at all,WCRex2_Not very much confidence,PHQ4_1_Nearly every day,PHQ4_1_Not at all,PHQ4_1_Prefer not to say,PHQ4_1_Several days,PHQ4_2_Nearly every day,PHQ4_2_Not at all,PHQ4_2_Prefer not to say,PHQ4_2_Several days,PHQ4_3_Nearly every day,PHQ4_3_Not at all,PHQ4_3_Prefer not to say,PHQ4_3_Several days,PHQ4_4_Nearly every day,PHQ4_4_Not at all,PHQ4_4_Prefer not to say,PHQ4_4_Several days,d1_comorbidities_Prefer_not_to_say,d1_comorbidities_Yes,vaccination_status_1,vaccination_status_2,vaccination_status_3
0.02672725276306824,0.04865628963190746,0.05380764296428831,0.017341532937062056,0.057304521031464925,0.016636169521002976,0.03490516193622414,0.005842696903725754,0.005777579240209396,0.002872918284159679,0.0037326748809315313,0.0035012021732339495,0.004087860540340094,0.04804439695934886,0.016137329480606512,0.15290094800933063,0.0019501993896230694,0.002974589668959111,0.0016923299600143686,0.00331050851636688,0.003954716835978863,0.0031660556109315775,0.0021680583087952867,0.018237835537791135,0.01135953327386861,0.03131121067100407,0.21854225971256178,0.0037454739379560805,0.011105819651712487,0.011592496875231995,0.0030546165049540187,0.007899460504371923,0.003681156535479068,0.01623429691335685,0.0032582258533095316,0.0057212228955732134,0.012640296187866537,0.002248005225139568,0.00993717790154504,0.003243253469182247,0.011793240653181832,0.0011815831191275064,0.006763726144710819,0.004328692336025212,0.004212458453904637,0.0011987984262847632,0.009392652520582148,0.004836148772349484,0.005450717228727436,7.665236282073482e-4,0.005352478024412685,0.0010505173403018773,0.005214077887717138,0.017278855816315483,0.02587739367732647,0.003997158772347323
0.026643450414479544,0.050168371616259984,0.05817269292183928,0.016040023248152856,0.057255599411693114,0.015513152574544399,0.032514456112625205,0.005751136750002843,0.005856478685347163,0.002583005620524312,0.003765015093564324,0.004049638818886152,0.004094212715655932,0.0477940974263653,0.01323059522856057,0.16132902682466707,0.001928341108323321,0.0024479209494264044,0.0018593312102070216,0.00301458492844705,0.0035306403697732483,0.00353941711539877,0.003075917385175821,0.018135653757648473,0.011341355847159314,0.027560423398407904,0.2133137623763391,0.00408887643879077,0.014453473688207947,0.013913421798327236,0.0033396440029536357,0.008455485432808446,0.004289498220201139,0.011019868754173098,0.0037293190468362628,0.005546522627277992,0.014060557687062089,0.002026238636242128,0.0089914515114734,0.0033473488704173697,0.01248331068408771,0.001010648574591389,0.0072329774468074,0.00524256791291144,0.0041388212466938685,0.0014010311686615306,0.008770404210504188,0.005614918389448792,0.005716793135747391,9.708823507411574e-4,0.0069264950562826595,0.0011281457531052937,0.006258629538425168,0.014398683891747938,0.022896404407182477,0.004039277608815614
0.02619445178750998,0.04617314273339392,0.055566483042381536,0.016742748525112577,0.05449225237601122,0.01564524669848955,0.0330293481311111,0.005606137254300125,0.0058444770845270675,0.002802858652321572,0.003956730846577057,0.003996922664085677,0.004038092205073427,0.051228083825162335,0.011031512666684664,0.1648635415361604,0.0018802672517601172,0.002925041827734313,0.001696956464119027,0.003064388189296544,0.0034542749810978187,0.003168607599065533,0.0029152850552778657,0.018147321171124938,0.010760944407226252,0.031798581397538335,0.21300263782530515,0.0031964138161304128,0.013022989850694085,0.013772916369398924,0.0029454437702587425,0.008594023958182255,0.0034958126280964794,0.015245222543151414,0.003340946600743207,0.006344077873686323,0.013134998148813245,0.001379284855836725,0.009236362463964332,0.003352574222821216,0.011579534226304488,0.0015524254552461117,0.006831400652187835,0.005141693489551929,0.004439259209010557,0.0014934761324797163,0.009598716156030177,0.005188134198410403,0.005415650653222465,8.887311453163155e-4,0.005242432602840455,0.0013523732975070204,0.006082860626966363,0.013042372469445777,0.02649668089878438,0.004566855486470587
0.023951318650189818,0.047197181344549935,0.05497199945641188,0.01769152509634387,0.05062847811465083,0.01528543007879327,0.033280001260285956,0.005807452311978424,0.006047761326528638,0.0024257854805958753,0.003294913463763408,0.0036155598932062307,0.003570462617331409,0.05165674787556544,0.011676658968139936,0.16606097648517143,0.0021199044155186322,0.0023877866157152447,0.0016878779465877044,0.0037125414569033413,0.0038038890934737504,0.003378976766910995,0.0023776396456537553,0.019932523558971505,0.011528148969119483,0.031069239867214587,0.21953432434107054,0.003904778869268509,0.01429143511019064,0.012065170727727259,0.0032722316744332714,0.007892468714468916,0.0036304045772632687,0.013382925369257932,0.003474815226712617,0.005642075559236809,0.013708956626100182,0.001974141549058054,0.008873069133402566,0.003431545906234346,0.01037363388303862,0.001857355828943014,0.00703766288249673,0.004325065748075121,0.0038536593347921677,0.0021505078413552813,0.008986397343935209,0.005535624781247649,0.0054471308053629,0.0010284192372103057,0.005425119320540824,9.712702251521354e-4,0.005637440477381812,0.013988258924606483,0.024114554797371422,0.005028774424490144
0.027944026541993322,0.044789544964027,0.05463799049877308,0.015659402385405065,0.056343505125177724,0.01650682463096383,0.0346404465697586,0.005501336146914851,0.006291902066349876,0.0032094610789835795,0.003578408343205852,0.004059136050883789,0.004104857370430412,0.05192353732756571,0.011191777666417935,0.157070219501954,0.002023421953433165,0.002820082471922088,0.001849065743495774,0.0036789697159647578,0.00373228077889602,0.003477777776613038,0.0029669082192799474,0.0159163504116543,0.011666447194613027,0.027006048733278977,0.22760730339862242,0.003799714924965196,0.010822682720207307,0.012176096546764865,0.0035145369486606426,0.007571483327959202,0.003357063166686253,0.013942083973770992,0.004090161485421509,0.006509343276795639,0.01522007458461445,0.001313001684923535,0.008921259961346096,0.003401965445970528,0.012856400812546916,0.0013947468887427002,0.006114520417736026,0.004469509335152128,0.004334114436499003,0.0012998204472498215,0.010198435644768446,0.004560491779837537,0.005282328803436629,0.001066732319479371,0.0062442743676673,0.0011447720536272735,0.0055717172790180755,0.014098802048957255,0.02152343451064404,0.005003398139973153
0.026317282244436146,0.049097571322811534,0.052646665636719873,0.01605029052333067,0.05761635780507271,0.015525649335511166,0.03522853058351045,0.00554287587691327,0.005934534861079164,0.0026743294708778753,0.004352666029883666,0.0037552940645477818,0.0038637999201127328,0.05310501338868573,0.01423622079477747,0.16423053190179238,0.0020911423098704937,0.002654299263087741,0.0019020299127228066,0.0035777307771000994,0.003592824643035598,0.0031362316846111314,0.0027055069878840934,0.019867766411785753,0.0127270553731997,0.02793650901852901,0.20591421448829222,0.003332902283571309,0.013377286311488908,0.014598066934229239,0.0030115494391820714,0.007644438592391283,0.0037194868902191954,0.012058060838646089,0.0034005662577871916,0.005539003069408206,0.015492173902223858,0.0022860726586470784,0.008982361271955876,0.003471731254031543,0.011379405752553745,0.001958188781133912,0.006710007102473877,0.0051962223316867765,0.0038675347592457224,0.0018090897838970504,0.008567598304912554,0.004893707174611285,0.005534728632407276,0.0010143826718002405,0.005849613168865698,0.001192392689424313,0.0062608544750644346,0.015165282534135996,0.022186880279967704,0.005217487223856354
0.026353654308079497,0.047376420669561825,0.05176578633569257,0.015908939326305705,0.055068238771893846,0.016286874767523152,0.03406794199067687,0.0055125850845550795,0.005844818026549581,0.0029862952727983923,0.003826932570348935,0.0037311893760210747,0.0035884492480672578,0.0509729807304766,0.01465602214029518,0.16308347822041885,0.002062749628560707,0.00270037970443002,0.0017122804973118571,0.0030401498060153697,0.0038349338135426265,0.00362199133684574,0.0026588133176640486,0.020544667011512082,0.010236904148439115,0.02664955272953772,0.2172066089590799,0.0035421245584299236,0.014991768509067494,0.01353699451139243,0.002915931267131924,0.008184998123707227,0.004503974956776718,0.014286537791172291,0.003863254667019821,0.006007789788040879,0.011940016168580422,0.002010682081357201,0.011032724677346973,0.0035319950484489953,0.011403364774598364,0.0015676735200769864,0.007277566349191806,0.004253432873935635,0.0037681047288165973,0.0015471130911614314,0.009926888101903597,0.005705810928326368,0.005505802307438587,9.307708421820528e-4,0.00539334367332806,0.001222302270548718,0.005210352327409256,0.01271350168515436,0.023281482955057217,0.004644059630195085
0.025272784598336113,0.04623349467473582,0.05454943755686707,0.016349088629659846,0.059135999628015495,0.014900917739775942,0.032466354631882424,0.005610155103307862,0.0054575184902589365,0.002483481303040716,0.0036731016519532546,0.003956020855079413,0.0036891568322066554,0.0514261275576667,0.014031990328422101,0.16052234892791015,0.0021009478159685234,0.002530132022254629,0.0016300959847594216,0.003376673715722223,0.0032910609544030064,0.003556085233666968,0.0024261628601341565,0.022115711731173313,0.011527445139339492,0.03218170175545962,0.2087279021726245,0.003386900558118058,0.014402940438309466,0.013585293270500318,0.003013136514432104,0.008631852929241651,0.002834614508265573,0.010395881720390326,0.0033372282322399987,0.0051080420045915,0.014580779790312354,0.0024963247327324514,0.008714719957307,0.00325720447643112,0.013057466984275751,0.0020040692555779605,0.007502495574760017,0.0051719296365924415,0.004023085951526284,0.0015943542062816665,0.009489346965970615,0.005004579469612181,0.005539235699955635,0.0012888852274959928,0.005931396174029207,0.0011226836852637207,0.005614906880375955,0.019137660155961037,0.02247531496496128,0.0040757721398639885
0.027002475136275357,0.045441880165010315,0.05258738369620732,0.016283544266350803,0.04943206533010965,0.015388037856487685,0.03264288217788973,0.005262065835812098,0.006138935257396678,0.0030708878609253796,0.003737738494117893,0.0038070599156126974,0.0038208416175908883,0.04613067519925366,0.015263525217922009,0.1567811427935366,0.0022581330362739325,0.002251762110647646,0.001727277843247564,0.0034128379478583306,0.0034768037390825856,0.0031888314936106316,0.0017282588001457677,0.02246561026566552,0.011587335158749143,0.02895511100567666,0.23197830991138782,0.0034290107343545617,0.016809854921359065,0.01347535914080678,0.0027790649461040943,0.008186484619056465,0.0033684822737031837,0.013635698256965385,0.003954752366349256,0.0054856199623894925,0.014153280093058065,0.002341295048124206,0.008131503167724125,0.003234842399806401,0.010282590499293998,0.0011407878325473523,0.0057640195619298226,0.004595389244602039,0.0038692372726028476,0.001315818462418151,0.00790322689633456,0.004586884423343619,0.005438406350079934,0.0010884214924930015,0.005995005110210635,0.0012407132215593343,0.005861060640262574,0.016695796150669268,0.024560029759897337,0.0048559530191101
0.02631109227156828,0.04417273961382937,0.058374265287434876,0.0169421891442144,0.054887544590176515,0.016041296756482713,0.03267411581509761,0.005169005043948581,0.0056293981785448845,0.0027660309734390456,0.0036373079713345204,0.0035031808670897267,0.004395983823604362,0.049113156022387715,0.014416474183586332,0.15732633780832994,0.0022138809609487304,0.00243296469501756,0.0019899733652711388,0.0031589482964506474,0.0037103401698703343,0.0027387991684890483,0.0026558753023145525,0.019538746461321303,0.011286644276408174,0.03311698325819777,0.22481773204055083,0.0034627210532720723,0.013480412780460164,0.013609615847835942,0.0030866139263182255,0.007625500440399265,0.003800340943606298,0.011590618307065252,0.003990812004656281,0.00529279280104347,0.013931768301342093,0.001898260095454032,0.00814211812340763,0.0033972815972607025,0.011671249048640165,0.00127312986798492,0.007439331497509421,0.004255396218395161,0.0038659189945832776,0.0012547875490093263,0.008729032140488495,0.0048393565387066274,0.005927423860332751,0.0010099442593391101,0.00504197443340965,0.0010688997581290063,0.0052947558013743444,0.015666149206174006,0.021384746816848148,0.004948041441045177
0.026921629311103812,0.047620444801185983,0.053139022607546944,0.017198919453698804,0.05578814201810185,0.015615696833610616,0.03246624138613087,0.005371806288728328,0.006218768234052913,0.002539472375011604,0.003369761400325748,0.003654517627840766,0.004589008000116556,0.05182510468196192,0.010668567524080052,0.16157642262750777,0.0019027054198734366,0.0028334342115309435,0.001792406083389689,0.0034590779585638226,0.003493380919297616,0.003200201643372905,0.002256311464845034,0.02006532329556704,0.011493241626052978,0.028198017620520766,0.21639062398205122,0.003540979418887403,0.015685688181700144,0.013083490587192586,0.0029696585512297554,0.00880223815736656,0.0031082087890204366,0.012352351369336857,0.003821794775450609,0.00567331324496847,0.014146094731243982,0.0018636456930003398,0.010547634739826832,0.003287016769539051,0.012557068080310433,0.00136502702139607,0.006418812773618999,0.004570825053498828,0.004198819098527119,0.0013674831207364738,0.007967321259924514,0.004903736773944967,0.0051902339135542295,0.0013019654712239479,0.006681667609306359,0.00125840005239986,0.006203580678753056,0.014567767741073089,0.024153601064441886,0.004763325882457178
0.024001031951843468,0.04609320782106976,0.05606948895498817,0.014479213271547428,0.05161005899520718,0.01563578064666161,0.03391424725535038,0.005396646075124723,0.005540557870266777,0.0025940588352848697,0.003653486005191181,0.0036689618952797987,0.003597066426720317,0.04955585234871314,0.013794427813519005,0.17752896340327484,0.0018863698331189488,0.0025519548509585683,0.0013780235356712332,0.0034824189997356447,0.0038957927465934467,0.0037018421731902385,0.002049306634258157,0.015933754450272848,0.01150444147207223,0.026580914998766626,0.22405798333431587,0.0035300532753481085,0.01209482281769569,0.01197925640816091,0.0028019867384163817,0.009396112235579526,0.004653563078465735,0.012515024426282793,0.0033865307761854367,0.0043779120438605275,0.01339730211587455,0.002547344481491417,0.009887821270398618,0.003247766234788119,0.010476270542118738,0.0011096031631252386,0.007152330422670643,0.003970993296079349,0.004294593142814402,0.0016560576770215064,0.0091775901685411,0.0048144512144015356,0.005442013199494735,0.0011472525771712423,0.005854415492066602,0.0010849497221755778,0.0051246754202494416,0.014099627028769627,0.021872221275660197,0.004751607156095778
0.025189211592123506,0.04892956776325582,0.052505181584558025,0.01672725120609696,0.056585816658473995,0.015418705711811146,0.03327730941095899,0.005696460803703006,0.005526548123480122,0.0030280877986055906,0.003808632668052852,0.003795536592308495,0.003950497346231202,0.05270169321907656,0.013403477085539116,0.17131142422705026,0.002137696642906211,0.0026136679022078116,0.0017308900102979124,0.003457161198337724,0.003187445040634969,0.0034828974290630472,0.00327973076803428,0.018109409247584272,0.010814291849892523,0.03115860248903719,0.2077107226262234,0.0034077224918038205,0.013331128605210588,0.010698201186094975,0.002988107999585517,0.007893418543315333,0.004023950670597755,0.014021883328906666,0.003896442605288423,0.005360927727879237,0.01276522103097027,0.0016462009271382468,0.008976198407757414,0.0033192369034271813,0.010956602314882179,0.0012906166366461191,0.0064300182127945554,0.004127346373947509,0.004219522962278046,0.0016217275081757152,0.010445157782114177,0.005037316761976168,0.005394942144716256,0.0010458013065336707,0.00594370869651231,0.0011755472525321583,0.006152750971031033,0.015171182132042146,0.024882930384756502,0.004238271135541009
0.025376617855521953,0.04535828712495996,0.053436222597872056,0.016074597490188212,0.06037904789827583,0.016023393116168138,0.03222691936337855,0.005237155294156956,0.005946058869273005,0.002566563294382692,0.0034841170331548032,0.0037160694462238706,0.004290455645449884,0.047765100523001036,0.011849544170308564,0.14772324234193865,0.0021550940525051506,0.0025383468282058207,0.00173573812366851,0.0031998745601416714,0.004071519227672042,0.003126688393270063,0.002425359736633546,0.02101788532823747,0.012400789386616597,0.026548255536104227,0.23784947610638932,0.0035353675054435093,0.015860691704414932,0.01375526253925563,0.002700254543022543,0.007985635783668312,0.0035641540501770885,0.012851110907705734,0.0034558552376382913,0.006067838785342722,0.012523628732664636,0.001864523475323515,0.008844782882556192,0.0028984750828604405,0.012330769118756907,9.933884979461468e-4,0.008093220952675695,0.004491297844298015,0.003985869060711263,0.0019136823044232738,0.0067975410463925546,0.005007069153244882,0.006120307567961082,0.0010526267844984236,0.00594238221676154,0.001117464557179063,0.005737949359126569,0.016514655675662026,0.02061097553694649,0.0048607997496439214
0.02453294641358286,0.04547957898382003,0.058312879472964194,0.015834017489159954,0.05788560671567048,0.015379289784474434,0.030465176675014617,0.005418767213296145,0.005803496098862898,0.002322449060922028,0.00352081843493047,0.004130111558617947,0.00337619591349378,0.046728919218265955,0.014412253664677441,0.16380942615211735,0.001770878386880247,0.002370271179078315,0.00180551545820993,0.0037926339908784493,0.0037601386408404286,0.0033843974103213857,0.002167677914031264,0.02163964932708553,0.011467643146985519,0.029719316673123632,0.21938719442185703,0.003338552834291557,0.015744449595459082,0.013889017019126294,0.002921086734818868,0.007702602918608315,0.0038337959221820383,0.01263397595759165,0.003389048922083401,0.005161230091018165,0.013390038040853678,0.0021521661723145737,0.008772770227669676,0.003099530642840993,0.012016998475227391,0.0019219541727062352,0.006571875940305448,0.0044928238148008864,0.003581249516744864,0.001777829820926736,0.008104871729112253,0.005080557631587437,0.004855950011396544,0.0011277531299064979,0.005172485345230376,0.0010603333065046913,0.005811060710511386,0.016962239288698923,0.022044029354106577,0.004712473274213163
0.02536584048439899,0.045940256259098845,0.052358617746599494,0.016387896722478302,0.056060142508959604,0.014901996553190352,0.030858945731785586,0.005643606919173945,0.005986851079120388,0.0027336267215265107,0.0035167586532363075,0.0036536479231160618,0.004032204850096132,0.05165400465993822,0.012820394139286227,0.16641011762272004,0.001761321963172548,0.002709946338972623,0.0020421126006601497,0.0034748695297813444,0.004168904658044597,0.0034108131243914433,0.001845426266484105,0.018674798091455717,0.012453854645079563,0.03227681843104928,0.2131869809061163,0.0033183482032796865,0.014177889171569768,0.010994756519110374,0.0035219529475123967,0.008354128257585181,0.003614365371238913,0.016908526245302008,0.0035895651610897005,0.006477796898194921,0.015307214892957948,0.0017487943734424373,0.009582730097159537,0.003146547105798425,0.01166074996925889,0.0010625777706754422,0.006056003162849874,0.004506357490029043,0.0038213708820020384,0.0014811028694207593,0.00985041148808821,0.0051368708552583546,0.0062807571021921875,0.0010737451612407248,0.005460066428322921,0.0013214322646310731,0.005681301471444776,0.014328743869891261,0.022555680169088165,0.004649458671432365
0.02415134422938375,0.04515066346399537,0.05818225632874083,0.015808417295911977,0.056341478596290066,0.016079263930228474,0.03238046118537647,0.005330372947111007,0.005772918341632433,0.002813930670913228,0.003977744265473961,0.00393190071386745,0.0037184961575329914,0.05290489915441936,0.012852425179154069,0.14979434840700168,0.0021187042401852037,0.0030244988347268784,0.0017219084067684844,0.0037512892024024204,0.003285548179078464,0.0031200707953724384,0.002524519901785322,0.0195469764713466,0.011457312265217684,0.028427569298046847,0.22319306868012184,0.0035135573380791025,0.01307783180453212,0.015073458046951324,0.002614320921118749,0.008334913024762781,0.00330796039330001,0.014512206811140306,0.0033701407914552774,0.006063806285839539,0.013957488414381729,0.0016354194956440368,0.008454058488133954,0.0036613009880044588,0.013449201684729947,0.0012763558878637427,0.007545159880602873,0.004371632646713418,0.0034633775997305683,0.001316706389833984,0.008501763060603313,0.005526005842922864,0.006016087551317514,8.952213597580107e-4,0.006121254030597663,0.001135900042012182,0.005415738078052338,0.01935093618339005,0.022759206356312654,0.003916603460130187
0.026738633327301663,0.04480337495736763,0.05547789345444524,0.017252983136625284,0.05756339738873792,0.01580326296187704,0.03158348764251153,0.005649902177829554,0.006013244539316034,0.002711075010982977,0.003401542914956063,0.0038811690794945067,0.004017384889427011,0.050279619971692495,0.013257317115736036,0.1454494104924276,0.0020198806691105343,0.002466520395628373,0.0014216569058452706,0.0035665206585101476,0.003463990737227144,0.003237311272725,0.002868178136365069,0.02066958656213976,0.012464304880518936,0.031550786312008125,0.22442353420308742,0.0033140236798259544,0.015169517110886793,0.01306457398926461,0.0032559189697047115,0.008272291972819817,0.004234264436084701,0.0129229336807364,0.003838047315310314,0.005457412972289836,0.013653491614243,0.0026019046716054123,0.009820778349783853,0.0034326406544916265,0.01347118426639018,0.0017684545390413292,0.0071411920748313895,0.0046748681205485325,0.004185361602371274,0.0019674778715575735,0.009391766100766953,0.005192206171055816,0.005286451125470055,0.0015511314994776663,0.005867303980327999,0.0012368453042675722,0.005393940559093758,0.016375777462318535,0.020909055677181508,0.004513214434358479
0.027270783041246277,0.04800196850366782,0.04599863569864057,0.016611452138175897,0.0529270804673781,0.014479763829238058,0.032231874417275166,0.0059689694627798225,0.005854685748283732,0.0027573367209312058,0.004069058702111023,0.0036012106108332725,0.004139766814198395,0.05548184829936463,0.01455806653133026,0.17333901053145065,0.0021517308269877597,0.001977687771254778,0.0018228975957933662,0.003149743450381082,0.003754211378520694,0.0033103961882444276,0.0024595437578367207,0.01724025351144026,0.012695966679533778,0.029272429679870867,0.20504946114842318,0.0034840707869062044,0.012779538059510443,0.013834808066127136,0.0030712622957629982,0.00846119436925676,0.0036087748071170537,0.013950697827870628,0.003505415593865459,0.006356349731896093,0.01316541337373801,0.0028625750282856794,0.009143382483579526,0.0029787120715585925,0.011800057395746749,0.0019208387643683072,0.006699312100209062,0.004602427643247053,0.004643352644479286,0.0015761163300110463,0.009138879968373915,0.005642385854413248,0.006307765107992348,0.001198175119602968,0.005891048082121523,0.0013342329125005162,0.005016056466555511,0.01940312213802456,0.022952894029815152,0.004495307441872438
0.02600457560619561,0.044475420082749094,0.054321676920655745,0.014631194795988673,0.0546274540853395,0.015077427548107696,0.034553630603832014,0.005592082550859217,0.0055691313906006765,0.002766313966335406,0.0033355892721071705,0.00387839546083104,0.004035176879254117,0.04534991754097629,0.012201319024932997,0.16924912358942415,0.001988060416880932,0.002572993976571668,0.001746248289042795,0.003322016655412905,0.0038588454170563544,0.003407334553717259,0.002512753077199777,0.0206644173381337,0.01225002479573764,0.031580767852206454,0.2139563928384,0.0037957389010707964,0.014669931492182332,0.01270499990269668,0.0026893203306886616,0.00978672247294989,0.0033589090931495824,0.012211126277861742,0.003883099251466308,0.005893213187953902,0.01306591665013755,0.0017682598335934437,0.010276946170093426,0.0037150491480643735,0.011142059045189667,0.0012594412705696223,0.007017294135105096,0.004551232800783941,0.004354266508832022,0.0012475778105927604,0.0084104336636374,0.0057643857869804005,0.005735356569389155,9.907973443573708e-4,0.00544798452893604,0.0011247051500878752,0.006300084118857675,0.0162045226329075,0.024621986860792235,0.004480354532523699
0.02485359619307998,0.04614052420529113,0.05537268226450218,0.016354321777619776,0.05752879504014341,0.015580748130017474,0.031864623354437654,0.005858374538182551,0.005929782445791415,0.003128457747896479,0.003690776945457444,0.003519045823515695,0.00408825684879397,0.05386600729270738,0.012855212046497129,0.16230709157580642,0.002191921465022022,0.0029378865798436113,0.0017906464373307722,0.0032237296612408705,0.0035312155333675887,0.0032711718118984476,0.0022585329363184626,0.016822302015613966,0.011040768014635247,0.030584469413644875,0.21062261790674672,0.0035424374925754395,0.016342980796179095,0.01335660417866305,0.0030698478162425923,0.007957589614787661,0.004084191146145833,0.016049277087755866,0.0032856454841588894,0.005614893459835173,0.01420169629984797,0.0022031006669315043,0.00864264942587806,0.0034923403663373685,0.012881109877183036,0.0017654496023702287,0.006830483794133052,0.004189201235123681,0.0041943470214145535,0.00213327889813547,0.010396649848024974,0.0051176794818146975,0.005527898168335122,0.001114548576177947,0.005748464947544341,0.0010043778468286383,0.005139233105502113,0.015456452394461372,0.021434172367018455,0.004009840995191123
0.026005835483710146,0.045447376524548326,0.0543999544091336,0.016721373165610277,0.05662382249497577,0.01541823925562617,0.032218224965511744,0.005750860274554372,0.005845779912368727,0.0025840282638588917,0.0034239585450703144,0.0034995515911197925,0.004223537559603832,0.04905538769720622,0.014061867972632543,0.14218060069257685,0.0018767834433278527,0.0028583888029628897,0.0018709591102960023,0.0033901543466644257,0.0037343432818195757,0.003416877101428776,0.002578452579631138,0.025861673570804773,0.01189102278717622,0.030897324886790156,0.23074776117194293,0.003531373969005143,0.014613746545266218,0.013495213776844109,0.00387570440691327,0.008534417136510984,0.003970296848937795,0.013391066080383932,0.003718015147184206,0.0060634085482763585,0.013183404650426733,0.0024645869448767584,0.010593109143678756,0.0030201843692967,0.010915545597483044,0.0014912324195973906,0.006778814487993704,0.0050592072155472645,0.004016615721338087,0.0012877336016516609,0.009507894598522639,0.004471322359512205,0.005602158833447868,8.124865625008413e-4,0.005278308579430097,0.0010021268544735144,0.006099554632941437,0.01536309474124674,0.020798644574609237,0.004476591761151015
0.026229648227678433,0.049004645222343116,0.04858109731918796,0.01772737610145061,0.059223918252320505,0.015819944807153697,0.0322099491671278,0.005925965138028005,0.006468194453263675,0.0030753341017666085,0.0033289666841756025,0.003896884910193369,0.0038320321482121058,0.05016989814173196,0.013323851204353653,0.17329206583309054,0.0018459588539147462,0.0027251271308351035,0.0019805678629731425,0.003673583201638796,0.003198134511431282,0.003967067199551478,0.002332918447194637,0.017977938152334696,0.012672138222494578,0.023363752500546644,0.2116110541488441,0.00324526112182228,0.014392286401607463,0.015985686267280155,0.002705561044622018,0.008021969955227519,0.003050937262247156,0.01374456813899329,0.003684319296777474,0.004668070948001379,0.013997110082137713,0.0014281898548583996,0.007818537739490213,0.00387198325912228,0.011833614716981211,0.0014530261315064711,0.007364518163011963,0.0046540718291504255,0.003856722428763497,0.0014836151957540082,0.008023059557445015,0.004558258015618567,0.005915700728177291,0.0010286927811081331,0.005597853023417006,0.0011609939606817023,0.005693559041493669,0.015008029178787637,0.02358854666110335,0.004707245270975818
0.026973399937318,0.04721743150459959,0.05323101972012321,0.015623303992512836,0.05758612800854468,0.015683247508213382,0.033249424532343155,0.005809971603672589,0.005642506518513404,0.0033070472563742088,0.0036987981591100018,0.003686886721703977,0.0037875947563275605,0.05326847443352,0.013523810343169622,0.15814187728070897,0.0019142398004546929,0.0021004989696692786,0.001703504773905717,0.003135088176123934,0.004147565771881195,0.003276960866858531,0.0024929784844654676,0.01993902893515498,0.011848743512671674,0.0278829389007747,0.21545760015578133,0.0036487865741559908,0.01414357828030819,0.012583671120034143,0.0029188635636905468,0.008111776211000083,0.0030499457093143044,0.013509045757261416,0.003678974468011128,0.006095004626236324,0.013712007771519838,0.0018818074522396879,0.008388983408497443,0.003182737283902521,0.01151797402273238,0.0013318410110520066,0.0067184127019356875,0.004725295965087882,0.004162977136499571,0.0017169433472670552,0.009128316136811162,0.004673911313650835,0.006468007946734353,0.0010161939385661919,0.005452706391201463,0.001044993902501295,0.005477334240774082,0.016607181795286696,0.026462398496354664,0.004260258802876339
0.025563028037407592,0.04609874225838911,0.054023791006771044,0.01584774237593368,0.051119039928131445,0.014624654702844285,0.03376550238384581,0.005598292195994154,0.006096473024992383,0.002639297285878635,0.0032936511262665956,0.0040681971636597584,0.0037604286196097365,0.051635785891063685,0.01281265551447727,0.1579067876203647,0.002009040466190194,0.002598529607757773,0.001707423224215288,0.0031352965550570373,0.0036547134768626353,0.003062486485080709,0.0033238799188414036,0.019657816861617328,0.011082974844514874,0.031253925566902464,0.22705981818225443,0.003208460397102078,0.014065501164714243,0.013683540697852003,0.0032415922084768,0.009318964069646295,0.004041089911471407,0.01343332522288159,0.003185932050007563,0.005579140806411026,0.012528360375752874,0.0018687429944506684,0.009002999928148684,0.003387969578787302,0.012022789676048036,0.0011172883800758667,0.007039776161518856,0.004441974091758041,0.0043375604113388274,0.001072911632468412,0.008971741226124645,0.005565159134422315,0.006228603507432614,7.179061844097801e-4,0.005750698220629022,0.0012180765885229454,0.005335191958510301,0.015678895417770337,0.0222213167052588,0.004334516973084637
0.023890299647563572,0.04594787949011307,0.051642629893671924,0.015880555968928442,0.05866574768091761,0.015895120094476807,0.03359382360888819,0.005152091549104253,0.0060887567176313735,0.0027395473936729893,0.003359070861733695,0.0038309767341165235,0.00386871891808419,0.053310095874708176,0.011393734278891997,0.15090620909897529,0.001747453048999343,0.0027503372232443924,0.0016525790187561353,0.0035253405786728324,0.004023127192306736,0.0033860589530211815,0.0022517190743001313,0.02047812796947395,0.012147364984062325,0.031881279149411426,0.2211677052311137,0.0030018799564769795,0.015370815341185756,0.012965451374462323,0.0028777112000325736,0.008438554610042085,0.0036403839124573905,0.013295246467808055,0.0034815618051599402,0.006186138817114158,0.014167530382373462,0.0022559264770486307,0.009103440878062686,0.003363508039829813,0.011946280044738846,0.0017507877737536906,0.006576827050661474,0.004174188935342473,0.0036060675524718427,0.0022410972031061357,0.009230517127862417,0.0049487735912082005,0.005527427516902675,0.0012056098543042682,0.005893996125123707,0.001231446025628478,0.005680657006735557,0.017469616707436596,0.024713294010056577,0.004478913977772897
0.025306067164255024,0.04547081941892697,0.05204769927418755,0.015858277558684835,0.05597007863399443,0.015489479702241647,0.03314493400974373,0.0054559884093111095,0.006304534980471325,0.002812928489286547,0.003915796480344183,0.0036270461539268948,0.0039900054709137885,0.055668306512463295,0.013880666506207794,0.15754549686361616,0.0019237603604459622,0.002720266267849578,0.0015780512956225106,0.0035914765482798596,0.0037367205371453068,0.0036257556703405726,0.0026880953480038937,0.015740164939591832,0.011450314707048482,0.02672486994219003,0.23380757480585618,0.003484520326753388,0.014316864272049947,0.01264097773720694,0.0031032709968564715,0.007775340584009646,0.003752092295917913,0.014907160571673333,0.004042895333947481,0.0052643576963039476,0.013426788916966814,0.0017085712661170638,0.00866229543245692,0.0033037526999908267,0.011112673654892807,0.0012046140954814248,0.006205479762260304,0.0039407276435001635,0.003659964364744541,0.0013027470161789106,0.007365990371951362,0.00484752974987071,0.006198152866750796,0.0010285742743811916,0.005239185539184933,0.0010927591074696833,0.005621898559214016,0.014473776440275284,0.022010256021934866,0.004231606350708836
0.024225823577884015,0.04448364941588714,0.055063207321341755,0.017404632252301936,0.053281057271703104,0.014820513050098112,0.03230392061954473,0.005698012732084958,0.006119560010542754,0.002565878922203051,0.0036824560812942376,0.004215770888725168,0.00372366070418153,0.049004942215122894,0.012665882924860893,0.15907099585101628,0.00205884441864218,0.00267162693870115,0.0019472095406898296,0.003360274957477894,0.003356133112450427,0.003406920949279673,0.0034730292231433917,0.016369919371471617,0.011073749763821675,0.03685043589451769,0.2252615688258624,0.003486840393470992,0.012854088659415912,0.016052012097850007,0.00255575650615236,0.007782443854109396,0.003887704039516069,0.0126678171067874,0.003355156555965829,0.00621660825906123,0.0139357530080239,0.002027016526989598,0.009990448439807368,0.0030931164750997993,0.012287123371594655,0.0014101939565577478,0.006083743180847377,0.0046516169656157956,0.0038719190218769227,0.0011386817875652644,0.00831522342365633,0.005170448794843698,0.005057052741275345,0.0011644902626648803,0.005062862596883995,9.95180051420482e-4,0.005674151438828246,0.01862788049267757,0.019682017385598733,0.004742975770992672
0.02442523842677383,0.04694762697738288,0.05901769588980289,0.016169829336996806,0.057637101828112464,0.015334343122083921,0.03141257115952594,0.00593193826035944,0.0055866847258776026,0.003041367018754375,0.003448508431320875,0.004038555923753305,0.003924216661807885,0.04868781370710536,0.012646804123589246,0.1555957941534089,0.0018391791509685881,0.0024012949700123955,0.0017405180504023031,0.0034666547944383437,0.0034683172737528405,0.002968852096854335,0.002345662934719929,0.018974769400822915,0.01238338466104027,0.02840502670915747,0.22675859662532258,0.003399698359285748,0.0130681417116937,0.014156367251595222,0.002679693541682061,0.00795694487012686,0.004056640350904782,0.015015335622471593,0.004229551638521804,0.005183497701916182,0.014324256293505018,0.002268242059671868,0.011079305451080795,0.003202700954470104,0.011702176505920642,0.0016494288212580107,0.007275268900210531,0.00466007731103501,0.003935493655994519,0.0017205181664982597,0.0082602369840511225,0.004883135860033115,0.005493345004755968,0.0011644378995918723,0.005697050670056061,9.64617908411733e-4,0.005335250797518311,0.014697493405100707,0.01891102804888913,0.004431717839601608
0.026460593106231476,0.04640711063100408,0.052927061751085386,0.01607753938734399,0.0564789897542341,0.016751904170863096,0.032550017336432494,0.005804475163344547,0.0057181444471983795,0.0027714456569533797,0.00394189691682275,0.003177316437788717,0.0041531684848385856,0.04427139682468215,0.016328957367718895,0.15717408770111127,0.0020627869704495853,0.002648925902062994,0.0018764001537561893,0.003452735891835413,0.00320895346335586,0.003565256596267767,0.0028241912477915557,0.018590393126232545,0.012142539685510954,0.03207656122148899,0.22732870353634865,0.0038373098125943314,0.013790130291873724,0.012007433806464967,0.002815003019918665,0.007885315723623798,0.003649768506304882,0.015809822903838783,0.0037596144527174574,0.005079706232942843,0.01356093099613825,0.0024066324185760737,0.0094835750497411,0.003290022862989901,0.010804844016141013,0.0014091165710998642,0.00633788722085559,0.004788634597801367,0.0037205938290931365,0.001266564531150017,0.009576120630011481,0.005238022395538172,0.005137853202593269,8.453021476894239e-4,0.005034060401259793,0.001035754403949289,0.005917894510740923,0.015525843772993337,0.02085950212729247,0.004355186631312344
0.02643234701898583,0.04697534035926263,0.0488024626430209,0.017014265853850446,0.0596279108514037,0.016317965982803946,0.03464336831475133,0.005671949382177914,0.0055556949639828015,0.002885632289187007,0.003670742988402366,0.004048054695330583,0.004117385871423657,0.0491045328833352,0.01417404194019766,0.16409844151802105,0.002055370034318415,0.002821453355684506,0.0015670091311776023,0.0036844238493599943,0.003715437524700116,0.003692293060616906,0.002698453780680819,0.019382779027418508,0.010948039416657158,0.02787234797814558,0.20854534974260724,0.003561572398187881,0.014100728930253627,0.0144790292467188,0.002710057648938922,0.009117392731370876,0.0042137608130407055,0.013932963329796497,0.003526432883944372,0.0064190125435704334,0.01573948768761975,0.001348840591024846,0.008849271368575828,0.0030965554498553188,0.011763287409634398,0.0011563562362083115,0.007200251432018581,0.0042519012112735765,0.0041621590842642305,0.001678219107896624,0.009372489049411455,0.004572833972231885,0.0059382849155852424,0.0010833761537827568,0.005766234898448021,0.0012270744744453926,0.006044708704070794,0.017663686850560453,0.021829911013857083,0.005071025405909521
0.027147506749884802,0.04567266952807038,0.05278697542925489,0.015909329621959217,0.05773150632250096,0.015231453766660246,0.03283177624481368,0.005376107485855918,0.005606297577314372,0.002835697459946009,0.0034246102095374536,0.0039370919496612275,0.004265001155658948,0.052800559727216756,0.013497647246962211,0.14932926903635863,0.0019926553697101907,0.0026562750975758853,0.0017102705126479396,0.003199636845668692,0.003809044291376269,0.0035228919842664615,0.0029226870574127228,0.019033803701886367,0.012310654640944276,0.03197940337797936,0.22116839852610415,0.0034906525519560754,0.013588657180913946,0.014347995720292288,0.002920401191462745,0.007509854939630615,0.0038192872973691664,0.01559956044916811,0.0034207951986900305,0.005323957385486293,0.017190841756076578,0.002341679184094769,0.010405158161773108,0.0029478194043263024,0.011003204379995715,0.0015832372863638772,0.00564435859138826,0.004014669792619612,0.004080507470529262,0.0016623496638624006,0.008293730955237525,0.005203512776217703,0.005611291450475293,7.909927796020793e-4,0.005481936040754151,0.0010969700691156445,0.0053527529698374765,0.018430812613585375,0.021264604735850033,0.004889187086097502
0.026285612094041632,0.04714989479022019,0.04600977320670329,0.015602837281729561,0.05265778264653124,0.01557726435320951,0.033699519450427276,0.005498962540847426,0.005666632257820511,0.0027712640226169472,0.004169259465386484,0.004102640615760733,0.003948174500947429,0.05254576950006714,0.012259853655322665,0.16549024539356663,0.0022491510973152305,0.002696631700416341,0.0017949196976018125,0.0032497123531902245,0.0032702585190275595,0.0036171486087957514,0.0027401815865291694,0.019764852298740428,0.012969885489706933,0.02880681105670515,0.22143801313769923,0.003110197449596214,0.01429413657295362,0.013744979163954564,0.003282823991650997,0.008159793875452867,0.004405367069736731,0.01393312469210024,0.0031737757945009826,0.005105661844583848,0.012170668322981006,0.001969130809952606,0.007877293654983325,0.0029762513587412937,0.013728945544279263,0.0016958691107132801,0.007213251794403494,0.004994986622282954,0.00366921879760124,0.001695520248016959,0.007771796565195645,0.0051828222188455364,0.005337294266638404,0.0010587736270106748,0.005625847496681832,0.0012465498933873452,0.005751714358133895,0.015605680599470555,0.024789699368152555,0.004395773567071554
0.025723659047544516,0.04707970958180284,0.05800104577699891,0.015574242075481231,0.05368917446969022,0.01611340969843876,0.03504320767988217,0.00598075058428202,0.0058906781464713835,0.0026957289453030473,0.0034000474632092897,0.004178198172099681,0.003763007762094342,0.04899078221920398,0.01312341658090707,0.16027666543601288,0.002183054267501744,0.0027059244562908746,0.0017700217298319517,0.0037143067064463234,0.003827545631073067,0.003406100617527541,0.0024632924292515112,0.016510188169385157,0.011252375703115916,0.03311134035879939,0.2063908523985307,0.003622672767326659,0.01610077881462832,0.016784321170277422,0.003135933375057363,0.008796710803652375,0.003515865670562164,0.012292262353148342,0.0035060129484977024,0.006004326826018201,0.014779496913110698,0.0020443083681953448,0.00966259498221062,0.0033542913000184312,0.013309837029669385,0.0015419654490114116,0.007337975007852417,0.004365705179803843,0.003513488636192321,0.001458986098324194,0.008492526797845014,0.005499289073844048,0.004878009340531921,0.0010119255772296327,0.005657574719341582,0.0010255958041529203,0.006033888256194732,0.015229056605434025,0.0257660262619579,0.004419847762734498
0.02670649503650166,0.049365756026060824,0.0565165606171967,0.016457028678429977,0.059296495319223916,0.014195639396931288,0.031497039685943404,0.0061932371456180895,0.005793468808010237,0.0027260653784292035,0.003632012155894103,0.003544751599153738,0.004095733256680954,0.04557697047967865,0.013077602884254773,0.1645285214333083,0.0020840552513001634,0.0029251981077140572,0.0016664639307522394,0.003411776633728326,0.004265372512689859,0.003406229043145413,0.0023300341879362897,0.01851471220931977,0.011368096498330094,0.030938192318849214,0.21306019928492032,0.0033181400949494804,0.014557147367331125,0.014157371186104876,0.0032038737806744477,0.007479009066062943,0.003550508015867604,0.01122166768618981,0.0035282149609409557,0.0062872711465235915,0.013425682245522536,0.0019806289544249066,0.010515058081859027,0.003555382355864059,0.010665241751598937,0.00130301364897619,0.005924655884855637,0.004378252791769954,0.004116409379399712,0.0014625481072083493,0.011627000628112026,0.005155246636100872,0.005847586227765382,9.53299259756578e-4,0.0058748262528912605,0.0010813392390540293,0.005851015157805371,0.01328677686462622,0.024514896202475694,0.0040042291452868795
0.026785035019992506,0.04610645465908771,0.05146429084400955,0.016090398145605228,0.056761252079983594,0.015664611483846944,0.03353783514716927,0.005541316028840187,0.005800996481431265,0.0025506486190535987,0.0036866956525804144,0.003762848926153589,0.004008503622422692,0.05273440515369673,0.012382833381310581,0.154161216334214,0.0019686026551547623,0.0023474832779349425,0.0018210630815438903,0.0033232387285700316,0.0037368301666922945,0.0035177518570380186,0.0025649043757567792,0.02105610714845263,0.010584156304774118,0.030443004457485198,0.22830459246687995,0.003289504119995572,0.014117985701401013,0.014124454104005623,0.002870144331851353,0.009862720808879693,0.0034743166316416776,0.011770107969219117,0.003181265400784225,0.005257756357484941,0.01336534164981883,0.0027672249926898687,0.007994065750315513,0.003688849275115752,0.010491519801719917,0.001604512661964532,0.006580912347925758,0.0044139441456979315,0.003929657469845591,0.001293092094194744,0.010071508612768974,0.004878000424761227,0.005607155776388277,7.54023034077896e-4,0.004961233022265075,9.451160483336931e-4,0.0053831449328917294,0.016746095297253485,0.021143002125617146,0.004726269011410381
0.024885294270259265,0.04313585015385355,0.05462138061855718,0.016752744872574846,0.05610945988744643,0.015847996336002444,0.034267944683925064,0.0057581270332426404,0.0057183656106598235,0.0028040494369931295,0.003627899997052232,0.003697327510973334,0.004142707048166702,0.051209122281716264,0.013826849283321735,0.1672694311974716,0.002524302094333347,0.002432883611193114,0.0016548742188869435,0.0034137848461184505,0.003999145155436571,0.0035064505295239077,0.003457312660872542,0.020801382503649758,0.010569866199999204,0.02847571727916371,0.21184408506538616,0.002986157813298708,0.013084066743622788,0.016134795123908526,0.003040911006348532,0.007912940560945544,0.0036687694691001555,0.013133255052486062,0.0039036485994434597,0.005691011596231378,0.013136674556660448,0.0022856489267079104,0.009842917178760846,0.00356056913688947,0.011986693441254926,0.0012196676682714304,0.0070528046119490186,0.004587827075063593,0.004156336017367817,0.0013644372078291582,0.008857291636512471,0.0050312743353405805,0.005817135627954509,0.0011876573789294628,0.005720496196590348,0.0011811835390577936,0.005440849191634339,0.014595068550743487,0.022743589220945236,0.00432196814937206
0.02616010567722551,0.04786781900683312,0.0490497735115093,0.016513297765654515,0.057261873505654794,0.014762128907408857,0.03341991712150888,0.005993847162984095,0.0060024570973106275,0.002485525867073307,0.003662233531067751,0.003584446172747139,0.0039052886046929977,0.0512221881768589,0.013293767454912203,0.15673561692131244,0.001908922487519891,0.002610926309539377,0.0017488651133049501,0.0034548588137864006,0.0033938947879070193,0.0033037339975688354,0.002347307178282101,0.019547559209918762,0.011438002531108786,0.03206489151551929,0.2263777847655944,0.003470134288075187,0.014005220823807013,0.01394272004766985,0.002607371528904725,0.007522462421097592,0.0035928989285932246,0.011236607470561264,0.003186121856438399,0.00606316118453641,0.012612925367598801,0.0020537316601664263,0.009039451156707009,0.003137547944590616,0.013171845670396075,0.0015537927879794007,0.006839138454637022,0.004258285759632745,0.004407615758416807,0.0010574495963137504,0.009172825278978244,0.005291581137702901,0.005696932205927278,0.0011151037615829862,0.005547597655668601,0.0011117603191262745,0.005359885102576976,0.0169632197727017,0.021843408210712748,0.00402217065409574
0.025033149279465143,0.04492569824146257,0.053134420254878946,0.015458497071221622,0.05287629368713982,0.014969925105240632,0.034127878382290415,0.005931301095901967,0.00642950818646024,0.002665567497544603,0.004065248329794681,0.004421543792605028,0.003644659240868644,0.04835271935133911,0.012754896566187095,0.17628321619235943,0.0019622068322485715,0.0028030167320328763,0.001619308156927994,0.003567358498434343,0.003358154476144595,0.0032284859069954116,0.0024405857027754657,0.01897345434198571,0.012261015588500861,0.026188665605942636,0.21408372062009143,0.0035013861942992308,0.01462950748619893,0.011770082871608877,0.0031668967981246733,0.008679943350739742,0.0037275843068442075,0.01661340546823447,0.0036204886328471955,0.006350609267327621,0.013857397429931882,0.0019170337292274654,0.00935409502091977,0.003479047005595093,0.01086378238644205,0.001374530392182809,0.006371626429761023,0.00442625672461669,0.004358071417974966,0.002005605903949811,0.009507034140177513,0.004591113654680575,0.004854349349937619,0.001152115910713759,0.0053038022710078046,0.0012072628769358394,0.0061926433975327475,0.014634622087873429,0.02254130987709142,0.004387900880382975
0.025050261219109124,0.04272121898211147,0.05273354160860494,0.015566848914774965,0.05235352032616481,0.015429773874521227,0.03516088171129364,0.0055585313668544715,0.0056907022937701226,0.002591581078154799,0.0033678510663981798,0.003615443119803036,0.004159144979111359,0.051107802013453066,0.01139604783047766,0.1669389160219483,0.002188408341057686,0.0028756806764517725,0.0018950070133780662,0.003372241694917578,0.0037152817085276267,0.0032971137583741343,0.0025489257661507666,0.019212060406051956,0.011874638503190421,0.026105047075813896,0.2276200268324079,0.003398418703811366,0.014440618155440843,0.012965501779226188,0.0026571458327391286,0.007137309271566241,0.003531869352677024,0.01335945139530999,0.003387609241152242,0.005236105592218821,0.014520033496729793,0.0020652587462800633,0.009080687283648026,0.0034898631367550285,0.01201120262010637,0.0012495592623916897,0.006199429627490596,0.0044613411694301944,0.0040113722563910135,0.0017295867821335823,0.007842296471475422,0.004836533261058866,0.006462939567386146,0.001180371062956866,0.0049575157334916355,0.0012414438926921614,0.005847878040259515,0.015977224923663536,0.023949401727973284,0.004625533430671441
0.026345046258127006,0.044606640895434355,0.057225476015653226,0.017027580384122432,0.05062812703338375,0.015573292126474462,0.034441074116161347,0.006259838141999552,0.006230444100172608,0.0027489036125067563,0.0033638494694760456,0.004356606906446776,0.00411389260768509,0.05201760327789114,0.011640400222814151,0.16969666332629124,0.002236286147953492,0.002806023186910518,0.0014741596690338728,0.003394640918946186,0.0037940336856446453,0.0032133574762721385,0.0019028642116073534,0.015801065435323232,0.012561713471745036,0.03066492483855631,0.20814696708157907,0.004159421171500252,0.01268787930798569,0.014022658860583988,0.002983623792669537,0.008039145508159548,0.004065789021432527,0.015461412253427908,0.003754258588294954,0.00438951644348439,0.013840039125203103,0.001917283670934102,0.010097336684202133,0.0034023493129521814,0.01104910318488587,0.0013331469688087586,0.006717690625298123,0.005076052186220693,0.004133714607992607,0.0015743885381168288,0.01136975168738336,0.005511383769935894,0.005371880813891366,0.0012673292950159919,0.006425948309908171,9.498712921080129e-4,0.006340256878523484,0.01488431786205065,0.022071265792909706,0.004831709827908402
0.027116014864820053,0.047259184082675924,0.05493153317351468,0.016355440676623464,0.052626224036527704,0.015561792896615734,0.03401940010737199,0.005708077226176823,0.005784848117421764,0.002834441794613837,0.0038002410365098023,0.004274342875031722,0.0038578414147281805,0.05435405639869502,0.0108357556958829,0.14957986703786375,0.002328863497487724,0.0026906275349954886,0.001482747273945571,0.0033369143447584218,0.00392122898124755,0.0035664763324294263,0.002523302302350414,0.020125399630697115,0.012139147500485496,0.029359696887920072,0.21817209755091915,0.0033842159877942165,0.013311346264652543,0.015829938217933475,0.002859307847824202,0.00836818683000171,0.003456953567618075,0.014934419005702979,0.0036630711961559074,0.006191160992625656,0.014909865443154261,0.0021201014674635233,0.009874235457773758,0.003369531467124503,0.011609512065371363,0.0014630934452360684,0.006851766526325352,0.004326620357411488,0.004211105567736412,0.001324125332538463,0.009651333969173802,0.005300964763548189,0.0056711786391186875,9.578377318710609e-4,0.005258415944188635,0.0010168809552862858,0.005571941132089508,0.018121917277395493,0.02367946012242795,0.00416594915214662
0.02536799155419338,0.04364491187896961,0.05486488269791116,0.016347841648800144,0.05652192410411602,0.015261230564426381,0.03304220382502504,0.005171027498159468,0.006284480172611605,0.0028444940861729103,0.0033936772718881213,0.004070137676743793,0.004200728353338967,0.04719370228868714,0.014267986156933919,0.15834519098999986,0.0019965107317980236,0.0025781355837795825,0.0017113863814011928,0.003420118271650247,0.0034724910157643714,0.003090129111070352,0.0025072153508881793,0.013477291417429331,0.012192714221714559,0.03574446769466066,0.23561618811389126,0.0034460268929092028,0.012040632953185705,0.012929962825050653,0.0032009799117599493,0.008066956796058636,0.0029731829128670983,0.01155278160764483,0.0035923235360944637,0.005778790349805511,0.013982666718094368,0.0017969724523446615,0.009761175882231504,0.0035562915194249684,0.011471629183983284,0.0015147008317095898,0.006404227051951357,0.004081316722040723,0.0038565607553167924,0.0012658804693109933,0.007304787398000892,0.004866288324857268,0.0052904030243576955,9.705537557577325e-4,0.0050274425747532415,0.0011420075598549042,0.006207614884995703,0.01653460251186007,0.019803449425218014,0.0049507325065349115
0.025371696568571817,0.046175282826520586,0.053480607926173665,0.01653987904456884,0.05845011586230036,0.016216477563593436,0.033379518605329776,0.005508793015191627,0.006476912685677537,0.0029728338809182917,0.003744517273335924,0.003350655697255501,0.003841438565505133,0.04905903223875626,0.014109018257154087,0.1458374441489646,0.0017477844411218743,0.0030542721977361766,0.0016488586254208544,0.0034992784543191073,0.003294489484586026,0.0036104291860923074,0.0021498246799243285,0.018053067589128488,0.011940343202888549,0.030568436858599092,0.23465264866424665,0.0036917073098879215,0.012099276469011228,0.013185240933211577,0.0028481626706282582,0.00903522734136783,0.003752643162017341,0.01273287203073225,0.0037554804096254914,0.00591278579472458,0.012712536944426362,0.0022295381043218785,0.010360494734799898,0.0034052547333771107,0.012285367950449592,0.0014985799143967045,0.007149768700815088,0.004860577340819504,0.003707338681495695,0.0011975518208280631,0.008784957107887589,0.005617105898912186,0.005524015011006255,0.0011343105447357553,0.005452349351743838,0.0011370164011548318,0.0056544677531838615,0.014176780087810516,0.0232318892335644,0.004133046019183537
0.02470706177334184,0.046068310521513264,0.05462105028752596,0.01656470843233144,0.05189368901270936,0.01628311857497409,0.03462526624974378,0.00598538396092152,0.005634678948663068,0.0026991433664736225,0.003935385361520087,0.003925346178260603,0.0038068614333224998,0.053210491730716326,0.011649033967299426,0.14541577087009774,0.00213323887188249,0.0027319572589002026,0.0014644269641005865,0.003887534061675939,0.0038936319043965956,0.003529931326359918,0.0027191576438048235,0.018206013896832678,0.0102689737177458,0.030355847803285593,0.23111345944497128,0.003204120968410435,0.013998405307121249,0.013633088632307631,0.0029410416062221707,0.00832601017338393,0.004193001853283683,0.012291747125937688,0.003650520843450488,0.005484355483438129,0.014288341593891656,0.001831877588810849,0.010012615881262305,0.003579521803005948,0.010899153104705534,0.0013836107411916998,0.007893100651589295,0.0052008536594260425,0.004192918984796169,0.0017075377377978776,0.009535784497544445,0.005743720162374789,0.005503898682445995,0.0013443739645084877,0.005858217317195367,0.00121284007645576,0.005890431942022862,0.014491003632572207,0.024757783261629425,0.005620649159847365
0.026551841928223255,0.04562303170846948,0.05471890749631173,0.015408105541075886,0.0520273038815523,0.016128501570954624,0.03379139125129199,0.005716357000083097,0.006018310479868468,0.0024300657347398557,0.0038467537624362904,0.003710028247507811,0.004384609294066726,0.05197679241785165,0.014116310634954308,0.15146142899878165,0.002250498317043596,0.002877749556048736,0.0017490903395577405,0.0034104605777277065,0.0036818821682418367,0.0034955561376435276,0.002268078972518828,0.020333526855309682,0.011043774541771334,0.02959576021203647,0.22902085782672382,0.003315596665909771,0.013068071285238096,0.013567522287773824,0.003024099141494037,0.0066386809851869694,0.004035343215540964,0.013808020499591978,0.0036541698873081285,0.005532884687336225,0.014130659284449626,0.0017254624908413134,0.010215810167491377,0.0037604183333805785,0.011862123033366324,9.525586106034808e-4,0.006355865084629737,0.005318314486671271,0.004530097038876389,0.0011219155862720646,0.008751660743954476,0.005731999118067195,0.005540486107830899,9.318040395390319e-4,0.0056272950236115294,9.889665663282052e-4,0.005671986479753458,0.015471779109810294,0.02277786365114452,0.004251570935205912
0.025494738074657578,0.04739511852252773,0.048545903735689004,0.016282246587701256,0.06087706538300076,0.014952376630421815,0.03193010764716119,0.005594968121057774,0.005799881532235478,0.0025487848874293597,0.0038884498047536496,0.003769531804163635,0.0038664271974880255,0.0556405332495403,0.01535495282723521,0.1423604383851323,0.0020241340967318594,0.002468242901868673,0.0018353081365680335,0.003472051194039731,0.00346825985847543,0.0031967321712988313,0.002964590234331023,0.01985609199476985,0.011714455932459757,0.03134331801160886,0.22405123132177518,0.0030907704625098204,0.015559602072636555,0.01676077210885091,0.002635735594484113,0.00919053103526524,0.0048998538716506276,0.011941008982353025,0.0033707412465304315,0.00424150901342302,0.01510816086968181,0.003201573341898084,0.008929903819369167,0.003115991879813697,0.011863080522298154,0.0015000573621983693,0.008423028535500985,0.004077755453172363,0.004194092734889534,0.0016822363880998619,0.008728765871495237,0.005301805253034002,0.0057652388556141965,0.0014491502107462975,0.005986609548816929,0.0011962268504406603,0.005479805838200578,0.016949715030230038,0.020844794752222544,0.0038155422504514364
0.025542677812458326,0.04230469371278439,0.055656522490069284,0.015136046517506782,0.051910546680882255,0.014932391624424085,0.031486751056396645,0.0058198138354940455,0.005742401224374393,0.0028742072512196798,0.003503181747976519,0.0040448330683158255,0.003182115224574811,0.05474753295767917,0.014731066677282198,0.1660512185005526,0.0019028070079850049,0.002554327198973764,0.0014678915483578487,0.0035375942736673807,0.0037682629500203724,0.0032107170394912827,0.0022370374287549923,0.02192333267953359,0.011292815947285139,0.02681099980090688,0.22724547159854097,0.003478686913811982,0.012092576706297311,0.012880043233551164,0.002999662085709834,0.0076729435941535265,0.0027274418602263035,0.016167639675244927,0.0033422748331455245,0.0048048698804593155,0.013399957552261471,0.0018136480706145125,0.009922909908365283,0.003580451661422326,0.011244835604304521,0.0014136720416184267,0.006838756023128339,0.004413781857875582,0.0043220266664943325,0.0013823077190408658,0.007878758741530325,0.004746272095240294,0.005928160555815375,8.342736969958833e-4,0.00537209699297704,0.0013977964001615332,0.005862880357566537,0.01487985095655113,0.02058976548910713,0.004394400970820963
0.024938212997682244,0.042148360008771146,0.05087592719527011,0.015707919933315103,0.05405511694578006,0.015645099250137726,0.03412674068416835,0.005710711254600227,0.006009728858794423,0.0028268862952986105,0.0038407865130153217,0.0037356229805026848,0.004304070638057803,0.05070694146115597,0.014672655144765265,0.16287870118361197,0.0018843108236548164,0.0028874105902154342,0.0016873441995045053,0.003446152729249682,0.0036790345669732425,0.003240139098815819,0.0022599423259507183,0.01803955987152304,0.011747041653550748,0.028652499043118496,0.23207827179496615,0.003869571745579695,0.01318421642620673,0.014686603071786136,0.0025850528997837614,0.0071816857069914395,0.00394471953719907,0.011203042264959044,0.0034220155663287864,0.0058752828898726685,0.014009278308384675,0.002267548419538582,0.010397332052654923,0.0035225179520709284,0.011210267443745984,0.0016867254105464192,0.0065657718587167615,0.004335776629435712,0.003556729915847654,0.0015982401430815814,0.008417900020942688,0.00488251023448099,0.006161414507180483,9.776900316254013e-4,0.005253665228615505,0.0013254846393696278,0.00520115497962049,0.01477670139555326,0.021771014689301493,0.0043448979881298335
0.025182147900584245,0.04584039164306655,0.05515160899891892,0.01661796395394852,0.05235755487517677,0.016275975049800915,0.031633467472411775,0.005330267032069671,0.005930897888129117,0.0026906324732196103,0.003693354505431107,0.004058144609326734,0.003775004643164864,0.04860607759435546,0.014147983363030405,0.15732590412627137,0.002053936817679781,0.002853646283358696,0.0016818574943493754,0.003557581876735676,0.003641109143306872,0.003147363353850404,0.0027604495948575646,0.019071525796039834,0.009673454838366216,0.031804603639462616,0.23268776127731935,0.0032453530991811298,0.012441283905546005,0.013795857307492325,0.002747640311080299,0.008173104726376142,0.003516513506493196,0.012301286067414782,0.0033060172413795375,0.004829050862282783,0.012443953436385644,0.0019655787407135052,0.007865216562426216,0.0034064501768847227,0.012000824862288675,0.0014422573793876447,0.007970058854073888,0.005149569502430222,0.003696435007546883,0.0016933764402504217,0.009961996837654344,0.005177742490362013,0.004958656948145654,8.578664306697955e-4,0.005622754609532065,0.001285964531448162,0.006134215081890031,0.017104199934103764,0.020650335774796205,0.00470577312753154
0.02683850690205816,0.04248025583065227,0.05438532314608827,0.01594954245142261,0.053101821001477256,0.01595068423641057,0.033107633496226335,0.0059396829041869536,0.005986488710702201,0.002682618156638337,0.00395557415059128,0.004012322359878196,0.004033202831363543,0.05014572287583756,0.012214380733116134,0.16670392973358691,0.0015649377452738192,0.002799962168208024,0.0016257139773344592,0.00347768602039794,0.0038654005903767837,0.0035926004315042464,0.0026692266068907137,0.01859396586403872,0.012619097806020262,0.031428606410368785,0.21903785946344095,0.0035365777969200147,0.01380077579163922,0.01525313567479216,0.0029116048588566103,0.007087958247498922,0.003339739814621283,0.01066293615333827,0.0034379467884783845,0.005354746282403327,0.014966735448913068,0.0014777288729481489,0.010046778456165703,0.003069844088366802,0.011693062789261703,0.001106379021006802,0.006936807230906519,0.004569788108734602,0.004715025087944902,0.0010974310681512367,0.010909260249657132,0.00489081505381668,0.005159445595996096,0.001021293885068913,0.005899269590171089,0.0011727970817041321,0.005492916764519919,0.014466211302318226,0.0227069511470424,0.004453291144666452
0.026932323154572925,0.04562384349486738,0.049765112806748564,0.016407236910709642,0.053883840779371535,0.015442260632773193,0.03165629445192682,0.005838159335014168,0.005828277043113211,0.0031360685854609363,0.003713982849376431,0.0038759549907757223,0.003866853973308242,0.05084469035987412,0.012232887558690075,0.1563255146034977,0.0021225678960046777,0.002628426728323996,0.001794696667577895,0.0035375590357434486,0.0036796580254942,0.002842545038907304,0.0024173033551025346,0.022496712220287415,0.010303986453006017,0.027490265507138737,0.22979346651039934,0.0035755266487087173,0.015006732229492985,0.014098683776760431,0.003047213621482218,0.008682629895317174,0.004386465717947716,0.012046482217393302,0.00351048618417849,0.005133790351100634,0.013269699220730291,0.0027764248469686645,0.010225638481564537,0.0036327677890858777,0.012815623187619161,0.0013075984266364116,0.0068766643746754254,0.004184128959612264,0.004711215352896363,0.0014776064570978685,0.008133897329447503,0.0052215863040221315,0.005034262270848532,0.0010149032487864135,0.005734462457926299,0.0010336349056696383,0.005648974597699184,0.015627463333413593,0.02282644958324728,0.004478499261604651
0.02429803715509056,0.047497474016393836,0.050695832483057306,0.017488703390042423,0.05411075392088866,0.015503272184312107,0.032603016691606666,0.006016117386313986,0.006080740564857591,0.0026385865960140073,0.003529621766646149,0.0038662256459592306,0.003738568052761927,0.05203255160221082,0.012155536592293223,0.16457923427044682,0.0018587682384477945,0.002199490427545127,0.0017162440228392385,0.00331335238097214,0.0037703172524700037,0.003378360224613608,0.001958409653200384,0.018144212619053298,0.01193703446536642,0.026379649934275263,0.22421866949195843,0.003419488901898763,0.013072755857865222,0.013546805272282966,0.0030824444675659106,0.008818531157512379,0.004014610430266438,0.011744022913378963,0.0035458314468007953,0.006479640109467007,0.015512548305271228,0.002025347779815106,0.01017330670757839,0.003547044373271878,0.012615703511810893,0.0011907758227046195,0.006683082348017413,0.0044991915682241635,0.00417229620183852,0.0015696240904666252,0.008707885207505664,0.004782629891878401,0.005185630596480286,9.842350433926712e-4,0.005608485156846921,0.0010135935900467757,0.00627426646827677,0.016199711729038738,0.021523079049447447,0.004298650971412089
0.025853468065326044,0.04293473262018459,0.054899723354838025,0.015963254447266467,0.05854186595752507,0.014645411185201525,0.03228033908981698,0.006070887336727211,0.0059520873608068185,0.002517037577815811,0.0035499220822943316,0.004160369375823797,0.0036076961837722744,0.044914626762641865,0.013686846329863186,0.16493486555716438,0.0018571065605933806,0.0027070816163986436,0.0015214611876163521,0.0036023113028620787,0.0038737761117955192,0.0033196780195832174,0.0030642075986877645,0.020004491062837297,0.012308270298050107,0.03191286990659468,0.21928685714315385,0.003388070705166829,0.01490536921261734,0.01414025890325697,0.0028189372765278042,0.00841950062727142,0.003697819420500572,0.012604314289167277,0.0034527903300738956,0.00533910670619923,0.012961951584001631,0.0018447702339879468,0.008715363533125638,0.003564613535972714,0.01201504176354727,0.0011658277663151647,0.007385571175722515,0.004697668077976088,0.0035822026744761503,0.0014684573515720556,0.007670788625135204,0.005215691822773522,0.005457619586377051,0.0010547781296774848,0.005803491285259305,0.0011491134162063526,0.006004339061211399,0.016280695442001003,0.02230794112334067,0.004916662245298226
0.023608901351794456,0.050028017225428045,0.06045080077401094,0.015414737075055569,0.05713977321538793,0.015607620164737402,0.0346036264596521,0.005896248472236151,0.005958011639241267,0.0028608480448951124,0.004146629452483466,0.0036089752429095297,0.003912114015406454,0.04378485116498112,0.010195468831223362,0.15571674394184973,0.002084302897474134,0.0025290436626172015,0.0021356983312634135,0.0032292116428621876,0.0034786039288493653,0.003254938386904286,0.002355790106781059,0.018207993115460154,0.011630259169046368,0.024243409910657286,0.24196689619243147,0.003428749569147705,0.013061903276387649,0.012476597224435153,0.003134407265033653,0.006808932063350637,0.0033320700505078894,0.014174232248877598,0.0035906366504634985,0.005003478126245825,0.012416842284691351,0.0015033632293697669,0.008704188023437759,0.003174250763416233,0.010795153869324755,0.001180965687313482,0.0063826915427400216,0.004550272148569858,0.00398574874842996,0.00137573250037256,0.007434874115149971,0.00511465121874286,0.005673944489755568,0.0010409786612276405,0.005382729253227064,0.0010088217545150783,0.005971319527356453,0.013406597037558386,0.02291133946495903,0.004925014789753081
0.02504738170471579,0.04573477712627121,0.05179262405725878,0.0165535455772174,0.05671628728836131,0.015202647837316952,0.03265604865979452,0.005756168511961527,0.005849634106199822,0.002852793307606047,0.004139436881845847,0.003644745884632396,0.003757579658055344,0.04552557711333608,0.01342682306679626,0.16518403489199898,0.0019171438778051977,0.0026593308404679636,0.001989570058128233,0.0034636880934312674,0.0035452565399853135,0.003411846403084502,0.002517737849929479,0.01603786146560196,0.012611314564391551,0.025128760920853376,0.23533244778159734,0.0029972530034861776,0.014352788699216374,0.013843809855993794,0.002675949131041835,0.0080251976251464,0.002966893580846323,0.013275484909293377,0.0037843471701966493,0.005617341790716589,0.01600313970441594,0.0024545499434313932,0.008253387930696562,0.0035221445806770117,0.011675079392112674,0.0013917514054982568,0.005999476377730616,0.003762331128957672,0.003766119620060332,0.001262566095526981,0.008461069114537333,0.004307131103492029,0.004830750065186642,9.75839758430718e-4,0.005806411010351058,0.0012243212000930246,0.005778129726982158,0.014111613699692535,0.021951736734584212,0.004468321572960937
0.02648991195922712,0.045550985147360085,0.05971713947408339,0.015352581760122833,0.058245526765170266,0.01632773670223302,0.034783612545023296,0.005625311359762668,0.005599877576395567,0.002788537883596918,0.003442176262282152,0.00335539940560981,0.004047655630170777,0.059938950448918345,0.015141072811090865,0.15898958301849164,0.002069343366667322,0.0025950264621291646,0.0015690797534963997,0.003642633586466317,0.0038591415372444472,0.003106614211364021,0.002734797889206066,0.018226091854784614,0.012422241370279736,0.03253370777579269,0.1977622509362501,0.00349534573221175,0.013803711180056702,0.014309875546636588,0.002600990496795648,0.008313600814978794,0.003850455786339189,0.01287365164533344,0.003744636536599197,0.004895189590173862,0.01509309523682055,0.0019123306000668801,0.008708788028344426,0.003396362664549318,0.0115246766183956,0.001716635166991621,0.007419395423265835,0.004166169989421661,0.004519672682452743,0.0012371803429259453,0.009753610058889684,0.0043311655698305505,0.005351057593268405,8.066694668958696e-4,0.005762419134713902,0.0011004491052341082,0.005434007289946434,0.01667856723767461,0.023604463141208946,0.0036788398267580758
0.026439976982419174,0.04974167474527494,0.051879521504135426,0.015102357894449601,0.055268389724310654,0.015442758256277526,0.03456047259558664,0.005683100116492183,0.00537598185976073,0.002953221983839739,0.0036618227565249936,0.003741813258551897,0.004315935073950376,0.051184364950609657,0.013939355959552674,0.16055935782688377,0.001949268389683721,0.0026249338445775996,0.001774197585854403,0.0034413245150646844,0.003523234632657415,0.0031419677328955145,0.003114128182414918,0.017903347174591355,0.010276247966849499,0.03172456714251564,0.21610024113936993,0.0034507341159228395,0.01510390764426606,0.013836557300371493,0.002822428118110895,0.008072063948210502,0.003153839724260497,0.012262664361005616,0.003686904886829684,0.0053339428947003584,0.013388028190827756,0.0024447016731715026,0.008984292208267875,0.0033974569029789573,0.010632577580439428,0.0010794242585183693,0.006177936779635691,0.0036993846282795265,0.0039662925531776345,0.0014471042555680856,0.009921289444524528,0.00499250785951247,0.005629971229887616,0.0012699276394919263,0.005877758162673149,9.566314529816645e-4,0.006219738448186549,0.01795977623447725,0.02421783410908127,0.00459075959954612
0.0274000282710295,0.04956350080461577,0.05071912820979702,0.01598073327366237,0.060353883259706115,0.016147177197390755,0.03476260814925296,0.006071205222699426,0.006051285757942933,0.0029789821367052862,0.004057163654355081,0.003946751324328675,0.004294141665453877,0.05083601427597027,0.012506787900918262,0.15285213581330026,0.0019942688935384026,0.0026167482456299945,0.0017782417614496254,0.0032251647920902987,0.003993793499135594,0.002971178862373516,0.002879537937721817,0.020907352625596166,0.011594539855147015,0.03031986109568043,0.2072669304880502,0.0031548427311942754,0.015126399482068318,0.013931847533825937,0.0031377038165184635,0.007978899073516416,0.0037203614226969947,0.015329238201493614,0.003455423011814622,0.004971468749258849,0.015081430050420721,0.0020959591493705616,0.011696623560647034,0.003318780940581124,0.011716173678203455,0.0018242960563812107,0.007906060840506272,0.005177307088139435,0.003958286020242079,0.0016772226100403784,0.009582443470403757,0.005723978817242038,0.006227475069351088,0.0010306571530621948,0.0059314564028923366,0.0012601127295098515,0.005326733926666732,0.01572362708371389,0.02143111801040062,0.004434928346296074
0.025236576201157764,0.045025264330186575,0.05182933841866427,0.017314483896696906,0.05420115298965176,0.015513666036579311,0.032522986027572365,0.005531855773695708,0.005474165511862438,0.0033157081939456795,0.0038587413850535717,0.004008670080105546,0.00414801419852625,0.0508428350048604,0.013355381630371681,0.14932857287836315,0.0019780323753089478,0.0022481747985596194,0.0015305455446066347,0.003499599214066725,0.0036869681105869924,0.0034623249162757455,0.002663904064399559,0.020411304077455523,0.010830796038994636,0.031562392851812227,0.2266824645615746,0.00330876644095063,0.013474197933363831,0.015509369421141863,0.0026104680830627103,0.00861525470177147,0.004009775613664904,0.015621984643398704,0.0034648950209225098,0.006259924113438571,0.015195729234750132,0.0018283939313145055,0.008824314075389143,0.0030804878006590202,0.010584103778049178,0.001586148232173678,0.007021553477122059,0.004509757597308032,0.0038517391403635375,0.0013784207387414929,0.009805524131316022,0.0055595362479543544,0.0061846814119396465,0.0010469782295015881,0.005669304702129761,9.885447134566944e-4,0.005370348469944066,0.015697217489057513,0.02411700306853354,0.0047616584476463
0.02501596970756675,0.04819800301775602,0.05912664105507722,0.016319052017902593,0.04838465586775543,0.01600882527694391,0.031146703532588433,0.0057022014556916975,0.005642252182265636,0.0024476095579659255,0.0036134389481658575,0.003827757439964573,0.004000566042711374,0.049744382102708894,0.011882754729354886,0.16589486561157366,0.0020776793349054088,0.0025215148886445615,0.0015970474085011059,0.003091800660868043,0.0032980881824668427,0.0037121605678189155,0.0026092654380791202,0.01803364855215268,0.010621308610998512,0.02743852619979653,0.2318474648565055,0.003172615761314341,0.012911948603032724,0.013214141595922317,0.002869500686261568,0.007314472967778325,0.003741950119955879,0.012889032189910454,0.0035339442845606513,0.005294246259917855,0.011567944842240515,0.0019244152480292123,0.008995482608372666,0.00334860822603525,0.011390775448239241,0.0015264836855423125,0.007369291848570854,0.004271240677448784,0.004430510862697174,0.0013806704670245337,0.010720984341582388,0.005634237137350593,0.005403822353400268,0.0011351746659257022,0.005717802575817843,0.0010388372461325162,0.005840910945239294,0.014275339424058398,0.020966312514908946,0.004315119165999292
0.02625314996746758,0.04567305915276159,0.052892342900948075,0.014947426785492154,0.06380278132676735,0.017039435130170703,0.03192091382465095,0.005663732310647891,0.005642201748349428,0.0030436677412519764,0.0036408823798079947,0.00416875007125412,0.0040480099191240035,0.049163974247783605,0.013416865196878541,0.16663588819058733,0.0019252080534592293,0.0027249648894466525,0.0019420538320418616,0.00328730952426931,0.003551717439392179,0.0035362259914234655,0.002303140778314259,0.017727088370499574,0.011162981413243558,0.026790183761620037,0.21643550334839196,0.00354323981725584,0.012695065370662981,0.014879223297070846,0.0029734332285733227,0.0074948393459005995,0.003322425830847124,0.012970653740292921,0.003681977324576531,0.005792478184448977,0.012692439125287393,0.002583154915859251,0.009595930028886772,0.0034685330409655554,0.012208540301979254,0.0015525898010351072,0.006411724870767459,0.004486552074783313,0.0034250077306758452,0.0016377741569450386,0.00820641933737475,0.005110046850976453,0.005118055315642644,0.0015068098838766167,0.005437473875608172,0.0010762878932294691,0.0057015795914333155,0.0163322286927838,0.022014330564462198,0.004741727511753083
0.02622802704609225,0.04920600870612533,0.05379469958371342,0.016896182149195922,0.052240987805078805,0.015135539771171429,0.03316001159738428,0.005475291280168895,0.005813579118207267,0.003243480446212421,0.003608588110390042,0.003626313213179699,0.003630825628583213,0.051597151402538226,0.013149906797443555,0.14553763516067608,0.0019589730110945764,0.0024235996065014526,0.0015177916539202893,0.003915732021505315,0.0039049057589354385,0.0036878759812236156,0.002536943263279579,0.01851362618719336,0.010408761397262996,0.03142149833617242,0.23362011270089725,0.003789373085625005,0.012978124975839053,0.016230441691531768,0.002810641124398312,0.007949409453090228,0.003518857562474562,0.012138992425367355,0.003812744909348909,0.006017540894479122,0.011876276328125821,0.0017684971340770448,0.010160307155632818,0.0034235351159091895,0.012445238963072543,0.0014920755932690236,0.007050446804229059,0.004868113814808483,0.0037972883491347365,0.0011961184019881725,0.0091073439498364,0.004984753931385337,0.00559022976468889,0.001075147880636537,0.005242211679459897,0.0011623083610746994,0.005790909571658192,0.013552099210719969,0.024550876121952024,0.005366048012039769
0.026185321360285695,0.04545410067027861,0.05265524918975586,0.016452401871112556,0.05504365800426671,0.016073166389139217,0.03426705311069748,0.006333324450750253,0.0062466171047992364,0.00288449030023884,0.0037880133727634293,0.004080069205844804,0.0035378963046583515,0.050424382224025684,0.01131678994587588,0.17571087903349916,0.001857617101561576,0.002465434027983368,0.0017146860612720527,0.0037795056820044883,0.0038601183518126555,0.003387056150172803,0.0023584145474794126,0.021191356592309342,0.010300593984676773,0.028433726520721837,0.2025032873842435,0.0037455347822049883,0.015553476427129401,0.011755262032806777,0.003577299881060023,0.007748918360800187,0.0026666272325003917,0.01378266719715456,0.0034967686694600216,0.005978398639958418,0.01440019589117924,0.0019339531578522217,0.009661622844646913,0.003401606731268731,0.012091316207619066,0.0016537334395317113,0.006252066018648139,0.0046349092168862524,0.003684810100557408,0.0016588674427597478,0.00863749841715504,0.0050359471660969685,0.006300272234474294,9.243948453510242e-4,0.00566360531995512,0.001386636153448482,0.006376239382927013,0.017489332690126296,0.0241251162669672,0.00407771430724477
0.025854300121930282,0.04914729171058075,0.05050615463762555,0.017028611430516365,0.053925114315431115,0.01611761372289644,0.034873781180329314,0.005788655251800881,0.005585125401056783,0.002679241548895662,0.004003400218062861,0.0038375323574373543,0.003987502388298654,0.0546279749652635,0.010773445887123206,0.16049059839553237,0.001797089546324593,0.0024626286556839834,0.0018354618822090326,0.0036740009117693794,0.0036794930689364722,0.0038844023689158357,0.0021391141004013067,0.018259591781777773,0.011755479210169431,0.027935024668363458,0.22336375889552115,0.00376321987492226,0.014267932048312467,0.012303233710060478,0.002976304978463696,0.007037397467323377,0.003218069533129792,0.013262517017598813,0.003980562371405116,0.005086589110304441,0.012656132792488234,0.0015754410121085834,0.008623550313794666,0.003232967102055679,0.011593401389305707,0.0012007021923183827,0.006325015084855369,0.004378309901938001,0.00462294809523553,0.0011860991578163853,0.009449564229025752,0.005390476976794348,0.00658420583377951,0.001188922052920605,0.006346828059030063,0.0010003570113632592,0.005539673706908127,0.015215687063535604,0.023204439685986768,0.004777063604365438
0.023677824118305126,0.04558010497736819,0.05019396181044024,0.01639842385594658,0.05658204496133003,0.015468560896885641,0.03364273420039013,0.005314802796545089,0.006038053243121027,0.0026167621726497425,0.0038963829950891273,0.0036820243559124825,0.003996588118923653,0.0525967404878635,0.011754320391536337,0.1593289483442356,0.0019006471487094407,0.0031957191771667826,0.00189691898244731,0.003154736767549802,0.004040600564225835,0.003091001496979258,0.0031227245866117053,0.016880708819216536,0.011825785387776984,0.028706971732008434,0.2358898422878144,0.0034131545077944856,0.014220711181581884,0.012420686262396242,0.002954667960087894,0.008431893406712696,0.003967698420364289,0.012085896704963874,0.003427673211806291,0.006111402909249656,0.012403356369105164,0.0022829240080011223,0.009136061493880264,0.0028777761517236457,0.011629306384460148,0.001386495957675331,0.007128525743534981,0.004520028857786912,0.003971596267809007,0.001719620255969075,0.007996737082541679,0.005125351801838079,0.005826129536404031,0.0011098427127337505,0.0061848111776616884,8.877051454708327e-4,0.005668918813084942,0.013891410004815216,0.01976786566541022,0.0049778173280875465
0.027079248960502435,0.04806206404902572,0.04803711214190748,0.016755145036839406,0.05442053327741087,0.015246297596644521,0.03316260366500414,0.005629053586305673,0.005772948189354634,0.00295032719736184,0.0036351468684538255,0.00396505540986538,0.004116263327372365,0.04891284901852492,0.014972696369285264,0.16423351525741842,0.002109013388417933,0.0027275000152798263,0.0015612377415894789,0.003361500348321147,0.003984808721146284,0.003614660188312414,0.0025850158775690595,0.017542420181240113,0.012808669675367873,0.030133972265063903,0.21922733832059274,0.0032059341763910868,0.01222636297931614,0.012455824258253746,0.003352931318000829,0.007915445265897747,0.003544326478879453,0.013534134312981224,0.003670964478229457,0.006216896396815043,0.01299248677556217,0.0024708466437779624,0.010737313953366417,0.003422102817916621,0.011016747360548768,0.002021879695221498,0.007321105556190495,0.005098310562443508,0.004477404706691142,0.0018465553975905299,0.010062393984260459,0.0057525141219217195,0.005690043380008983,0.001079305749844979,0.005755719412909337,0.0010734055057335702,0.0060339680035769,0.01437781913744981,0.020942672472027715,0.005097588424015043
0.02571088089533969,0.04302887123876702,0.0573735624550117,0.016945153556851916,0.05476632865079159,0.015282247509980827,0.03338315292536508,0.005932305988662295,0.00560071398994238,0.002860488195037797,0.0038408400954620388,0.003971655990160747,0.0038513380354211744,0.04882005425100692,0.012992542810276472,0.15347134194323842,0.0020173366360896746,0.0026321073796607285,0.0018204386864836349,0.003312728825001264,0.0035878176741619703,0.003267927667742717,0.002525079329548524,0.019325088168060913,0.011162792408819231,0.034748245855383796,0.2315645621447011,0.0034267665320542825,0.013777137470503716,0.009776823572094471,0.0031855257720176658,0.00821583773456463,0.003389336645315846,0.011829151468822957,0.003676573339831294,0.006629751226888142,0.01441253686337074,0.00216700779008823,0.009141591263053408,0.003571585462968441,0.011498862032410887,0.0017070840969552982,0.007533437388244867,0.004017160374802816,0.003983401382423213,0.0014397701532425867,0.00806928694814644,0.004495660318925093,0.005493069734132334,0.001112076481103573,0.00543781657467749,0.0012370697817814446,0.005085112689549183,0.016051702486467007,0.021253400118463557,0.0045898609901307485
0.025366958271041597,0.04549834544577552,0.05053185283538547,0.01600482003948846,0.05501645061043376,0.01529195191743045,0.03471425715385801,0.006091168197865529,0.005988436886213291,0.0024127776267665675,0.003382629559393596,0.004309581482292455,0.003794025326076549,0.046133569125837805,0.013207593410675691,0.1727724800255398,0.0019624637818882974,0.002427527505605133,0.0014359140258342353,0.0033502436489778052,0.0038166288362741826,0.003074420050957141,0.002541315734650521,0.016592983025642053,0.011215683598750028,0.02764954066219372,0.21773149870435904,0.003846535167901409,0.01617008938058415,0.01287885815524527,0.0028990049682372236,0.007914210611035331,0.0038321549757918943,0.016324610661611283,0.0035676102551436654,0.005480013910222567,0.013754196824365213,0.001840334191283913,0.009603094762560632,0.0026935899193385963,0.010171916775845728,0.0013594753820172633,0.00697887679474679,0.004455422870259858,0.00408277550793678,0.0015290985020902067,0.00968463559435397,0.005197015882204671,0.006073109744836554,0.0011692081151853935,0.00601083877176171,0.0010043109768080724,0.005877732005262178,0.016039086195035752,0.02267856696206289,0.004568508647064358
0.02409221071493947,0.045143169528700726,0.05540121412032495,0.016570755789613416,0.05843631004084534,0.015430120384201327,0.03307862199383533,0.005574224989824995,0.005714092744118432,0.0027224957708104143,0.0033064208340618877,0.004090938193071182,0.0039370202987084905,0.052491527046425665,0.012098716639388067,0.16590477311880497,0.0018932304090044667,0.0029338350926845285,0.001902431963052332,0.0035883471128317647,0.0030100825801351407,0.0034643694237387734,0.00280292474698893,0.01976577316466835,0.010224375905068908,0.023541888731203133,0.2224621969560224,0.0034316633075164894,0.013591855633781326,0.011719525813106044,0.0027673090454630326,0.008171741451318753,0.004088100549322767,0.013115902208798583,0.0033353663408010885,0.005514324245169578,0.01415653021737872,0.002068795482825408,0.009872428455472038,0.0029480012771994427,0.011995182341634146,0.0013517220776685492,0.007362564401525648,0.00438826817647297,0.003429691503453991,0.001663398257479289,0.008005198866624397,0.005127857446017894,0.0051249641597559325,9.840647835991166e-4,0.005506390995198198,0.0010026352519568603,0.005773532198684671,0.017525746098256863,0.021836067678051938,0.004559103442392841
0.025495726883751766,0.04383539921080558,0.04965971126610246,0.015989465933297278,0.05901586959556544,0.016004145798124363,0.034322933514166744,0.0055293933736252,0.0058855510349547936,0.0029353768168779645,0.0035152478145899003,0.003909555450518486,0.0041721770755110575,0.05344553178548009,0.0133394509160324,0.1572990233999943,0.0018560668326354035,0.0027281889443818734,0.0015989203839893089,0.0033795421203816306,0.003582890296754438,0.0036347620314619122,0.00232781795253365,0.01771070171064427,0.012401120203175922,0.030220420396888988,0.22368612109039848,0.003631083058110637,0.01288567373231943,0.015082059939714664,0.003010256091845381,0.008394038185459723,0.0035481024203880096,0.014759931085480387,0.003971841474533052,0.004796464592112183,0.01428739490578994,0.0017046302772077125,0.009045511358603204,0.0029377577854808588,0.012866782841534764,0.0013661775910138814,0.006833320145478546,0.004087692185077154,0.0038697483130585406,0.0011865029240712762,0.008289541618899747,0.00498400209284475,0.005986249752968313,0.0011069064971074287,0.005797041256859348,0.0012754116873892269,0.00592104930722125,0.016467132368965236,0.019666289808640804,0.004760294869180872
0.025306326523429706,0.044619723726342715,0.0525417526459936,0.01539645885468871,0.05649619450518744,0.016316288913799586,0.032505438772553345,0.005208828505346405,0.0057697094095074475,0.0027512861853426383,0.004064061161162661,0.003810731205684159,0.003893078415697755,0.04524191760850264,0.01295557904428879,0.14742757112241514,0.002161008333632388,0.002553289834336453,0.0016381436875261659,0.003549738459301187,0.003508283802167765,0.0037084461540152955,0.0025322471634681683,0.019963667424894,0.010796375472197304,0.02800418179226866,0.2521769987649821,0.003980657659612233,0.012707099140098401,0.012666108052700258,0.003037131905967194,0.007576090981976338,0.00347046790900951,0.011714791103042185,0.00324952482037559,0.005605239408684468,0.015497672270468086,0.002038856197080109,0.009649745501508515,0.0032655837752664394,0.010936588421863987,0.0015244776626578433,0.006729071239663298,0.004832361863607051,0.004043279683708681,0.0013192239539160182,0.006869409428563361,0.004994758508890462,0.0058421978241717555,0.0010730348803255111,0.005449885035295496,0.001159004755886052,0.005276560845328427,0.014512581738994028,0.02135591690097071,0.004725351041635808
0.026356404779157284,0.044128132538486964,0.0514969229460754,0.016606471040910235,0.05694720713296435,0.01477614313117017,0.03270273852298454,0.006071717921319744,0.005643197510507015,0.0026404072101139215,0.003695244811865839,0.004124469729480128,0.004586693150436229,0.050722082714133906,0.013022712866776922,0.15343920563388,0.001921828943869775,0.0027770187577906827,0.0016750212305440312,0.0039448798238339786,0.003783217407340584,0.003535079242624697,0.0029123279119421526,0.01665488001494617,0.012557965365597652,0.02814476131526822,0.2304418033091471,0.00336239512599165,0.014510628726805525,0.014094614801749374,0.0032619142504830747,0.00895970957985626,0.004359176518150848,0.013986617313351367,0.003001238981236368,0.006231707963971443,0.012395424267481282,0.0016396869131497453,0.009206228416876468,0.003788243455653433,0.011538468244496058,0.0012075367000383046,0.006552386783597326,0.005134461175123936,0.003931012433039573,0.0016719570582238927,0.008669932122089465,0.005609023126763736,0.005666491466316884,9.920976371929151e-4,0.005372016791584582,0.001172753914990185,0.005581377914754077,0.015475375501811318,0.02235489379329039,0.0049640940587628215
0.027107110796527445,0.04358146453788734,0.05356730598294051,0.016062125922857343,0.054553047719620544,0.016314045025075687,0.03144551362701244,0.0056058459093372435,0.005739602343413208,0.002647406814063647,0.0036703218707708433,0.004086389479744231,0.0036239624524137455,0.0472993710101806,0.013216133644815343,0.16066502579226824,0.0018662403399331519,0.002578352908332403,0.0017540870652273108,0.003328760031921584,0.0030023293466447374,0.0031628984588804557,0.0026723853622165807,0.018254194435168923,0.012114441787997332,0.033305160477226904,0.22400518254019372,0.00346151824815512,0.013177392481420218,0.014122319407371025,0.0031266185051837545,0.008130029953163533,0.0038417134777132696,0.014317114047825635,0.003791760791611698,0.005753149982833623,0.012153023779250021,0.002302970840665244,0.009289957491261156,0.0033874851569366967,0.01164607582461564,0.001490711867503195,0.007192731086003224,0.004739830764885624,0.00415425843204373,0.0018552081059607971,0.009506449284931703,0.005133033549416264,0.0060403007664197785,0.0011246750502508917,0.005872420223765232,0.0010610350026375255,0.00570989959956077,0.016383733896827155,0.021613705250139954,0.0043921714489759435
0.024673110828970644,0.04611879680363168,0.05888870030106878,0.016099481476346905,0.055863753278358456,0.014858365205562805,0.03335560741362843,0.005519775425093846,0.005790195956436926,0.002996252701055797,0.0034710867681975286,0.0036339982554833114,0.003861465951808843,0.04930142771395928,0.012951662224249975,0.17286233390727734,0.0020531863362137754,0.002759894248826837,0.001771079253867765,0.003780340361873873,0.003935703346467465,0.0027703984765420405,0.0026940707222067907,0.02130293324842117,0.013163397525936328,0.02826829797732025,0.20174291991796925,0.0038187867881083345,0.01422041203239456,0.013011149137729945,0.0028850144368308176,0.008454574197371273,0.0035503049238127323,0.012532413309751293,0.004180281856466277,0.0044702236823797314,0.014111028439973836,0.0020247377105642797,0.010657928358440785,0.003337139511864026,0.010754773041924095,0.0017717671019333145,0.007427259566994917,0.004700323742428859,0.003953660721018043,0.0018559738422975216,0.008647685042098572,0.0048254467169886635,0.0052964031528490736,0.0010456839881811703,0.005905138214721551,0.0011718937550825549,0.006127110994025032,0.01588678536037261,0.024565707465045265,0.004322157281574716
0.026365627267919273,0.04460465895866301,0.05635286287232121,0.01683885505537257,0.05788185536055211,0.015983660989135298,0.032021326873754266,0.0057872318640351346,0.005759711245899089,0.0026499244755945218,0.0032949281601198613,0.003914410632096982,0.003656253624602111,0.049871413553846965,0.012342489735368755,0.1715221268960742,0.0019639176753942877,0.0025847622905745857,0.0018913745126631278,0.0034171346878848806,0.003974851839617981,0.003130909169485498,0.002230251587583817,0.01915562298657959,0.01099947214168506,0.026058345453779084,0.20768899794709458,0.0036190206944337272,0.013805991731992397,0.014965153838381526,0.002664303770458217,0.007015999768980776,0.004338037465392529,0.014277976155945334,0.0034673045467278223,0.005669715052352549,0.015032508257001939,0.0020047733859702077,0.009668439404313387,0.004064058020298974,0.012985898067305613,0.0011262290595755245,0.006196250148911381,0.004519272752941179,0.003538959269815116,0.001418448488123587,0.008183769800266824,0.0057340926447933625,0.0059039020254444555,9.427424056667773e-4,0.005423864878015317,0.0011354611878608765,0.006193536145861377,0.018754074475649925,0.020874526450704513,0.004532712249116949
0.02414769785790252,0.04525609510945628,0.05329957160865402,0.01693879861000972,0.05720886156608647,0.015958190085718627,0.03179411000510314,0.005605140715308445,0.006030863214232586,0.0024978846149491026,0.0036851333194024257,0.0035396547310473144,0.003927481194655254,0.05390754154363558,0.01653556635883938,0.15613530969170375,0.0020758336036162156,0.002540535940568535,0.001839760386286641,0.003317118971509289,0.0036697402439798974,0.003325205580640756,0.0027051080320449573,0.021740942503505646,0.012406429258107837,0.03452839971067389,0.20706437594668173,0.003481077667083694,0.014182288252173728,0.01416648001846284,0.0027603396577537383,0.0076563365973631005,0.0035790520729682943,0.014383521537195085,0.0039039012531747103,0.0056063910883008775,0.015747636418483587,0.0018829235287644956,0.009797644413793986,0.004004313136077209,0.012307764243996516,0.0014309082666473024,0.007642976004580316,0.00433625091525476,0.003774477795186848,0.0012403956362631756,0.009403552441543882,0.004724726508199012,0.004848409954811192,0.001072123991500097,0.005221508792696289,0.0012609763306426361,0.005707593518625786,0.01722128947616702,0.0219058003824051,0.005067989695564767
0.024558005586396866,0.041804491122877825,0.05288730936214644,0.016272615360631695,0.059421464212746175,0.015317466636109325,0.03394464502784257,0.005339466316962398,0.0057154682564221106,0.003082854686348744,0.0038311648758984846,0.004085069670512676,0.00381991441928837,0.0466851388209825,0.011838199225227055,0.15750711758987668,0.0021497473744805525,0.0028607229560182867,0.0015519492804163836,0.003267068551427454,0.003923604371084743,0.0030911790147575215,0.0019997914308899425,0.018169627260361768,0.011888318227945838,0.03116691111083478,0.2266845179331444,0.0038590851392135473,0.015290944001731619,0.011864585335423282,0.0030406478837794616,0.008278916536882367,0.003899531409706637,0.01718558952489376,0.0035604647787033515,0.005285291746414614,0.01574877458423123,0.0022614265844149626,0.010013633684583868,0.003420991432929133,0.011272791665091214,0.0011584332381041097,0.006603480874510616,0.0043292568655351575,0.0037768936718136606,0.0015270436492658415,0.008383920978605018,0.005396169683844316,0.005298566337529781,0.0012029485262507384,0.005478078243698988,0.0010872618015372178,0.005808871595710107,0.01768377043104949,0.019989668369399017,0.004429132743515282
0.026019394734563522,0.039619070745053324,0.055127252992319596,0.016209108632317785,0.05311676020514106,0.014362471646511787,0.03208912712626679,0.005297787080042355,0.005499039413576237,0.0030101781397606085,0.0035752192188651484,0.003751017337653855,0.0032932933540428177,0.046754613670690066,0.012676031426879513,0.15579978192959773,0.001864555272282789,0.0023926588811594217,0.0018694343178685127,0.003344159998928417,0.0038087736987694036,0.003646673163766816,0.002905903511127771,0.021113356882818266,0.011664513653765916,0.029829045183296377,0.2375120476964378,0.0032087257408041987,0.013182165502210741,0.01327015833686811,0.002344246271254378,0.007826440115411127,0.0050802577626896436,0.016116979570508182,0.003280663073289914,0.004862344866518861,0.014927519606685589,0.002314116482116417,0.009232832199725946,0.003433686663499188,0.011638898874682198,0.001548003614483781,0.0074146977439664705,0.004085902044732786,0.00357253955624679,0.0010991431176246803,0.008248604468321449,0.005638219738262501,0.005684844426518458,7.656723584957377e-4,0.005506930676218373,0.0013119454015076985,0.005805894551065687,0.018130734848164087,0.020160709719387555,0.004155852755235781
0.024065603670937106,0.046172786308339625,0.05062338948944758,0.017303275408963297,0.054416971986544195,0.015407485925084707,0.031093706951653158,0.005675944477113157,0.005863651220518799,0.002844683740492701,0.0034851566922160264,0.0039220849192932025,0.003939280703602379,0.0506190171471705,0.012980578887668435,0.1540015273474912,0.002107040344088271,0.0026299013020408823,0.001441463574999879,0.0031914867987485984,0.0039013815508745797,0.0033907068092588586,0.002745815593264138,0.021961662227276524,0.012367422216531471,0.031407349603705344,0.237069270740281,0.003037433226842299,0.011861203102223754,0.013277438586448592,0.002630911908100831,0.007863412843945488,0.004241995870839328,0.01366888268031536,0.0030998977914052928,0.005459157845146721,0.014009502936358425,0.0020159047162249255,0.008705060172699779,0.003511363380263377,0.011801141408701024,0.0012228804965523827,0.006566455666994293,0.004858192852665886,0.004002681657013223,0.0016275778038203402,0.008184107965391355,0.0054851060879830965,0.005080644938254138,0.0012714016634038524,0.004960517423607406,0.0010138530742646362,0.005668376231106548,0.014908925404464419,0.020596359050146406,0.004740967577211184
0.025636121133609895,0.04375007800260215,0.050155622210843596,0.01641228551594223,0.055017587653778455,0.015597197812019972,0.03269659363234765,0.005290273169823276,0.005660752676160805,0.002800890535851109,0.003693820483082428,0.0038953368464754645,0.004263190466450974,0.05331569169708148,0.012992626453215946,0.17066263661877576,0.0021013084609267725,0.002506135791046055,0.0016042414212297637,0.00374341043012608,0.003304976312825021,0.0029814793658546708,0.0023713544701575136,0.021188559391235026,0.012002207806831545,0.026913564202096337,0.21501485428989286,0.003335466799103481,0.012816012019295135,0.01467027263208343,0.002938769310145828,0.007703679981035633,0.003970813661044213,0.013641784820873214,0.0043223072045487105,0.0058067295766203834,0.012958873763227276,0.0019454824092764885,0.008047879210866369,0.0037070399471206394,0.012038659288283115,0.0013218619667434235,0.0076317045914430495,0.004539933960703774,0.00409227321761566,0.0012144550446058654,0.008305663189285247,0.004674986255374198,0.005550773964700167,8.346078503156226e-4,0.005395342265618903,0.0010999971628417144,0.006284291040398106,0.016339795248344665,0.024715789217459087,0.004521957550743802
0.02600915541459095,0.04737822664809917,0.05258959425385235,0.015598271777332279,0.05241703535291007,0.01622044676957521,0.035296283265156554,0.005436738855251947,0.005955029851710566,0.00279169976180044,0.0037132741854671598,0.00412951471475253,0.0035698910086374813,0.04974132101512363,0.01437839477539036,0.16260709003860574,0.0019184241387964797,0.0023162784562341695,0.0021400404534855314,0.003236604587394711,0.003520970297052754,0.003548236358685919,0.0037141418557776885,0.01860024735554964,0.011759136521009673,0.026801290383762683,0.2265054453740646,0.0034006653865227185,0.01438421913055156,0.013367717074312923,0.0028555473676441082,0.008476887558971701,0.004290214190194729,0.013867190842751589,0.003453880470883148,0.005456493111504935,0.0141114976148768,0.0015872407108578205,0.008240510550286259,0.0029883802369750647,0.010243744952579861,0.0014448768498912107,0.006806890955396293,0.0037737585465308183,0.004187953385246281,0.0016146293427010223,0.007857995514969558,0.005323803330031699,0.005574520877640422,0.0010748114031049673,0.005351260688391003,0.001205823155946745,0.006402444553515829,0.01461758633830511,0.021318621734036994,0.004828050655308509
0.02490533290016525,0.047852407454905065,0.05345473797339771,0.016860394899611542,0.0567101236244446,0.014407566072436049,0.0312551933264289,0.005585525384101716,0.005494312106737602,0.002665471014683892,0.0032962001379427037,0.0038835560854626355,0.004562722832565361,0.0538686700550635,0.011557840015234171,0.16546015530120373,0.0019419963024990183,0.002117813313704259,0.0017100766915971205,0.003113702396257418,0.0029565948272631914,0.003581028880860249,0.0026229223159609425,0.017506060878384102,0.009976477598202742,0.03221066373095221,0.2217328090952773,0.0035040374653876128,0.015647866694931047,0.01364407751744495,0.0032256790375040033,0.0076586918992805645,0.003279354923308734,0.011591067337697429,0.0031823026463977415,0.005262378502577016,0.012994750160469708,0.0023519424088424734,0.009253148867537019,0.003168336307974057,0.011263753260819935,0.0015131756743706891,0.0065205638044463065,0.004159399730527937,0.003997745460898774,0.0015154234934186403,0.008356357429792717,0.004926242011590523,0.005196535529758637,0.0011389011869391598,0.005667308408568632,0.0011555087701865749,0.006455302103466962,0.0160434502511786,0.022173682148208904,0.0038626617511317
0.02591959206052205,0.04226095904866989,0.053109871367656145,0.01659687627584165,0.05668098910961385,0.016210372410557453,0.03268881766426857,0.0053377429046489785,0.0059802894106352434,0.0025451058703205224,0.0038102479286226845,0.0037744498967915365,0.004304535901853326,0.05044285956810414,0.016176305188259674,0.1580008000292999,0.00198400066710073,0.002655488316428526,0.0015428554776745146,0.0033617791929213157,0.0031916335329894986,0.0034514713882902322,0.002476878378639193,0.01855762582805152,0.013002769754023601,0.027461624958879688,0.22266392771001825,0.003540204396384852,0.01478937941246847,0.013964534742110473,0.003257915032881786,0.007531040213292143,0.00351149109585411,0.013501457443079502,0.003474885211956331,0.006188120250441149,0.013761394211195741,0.0017463113190823402,0.009354352085575848,0.0030906291530450516,0.012155450481742856,0.0013765925977844283,0.006900083751817491,0.004418061306575937,0.004608576165486219,0.0019046999234199826,0.008997748706330536,0.005201869955025655,0.005388790074375393,0.0012648283234733754,0.005554125789814681,0.0010903853030465962,0.006062088017163145,0.015537301979242196,0.023067720529923886,0.004570092686727152
0.025663436169691425,0.046892564274401555,0.055900482364557635,0.015652682567517395,0.05750640965433476,0.01639178969042686,0.03550174228688795,0.005951732399121134,0.00541355303004782,0.0027679643091254335,0.0037433412038310604,0.003832224550856599,0.0036868317221954517,0.044972148902312846,0.014133083729054577,0.1680447457225181,0.0018923930971038645,0.0024474592286149194,0.0015751967422711888,0.003337345397199636,0.004000028468892995,0.003650704021276323,0.002803007290962104,0.016349001208247078,0.010873564313147559,0.023237996648967887,0.22314894272288818,0.0037126171898830967,0.01258169466559071,0.012170300843080963,0.002879455022039589,0.00861648935075403,0.0031972820337992486,0.01597895762734804,0.003363358281800935,0.00540888773067906,0.013300275974318224,0.0015382090004228063,0.008254951348901904,0.003153964113206674,0.010720389667653735,0.001032163447253578,0.006517049395054168,0.004896133697052439,0.004165033859212671,0.0013994202880429896,0.008472839037499258,0.005619313876090842,0.00568507304108323,0.0010426505607151785,0.006358517778214364,9.734052938500505e-4,0.006208213419680476,0.016345857262728244,0.022023462463419616,0.005013662014171609
0.02595888175622156,0.045350886060631423,0.05128484267328215,0.016505348767984006,0.05799127492868264,0.01578721336650029,0.033846699099230076,0.005502702598131521,0.006218347258795393,0.003020146668223856,0.004026881803569456,0.004004731071822439,0.0038407158355189008,0.05125245769658267,0.013132996751200547,0.17000434874329645,0.0019958475541528055,0.0029242217381411917,0.0017253383210220337,0.0035427235993059215,0.003657626428030549,0.003395925311071354,0.0029099194939687964,0.019679920153631708,0.011361651370679538,0.025631444186084956,0.20603723166463828,0.0038403887418535015,0.01452276472141909,0.012257968165988137,0.003120147203907514,0.00818603681706646,0.003989154711481781,0.015382291939722119,0.0037409758772917966,0.005041000046882474,0.014952986522144386,0.002327784686635035,0.009438305526470027,0.0038279787970285153,0.011170171178902712,0.0012887586629544083,0.007024601812113251,0.004524498204756428,0.004016085120682694,0.0012916195599784192,0.008607025274350187,0.004843930305464029,0.0058344821776446796,0.0010601711286144623,0.005797760933217493,0.0011423629065860196,0.005941458646743057,0.017902097273948474,0.023923427327090668,0.004413440828661624
0.025359498563650232,0.04544955551824434,0.052482079666203614,0.016059037595754607,0.05214094987174716,0.015097647204615015,0.03436231319009939,0.006028531006504311,0.00565595041749254,0.0032057145392710203,0.003720961299405205,0.003970803246247265,0.0043020225442707664,0.04848477743419304,0.0131070454205403,0.17363024525985502,0.001768356739159712,0.002305783787922369,0.0018808350033114021,0.003558705540246477,0.0036831412722888456,0.003431301285003048,0.0027299369630721902,0.01794264702693884,0.012217873755284032,0.024752497021247856,0.21843868129263236,0.003189243016382901,0.012731746766076666,0.01293622690674758,0.003051346028095045,0.0075531153943981105,0.0032275602561362884,0.01396676005137125,0.003907703368295357,0.006199878175839759,0.012180115844054845,0.0026549270217146427,0.009386486014315455,0.0036877864491920557,0.010295143629404542,0.0018738094388110562,0.006239649745295386,0.0050123615779420205,0.004127820227210891,0.0014607837785580332,0.011211988314722858,0.005946890510728144,0.006231172541223657,0.0012567211753422352,0.0056539588482154395,0.001127966243346819,0.006486495969016343,0.013758731942975205,0.02402021482233434,0.004856503477052067
0.02509126943410371,0.04586237698315177,0.05077628274228941,0.016080490100999396,0.04954860093204524,0.014837684053661496,0.03315848189667858,0.005641460153015019,0.005733095670515179,0.002848284882513442,0.00357280816520761,0.00379092889029027,0.003367128678849499,0.049217209695015876,0.011305184388062708,0.17019341207570154,0.00186864131658379,0.002689058672331384,0.0015792886184567475,0.0034750070639951503,0.0039443853072780736,0.0032448362192625947,0.0021851756710014104,0.017524872065804404,0.00952786791933685,0.02877546595754387,0.2325891948741029,0.00398234626028637,0.0145167770969336,0.015495276331834361,0.0028453284038489545,0.007830932887511162,0.003624859160321773,0.013869427289663476,0.003401406876326778,0.005770476993231417,0.014117773486076745,0.0013855937893298925,0.008304075719697388,0.0031829112275202614,0.01046752510220359,0.001342772495436801,0.0056589302992027125,0.0040811276551791,0.004281934961359891,0.0016075300093404972,0.008550939219913924,0.004106624048561857,0.005994815866210158,8.951433876236423e-4,0.00576838389539773,0.0012425382349466822,0.0058343845648919776,0.01660796434452256,0.022180877043864632,0.004622830920964141
0.025528500903063144,0.046249439164736485,0.05590471653554167,0.016337199457420615,0.05669591803888923,0.01607470120591818,0.031012410332439257,0.005637565227178279,0.005755853452444687,0.002518039955511741,0.003959492546424708,0.003609117420765604,0.004227052020402829,0.05516704904370029,0.012515379998538306,0.155420916830645,0.00168371575228709,0.002375976725027359,0.0015541519337787376,0.0031567235859225854,0.0031508892386073197,0.0033235300601117575,0.002345078058789128,0.023747464321518134,0.00998867440938379,0.03034553230145802,0.21102743941439273,0.003729253947331109,0.014084498837860296,0.016242700352250963,0.0028887196526877316,0.009248410774420008,0.0039012429712600456,0.014346875477919224,0.003485692347184699,0.00673542765428322,0.015078771130113,0.002426308781993157,0.008526187901955232,0.0032922616566752614,0.012185372633204518,0.0017934186408212977,0.007024812890901728,0.0039675326658244895,0.004121484258337034,0.001459523483127605,0.008202034989641897,0.005214963608249438,0.00501518073567217,0.001355000769192553,0.006067804526992932,0.0013511592535210392,0.0054333888896428055,0.01774056924214476,0.0215154647060526,0.004253409285842537
0.025966007680628435,0.04896242215622212,0.04994403804813008,0.015561115574080958,0.054276337641763,0.01642752467289651,0.033860703059437836,0.0055050572486039185,0.005515458541815258,0.0026764353902938754,0.0034451342131742156,0.003975632511965893,0.0042286646479873175,0.04835572788129714,0.014058808872898124,0.15898182564708796,0.0022995460935847528,0.003060310763776561,0.0019507474462056066,0.0032647737033972635,0.003771149321997575,0.0033304958880943695,0.0024784640080978363,0.017541944425256546,0.011976114389299122,0.028542851027730493,0.22406658630390883,0.0034200515954654993,0.014510310384401037,0.013408407432807546,0.003225996882009222,0.007733424579419294,0.004018924532727941,0.012861058043705968,0.0035359748173662406,0.004729481154882748,0.014639872948477536,0.001519777229754892,0.008750972651425088,0.0028942171249425695,0.012278858397931643,0.0015068801183895438,0.0066599626415758135,0.004428551289272112,0.004244078527366098,0.0013938789328894299,0.00865125955341493,0.00585286723075828,0.005914507277568844,6.853971249296089e-4,0.005684763528503214,0.0011799258624220592,0.006117883278544394,0.014088029187410143,0.026994098028857782,0.005046712483148981
0.026183106048812833,0.04747664618617325,0.05458559389492496,0.015335650499061744,0.05853140520986538,0.015619993528794798,0.033242670049620414,0.005453366978943487,0.005833681283065532,0.002835666331922906,0.0035355324161007546,0.0043611490526591305,0.003741474080669903,0.052919400528323196,0.014856955119313136,0.14608154610418028,0.0019343117803767391,0.003012395479779082,0.0017750963099275655,0.00394983441787193,0.0035736327206612375,0.00300962097054334,0.002469419873734448,0.021708552183880882,0.01200452344788398,0.027349709115123102,0.22778097929064348,0.0037036303321730316,0.011480363090634712,0.016048183021190942,0.0030580511646025477,0.006890622358617272,0.003294542042796946,0.015348552383198922,0.0034977054758197888,0.005375752640103334,0.011725324200264921,0.001798825800580722,0.008726381960044554,0.0035252056197334304,0.012560225071496189,0.0012314392807212427,0.0075040981483844625,0.004130965598483589,0.00448534329033837,0.0016327904918724983,0.00855147511210436,0.005123025603663175,0.005074712612458395,0.0015276876001823815,0.006244119046772819,0.0012510004621235345,0.005887214837980267,0.016289400660054326,0.020698976856419245,0.004172472334326585
0.025386853431987915,0.04327539910554114,0.053652050155325814,0.015986749757929075,0.052717977345380015,0.0154440827736733,0.03379745508731815,0.005711049304869079,0.006024322423521826,0.002944570315651485,0.0037092782462737756,0.004107554879406179,0.0035246099666285543,0.053348454559531334,0.013908595170077325,0.16320138214350174,0.00177581976334608,0.002838422861931568,0.0017059454546881465,0.0035848696619641455,0.0038336247734961177,0.003158918677388586,0.002431528251884756,0.020755148228919554,0.013143899839852717,0.028446100316744737,0.2192800651221654,0.0036257470008174654,0.01596649053346194,0.011523898275725523,0.0028856203523669847,0.007772570064716306,0.004000117215353274,0.013885944633059687,0.0037422428708753625,0.004635239730135239,0.015515192315471793,0.002058846953120601,0.010704022354333851,0.003115889529214331,0.011718660377982778,0.002140952212883827,0.006080089279361036,0.0047313277206041645,0.0040042800846989334,0.0015717384402163207,0.007875895816791498,0.005328149772845529,0.005566969800700502,0.0010742056915060993,0.005724315894919414,0.0010621470495834995,0.005172723639363603,0.0157642662842118,0.020625620709775354,0.004432107776904744
0.026462093652297566,0.04574129295957303,0.05736581179472754,0.015578078111798404,0.05474419658511455,0.015659354377662495,0.031781369653427885,0.005681807090062682,0.005636440539716301,0.0029837085019077136,0.0033405800309755625,0.00359425889124874,0.0036204897818209293,0.04903115776970481,0.012992689635241878,0.16493422300982763,0.0018485837167612172,0.00205699463482607,0.0017937430625154184,0.0034186194886709253,0.003284704358800409,0.0031930078273843384,0.002070589149082098,0.02045994893103389,0.012695794595836744,0.029905425771664614,0.22320653194952997,0.002902180739563153,0.012464580272666989,0.014631191560935659,0.002680733715435823,0.007843753169067276,0.002920420273183182,0.01466824238645236,0.003668291400666046,0.0054270023821246,0.013550657583665797,0.0018346842075513481,0.008973189539381997,0.0033556480049585953,0.011811409291263002,0.0013310955082767768,0.00585562013227002,0.004428167071515291,0.003951205829684476,0.0014938825253235726,0.00910147787342647,0.00496621555672255,0.005634650960305095,9.047125531969561e-4,0.005773475151558089,0.0010319544740445528,0.00595014523331104,0.015581205347493278,0.019970071853219716,0.004212639531522917
0.023507187647100046,0.044855242267718164,0.052371504924432474,0.01664624367641701,0.05716973255831222,0.015323822420531017,0.03316120823388382,0.005308839877700718,0.006221544434506608,0.0029896660436597145,0.003842163414002675,0.0039756761723684884,0.004191483908036038,0.05903653332309709,0.011755588404423613,0.1444616714380214,0.002157435001942449,0.0032126528347863467,0.0019154331326540015,0.0030873248130486412,0.003595093118538937,0.0038551639551262806,0.0022447469442560203,0.0188825172645696,0.011519221857005947,0.034128753131157465,0.22868423783454472,0.0034094593191055607,0.014986857038435162,0.014264807971871584,0.0030912314415008175,0.0081497798328438,0.003611374550681217,0.011854913257419717,0.0033061720810711043,0.005303679558600584,0.013860169821478833,0.0019914910751308345,0.008794739408093468,0.003519517054715778,0.012128069063884656,0.0014860006664658833,0.007108281825199415,0.004608608692101257,0.004126244568988353,0.0010732366306084597,0.008530006961374471,0.00554578689515384,0.005650207474741224,0.0011516753804607705,0.005692110005514074,0.0011633774672908746,0.005558304887818002,0.015439187350455599,0.021943724436359186,0.004550296650793899
0.025345896769607038,0.04263439878009881,0.05329622341963656,0.016873791750361425,0.052809083698623804,0.015120964965330176,0.03198262945013642,0.006003869434601027,0.005572638717731231,0.0028665189850059047,0.003520269423222244,0.003315238635376016,0.0039987186556068475,0.04994333507559336,0.010957110585004082,0.1631922068392023,0.0020400280246370235,0.002513101436713666,0.0016688744018274438,0.003423854461676588,0.003452718245188517,0.003325424844382212,0.002575097441876341,0.02486850065608694,0.011334757224896826,0.030175480784746554,0.21531393500497442,0.003668710115554366,0.016368991247288467,0.01508524241805163,0.0028163492241329432,0.008596857200035926,0.0038482617869406385,0.015494532132179531,0.0039030413529964904,0.005066167237315713,0.014509733190362478,0.0014901073841639676,0.00982420900279695,0.0032478272560619,0.011822183720236653,0.0013029014818849555,0.007554625172810788,0.004660156460344335,0.004278785213929231,0.0014966147463014155,0.010547207177349244,0.005266055554234969,0.0052219379061490675,0.0011963997270647091,0.006525663691423146,0.0011654504641514794,0.0055300408903311395,0.014914005336594576,0.022352424233458092,0.004120850963711418
0.026023446878484867,0.044072939978860644,0.04874251626074349,0.01650491459816614,0.05693390223161255,0.0155821248887535,0.034003130881301816,0.005864011082593824,0.006071911588258449,0.0027498885123818178,0.003694217849616331,0.0035219732720887945,0.003817807063662046,0.054910330001124656,0.01153733882657491,0.15662602431937317,0.0019248991741152091,0.002395681921939167,0.0016990126681223007,0.0034367236078022816,0.003542550638490992,0.0033062315174967804,0.002826188912078416,0.018506985986890507,0.01170642573622839,0.023828750775224627,0.23538415523567982,0.003206628222157176,0.013096340427773946,0.015158456342443328,0.0027738109631167966,0.008013501922203979,0.0036328959498936842,0.01641988869414452,0.0032567469715699174,0.005495286180940421,0.0148148959836619,0.0016868599920958768,0.008558499991660435,0.0032446884639970104,0.01251679244932431,0.001323531394217087,0.007171233800654743,0.0047135340654521915,0.0038372043564867953,0.0010466773468095756,0.008089492389414315,0.005402374903708209,0.005546864814734916,0.0012098779477901429,0.00534725022346073,0.001154582620810157,0.005528439407461815,0.013729253649204952,0.020480636321181127,0.004329669795964485
0.02563534529067907,0.04853946038430716,0.05343588074372638,0.015644832320938478,0.053578538271554225,0.015968647534235464,0.03101444113902491,0.005591533589076125,0.005599552536426082,0.003117861412625358,0.0035261958116975757,0.0036872926984018745,0.003933442835483129,0.05339941436289586,0.014644784139315267,0.16342219257027724,0.00201084325622502,0.0023582287088827676,0.0016511055712503115,0.003968354890166315,0.003864621081054109,0.003143181158331514,0.00252581559937221,0.01959824044316996,0.010508636587874279,0.031219164189846466,0.21820501522793356,0.0033263902013919116,0.014198530625308787,0.013573821540740012,0.00295252551104819,0.008548356801810934,0.0037418249356168604,0.016835296822111243,0.004002969339396572,0.005396946317912306,0.014074716189220763,0.002709562725005373,0.0084435126007131,0.0030387460959626716,0.010446534856020855,0.0012643975700010164,0.006347576833952966,0.004390146942352841,0.004249021478401163,0.0017148477541396657,0.008092466170561571,0.005182142879661786,0.006241894414229095,0.001159775496100552,0.0058817366272925446,0.0012244943458582086,0.005518912169385551,0.014951002636508956,0.01823186505274524,0.0044673627117785015
0.02731602918306058,0.045877049321387635,0.051041365396580954,0.016512683700381715,0.057212801798663136,0.016222027303133723,0.03425907379375535,0.0056496909707701,0.005787476949407415,0.002657496726135249,0.0038634183366140495,0.0039832034377138455,0.003979003237321227,0.04718935555867392,0.015139459046610638,0.16680220996304432,0.0020685901047156428,0.0023281750834273445,0.001630354251160123,0.0034033091775541808,0.003715503753894834,0.003291278430878511,0.002552877497901446,0.020223103224281908,0.012780182900387583,0.030845596357981786,0.20752111794423722,0.0038597726260221604,0.013616352136105812,0.01500501198564871,0.002782517359933648,0.0072822593561711136,0.003186303593057296,0.013551997321580125,0.0041539479491969735,0.0063679326866200835,0.014053129487842674,0.002417064324259608,0.00892077585049049,0.0035966290538867224,0.011145680379977162,0.0015245435236754656,0.006928358858173955,0.0046411034980016735,0.004153788326750747,0.0010756159309634617,0.009837573278843192,0.00542149645213873,0.005071472036574857,0.0010568207442733836,0.005717024581833279,0.001099096500640624,0.0060235212394759395,0.01701998062724784,0.021958676806970747,0.004679120033969127
0.024310847507406693,0.04492498360674047,0.0514141271785052,0.017065491643134468,0.05554837021109688,0.015090565881734805,0.034278083612296714,0.0062573469762497716,0.005629333392438254,0.0027212521728481845,0.0034952153566597598,0.003624149894595865,0.0036719429123028705,0.0526212768526377,0.013771984126429222,0.16748177537567116,0.0018536563506469693,0.0025272939749517178,0.0019457501093587395,0.0032101939287840116,0.0036148393193797834,0.003883592282298918,0.0024297161019584596,0.01961345049954523,0.011291868061706956,0.031005687279474985,0.21621394707224545,0.0036730372819175866,0.01411774605121046,0.013715791029078361,0.0033301667088432942,0.00835842669771405,0.0035939715641365587,0.012776068999343769,0.004195109227564691,0.005686103923818676,0.01313263494725052,0.001478227768140912,0.00837688793083379,0.003227144421421513,0.011733006949039152,0.0013482263263312128,0.006824028929473342,0.00446176665611239,0.0041588035553173685,0.001885325176564401,0.00928719736860995,0.0048724370540005335,0.005494504324333668,8.990505300672579e-4,0.005650794837526581,0.001166336950731341,0.00549719816670314,0.013753164279094305,0.023170758103966387,0.004639342559755475
0.024419432245222535,0.046742963821750326,0.05808783090523491,0.015475611061277485,0.05512334672835471,0.015005101782157143,0.033789670561858665,0.0058163246716474975,0.005943517732091993,0.0028998325844515854,0.0035459254734309708,0.004063138729853081,0.0040155517596571575,0.04703422825301289,0.014436546721879329,0.16386751531602803,0.0019086012767472202,0.0024334907549223494,0.0018224703320555552,0.0037968587908977537,0.003830348949143525,0.003374855861643572,0.0019858804920190177,0.020200828202052972,0.011387104806868746,0.03392683631465905,0.20887417892906132,0.0033511740564437544,0.011525828798914069,0.01399380977635619,0.003490873016432551,0.0075454450558735875,0.004259054192872067,0.014564747394606652,0.0037683111195722873,0.005988091061885514,0.013586499657517107,0.0025986068001276038,0.010124593913372231,0.0033492255406275474,0.01013076113877996,0.0012945644501517492,0.006479298793037586,0.004822091792742105,0.0037464972937055804,0.00135307942843538,0.009141467451932993,0.005357917250609513,0.005691147645339657,0.0010520314259450094,0.005883772247210463,9.892659758788378e-4,0.005858898557318167,0.01768480428168173,0.02408569339665091,0.004474455427999838
