i2_health,age,household_size,cantril_ladder,r1_1,r1_2,week_number,hl_covid_num,vl_num,region_Islands,region_North east,region_North west,region_South,gender_Male,i9_health_Not sure,i9_health_Yes,employment_status_Full time student,employment_status_Not working,employment_status_Other,employment_status_Part time employment,employment_status_Retired,employment_status_Unemployed,i11_health_Not sure,i11_health_Somewhat unwilling,i11_health_Somewhat willing,i11_health_Very unwilling,i11_health_Very willing,WCRex1_Somewhat badly,WCRex1_Somewhat well,WCRex1_Very badly,WCRex1_Very well,WCRex2_A lot of confidence,WCRex2_Don't know,WCRex2_No confidence at all,WCRex2_Not very much confidence,PHQ4_1_Nearly every day,PHQ4_1_Not at all,PHQ4_1_Prefer not to say,PHQ4_1_Several days,PHQ4_2_Nearly every day,PHQ4_2_Not at all,PHQ4_2_Prefer not to say,PHQ4_2_Several days,PHQ4_3_Nearly every day,PHQ4_3_Not at all,PHQ4_3_Prefer not to say,PHQ4_3_Several days,PHQ4_4_Nearly every day,PHQ4_4_Not at all,PHQ4_4_Prefer not to say,PHQ4_4_Several days,d1_comorbidities_Prefer_not_to_say,d1_comorbidities_Yes,vaccination_status_1,vaccination_status_2,vaccination_status_3
0.02484554709973352,0.045321882360846465,0.0536689846900214,0.016989349618639762,0.05014298125630818,0.01583457538480283,0.031859486442353924,0.005673582630657197,0.006514985020717265,0.0031813203510009315,0.0036276036288358246,0.004032445706372741,0.004019850121246417,0.045652036969871794,0.01245478070322313,0.19172480078184387,0.0018768024765886354,0.0024471685523733853,0.0016669177710391648,0.003620929437848456,0.003642168400212753,0.003242153740796473,0.0019685706315303144,0.015354133175966685,0.011225290974879221,0.027281942808312226,0.21623736253224554,0.003260592950409645,0.014634862425467684,0.014784205653328681,0.0029038062939331687,0.007139431060179223,0.0031567960394965726,0.012112141233460508,0.0037743848078636132,0.0058279991638931225,0.013092930085137486,0.001879592433241319,0.00952918807916324,0.0034872070724818677,0.01011282545605568,0.001185015728598398,0.0068791492288814765,0.004419810965095235,0.003991706142329681,0.0012332165637976404,0.008503580950553079,0.005123397246870924,0.005651704580940419,0.0010256003566130318,0.006175874102754341,0.0012254721343791543,0.005835782006207786,0.012468371345484432,0.022160333749492563,0.004317368875621929
0.02672455000916539,0.047673863028732215,0.055356846534951404,0.01601863719136744,0.05634536445010611,0.014660648011960136,0.03145512271874306,0.005869539506995455,0.006251774520316587,0.0030644438182311847,0.0036630334537563914,0.0034399119250894256,0.0036034074433550427,0.043820212671902226,0.014558212622145954,0.15889481820926935,0.002088550484611532,0.0022962547732884413,0.001690333325086335,0.003172637165729939,0.0035386290152234247,0.003745552170334871,0.0022810836140376004,0.01988639131680144,0.012346825821578662,0.03089190917441284,0.2244847633571768,0.0034156265097741428,0.012985159241676524,0.01156006715956152,0.0026714056811060535,0.0075695296033263275,0.0034536132624391523,0.015052405680485353,0.0032245630942672656,0.006060005197067882,0.013416754400111166,0.0022092634671819493,0.008200197287683736,0.0032552940146140866,0.010928341604922877,0.0012629835568933594,0.0060333081184910774,0.0043366674333206266,0.003981543791767666,0.0017428804049393401,0.008135837576429,0.005602126801669417,0.006099139433292649,9.122052825066922e-4,0.005509247829815908,0.0011049830232394363,0.006570013337837693,0.018738155197454816,0.023580789804137012,0.004564575869618087
0.025479187240872874,0.04821046265008315,0.053405764436785845,0.01638144830653795,0.05516624958922559,0.016082439340777185,0.03125702836875732,0.005861545955233577,0.007036373418271136,0.0028962002314149,0.0036750140608851774,0.003555305599343929,0.004031892848544656,0.04984552236671341,0.012961633362257629,0.16253859112155564,0.002032610802871349,0.002961899774116364,0.001437907940347205,0.0035664279914511153,0.00353917127830752,0.003681543525386612,0.002349508679028675,0.023456358215979023,0.010909228792455053,0.02886197609362185,0.21890754818383545,0.003578278337406311,0.012619749464782325,0.012915351592650852,0.003318210428229274,0.008101740028134996,0.003960509508325319,0.014127564027725536,0.00396625758438049,0.005234905108902928,0.015336978036383385,0.0021235808620732512,0.009858363076559908,0.003410568430488672,0.010541537841686033,0.0011832644476501934,0.005806243906067436,0.004172196874414005,0.0037544509625139504,0.0016087463210352365,0.00784628632833919,0.005445077189044773,0.0057145280656258545,9.3067141336508e-4,0.0057414285393830875,0.0010534425735034606,0.005416909228739181,0.015403547228211724,0.02238220758742122,0.004358564832296173
0.026539576827990508,0.046112157358201476,0.0500225427083991,0.016607017524375284,0.05795049544606732,0.015538865301855819,0.032714796022843586,0.005777309402807421,0.006482218069770554,0.002930662582979256,0.003912373311312979,0.0035308984434998508,0.004078425395047792,0.05109373178920236,0.013494966757698242,0.17033376168286357,0.0018481468415105333,0.002304397927699066,0.001767896073151398,0.0034833013057961556,0.003244775350236978,0.0034019205958956003,0.002827045793748288,0.01867470613268787,0.011040150232696656,0.03153240006531269,0.21165958257454662,0.0033130429803786663,0.01408685587862756,0.011862308203096411,0.0025047613033511006,0.00841316163253211,0.0038838749148106533,0.014370370308045659,0.0034032775941113856,0.0053197940634003025,0.014977592385416941,0.002345091874370295,0.008257477739491464,0.003363113105828247,0.010609340550661426,0.0015659217632731095,0.005490820305956451,0.004835594080935387,0.004313780403063366,0.0019178176903492058,0.008050591560023747,0.004949474059407826,0.006006455473430683,0.0013842840456689868,0.0059994599575957964,0.001198425339661797,0.0057849139025828505,0.015561269988995327,0.022782439182164688,0.004544568194571524
0.025380876108318514,0.04794311765916264,0.05156885786749225,0.01594643074009209,0.05216135199871962,0.015260204615097655,0.032848057786824474,0.005749039509803861,0.006449835586899419,0.0027827282833961914,0.0034082131528298696,0.004554882810589429,0.004016227880208208,0.052601220722162535,0.011987505170410006,0.14961542949211828,0.0021551206705577902,0.0029494494138821757,0.0018765048638749126,0.003294468584499644,0.003653929181508657,0.003542671638529295,0.0021593637409881737,0.01833843266531112,0.010840842733152705,0.030605413950065063,0.23066620065348037,0.0032053330115065946,0.012333991346507667,0.01536538922905476,0.002788993520568923,0.0080118924465432,0.003330706363901059,0.013263482748453737,0.003870544292026756,0.005612948299000366,0.015242568749529112,0.002329958941932978,0.009643576652781352,0.0034084179881406153,0.01148827344273599,0.001238370982216791,0.007882770678314903,0.004182538342854604,0.00406620148115488,0.0017369720617974773,0.009046051548050698,0.005600408901602285,0.005745294165197669,0.0011103912725923734,0.005764904648386147,9.681895771430259e-4,0.005824735548940664,0.014959001952856592,0.024819102736979022,0.004802611589254751
0.024916909332354836,0.045371545148842576,0.05024737957288156,0.015969542193976356,0.0582739774957979,0.015347647434510095,0.03180136925186854,0.006455093566577183,0.005680810636705526,0.002513200757028336,0.003662717992852539,0.003854976559984093,0.003954216312449349,0.05520122687734442,0.015594278182590897,0.1643527167691656,0.0018478995483234744,0.002344686920140604,0.0018451464461899723,0.003271127281536861,0.0034259769269823696,0.0037751748906569883,0.002451939151780714,0.0202524790001965,0.01091736784425324,0.029978707380073213,0.20926142372378415,0.0031627337948468264,0.015524650796147187,0.016230280204652146,0.0032286799814922017,0.007946564246592649,0.0032458129646191687,0.014213947957584116,0.003409799781785194,0.005021388596244363,0.015485105998927088,0.0024843495165173136,0.009945473562562118,0.0032900545974722645,0.014094137347678655,0.0013703320162258932,0.006866067949664301,0.004996317105741509,0.0035446207323064777,0.0012807295126785361,0.009828067907512972,0.005189436563744346,0.005173493403023915,0.0013970210753056424,0.005540947237036514,0.001023054021017059,0.005532529792297169,0.014002745950783548,0.019538728771690106,0.004863391415002814
0.026930686960646356,0.046761930874847944,0.0515922015041294,0.016325438821292105,0.05423665620836685,0.015691972647825368,0.0323145070082949,0.0055923212766909106,0.005953430969130756,0.0025514205673722173,0.004192638781432646,0.003518081170370303,0.004323274920101214,0.04760884275434006,0.011661225783009372,0.1690107335714904,0.0019027621613944667,0.002248634558445386,0.0016944544238699955,0.0035333708302709927,0.0035592596284194857,0.0035069396840062403,0.002212996036756558,0.0198971616752439,0.013077035204782744,0.026540966468527903,0.2229131520162349,0.003336389071285252,0.013299794306672844,0.01345903700424098,0.0027222262990739825,0.007326896247434829,0.0040937905921060586,0.012995278566236454,0.003898069755745055,0.005579488125519687,0.01482010038102186,0.0016813093928583814,0.008284933524227113,0.0031321141792398145,0.01044298688690985,0.0012369151530994594,0.007586858427621385,0.004623011244211213,0.004118959964265949,0.0015973510663870058,0.009581711576800553,0.00484515269474628,0.006194606712851222,0.0010460887335686498,0.005369738955652712,0.0012225318975684213,0.005801108310691446,0.012915475179918368,0.02492442091512964,0.004511558327622188
0.026275471111061603,0.0472683629658403,0.053253075286003024,0.016758162648756087,0.05964190861305394,0.015608935110647173,0.03345502399324944,0.0059167833993658,0.006538802254870389,0.0030502104897501712,0.0033347386609838543,0.003472359018745287,0.004164088107002936,0.048378387731845,0.010965753429490478,0.1626403511329834,0.0019537805380706722,0.0022958895310033604,0.001630619913582807,0.003417722697615149,0.0032916878671767377,0.0032806422994809434,0.002610588097021892,0.02013231844426489,0.011963496054530415,0.033488432995305586,0.21665777519800974,0.0035706826936516903,0.01321181156930514,0.012815231001616917,0.0034188464264926655,0.008055162311771124,0.0034818295694089506,0.013546446368922268,0.0035433773024789632,0.005539360633236472,0.014096549990690477,0.0019318958022435098,0.008750104732555676,0.0036676119835490025,0.012169475325848266,0.0012461856699195457,0.007544661088289613,0.004001241364914634,0.004192684073060366,0.001426686028157622,0.009156906013828823,0.005499658454112973,0.005614626275310929,9.374122661159873e-4,0.004660132852313112,0.0013533184151920624,0.006265622906923539,0.012914559658439791,0.02167360611753883,0.004268945514399962
0.02814912190228045,0.05027147788516047,0.05489336885804817,0.016582799471556678,0.06114332945593206,0.01646655578076437,0.03220404396278896,0.006539387806014816,0.005898809775022222,0.0029719404692401803,0.0042238897229419335,0.0035846110586161255,0.0038839781942705035,0.0494090635666148,0.009599422143233498,0.16542243849902866,0.0019978483887188436,0.0027595052795704117,0.0016406022519990526,0.003603072823396389,0.00397910217150536,0.003415103889610905,0.0031712363969640207,0.017709000211503578,0.010439813342391144,0.029527101578012832,0.20543416605960843,0.003681725233150562,0.014290442974497608,0.014627060848246734,0.0031316902865990886,0.007233868508016059,0.0038965259165663732,0.012564609590084092,0.004263782118303117,0.005457197462414206,0.01599607181590209,0.0022102397355357696,0.008423804114584377,0.003105417014992379,0.011504506467976251,0.0011043549294160316,0.007140053197041611,0.004585271615148601,0.0038272441127433585,0.0011987328121463568,0.010614203426486711,0.005473052354040194,0.005371908115382885,0.001051316556573686,0.00503970708803672,0.0011493997717230901,0.005918580513139045,0.01615461915998144,0.021326960036317386,0.00473686328015935
0.027101957392525647,0.04501129317428518,0.053050051210274646,0.016459502296864464,0.051409521195985415,0.015008711139304092,0.03336896890520045,0.006461546137650849,0.006943651330373568,0.0029722483321530818,0.003495100942491426,0.0037411511790080335,0.003862166729018516,0.047569409571873715,0.011631880186733683,0.1547207563411654,0.001918484422479479,0.002460054484208305,0.0014924943300074981,0.0029850163336598502,0.003573178910287115,0.003523918647532986,0.0021419203718595434,0.015021430084018543,0.010628043353596095,0.02961032389919601,0.2382057387206827,0.003755459220438934,0.012747020021529451,0.011808992654613588,0.0023953512793545464,0.007469640686546734,0.0037877141134995346,0.015008879330215715,0.003322325058119449,0.005163818622576075,0.015136235902826539,0.0020901011350162816,0.009022398296169888,0.003318709507385672,0.01155639643870074,0.0012163042668396845,0.007470972028827105,0.004351607254875297,0.004026753791883845,0.0014548268263768038,0.008790661112334943,0.005517679367366091,0.006193427295975067,0.001001755407358253,0.005889835732821995,0.0011906143372825279,0.005185158715455416,0.014797075079659822,0.02664721633028282,0.005314550563230923
0.02626722447002035,0.0462348960795914,0.04932546918156857,0.015507148921228836,0.056336818387385336,0.015013334881854709,0.03257077501548302,0.0061035020048708566,0.0064936000112587955,0.0029669646799514292,0.0036199279643978005,0.0034244623894195236,0.003708756651164838,0.048580978336016614,0.01235515429767637,0.16521175748133668,0.0022021560908628566,0.0025789528766735474,0.0018015111099038677,0.00330561204520202,0.0033900834131487373,0.0034484063086963578,0.002120155448447716,0.018608435512142144,0.011964842582407613,0.027640988365300084,0.22511650533791197,0.003695945697054816,0.015357334003839753,0.01215130801663061,0.0028994940391057966,0.008484051695088575,0.0032145332956343858,0.013623409585244824,0.003619427400145936,0.005841785117363164,0.014671887757062822,0.0018717397337957547,0.011103107254937572,0.003437545039236518,0.011799914636904529,0.0013417501596960841,0.0065437845468028525,0.004700138323335894,0.003877039972874915,0.0011699698308224285,0.008197065961256038,0.005400703191409322,0.0057873804197360245,9.653042565331539e-4,0.005143757400745853,9.722029632889728e-4,0.005644255109822645,0.01605231147105961,0.021581874726803667,0.0049525585498454636
0.026140226197788104,0.048659195952760866,0.05444918840721313,0.01490803419648815,0.056845908676837247,0.016331842915766497,0.03148212299802499,0.005467290819857191,0.006748065427178538,0.0028592808663552662,0.003638462539864159,0.003818394828801724,0.004020162962199756,0.04798899369926235,0.011816527695572086,0.1671455650179323,0.0019281824589458458,0.002592585130857708,0.0018198910202416325,0.003524773519891968,0.003819692684735412,0.0035602794362759906,0.0032096801414077452,0.021217945966828,0.012020186870026265,0.02892310801481541,0.21312714546857014,0.00383726312340375,0.013456021584779888,0.012992059221800188,0.0031765439840799586,0.008018651183872077,0.0033055686016520936,0.01491479910755813,0.0033342442368054057,0.0058848102239022785,0.01325814914824606,0.002206675530974743,0.009448106878555504,0.003386831010224579,0.01021095287858213,0.0013196561737705559,0.006681796550558367,0.004351267575159073,0.0037550060764186062,0.00178715821190651,0.00987523959100279,0.005452103330885323,0.005508733105609455,0.0011956483784635596,0.00603737960951803,9.60440490209775e-4,0.006035206188640708,0.015058641093533456,0.02247515513512936,0.004013157860259217
0.026049595425699328,0.043485269437329145,0.05364110446551539,0.016631026110412762,0.05785330839690403,0.015707601832854284,0.030261834073935085,0.006321582673630079,0.0069391190511594696,0.003062182382173412,0.0035170108677054445,0.0039645799191588725,0.003835704977596324,0.047841817366854666,0.0118241660935435,0.14914464069194608,0.0018545595479621802,0.002784767600503261,0.0016072705230968673,0.0034473945575582555,0.00340577625074989,0.0036203753207682842,0.002571212896232431,0.019657896281322015,0.010888097961345784,0.028578674803293923,0.23964533608169775,0.0033560482319666108,0.01307083769066648,0.014695602188865522,0.002920509766713001,0.008270564264754138,0.0038309591510718275,0.013837699061957793,0.0038588643091813086,0.006002519450320167,0.012212357648891498,0.0018444306795414875,0.00813412341947014,0.004094823189023903,0.01255969827676161,0.001229716773289977,0.006985373528540633,0.004668373998860954,0.004129654619571347,0.0015041222095959904,0.008187565976999088,0.005766058596466688,0.005872364640663934,0.0011782410986737532,0.0055641917777249856,0.0010526773150608155,0.005438035000041385,0.01619696895579037,0.021099005964412137,0.004296706624173895
0.02463574533087465,0.04366118747691919,0.05549946922028051,0.01608481735330151,0.05660795824268274,0.0151929132655268,0.034181072105816404,0.005326639964340005,0.006831438609015312,0.002740728370508198,0.0037289660074042337,0.004193568346414576,0.004360328011512346,0.05180505428317488,0.013774286747929316,0.14870386278183478,0.0021073708537255047,0.002816749263752062,0.0017297643874806486,0.003549860958034086,0.0035680045472455337,0.0030711992771176528,0.002918898153107663,0.019673404174447264,0.010448941617404856,0.03159973411766269,0.22380049957914455,0.0032082817592013037,0.013975955063935945,0.013670383255971426,0.0029140886329025385,0.00877364457188477,0.004150560756047576,0.01411196581998649,0.003695750782394764,0.005296525069829422,0.014473177026589342,0.002020569058185281,0.009766552586429654,0.0031683603773878188,0.011730673368918145,0.0016021444608386316,0.006497707236577565,0.003923144207574221,0.0036909024698875714,0.0015150793980969214,0.00887471693892603,0.005383913899966045,0.006007028351260951,0.0011629101486118447,0.005891423241039942,0.0011755857260622173,0.006039082932521326,0.016328412933135132,0.023908178186304065,0.0044308186928750555
0.024749032731991163,0.04699510148535576,0.049292728148975375,0.015355696109245707,0.05106615834714985,0.01567822503661062,0.03183350908718593,0.005474320399598643,0.0060117116200805835,0.0023226610543563265,0.0032487123198865703,0.0036704019261729983,0.0040388662722478244,0.05164530883846401,0.014047425656773273,0.17446660981971762,0.0021419989344959394,0.0021248752600610352,0.0015954397479848686,0.0033255165918423487,0.0036298463140264636,0.0036045102218696962,0.002813745894282156,0.019512715213381174,0.012554735762825193,0.029040659589476117,0.21432927166604804,0.003630140871973594,0.013877415116431407,0.012622314371817309,0.002802116849342326,0.00889528503073075,0.0037670840956665727,0.014869433445310415,0.003844413456105062,0.0049923163248318065,0.013323576269493773,0.0018173790100566307,0.009532647546795305,0.0033060579553813477,0.012832057963577293,0.0016692865133098192,0.006898011505009164,0.00426823724014736,0.004372484337087185,0.0014196342412700408,0.010086596614974406,0.005547767873081298,0.00578414814060103,0.0011371046940307878,0.0049900814229928096,0.0013114219533916969,0.0057552625077088825,0.01765965646373687,0.02003235676323837,0.004385927371801418
0.02608239534873186,0.04450910845769721,0.05472162658747276,0.016288478864097268,0.048840339123915145,0.015651264497162903,0.03178186172523841,0.005478210092379065,0.006122892327591026,0.002515235959511288,0.003619600455717716,0.0036152448323094853,0.004003492473273056,0.05418251001799438,0.01516247668241647,0.16593926822062455,0.002290673426337021,0.002772881957351221,0.0015624073421428265,0.003875616027455222,0.0033825138996900045,0.002720078276092707,0.0021930482098351588,0.02280091648187001,0.012692545862193604,0.030296002611165083,0.2170354246763159,0.003426823568586498,0.014284988798961716,0.014666468303828714,0.0031054637431799483,0.008663151196354467,0.003988121415216011,0.011775229255031846,0.00391618246024101,0.004820086992707499,0.012313551896097107,0.002163265255160265,0.008937179570069845,0.0034080554263775137,0.012501572601821024,0.0014532729514228854,0.0067242555295608675,0.00415356005130312,0.004170219594498393,0.001048351984330422,0.008907849255307439,0.00508097151102949,0.005709571095255035,0.001331501477057284,0.005377586836678724,0.0014023174695607322,0.006078111033020705,0.015246579040480733,0.02074549496063322,0.004464102289646124
0.024723472105640295,0.04791735076616916,0.05481589856210019,0.015575033490720308,0.05134377157818875,0.0150355794412319,0.033514057446308164,0.006096300133207173,0.006807301179551511,0.002963267450696461,0.0035343746826133307,0.0039930162325465075,0.003975042930987226,0.04737512620852299,0.013139900808882015,0.14877546004807554,0.0020363462428273672,0.0026648051608315414,0.001798605960805577,0.003759771637986846,0.004050224425665303,0.0036574761191455556,0.0021772295450955674,0.02008086016215114,0.012831752715952596,0.03434021088401834,0.22438777965478005,0.0031564602400611028,0.013261668492163122,0.015264577386278516,0.0027359675375841276,0.007690537217867921,0.0033337390338356028,0.01390919276290765,0.003818193343604322,0.005965406961454103,0.015033826486028187,0.0021080825006336832,0.009592631985056672,0.003640499317196844,0.011384021671920673,0.0017799609879957444,0.0074737646185620175,0.004830907599596771,0.003886526571689047,0.0016875773199138897,0.008900582461093834,0.005328447148807318,0.0056833723130112375,0.0011456076328101607,0.005681955662608228,0.001193894539701888,0.0053835330720944236,0.014539442243667355,0.024926304807147217,0.005293302510007
0.026352554096628823,0.04526726563145486,0.05827840535112569,0.01701948650458848,0.05529895220677245,0.015114590552454843,0.03371956993510818,0.00579791330563789,0.00628652708535194,0.0030594216694259132,0.0037521005185227785,0.0034923650684188174,0.003908013227756098,0.05181194995862585,0.013227471673373991,0.168179647117985,0.0023056629635662858,0.002648618876893732,0.001873192027404931,0.003343437704719632,0.0035734050518598914,0.0034684336635646194,0.0027258253235742593,0.01946530916353954,0.01123150657949344,0.02687598233043796,0.20446412293448568,0.003399548695724417,0.015203426931366774,0.015857079441120466,0.0030871330624695132,0.008483644069446817,0.003436346435429565,0.015540878091439964,0.00357548386651948,0.005742589975155067,0.014459171757860259,0.002119759706269955,0.009888769879367989,0.003431589813639095,0.013334995089634007,0.0012472961276391065,0.00623290661077858,0.00467223541775385,0.0038781054149513174,0.0014712237199684096,0.007102385508374356,0.005543290692982221,0.005835486410053786,9.720583596850163e-4,0.005632109368238403,0.001005300113677389,0.005604149827976866,0.014310696928124523,0.021881597861156104,0.004509010300425114
0.025289498092111437,0.04838547695281912,0.052302276148982856,0.01527791817893644,0.057733413458165996,0.016209261339100355,0.03435543084557304,0.006057616494508746,0.006577547624109882,0.0025510845280458487,0.0038469588551871773,0.003474918679647873,0.0038900428968082932,0.04930234905150472,0.013529989228208049,0.16956664305021243,0.00184043746414631,0.002588758825011188,0.0016706685448765282,0.003639666217417383,0.0035759691144721254,0.003148536963179279,0.002605749138869055,0.01687767177639763,0.011474277540196195,0.023397282931035275,0.213522986886779,0.0035665471659989834,0.01537724505793585,0.013964575670381828,0.0034497345104943684,0.008595909778547597,0.003533107023460012,0.012376518168606496,0.0036984423591746823,0.005273395304911468,0.013496672408530497,0.0016885538074236453,0.010144438887651881,0.003273069755975488,0.012116740456911704,0.0016859814470979772,0.007656953814961453,0.004682724517154654,0.004161428074746322,0.001406684691140243,0.009541022173512931,0.005446107431710013,0.005427358308187,0.001057283598670516,0.005773935112671485,0.0011176209714297892,0.005568805034343385,0.016592202394039662,0.022236605770230095,0.004397905477797715
0.026912504068077416,0.04263605808660835,0.058059332068908565,0.01696106445914134,0.057202380221431565,0.01601509200972658,0.03137628436251049,0.006381573280493352,0.006574063341096883,0.002853817723868702,0.003423342131197918,0.003707486347298532,0.003859645065654188,0.04973061587841121,0.012049486479956807,0.16077925084611885,0.002585496100448384,0.0027221496230383996,0.0017275191890815465,0.0028938600414695525,0.0033702031477697886,0.003336499964516745,0.0030302756777121336,0.017781922355818762,0.010817251727779626,0.028942802964531694,0.21309912332782113,0.003469316529271092,0.014468324558775994,0.013876567157382013,0.002838579117747137,0.008837562351682343,0.0032219744087892493,0.013487110197567691,0.0034416053539204536,0.006332289257720153,0.01416887940188933,0.0021279356136626776,0.010544466356184357,0.0034726515835577436,0.01199178232902141,0.0016927517004641363,0.006903529072030676,0.004695547479567929,0.0039626020719909765,0.0016016971836049071,0.008990939785173329,0.004579999154575619,0.00539271089873809,0.0012296094304009037,0.005754494573424855,0.0010531551546747817,0.0053688563009762595,0.019432826723517246,0.023969764877253427,0.004263370885946659
0.02746874613615228,0.04574246282579148,0.05556534571886152,0.01629142866129762,0.05459500070494821,0.015258922252125693,0.03531420676802393,0.005935670979102423,0.006925299993964271,0.0028404467503805996,0.0037259419310297103,0.0038264704394466082,0.004185060689511633,0.05078681474940636,0.014310720589599925,0.1587909549768781,0.0019062849850788686,0.002687700940054285,0.0017881297603894453,0.0035856712750462396,0.003779931972191707,0.003333208081511127,0.0024878778446742185,0.01766487628857044,0.011691220811550192,0.028211824276670707,0.2222823021433214,0.003392231663425673,0.014629295191294347,0.012972913775455452,0.0029625251646275205,0.007536206113221935,0.0033373863829462,0.011085861967605953,0.0039454199192446,0.00515645420231084,0.01458105167853382,0.0025051093691145906,0.009863298357034632,0.003204929416816073,0.010935792194104923,0.0016091925952612966,0.006612727601955811,0.0037624182798589654,0.0042288245995926255,0.0017524582261489957,0.008673404232560114,0.005256659999691744,0.0053187700831968,0.001360948030720974,0.005862076664582848,0.0012059158744380238,0.005440946941576231,0.016248163757900228,0.02138573511209324,0.00419076005910659
0.02632782134138719,0.043138470303800455,0.05260126510788666,0.016725807618829237,0.05030634638882549,0.015059643779624498,0.03125236111405563,0.00524393010481522,0.0065664690662123725,0.002732740826425431,0.0034108833993258918,0.003998613476616795,0.003565252943997368,0.05546808777261025,0.015569817466285146,0.16448140466562328,0.001944414089346298,0.0027436455287953108,0.0017082825431514665,0.0034834164521001286,0.003660988011315475,0.003288270960465923,0.002755298334051751,0.019213963981624605,0.011347360320779076,0.036069003164303115,0.21916337114673057,0.0034706579917099406,0.01161447260236692,0.013389955749216085,0.003186587942184795,0.008335555652918483,0.0033243858603315855,0.010641006969541587,0.003384912806177819,0.006008104036707928,0.015015406824784258,0.0019674866067813522,0.00995374224999671,0.003665967217924031,0.013546086060895806,0.0012642893153123535,0.006385431149796793,0.004614785717111044,0.0033249334235233153,0.001549865923558004,0.007160594529291106,0.0049925415704645685,0.005702462677945609,9.000992033476453e-4,0.0055388105343792265,0.0011520984482693514,0.00586067553580254,0.016489721586374267,0.02132169358393181,0.004410738320370402
0.025200112598830524,0.048717544528390985,0.049835032724196426,0.017396487700420616,0.05244633380116701,0.015131492577774467,0.03186323906903159,0.005871036480235647,0.006091855598612186,0.002745212720492466,0.0036312953292952717,0.004008580170144676,0.0037159157681909186,0.048832928438814135,0.011771880865918691,0.14312530281024474,0.0021220188499494795,0.002727413053024963,0.0017110953023130476,0.0033901806190905224,0.003463058823972402,0.003625179098893778,0.002740800269744334,0.01747579055882032,0.011713768086586454,0.02762158822229232,0.25060171494060435,0.00340074735391314,0.014975655930939377,0.014990335407050363,0.0026958268638516895,0.00892130649227035,0.0038482196609480675,0.012823169412385937,0.0032879793455253803,0.0052450264827367645,0.012894999885147333,0.0025317076118633744,0.008591567695962633,0.003181442620125288,0.01328753358208019,0.0015186492938824281,0.007198170895255684,0.0042903046023785776,0.003922809926787931,0.001491335856186411,0.008668659566227681,0.0052007361691352024,0.005670279930965303,0.0010512314065403263,0.005446391102977782,0.0012528214250962263,0.005561999610654205,0.014251866520118091,0.021474005298875058,0.004748361043066859
0.0251169381802808,0.0484405858059628,0.05687099963115588,0.016357427361537308,0.05549198651491134,0.015818358889720243,0.031376292090306665,0.005933700563452244,0.006686267739689246,0.002779845400903657,0.0033662911103602244,0.003666646045003218,0.00397008759775223,0.05528383161339753,0.011831567391223399,0.15752043965829518,0.0022572376588519253,0.002546223823082829,0.0016031826804326214,0.003367598231218333,0.003643608379376159,0.002852891957794941,0.002944308624882184,0.018429361391593378,0.010745714749486192,0.03298223306651506,0.21503178577132384,0.0036388838770048545,0.013206553110513495,0.013134930486319727,0.002932804999295853,0.007720138047435166,0.004586068308435462,0.01294842224597248,0.0038586741217586287,0.005024185072564604,0.013989888611921079,0.0020037506858127806,0.00940086850556313,0.002959483439196458,0.012717737500694937,0.0012931195481330983,0.006040881219652243,0.0045593571003840466,0.003711386019314916,0.0012465855860354727,0.008259938260770965,0.005617237176910441,0.005578457266780764,0.001135894542796723,0.005185802864591617,0.0010855055141796646,0.005912446113690901,0.016669589724286057,0.023398811094299067,0.005267187027175881
0.02693762573263917,0.042718195217486515,0.05293845052408374,0.016309722635914677,0.05328238601849511,0.015228722796613449,0.034445491231125114,0.006297979532300548,0.006626891247657638,0.0027819668806787577,0.004033102158381503,0.004194022696972218,0.00414488798978618,0.04528658169304207,0.01273390109667824,0.16542958706964458,0.0018527618987835997,0.0030139190298743646,0.0016692663220444796,0.0036091750265589214,0.003793320094838611,0.003560120133451901,0.002410765052986505,0.02020292540391602,0.012535172688995583,0.028473728908672433,0.23042826812348835,0.003462290329961561,0.015095150019382534,0.013633565323185659,0.0030920241787374494,0.007803513423671119,0.004041406431397093,0.012174069554032139,0.0034106003792811006,0.005875706412234844,0.011868815622272462,0.0016552977544834258,0.007992481444242718,0.003137569506752249,0.010953156446391228,0.0015742922803889058,0.005867991632899326,0.004282535110521498,0.003925391346506102,0.0014682869407503722,0.008889640392795906,0.0050755815501064725,0.005910027692440834,7.174405271277816e-4,0.006357803745985042,0.0010812148182149973,0.005992581385322697,0.013992038840064606,0.020537426643718666,0.005193163062020951
0.026813320053204484,0.048354010830358424,0.04850551092968631,0.017300967245396263,0.05511576955799684,0.015460000932806178,0.0339297775176089,0.005442461827340212,0.0065464724851156935,0.002944918625539006,0.0032925524671240246,0.0036916137559465105,0.0041720395529003555,0.048457311111352465,0.013672312326645564,0.15065265129351615,0.002027416734396281,0.0026663089178654916,0.0017441162610909611,0.003021259913329528,0.003661240859821421,0.0033872528118780816,0.002962651615315028,0.0197815048741209,0.011816096262643992,0.02826292726534919,0.2381376939988092,0.00391933001966804,0.012402349690095736,0.012688436934995159,0.003376964056538666,0.008474712396898447,0.003179061723397322,0.012694188007794436,0.0038406083062325967,0.005743095981435743,0.012518357261856029,0.002347273354045421,0.009078239731500452,0.0031367052980139395,0.01031729745933074,0.0013380618346551672,0.0070193295994797,0.004733197861352821,0.003392935101394083,0.0017311161829431999,0.0097389187637582815,0.005207188317882923,0.005603265502596887,0.001115035099908483,0.005719124815093278,0.0010314752899987538,0.0060764629437875676,0.01587470653212984,0.021059664667972485,0.004822737238086376
0.024981359528172264,0.045975717590913505,0.058150164072882135,0.016349599701080714,0.0559954946031748,0.0156716580561928,0.03250803448351985,0.006323971695450233,0.006165101122318416,0.003253491978171125,0.003326017049670412,0.004060638760146443,0.0038950958347556334,0.05363405100729963,0.012129340844793017,0.16374394926911298,0.0019805530248267265,0.0026846432651896845,0.0018028208041586606,0.003680401777769468,0.003653555889488534,0.003072479282786848,0.0027159482626553525,0.020393786255862204,0.012001925126607964,0.026600152156735418,0.2075395343340745,0.003464701399544298,0.012984928032893979,0.014000636417308391,0.0027094348477469513,0.009452929279413668,0.004056427502685332,0.013229157218745667,0.00394329452075596,0.005883455086072573,0.014257037239813983,0.0017843673135496025,0.008670095551991384,0.003129843785501512,0.011576040401109896,0.001243686252173412,0.006752823277172723,0.004913020133387625,0.004032535533079121,0.001329127200553706,0.00964177244061215,0.004701978745847667,0.00670618311931751,9.841932334095857e-4,0.005857151576150044,0.001142931251263276,0.006689083487951018,0.016392053529317847,0.023082864336796433,0.005098761508025405
0.02586554153028815,0.04845606063646838,0.053092155026777846,0.017031766209958176,0.05648777838207966,0.015216286819163065,0.03357647894221097,0.006141474700982996,0.006388642538932987,0.0030524423394429055,0.003794621218545271,0.0038848388867921573,0.003960493364883963,0.053129167769077015,0.011963019057216147,0.14416338988908908,0.002188326270057658,0.0027268097301781234,0.0018349119290567372,0.0035344349300072547,0.003707491873560477,0.003482166226496513,0.0022657547510347925,0.020581078022896736,0.010802096669251866,0.03362144862840371,0.21933072211974614,0.0032601199754809787,0.013465120607140198,0.01349141830866407,0.0027943645587419717,0.008421697549857634,0.004064908501055202,0.014740270451693736,0.0036038193539393334,0.0058009011666626635,0.017027813987872654,0.0020439729648153034,0.009752057099593897,0.0030490462880010025,0.010110990573282264,0.001485236091121054,0.006664843687022829,0.00400626387360429,0.0044835046431873395,0.0015498141748445209,0.009840434216638671,0.005440117127074543,0.005714345308000881,0.0011280133430098716,0.005259638707596461,0.0010451945263704222,0.005740961268468159,0.014853796503736853,0.025451823120312644,0.005430113559611784
0.025058488708451412,0.043872485504122476,0.050280457726153936,0.01580421349218738,0.05532157965769408,0.015329776120716909,0.0339765800537078,0.006346942774210932,0.006078473444329659,0.0030364906407916907,0.0037521930002049615,0.003770859779350409,0.003905477072928337,0.054743806380986644,0.014943866036137565,0.17026114463259384,0.0018928954833167993,0.002645025708630409,0.0015417649951410953,0.003730207398557869,0.003419029566355577,0.003187613610427372,0.0031787634245706003,0.020813203492798117,0.011671269960814837,0.02962692702854355,0.21365719352029225,0.003409209619759647,0.013204329657503,0.013908083516732965,0.0030407242729629563,0.007390260617334194,0.0027446343906096576,0.012694899561313821,0.003482218792001313,0.005260022697911506,0.013250605296811177,0.0022495593484583402,0.008983458236537222,0.0033927964563513708,0.011531131902887654,0.0016337077104396898,0.006475716475458356,0.004090204198536134,0.004249268315483988,0.0012025904056919415,0.008759347887770864,0.005028750945741853,0.005515746628617761,0.0011336028968572298,0.006086678589475521,0.0011709391653589854,0.007081025716449973,0.017350633782180876,0.0195789091671522,0.004254214533593303
0.027174876779364827,0.04753321132638064,0.0502440301904376,0.015540102862963194,0.056471952211910946,0.015266085257323918,0.03185496932021885,0.005700364349081086,0.006186284324865598,0.003029069442630706,0.0033751788859523674,0.0036529095196132884,0.003879180318917293,0.05017265891948433,0.013534577836809015,0.16463206554409848,0.0018310630401064101,0.00238993215155492,0.001873677472801177,0.0035461644956389835,0.003712627666390759,0.0036350889709008435,0.0024756746951409944,0.015441715399557361,0.012335607413823125,0.03108043549312928,0.22494564974442563,0.0031796023481279285,0.013192462831418145,0.015549946129203449,0.0030418606080469483,0.008210446671491416,0.0023690338151137525,0.010636360459322963,0.0037915201683195662,0.005583243397489338,0.016010762912637297,0.0020265824409544876,0.009922811169299517,0.0030929330261148286,0.011467651621858059,0.0015394794341530365,0.007087232588079005,0.004506579344235856,0.004233706413174232,0.0013184491128051313,0.008622592379240453,0.005059390092178902,0.004874368702326305,9.688147604691517e-4,0.006018609923581236,0.001170161780854813,0.005676242637734344,0.01434713580866922,0.020450804326523814,0.00453606146305521
0.026005059691877757,0.04759549180042828,0.05435922076630187,0.016672484117372925,0.057284832611543705,0.01575852659483444,0.03434805414847995,0.006467062243909341,0.006037728264903571,0.002820517896832383,0.0037149884867336766,0.003646559484211962,0.004354921578086921,0.050890814619126014,0.012985078509085536,0.15602007440149832,0.0019105414991829283,0.0027547783104442183,0.0018587694497855939,0.0032820754135740567,0.0034723518510501685,0.0035913454841101722,0.0025686507974289705,0.020720005257089797,0.012459705836108281,0.03362817492667353,0.20267241702194383,0.0031105693495085524,0.013334205688648801,0.013322870453573707,0.003623191218545612,0.008611309127017375,0.003677897303995766,0.015188232802922318,0.0036080452645533665,0.006100275212756558,0.016323316873016407,0.0016814856189496855,0.010870897189080395,0.0033777181029890804,0.011718643972079217,0.001305339144397161,0.006867880185961769,0.004087034138625746,0.004227611468322015,0.0015037403817378576,0.009694900861920697,0.005036747923317742,0.005266271698891282,8.454020404316997e-4,0.005050225126603748,0.001197342826866113,0.006130942964757903,0.019900284856943357,0.021857374388700442,0.004600012752267467
0.027275085497454967,0.04448206495389146,0.05454109697759064,0.015896874569278616,0.05352295369380381,0.01505634427036728,0.033533167983531814,0.0059214508906879635,0.006017860158696508,0.003074295518808152,0.003764410651999551,0.0040430827814140384,0.004210813194841697,0.052512331921346675,0.012759432027652373,0.14790029643819677,0.0022852164736776566,0.002794958273548461,0.0017831086266311925,0.003245656276856182,0.003729672392433572,0.003518669469930298,0.0028987878172310536,0.02131052960429082,0.012920441020638098,0.033031842963383615,0.21856965781924864,0.0032813506420689767,0.014501311726768946,0.013813896776060947,0.0033638260237887495,0.008533042554041165,0.004339694035324226,0.013471090621481274,0.003743496463614684,0.006061100863842551,0.015910612008024322,0.001942373009077966,0.008836897851461478,0.003629115447383192,0.013307103804896947,0.0010389753320431095,0.006700067184270561,0.004390135431902279,0.0038866883282213417,0.0012925618447560223,0.007904297512928595,0.005522571560627756,0.005446558434292387,8.352189827099074e-4,0.00588124978081587,0.001196808367529288,0.005274479126499984,0.016611558090016323,0.023548082901551855,0.005135733026567345
0.02589349884611156,0.04310270818245014,0.05590037545967352,0.0165647409723912,0.05425393171841309,0.01654987180202831,0.03339321383090983,0.005581777614502395,0.006315519887130219,0.0025984847189957226,0.0035239519937965646,0.0036257656834123653,0.004035051924636454,0.05641832304039087,0.014311064831721797,0.15974289444326525,0.0019815301229725944,0.0024572841927454378,0.0017465933433248317,0.0033438201613375613,0.003222392524505881,0.0034204159373877854,0.0030806046605077473,0.017479223542966445,0.011514632397770579,0.027641547920486627,0.22024680591927376,0.00363642623143327,0.014309293742277122,0.014154492140533534,0.003056996454993967,0.007692975106112419,0.004241953812463961,0.014300102409486563,0.0036144454773322315,0.006288722711416485,0.014229173789277877,0.002453029606793423,0.00981615167123818,0.003402272969334124,0.012109454198534571,0.0014901245343920744,0.007309027614360578,0.004585387823507459,0.004447134964567746,0.0016753982075524577,0.007933449104323066,0.004925830762265024,0.006110436404781481,0.0010993615974744235,0.0058383008653622665,0.0011611733561008232,0.005578901342653266,0.013514003266333258,0.018263844288035295,0.004816109873954473
0.026642030734738014,0.04205649997975723,0.048819375687791836,0.016119432033445482,0.05624893335175838,0.015939930339450337,0.033568063198935294,0.006014628660996443,0.0063521162268452055,0.00290277706865232,0.0034444883357018902,0.004013701301870386,0.0038107664732190687,0.05060166253173282,0.0120236833526433,0.15169837551555765,0.0021780645947039297,0.002953028077810816,0.0017412124864454696,0.0035876379912859486,0.003839626958760985,0.0033816766326267697,0.0029692881468437733,0.018299178457841597,0.010926451774742444,0.02893843132666848,0.22972895540600796,0.0030694920276272994,0.014649105297866479,0.01452154888970256,0.002660180398643264,0.008385244163665755,0.0038142368326810647,0.013233495105285258,0.003781808711674338,0.005781403447232638,0.014855689929739579,0.002254084468257566,0.00866848619634539,0.0035614596775984738,0.012440164480111232,0.0014188982270001693,0.0071856456935222805,0.004799035894130971,0.0039682563706752785,0.0016140412178295607,0.009248082451781783,0.005490651723560047,0.005375292257769202,0.0011221951044832186,0.005689869220354094,0.001194204459806706,0.006012286627102712,0.016669829054884403,0.02483643445560546,0.00489886096822933
0.026876292563561617,0.0463219561481203,0.05074181793835027,0.014979151461088216,0.05544778591808562,0.013965027808928901,0.03332009712844357,0.005702233617140259,0.006696050753707133,0.0027557702272060416,0.0033384540026595057,0.004142734273624167,0.0039193729935969425,0.043308471411876104,0.011887085577732468,0.15737500042329722,0.0021649504692422476,0.002629840579062443,0.0015432710252241844,0.0033825483909941186,0.0038688907371499767,0.0035019587452841607,0.002731998845245517,0.019607278990509503,0.010360494471702108,0.026919805215164332,0.24482705739324184,0.003424414748027448,0.015266267924562999,0.011997749914270942,0.003527519337909579,0.009785451998780345,0.003500361996558969,0.013568213788978892,0.0033000771781513095,0.005120021267323429,0.0119765609937806,0.0018210319157761449,0.009121485976298076,0.0033691331970538306,0.010590932535563728,0.0015255836415593587,0.006811069941992967,0.004240395076562214,0.003780258558760777,0.0015385411356882979,0.008616967807508782,0.0056505431162404566,0.0050159492726856705,0.0010306036158114838,0.005480468685032601,0.0010812817675951172,0.005913082212708274,0.015844657451581996,0.020626043329674965,0.004159934503322028
0.027548265682599712,0.042094557197236135,0.05170720840440446,0.016310647771398443,0.057826988602085655,0.01596542771582253,0.03377740278636311,0.005597201357189377,0.006243940016578579,0.002762494983391116,0.0033664683389831728,0.0038342107215640175,0.004492574233973432,0.04580352285486905,0.011902298594033286,0.15375914693431184,0.0020255855118282273,0.0021275545894408956,0.001614947286054532,0.003337601620227232,0.0035605778886716303,0.003049207169278209,0.0017616056190103595,0.018513478616455702,0.011209005444926893,0.027621206836803726,0.23742457831151625,0.003520305857312172,0.014686792173478435,0.012921545866908834,0.002879924073156017,0.008066958859563125,0.0037956965523356884,0.01325325870404855,0.003163856787409519,0.006262823080167344,0.012772106995901589,0.0021858319196171494,0.0091897609424318,0.004097367815226792,0.012291642355348572,0.001273232851344082,0.006897195403303856,0.0042306309669343815,0.004194773724337545,0.0017221515178868067,0.009142137530528845,0.004426592046092354,0.005442234224537978,0.0011196864190554474,0.005512334472515446,0.0014252606225370133,0.005823002220852213,0.016750189848367625,0.02316320262927859,0.004551798450504697
0.0271545839110519,0.04490784015940417,0.058371783015324204,0.015913650292448737,0.05881295798048034,0.015168970471352497,0.032374158073289853,0.006061489321489071,0.006737232054591818,0.0028661068523025113,0.0034499825796181277,0.004067057897822415,0.0039875498599853615,0.05309752519894104,0.011917571222818347,0.16930795500465368,0.001909208362662272,0.0022810534379563083,0.0016718740809369013,0.0036049640967004675,0.00360213761296578,0.00358937268404467,0.002004569857892363,0.01786431436147245,0.012318629364874092,0.028568674054844576,0.2060447341715842,0.003663266248357361,0.01184484050906476,0.015552382294715577,0.0033914503798014896,0.007151378700486212,0.003585889846951336,0.012968207838719647,0.004005759856587589,0.005712043701832386,0.015509976549352445,0.0016872052457510918,0.009910364192806683,0.0031662162262057775,0.011215323619248554,0.0014980874433710492,0.00676830583663085,0.004408296030881595,0.003916609969430618,0.0016977477982433352,0.008834266427594323,0.005253963488368725,0.006099845340345805,9.580735164619092e-4,0.005781234970694786,0.0012442801399526594,0.0058685400528945,0.013986627740038591,0.02205633588035699,0.0046075341733452
0.02523610846573775,0.04643622818328388,0.055864961847564044,0.016440871364192828,0.051855846440224264,0.015575272681612618,0.034852115891437045,0.0052761684422502585,0.006273901979201505,0.002823343018003332,0.003520897738974609,0.003700224403486516,0.003690698154069843,0.04914191669612311,0.014897728854209214,0.1517827347666122,0.0019520639003155502,0.002380139063113956,0.0018722670070626657,0.0035573731475643288,0.004061278654650181,0.0030561198389437595,0.0026300981811697845,0.018709699831018566,0.01162368264425845,0.03289806972636714,0.22916050906597632,0.0035507661902127044,0.013444578784237042,0.01376305346804737,0.0025181419076992064,0.008685134911157404,0.004070292557795897,0.013048794038436062,0.0037594050540787193,0.005741414949190369,0.013052604136047379,0.0014788033576312713,0.009062786616819777,0.0028641863364041722,0.01116351318162065,0.0010231324213891759,0.006949024688875829,0.004486850157231235,0.0036407876839342807,0.0013337938341825904,0.007574901572372812,0.005449314945171811,0.005716745815305245,7.602254086746794e-4,0.005342554788160881,9.676697474992526e-4,0.005347789651260319,0.015994851381309586,0.025350492701461644,0.004588069726368868
0.025086626692765318,0.04680910066656385,0.048614362660044236,0.016263254164292675,0.05767880082457533,0.015196718545710376,0.032892946012545436,0.005902373962505723,0.006381415156912395,0.0025536344210650534,0.0036062377120856613,0.003673851755083036,0.003939554879742364,0.05019274199850127,0.014514965561763484,0.16833060548020323,0.002030136767190701,0.0029628916012969415,0.0015581441994011167,0.0036742189482389894,0.003989507595470034,0.003348080831667554,0.0027848024992957604,0.018366176811245485,0.012638077522020326,0.02674911551552182,0.21568641838162633,0.0034695405580201163,0.012293828515129473,0.013705247893096122,0.0026231951162168157,0.008015390614758821,0.004840798439028619,0.01340431142391701,0.003922351338786106,0.005195055016648741,0.014426738952734431,0.001959132877260331,0.010832627576939516,0.0033303191596749486,0.010815713831593621,0.0016039551272273092,0.006065331843637683,0.004434071300664678,0.0037344006553985914,0.0012904404272051186,0.009290610236680817,0.005382811353475495,0.00537610406451253,0.001024431389507685,0.005384576419446802,0.0010849144967670264,0.005951345631244334,0.018228951715313118,0.02233236334744137,0.004556679510338239
0.026286040348409586,0.047188087612062,0.053784325808957534,0.016224504384733527,0.05803265284464944,0.015931512282953815,0.03299513558505671,0.006358907780295562,0.00624618834306034,0.0028263714893796807,0.00381042035719335,0.003961381211417523,0.0040632040207337706,0.05128681978054204,0.012456003358304898,0.14688866049138696,0.002023489947205024,0.0025029878154189476,0.0019216340845725616,0.0033193361872566355,0.003972320437678392,0.002955645689085245,0.0019689184721293366,0.019557643303331963,0.012679926725340091,0.03095008887579925,0.22645745786365526,0.0036430330148422194,0.01452545176971497,0.01362371717030945,0.0027477745595995244,0.008542691459446724,0.003768838750309016,0.013287146178582213,0.0037001118396183,0.004425894565319998,0.014436564047381887,0.0025754408625178297,0.008125587282481382,0.003058206275947024,0.010873379292648375,0.0013566781468710616,0.00648866717926236,0.004260564916399952,0.0038838171318228702,0.00157427086725291,0.009032336443654913,0.005387024240875972,0.0057251980973574345,9.81812750118825e-4,0.005437713176658229,0.0010329463542292571,0.006463846282978944,0.016767880016626196,0.02289720552226063,0.00472653670430212
0.025134898833594457,0.04405366812444883,0.05647726428245518,0.01621213265351845,0.054032897842547424,0.015852007094679026,0.035048052101614116,0.00583682299479458,0.006614260218476072,0.0025961122860010486,0.003665151693578322,0.0038015957993971098,0.004146312258884275,0.05258732958374859,0.012789041575666935,0.15050748366281755,0.0018111624605445622,0.003050688473528988,0.0015528796154284745,0.0037030996909289977,0.0035345585307413364,0.0036144923156183773,0.002254572070486932,0.01885784300405355,0.01183095142151983,0.03104723368676798,0.23217851426814454,0.003522552750281251,0.012760410938020751,0.011387933373622395,0.0029924313762412433,0.008602852818754239,0.003279908533288844,0.014577496254586746,0.0037842059414318918,0.0051048082455435895,0.013175157523078093,0.001914493513140751,0.009266800310866812,0.0036611195794507764,0.010743355201055276,0.001637561675884911,0.006380236445485239,0.004033534597269449,0.004214709850833691,0.001505982212725572,0.008207399837079424,0.005357488428794233,0.005311739912386495,0.0010482928740056215,0.005359721754945209,0.0010086242987397283,0.006270848895375851,0.01637463570434015,0.021210258705381724,0.004514411903404449
0.023900910101634643,0.04532458112916732,0.051416769929888625,0.016241497639640324,0.053602556719146044,0.01556398486966144,0.03139778115096066,0.00553317342021062,0.006174800460152644,0.002493316820731801,0.0038567564626728734,0.0035096639271008007,0.0038665661341844315,0.053168618743369825,0.011169188032492358,0.1811102294439949,0.001895162930999364,0.002930678516406853,0.0016839094195470361,0.0035888734776247464,0.003181956973779787,0.0032555519389298043,0.002531027416142043,0.01762926917044294,0.01153180566013406,0.03068662086468833,0.21687644749266877,0.003292798745999281,0.011874740250853517,0.011625878088233987,0.0026845701445853414,0.007486705583915308,0.004441061277638843,0.01282347570268483,0.003465920560132605,0.005788094221819936,0.012579264870071726,0.0020594739793323527,0.009856680145240028,0.0036224029246274903,0.01362731238577231,0.0014908971401648263,0.006005805303212738,0.005052712274248542,0.004024637747985174,0.001496344089324442,0.008304546032783964,0.005043783580524652,0.005752117380275247,0.001132251240502482,0.005487410035917886,9.84620955807608e-4,0.005890897063808264,0.012644685106252792,0.02309063176551405,0.004248582556396731
0.02648105451019957,0.04679462160551809,0.04893588025133994,0.016666999341804333,0.05423207430355971,0.01597108922220495,0.032202058238922714,0.0061125226510815155,0.006302493334498719,0.002764764534043301,0.0037475604503720184,0.003403977994819246,0.003715414489781138,0.053509379069642635,0.015361024314081387,0.166331198799445,0.001946249277315754,0.002561709666377155,0.0017067433715761023,0.003476902698389746,0.0036631426065644704,0.0035526529176128554,0.0026033137909232747,0.019823353006732495,0.011748738915617148,0.03524073963058202,0.2060310819327533,0.0032223300659160775,0.01502720297494776,0.01324261062342946,0.0026165734677100465,0.0074376217167277684,0.0037363519418112446,0.014642130689373437,0.003865465617009208,0.005988806811848706,0.016828571879321082,0.0020243380270144494,0.009784417702380472,0.0039082228789912065,0.01041141868583926,0.00139340691360772,0.006971175461183107,0.004357569564910667,0.003946738029338493,0.0011304253768537138,0.008495338460114066,0.005332775743181161,0.005790596002975869,7.575891637497819e-4,0.006198003966372953,0.0010349409931173737,0.005203484365874491,0.015255635868204744,0.021544629487340494,0.0049648865950966395
0.026750279167049022,0.04229804408125597,0.062329602382474765,0.016255317260715173,0.056563825230069996,0.014650232000895519,0.03272544933455807,0.006170584600564598,0.006920266246552711,0.0030353563747811388,0.003910450724397092,0.004268940423949702,0.004045310471513691,0.04568220856973252,0.012582727406511828,0.1649452218569211,0.001971813759481118,0.0027058586164282676,0.0014602252080041552,0.003730913196034671,0.003695487303747345,0.0034008550058140944,0.0023570122382539434,0.0200418970160718,0.01248744768809092,0.02734070129642377,0.21390744614101842,0.003146177347729811,0.01498626308092691,0.012271040590001774,0.003235452910349292,0.006925972781715687,0.003663358041829402,0.013207403986793213,0.0035193857075829353,0.004636560471692935,0.014170713626849624,0.0019537701741176093,0.010210164346148059,0.0034958073653386353,0.012398135416987968,0.0012475657195505593,0.007785316150199016,0.004937208834916559,0.0036340779990255544,0.0013839922097038007,0.00898450088056347,0.0053288873897966845,0.005471486212949968,9.549600541456353e-4,0.005227504164942664,0.0011686320535432022,0.005482297620536903,0.014837043854609098,0.02468953053135775,0.004813316874783936
0.025345871800904494,0.04639334567086725,0.05437838453507957,0.015970272857308333,0.0580914825464349,0.01527136530090375,0.03292880707718004,0.006164263275588406,0.006968325178555737,0.0025966784481623113,0.004309465302964341,0.004201454277818033,0.004560569283771562,0.04894228915804986,0.010533223812845669,0.15742071871842753,0.002119898896889087,0.002612278920069704,0.001457386628403236,0.003614392738497058,0.0034726912585884367,0.002861052206647435,0.002793195989836101,0.019429707745355292,0.01230994034916917,0.030325085537876356,0.22160058351422293,0.0037768933740054854,0.01339713606103337,0.012910963732793821,0.002964308556134938,0.0076994275800037265,0.0047634612380278146,0.015011342522735711,0.003785342023021411,0.005696311335934476,0.013255515057834535,0.0021956682604708498,0.00763040853191233,0.0033172243813469533,0.010898967421370297,0.001832089468754037,0.00616231470509677,0.0037190289929714304,0.003863316139444108,0.0014483117042574521,0.0083001509442732,0.0052843083530990905,0.005862701357226775,0.0011188621470526855,0.00559266801223098,0.0012934866164563221,0.006140942024154221,0.015927148782980977,0.024392911169288788,0.005086058475670828
0.026488341529287696,0.04040218023910504,0.048257658734729855,0.0160865904954528,0.059830412117280504,0.01563200256637999,0.033874950355897236,0.006051677194443518,0.006244784423261934,0.002859181383212394,0.0033152205055800737,0.003666316311278621,0.0038425069444496173,0.04901380225979454,0.013812987849941933,0.17370343002112004,0.0019629155787160373,0.0027085408248020623,0.0016215877911867121,0.003268692583252309,0.0034176199433029225,0.003728473858341286,0.0029919749823310265,0.022599202795202365,0.011442259332189295,0.03138445714926218,0.2103952957248002,0.0035742816127202017,0.013807838105843646,0.013352309631253691,0.0023973663256233544,0.008104487428704345,0.003106317520272202,0.01315134569485746,0.003771693744765266,0.0062592148626492115,0.01402085509141535,0.001773877491790077,0.009363242717007024,0.0035143200956346053,0.01356502673733831,0.001181091316766056,0.0068244977444774655,0.0043463734368490775,0.00383922844099007,0.0017656952115639927,0.007598851146880101,0.005251890805143752,0.00521131589155574,9.272493438504971e-4,0.005824215962935235,9.228738070360554e-4,0.005261772989339495,0.014824089023474821,0.02347753127869368,0.0043780830459670145
0.026634813466827206,0.045773435347008826,0.053376693217308126,0.015777424703849328,0.058152685978988414,0.015909765382980372,0.033846876513317914,0.006084731020942262,0.006241303185669934,0.002784986012717627,0.003664580269091428,0.0037711029191871233,0.004046762243547215,0.05336980414827321,0.01354731550136525,0.16337680464438453,0.0019616308057224113,0.002484006687363401,0.0018259365084291822,0.0038498322148081835,0.003326170987623346,0.0034745516452188104,0.0022547933726491027,0.01959099921412107,0.011516358917522597,0.031623332774971286,0.20438254588692553,0.0036375068500350983,0.01343704486803949,0.013680981119472205,0.0026601662974464345,0.008239423897359602,0.004061547353072709,0.014356849926873172,0.0038299292760526323,0.0064669887030843745,0.01356431838024301,0.00260781364621264,0.009983275756799807,0.0032762115726630878,0.011630538825691287,0.0012214743789898774,0.007344895155856647,0.004439560060299053,0.003727828119126268,0.001334852411227857,0.008337718657945808,0.005246008335547672,0.005174664378655465,9.144529380548142e-4,0.005828433740628226,0.0013596817686259985,0.005258892173495574,0.017090713749576495,0.02411676372545441,0.004522220362656545
0.025652575385877202,0.04596265563479495,0.05384478058074968,0.016020625850261053,0.051795155994446646,0.016195175627238084,0.03139777161032054,0.005733842741308575,0.006200337230199078,0.0027236882357450642,0.0032281279908603156,0.0038026577211726777,0.003811047583305072,0.049964232615439176,0.013134562616077664,0.16302101751131104,0.0019792352008518805,0.0024482397121347037,0.0017412903867067982,0.0035197987929080406,0.00390704830996537,0.0029028219330021316,0.002525229989366648,0.01651742650560301,0.010592940894125321,0.03303966079293592,0.23272719437729028,0.0036924935791258257,0.013021388606989679,0.014275669511445656,0.002884737847140999,0.007428245119137371,0.003953407283311028,0.009630775696924667,0.003716193316536018,0.0054729160134177205,0.013232688639567123,0.001804754007205417,0.009713710219243277,0.00351782379454172,0.011629940299349825,0.0014962408167805616,0.007601516900319853,0.004420610112546773,0.0038005952545006882,0.0013785003990780084,0.008155701055236712,0.00507561547396865,0.005423244864924535,9.835295829299807e-4,0.005297613591724625,0.0011445673918377573,0.0052757668576262915,0.016549990811443916,0.02071534351790536,0.004317277611243074
0.025660412746173537,0.047513410484500945,0.05268368324933794,0.01622748869491101,0.06325062208374473,0.016533661122232042,0.03327933688583931,0.006010360367655179,0.0066655022901078486,0.0030154738842426846,0.0041729496236996635,0.0034322818095443106,0.0043239539890435495,0.04950033653880386,0.015194285784140258,0.1520850941405948,0.0018323458111510445,0.002906292128612921,0.0018843508436862566,0.0036488547461911037,0.0038092804874121805,0.003471152788031072,0.0021303565590710437,0.021585425081553016,0.01088494346624725,0.02942950061630877,0.21688050156301636,0.0030501401706110594,0.013443476381207003,0.013685427337495781,0.0026022174421530624,0.008607441039916265,0.003984992144469445,0.01410837276511965,0.0034006492033128396,0.005422208254684126,0.014505810841379264,0.0017967648400276153,0.008090000218820751,0.0029152609456282374,0.012958518956629628,0.00106632265202679,0.006902309543894109,0.004506930032821349,0.004041205670641398,0.0016587454275670027,0.00998063117346968,0.0043337984908626065,0.006070828105115974,0.0010644806646738906,0.00613482452113467,0.0011406177694803035,0.006046444295125713,0.013337719723125972,0.022358354676030194,0.004773648926722952
0.025597464483902894,0.04427330872038923,0.052686107099456245,0.016255702763958588,0.061442735284105605,0.014984806036319144,0.032168731910037274,0.006680851061390277,0.00696592807084963,0.003001950452106194,0.0034305095656184674,0.0038467693720808413,0.004199536109042987,0.0506745789296221,0.013422688155627879,0.15633170912998628,0.002049986630070686,0.0028543282340372953,0.0018096203705975397,0.003152021331749859,0.003361331859084496,0.0032178858428516094,0.0024908370094064033,0.020048239193431572,0.012113123733918091,0.02585351020100991,0.2177056132624618,0.003426640228670144,0.01481710170635825,0.013602201450169042,0.0026591721415851074,0.008275652428409722,0.004422352647295279,0.014940391779016144,0.003515160126758865,0.005599096809396251,0.01313449007803286,0.002060849836522763,0.009487836214188031,0.0035578568904012543,0.011910571779108361,0.001844528398280718,0.006066758971084031,0.004525845442866321,0.003796725251379975,0.001581201766787214,0.008346707214943282,0.00529105673230372,0.006500947099276312,0.0012820187059916846,0.006021599495478754,0.001214563915295484,0.006050609539751815,0.01946337486752019,0.0215518962912995,0.004432917378716053
0.027314913609312527,0.04639544732341145,0.049066657506854607,0.015975401966963204,0.056698192912171215,0.01617199500997886,0.032984414655692795,0.005652652546341241,0.006707950087691472,0.0024928174335833745,0.003525578496484291,0.0038528047917880236,0.0038217874455427057,0.04923546966452541,0.0139916525331868,0.1638587941917083,0.0019293153211362,0.002680677712440845,0.0019601671874658008,0.003788942743629948,0.0031737033501930867,0.003207661893705705,0.0023260677674095784,0.019348496192931126,0.011559141386619348,0.025080891299343693,0.2222300104115968,0.0034986276919656265,0.013524730140527108,0.014041040012439577,0.0032699923736695877,0.008896656590320504,0.0035073837170081657,0.012235290534072463,0.0038554926192540095,0.0049162321324458195,0.014364892622181394,0.0021622603668328684,0.009488851596628411,0.0036642893717948196,0.012043865350929538,0.0017489613422903365,0.00719165218092776,0.004364321956545624,0.0039120379444565765,9.450604859949385e-4,0.009161669800444892,0.0056800782789035165,0.005365167962258305,9.247037151188097e-4,0.005947888403701445,0.0012195262004207922,0.006448025494841356,0.014551423964267675,0.023835269128764252,0.004203002579285456
0.02598836800940029,0.048615302265776594,0.050381664906989455,0.017787309528831948,0.05973531620998394,0.01590951050987934,0.03447660222670024,0.00535615494150548,0.006430942206411183,0.0030961099258404083,0.0035967510529517736,0.004026849884781049,0.0040112801946336615,0.041192985080236666,0.01128118155410102,0.16770119147128074,0.0020601303974346515,0.0025243595667715666,0.00179419418667745,0.003381332219038112,0.0036210726552643843,0.003352351178042296,0.002564792964633184,0.016783788113448897,0.01210543034075069,0.02545805263277731,0.22605640085540954,0.0036097283058533127,0.014789290273732896,0.013669477411789656,0.003513411662823901,0.008632764787529617,0.003031695078162819,0.01091295459564212,0.0033458956842634703,0.00575093429374704,0.014419487846508594,0.0021087621602958392,0.010981178119371398,0.0032530929575120826,0.010245311566543949,0.0015574186488935054,0.006559117001997057,0.003952744012035821,0.003989581646398865,0.0016248815897591147,0.0077261013689596016,0.005101191333068724,0.005381863610516545,0.001157851681667822,0.005518602603628914,0.0011414130920128543,0.006456864531358185,0.015282995159189522,0.022453497974094346,0.004542465923090565
0.02627634628839692,0.04569325353195262,0.05769741447419904,0.015092488798758455,0.05622629975013869,0.014966747779848678,0.03287925924554348,0.005749424160245063,0.006286551060471055,0.002890500519435185,0.003278949240885616,0.003937480233639618,0.003666960872698489,0.04754338109125123,0.011156429075338517,0.1737707687278379,0.0019502312832621826,0.002754026680866425,0.0018279174759304071,0.0038162602782056613,0.00378962033154024,0.00357577852994683,0.0023138476887764195,0.020270917340602698,0.012884583848897516,0.029935054048151246,0.20085939694036056,0.003681272812640868,0.013075651103947851,0.01380755162899052,0.003241987035348258,0.007929251070743108,0.0038371018457705667,0.016303228993480922,0.0034434350330970723,0.006313246578075176,0.016326717112549346,0.0024561715763384657,0.008645550517780612,0.0030355720073841864,0.013074048681713942,0.0017414958471621265,0.0060995778103532594,0.004264041618295022,0.003574330051721611,0.0014558753068060792,0.008737363796325722,0.005479643555745358,0.005637879626910876,0.0010428071418436679,0.005548089633385275,0.0010924185909363595,0.006080326918444158,0.01740570525449764,0.021412533800216935,0.004167235752314307
0.026689023377857776,0.04667203128105241,0.053389506356938746,0.0174910295329337,0.05977481913297601,0.015732999399381106,0.0330234727620113,0.005894112221640929,0.006586109750115254,0.0029041410422783985,0.00378039577737607,0.003754960348658633,0.003973175005277083,0.04679294262414389,0.014317415979369093,0.15540927769989127,0.002036271870254946,0.0025761086408174127,0.0016976046742835443,0.0037020063772908846,0.004061919058429778,0.003513327369860199,0.0021783506427377423,0.0190315359612118,0.013181286646220893,0.026057574809273433,0.2276632018402894,0.0034164858945473944,0.011645217130504013,0.013612093819891778,0.0027581996781654303,0.009197331092387885,0.003738483486183272,0.01308835459627395,0.0036166254996260025,0.005303664940467411,0.012872673495113958,0.0019445848034790286,0.00885669102496221,0.003024929382375774,0.01284619375311071,0.0017689109782832828,0.0062579260018904015,0.004408741264701286,0.004095459594676015,0.0015976784662046154,0.0077875699284835195,0.005231035103431511,0.006432824496945627,0.0011465418661613153,0.00608076888477146,0.0010247814100659942,0.005327342889873431,0.01406582804750639,0.022456565804835862,0.004511896482508804
0.025298866301824166,0.04473834978858532,0.053751088798758485,0.015411881926117468,0.05511892014040872,0.015977017163025603,0.03206523146513433,0.0057222889266571415,0.00683458435002383,0.002985614802592416,0.003624810101863073,0.003653965378666212,0.0042221327837111645,0.04813730279068974,0.01115081805266172,0.17192675506901858,0.0020170305869915335,0.0028004300624501753,0.0017813815771616356,0.0031898398757530823,0.0034978737694192044,0.00339988629156842,0.0019570632279616905,0.017654063264737556,0.012310370522031374,0.025672928635870788,0.21667073071480686,0.003469409935510037,0.014472643391893511,0.012429616842799716,0.002943434104719607,0.007933955357957724,0.004072702387635541,0.016043979929697628,0.0037607285921449985,0.005788881776677731,0.013695195876940848,0.002091308933703801,0.010552579258919103,0.0038255247827088173,0.010730399695574402,0.0016350101739876167,0.006933942823233135,0.004592106047742398,0.0039053973476453822,0.0014808463071451787,0.008736160840292502,0.005155098629546939,0.00600478272569405,7.78832420603186e-4,0.00613159948933945,0.0010313413021198162,0.0062472220227464854,0.01584469239132425,0.022732823256177787,0.005408556987028132
0.024246889268849985,0.045469061848752976,0.055345154281851654,0.015300879563904706,0.05587896431608139,0.016542471534243337,0.03316084286388487,0.0058074326485895,0.0068603939430447215,0.002876542708052427,0.003979642103037491,0.0036041743351492754,0.003765472522352458,0.0476217423669861,0.012721014714252382,0.17573878536422025,0.001935372315931536,0.00235356319111366,0.001547802132783699,0.0037903957379890906,0.003803177036558179,0.0030421628354783663,0.0018794226764335597,0.022314563899200317,0.010439968883251332,0.030466235534164797,0.20822319293031585,0.00355731705864919,0.01128409378349669,0.012030166830032635,0.002931093370485503,0.00874745939451249,0.00357186430263569,0.013573834796538125,0.0037161461226742744,0.00589510872440377,0.015046399496279478,0.00158898079437918,0.011152725521475806,0.0034558225574123744,0.012602565828236354,0.001369850333980812,0.007257662478691478,0.004970803216119564,0.0035204564036684155,0.001582998125572682,0.007542383790484614,0.005545613186305553,0.005165377993961333,9.14297493450158e-4,0.005468638726373676,0.001111063450011402,0.005780179305910772,0.01575542818809986,0.02182013511804065,0.004326212051643575
0.026394572021610573,0.04188548207540074,0.04981799272792487,0.016384990532699557,0.05641330775645885,0.015932569366063486,0.03424410985766053,0.0060017941813245166,0.006434195086706073,0.0027751129585177644,0.0037732613578774035,0.003983699170026867,0.0036473590987748756,0.04389150997990747,0.011987818497293875,0.17574446298565294,0.0017442159126764265,0.00265896858995767,0.0019775802868361204,0.003618131474721506,0.003613409686667235,0.003612459073649313,0.0023156282392414345,0.02147611075050411,0.011320134400076972,0.026203545503416116,0.218130852701628,0.0033652512664120115,0.013537540353822186,0.015568954425205946,0.0030323577629296507,0.008344328449069835,0.004006593299920308,0.014131528774546072,0.003779173351498659,0.0055112038240400065,0.012227231266382877,0.0020380022748909036,0.009682278543280963,0.003468048305600489,0.010471918907464132,0.0015018065816076985,0.007365401364052989,0.004191737143029405,0.0037358312727728076,0.0015032189126224446,0.008866662327887458,0.004716114800655091,0.005384630696045499,9.615813422334759e-4,0.00619137550607698,9.551040085855605e-4,0.005178450310854222,0.01585125874257928,0.023818824506302752,0.004630317406355014
0.026021083023281977,0.0454541942477494,0.05226985666523431,0.01743354073889329,0.05523109968458217,0.015431426794426207,0.03338980476777291,0.006070030603609993,0.0068310818845629655,0.0026779564796627223,0.0036304686061589507,0.0039951721414310205,0.0036364284430810373,0.05086539054605869,0.012995036567490037,0.15026239991908952,0.0020647769275041914,0.0033260377101305464,0.0018111730139174717,0.003501399927615525,0.003391035621111575,0.003653498570639231,0.0026748828325364126,0.021337242932280596,0.011691276625210845,0.02721804657796679,0.22804828813995642,0.0037510017102291094,0.012140379569590144,0.014400359749679853,0.0027725021487434226,0.0074550429939120935,0.003772821346558071,0.014275354954740315,0.003790636877810644,0.006321501586106202,0.013711563214873972,0.001766511413960392,0.010133429559532572,0.0034709977108026207,0.011582088168519912,0.0014518264926148296,0.008139088391812686,0.004296850317633469,0.00392471501783674,0.0013098545023297384,0.009911335928846757,0.005181419033926309,0.005856678234720046,9.656542955173432e-4,0.004823886522970739,0.001256259092582061,0.0062333398273848924,0.015304209871652595,0.022009148789433202,0.005078912683724466
0.027175798854825513,0.04584510825286672,0.053974349863549216,0.01690997600744429,0.05531124028711706,0.015139934954502348,0.03135266042335419,0.005850242877775387,0.006173737288517136,0.0028828766376828375,0.00359209410807845,0.004070991502223343,0.004164266709706523,0.04773039420348848,0.011166123669593523,0.1630697994615503,0.00211749472720595,0.0027864238336352876,0.0014926259850105868,0.0038143166691735754,0.003355541371617475,0.003521323551857329,0.002095281129418924,0.017666491631013713,0.011295259686279873,0.024486659377276856,0.23216516282167327,0.003326471663377393,0.012602798918913954,0.012995229050143144,0.0025987872724138384,0.00778437030809928,0.004969949348179076,0.013332602423908092,0.0032432016126662687,0.005407936560832148,0.01374949030380246,0.0023672151971049636,0.009352285101871246,0.0034750836561683665,0.013090950780240461,0.0014915875065812285,0.006769321129684781,0.0042504778526374866,0.004189420686354076,0.0018822602227935958,0.009099732473921809,0.005104243068786919,0.005270841922006351,9.211313678011118e-4,0.005856755797497744,0.0010635584874178923,0.00612500275731907,0.014090674673982555,0.021862361257541475,0.004520082711515063
0.027687329879570212,0.049181179479722906,0.05544990212771806,0.0164422550986963,0.052037697499402055,0.015680702747829324,0.032664201750167786,0.006036387781983114,0.006266804146050487,0.0026432389847574,0.0037936187589898704,0.003893814651338203,0.004118312671028048,0.05763396803122571,0.013711710255051761,0.16129271880808393,0.001985424466032982,0.0027274951756545746,0.0019085289354354334,0.00361298007002887,0.0034971017891135712,0.0033277815448134623,0.00292134151482073,0.016069375224478172,0.011856934269192142,0.02955323892884762,0.2105498268939799,0.003534708274628522,0.012029757669458458,0.015859457102283068,0.0028943609001371453,0.00810329888352887,0.003568953079373566,0.012091272435636662,0.0035172665609260784,0.005484208503896326,0.014069630861776594,0.0018926020873576584,0.00902196753254776,0.003060747296882,0.012349096166448746,0.001455163386316027,0.007363347163210347,0.0040197054224731495,0.004122358630071315,0.0017050384262449422,0.008427638999218345,0.005126520094608296,0.006584264179906477,0.0011182905979527753,0.005794366641087273,0.0010496217278344415,0.006299891343807708,0.014236809546249285,0.023582078715930672,0.005093706286194868
0.026018693884796423,0.04626419781488368,0.051888473153892486,0.01712916171455944,0.05547870507052149,0.014987212649587184,0.031856652239939574,0.006557712261597125,0.0069226633730305,0.0026265461048987125,0.0035594031791906316,0.004114001258904885,0.004182027463040644,0.056706096287279496,0.013644989793795715,0.1647705386263346,0.001844106611678409,0.0025367294196991593,0.001343690182827272,0.003052107423989579,0.0034026525009668903,0.0033597126232270363,0.003041350445486825,0.02013796207676686,0.011385094534109783,0.028635064101112703,0.2189779201396043,0.0034954805234658896,0.012871035429165999,0.013305957685275226,0.0025679111758639215,0.007712304952096658,0.003215688906237389,0.014540815610635489,0.00353381419992115,0.005812122668113872,0.013930323771062632,0.002345633889138442,0.00827653491628133,0.003416941782675262,0.011759087020131297,0.0012807404398928485,0.006348412540478044,0.0040383960933674315,0.004118695388928228,0.0013311533206950366,0.008931895551996732,0.004715251626165212,0.005040837378561666,0.0011875593509265041,0.005280221388500355,0.0011096452790360714,0.005470460423440757,0.015572968363433986,0.019297616530429593,0.00506902885836157
0.02550365281657569,0.045212100328330444,0.050296898681657536,0.015100136808002195,0.056388128519365706,0.01543489043719991,0.032071925162797055,0.0062664161583495664,0.006903043676950224,0.0025929694360021186,0.0035352299166260485,0.004307359046418116,0.0038772365047428214,0.05489271418101453,0.012806672515502035,0.16686025435914134,0.0021817042285957777,0.0027995178786297307,0.0016667060042570433,0.0032749875497773487,0.003942663525097451,0.003516677889746757,0.0028202950845539064,0.02059874482041273,0.01204780860019744,0.027027991534823284,0.205454486765084,0.0034298035979130784,0.017839512488420507,0.01560486598245165,0.00331438645317627,0.0080744862915794,0.003472179164693189,0.01339044497249954,0.00411600404799635,0.006674333732318128,0.01488185535359101,0.002061153135663219,0.010927448164209933,0.0036552275979663353,0.01203758328765652,0.0011104678335477807,0.0075419738589045755,0.005253168728675148,0.004096727656740293,0.0013075384008137422,0.009989949443010971,0.006151242849520136,0.0055089740318837906,0.0011022080181862595,0.005583602192322138,0.0011869061727651856,0.005654012664469619,0.014507274525593418,0.019546163074765432,0.004599293848815581
0.024673658188491602,0.04711089597584922,0.05148366544301866,0.0168955795229326,0.05091659094122293,0.01621405028756766,0.034086199625155904,0.005852547867056889,0.0064402341279613095,0.0029777111562853554,0.0038784851993601895,0.0035397598562765913,0.00398304556720502,0.052758966535394344,0.013435043334842219,0.15905671463921744,0.0020054470949881155,0.002643618343555118,0.0014905877420654109,0.0034508448068062522,0.003455736530320508,0.0033277749876622644,0.0024829036224371004,0.018324832544997484,0.011946246056903516,0.028949306849237494,0.22405121186271315,0.0034780607683047434,0.01424671225215697,0.014252189763254399,0.002813578146613658,0.007862362874700164,0.0035799804121580524,0.014641033773320258,0.0036814915609073703,0.005597428714212716,0.014501574077633972,0.0013565391331373932,0.009808938240528258,0.00331383672058406,0.01210951425822258,0.001086083713166903,0.007358915041427502,0.004724680752591919,0.004199448171283953,9.563751821040307e-4,0.009297357051655554,0.00564876198118339,0.005730357991316919,9.321187607007932e-4,0.00550486994760536,0.0011297787730475163,0.005608146561999251,0.016920160063186952,0.0198899824551945,0.004338064148276459
0.026553432069087387,0.045433261846753614,0.05221832864817279,0.016947872049924893,0.055834968820761256,0.015519511435699343,0.035946292604081075,0.005482672597734779,0.007347946711372193,0.002695235138631724,0.003512625488282955,0.0038634178864866736,0.003770604494435546,0.052573963159154434,0.014596464195972542,0.15453403091058493,0.0017752170287206586,0.002454288811396734,0.0018349660189386648,0.003676180744589335,0.0037844992263940686,0.0036045212993979854,0.0028930298231387855,0.019949414002354792,0.011316006415953202,0.03295298901601038,0.20971711887591207,0.003731907707230991,0.013709740143092102,0.013371742659400408,0.002607483078634274,0.008594418909683389,0.004199412752030695,0.013655812462464148,0.003552313400074778,0.005004624270887618,0.014967285331148538,0.0019791643534706645,0.009423966115131997,0.0032102241404389853,0.012078100337522065,0.0012264991360226136,0.008837665740470433,0.0040812078125411775,0.003953929749514106,0.0014998020994765643,0.008940845378760923,0.004585138610585175,0.005195499113568636,9.521445770289482e-4,0.00589665027999718,0.001229917582871613,0.005272372825652927,0.016277048807993112,0.027021890173505453,0.004154333130857622
0.025487736317402206,0.04523096477394068,0.052534773174609695,0.01601234488254889,0.051660604435014586,0.015614070806629568,0.03380572720573018,0.006151331065496358,0.006642291165878239,0.0032262151402965393,0.003399943700514933,0.0037066386419997255,0.004128762301503757,0.046594339764345724,0.012727292139110547,0.15937367861722343,0.0018967543563983486,0.0025907641653747206,0.0016543536334927187,0.003297951582839361,0.0036617561715367748,0.003375912407788716,0.0024890310118579877,0.01693008516632541,0.011992137619430377,0.030492144698658685,0.23948136879863538,0.003096397362500477,0.01287026968509095,0.01357937092869947,0.0028435895458481576,0.0074426734361038825,0.00436565698004793,0.013587775802547273,0.0039949700868304365,0.005064644834745763,0.012413637310293435,0.001762765090865997,0.009397540106669046,0.003153917899924192,0.010909857751405174,0.0015136294966556624,0.006576321253727921,0.00433912280329254,0.0037332675547625286,0.0014205387028083532,0.008901799117144853,0.004150478771957441,0.005874199243807912,0.0012816718924852297,0.006013899901123664,0.001150485255124845,0.0056223877713497735,0.01497646386950948,0.02150796918649925,0.004295724613594844
0.026724832514699173,0.04435605513315062,0.051573094928307486,0.015794674632882262,0.05410612688212497,0.016398025707516712,0.03272105161205203,0.005619590837868725,0.006076853782724836,0.002892318676230245,0.003602617675137552,0.003096572198225621,0.004192228941910632,0.04702981887997492,0.012580174149937201,0.1660861236398834,0.0020797019842470825,0.0025874560456863745,0.0016206530366340143,0.0034402707317744037,0.003286591245669207,0.0031036147093935,0.0028975865867324623,0.021468750109441,0.010732691466352917,0.032037614677839076,0.2148639254796347,0.0037522829002584117,0.013845822833224232,0.017667326642269453,0.0027219509834242876,0.008120068684158939,0.0035658276408997293,0.01359108773341071,0.0037844508712434172,0.005954255761565724,0.012115472949346761,0.0021842342838584556,0.009068193802049124,0.003781764845297065,0.011854254382973625,0.001395644384383701,0.008052432645611403,0.004691877235502302,0.0045300294063791826,0.0020570291670031432,0.009578689681293526,0.0055972051709430835,0.005740572463182768,0.0010188464293052514,0.005539221376716356,0.0011028481328524574,0.00590225560389046,0.015546418456924133,0.02158811025228936,0.0046828090137117865
0.026954425708181618,0.04475024525543803,0.0528843718299514,0.01696632077372611,0.05460996720645354,0.01573235340702645,0.03401364273230271,0.0058863537001386905,0.006612989144415857,0.0028522680471406887,0.0037610527737350916,0.004013451182592079,0.004495735928892142,0.054129786840389896,0.012005963166321059,0.15255207140349167,0.0019897083694308923,0.0026104203229098937,0.0018990776058400679,0.0035114153194550006,0.003698792934247966,0.003273793738992269,0.002476644524830522,0.019314594570995408,0.011438145412862418,0.031597852212625954,0.21725444983028952,0.003677228865902648,0.01591483089073971,0.013422933599424597,0.003029155322942763,0.007791089155949697,0.0035132109111347676,0.013110612613978806,0.003918704717423044,0.005361368506309234,0.013987929873399207,0.002108127220320048,0.008880859260777212,0.003280283784304682,0.012410084279052679,0.0015156302137062777,0.00766220499069293,0.00467631617773111,0.003554716111153951,0.001855741978491043,0.008526949422261064,0.004871011187755673,0.005154740440245271,0.001129747680142455,0.006062375606514936,0.001308555702771953,0.006437348820924948,0.016430919840042957,0.02417147290908307,0.004949955974146318
0.025495165992389088,0.04660262666015578,0.05501984610791982,0.01565783559559381,0.055499664021392024,0.01566005350148583,0.03319960198608466,0.005992708336223279,0.006315993128973689,0.002772416277219332,0.003672949110443187,0.003968955164647143,0.0042189733059425725,0.05195621860441068,0.012591589356863836,0.13898460652838188,0.0020462409204755777,0.0024686342799537207,0.0016007589396916906,0.00326113303639998,0.0036798450061160583,0.0036448081894298384,0.002352716951913167,0.01561405855878408,0.01150718023316503,0.027447598196905162,0.24698487825677537,0.0037362044820157207,0.011691441205559112,0.013293045075148379,0.002432368997798473,0.008112484321738497,0.0037106156543558247,0.013054483081183272,0.0036277236079835175,0.0045468909040342455,0.014937217758193542,0.0024581217290112413,0.008627006480670324,0.003487733289255633,0.012211175000031337,0.0015068366966001214,0.007305195836583337,0.0042576832589857104,0.003912555254439916,0.002012368226700659,0.010081128223011241,0.005072726454427978,0.005908848871264162,0.0011352398166251882,0.0060109821043047365,0.0011483802702974152,0.006106600546542921,0.015927214208152157,0.020554870585162945,0.00491580181218611
0.027761311872211304,0.045574792831002436,0.05749293985446935,0.016718842793962692,0.05461519295112061,0.014987769136556571,0.03327222407188036,0.0058023477091419876,0.005747205917116843,0.0026963411513905382,0.003575168711352596,0.004374284179886911,0.00391049687800354,0.05449751434972274,0.013981569764403052,0.14935742324544046,0.0018570761984842725,0.0024686532658397212,0.0017509159266929847,0.0033279934524460975,0.003552154578555677,0.0036982915314176033,0.0021699846284543144,0.021064975629715193,0.009868803667196386,0.03135002651842273,0.22447144314964917,0.0029257396333932932,0.011539554237213869,0.014177647823464668,0.0028534148677661015,0.007251476602572527,0.0035986866072282592,0.01440901990841041,0.003290145267317234,0.005847200347500287,0.01512284496945648,0.00198851924606908,0.011580218518057897,0.003213838569514604,0.011002210337625043,0.001228031397600619,0.006376874064624483,0.004445167679655488,0.004327194984759174,0.0017347683556890082,0.00913229493904423,0.005181691971401856,0.004957314123964036,9.769142857770827e-4,0.0061710734121540696,9.459172042012832e-4,0.005737751078489547,0.014463068071415848,0.02068293049558371,0.004892747035513707
0.02570104789259151,0.042680558273323815,0.04923133199085595,0.01624719977253514,0.05359893081230601,0.015098978653792804,0.033522653766156,0.005509461095617671,0.006135284352704126,0.0028729991226024536,0.0032088264081114137,0.0034852603593062705,0.0039949376351759,0.050233223162279524,0.011947075015118111,0.16061657552394315,0.001763820467678551,0.0030144790130267186,0.0018757349009154187,0.0037197621558366853,0.0035253887228942848,0.003264171493176521,0.0024292414963707674,0.018911816625907973,0.011744995100874206,0.02925344066097578,0.2375685350116188,0.0037577156243478577,0.013847471194916965,0.014576098877231724,0.002472610571951406,0.009326980909770846,0.00355273886794209,0.013397290588118494,0.003615983028845568,0.004545283501810465,0.013648267569166043,0.0015993618116802886,0.009673550636749252,0.00345463142187677,0.01064654181610626,0.0012071846299332141,0.006266896924602683,0.00459908470331366,0.003622612430813821,0.0013047900751494376,0.007851605081743103,0.005408488347511073,0.005077552918198391,0.0011267438571951928,0.005532831277311312,0.0010126252804781564,0.005547840198185792,0.017897613920007674,0.01958041596037672,0.004693458488970219
0.02587184916175816,0.04682915917778044,0.05250880149211373,0.015980123652180253,0.05747114601471059,0.014797875377192923,0.032088633758156716,0.005498043875754209,0.00638776090296642,0.003121510524311257,0.0034494363711119816,0.003935275709143886,0.0036979201972178336,0.05148415437805536,0.014333729041280273,0.15364845546045497,0.0019002954328561795,0.002762418411167725,0.0015357489484760637,0.0033014734252488666,0.0034437892827417363,0.003243302660116491,0.002344843196921854,0.019041716980386165,0.010531246384529526,0.02848577104413129,0.22339599386943146,0.0036977342705310596,0.01306500219495718,0.01122213477242861,0.003357448509835269,0.00756438446482624,0.003460649209789551,0.01699291476551903,0.004034981111124432,0.00638570880354631,0.014872771509221434,0.0021549554326812585,0.0093029385966525,0.0031754904147303126,0.012812688225989601,0.0017736261358116952,0.008485754498011937,0.004385470791124803,0.0035808328618295456,0.0016867425835398744,0.008478995953239898,0.005430746919871131,0.005545574094109168,0.0010216929351349326,0.005201658789831293,9.800577308285126e-4,0.005774674591688339,0.014736309336351044,0.025195900751320253,0.0045316850152784405
0.026293219331938233,0.04717451207004939,0.053445437465732014,0.01715890076702995,0.055277788466990954,0.01604477093782067,0.03289592951008638,0.00606937767686195,0.006613665726156586,0.0029717512423325636,0.0033979093177268775,0.003829403987304091,0.004006037412294645,0.0505259572766811,0.01266666277536352,0.153105216387134,0.0019703482544160982,0.002731914922997221,0.00166394184528084,0.004185483025141369,0.0037895316229281766,0.0040052294366828564,0.002595128541874291,0.018522048339895368,0.011752392913685189,0.028740246177824672,0.22957422992293267,0.0033180399458588054,0.013347584321157796,0.015631505944925198,0.002998154393212509,0.0073476114321097555,0.0038406933704825583,0.009278408517558573,0.003743969628989976,0.005884155254794845,0.013070751863072192,0.0014765800521266965,0.009587202119513598,0.003811268818726897,0.01216122841664172,0.001208313493561384,0.006870226779979573,0.0046948177261904285,0.004037534991388544,0.0012780546755887172,0.010307718740412032,0.005867568797613659,0.0056351149395156295,9.9376303535413e-4,0.005334436330937852,0.0013041315521594584,0.006369304388683239,0.014428769640584961,0.020151820577336648,0.0050142348963609215
0.02413812924004822,0.04424971277236105,0.055260937178111806,0.016856338389301097,0.056364544964265385,0.015134270470203747,0.03460822915835857,0.0059752743289981,0.006365446178167399,0.002857552157647029,0.003579812210922802,0.003880407751801922,0.004245166312292537,0.05411527084659346,0.012645883919495544,0.1509534919800686,0.0018576341176863701,0.0028786736723658375,0.0018170620794273132,0.0032869980572441723,0.0036617541496301973,0.003475866329542856,0.0026447308355370186,0.021536794712713414,0.013026347938319584,0.025333655092290307,0.23009678345487133,0.003739043082828655,0.014144203507407587,0.014156915411301351,0.002448825115939154,0.008564674271536442,0.00331526137372883,0.011054708203171641,0.0034484166102699975,0.005698360203823303,0.014962658838983952,0.002042818267311386,0.008247628209208047,0.003042720096509696,0.011965200939117827,0.001278804039030516,0.005827304238463224,0.004125960659851027,0.004027648403880648,0.001483974192816787,0.008627825781570042,0.004636303397686508,0.005939431197215057,0.0011137032991249403,0.005782881011053203,0.001114199420136263,0.005642511140991533,0.014940783944844643,0.023074334890082922,0.004706131953849079
0.02570521873415104,0.04646582564646021,0.05515806839581539,0.01704709298100204,0.05931578161235352,0.017380123470207485,0.03295672577842953,0.0053411260811091574,0.006084234672779113,0.002789190367982559,0.00374777582560216,0.0037377868488289857,0.003976760570663296,0.04464061828028534,0.012654978949485233,0.16071198630571637,0.002219791502268748,0.0024721848809529713,0.0017613075831270303,0.003127924457437372,0.0038002349866367515,0.0034414678957722794,0.0023867290859152816,0.01651046268805585,0.012876623877739187,0.030231822129239715,0.22162007672532355,0.003659871352234239,0.014251186472664266,0.014072016736344851,0.003278307088706248,0.008039557946971322,0.00287254600723522,0.014374825196467291,0.003357444282446473,0.005617521698897327,0.015164326953726513,0.001555596413613744,0.01001362828619815,0.0029243331170608557,0.010738589951481201,0.0013880870158439478,0.006075485713862384,0.004650272739940105,0.004199318684899772,0.0014468996197221236,0.008536201961035644,0.005345517358706041,0.005595564598446077,0.0012264735786727816,0.0053085486823199425,0.0011409079949043872,0.005342462424261801,0.015043286514571054,0.02192827264986015,0.004691028625565914
0.027096926018617674,0.0450663942465346,0.05210455980815681,0.016063651091854345,0.05381002413139629,0.015424515858530066,0.036075406292717827,0.0057561882750984715,0.006510424376366603,0.002423632731727726,0.0037804914300009944,0.003774344747544951,0.004140995519266967,0.04813273065841808,0.013138992031104411,0.16052109653366325,0.0022476633848222518,0.0030561190136449467,0.0018175415388004387,0.003909917579495151,0.0034987092046769443,0.0030638762788030662,0.003167711116341567,0.019739337011591248,0.01108352667436471,0.030024134080567862,0.21073838618657986,0.004087204341958318,0.012291420329543942,0.012931364441905279,0.003026390305031478,0.00893368739886842,0.004188372884335926,0.016583461889457796,0.003632734360412918,0.0055192489956809275,0.015676765423854957,0.0021004620099967586,0.010777319331139807,0.002952936259823737,0.01137983879442004,0.001110643305618469,0.007134560675178066,0.004328957031053261,0.0035420472088125957,0.0019196931270251036,0.010919714453269325,0.005165788277940563,0.0048827233964806585,0.0010925390873732547,0.00603017901425617,0.001157298683649759,0.006015104576611709,0.017677886711211278,0.0239155390696599,0.004858822794742423
0.02397862314523615,0.046424253622824936,0.05592917682081591,0.015853013948517077,0.06017901699355028,0.016259819506424474,0.03324049654948823,0.005650697992974689,0.0070493974170896005,0.0028988933999066664,0.0034519395081547186,0.0033675010219254165,0.004120950335039786,0.04728713700894011,0.013398891230733546,0.1417104209923352,0.0019286637560541804,0.0025622954881641363,0.0019269928062904155,0.003324688744529899,0.0035277328151903905,0.003612885898936379,0.0029447543907552987,0.021408937311096797,0.010803078616322896,0.029563130783687223,0.23700655957020186,0.003854641613498944,0.013095478118305335,0.013835245939616141,0.0032441124668289058,0.009037817732507161,0.00360358390530954,0.013051708280420642,0.003571102600569155,0.0062022307331617635,0.014555996365360873,0.001983676259852012,0.01032086787789992,0.0032529461978112115,0.010037433973266098,0.0016219733821231,0.00722633011905976,0.004402554599961946,0.003573656920440198,0.002020433920238249,0.008731275388685325,0.005120373635818491,0.00510497952693202,7.610176728062412e-4,0.005878397776152834,0.0011756465215038087,0.005779450442504871,0.014570483346774563,0.02057899532982809,0.004397639677576549
0.025709962619602823,0.044642962383072894,0.04977379762467679,0.01647022953971108,0.05203490216712309,0.015637462017620733,0.03424052825907243,0.005752257716817418,0.006851633474230179,0.0027406230858220432,0.004028547477993461,0.003543367970592189,0.004097428563664224,0.05157423875960678,0.012275053726826704,0.1763244661222568,0.001978329860858286,0.0025234720755279967,0.001959772946613197,0.0035240874039691493,0.003418267131669928,0.003304570558912507,0.002337736344120466,0.0198688245244433,0.012099460845144511,0.03139820464389028,0.21029894455230402,0.004009648778226837,0.011981923438987973,0.013343642939655983,0.0024706701954317705,0.007283052327052151,0.004240177847567638,0.013772789333480508,0.0032798408401001505,0.006023906658540029,0.015190584108630674,0.002231316892652659,0.00985797354585993,0.003265523723966627,0.013109013755222963,0.001456279953105327,0.0071225598778791675,0.004679580991042026,0.003628655296747653,0.0018299113989044425,0.008952722864879518,0.005617063664672522,0.005711413191257458,0.0010471502627527574,0.0059409116941664345,0.0010940130128465734,0.004800299456380038,0.01589277099416714,0.019347862771201794,0.004409607788477961
0.027056176339256714,0.045228100612713484,0.05381812293046352,0.016335115300739632,0.053854858383135876,0.015781391047254383,0.030994604277053805,0.0061415376721692255,0.006930384033884122,0.002710108808829521,0.0032011968992790274,0.004227401382814397,0.004138743190016125,0.0531198040719374,0.011093046678127532,0.15819422560060872,0.002140109055831541,0.003214941383255454,0.0016997836680375086,0.003433723400659,0.004005931678435556,0.003647757124762078,0.0025271756810667434,0.020673473881902733,0.011315593537991235,0.03158599709101691,0.22339630998060142,0.0035302083177154693,0.016440976343681774,0.013775992455042702,0.003187273422228196,0.007528614468158863,0.0030399471718033488,0.013485095477332412,0.004066097828140209,0.006035370493491689,0.014041155428803655,0.0017457672093159177,0.008772626946821481,0.003172022609110545,0.011148460412235965,0.0018540269043099567,0.00646622701194814,0.004115324601436989,0.003698394642270672,0.0013999094423096249,0.008728891009870565,0.005001162953568214,0.00576967228084074,0.0012677941254219016,0.006051303093588002,0.0011803746141274274,0.005698656020317517,0.014663581373626328,0.018883375264753366,0.004786084365884688
0.02512753367851159,0.04247085274288545,0.05595486786698004,0.016053400333310073,0.05642385666885418,0.01678541338548688,0.034736835802378005,0.006280954174796343,0.007002554330916048,0.002684940667599449,0.0035010931938606747,0.00386763897691401,0.004107184536996745,0.046214310782701724,0.011681635502480118,0.16610195027824795,0.002004304319712944,0.002582601033937269,0.0017391177737669443,0.0035609051785671806,0.004009614924161813,0.003593712245140258,0.0026334852511962206,0.016377879137651465,0.011275110518135631,0.030748485413608435,0.2192131630997089,0.0029368535498723028,0.012050292237837075,0.016328315596878896,0.0027324644685084334,0.008371488997312413,0.002769668961997265,0.01410227484782686,0.003662163568100485,0.00525595318566962,0.013572466033185729,0.0020126443041536945,0.010591214032256054,0.0032886399818997064,0.012722552774544696,0.0019752190264587044,0.006920478069393255,0.004570513503310928,0.0042046445030368635,0.00129695481805811,0.007547318547187935,0.005105755995799216,0.00558270400133761,0.0012039337725659183,0.006157780443795404,0.001193942445128424,0.005562256568787272,0.017059944574635937,0.01984845555396404,0.004639703817990752
0.02687736220177848,0.047461013488776856,0.05083558762640343,0.016533304615828776,0.05840543732228894,0.01525465118206301,0.03257264449706669,0.006048380716502761,0.006560906219553644,0.0026258021200757905,0.003321097561444946,0.00413596824301593,0.004451756563425344,0.05088000725282968,0.011237577665076106,0.1481302395385492,0.001725693935676254,0.002608738280611586,0.0017027259542208109,0.003673756484498269,0.003467575660737487,0.004010466532759924,0.0023065498369661953,0.018478392261479428,0.01142084557158483,0.03282137364795673,0.22773545771154194,0.0037825829059591294,0.013859282382653892,0.014061307872823468,0.0029894337359872574,0.00870650461787182,0.0036021816111564816,0.014079300178472249,0.003323784087294261,0.005294907252225315,0.012407625262575548,0.0019697605092932626,0.009380381054007795,0.0034679815826285185,0.011860173323692227,0.0017855863608817197,0.006849694807652242,0.004366129668753385,0.0037441184186842863,0.00173409016696177,0.008826474769758936,0.005293958714068281,0.005769190435975435,0.001178114041333291,0.006392061594293587,0.001092170595291287,0.005700684759234953,0.016226363126698107,0.022059715890686823,0.004913127580371658
0.026964439694743325,0.04513502723853979,0.04923308019545281,0.015713271223279555,0.059157270170842394,0.015323662106886973,0.03184802734590994,0.005973118675884437,0.0061578381129881975,0.0028700195638459267,0.003664607629184598,0.0035938907131858977,0.0037931057403321838,0.0464104335142531,0.015223877161891993,0.17879915982112138,0.0019710062337819968,0.0025143879368804073,0.0018324047788151753,0.003286579365657521,0.0032545273260901533,0.0034880616821147802,0.0023526905037953433,0.02036590980407958,0.01181514952557197,0.024889376668677875,0.21039728411618377,0.0033758677318494633,0.01336766453119668,0.01674331516035064,0.00284129092438984,0.008388320056571447,0.0036316062170712515,0.011827336871632215,0.003651489130828433,0.005907078013187221,0.015277473217985794,0.0020799249650493316,0.008618454789201166,0.0032716020201372284,0.012543468214921461,0.0015710926877457354,0.006817655736006276,0.004248012884869151,0.004079040500538566,0.0014064634158780678,0.009184808228152949,0.005157115811664977,0.005495459428683497,9.509832487465173e-4,0.005458879398254862,0.001277100962212838,0.006278816739140568,0.016286599929767557,0.020320251405723064,0.0039146209282521814
0.02546014933690426,0.0453588896714247,0.051667613643958984,0.016608298249923225,0.06031351812947503,0.015574033207479054,0.032586286811185694,0.005924697914800305,0.006574272017577737,0.0027422430565282457,0.003351018901686696,0.004010476318955888,0.004018293558969232,0.048512312961333556,0.011465989767009315,0.16155670249936396,0.0020310368606532387,0.0026227384879359155,0.0016380041301816935,0.003553943136814156,0.003685858214808349,0.0031604461046713748,0.0027757073243359054,0.019796798046125975,0.010403088094641268,0.030502263477585587,0.21655090024786408,0.0035291341743835473,0.014509582330028805,0.013760727429067466,0.0027353788832426527,0.007668655346500328,0.0036424076005538773,0.014165631806929075,0.0034120722106301396,0.005430530921872615,0.014872342466064375,0.002192586872258813,0.008829655398536576,0.00291257455687692,0.012658172053121098,0.001379441752644375,0.006557774339553783,0.004634141477013826,0.004178758898890223,0.0012109474184048205,0.00924416935861356,0.004904792378971545,0.0053476661797584235,0.0012012316625968189,0.005966731950720483,0.0010098654604188807,0.006455418814978094,0.016685652674401412,0.024156252877867282,0.004302122532906722
0.026612594157424087,0.04455374212392893,0.05468697898970796,0.0151711510538436,0.059659214668437564,0.014813796028088537,0.03358728684303605,0.006095333691730756,0.006732546652136543,0.002811363323708842,0.003649330876531551,0.0037383888828886494,0.003961916525604304,0.05435642038912143,0.012628109669838482,0.17234030786014512,0.0020220785339388346,0.0026184498884756916,0.0019050193641840512,0.003321029090807003,0.0035750252521917773,0.003585965790076573,0.0030202888549540623,0.020220627282458836,0.011796653952565954,0.0284833359382073,0.2046143112688709,0.0037636750467906683,0.013953690176408677,0.00998855959236581,0.0027726868040799197,0.008197847467421653,0.003853332446395409,0.014303510132366744,0.0033749610392688175,0.005714635130306074,0.015589107795682941,0.0024555100372553695,0.010270754009733995,0.003893465230882741,0.009745561153623118,0.0014081501499074128,0.006366101656057823,0.0044063521256198805,0.004086962446946426,0.0017641401732196972,0.008826965900899639,0.0051506552178914025,0.006013457547123682,8.385028667206739e-4,0.006230030230222729,0.001497998138556341,0.005477934087476938,0.013194946998074233,0.022170764934646345,0.0041284745111514415
0.027283533656268146,0.047597140485829,0.049802621172740126,0.01671997461545133,0.05659090858841178,0.01571270644409325,0.03162231153111679,0.005610368181096618,0.006333196153534813,0.0030999690106797294,0.0037248839601260334,0.0035162355312414713,0.004338638955095383,0.047894935856118405,0.012620240614545721,0.17348190922542683,0.0018121338851810576,0.002576459541268593,0.0017147559888789346,0.0033982121142462894,0.003750097282679116,0.003540044233289217,0.002392677623795118,0.01848598196108235,0.011986919719257262,0.028629000148076778,0.21562778638166902,0.0033316875599982846,0.011787822542806541,0.014665175608916472,0.002535733631435783,0.007608078453943336,0.003411975672057577,0.010880799557018673,0.003511450706645044,0.006266559304196146,0.013800901535158552,0.0019146920283977947,0.007967438017728902,0.0029109195738184403,0.012114072604052933,9.839733241542093e-4,0.006813852359617719,0.004313469269333711,0.00447146275975998,0.0013939431214082696,0.010229521384396974,0.005695669741755475,0.005099325131007625,0.0011931848741124032,0.005675640562667843,0.0012745974555651292,0.005858815781834605,0.016182408543686133,0.024026348960558,0.004216837072768336
0.0253552966311832,0.04203916333909347,0.05766474077950367,0.01518785669279161,0.055633940721303274,0.01523288017553068,0.03439922218174517,0.006032176655492427,0.006950845592428017,0.0026191154817590237,0.003986248114022315,0.0038962523546578367,0.0039680574438149055,0.05134729846942756,0.01322307402741347,0.15745731560454168,0.0019381808884269655,0.002483467387099151,0.0017351689324485219,0.0035372932724302975,0.0036506179421020063,0.0029922688350708547,0.0021639145573107746,0.01794097482284145,0.011451833284269741,0.026869692785268247,0.2315627214223384,0.0035987066880571474,0.013162769815532964,0.014370016707012736,0.003231063428413892,0.009284736281126922,0.0037251037854451607,0.013940110393881685,0.003396150466016328,0.005356248723121736,0.014971405679446102,0.0014741282658451672,0.009879396926801764,0.003490462878109055,0.010635674759673674,0.0014901198802570652,0.006630982238394879,0.00469033797027334,0.004216354594582285,0.0018935232715466444,0.00790371699866602,0.004620454663183769,0.004749110361068248,7.888064356482019e-4,0.005422041280079567,0.001193591095705088,0.005595056601876849,0.013302902787926256,0.021942893456137993,0.003724515171854721
0.02628721621099824,0.0484783719436598,0.054780774014526794,0.016845782899655777,0.052946751588250414,0.015897481603335074,0.034205160516041284,0.005684018640511775,0.006385415395289705,0.003154689430218671,0.003524342674897262,0.003991424698480703,0.004225579300268378,0.05017024882428215,0.017667521976142315,0.15070271705568955,0.0019147420596568737,0.002665688223328746,0.0017981396130969144,0.0036589420799669685,0.003996508763635504,0.0033701439645097086,0.0022966237126874132,0.019382676628053704,0.01276888674963727,0.029842575769109505,0.21732125851039677,0.0035257767510934483,0.014806042437211954,0.014749503117704264,0.00282066297935794,0.008552269357698983,0.003551747782483315,0.013977115674788633,0.0037994390548062654,0.006097861657928156,0.014021854224015532,0.0022986048058697157,0.00950025328044389,0.003014419787785909,0.011962041622724844,0.0014941866157603205,0.006134631910799251,0.004786590225185762,0.003728592451308751,0.0015189091642594048,0.010155107983985246,0.004652580293085924,0.005794968500258595,9.71233218788015e-4,0.005973437361789747,0.0012165353556765166,0.005420507499633063,0.015680017494256997,0.021349759429160252,0.004481667115812023
0.024176630537986552,0.04772340670311447,0.05168449327433577,0.016331431573406482,0.0533303052601691,0.014763303846142871,0.032958951640916924,0.005826210825623357,0.006451470066743701,0.0030159899823899543,0.0033774606644837776,0.003467675799105127,0.003957593705855007,0.04732656665415145,0.014572961274798953,0.17289433232581622,0.0017615218430137866,0.0024461221987855876,0.0017221387043732715,0.003667148255076441,0.0036766323373588726,0.0034383913117363124,0.002250851401833372,0.01934159475451503,0.011591287793102414,0.031149527427365466,0.21652157334897063,0.0032817041550475706,0.01552334625700463,0.012789781009298513,0.0034598368888942425,0.00783574907221478,0.003177326540908393,0.015711552876087085,0.003123566554398184,0.005685947564933309,0.013694616938429003,0.0021898369853024526,0.010711917689079286,0.0030480516391844423,0.011780649906233221,0.0013760694685716526,0.005927894797625633,0.004610475543604113,0.003572688933359729,0.0015180157141055088,0.00869959823274425,0.005319667227634666,0.005112875646389083,0.0010095936655082859,0.005662753000103188,0.0010361133365704384,0.005942638820530064,0.014223770637224901,0.019841797758666586,0.004706589629175872
0.026544940083195034,0.04989653548089483,0.04882574944349285,0.016002116402028907,0.05054858823504973,0.015053680622112993,0.030915172210928533,0.0054454723067420335,0.006431707683848815,0.0030010869747121066,0.003636088706291778,0.004417816596215646,0.0038449753169486844,0.047858018209636616,0.013684980460328861,0.15823010407290614,0.0017382151861086164,0.002770546775374618,0.0016968834328240261,0.0032586026868315445,0.0033267674594304572,0.0031836230854538224,0.0026622034894931185,0.01774846314561348,0.011754508770013366,0.03469616799777853,0.23066101390422264,0.003362285206526819,0.012081056984528752,0.01385676615319905,0.0025571628897312795,0.008141585595436625,0.00323655875862672,0.013940059437643612,0.003530994152960815,0.005256473592367818,0.014440566046057132,0.002064134194164895,0.008925097202999813,0.0035307323979423344,0.012617345049048365,0.0013273430006926997,0.007280076423089169,0.003993262975717351,0.0038236272474203416,0.002165305741507045,0.008675989677664543,0.0050236341257119885,0.005830916655943346,0.0012275687419600505,0.0053915418354483925,9.705036931563483e-4,0.0058115876587513625,0.016713874306273992,0.021639902252954837,0.004750019263996745
0.02838537364247446,0.0453977735147509,0.04981373571159162,0.015991131316708703,0.06010217667073603,0.015647547432773842,0.033874779483464824,0.005655307197489121,0.0062413162641372436,0.0029769143049344065,0.0033622957653738164,0.00353266589212052,0.003738086939763985,0.04882447831700366,0.014513905382974708,0.1559212539482078,0.001907083551874466,0.0027849269311394395,0.0016038660609435102,0.003409125088604262,0.0038751605812540105,0.002926747031637332,0.0029815113952753507,0.017729971374679826,0.01187459337368328,0.0288851333827665,0.22299219527328845,0.003190645969572646,0.01321224529829243,0.01276173761658843,0.00305296002337208,0.007642846724851367,0.004037543549996704,0.014991849114928738,0.0035412904311169337,0.0050426708958980025,0.015091069185385858,0.002116760561386251,0.008742186523847102,0.003352550463562528,0.012204712977630464,0.0015488189306884974,0.006078905708086384,0.004326899106862245,0.0037227122095823506,0.0015865347135593452,0.007673733485927101,0.005655818181720279,0.0055402921525877806,8.815311466297012e-4,0.005538634995443199,0.001055131159570394,0.005616225738193769,0.01821813163917722,0.023931652720235928,0.0046948529456541785
0.02614145745327082,0.045368064503059594,0.05080438485390963,0.016531891419601805,0.0563708529656702,0.016702538540798128,0.03344300512620663,0.006064862212199403,0.006683015898428686,0.002704365243190798,0.003317326183133431,0.003649229879867128,0.004548345399725214,0.05072172338022479,0.01325739075821434,0.16015589064466934,0.001912964532029865,0.0027816124043812166,0.0015778631250873564,0.0036828542957991813,0.0035478430679289656,0.002818226023440091,0.0024294645045086806,0.023858742671052122,0.011254213073753556,0.034323191587708725,0.20906673117355695,0.003666104261167385,0.013969330240808433,0.013716910477858411,0.0031006549336882027,0.008696601007007409,0.003442293057369671,0.013190401136653747,0.003560808408938257,0.005809745496511711,0.012929924530517025,0.0024318803343996893,0.010639420338665084,0.0032047220283182897,0.011899789713386172,0.0012453969144673091,0.007521581912470171,0.004368637843815251,0.003763339768773083,0.0016109777281880745,0.008097992693644697,0.005335119704574585,0.005730633117325687,0.001068021370985112,0.005881611769417581,0.001191705096413571,0.005396945687148562,0.016302183977985357,0.02417328233933969,0.00433593318874515
0.025165019327925815,0.04435439042939128,0.05693627368340348,0.01661989286906826,0.05554748797571195,0.016138235392570227,0.03232724158234001,0.005547718350735129,0.006507359045065903,0.0028579892850761532,0.0037269488922289165,0.003977670721089406,0.003848852326811753,0.05372727320607216,0.013503745917470028,0.14151743528362168,0.0018619898731632022,0.0026538269948858887,0.0015095856507733642,0.0034776371185965076,0.004341330773229533,0.0032305430018000902,0.00328539907582186,0.01708332815010038,0.012491200576724964,0.03031116430075113,0.2337244530959119,0.003343208796112311,0.013513531987939508,0.01340176228242172,0.0026179682169960483,0.00790045151314644,0.003632326284276092,0.014024050556147225,0.0037935589340926433,0.0058986657978669305,0.013126206080090031,0.0021044709684017856,0.010242585554234173,0.0029519700658682956,0.012143093892508798,0.0014277593418817386,0.0067588100173584745,0.004304753006725915,0.003735754542196537,0.0016190151311759997,0.008752256609944602,0.004741995778919643,0.005865042057477415,0.0011749866421775616,0.005663502097021131,0.001177563045483203,0.00571829677187357,0.015745654045257355,0.023689374387846577,0.0046573926942173735
0.023313160562435896,0.04442242800883194,0.055259916281664684,0.015425612903871969,0.05279657045554968,0.015302068307306339,0.030371914437397493,0.005978982659709338,0.006314165978952367,0.0027165647739320047,0.0039156465327469655,0.0036365764368585206,0.0036922596054751525,0.049032794103048186,0.013855158352366588,0.16715809942588367,0.002253952264926905,0.002304325978397715,0.0015742324311510052,0.003757586509364449,0.0035061963232039736,0.003600746195380624,0.0029872961384807203,0.01995934810635539,0.011184740940721525,0.03210275217597537,0.22229371572232656,0.0034868351789635586,0.01390572577744732,0.013273652526007259,0.0033104043928683805,0.008657449374173705,0.003299367801300088,0.014571841341115466,0.0037227403209754524,0.005332103997141705,0.016349821936184228,0.001937206693126089,0.00911041643784295,0.002922066853747847,0.011138239135563284,0.001191429353005727,0.006745312512900012,0.003983095797940352,0.0038305086506110215,0.0012925049805064428,0.008616022309927335,0.005526814222282923,0.005622887936133971,9.606749981857649e-4,0.005691864462973005,0.0011290678820361853,0.005578212578321638,0.015142292030111738,0.020050522546091396,0.004904106360200128
0.025044977488085277,0.04640421911258043,0.05428818880756248,0.01683685738746662,0.05793849696376794,0.015232156003961866,0.032745669939928966,0.006059571775820515,0.006591414196248039,0.0028227179467855347,0.003575531187817515,0.004050707715694722,0.0034664793704591375,0.05281135869492238,0.012773192525290803,0.15375523512084321,0.002122815150333222,0.002631996977233113,0.0017342796072321515,0.003647045298140868,0.003789446350086214,0.003611631033712186,0.002380058913746118,0.016434310480228507,0.010214716994182985,0.030845753883280615,0.22219626859699895,0.003694366741813905,0.015141266082735621,0.013686106956977296,0.003160760634990657,0.007919474382251,0.0036623011106427282,0.013075640828966794,0.003530257124315334,0.006098862930497407,0.013127017083494584,0.0019086495581105516,0.009310451030103433,0.0035872501065258387,0.013179182594156532,0.001368080140942113,0.00648643898276694,0.003734033712931137,0.003661882929292181,0.0018004462357764288,0.009414523247717452,0.0052540210401794425,0.005845751926113795,0.0011121289166741298,0.006442568701939116,0.001207177536089887,0.00631357828416457,0.015290650569129826,0.022418978152445358,0.0045630549358455195
0.025825675397526667,0.04700039291983061,0.05696747082509129,0.016957632369148806,0.049497059635881135,0.014685777851219337,0.03272829689310879,0.005572094029981088,0.006011449108564602,0.002628803744813933,0.003917658509635848,0.0035253135453785045,0.004161124308449223,0.056854061263177234,0.013135009745150236,0.15675654400721667,0.0018710801686789244,0.0023566125413381645,0.0018066331413109386,0.0039305749617006055,0.004174071031980962,0.003650573963462437,0.002444067318518528,0.023063299030698613,0.010927008585620337,0.027673732571763036,0.2088406334974087,0.0031657144042836023,0.014392571310708485,0.012612962122796502,0.003176359215834584,0.008407219540932096,0.004079352610844959,0.014964586902696904,0.0038156833047936134,0.006030578247373655,0.0142567880320976,0.0020175520764086695,0.009255311004732331,0.002740633689071238,0.01310730543860476,0.001882015714097253,0.007119906784654313,0.00449670704625964,0.004022948328733627,0.0015228532746004604,0.008173824532374908,0.0047655637592099835,0.005834138298128192,0.0011665593912633166,0.005995193190582282,0.0012671113914386805,0.005611986920906101,0.01778496428723947,0.026598984835353202,0.0047719733773243815
0.025452918690098827,0.046648346561671106,0.052498796855077,0.017157863490176395,0.06157010742425466,0.016380828206336757,0.032389247337791124,0.005603252121020467,0.006078871852924757,0.002736869683676396,0.0034183130366285267,0.004013557668268373,0.004032307384149873,0.0494403213571029,0.011006408073056393,0.15288529814746207,0.0018704046223479865,0.002798966593454327,0.0016010664839987779,0.0033667713611036255,0.003391578666306501,0.003200183329244084,0.002035472250997643,0.018994854534771913,0.010114822859250859,0.030848983260587513,0.2237340300651724,0.0032198410521376256,0.013117067237642777,0.013434950463533494,0.0028879723736961282,0.0067399090298018655,0.003840593296636124,0.016532857785700766,0.003880665208453573,0.005379390920774575,0.013453328168711299,0.0024883645251733105,0.01042422022676566,0.0036904380558452723,0.011629699009531183,0.0014012180547058083,0.005897322334600023,0.00512026793055488,0.003834137502919332,0.0022991489982442516,0.008303815616402803,0.004643553288198228,0.006540499135923436,0.0017298558904007906,0.006082064879470209,9.375188759962476e-4,0.005158911104198506,0.017215182580621654,0.022146912356570042,0.004699852179858845
0.026972395348599514,0.04622971037513202,0.055529238464553474,0.015495559836724024,0.05568529677211247,0.015315107244866124,0.03353141165339326,0.006099594070606294,0.006738196091976982,0.002678533586637068,0.003257439826216574,0.003356834734930729,0.004441982346252296,0.04651772654410055,0.013366730791311895,0.17012702508137564,0.0018352924930489433,0.0023276820023230326,0.0016690042034811245,0.003689851299856385,0.003198234750705014,0.0035756993041007644,0.0020645831861065655,0.019089949299112122,0.011284821671684491,0.03106955378296342,0.20758566770160694,0.0034888191613034933,0.014064991277169977,0.014154428875638921,0.002998277872340859,0.007499528007661882,0.004023390322317835,0.0136756159013929,0.0035827975594034944,0.006655209288364985,0.013484126442847558,0.0022050948007823774,0.009733146494153605,0.0035297355476189072,0.01314829949692371,0.001661717013864785,0.006471932817867478,0.004020453017853792,0.004384178997633551,0.0018285622820862827,0.009000843952571617,0.005454986209160388,0.0051761133846418015,0.0012912451247374778,0.005542105681547252,0.0011108681988934537,0.006355163519073709,0.01632680091920769,0.022257000613585785,0.004141444755576686
0.02531392240668972,0.042322424332463596,0.053098384709310345,0.01522416387003325,0.056779514436449394,0.014985883786134442,0.03206070233791564,0.005484023106903072,0.0060020857645639875,0.0027898914260516034,0.0036556185931309474,0.00389949491051295,0.004005411808436236,0.05051790768391744,0.011580163115038376,0.15011311105827838,0.0018770682129664756,0.002495592596590464,0.0016418576547799215,0.003609593340508382,0.003595304376861352,0.003626183423100598,0.0020850856031063114,0.018688804004856775,0.01194869416563012,0.031080785246208633,0.23423431333988962,0.0035191892279956617,0.013448583732254112,0.013908495110077804,0.0028202180932531047,0.007921912438738977,0.003909262387755729,0.015161014537828924,0.0035150089763553304,0.005555153973230576,0.01453819963947222,0.0024115457315096417,0.01030376125913084,0.0033208808790084936,0.011747638536742266,0.0016173204213667466,0.0061799582435502305,0.004837644333492673,0.004609891385778902,0.0020996380349026394,0.009611854720929007,0.005216681873474679,0.005605245473517592,0.0011238083714656178,0.005646392823287533,0.001118991173915214,0.007048518490003373,0.014531895221822876,0.020953940304964214,0.005001369293846994
0.025429660635079447,0.04768890826778072,0.05008720407878091,0.01747728337835175,0.06094960719574795,0.015256710295295054,0.033371733218445394,0.006390419801727637,0.006440549929182785,0.0029395878693644103,0.0034424638886115426,0.0036422490332428557,0.004583242493258021,0.05018292120941708,0.01163009055198953,0.15026182445265715,0.002162783704501851,0.002389204228690885,0.0015810168059138276,0.0035754221764930905,0.0039741766337644735,0.003383561634700756,0.0029568428290707195,0.01861412997906852,0.013554759948940112,0.029721450003227574,0.22422341971724402,0.0036216795200834065,0.013864297548379945,0.01238455971762349,0.002584021696805302,0.0074117427421348265,0.00444350622999845,0.015147431614227604,0.003429233731642405,0.0050902447347726636,0.015178114782637751,0.0018385596076799249,0.008678803259224273,0.0031286230549283354,0.011276457096321201,0.001566342517822523,0.006643876846506086,0.004040457581510127,0.004170080659602341,0.001635770994152882,0.008602028518825253,0.005600952208556514,0.006110447690168697,0.001117290847096239,0.005280515148534833,0.001143456262224349,0.005413291288879602,0.017099659580227005,0.022031250427642184,0.0055560801312437
0.024902626064784064,0.04591457035434496,0.04547954403583895,0.01626687801820983,0.059735018476287295,0.016382473112860205,0.03268355483027904,0.0060084990366429765,0.006178500335798035,0.002950516122383817,0.0035304630561937794,0.0040556050532676875,0.004415458495378523,0.047357764667718606,0.014393962505912414,0.1610218356790113,0.0019235727736881551,0.0024678919281608982,0.0015539585082815883,0.003636211021236898,0.0033446538258966843,0.0031439986903035563,0.0019317475537533825,0.020555373380002583,0.012214611535821285,0.031224056083409543,0.224649940651168,0.0038620070298763087,0.012548996716091143,0.012584756988930423,0.003038566702420534,0.00743100237985802,0.003272715522902955,0.0141402231733431,0.0035745497744333584,0.006942598012179157,0.013163419490344627,0.002061186456670488,0.008569922558636357,0.0037788982588713377,0.011652444950111043,0.001259596112300804,0.006744212588972604,0.004468300769422719,0.0039278150590085015,0.0015650249600392657,0.008346991068783926,0.005348271708859325,0.0050712934888716196,8.336822472960856e-4,0.005312686895994078,0.0011209027147924496,0.00543852018457355,0.017758494880615223,0.023829936745854693,0.004429696763312278
0.025894767598635123,0.04391209497875593,0.05550914783954259,0.01616377156988771,0.05794207306770254,0.015323827384992397,0.03353669691454296,0.006261724577631036,0.0065320491204605815,0.0027333739460214082,0.0033133165747797,0.0035032784775645407,0.003686653689509934,0.049040502200657185,0.012134611231595788,0.16440095074868502,0.0020366150285843535,0.0023441121559682485,0.0017476405860753354,0.003592174926243993,0.0037309860125492138,0.003255570777139219,0.002426525399001343,0.0178376771629538,0.011163283677163882,0.027352972955919125,0.22489361914819198,0.003983922744922777,0.01291561290626649,0.011830234996039588,0.0031960663921130126,0.008608851895103815,0.0028486018355163537,0.013408443884092984,0.003592367456932002,0.00537563541279698,0.012848367785727526,0.002414074815514703,0.007528460523729198,0.0030789195459688993,0.012485517659088447,0.0014122217588353303,0.006795191589046998,0.004280208633987676,0.0038262810581557853,0.0013952468320687175,0.00908225532485167,0.005613360439869013,0.0057486724018340095,9.746610988515487e-4,0.005668081017744247,0.0010421607953585484,0.0055993074721009456,0.014856671659444732,0.0246482008580296,0.004672383455253414
