i2_health,age,household_size,cantril_ladder,r1_1,r1_2,week_number,hl_covid_num,vl_num,region_Islands,region_North east,region_North west,region_South,gender_Male,i9_health_Not sure,i9_health_Yes,employment_status_Full time student,employment_status_Not working,employment_status_Other,employment_status_Part time employment,employment_status_Retired,employment_status_Unemployed,i11_health_Not sure,i11_health_Somewhat unwilling,i11_health_Somewhat willing,i11_health_Very unwilling,i11_health_Very willing,WCRex1_Somewhat badly,WCRex1_Somewhat well,WCRex1_Very badly,WCRex1_Very well,WCRex2_A lot of confidence,WCRex2_Don't know,WCRex2_No confidence at all,WCRex2_Not very much confidence,PHQ4_1_Nearly every day,PHQ4_1_Not at all,PHQ4_1_Prefer not to say,PHQ4_1_Several days,PHQ4_2_Nearly every day,PHQ4_2_Not at all,PHQ4_2_Prefer not to say,PHQ4_2_Several days,PHQ4_3_Nearly every day,PHQ4_3_Not at all,PHQ4_3_Prefer not to say,PHQ4_3_Several days,PHQ4_4_Nearly every day,PHQ4_4_Not at all,PHQ4_4_Prefer not to say,PHQ4_4_Several days,d1_comorbidities_Prefer_not_to_say,d1_comorbidities_Yes,vaccination_status_1,vaccination_status_2,vaccination_status_3
0.03084597036463422,0.0657202197026068,0.056892048729233015,0.015917442505247924,0.049723657824302124,0.018938633915171726,0.04732633315804793,0.0011094868661925266,0.006559266713420084,0.0010385001321318661,0.0018582644627881226,0.004019056636452127,0.0028699726615632848,0.04269551807676349,0.004331549558797975,0.11863464481782286,0.0019403587868202967,0.006552369896969872,0.0010661802850995517,0.0015338815375845983,0.0015248036547216154,0.001355883886800854,7.611920666818756e-4,0.0012887559796820975,0.013065308411987145,0.01213439367140638,0.30847505029921196,9.443114311998652e-4,0.008647815726010075,0.013600818744147784,0.0022471267857249308,0.010039916809214521,0.0034408064017415444,0.002842105843257918,0.0031785064076419005,0.006963028293843924,0.014275633096450307,9.397213823358985e-5,0.0133019777850666,0.002063226901704275,0.012601347482912206,3.920895115754167e-4,0.00591778704821058,0.003618840806440226,0.002026772364110588,0.0011809403749728894,0.0061220069466695025,0.01022889964829549,0.004823526326597027,3.9883513578463625e-4,0.007939827512836256,7.026193572054954e-4,0.007029478481046339,0.01255594726517381,0.024127607759254082,5.154830125358721e-4
0.03015312990818714,0.06775820301379452,0.056510075171383435,0.016935523945840254,0.06046392607490311,0.017327635467831757,0.052374147411122896,0.0024596706853346187,0.0029087138014787456,0.0010485148697038883,0.002164240551768797,0.0017025683037066096,0.0049268280656687684,0.04928328571820726,0.004057048481066238,0.14437979868088022,6.251001782919065e-4,0.0040643709366093815,6.889119578261924e-4,0.002137762481942542,0.002105149412367321,0.0017383468286447643,0.001270333150387395,6.912396449152092e-4,0.013427626149188143,0.015232131843262525,0.25613525272523596,0.001048119541260313,0.0087405723065339,0.012254348337393656,0.002367004567034842,0.0078176705330213,0.003385730335667744,0.0014642674850714858,0.0033481903086260705,0.007056831025085055,0.015973326864373992,1.4781952624432485e-4,0.017044705630963043,0.002049625164851311,0.011573038732173161,0.0013401007593545886,0.007378337678842026,0.004943802643314106,9.875166523170963e-4,0.0015813563046286462,0.007184612941756203,0.009074466144414711,0.003870284691739391,0,0.004414678313772115,6.042971924917053e-4,0.008561308785715377,0.012644108022761748,0.02924716153934321,0.001327182511699252
0.037562097557918,0.057999917284657344,0.05634271937853999,0.015526915864938377,0.06016535912777629,0.01834975181850667,0.05034959059358808,8.008822031634804e-4,0.003816187227815476,0.0014116607525619463,0.003156656508837092,0.0017096641590182652,0.003062783813702329,0.04654592232926696,0.004420178388735713,0.12487443431383637,0.001157160312748047,0.005083995951102083,5.585160101296249e-4,0.003129634361108784,0.0017906686024021234,0.0019900405451099977,6.288194695339047e-4,5.012599887144953e-4,0.012441577749977959,0.01112810674097005,0.2884795057328894,6.474311057868478e-4,0.01152197580686243,0.009932256394854637,0.0024602661132557763,0.008892751832798588,0.004470712995819901,0.004742686819128713,0.002459565265687683,0.007976535578453355,0.018264610875574773,4.1911882553472067e-4,0.014209521381339938,0.0018394552920178,0.01139508197225886,3.473596198856331e-4,0.007076818992778599,0.003931073086296118,0.0025719284362919876,4.810292038106384e-4,0.005947311159069697,0.011727960493920254,0.004316435688640053,2.100221118321833e-4,0.006912707109095606,6.015877034305642e-4,0.008113117733619092,0.014278757672007189,0.019915818647066062,0.0013520952953334857
0.03609719160309551,0.06096401657790732,0.059003229553505794,0.01757111801154745,0.06811421401746813,0.018448235397420135,0.05005366144858404,0.0024462721910468144,0.004070887793232017,4.1401051942336085e-4,0.0038701026037337013,0.0026777067564844187,0.002390887929989801,0.04652241986240801,0.005160229671612792,0.14260786552085516,6.411449608226045e-4,0.005303396156581137,0.0010319216254838991,0.0015230401995796421,0.0016951000231696402,7.47089121478426e-4,0.00089069213230864505,6.908873480625589e-4,0.01116186627209065,0.018911704624359923,0.2517306271127873,0.0010331656169495947,0.008899572742647808,0.013016401524516576,0.0014711241009364726,0.008760053342640777,0.0035812529781040687,0.004137812276388671,0.001903272625508068,0.0058857674875847045,0.02225073485405056,2.497028679678064e-4,0.012225521871517686,0.0016707638474763112,0.01110620047612298,1.1560628865268203e-4,0.006494256317814148,0.004456212682227634,0.001563911076357025,6.644570448120507e-4,0.005761460003544212,0.010482335369530077,0.0035637228580776823,0,0.005461846803844338,3.908161179296486e-4,0.009598439471903121,0.015139435740734326,0.024095418416531462,0.0012812161605906087
0.028654904926616997,0.0718221413672801,0.05872754848531122,0.01887245036201052,0.06734163289445913,0.01641995521612158,0.04591249855027298,0.002130924905596996,0.005514912498185131,5.997888475411036e-4,0.002738804457410721,0.0031850664600215533,0.0017260620555499227,0.04955272563620379,0.008285395543817586,0.13070406611260008,0.0014149727605654446,0.0028679841774278863,0.0011160575410381708,0.002174860789381597,0.0032438118746095485,5.937513998754649e-4,7.089233521072195e-4,0.006201257209624656,0.013597815056901018,0.024928433539183354,0.23619512331669656,0.0012758811839633734,0.012291816630698324,0.012795664438424816,0.0026439109649261617,0.010176546680978144,0.003548111320973078,0.001999984339344116,0.002951075462927396,0.005610851371996991,0.020502252975341563,0.001307228829764915,0.010893354055095563,0.0010407662594421859,0.01071943087426843,4.3969314327046955e-4,0.007836921710398431,0.004946424784386513,7.428483701812043e-4,0,0.008850395765188196,0.010831167432138328,0.0035217191474634104,4.0976782027482556e-4,0.004149255972235621,0.0012292649287755533,0.007731164232120065,0.016802975638435715,0.028199183419995603,0.001320472910580686
0.031641734961306574,0.06600887406134619,0.06044708132190448,0.018068306479033572,0.06344885724671928,0.01636125819291499,0.04797672989198825,0.0021103866501077186,0.00629917750158908,6.237568045479578e-4,0.00202009905786617,7.66309281453245e-4,0.00237131462878165,0.04481895561813499,0.004539329437946022,0.15024283809788397,0.0013870030330781656,0.0072073877791155256,0.0019159192801636205,0.00251185824028999,0.0033121401635819716,5.084368412432604e-4,3.110142110146739e-4,0.0017331096826554105,0.012569054988628627,0.01615421617267048,0.2528640659777592,9.96086525387925e-4,0.0066194542227405815,0.01268278928720972,0.0010762631852118873,0.009002986906582149,0.0037292003852927177,0.0044849201999108195,0.002562094448710087,0.005280135328377652,0.017359205685482302,2.2037887579315327e-4,0.012797489990772067,0.00236355697446934,0.00982633753615032,4.103705314328597e-4,0.008403168208456099,0.00425168186443217,0.0015683117881661443,9.465581989388855e-5,0.006945253843612958,0.009732227361340356,0.003921419110281607,2.5527013179188355e-4,0.0065293303546228604,7.913320317316487e-4,0.008408506662362926,0.010348535059820491,0.03003221433490811,0.0010876077413302172
0.02863307999985112,0.06604004517713413,0.059969778632770566,0.017863345766230034,0.057793210392183686,0.01585057560709326,0.04964523816647058,0.002776692980184159,0.004410122694836463,2.4839609449897593e-4,0.0023646661539432263,0.0028611216129925216,0.0037611237183295463,0.04520522738907577,0.00285804219787077,0.14835913355684102,0.0013482344515181042,0.0050336973757425995,0.0013078743495749173,0.003209954211321348,0.0038952505329537404,0.0012004081991402057,8.224788054305352e-4,0.0024475409782715903,0.011331511241645059,0.013817904425972501,0.2635513603269418,0.0020851699182817675,0.004835487636879493,0.01406400404478311,0.003520381997556256,0.008814597802353146,0.003205117708869521,0.004859657289100388,0.0016752034055357305,0.006791029723388765,0.015877420147268107,9.504851443112411e-5,0.015408704693161643,0.001518108562614625,0.010691255511838502,6.01927908731048e-4,0.006389762688090132,0.0034992976264394677,0.0013640591798020228,1.7606585288525693e-4,0.007667934523202359,0.010209481478550636,0.005376007678536609,0,0.00536111485179569,3.7905893373509704e-4,0.007507576614788845,0.013409105920559258,0.027895379473619523,1.1602527438362505e-4
0.032563807078533576,0.06897735129329532,0.05812022572473158,0.015920085774755014,0.05973876139267277,0.018864503762009602,0.05024345412244526,0.003447975718590316,0.0064144811363690876,0.0015382691845933656,0.003173190263004761,0.0028319890046697104,0.0018778244619756714,0.04381495184971924,0.0045988425035941175,0.11777000449835005,7.873887881361608e-4,0.003724430271577775,1.5325514262772735e-4,0.0014509278334293603,0.003523039766503851,6.035686920912738e-4,6.735063307564645e-4,0.00392465103943794,0.01241168118931586,0.014570426279813371,0.2854272561432644,5.975616695673184e-4,0.00801795610103582,0.0085262414828719,0.002872586651318599,0.006793690101321029,0.0034062244937989256,0.00469087110758033,0.0019734683215082835,0.005547972934512789,0.01779660640166865,3.5066385336097094e-4,0.011693169881333093,0.0012973895002724627,0.011397002832433112,0,0.006822165975780294,0.005621212578395119,0.0025059162279357805,0,0.008835851981331385,0.01183170878102738,0.003451607694286835,1.960635101320269e-4,0.007199096062821931,8.256833182678602e-4,0.008203903022619115,0.01493206539681514,0.02633472031328342,0.0011327505584567557
0.0316726191818045,0.062386469145577106,0.057629226428725235,0.013893888007139863,0.06478589513887577,0.015869600238626005,0.05047067242759201,0.0028539041129181336,0.0035734487581572847,9.722777768016324e-4,0.00359222580746601,0.0023944402964070715,0.002664245411135963,0.0442598093155734,0.004544743041496283,0.12852669986992582,6.912754924917169e-4,0.006075747000562502,8.274630776563239e-4,0.0019710196524544803,0.003890744128300578,6.738466506750133e-4,9.966292275552287e-4,0.0013259359212128422,0.011208493895526838,0.009995291193017602,0.2919686152719894,2.8595625108094653e-4,0.007892551646148669,0.008395915360949134,0.002143709388756081,0.00859224327958255,0.004103123055257518,0.002541151845164303,0.0018514546105523756,0.006903954880376687,0.020935413019401793,2.365559882946383e-4,0.010487454483865703,0.003752505166995289,0.013345147133901421,2.4805755381557493e-4,0.006029891337317967,0.004654247923831445,4.5477482850984425e-4,1.92366044159633e-4,0.007081671834859375,0.01152195853394484,0.0045030520758082586,0,0.006891605775561303,4.394440181746592e-4,0.005973123879192942,0.012155494409038736,0.026515113029691863,0.002156836176101822
0.03483942061397477,0.06948974010498601,0.05864607694998702,0.013342273940125816,0.06486007691501508,0.017768824391247995,0.0521302236925971,0.002610187547207946,0.0037765454505600815,0.0012715009403663348,0.0032043260628149147,0.0017204629558157185,0.0028873658886586387,0.04814323120602816,0.004786978962751616,0.17236603218009988,6.492479585611898e-4,0.004118752205726886,0.0014897261075193825,0.0018650276419758596,0.0023244573930825286,0.0015267760011262966,0.0020032187091250705,0.006087386048705234,0.009422414597979462,0.021475778348375968,0.2034975842287877,7.236417107983967e-4,0.008330692116223375,0.012806663102273219,0.0013891316613790568,0.010214342108507744,0.0043391492276753,0.0018759081964395607,0.0015081123349789233,0.006250468833427047,0.019122596599397162,3.56085141620941e-4,0.013333797967484077,0.002955832232944661,0.014612697272859281,5.025064936632419e-4,0.007328698580956433,0.004783590837576502,0.0015591496209381313,8.029105056335528e-4,0.007451245660405969,0.010731547589101435,0.005707879806987138,0,0.0061877104137728674,3.5998725281065157e-4,0.009708571946559339,0.0139086817174627,0.026071269604200666,7.734944207200004e-4
0.03612279221707069,0.06806925596740065,0.05094033920295865,0.016551283668622536,0.06427322767775923,0.015362590245722643,0.049186764914888784,0.001594840960225908,0.005130491656185551,5.605379487340338e-4,0.0037829832413549583,0.0022021041328644216,0.004192634213120307,0.05050331632428654,0.003778214013571189,0.12076677170190164,0.001455816650619342,0.005140374364229228,0.0016003033175856498,0.0027005496843333743,0.0012350665550270906,0.0018790984187408138,8.051121316857987e-4,0.006809078911769707,0.012290983766306541,0.020081105082810618,0.27125066601801917,0.0010430346958157774,0.008475827130690875,0.008787115289120302,0.0027786758211476997,0.008484511497218664,0.002845106171837929,0.00146575022952368,0.0025799363400495923,0.004540795285851665,0.017082518930056526,3.337430751855341e-4,0.016186173914022082,0.0026665925388742245,0.013981863497267337,1.4724414114372113e-4,0.006747921083276264,0.0047987324317701075,0.0013333281906201878,7.82052573580303e-4,0.005970520035166869,0.009912371508022887,0.004423545960522122,6.262248065682788e-4,0.007463139666754195,2.1293157705592827e-4,0.007181046193742142,0.01519665964985856,0.024889582160687707,7.967526167737625e-4
0.03620992380671269,0.0702564606777855,0.05274332834165324,0.01315134066566403,0.057103989472088786,0.014683858225671028,0.04688759042379725,0.00291073065035646,0.003725030598509015,4.3675341920372746e-4,0.004022463245168941,0.0016269063473361431,0.0031470304752888,0.04637494026273455,0.004244172998763426,0.1240144604563928,0.001222042664367971,0.004899825620776874,9.823341481830724e-4,9.460840603589426e-4,0.0016126916152891405,8.853198512090147e-4,7.929554653894037e-4,0.0017232205573949589,0.01507238232660076,0.016434492230832615,0.29489873020294877,4.6783173859432165e-4,0.011079714690101324,0.011347912249839952,0.0016821672571879494,0.007882183895984366,0.004211288754724616,0.0021574620014365555,0.0012148134261289458,0.006702615055374477,0.015875663579378724,4.330119534925472e-4,0.014315489392444064,0.0018650833209387589,0.011515457378252329,5.641943075030355e-4,0.006769918816816488,0.0034605129465767885,0.0020684937013481382,4.944933489757118e-4,0.006480695021333912,0.01055472445847383,0.004894861645601347,4.987331002062993e-4,0.0052097021215766004,8.639350081666963e-4,0.008276297386835708,0.012821583844497487,0.024709621995922564,5.724787918085719e-4
0.0318125734992361,0.0644798718226221,0.059889565686375816,0.015813718957652306,0.0661805447999289,0.014633886549587959,0.04498487363107966,0.001055108578515155,0.004055342845601395,6.605028418103938e-4,0.0015729294869314097,0.002242634197907748,0.0038663102911007277,0.05029934446332837,0.0037465070346034347,0.11837271272887637,0.0014245390656570025,0.0059428466158389865,0.001436281347334206,0.004192678896096871,0.002583497398217269,1.3998396304382147e-4,4.4492926659650843e-4,0.002711238431768007,0.012999234257309034,0.017219635515910905,0.28656748483238864,2.999018473912621e-4,0.007832866174504545,0.01353375531951933,0.001655887521004597,0.008407848011613374,0.003936687149557129,0.0030161533739935078,0.0014094396447876115,0.004176797088254543,0.015452764068811643,2.1857994685226182e-4,0.01379726718292428,0.001888948606471658,0.01182251084914857,1.1493311116698647e-4,0.007890338003187508,0.005700524194882388,0.0017292394824221812,4.461816887919837e-4,0.007523145459941989,0.01138567134771144,0.0033465388872706368,1.8635423874744338e-4,0.006612015962392221,0.00014288330925896212,0.009864737874043203,0.011525336021267108,0.02542394498697783,0.0013299716417846867
0.037636592062055954,0.061814879340574454,0.0552264630376672,0.01749292693600044,0.06228009458283505,0.015288680521176143,0.04751620169049838,0.001378342516997601,0.003933584258870163,3.2154974680152716e-4,0.0032528842444679512,0.002874641218308017,0.0023651842570867137,0.05227809951223336,0.004109203693937598,0.13509009782016584,2.728358362832644e-4,0.004273438665972308,8.904166018477379e-4,0.0022260174191714973,0.002314944029333298,8.130566079195931e-4,2.0476954848302532e-4,0.004513027706218166,0.011629321744911032,0.01168382162414792,0.2782918195790364,0.0010154583888412182,0.009858970080017355,0.012345898546223904,0.0016980439017211892,0.007901054838430748,0.0037908792126535055,0.0024677929699805368,0.003127269335841043,0.005272801926283218,0.021614844609691933,5.219434175120493e-4,0.010364119218859491,0.0014622608103365634,0.012187526980423281,0,0.006610418975655145,0.0044223431944395266,0.002303463896661215,6.902120859218214e-4,0.007160316412040152,0.009130517696586349,0.004876050745794691,0,0.004352427732377642,2.1247096845437806e-4,0.00623812023802393,0.012342159588515289,0.027048876540321228,0.0010108628853919492
0.03171633327628946,0.06767098654993536,0.05746315370416441,0.01740213772448941,0.05374546953501689,0.017313465039163256,0.048266800832542915,0.00139911207819136,0.005203682447354471,0.001199099186987669,0.004385306740999036,0.0017914327610775243,0.002734940303796963,0.046819488407928815,0.004885022037418678,0.14991929962280395,7.309816935739097e-4,0.004400909457503403,0.0014376599195591517,0.0016489569746583918,0.003347420954409924,8.006338003627328e-4,9.932619090532314e-4,0.0011023789106414895,0.012785428153972992,0.015502267979540862,0.2661288593698298,3.022356574106528e-4,0.0058947185731341644,0.013063457674575115,0.0019637160283844045,0.008365650631032959,0.004848292052905663,0.0015785029186648712,0.0025169376375471517,0.007505771500164693,0.018376376290246917,7.33133804075955e-4,0.011540169237950685,0.00355955827036587,0.010818279762679973,7.023663313660216e-4,0.006979774523314851,0.006223488293919688,5.259606964488973e-4,1.1710470596667568e-4,0.007267318423899589,0.009538093258921885,0.004542728698439818,3.2755192934916363e-4,0.005090243846280798,6.798986069262197e-4,0.005225360410095957,0.009174249248934866,0.03054194877238359,0.0012026228433468721
0.03285028186109074,0.06192936837946093,0.06033077845361319,0.01584106022227796,0.06228782814642389,0.01529955659344569,0.04723117735038704,0.001936787368026478,0.004730583900357881,0.0011051896703368127,0.003379739061881927,0.0025811954671541896,0.003380686910490035,0.04535572619850855,0.0038943117755796744,0.1345041267818942,0.001065418873199588,0.0052086071923165556,5.578999192114722e-4,0.002171879342706718,0.0034606810872306855,0.0011026271818374343,0.0011387623009147074,7.564193235983552e-4,0.012091633102487663,0.012419410307645174,0.27912080677665246,5.646066764463937e-4,0.006342518685451054,0.012634389689165486,0.0019222938888094417,0.0072080162552323485,0.0032234553804443224,0.003695875818907992,0.0023550063135318964,0.007363891618756335,0.022296495974650724,2.699599362500039e-4,0.013029426430293105,0.0034276441480748615,0.009608525399621358,5.54525650435267e-4,0.005754643420997459,0.003608292755634524,0.0017781122715516441,3.782300155889812e-4,0.007328852611954366,0.009431231412796705,0.00524634453010963,0,0.006492075058254323,6.81399714713502e-4,0.006643403819877328,0.013605206179913959,0.02782366792503832,9.993648687686915e-4
0.032781644372156554,0.07108175090238412,0.05821031781988792,0.01909830314055934,0.06708866204167067,0.01532436647000642,0.04694856933266975,0.0024335311115827292,0.002401201803221061,0.0013090820041558042,0.003527749646340047,0.0021523590535393036,0.0026996591962996737,0.03932820042704426,0.004035730130598003,0.17026814937159204,8.846197188800227e-4,0.0051789680098729965,0.0011478143092139115,0.0018755318954954828,0.0030175452237552153,0.0019407114266601897,0.0016168038337689714,0.0019104865500961807,0.009909684228660334,0.01726466286277636,0.23694697058430403,9.648160831033608e-4,0.007967884064012479,0.01026523648035799,0.0025055732214214303,0.008879294912975922,0.005022554737160882,0.00309261654488869,0.0016762839086851605,0.005096961512641237,0.019154527946970347,1.0451784162074613e-4,0.011010925056425085,0.002854412333450786,0.011443888946838647,1.0242108839680951e-4,0.005426812042373209,0.005444205491726415,0.0014762415943647567,5.285238241627767e-4,0.007640683675332141,0.012353133041907886,0.0044670982179373184,7.951793431282335e-5,0.0055345948693851545,4.1423126988097394e-4,0.007333229339305397,0.013324843088110203,0.023975885065569504,0.0014760103994904783
0.03242277890212149,0.06956208121457079,0.056833752047582814,0.016282048829154797,0.06485767413941326,0.015320714333148664,0.048564331644658995,0.0017445856107905205,0.00421279074464277,0.0010459006657007326,0.00294854042746709,0.0023257888083655655,0.004274189226740265,0.04325327431681641,0.0037669604408917066,0.11861223171460016,0.001758781058380827,0.004592961056734976,3.999810771114886e-4,0.0035820381678375013,0.002628668998561376,4.523977349212743e-4,0.0014177002923585554,0.003872027387452992,0.01259814351150503,0.016080126747915993,0.2714984797904674,0.0011559059975681275,0.012336418223537154,0.014587769868542644,0.002167347565197207,0.010802454289389406,0.003150005394884606,0.00287195480659571,0.004471107636806525,0.006216707377273579,0.018993710258485334,1.582284721321545e-4,0.011295567120801089,0.002845442430473475,0.010445302037355862,2.576770568458211e-4,0.0059149924101239435,0.0035728668003002654,0.0031148926488548845,0,0.009185296992842122,0.01123499717159921,0.006405634977698234,0,0.005880598146893741,4.847480656802152e-4,0.0096592051804349,0.014891033655487352,0.022349011401489097,6.42175122793917e-4
0.03532925237368316,0.06701395475538983,0.05449997967859776,0.017241202116628843,0.0536643247180263,0.015103726090990567,0.05431144602464952,0.0030810400662147335,0.0035647199258520322,8.54651608613888e-4,0.0023379295572036733,0.0016977444281569996,0.0025496852167791826,0.04648106266894503,0.0028066916566631553,0.1434858029164762,0.00120908380691483,0.005482066880208575,5.77203770943302e-4,0.0032967890599679677,0.0016439788521762663,0.0012680829629912807,0.0013275816531444153,8.160350251007665e-4,0.013199724607654641,0.009295038967759076,0.2796753161748315,6.235396816674398e-4,0.008463177753768189,0.014096790162898522,0.0035890354816435505,0.007236823855844753,0.002779218638646662,0.0028389168033801917,0.0011574866834972938,0.004483533974213722,0.015746116968131052,9.628214182828974e-5,0.013761068002138095,0.001816602345782131,0.010277380640730848,3.509289047921087e-4,0.00700160343064272,0.005189191181216482,0.0019585185077501143,0,0.006812762823175863,0.01191588496108029,0.003178214814409007,0,0.006722862059652069,8.31127509188663e-4,0.008378679191345184,0.010506548792431847,0.02639148741064091,0.0019821017149405213
0.032615859772471126,0.06976315798564017,0.058288838989750714,0.019826216206327376,0.05949769727952403,0.013285577210678226,0.05236844716428391,0.0033599183459826014,0.004670565454548201,8.449944311700307e-4,0.0027887375932433775,0.0029072274135320767,0.0028162691895171873,0.04656757419152019,0.0025578545404807496,0.12713550384969688,9.396253508520893e-4,0.0048059188153798576,9.956000783976986e-4,0.001782328668250567,0.0026432454587591884,0.0013583370949983818,8.633706722549522e-4,0.0047860808102851635,0.014049576660762045,0.015375413615547678,0.2705095430277413,5.36165263549163e-4,0.008360714610320522,0.012411151937368354,0.0013153748200017737,0.00965447139373972,0.003282399811834475,0.0024482839931390405,0.003241606402932161,0.006639801549734474,0.01948747384477643,2.4712831537607627e-4,0.012523237948151493,0.0029983435980288184,0.012402148647759277,0,0.004803744912864403,0.005197510633450152,0.0010627614413575152,1.5828843585571445e-4,0.005982851231416836,0.012227302419325885,0.004445609124850296,0,0.0063060319672948095,2.3955602754525265e-4,0.00732098850024579,0.014643163764459578,0.02445856621282273,2.0184332020353017e-4
0.03588515219952805,0.06462145643458404,0.0587663335286578,0.017171149824697984,0.05800940054226963,0.01781170418880188,0.045818278724272216,7.934137747448624e-4,0.006278790410733296,7.605885631500379e-4,0.0024152346861525745,0.002212484232260008,0.002678345697500988,0.04688010395875788,0.0035208773059318323,0.13988086427007507,0.0012558991467339802,0.0040755637531064955,3.520412569605846e-4,0.0017073705605090478,0.0043373098266602725,9.761958777005106e-4,0.0010163181138440238,0.002334039125570505,0.009754635352100688,0.01809942100717734,0.2658501312277071,2.605421272674148e-4,0.010541533023693473,0.011509327508872968,0.001232075443209026,0.009061611716401824,0.004542137408754014,0.00484200266886023,0.0014716114435092548,0.0064411288437674526,0.02098619554297257,8.073195007082569e-4,0.016321449703471384,0.0023600107710439813,0.009032578305152781,0,0.005451901998159003,0.003705349481979949,0.0024300954407626123,7.531752419383781e-4,0.005853324304292526,0.011324951477403918,0.005278345947023753,1.898782399360998e-4,0.00242332141345287,3.924518142598275e-4,0.008292736987869734,0.01145878743342192,0.0288619289486631,9.11123672962961e-4
0.03302758763070208,0.06690734388816377,0.06151920058089631,0.018165074544429307,0.060332487690684465,0.018391817423754873,0.04906238749883901,0.0017670344940974312,0.004646885702508682,0.0015343876551251769,0.0020786641629316903,0.001509587511022046,0.0037540079762247744,0.041744246696901924,0.003603208900652427,0.14749875555604114,0.0012544667492518753,0.004571681338815647,6.743341990174827e-4,0.002492956424830576,0.0025132803723829935,8.130542990573486e-4,7.093882935382753e-4,0.001711651181643657,0.011210959494744968,0.009829755280695832,0.2603796676387894,0.0014040011601719336,0.010490660550036623,0.013052334803513586,0.0018905229109539752,0.005917450460832907,0.0025251617369797105,0.00516295366009774,0.001953363075185734,0.0035744595980549683,0.016437780646589108,6.394135074627901e-4,0.018020755430095594,0.002283940612208417,0.012903900031996334,3.802989873111544e-4,0.009204106477155333,0.005920267677591941,0.0011859938516248112,3.9872066750457465e-4,0.007859755484205061,0.007950049684172263,0.004069406137174463,0,0.005705957909370291,0.0014456837499900465,0.007794405485409733,0.015291613190750276,0.022628657544342443,0.0022045117834750415
0.03351314573615796,0.06735286905728874,0.05336863788245692,0.01680398577316053,0.06224481593408387,0.01750026382470649,0.0504023635960848,0.0024021819045396864,0.004519781843207782,0.0010136909154700965,0.003825645183129446,0.0018170988405690732,0.0027094324359421204,0.041217108359069984,0.004578896828162807,0.1228132861864527,0.0012947486587292637,0.004153343242589541,5.036583164771146e-4,0.003902174586186141,0.0020580792568722583,9.512107736467034e-4,4.203967329804281e-4,0.00278388561244483,0.01188730389994732,0.012316696332481671,0.28623216232157184,0.001953062152003618,0.0092827627643877891,0.01535754552703545,0.0022329805274758853,0.010160867216213844,0.003907295914850363,0.00156058338037492,0.0021791529512080366,0.0064955535150803285,0.015820125907044992,9.527586666126813e-4,0.013933935627390004,0.0012106991567585564,0.00973790348342359,5.352619419894668e-4,0.0063861497706953286,0.004665944934362665,0.0022938486296214373,0,0.008903094781232667,0.010471476682140463,0.0036942967015425265,0,0.006384307956816794,3.5265627795044306e-4,0.007365863971714734,0.013651665658350217,0.027125691762121616,7.97650107191472e-4
0.0325736603286627,0.06117263271887287,0.06318848526010187,0.016276816986088887,0.06280693273523925,0.0169083669293764,0.04803789865716591,0.0010735567625692842,0.003452339565114454,4.4119593513788035e-4,0.002598773553481719,0.0034998323889925014,0.0019030351262864136,0.04831131101076757,0.004168368184105965,0.11168143701129785,0.0012838646902768602,0.003898789967808559,5.099045898554462e-4,0.0032613077683127825,0.003349281588842002,0.0013057999266478746,0.0010411797277498519,0.0016707737898777094,0.014043589275536077,0.01693600143473564,0.28792486078605883,5.509869560235326e-4,0.008133336393794901,0.01124748238934853,0.001361538164877869,0.007307397259629751,0.0036587355061529626,0.004377148514335209,0.0025232347667946964,0.005745797781206316,0.020627120257501158,7.830351882091894e-5,0.014719829689918286,0.001569070998297263,0.013444576328442948,9.623866917864923e-5,0.006986027902507995,0.004613102984227475,0.0014783477715267508,3.491169347572569e-4,0.006491091255222955,0.010224609938089813,0.0066484326737424005,1.2644635404702653e-4,0.005087154912866907,5.36979903451614e-4,0.007647874934041051,0.014849354879777357,0.02375251514974499,0.0024481505127102736
0.029478408302031193,0.06730336809673135,0.05519699243141403,0.020226354007316864,0.058874405617897425,0.014439674978402602,0.04777249332468287,0.0019529503036890584,0.005624596451094121,7.41981294876479e-4,0.0031991048967075766,0.001168393082565789,0.0034905277440229897,0.043103804262893675,0.00441842370361875,0.1167512133324916,0.0011198064180059917,0.0033439296061232348,0.0017652356611381622,0.0031426069794547747,0.0024596055978693136,0.002046087679118594,3.2129086327307207e-4,6.931405717417128e-4,0.009259004902572835,0.009003381218093952,0.3064503549635401,1.42289770355553e-4,0.008876943375349083,0.013336049057410985,0.002177010040648899,0.0078056331616527105,0.0027173251523748576,0.0029999014627335317,0.0014517384748762299,0.007302369390944723,0.015653113076534348,3.7226595015797816e-4,0.013522725501596253,0.0016051289435008891,0.012977697852381656,9.137264199827215e-4,0.007651597583509258,0.004809101937626698,0.0010689258671772795,3.7707749576774486e-4,0.008042531687561515,0.010436209990961065,0.003839530635088332,0,0.006294726890149829,8.019433642004091e-4,0.008168679695211945,0.015012605595599613,0.027833869484431336,4.6214585084642404e-4
0.03167423793318441,0.07217099856869376,0.055051965458021664,0.017774007089908023,0.05557301956223258,0.018476728472710965,0.05183279665292651,6.052969487838245e-4,0.004085156100335142,5.03453185070146e-4,0.0028051154965527203,0.0020586522179118555,0.0033824092133696152,0.03916663685312818,0.0040190411856962285,0.12218061503733153,4.779032052732345e-4,0.004243027769535294,0.0014698338922648055,0.002801995637796921,0.002584287817665269,0.0022309829416929773,4.344099468079407e-4,7.274535930681344e-4,0.011703714858861625,0.00994893006760786,0.30149355878967316,0.0018926578114793764,0.009185549403953547,0.012023445874647263,0.001922993094418909,0.009338383888192987,0.0033614732299949565,0.0031186174027527905,0.001461271490353589,0.005633658710594547,0.018309262272966864,7.882289968544601e-5,0.015206869128826666,0.0025897827233491784,0.010398938151479457,6.247082120669837e-4,0.007052736498059313,0.004215170904377533,0.002250574201167828,3.658710928584405e-4,0.00601679397736742,0.009409651095075073,0.005203449079306231,0,0.005986148356166351,0,0.00866756753568157,0.012501160055706652,0.023019085733568746,6.891286797979056e-4
0.035178022045204684,0.06505536782699395,0.055043254503592744,0.017281594019938177,0.05434187041392841,0.019350520992205404,0.055333849232586454,0.0017949801298254044,0.004358652820343477,9.055098446097435e-4,0.0036500222023915746,0.003511095149768696,0.002779751623501607,0.04137253007425085,0.0039955454941396065,0.12528759350577187,0.0015492834373260845,0.004800865658309971,0.0011295504282507953,7.235153696247553e-4,0.001751291988455981,2.849278798858261e-4,6.233176908097833e-4,8.296648537597692e-4,0.010223963481412579,0.012049774983433587,0.2949495367358015,0.001015864784509194,0.01001570020056869,0.013913698407197332,0.0015870955889638366,0.00861925231510324,0.0035113661933134505,0.0024559978823614557,0.0014934012654253149,0.007755150173593399,0.022915015325192432,0,0.01327936729115505,0.0023301212497242973,0.00936827698286506,7.634027054428587e-5,0.005854249020276689,0.004825857089790663,0.0024313311173379476,3.9563069279699827e-4,0.005600075964752443,0.010370437846306606,0.0042394716166501865,1.0554224126404268e-4,0.005174324009063399,5.702026189047776e-4,0.007603629847578571,0.012447753424773587,0.02227740555107595,0.0016115886427878385
0.03252121418104472,0.06798838951662685,0.0634031245480785,0.01661231364632567,0.056526705987805174,0.011116689561949047,0.04922884982863683,0.0022640322406370494,0.003498590645789213,5.956369054990689e-4,0.004552102782186123,0.0038138974639623405,0.002920077836217608,0.04850499489568732,0.0034258613369636663,0.13133422227110889,0.0020959829545768383,0.005214211252498057,8.14369240299682e-4,0.003437756346804236,0.0030318624123601965,0.0019549470712433097,9.918909388368714e-4,0.0014369573095483975,0.010947602847158696,0.016033714028280223,0.27412337770018236,8.364911766839148e-4,0.00957170652815391,0.01422202477747293,0.0019705291922979783,0.006960656063978287,0.0037617075797896564,0.0031145690733671103,0.0031934862971091525,0.005850353194295058,0.018962817247068383,6.381590581286301e-4,0.012432404669554444,0.0025895374802396964,0.011152374591470756,0,0.0071975294020032434,0.004896786397520149,0.001945918765071305,3.029660153344395e-4,0.00905109766934406,0.010158915028009405,0.004270876611015559,0,0.004965993891059767,0,0.00702750938367288,0.01192324283488596,0.022737677884892064,0.0018752934372743342
0.03473315175701992,0.07213930295748766,0.0593837750451767,0.01718416002835191,0.059724618933678704,0.017914714261168876,0.048012621900390545,0.0012464967100359304,0.004553723543720447,7.091454116083484e-4,0.0026837547603520044,0.0011685579862837111,0.0021695548837928668,0.04771138412345822,0.005041243580056315,0.14163822242409893,0.001064986509331854,0.0041288657388412345,6.683252942324401e-4,0.0012041437910618566,0.0017217910400033638,7.027328454789019e-4,4.7313286082254337e-4,1.3907747052998112e-4,0.015008631091021558,0.015779488296068865,0.25497571211631476,1.986313868893103e-4,0.009495452098773123,0.012319975631132922,0.002774094303654141,0.007079635996870152,0.004680433196800098,0.005299894280260356,0.0019296172720709764,0.004513478493542444,0.0166419880660918,3.036966578556372e-4,0.013681504863596674,0.0018159278452947157,0.011570376268301227,9.114949789251087e-4,0.007961139139149153,0.004557480394975474,0.0016115055440702204,6.167602993920144e-4,0.005783644893112783,0.010919834391160529,0.006707615675950135,0,0.007205015687786855,4.992951630181054e-4,0.009172892720466801,0.01273508008081174,0.023844208229089146,0.0032880110805698823
0.02737908711141987,0.06294320185748441,0.052442655633181894,0.017788873478964958,0.058915954110802984,0.016417099730055354,0.04872062700886116,0.0014291581099718043,0.004738576257645829,0.0012635273620411993,0.003370749793603203,0.0016212946443013593,0.0027320120503953257,0.0457514707883056,0.0045231357800900604,0.12270794231735446,0.0013095364125691354,0.0037607312056052687,9.271005568705205e-4,0.002458557511480286,0.0021782848537386973,0.0012047518676642146,3.2178350553476137e-4,0.001327009002271825,0.01611224740168763,0.01318368364609987,0.29203334709421014,5.610394809267483e-4,0.008963374328531023,0.015066072207235657,0.001785742369777215,0.009865692918942093,0.0035724929757253365,0.003075739397955252,0.002964275623900387,0.004272085420844101,0.022475783224223674,3.5879047535074905e-4,0.011988948832921582,0.002314779857609818,0.012578583595905376,7.246515758805213e-4,0.008685479569407241,0.004337916891005877,0.001480857275970485,0,0.007474918937361754,0.011196933247770567,0.004144121284822777,0,0.00824011472467106,2.2848584698925364e-4,0.006658683765931356,0.013259994689026508,0.025832162968532975,3.2987942056881517e-4
0.03437624009997089,0.06984774699360592,0.0552583136073962,0.017243162206774233,0.06043699147651687,0.014331494371035827,0.054431389438859,0.0021384262766170653,0.0031620026257017245,2.976931043661116e-4,0.003972568268111998,0.002271624016903094,0.003055557826272597,0.04574929748796362,0.0038272236381418417,0.11589040529022421,0.0016994657266203145,0.003989291463329715,9.293013152604845e-4,0.0018662313015685055,0.001899560396841278,9.902165283103871e-4,0.001127458372560231,3.68261563524961e-4,0.0126030642524087,0.011058648040894644,0.3022190254598093,0.002040761121036179,0.007735402917344602,0.011584823823993246,0.0021700894665968463,0.00900443699978227,0.0028347242274973997,0.002579400916878182,0.0018537388060609389,0.004201215339491198,0.01862878992363274,4.0100437922395296e-4,0.01331673287677558,0.0026866201335093423,0.010331219774425502,0.001154832215248533,0.006775773289366572,0.0035528170998065036,0.0010665604285878135,2.4121015704440838e-4,0.00678181970922374,0.01147153957278503,0.0026312550225442077,0,0.005971985647732387,5.947973219762899e-4,0.007960986409523174,0.012374717707832491,0.024455059095544705,5.570244669464725e-4
0.032950312474291664,0.0692977955091918,0.056131411120926455,0.015670547628565748,0.059526859593544305,0.01422129054373732,0.04577514219059002,0.0019947487634975774,0.003926641315337655,8.984941065533062e-4,0.003693913488503054,0.0026635511484256295,0.0025379434222840645,0.043576209118446126,0.004017425498008595,0.13312592185841818,0.001656115007285126,0.004850170118106226,7.016427743958567e-4,0.0017515208706777373,0.0022917243267064143,0.0014818279467667791,6.309930540706562e-4,4.650697520725114e-4,0.013496619129635708,0.013932154858310711,0.2844032721004793,8.656673683333307e-4,0.009446886430566256,0.012503043856311711,0.0017580621876127438,0.008070617716610558,0.00445210153653105,0.0033844491771148877,0.0018717187539708975,0.006513807752686839,0.018169286472208092,2.9180678898687055e-4,0.01421479029336603,9.252057062570745e-4,0.011887525563447614,0,0.007261187622681485,0.004584886885704783,0.0012668605061781693,2.816305170617126e-4,0.009874523840579895,0.008539298223733888,0.004247255198775131,0,0.005410453431489325,2.815757428400509e-4,0.00861172700626585,0.011118111451254374,0.027558617436802848,9.395848138000546e-4
0.030623115217120002,0.07257773216385502,0.057080065855668015,0.016570986042421052,0.05301403726733388,0.01747376472617998,0.04772769779166899,0.0015159822861752742,0.003863614719685047,0.0010961705053595873,0.0027472268602794165,0.0026617130622099815,0.002127654221097079,0.04664077471181939,0.004657067408238849,0.13688357193398287,0.001407388261320436,0.0051244425386069254,0.0010716300753053905,0.002652709702320427,0.0020814138091373975,6.980530436739688e-4,2.3986520014096198e-4,4.6742929481493077e-4,0.01122989613590118,0.010093991407768479,0.2834148750493156,5.301385016923413e-4,0.010176720479399295,0.010850073402752333,9.419952722312552e-4,0.007933261141977017,0.004583913863325628,0.002869401013370604,0.0023319895827003576,0.0064064169730206275,0.017140534403110676,4.7916180100239405e-4,0.011747063370969911,0.0032441861415092948,0.009686286074514857,3.9802637594305067e-4,0.006472747553090506,0.0055718602363205565,0.0021887408446206393,0,0.008049910691372264,0.008748137242484981,0.004166787483867761,0,0.008279711554021713,7.651687109275348e-4,0.007292992417714961,0.013713217049288155,0.02793104446892638,0.0017576440584447458
0.03558472066172372,0.07161872373777899,0.05244314950554568,0.015748440068042185,0.05667219379587777,0.019736532681410835,0.04762681667327517,0.0020027128754414774,0.004991613217630595,2.4684551986912506e-4,0.0024300954817837147,0.002992962880691126,0.0011983263135126388,0.04578739394435752,0.004697062859463488,0.12235254177003792,0.0014255639128687846,0.0036250329706609317,1.1642035417012285e-4,0.0032396423070798633,0.0017779512617553696,8.621930009004002e-4,5.56328987264823e-4,9.880444278678035e-4,0.010202368102743005,0.013737471131307277,0.29549018619775885,0.0020862702743170195,0.008369372156245357,0.010835533554459488,0.0021323411848811033,0.009225138881108323,0.003576650029847491,0.003383694192361091,0.0017717199430043653,0.006182647509718695,0.0173816386110503,3.430721884644008e-4,0.01661972055413835,0.003596106598239114,0.011760807475098892,3.7551474073602294e-4,0.00605521149918484,0.00442740086663809,0.002592568889499514,0,0.006391382002783033,0.007271781426058545,0.003311969491080232,0,0.005665886580684176,1.949765008359638e-4,0.00606746865789607,0.014201506607734202,0.025306586024618168,0.002721698918497976
0.030763163795090698,0.07153173787808671,0.0595268069897144,0.01669148410090052,0.0641258589349135,0.015159500208763008,0.0515421393160916,9.890170825879929e-4,0.005153357538521161,3.259560821476378e-4,0.0038020640509794403,8.633694229046407e-4,0.0031377431731945157,0.04792688083756087,0.003598927026397441,0.12144748876954693,0.0016377094604884093,0.005603499043072111,0.0013628555805297632,0.001601683101574147,0.0018744238563004427,0.0022420636139263493,3.0403701333375094e-4,0.004879828012511559,0.010846451204324795,0.02071129620407586,0.26733051610514885,8.850403578870231e-4,0.007465529911883996,0.013667871032682976,0.0024525431084178647,0.006318852366998329,0.0028411101296674053,0.003227653214576499,0.003707702877317151,0.005995421992954529,0.018126480801850656,8.650147557688153e-4,0.013627868579049943,0.0021976504663015315,0.011148951169544744,7.750443939397888e-4,0.005560282644130338,0.00533410006357771,0.00161383087577426,0.0014963176586482382,0.007731671362580917,0.01019182271032674,0.004648086515230324,2.2464185367785506e-4,0.004914915416832093,1.871247400655019e-4,0.007740736728238561,0.010660029795617029,0.029930235697977044,0.0014836103757950134
0.02897303034166342,0.07149862614980355,0.052561911062095776,0.014988741340472962,0.05590613251581107,0.015525377993840126,0.05206119639119755,0.002485590750917631,0.00459154870917267,0.0011164423614802707,0.0042792463150630004,0.002644030580927738,0.003402867559444996,0.044482154036558384,0.006438965080431286,0.12216024204445863,6.565549915183332e-4,0.004490287848318848,3.7723188929346e-4,0.002346243488714509,0.001849250576348267,0.0015629911645319648,0.001372828515779404,4.581902610387554e-4,0.010823331992602497,0.012742656938317803,0.2877404394362625,5.850269079779153e-4,0.011179936496769613,0.013258366477540872,0.004140080596507821,0.009609091635728512,0.0035581449355076636,0.004420509113000058,0.0025005812967746647,0.005593521771919732,0.017277449825182777,7.87383352166472e-4,0.014378311516684747,0.0023518622418685167,0.012006115703751688,4.926603208834704e-4,0.00778250409934593,0.005471797438468819,0.0012110469631569714,0,0.006902142530890157,0.010153553320818295,0.00447318998565618,2.3465198991559264e-4,0.0044213390268192255,8.390122726570696e-4,0.008200689664884494,0.011645882146612156,0.028443294166904536,5.457438655406695e-4
0.03178260202988155,0.0658386180787271,0.05493825605717938,0.018894910854377316,0.05492340714272461,0.014572721028632654,0.04607266194442788,0.0033606877985252995,0.004268501775939071,9.220541722861768e-4,0.002645755070511204,0.003050515272272622,0.0030184458673486176,0.04428938147255082,0.0035351718126363546,0.1427235262927496,6.128281286821733e-4,0.004153657811798811,9.887569519702322e-4,0.0013425678333673662,0.002902604213508466,0.0018601856630571136,7.690950365026563e-4,0.0011186997616695479,0.010926999635687773,0.016307832056091463,0.2690605936283003,0.0011341377267730947,0.010780510844293212,0.015361583625983293,0.0022289990800626685,0.007266440632272943,0.004492633569602654,0.0027911125591053455,0.002277914135319401,0.004322574161228418,0.02148939059760213,2.4023805034947363e-4,0.01488057736839646,0.0018402613724596512,0.01344120119170318,5.027549548137329e-4,0.006804566142908096,0.0035775753204794728,9.214652911971687e-4,5.336813573130315e-4,0.008583131948797946,0.012256013652140784,0.004776932405009172,0,0.005793635407361946,9.619315786423836e-4,0.00667422758070036,0.012705186079847186,0.027089069972688062,0.0013912160015425842
0.03331264653753141,0.06673114616281041,0.059890186886236374,0.016786344866030346,0.06374574630819209,0.013716384809024144,0.04866814608016607,0.0015046665306740932,0.004117457250643841,3.4002871856287444e-4,0.0039121871666230636,0.0018230342270642622,0.0031050311530943096,0.044151756035923834,0.0041972002447332075,0.1367417946688716,0.0014827012395877612,0.005280840842874862,7.423579958454212e-4,0.0015358437017810368,0.0029176633533187627,9.118932058203238e-4,0.0010079883990320674,0.0025326934271122418,0.012165526996637218,0.011106677900153945,0.2706723619507906,4.88339505084256e-4,0.008841493712959591,0.013181464035869525,0.0013810539090388404,0.011057494687477513,0.00382943050407452,0.005062420694518529,0.0027890766548601975,0.006506230977390514,0.01798754004747762,7.900899505696191e-4,0.010876838619584207,0.0026199605079443864,0.010310124630215991,2.271680336903949e-4,0.007315751895979478,0.004464049740455393,0.001064530874451298,8.015545186307402e-4,0.00813158117024407,0.011307603174233726,0.003461178952946824,0,0.006330726920047215,6.173115958935551e-4,0.008555181763464157,0.013771068280375625,0.023810044320898515,0.0013203836624875588
0.034364392405346084,0.0665211826334904,0.06054934102274198,0.020214224860759213,0.05953944693831848,0.017292491746595456,0.04601361543271291,0.002126927272029852,0.004705830998515661,0.0010052305368011703,0.002657133552625618,0.003578151430049032,0.0031719924765877135,0.04570198456389932,0.005526037852333059,0.12561811540761597,0.0012058563146831137,0.005265296112401661,0.0010283547827136955,0.0017879333624866466,0.0017327272933446935,4.2028067992100636e-4,0,9.441136552574041e-4,0.010690075164339636,0.017230147788790052,0.27663736045411025,0.0010182500892760608,0.009960083764818507,0.010808928825130347,0.0033608002590624977,0.007531877796884273,0.004454332424035632,0.0035687615008780428,0.0027247859564380147,0.004179599814399963,0.01683608969682301,1.4723898625087443e-4,0.014473501402307075,0.0013073335593780336,0.01383102473243649,7.267916328612422e-4,0.006032980608926894,0.004687309280997371,0.002564687153688771,7.282932956493072e-4,0.007540674092895691,0.009385572080531009,0.003388359627457235,1.9674005528986596e-4,0.005750183026667832,6.496849915092135e-4,0.008862693097726795,0.013496263719941124,0.02536890785704763,8.900059322211625e-4
0.03423008956855002,0.07189011407447939,0.05310393417666964,0.017256275767327252,0.05604828300577398,0.017947917182665404,0.04872307674209666,0.0020748501561827382,0.005081476555781495,3.3382665611933937e-4,0.0034095302824478013,0.001839922334454505,0.0033834857924232484,0.043825141642811816,0.004040418936563807,0.14647939323196957,0.0010856111679473477,0.005066625710667194,2.3122458280086378e-4,8.11838092487746e-4,0.0024767717294695863,9.251324798433665e-4,4.2576481837947153e-4,0.004055700808845014,0.010503574469582368,0.012880433921605537,0.26951667362891824,0.0011117980951103892,0.007532264598431892,0.010684205929709766,0.0016936861216156108,0.008867362915631618,0.0014263024496528932,0.001774411272018598,0.002489163873116658,0.005243065803171577,0.022071489682095276,6.415403623088286e-4,0.015275428042226716,0.002475838963259908,0.010833062985896858,2.3732476290260835e-4,0.006602275518859428,0.004782348205889982,0.002512591122945923,0.0011336436734105204,0.0050770671974074005,0.0101921981021602,0.004648606826556105,4.819655025927141e-4,0.005156130280931941,3.873231177740673e-4,0.008752945695750296,0.012629846346934618,0.026187536996671788,0.0014514880381024308
0.03088188541936288,0.06689236326939378,0.056766031038832335,0.014715503381514339,0.05764440505641483,0.016542544525331014,0.04268168663567168,7.48542487890056e-4,0.004388772134723203,0.0010083591582589933,0.0019883841440996547,0.0016046508134217108,0.003474105744511989,0.04407079764940286,0.004005992523968359,0.12073798607131482,0.0015301788313791607,0.003564883176984185,0.0013705337911580873,0.002325194906026124,0.0041630490893117544,6.029081576706392e-4,2.1266162533206573e-4,0.0019629291900527175,0.0099331891606532,0.01175580143230627,0.30124845704563175,0,0.01057045736409535,0.013314730122550718,0.0022786833962048186,0.007994434795491466,0.00344209642083496,0.0023304111332410346,0.0020881527288220286,0.00743531428968188,0.015768215143714275,2.839277258212767e-4,0.012656592495598402,0.0023443112907379957,0.012582422205077088,0,0.00658987825938911,0.005472829115508154,0.001603932645389677,5.555218214441329e-4,0.007218892327279051,0.011422962434177895,0.00545734115542206,0,0.0071295437816975595,5.009623263001512e-4,0.00979214606071684,0.014793307965707112,0.027846174813940305,0.0017049617205382264
0.030843626301560702,0.061770294955777606,0.05409655538513391,0.016941459079495305,0.05666191605332964,0.01841006727292366,0.04768851451535858,0.0019352065081035372,0.004493549669727945,0.0011362993018681677,0.002517049295988722,0.0025302030535640794,0.00293709874959147,0.045542748906919,0.0038897123538539223,0.1136448248393948,7.595854713292412e-4,0.004610788743067784,8.100298437948738e-4,0.0030873943495411844,0.0039164094144555,0.001217004381819183,0.0011430840368295404,5.335900636571251e-4,0.010292779237907354,0.0176691372629331,0.3100913433398136,0.0012602797641364412,0.009150348008261533,0.011144103516183489,0.001648055308873617,0.008584930067555457,0.002270598997765427,0.003554996790428201,0.00226686054463593,0.005226627335378947,0.02036048857989574,9.443158538364056e-4,0.011387948046589437,0.0017537721875209387,0.009519680783021124,1.679008017002949e-4,0.006045730379889906,0.004270125330293003,0.0015525627468512134,0,0.00830395311821409,0.01075638474223486,0.003645109666063465,0,0.008758061176794474,2.7090132895017644e-4,0.007998978166763055,0.01251882670518895,0.025602920265698825,0.00186526739953549
0.031377576572454456,0.06225063967125411,0.05331346508353403,0.014635459320137788,0.06087576795254399,0.013955793813250256,0.049754702729925514,0.002104171124006675,0.0034333827353202743,7.924798404568368e-4,0.003714947020020028,0.0038641749787506692,0.003279523983076126,0.04439255623075693,0.005336263822984852,0.1254309217696427,0.0015970172208523777,0.0043571107972976185,0.0014983097558676007,0.0042932548982241026,0.0029782626022786672,0.001232898983101875,9.458588197574769e-4,6.453802587826053e-4,0.012424943077072231,0.013535758866900238,0.3011994489132028,4.032187816039738e-4,0.00902685005851368,0.00994108694062817,0.0026954912768805536,0.006848853201500596,0.0037230754119976363,0.0021986884078500383,0.004359191901949964,0.008275513097596957,0.017430657663560323,2.5755032301210654e-4,0.011473390422118349,0.0013355148968885711,0.012533275091637366,1.0137917399069355e-4,0.006029188875578836,0.003721432010646366,0.0011264191516773261,4.459169512096752e-4,0.006767096222021817,0.009579467930545378,0.005919001768802095,1.7592243355981404e-4,0.004800518562865709,8.534367383721676e-4,0.010573540462617678,0.013015991119918448,0.021905777388281786,0.001262482892721073
0.03443108296957331,0.06697095643414222,0.05429010183463478,0.018615103051423377,0.052109492188068506,0.014548248503275395,0.050731782124087875,0.002467630991150558,0.003672411370517771,2.7036028158208814e-4,0.002743967566981697,0.0015943863527273408,0.002786490120056694,0.046897415968046724,0.0037025353248168317,0.1234406677470625,7.988947760678082e-4,0.004666437313482773,0.001012406186754399,0.0016355481696087456,0.002072705621883172,0.0013365397538223826,2.4148738696168223e-4,9.48749756294516e-4,0.011746556097135761,0.014128143399267226,0.30037816255397753,4.668581582775855e-4,0.008417178892236485,0.010956568107247242,0.0027198419045187053,0.0074474346615409645,0.0034544974414698125,0.006155075461676601,0.0017761318322141563,0.007728656343723567,0.01721356107911476,3.828510154903093e-4,0.012362583658333462,0.003316678510341629,0.012103526484369458,0,0.007622768056744026,0.004552245093114105,0.0019776339193133484,3.834707699013848e-4,0.006230360773543259,0.009930467927133141,0.003907874900880094,0,0.00485679769353478,9.641749059617601e-4,0.008456085800738495,0.015098133595260058,0.022263320133801282,0.0010169590361158495
0.030472473646967584,0.06612866738912963,0.05206743387764651,0.01629320224758629,0.06189661101174664,0.015253930190679476,0.050179925243240386,0.0015240907390650941,0.002908610758732531,2.878536992591044e-4,0.0037139713937993017,0.0027557537133643816,0.0029772644737398914,0.04656425876085569,0.004335013517819304,0.14097932985412162,0.001967591768359983,0.004157182861513639,4.3901854131698495e-4,0.0016843168889415852,0.0033938229186288842,0.0010831367876138309,8.662713511558746e-4,0.0014084578649825722,0.011971979015141944,0.008838471731032221,0.2807636030682059,8.992517133504606e-4,0.010418982604520866,0.013542797386373684,0.002700669999589774,0.008068383726340713,0.0027208406011985913,0.0028617142345103027,0.0029471727090482447,0.0065894055042619235,0.015476659418941248,6.950665384758683e-4,0.01630700521118526,0.002092587058081392,0.011240104083208973,2.751901627435771e-4,0.006593237950263159,0.0043141619144635756,0.002550769923575484,1.6586089880968593e-4,0.00862779406028095,0.010843493012627449,0.0033976141604020816,1.0635769198273249e-4,0.004806534327767364,5.15342185656892e-4,0.008862133824975103,0.012720341071814634,0.02325047185507076,0.0014978128558323803
0.031001977772489676,0.07195020989722795,0.05326826387975063,0.01724937443590667,0.05963531374004652,0.014221635932431125,0.049046144701421324,0.0010772344492170857,0.004495950266615361,7.399077111831454e-4,0.003349739312901588,9.619085870093119e-4,0.003071053395086137,0.04796057111741705,0.0044295678760036756,0.14535424573974487,9.648686257925422e-4,0.0041476530097807095,6.707234539548865e-4,0.0010349957608025476,0.001599502906069336,8.022974545719399e-4,3.245703589081559e-4,5.702287311639166e-4,0.011447704745403277,0.01742047730424516,0.2679219053428615,6.407216216624754e-4,0.008588027867778729,0.0120265834781082,0.0022302817609600742,0.008560371173618806,0.004018756642018485,0.002395911793274385,0.0032427988907921964,0.005574428069907939,0.019422001566836936,3.1817407074497325e-4,0.01525604327696214,0.0017428591801803158,0.009525690090327778,3.185683152938901e-4,0.007328287584991785,0.004375612927398611,0.0018158022428099282,2.0577346186714143e-4,0.008037600925308891,0.010774222229009728,0.003411877426452959,0,0.006209319514071544,5.330987044419746e-4,0.007948518541751309,0.013529515641221146,0.025307494261064364,0.001943632233137254
0.036101727086226415,0.06767685351102581,0.05970351244975878,0.015166826926929725,0.057304913361446004,0.015106686865776774,0.050947436953789706,0.002768181367490887,0.0036521976329526207,0.0010592290893024988,0.0036838415080358753,0.0016851204094069606,0.003088879599488571,0.04742692105706988,0.0033657552027196503,0.1474627019472629,6.257971351339781e-4,0.005336941757477504,0.0012197034440120927,0.0023638514317022028,0.002017595630213902,8.947745095902515e-4,5.758327476671145e-4,3.965464238529272e-4,0.009637450259758614,0.014445825052881573,0.2614113519973584,0.0012319992464087611,0.008763108883764907,0.012308284862756608,0.0026517730664716117,0.007471487138540999,0.003244982315568175,0.002699946403874765,0.0013655924370425338,0.006631117871900909,0.018655048753770057,3.364897982988291e-4,0.010592744300382897,0.0026351958291666844,0.014481812811603515,0.001183213251697606,0.006582100282262332,0.005507072119161041,0.0014427394828657346,2.488941926250601e-4,0.007758419148620542,0.01020328444243414,0.0031046890245341194,0,0.005252791353849057,3.6282379660862435e-4,0.006842975815507609,0.013727552267978163,0.028526722020126474,0.001060683723846637
0.029334715962409205,0.06292417706146551,0.05506094583245563,0.016781124353678362,0.058015184551861096,0.01756063009440898,0.04810918688292678,0.0027732919097447034,0.0030504941924306412,4.782658077072967e-4,0.005482345397821189,0.002492775998531295,0.0021311099778679346,0.04502723254389954,0.004291408184048715,0.12606499730724174,0.001507875012736809,0.0037239319519497215,0.0013945780054263103,0.003409490505695701,0.003790044276770607,7.304569303037924e-4,8.8209001596656e-5,0.0011980821617176805,0.01544731756315227,0.014157469181981939,0.2892052708755061,6.704349037373481e-4,0.009641127978881996,0.012308568883295823,0.0021937224365304485,0.008851239038195577,0.0036852591654534792,0.004068684702715551,0.002552411367297905,0.008641393527412732,0.015975147555507097,4.629655048642848e-4,0.013893992657896695,0.001336826145515418,0.010639181771342304,5.070427989213267e-4,0.005133469427273172,0.005090077415372552,0.0014869054239536287,0,0.008175266955187067,0.010283162321956606,0.0030292127008190103,0,0.005129308462728411,4.964827410211322e-4,0.008554334667495988,0.012470331634858006,0.02906554291739044,0.0014272953690397624
0.03509824772518842,0.06365501780002314,0.055937487738970566,0.0159769970307908,0.06262447766251689,0.015223785168713365,0.04759290784145419,0.001932469005215393,0.0030347651825590456,8.888368406823699e-4,0.002936341400174717,0.0041749025661486795,0.002535904418005193,0.047678685093433204,0.0041085247542336344,0.13645639343022664,0.0011885924326045909,0.0035095462257139685,8.816472348926982e-4,0.0026254385767845428,0.002287193983541737,9.031796656185783e-4,6.612639431433294e-4,0.0012799673606327697,0.012970163702250573,0.015300260076651468,0.27346989491203044,0.0022807301361457578,0.0081766782740487,0.0162490901426802,0.001832017161093541,0.008106313163006864,0.00279739519545926,0.002486704260800272,0.0024571068575536727,0.005544944413108004,0.013202425343134608,5.717454108758374e-4,0.017861805738973384,0.0016255789798089054,0.012233788306638798,5.412040422035362e-4,0.006048712466519262,0.004637858006698132,7.882268697997312e-4,6.490811873011344e-4,0.007559978265640893,0.008708491459586399,0.0058171043184632515,0,0.005984069930794654,8.045333323704243e-4,0.007836617394972756,0.013925210976289569,0.02500791950492694,0.0013317770889045713
0.03334960641132766,0.06539988599684626,0.056515791099055086,0.01592832244022833,0.06339334234806213,0.01702129011845907,0.05626158393072445,0.0016564874097870666,0.003673725946186425,3.539249651740182e-4,0.001947234691780635,0.0036422062272817514,0.00299185869728365,0.05011894823439324,0.0032557617752499183,0.11889860650564968,0.0013091072626144576,0.004192599984051997,4.412460738839022e-4,0.002840028038202777,0.0024650862781668685,7.510276839044082e-4,0.0010222939360423316,0.0045345727622806194,0.012409989708122751,0.014262220375227825,0.2717109165119944,6.441879369552708e-4,0.007895532832297889,0.01776896080976633,0.002441917933917164,0.00876636897677455,0.0029814366891029735,0.003463941247592227,0.002623869833013973,0.0054366724485252985,0.01928680786167618,1.4835174253041605e-4,0.01161105650467699,0.002381661685774865,0.013859379909329856,6.021694695822883e-4,0.006835131475071092,0.004191640730456591,0.0026184675424713744,1.2951219941002812e-4,0.007938113760837872,0.009500980276780589,0.005429322083210477,2.1129258881949408e-4,0.0058194561631303345,3.68592629767962e-4,0.007262820897517918,0.013516814876646093,0.024931021709622796,9.868517727593606e-4
0.033125214004077475,0.06532746957474922,0.059885074713529475,0.015932050925551167,0.05456668080711301,0.016811195397740317,0.05060686469023132,0.002116419960043651,0.0042056858862495996,0.0010671667166800803,0.002252886241017547,0.0029775290769375657,0.002690333599859171,0.04431619667752713,0.004311699603037884,0.1377100146178449,0.0011999035679827665,0.0036442997619197275,0.0014832851831812247,0.0016604193042392798,0.001990567624792571,1.3986603918495716e-4,4.5522414049763534e-4,0.0031493465789813337,0.012474012701511628,0.01434445122378228,0.27676832990046346,3.286291082169711e-5,0.007835751104076603,0.013527159245661195,0.0022304068463490164,0.009838807205806701,0.005056383059210394,0.002990373894110847,6.906569426770134e-4,0.005371806811104723,0.01862157810702968,2.6742628254528727e-4,0.01194376208899118,0.0025092464853514232,0.01306436270492755,1.6823093473379593e-4,0.006308197682620281,0.006317255533657536,0.0024408895336551733,0,0.005405819373123334,0.009800918025172366,0.00485495595325846,0,0.006254120668677361,7.31886642795319e-4,0.007917007572307165,0.01320380022795639,0.027404145644653145,0
0.039169901744859584,0.060928199523083586,0.052446657414554114,0.016987474337527793,0.06349991779488996,0.016367640749855892,0.05462931418798529,0.0018156344644280574,0.004907915212513087,0.0014074214510672925,0.003824647225448486,0.0024430575886800294,0.003966350161349419,0.04386152272301646,0.0038026224755764193,0.1281129910857111,0.0018491705416469552,0.005235394048246616,0.0013492947925081858,0.0020444973810816746,0.002414186485244473,4.2614148577346344e-4,8.819883509386338e-4,6.972760105292796e-4,0.012284779165325428,0.0122861193314209,0.2866007411364741,1.3710498452343978e-4,0.008268788710318437,0.007074327999657754,4.4676636560173804e-4,0.008882289674763446,0.003868003629191728,0.00264216633622508,0.0027236186533610507,0.006679325549493661,0.014511270650937961,3.661984396397558e-4,0.011568819118623688,0.0016478584166459466,0.012567502770751417,0,0.007692052517858194,0.004346036814337571,0.0012718553026742493,6.725661905053234e-4,0.00833304629033855,0.011411077508077135,0.004361645913857639,1.2319352743182379e-4,0.005545591509864178,7.672571037735491e-4,0.00798129826494882,0.01618116002192864,0.02465119204400581,0.001037128820927156
0.037719704217751275,0.061553847756532026,0.05556685539051102,0.019946342183913317,0.0633193843967391,0.0174174994043216,0.04746694982258958,0.0022061422619264596,0.004842193390996179,0.0010325202814975255,0.0032027297177547966,0.0020828795014936814,0.0026552604308249174,0.04240244571605786,0.003955492547036963,0.14156267509912254,0.0012978881274014308,0.005852127800200708,0.0014546195491536844,0.0021330157858643274,0.002365764120397336,0.001845966552680617,4.7093792212970495e-4,8.447372317848936e-4,0.011820364634628272,0.014712369293241023,0.2682468815623439,2.5471191366839276e-4,0.0076646519445986395,0.0120010090649471,0.002176049039548369,0.00866015895217151,0.002419380063739036,0.0041511564302309165,0.002929037961793923,0.0034601190168270885,0.016334711912748406,3.3586726431262273e-4,0.011755989472588432,0.0030448224541694303,0.013129755665890698,2.2950865887131567e-4,0.005609777870100417,0.00538749386024023,0.0013104223682335542,7.154822157048565e-4,0.007762639141223528,0.010209474676101133,0.006374054919207712,2.0916189054637219e-4,0.005419384057722722,3.746235927725839e-4,0.009980435940930373,0.012840246228944722,0.02533303623180859,0.0019492424914625839
0.03368875500066921,0.06517428487427779,0.054666370115760234,0.014451121600702648,0.05926928829382552,0.014497071296236763,0.05668366859679811,0.0013294896284869108,0.0043182750787498945,4.5883562904373647e-4,0.002425701738834845,0.0020949314706961816,0.0020512587438449876,0.04357312212366401,0.004569412038086303,0.11717985197941765,6.737002934333717e-4,0.004758348467690521,0.0010312748154061994,0.0027947535855078675,5.254553458023426e-4,0.0013769880167642,0.0012773357436405882,0.0036272231401350413,0.01147171908607474,0.014229106601038571,0.3017037926987243,9.648597489525693e-4,0.009345871405291875,0.008658335344164894,0.0020907558555464684,0.009487355290102702,0.0028944116458039515,0.003281124354226828,0.0014674806710257846,0.005305492717494387,0.01454688636908649,5.592581634760133e-4,0.014248078541038324,0.00294756421506064,0.010274034920545584,9.47343566514523e-4,0.006191776167675671,0.004968050633812962,0.002925346919517602,8.08930117122157e-4,0.005971884039043194,0.012407075035445777,0.004358461204397488,0,0.006657645821174552,3.4779340617686433e-4,0.012242734769692619,0.01072870333151339,0.025148787531929347,3.228222108548059e-4
0.03300849908061165,0.06693825212717582,0.05696249437483769,0.015439324462014873,0.059802826143044094,0.017254062933738337,0.046113210907726986,0.0020311679111302957,0.004133425115998021,9.460640842662368e-4,0.002021182187542648,0.003282618368807558,0.0030583509138352913,0.046538266801464896,0.006083951257859493,0.12990074346229927,0.0011695439747293585,0.0035641444021815385,4.029731815498265e-4,0.0031576252875641017,0.001561743077171335,7.690151868490301e-4,6.739015312817399e-4,6.380201962065544e-4,0.010639197258374129,0.017806103674562042,0.2749830267591139,0.0010883860142448416,0.00800423727300266,0.010252916274659884,0.0011976655478329937,0.009672393711696725,0.003310338108294073,0.00314091800401764,0.002900180568816109,0.005853210620400412,0.019642608962557765,2.177814891817579e-4,0.01568182223582369,0.0021945372328245247,0.01341529531267534,6.04164470946804e-4,0.0073569479527256015,0.006911126888717165,7.132094697564598e-4,6.580908022679644e-4,0.006809437671231927,0.010270028329864537,0.0037972512927178115,2.1402643256586773e-4,0.006993037213718776,3.9282931225150387e-4,0.009261646529976316,0.0142027526963227,0.024918746732217584,0.0014446781867538492
0.0320530319204648,0.0689835941942908,0.056171345377899466,0.016633837083069813,0.05547095432120253,0.015017211065426223,0.05489853080498025,0.0018126360206014878,0.005016448628180429,7.990934268118067e-4,0.0026349088410180495,0.0025474271288627864,0.0026698026028896074,0.04362437120308307,0.0035224547777375787,0.12913424374350588,0.0014001390234907503,0.0037332213588556298,5.227914952628965e-4,0.0026167627821552524,0.002726291158609926,0.0012529702682036008,5.299540263800499e-4,0.0013229522907392882,0.012395451473592967,0.014744349161649888,0.29332481959121093,7.564865439271465e-4,0.005150319433171022,0.011025069069155315,0.0026802833738725916,0.008660517394555771,0.0041006216623754,0.0044850982813988225,0.002619563338606901,0.005565977827225906,0.021324918179934964,0,0.013222654838401226,0.0021805551383423743,0.00972903586363075,0,0.006569584812055271,0.004586073008046681,0.0011259034154515299,7.259518731634131e-4,0.007559253018298832,0.008654176733917928,0.0023297438540549375,0,0.003589617924749294,2.028127961193142e-4,0.007677622721844219,0.010526834629584328,0.027189282937364237,0.0022024475605760476
0.036247481237206086,0.06689740475379445,0.06046218921945103,0.01770441072238046,0.057833764762653846,0.012565854767644746,0.051370735308244854,0.0025144387900012917,0.005998454632429869,8.519659707232652e-4,0.0035415147336487645,0.0034782871282165472,0.0025798370489723836,0.04553032389655304,0.0033405693431529525,0.13048118658898697,3.2812871415611897e-4,0.006437083882252444,0.0020285381304832257,0.0023888911718213867,0.0017650260620648537,0.0010471247539020777,6.674112558327048e-4,0.002260533147502939,0.01097773021104817,0.013109785943782723,0.27877507509321825,9.111936581850563e-4,0.007301244573744387,0.01294321328908909,0.0030477009652148013,0.008157799868310273,0.0030552748250408743,0.0034786205204163745,0.0012731184860599023,0.006938447632422493,0.018012243454260855,6.248204586210376e-4,0.010854614779072005,0.003179380296691527,0.01011840821175372,4.577982313038868e-4,0.005895352193573326,0.0052305699492380085,0.0011559833893006355,0,0.005708248886790337,0.00898773469677996,0.002973906629168063,3.928639056000545e-4,0.006170056553510895,3.5891050059515896e-4,0.00785999863740468,0.011782848946070726,0.029149172044966483,0.0027967271466899286
0.033155485156769804,0.07300793820765443,0.05775585741341004,0.012887584154060192,0.05381817929188147,0.016483157368271075,0.052345032444434655,0.002194736597588097,0.003938946993447941,2.9727365597468367e-4,0.003354991287199366,0.0025090005270269255,0.003775617620641078,0.04309234667006376,0.0029860394264004265,0.16213799264423306,8.734085939262476e-4,0.0051373548233795896,5.063098802127272e-4,0.0027271662398883558,0.0015721519240493801,0.0013478849773148841,3.1212220366468e-4,0.0016255418397887957,0.01143028520303104,0.013678232146321908,0.2497019703854865,0.0025289155390560967,0.007486250616060462,0.010920256978847888,0.0022615765556728102,0.008081522373170153,0.003970413671954352,0.004316804945190471,0.004351882752473768,0.004998725858359993,0.018860537317900893,3.933502950039827e-4,0.014941302227302097,0.002507495366944481,0.00876278553541893,7.129832228200047e-4,0.0053664162452560565,0.005151168937809172,0.0015260739387909005,6.685737705081458e-4,0.007195255690309049,0.010081683290663482,0.004914529256858092,4.4757978753536414e-5,0.005853739284281337,3.559108390926681e-4,0.010040912597599191,0.01069408661214318,0.03018974678434999,1.697338412876908e-4
0.0343522324415948,0.06042577538450848,0.058059308573123386,0.019420580604668492,0.05226412432188223,0.01674653138390189,0.05079139006341702,0.0016733334442061282,0.003615745479356339,2.505399379908616e-4,0.0022219488453078685,0.0030685790430495753,0.002910932625876465,0.04952079331096261,0.005747713815007682,0.1207372628486975,0.0011306520177264807,0.002831000071336768,0.0012330436399835805,0.001654302995955066,0.001862918887292352,0.0013764882064091247,0.0010852730439032908,0.0025991037903216776,0.013042156386168362,0.018993323545931636,0.28393752466051114,0.0018050666602591307,0.011341875008978443,0.01143235808648372,0.0013296094667087745,0.008036058994358622,0.0024999697874596373,0.002373399344778874,0.0047236479106766765,0.005390681541511894,0.018665349945026284,6.581185511906235e-4,0.014926174391672237,0.0018249551705389598,0.008411947087385463,2.7178652675457165e-4,0.009146971616588916,0.003915508377520751,0.0023522699500295326,0,0.006153709260107189,0.010109523306949076,0.0043193066758157915,1.5791802720012277e-4,0.007126557694812552,7.648183433470135e-4,0.011056439149942695,0.01294199388818264,0.02520624872462193,0.0015051571420070765
0.0329940130107708,0.06381646975986374,0.055615184447282154,0.018443562985561674,0.05580301683903737,0.014836167769926818,0.04966844554579155,5.939516171839787e-4,0.004097234830727969,1.9064965921021063e-4,0.003390616224810892,0.002809781601188327,0.0015112641425655974,0.04583345755917268,0.005438121388925159,0.1202357199652889,0.001220944271568927,0.003414791958629018,6.794083999012847e-4,0.0023870754253841977,0.0030831106686772885,0.0010042087386692492,0.0014493509732598964,0.004086847028763274,0.013681396562788805,0.012153090010430408,0.30516899013340826,8.692922546605365e-4,0.008347676046662174,0.010374486637768379,0.0030987369612653966,0.007826388285733555,0.00429044197180671,0.0026440335306449274,0.0028268648659568233,0.006091819107541904,0.01606555261157169,1.8956850187897752e-4,0.011915626858392741,0.002201386052520373,0.012766894259925231,2.0563310837532257e-4,0.005778116270330309,0.0044406393484427925,7.251092736710721e-4,3.299349377911291e-4,0.006736206418566899,0.010900610903520756,0.0037273386339798983,0,0.005639422568402329,3.3332488222886036e-4,0.007769672073045503,0.012413662819081041,0.025589161158379312,0.0022955281390669327
0.034509460760329465,0.06753498641194607,0.05804091547583962,0.01711021455250122,0.054187754032625844,0.01291213164559228,0.05050679293401569,9.566656828992855e-4,0.007168299784984378,0.0011474647761290778,0.004629467451956714,0.002692088144725173,0.001903298291452948,0.04343825730073198,0.003257693468119787,0.10871885631821163,0.002246502968519676,0.005843863204097224,0.0011247505254577902,0.0018512993217456757,0.0013780736313224657,0.0012338712663515828,1.5517134773579034e-4,5.77573383435461e-4,0.013012084963635682,0.011588603244604747,0.31314086488049014,0.0024368406002095626,0.00720331506475062,0.00882728362071332,0.001744735955569225,0.009053155492112087,0.0052609673057954975,0.00441102705064566,0.0023392813478106443,0.00440335243149391,0.018637736852760167,0.001226787962134477,0.0161220912326243,0.0015625044645743024,0.009567972827938311,3.5912977831794294e-4,0.005677688964282093,0.004571196052942712,6.967900273042962e-4,2.5214308440419026e-4,0.006435920741386345,0.010242588091557148,0.0037433515153507085,0,0.0068962055486944136,8.797265541872026e-5,0.008254346400401801,0.014183114445114775,0.02398086495311107,9.54629763124309e-4
0.03172447915175722,0.07031569652750867,0.05779316195125853,0.014714418067339035,0.05777683374859121,0.014608509616408668,0.04837656198305039,0.0021622550751371652,0.004828404487070253,3.826007280275679e-4,0.0036854151128079336,0.0019518005191509133,0.003620021830793309,0.048740682353282716,0.005725754286329504,0.13971476504157487,0.001338811859528969,0.005179307155482115,0.0011782724323125312,0.0017190771617731245,0.0021047117161896414,0.0015277847598889312,7.810500041683158e-4,0.0015440882544530403,0.014771648381419228,0.012753519525888926,0.25881987102206316,0.0016140389347715652,0.006629907654486704,0.014695011552362984,0.0032511679320167378,0.009526242289561879,0.004307952547602852,0.0022918493031764365,0.003747437212152794,0.005776672020058192,0.018908035114056494,2.0582436511680405e-4,0.010314125217668202,0.002462124176419032,0.013423776468465268,1.70527040403784e-4,0.007753847081170736,0.00496579786189112,0.0017974864005452695,0,0.007292537273604721,0.011366860877845001,0.0037963066667929947,0,0.005016540145419001,4.961090174849319e-4,0.008187110244750431,0.014594594194022205,0.027968620783325397,0.001599994871572496
0.030750620433306945,0.06270195261373052,0.05489560972110263,0.019236950918324627,0.062338235613461475,0.016526304102741946,0.049218225557150844,0.0012426937403201648,0.005042608197863967,2.8436433413158287e-4,0.003392461956846729,0.002864404063928505,0.0018872430539115064,0.049686248452432386,0.005125763588584153,0.10261451515456897,0.0017799436537445819,0.0041457628540230275,3.1110265422813955e-4,0.0013032627740142814,8.4894137954685e-4,0.0010353614140454354,0.0010575669485867129,0.0012928272399447356,0.012449384155558635,0.010549134845693945,0.30061999751547563,4.6404796136494824e-4,0.007773626181194748,0.01341599554353119,0.0029123373440690264,0.00975565502162909,0.0037676453656304526,0.0046859292688891906,0.0029531983038413047,0.006894519135891983,0.017435123013570458,1.0304527817607312e-4,0.015994976217111847,0.002698838369958378,0.01691190059090433,2.0513213514256236e-4,0.007787276818731786,0.006647813303004751,0.0014063146085631663,0,0.00578311717931825,0.010137790311984496,0.0065937514799582955,0,0.006145926012089318,8.347726397102984e-4,0.008332916734612233,0.014137959672095949,0.022676724682049027,3.4217988970792324e-4
0.033403303361043996,0.06971810849806293,0.05453059028322106,0.013982425975598827,0.06147884272880564,0.01782146507997499,0.04665021226998776,0.0010364559642212976,0.0037028533056436925,0.0013336376626113242,0.004322157656158533,0.001588201825501712,0.0030103870401605886,0.0420521325283424,0.004252367525548312,0.1582783104064905,0.0012640854255840724,0.004389003258378599,2.3203862842681862e-4,0.002401937349755605,0.002711284277384163,8.49883783018954e-4,0.0016058827161112505,0.001340601435969033,0.011594298246283002,0.017884100260592187,0.24986962399089682,7.584935840799585e-4,0.009546094820743409,0.014465619818772568,0.001610064790051704,0.009445439301735399,0.0033709715738659564,0.003319276776689751,0.0020826412997453085,0.00523922675978391,0.014443408858318796,0,0.013949029254338215,0.002772974460327165,0.011004433736918529,0,0.00685012281668821,0.005578826766302137,0.0012434019505717573,0.001394963634787645,0.008417254618452944,0.011982244850874521,0.0032805311917037685,4.269225993775927e-4,0.008406844449689721,0,0.010150548624654667,0.012292041712600897,0.0255892343854766,0.0010751958796747973
0.029364191922655446,0.06482813536784181,0.05734678423676436,0.013925199349815091,0.056864964737885264,0.014487476086518404,0.05149280117488477,0.0014798691998350914,0.002637051579366376,3.5968146629364973e-4,0.003539255202682074,0.0024713622021289164,0.004920974346669072,0.045780840596483525,0.003954857909499986,0.1401137271847668,3.669988833310629e-4,0.0046772150700565805,0.001372162487743258,0.0018849921087604673,0.00331701432756977,3.007637789796515e-4,4.5211488575034215e-4,0.002170684058383754,0.012022175364798288,0.013517614055754228,0.2746670898950006,8.274399349157681e-4,0.010462355604616906,0.013164430868546576,0.0031637638262425774,0.009130897068914153,0.0037782078963199913,0.0023565439177466586,0.0031196669326254292,0.0061595493513152905,0.01740519418381354,2.82984595476578e-4,0.012164871920309349,0.0032602051094877526,0.011990274681159633,1.958355637203121e-4,0.007693847396194225,0.005166211189177262,0.0027273900391180765,7.212772409875252e-4,0.00978014527556578,0.010379165229390735,0.0039174680326082975,0,0.005031774712355026,1.4671085107018753e-4,0.006095780339495547,0.013925378203594437,0.027985748768747418,6.508837862663286e-4
0.03360773635112654,0.07131252318026156,0.06033924244777995,0.014210374284028868,0.053254077603089874,0.014220738990037948,0.04563878134611796,0.0024142646532968894,0.004444716103822345,6.416974583915131e-4,0.002001679228548252,0.0029404442904399867,0.0034221291072849052,0.04315283108168691,0.003491563578906265,0.13166986487986013,0.0012262923631774277,0.003917112547702132,0.0014085814836415956,0.0019583480603465792,0.0022504961691247106,4.160846904244951e-4,7.209830877787434e-4,0.0013449022901710517,0.00929845637024515,0.016130574205196185,0.28813844487700646,0.0010939481190931771,0.010560279782081154,0.014280545840469684,0.0020697046535856746,0.007046080195419211,0.003226560742427418,9.485861368623141e-4,0.0025219948613328337,0.008707609539512003,0.012564053539335259,8.965958134907714e-5,0.014820960836615991,0.0017882380778591657,0.012195771621827107,7.336597749090774e-4,0.009269342533903442,0.005238545863429912,0.0018302297166480424,0,0.006283421169197679,0.01084286697009967,0.004265618689069817,0,0.0065472452558475525,3.9586744644638913e-4,0.00899334516809837,0.013175391823795726,0.025861081709466615,0.0010764496218232157
0.03363075272883116,0.06645121782777504,0.05984596401302023,0.016600251629678407,0.058534219862880134,0.01902797132476569,0.04803971891521489,0.00148080671054682,0.005645398731087719,4.206271202292474e-4,0.0027234456965862784,0.0028421133077407832,0.002492887704183408,0.048358703286954775,0.003764656105378937,0.16458767971754953,0.0010291640657078957,0.0049822440755123674,0.001442306544542875,0.0032457120512024676,0.001985074966165626,0.0011578919852909635,0.0013052387530596199,0.001045334718090405,0.011793013935415408,0.010865263691428139,0.24567046284892785,0.0014277969290220835,0.00789992622863784,0.011305705418208896,0.0025303321658064633,0.0077931165593353,0.0038740639433070523,0.0035042849215045735,0.003547361469078464,0.005686669256735664,0.021028796951395947,4.4493093593913675e-4,0.01249482870533374,0.0015197255081709335,0.010161556293963007,0,0.006733998738059239,0.0030333976915335866,9.96431221918761e-4,0.0013240568848596832,0.006669612673429923,0.010824943560446724,0.003018798523080238,3.305005671318212e-4,0.005736582207166067,2.681402975271779e-4,0.008912813878816294,0.011309512438065848,0.027146893695422586,0.0015071000183362548
0.03167934136855613,0.06638688716254623,0.06367222918403821,0.014556038187923111,0.05357762801844681,0.014544264520632531,0.04796403947812142,0.0019291506331123999,0.004246238408130623,6.463636636950696e-4,0.0021391427317073953,0.002621307952892694,0.003025746502195586,0.04310739455480007,0.004692118134424161,0.1323499509664594,0.0010267236458728632,0.003971261380942303,0.0011597206720041664,0.002055529897988164,0.0038795675871301036,0.0014798063905632967,0.0011424740050829222,0.0014570432803972992,0.012256963613285042,0.009556934935917449,0.2801352872402241,0,0.009800839925840911,0.01648430584077595,0.002921715841662728,0.008280595592261821,0.0038985600603165136,0.0041060413867405185,0.003598268842283287,0.006672622478432745,0.01677656581254264,1.5169032061449871e-4,0.01364931890443068,0.0018341512057466801,0.014921879101532828,5.639076281690503e-4,0.007891983058912214,0.003724196875806523,0.001482652619094628,9.825759765116685e-4,0.007097773778465532,0.010531375199946229,0.003720891578157235,2.273591032075868e-4,0.009646994891542034,6.950604280950209e-4,0.008900548505744494,0.009189602607514762,0.0257294222211402,0.001259946097421474
0.031245819282280995,0.0728364113661873,0.05831784387895099,0.017416360114980035,0.05637326157048039,0.01783522848071861,0.05405118498794081,0.0013951649969167123,0.004931786884627071,8.732017396321823e-4,0.0012673692454633115,0.0031264161424700235,0.002999876785058826,0.04760521041386008,0.0033865487543583805,0.17243864762085234,0.0016413177268017934,0.00447156544135433,8.132240851304301e-4,0.0015684649171007132,0.00153704638629404,0.0013292700359778503,0.0014439124233521115,0.003412610622156103,0.010152725531671684,0.018680406043450882,0.21881313869770302,0.0010947176798814004,0.011100352486529267,0.011928897817904922,0.002939282525572631,0.008843734935825815,0.003440558508607852,0.002795204359593014,0.002496064030415077,0.0052498367378806116,0.018666034202139102,7.73372261999024e-4,0.015125789203384761,0.0023243431397763446,0.009629044140401978,5.328794153921466e-4,0.006165878076713474,0.004154708825529472,0.0011990850686928983,7.596057477049876e-5,0.0077200250583280535,0.010776097981378187,0.004706937919768484,8.553273901405745e-4,0.005933715279070348,3.024970517932836e-4,0.008854342505923067,0.013340256490308601,0.02786878376407637,0.0011422583924317053
0.030796500703236637,0.0707288504038019,0.057794869161739516,0.011942742917104059,0.05812422518394825,0.015236189205206823,0.049271478628050994,0.002965012814685635,0.0033695293232411183,0.0013672008068132484,0.004018548388710684,0.0021887643016303107,0.0042040925952720855,0.04743209944578326,0.0031930530411290155,0.1278867237002753,8.26443554125746e-4,0.00586851981459012,0.0010502943330120598,0.003028304273403289,0.002611554103256235,4.424145348613746e-4,2.623849083485327e-4,0.0037425781242886413,0.011393015058579065,0.017364747308082185,0.2657535146708632,0.0018768535165685591,0.00925121439059414,0.016927116022551546,0.0027790083509961513,0.011187488097059915,0.0032580971390971723,0.0020288647360924513,0.002633724888048321,0.007810713567062881,0.01841508843540933,0,0.012003561963144976,9.697033324907694e-4,0.014939278145695,4.992158820451558e-4,0.006575212534312715,0.004461167450898499,0.00157187055073432,6.717900947308766e-4,0.009534456988911278,0.011693437274138714,0.005884493630496094,3.270340238672583e-4,0.005566961876136813,6.086361932148127e-4,0.00822647314451089,0.012109084726078113,0.023927277904828383,0.0013985238362455837
0.032945224866868676,0.06384682462692384,0.056323516632363756,0.014362920135100357,0.05386002247401868,0.014470315469578016,0.05005213326474574,0.0011147773445913112,0.003009153460159928,8.161326661093495e-4,0.0029580966618016975,0.001366182901235378,0.0036453334535638754,0.04416886668356461,0.004549937443811657,0.11819322894514867,5.370206641348802e-4,0.003300216951149668,9.709679839655365e-4,0.002184878399186477,0.003600188827660875,0.0017102985061593278,7.82170298861986e-4,6.265544401066675e-4,0.012037732390475503,0.00990855822780645,0.31715953511332684,4.095761479854644e-4,0.009135530255071831,0.009872458168593948,0.0016432986214068763,0.009866281590964119,0.003492343572426097,0.00402659025570297,0.0010843177775385583,0.0046785051988396205,0.019890649739939748,7.940073183971102e-4,0.009915495055568572,0.0035206346987606044,0.010635738388735202,3.363164479896419e-4,0.0056018180718286365,0.004953432017015389,5.685523452909114e-4,6.60238477143367e-4,0.007157088867286546,0.013401310116392116,0.004879735951858779,0,0.007781637533830965,6.169923736064697e-4,0.00838404755283278,0.011455970983320404,0.024833297754330973,0.0019033458849225357
0.03127459872879926,0.06237055752932308,0.051981981701182706,0.016938372182631785,0.05556559148488306,0.015172257940496666,0.048036544915332956,0.003322170373372383,0.004865628326874771,0,0.0030222444630786404,0.002801230098840289,0.004239631322741531,0.04406194205807261,0.004185667855476001,0.12432013178871813,0.0015534595050692634,0.005761535742851687,5.158374997304858e-4,0.0021363302399450726,0.0036758083114915145,0.0011745378967062453,4.91263869163476e-4,0.0011788609381496796,0.014435852590502167,0.010661219316665837,0.2991768783011712,2.948490305917089e-4,0.0066372656520580255,0.01347811004881203,0.001603620656775928,0.00932714535430445,0.004359133507976954,0.0029424224938931778,0.002519932620527324,0.004687657096481476,0.016412473829579676,0,0.014910315425376961,0.00340700486573651,0.01191032436935233,4.356598329722448e-4,0.007187074472625453,0.0034140124129006977,0.0015389779036035194,0,0.007850207704007727,0.009355833397093897,0.003975431500446723,3.124344294232213e-4,0.006457207451720413,1.172104548036325e-4,0.00899976804048032,0.013228162527864597,0.030561643890614658,0.001155986048705888
0.03358334588996618,0.06470983977224294,0.05857963561970134,0.017735895450210162,0.05658228899838928,0.01756226223959427,0.049918838092587535,0.0023275594889694494,0.004702082525258402,9.085333096627516e-4,0.0026131981134821392,0.002175499241515537,0.0038224704182666207,0.045449485187805415,0.004441143817799226,0.1330565023674887,7.448520718290765e-4,0.003368370755982657,6.382113006106779e-4,0.0013235598934202926,0.001770238572584737,9.412522735292007e-4,9.886391183015382e-4,0.002561836131128591,0.012684729842694512,0.01836105925937348,0.26036267429871535,0.001969579897190064,0.008821878436211407,0.01380865380556107,0.0022369579462226397,0.009795659586949283,0.003979169461077663,0.0035604009505339723,0.00232465973119067,0.005454918293456295,0.017618131148232512,6.911498673780369e-4,0.014487709168183484,0.0019561117751773056,0.014693326870517097,9.601862664584095e-4,0.006451887065843802,0.004237298290538929,0.0019701407379439278,6.046249741619178e-4,0.009515527006891462,0.01151215731358628,0.0039041339161380124,0,0.006501168422057863,6.725895224014983e-4,0.007746970729599173,0.016607940515353064,0.024528682452807444,0.0014743817972266609
0.03318220792086496,0.06645562891744516,0.05372975983871538,0.01677037988719606,0.05458412255667362,0.01621734024393171,0.050272465433689184,6.420576614964624e-4,0.00799293340967231,7.796494545990671e-4,0.002961070924712958,0.0018659402576317124,0.0026167584044261448,0.04288008104977913,0.0032451905498732943,0.13525955695291805,9.183444504790198e-4,0.004466369014034937,6.758835960397092e-4,0.002393694127831347,0.0032648860359228713,5.46964680112602e-4,4.470672089292279e-4,0.001066393037607393,0.010609480966928748,0.011136361035617753,0.28959171792480803,0.0011933243955399664,0.0057338305880809985,0.014604651268069133,0.00373816621210417,0.00948779672022736,0.0035528483450770936,0.003110796700078518,0.003025143044623764,0.007084643293860949,0.018134886537896872,1.6956941048943978e-4,0.010530154315295241,0.0037958902207806144,0.010205757433646398,1.2290477843895082e-4,0.006964636075275458,0.004175084443448874,0.0024059675211534986,4.217435333054747e-4,0.008766819235463054,0.011487600191827393,0.005286691148676249,0,0.007114029352144118,6.316830275088361e-4,0.007330108890689667,0.009719697740151077,0.026252389090924453,3.808809432855622e-4
0.031289355265430384,0.06940836616777278,0.056394691532418176,0.019018914937013902,0.06825657092644934,0.01659860543996731,0.050287172410429834,0.002070871882033391,0.005957042009933343,4.947498803368525e-4,0.003128781631864039,7.108983084354594e-4,0.0027894162379032486,0.04756189420300295,0.003510499312499214,0.11059642283830648,9.373418965380275e-4,0.0052971214271409104,6.392174346152765e-4,0.0022544965854832373,7.574241617391835e-4,0.0017432539781586144,6.198731497327138e-4,0.0048080212206509645,0.009019085072042582,0.015232569602609089,0.2865576531572593,0.0014103420384495398,0.005611178438061181,0.015271482583243678,0.002456497391502429,0.006480840982849258,0.00473892260035977,0.0038312343017651196,0.003262759676361793,0.008080184414434964,0.018565178350948664,0.0012438253236749881,0.011265326009626637,0.00359906936873574,0.014457421397935903,5.092471961449975e-4,0.006125217462971096,0.005963334572234752,0.001467831189265153,1.7235819084793306e-4,0.005500423182146053,0.009957581744795378,0.0028409292887686924,2.7439742823055736e-4,0.006372483820887344,3.913673480221729e-4,0.006944606538225163,0.012195258384616398,0.023846254967045094,0.0012241351380829324
0.030461179131969645,0.07089107095826162,0.05543293918097122,0.017878935443944827,0.05514197636386234,0.01806505418845756,0.04630719113101199,0.0020122310016679836,0.0040087480104818805,9.065445642096706e-4,0.002005918579854107,0.002338270822293605,0.002565236825115085,0.047557229935193936,0.0031933040727915437,0.15696825790069893,0.0012408415953866845,0.00441332806583425,0.0019329822506405736,0.0012597540105608815,0.0016775647340972549,0.0019315332190647477,3.2594753989507796e-4,0.0027961911256520803,0.012180768667914493,0.017030204629765174,0.24962001859602986,0.0011767740883293753,0.007630629780900275,0.014740802822884579,0.002287020493125679,0.00900903122310765,0.003540453231092503,0.004639351574037968,0.004269321333423852,0.004798435043129402,0.019698779306244026,3.5106369951496416e-4,0.00980690681602439,0.00267479949826324,0.01241098608426563,2.6542908221890483e-4,0.0066833457563456045,0.005338644000092921,0.0010925209019387193,0,0.007978916604869145,0.011019756003543251,0.0062355171579383945,2.9970543054386623e-4,0.004874386084238515,4.7360485034772835e-4,0.007769656020442531,0.015691834131602137,0.023711412582282387,0.0013876938536253498
0.03042022146898939,0.06348968331361853,0.060151292321156825,0.01769554822654724,0.05501693678601603,0.015330807977318324,0.04856626565339908,0.0016735329515341166,0.003575153079466783,7.777205396318487e-4,0.002553035200516186,0.0023984769684288645,0.0033669907629792395,0.04280481395017126,0.0041438814773766776,0.11649268631785994,6.984726824599051e-4,0.004970125742008556,0.001186107280811981,0.002349410439033823,0.0018303786355871596,7.576272700169688e-4,0.0010328903278917353,2.968260643273517e-4,0.012050820745817249,0.010139893944531395,0.3073881134117834,9.339860137743345e-4,0.010153902734522446,0.011045498113114002,0.002398373975935232,0.008642173027699157,0.0034627321323457603,0.0025103093870148447,0.0010546065781205606,0.006034914656035309,0.018666725339075815,0,0.015330118040789549,0.0039273767689049005,0.010502828626950162,0,0.0065426644806437645,0.006621820663178519,0.0020564972972145555,1.43396180085449e-4,0.00935226892236903,0.00860202361103853,0.005037991683669899,0,0.005408909529309396,0,0.009154689028012945,0.01165518470170595,0.02630989109796699,0.003293403871243022
0.030605376356283732,0.06849599974718752,0.05270054191599698,0.015299581822300005,0.06050536403169573,0.01857855558005553,0.05240811774976174,0.0017662949737159007,0.0038350033168933666,6.089360381619803e-4,0.0029191045580210686,0.002818745803929118,0.002222096076647621,0.046006616295287364,0.0036962212644760725,0.15876387260675165,0.0010761615421951585,0.0033830635742919894,9.865719705212002e-4,0.002834519419630757,0.001207013504809966,0.001740890615233598,2.5066804462380287e-4,0.004274581146458476,0.012451237943892829,0.01442736574042302,0.2526410271898401,3.8797983852496127e-4,0.007856199939474307,0.01403896910122381,0.0020581162438358773,0.006748412512512005,0.0025069430761484068,0.0018573630252166577,0.0022639398922394585,0.005255337062346487,0.015132574513025682,4.4769847861302433e-4,0.013667197251773129,0.00281366497743574,0.014608979973834979,4.011606336559276e-4,0.006909068788669606,0.004430638008953255,0.0010960104418159299,4.242029050527193e-4,0.0076745694329525835,0.010187626678064462,0.005966372964337594,4.233705467889965e-4,0.0058297335380393936,8.826329910212572e-5,0.007203007258174668,0.014820206746711456,0.025915903687774057,0.002482960354616431
0.028258308705241486,0.06989218757101047,0.05617208375215449,0.01795883402712376,0.06663484122540281,0.013536665851476913,0.04726614156828406,0.0021026284062968708,0.0034342517781298246,0.0012170312982915212,0.004086157658715155,0.0014267096820925324,0.002328852723348378,0.0461814242274855,0.003238471555586958,0.15670207203748235,0.001423737149410451,0.004993818933788294,0.0011870510191535372,0.0024157165965535063,0.002210162752201054,9.233215075709925e-4,0.0010026597909060374,0.0018949083665511688,0.01287780701201959,0.014974708433858522,0.23898390982351075,6.624375021632964e-4,0.008985571841282234,0.014545044083465183,0.0024404703531894787,0.008881452372578681,0.0034865172279756147,0.003763365992260008,0.0019781127522196153,0.005726401709786657,0.01761559716329743,1.0266105264319072e-4,0.013194074686993542,0.0024428440626821546,0.014213905538943633,1.2057453022592092e-4,0.00972575912096314,0.0054406990855353134,0.0012863430309308977,0,0.005959853048209832,0.01172440093053128,0.0041188410169619135,0,0.006869659609888304,3.4555341139075226e-4,0.008298192515804558,0.015625111129970653,0.02591236788152369,0.003209724894936028
0.03352144773265178,0.07054856986210424,0.057421877352280395,0.014092289726535319,0.056196212637684255,0.011728437889366328,0.0481405832024754,0.0027144724619467715,0.004122271899961281,9.059169730944328e-4,0.002942748735981039,0.0024368226888693686,0.002185306995641369,0.0449722270969626,0.0035848986490616334,0.13190376749762284,0.002035968178277862,0.0047559101777206155,6.219546675018199e-4,0.0011414746123996036,0.0020176258274481928,0.0011420088196785264,8.010178393224447e-4,6.605439342425359e-4,0.012705628110920965,0.01595273586187707,0.27979070440231846,6.578245936610757e-4,0.007025378887732103,0.015135390870785961,0.0028948368172813698,0.00647517254401478,0.0035470984068085008,0.0030463304165361665,0.0035121171991438277,0.004809556661766049,0.01807735888543813,1.6743471024565395e-4,0.015993149355028356,0.0032971921799129665,0.01376485982404746,4.2178029388110805e-4,0.006681055423405425,0.005603037028253183,0.0019674103432294554,8.987974072136166e-4,0.005693071993160569,0.010055570432233702,0.0057478095571430405,0,0.008738707412871352,3.3644702064708476e-4,0.00761601802383448,0.012879278128181475,0.02408774708495277,0.0018261446646431997
0.02786590806318643,0.07536284822283552,0.055257870463261506,0.018870112960952104,0.061954057400290835,0.013719033837684374,0.04863668448749748,0.0020538828114451107,0.0034843678871975627,6.689813899406813e-4,0.0021970723073312178,0.0014671131382127142,0.0039756664041063795,0.05015579136104322,0.002896843620781913,0.16262193574861095,0.0014688313077275616,0.004643805055275346,0.001324676896589529,0.001293219409717782,0.0025718503898149864,6.439167455546764e-4,0.0013910265357123044,8.471307651312299e-4,0.01102567955197209,0.011836543093672281,0.2534690298435037,9.68514604505507e-4,0.007955811943026971,0.008128781704916769,0.002721583858819205,0.005472265134273255,0.004149381944620585,0.003555714042265814,0.0025586133771152366,0.007077033899067064,0.01678415899081684,3.8893800181005614e-4,0.01444988707085395,0.0023579505028644985,0.012699365670353586,3.364805537357014e-4,0.005880751428705302,0.005314434098260105,0.0025353543225840286,0.0010398675657521078,0.007394462899623602,0.008505782395150116,0.006133777468723749,0,0.0054544342859176,1.359158669759084e-4,0.008442260444189869,0.010052114874707864,0.027120493625109675,6.819897262055533e-4
0.03453111871357024,0.0659835072786323,0.06066952254999026,0.01746757883819577,0.0645768137127135,0.015606166857046192,0.054954682945780715,0.0019369720903656944,0.003416303551332032,7.472768410396801e-4,0.0034737089357800375,0.0016148186703241472,0.003073319913887452,0.048130116568002736,0.0038072221750701713,0.12551504066239566,9.778597673926203e-4,0.003882247230987816,0.0010330539298826964,0.0013304665622913584,0.0016875558419558053,6.529030841693901e-4,2.532419586438617e-4,0.002054453150617733,0.01098819646497739,0.018668960287021013,0.2617420166102705,0.0016163691037198891,0.011025008855568475,0.013680218311941415,0.002295429532522008,0.007350139327823094,0.004290662504642606,0.004621976733673085,0.0026478014783715225,0.006721817600781338,0.018246108072295018,9.383051721112265e-4,0.015919126451284956,0.0019773048421982474,0.014068722185417049,1.249845976192359e-4,0.006113928758663572,0.006387691967436993,9.123291938121302e-4,5.754858357096646e-4,0.005520124979792655,0.012001166787121004,0.0036681291225829703,0,0.005746841490250708,7.102612613578624e-4,0.008441900884089236,0.014568550614073882,0.020669636284433635,3.848528583697556e-4
0.03620145410124263,0.07047936676081316,0.05803259629175187,0.015454507138195378,0.05997715046242581,0.016221821355098743,0.05010948597393542,0.001393632003268125,0.0036374587213843837,4.2400296332440965e-4,0.002192364665419501,0.002300979869204529,0.0038911856126395204,0.04188255695494245,0.0036346491746014646,0.14118525074026625,3.9698199203494917e-4,0.004027656494598428,0.0014920039545252915,0.002424857152439033,0.002279982537461003,0.0014295168987955129,0.0010218911273898884,0.0010004837304284494,0.011496887337369612,0.008061588730544004,0.2802133202296657,0.0013006467149052413,0.011002466881166949,0.010353276807212758,0.00332355277813563,0.008859481902471518,0.002654645835611463,0.0024918411133194223,0.0013997338461683596,0.0059814612474991145,0.015595171055883341,2.2275264558815075e-4,0.013058831413157659,0.0014019859216279754,0.011565958532473483,3.745175053607395e-4,0.006034002580075045,0.004198000892001498,0.0011039207003821923,2.7853595015401883e-4,0.005911787295018058,0.01001268492456193,0.004910035328650607,1.7465404472087267e-4,0.005086740605182123,4.299932044056054e-4,0.007698334800808899,0.01326958727360402,0.028385849252460803,0.002055915973626996
0.03828752631809831,0.06974622575134705,0.05826282152759415,0.016169463782558156,0.056623499307184834,0.014289321726577016,0.0528408126747597,0.0028327033421097114,0.0037790015775158825,0.0019028056881283462,0.001873944566750289,0.001940345426879491,0.0035586734511842675,0.048311710502719714,0.003894868923305804,0.14508916154029813,0.0010279211581068434,0.0033700566696904404,0.0012493896914212716,0.00225703714926154,0.002062927040716027,0.0010480900507294836,0.0011632883970779258,0.0033449296041980227,0.015520189956350223,0.01399800638484038,0.2509146755346958,9.521387661354377e-4,0.00584695983885352,0.014491986135203676,0.0014587919611572509,0.007931378798554583,0.0039952737387697725,0.004754510746825971,0.0030253266339921336,0.0036884450508798223,0.01687369311120742,2.281438671361719e-4,0.019404539095966546,0.0016230278077666715,0.01080362910459625,0,0.006053095149974123,0.005466792115548439,0.0012921596038324053,4.829509009747029e-4,0.0067915448549371905,0.010486845051670735,0.0043907288592815044,2.1443178893479866e-4,0.005649489080010931,4.1312136199382626e-4,0.007244212698793181,0.009805036391994098,0.03009193153259901,0.0011804182083110174
0.033387751068876835,0.06953223669191602,0.05594062348844608,0.01702406225558033,0.060589880394904073,0.017689397443876983,0.05113831995878632,0.002468222716061731,0.002801690468324781,6.529413516608331e-4,0.0035029062058226736,0.0013722708289402804,0.00223521838462258,0.04588351744398145,0.0043137868446542745,0.1329944239297373,0.001960099567372666,0.0035355793663749153,8.099151229640671e-4,0.0023229004450065743,0.0023382556886700004,0.0010240825770741328,7.541912493144938e-4,0.001703530996086649,0.015689383206191617,0.014434471340479345,0.27332338225024716,4.6916884264894173e-4,0.007173089823270789,0.013008730559209973,0.0027670726510540954,0.009386503730362417,0.0029351574273970378,0.00396965895043783,0.0023951682576668957,0.008986086863495732,0.017701423462263194,1.370870101826842e-4,0.014339471200180372,0.002187579587369612,0.01107865369901151,7.962554015089779e-4,0.005279260373396243,0.005577572740862617,0.0010117649164817406,3.3267035292595346e-4,0.007578961638027937,0.009946483790993096,0.004519083590061737,2.866415276241224e-4,0.005082895311307078,1.5662993752849338e-4,0.007659068432860303,0.01219370522295553,0.02340386591028995,2.1724750265098597e-4
0.03211608504268573,0.06619321644206434,0.05586760779792991,0.015028479584788352,0.06158944138587233,0.013239861498563493,0.04478586069411562,0.0012570156596884564,0.0036002534193945463,7.353591683868545e-4,0.0022342066762915504,0.002073447402510914,0.002744370872216543,0.047340075904615246,0.0036843160484154843,0.1261870315713029,8.486739724705062e-4,0.003369866895320407,0.0013655212244578548,0.0036928921011467023,0.0018514214226706127,0.0012461982962172363,7.016736916403712e-4,9.34287099575342e-4,0.015134432374798442,0.010566882429350187,0.2990523259839573,6.148125276509959e-4,0.009621564414941016,0.013060942250831379,0.0010409811963186348,0.008241367922950911,0.0036332214105339,0.0020198831960568666,0.0014774043564972903,0.005761262584224796,0.019068793079947844,0,0.01404756721621312,0.003156742523600982,0.011621031452082141,3.7670519078159437e-4,0.00636856038537194,0.0046791661243048965,0.0011153643959424771,0,0.005297173814265251,0.011427348921671208,0.003750898444350058,0,0.004158664901699678,5.804322680607292e-4,0.009570453448963626,0.013772505456307003,0.026777803346013207,0.001318544509971192
0.037171903682865236,0.07133349864606961,0.05175426058640151,0.014637910776717377,0.06456427868344945,0.015296245376301457,0.04337768080809115,0.001719285933542455,0.004310809854765989,5.667485338052966e-4,0.0039015540378837623,0.0035053786025472126,0.0025793975341188873,0.04554353955253581,0.0027985913474954296,0.12955025432915118,0.0010122476630122302,0.004306911599078273,8.98447518525223e-4,0.0015478886996082432,0.0020593043126234103,9.222388921533645e-4,8.884104594900114e-4,0.0032037438919957062,0.01060734676294183,0.010364109712815261,0.27177930883781654,4.408856884910411e-4,0.014974902164551548,0.01247370211150966,0.0035096925425796874,0.007891281981118735,0.004453753280565125,0.002689108364085983,0.0016309986700080497,0.006051568857118243,0.02138784967647298,4.4179309079745273e-4,0.014749488682642987,0.0030817467528609314,0.012502389982254307,0,0.005574154369990678,0.005051927799476261,0.0023689518531571645,3.49957281005394e-4,0.007251657471775581,0.010091567255440578,0.003592119199344798,2.022284276356519e-4,0.008527436803299275,3.869135744853241e-4,0.009224081269923643,0.015204833699033811,0.025015745532171983,6.779669824012422e-4
0.030315128594886356,0.059185695153837495,0.05504530029125241,0.015058972199609692,0.0598707238816693,0.01717234838053226,0.04748757307526662,0.0021213860125932835,0.005143522246723961,0.0012446778651755042,0.001713936369425973,0.0025765300783190705,0.002573322519241425,0.0392469095696489,0.004271699892639792,0.12190636338066735,0.0012726003106340695,0.004953186071829459,6.894132267342457e-4,0.0016573345788805356,0.0028621778104810703,0.0010427650583555578,9.398848447808689e-4,5.425577567115138e-4,0.011835580218704723,0.014056485783324942,0.2969230004037255,0.0014825534336284038,0.00903372115503632,0.010309967933605713,0.004168782848345056,0.00957063553883416,0.004207520606414354,0.004699244036689341,0.0020712821809919218,0.0063729883445679415,0.01875254900570566,3.8253065793467935e-4,0.016068113983669738,0.0023493124136456838,0.01070283408486287,5.898829088045258e-4,0.004619296215970548,0.005065294250643464,0.002516542694661541,2.280494014916985e-4,0.009430327947546831,0.010997746386333648,0.004360209212552974,1.707595989301056e-4,0.006930005728644955,8.046233454533278e-4,0.008538976472464483,0.016070686921109634,0.026546821464536224,0.0012496656512723248
0.029518354363455918,0.06436670586192779,0.05384475299279592,0.014015767909859846,0.060244080255211885,0.018990864444294615,0.053767263754572255,0.0010172188816956773,0.0027733529006641624,3.6039935552004967e-4,0.003440871718375139,0.0013745920043676553,0.002359750040594443,0.043756211011435085,0.0031184255596857892,0.1332227421410674,0.0022014172479649153,0.004198850272572524,5.118897562990546e-4,0.0018454168791329577,0.003103973435590013,0.0011854552278291696,8.756378750693103e-4,0.006433220287724988,0.013415483187081408,0.018100351386518203,0.2771972680000773,0.0011735104970862211,0.009232337641957676,0.013839891534914335,0.0013568398849995163,0.008560209372804673,0.0037603744203062433,0.003049070417362942,0.003075973998824538,0.0090988324973754,0.018961221800006686,7.56166917328448e-4,0.014203476115521724,0.001796383971768067,0.007821955983903773,2.900650270084575e-4,0.00476130968858605,0.005034510720084806,0.003400138171374035,0,0.006817778724034984,0.01081661250140149,0.004804230572901326,4.361448867837381e-4,0.006735432367848187,4.0115266865730666e-4,0.008744197977183062,0.01178413511614694,0.02355769883082432,4.900309416215283e-4
0.03563055542275948,0.06797611997097626,0.061895543146625744,0.016504865557386977,0.0608153227237472,0.014704152520112812,0.046094711146782985,0.0026281843226552836,0.004485875034531182,7.070939204907711e-4,0.002941980694197039,0.003158934886412379,0.0028161893799965925,0.04738420795767219,0.003280930130030304,0.13929470235321204,8.50882722886463e-4,0.004054342160777627,9.298175975343004e-4,0.0018792216309384592,0.002422771134310985,7.750748317153471e-4,6.916929377932549e-4,6.176356013504289e-4,0.011915971111673453,0.018439582711522295,0.25945275720474076,6.355918966987755e-4,0.008755411791841807,0.013978885377882413,7.615405234997243e-4,0.009285995549996645,0.002875207371903976,0.002451128538742322,0.0033627548326288902,0.004730159352773718,0.015462557471229465,9.59753891578868e-4,0.012452209082492319,0.002773902803681418,0.012204701212082596,0.0012748189349979496,0.009120691650207985,0.004536877316576194,2.1898671169812183e-4,8.824259335018216e-4,0.00709770856575984,0.01030665687986781,0.00572173909779399,0,0.004499628585882562,7.1073307401453e-4,0.00784980112275749,0.014620102386674362,0.027785066835084724,0.002335844395317087
0.028513486666015782,0.07144127911918016,0.06072088657108843,0.013856198165675265,0.0666311650551626,0.018452580005553935,0.04711080522830706,0.002170803733483503,0.0034226910980786622,4.401200607510862e-4,0.0027932554471615033,0.002549580895923676,0.0028670780134605594,0.04536459608804863,0.004651198572005227,0.13055285893136845,4.7468312707495147e-4,0.004218351258774922,0.0011238608305736129,0.002445384589351508,0.0017988382809343594,0.0013751780407849714,4.436660123376965e-4,0.0018586719089787088,0.011637927944260617,0.013386199757638032,0.2698589059859948,0,0.009586189065389166,0.009825287933608236,0.003082759143797841,0.008291779230367155,0.003721248388785104,0.0028664753867028822,0.002059025593816148,0.006560493606720155,0.017404889845464525,8.368636106871502e-4,0.015378268900415118,0.0010261994761460046,0.012617867087114955,6.440305388247482e-4,0.007673664852377214,0.004868140149710435,0.0017768018536935813,4.122118524004813e-4,0.0060997677659150665,0.010311282195964014,0.007328094564454844,0,0.006073131437944707,0,0.00958335953564097,0.011982867445296447,0.02903844733772554,7.906018130687824e-4
0.035051232056588034,0.07349699271375457,0.051123209864092585,0.017025990501925863,0.05828214087082962,0.01992877665267986,0.04948632292943064,0.002958531479672639,0.003181019647288684,9.942171368219075e-4,0.003493407976734319,0.001188490239351121,0.002355372663261809,0.0429643860740588,0.004350771855626816,0.12200975204384854,8.443811409562247e-4,0.003210261914258045,0.001199671414451599,0.0022735527004669105,0.0021052005218483924,8.824507923562505e-4,2.6818304111044693e-4,0.0030933432094679076,0.010705235265704386,0.013350073989181395,0.2836286310960409,2.586235118438204e-4,0.012128374876989072,0.010773278759191554,0.0023161186247327805,0.0074433949413124055,0.003908700627349468,0.0034064060852412826,0.002098799168353046,0.005122717659572829,0.01942221423772508,8.115834906989443e-4,0.01095168076654431,0.002480283146824759,0.012177541100339518,5.10383229943792e-4,0.008450836718410753,0.005200058042244622,0.002251102157891348,0,0.008083698471654438,0.011436791696727856,0.005935891461605603,1.998558422114924e-4,0.0069211233450885545,2.561766292230333e-4,0.008727977723359228,0.012740699775289892,0.0253694996072004,0.0011645885106218252
0.031541732904589725,0.07042293918070196,0.0576928254668321,0.014437584851017897,0.0582423392778582,0.013619852287459185,0.052230266350407735,0.002051183747616346,0.00388267873978097,3.445682724975302e-4,0.0029959866092586327,0.002632142939436292,0.0023965279430292583,0.04782719516006824,0.004766698360516584,0.12353231858380946,5.589973701194592e-4,0.004317299619443812,8.733780838702089e-4,0.003589493693424712,0.0025616842316972,9.538070205505497e-4,0.001015625734052249,3.4055067631302735e-4,0.013273185694947622,0.014941487888931099,0.2779684680660329,9.150543791697573e-4,0.012091693744219652,0.010810615591507027,7.887362072147447e-4,0.011133890226544992,0.0042532170875109075,0.006074887811932683,0.0026138188456419054,0.008556669362383149,0.016306033583785844,5.48954842109898e-4,0.011786674141179477,0.0023037799947924916,0.01152180034224256,9.850171595997352e-5,0.006620775424283532,0.005177462932994501,0.0017478463899834038,2.0820733115743385e-4,0.007766149872807103,0.010742570638994383,0.005003952893061903,8.937225475833735e-5,0.006469674119930878,7.690493924108662e-4,0.007994341861964798,0.01276013923864815,0.024502258525236378,0.0013330524933102958
0.031049449474116676,0.06672371487262495,0.058696607817966893,0.018417572411274542,0.06280472008994346,0.01342099883134422,0.04415239466936681,0.002642429933002754,0.003443485297349693,2.7516515451489747e-4,0.004172560818953523,0.0025604970639947814,0.0024870168654354883,0.04881783281830213,0.0026344869930031256,0.13287709109702342,6.807636329250164e-4,0.004558710810218081,6.589887201163846e-4,0.0014243643153382744,0.0026937201687485747,0.0012493703328818355,3.2608535320087815e-4,6.51878377692111e-4,0.01486743992436062,0.014357849338986981,0.275944918585971,5.033209008503059e-4,0.0060508945915140775,0.015249927122037607,0.001819981102241128,0.009058871415377012,0.0035355008389861852,0.0019469291867631024,0.0014612137398790424,0.005063520600787609,0.01722808632409925,6.441252526837553e-4,0.01297217992217161,0.0015097489336343111,0.013136730447285257,1.0923114121071249e-4,0.006819064054520188,0.004807959690695801,6.911054847551359e-4,1.0915524927191719e-4,0.00667025591290522,0.011102026358349774,0.0063158254598114335,1.5389287313282552e-4,0.005056330790364597,0.0010147352767949935,0.010779827671441485,0.011919891020841311,0.027863349445058406,0.0038162054238788643
0.03299548575415415,0.06946165705962516,0.05362573063233042,0.013734026923543002,0.0525027275051813,0.015831362971734732,0.058457699845362886,0.003247026871075082,0.0038112719621354162,7.070843152304443e-4,0.002453338545723032,0.0019187786789897749,0.002688544021633801,0.04004298289166017,0.00502484192235713,0.13234290856506092,8.622731881695313e-4,0.004310729642155945,0.0018744164953950796,0.0021949567647153757,0.004356059035822536,0.002157249207285854,5.66615505118628e-4,5.041288663074023e-4,0.012836049394749619,0.01035428233292761,0.2992230296536699,7.280771573944342e-4,0.005115085563249107,0.009688533486236396,0.0025842406193728163,0.008583242372399673,0.003235561436896473,0.00490434668199869,0.001542576219414006,0.005078677986640906,0.017346230081912047,0,0.011839889056476907,0.0013117942392695439,0.01146037669427598,0,0.005376389371189568,0.004584787596191851,0.002497115760485942,4.692711303052016e-5,0.008468945931020011,0.009166637163606528,0.003597997126619829,6.454197993458781e-4,0.0057207499634980355,0.00124384488632046,0.006641266653528759,0.012836078243145099,0.02735331836918763,3.166318751779715e-4
0.034772261656636494,0.07310820873035015,0.054150657573782165,0.01732189483543065,0.058445358264179195,0.013046835245997906,0.050606371401193825,0.0011749724999483347,0.005725797159744396,4.0629102452095555e-4,0.004702759667637035,0.0024207369337624083,0.002236882985509408,0.043304095761293376,0.0029449205349160396,0.14110788694113047,0.001093650751104991,0.00421363800878958,0.0011455273798902017,0.0023571719340740598,0.0033576338905644603,0.0011085353413851752,7.892639596955094e-4,0.005139015305432146,0.010387695764641118,0.014959583904167748,0.2669184731903741,6.624051430242124e-4,0.007131934856070515,0.016678250440329192,0.002034032433978603,0.008211190391280598,0.0041719739282009595,0.0026204014564979975,0.0029844769767245717,0.00601231918183147,0.0158190494233549,8.993713564166415e-5,0.015716183425775927,0.0015566316426674587,0.011327139687528876,2.361523397437544e-4,0.00505591224288469,0.003997639342122646,0.002632000829653142,0.0011348134550675112,0.008182529040193981,0.009687009474510217,0.007794928222123769,0,0.005032633330663995,1.0754675119467695e-4,0.0065158530408768855,0.013216764330321857,0.023481500987501146,9.626698440829294e-4
0.03419322420879521,0.0651616211557282,0.0555423489227935,0.01640147926866613,0.05611521488332244,0.015975552577495198,0.04805383434681853,0.0028878154642825084,0.0050194392381534845,7.176325475327926e-4,0.001884194477982093,0.0027457784302853875,0.0027798603240219637,0.04613162872851903,0.0057425565864256435,0.12295500270095895,0.0019767346017954286,0.004789354564411171,0.0010631103025242111,0.0015192055579377297,0.002596632825303893,9.030065791052065e-4,9.844383953973145e-4,6.82033300646107e-4,0.01333904631271319,0.008564898933072442,0.292569022699984,2.4007298681713604e-4,0.009232895409605044,0.014554174913313742,0.002587505058159925,0.008711831835595714,0.004298328807145355,0.0023487483007312814,0.002635599672992785,0.0061781203915195395,0.019502722630082982,7.233755461594586e-4,0.00888730271050792,0.002406026165125107,0.011862060713934763,0,0.007450141663012301,0.00480539489498438,0.0025832483743640235,4.5761820796739273e-4,0.007147809786860574,0.008991039367980987,0.004744449733781778,0,0.009064486263964501,2.587129755990847e-4,0.00714012456255855,0.014161417612029336,0.02595891498353498,0.0017732084969995625
0.03312957913368538,0.06224813196394186,0.058879640345513726,0.015472907002810544,0.05749814607820739,0.014483867870618002,0.05184334416393979,0.0023022883738596485,0.004122002161799016,0.0010833499365118582,0.0019968664224202667,0.0022111977626439383,0.0029588797666346635,0.046574418454470294,0.0037771368153118453,0.13912248485623122,9.244781408266243e-4,0.004585748716013865,7.630355634666139e-4,0.00257263185813088,0.0027435245516580524,0.0015482272584544034,7.90592718787661e-4,0.003435108356561477,0.009788820243134115,0.016893959555400972,0.26520185874578583,0.0020481518469813186,0.008074137982848503,0.015161459846939451,0.0011163663492133346,0.011081886874682275,0.005380778788585031,0.0028144697231253842,0.002200438404651606,0.007226223709231883,0.021599782535400285,6.036432136371874e-4,0.012254632340874422,0.0013922874165446391,0.013130545590353168,8.154458422873171e-4,0.008265216215069274,0.005870629305587917,0.0018439126002795267,5.849537260402387e-4,0.004852940603410811,0.009598553000816662,0.0037295627959333414,3.2919448721160905e-4,0.006326990445083212,3.405349983159096e-4,0.007784920961327265,0.010909602882920965,0.027028700332996463,6.818103628310571e-4
0.032016480179128545,0.07069415587125698,0.06286219396279469,0.01086390182033031,0.05867556682278744,0.016126101789865645,0.05125208487559686,0.001526652392994536,0.003807235551476634,3.395757844170377e-4,0.0017253858572465535,0.0026614355998363795,0.0035755987592579444,0.053424892596204594,0.006921067810776407,0.12635713033632057,0.0012473128562040176,0.005629841293496762,0.0016961599143966342,0.0012599878663698322,0.0024458642516757122,7.270181489443404e-4,6.7569758047622e-4,0.0037113216266077913,0.010900430902440757,0.011535975558921012,0.2573879098448831,9.874181737572975e-4,0.00755077175562072,0.014186900937425908,0.0017006671071117683,0.010210057977174617,0.005276243594185291,0.0047597826835193285,0.0018254750292940214,0.005549597987598464,0.020226917577869152,0,0.012872659379633963,0.0016174678998890479,0.015051264167395039,3.613650392642336e-4,0.00985742315613916,0.005312236344097136,0.0018823065573342849,0.0012556823606580732,0.007865978508192706,0.010205294879310193,0.0033070792296367776,1.5940011164846388e-4,0.006382686121265091,8.756952161657335e-4,0.008431134063037728,0.014156490181856217,0.026254244022566292,0.001830780083646043
0.035597434660376404,0.06275997354681277,0.05273997634179986,0.016178559882943647,0.05511914065917935,0.015084008093309785,0.047854329424392605,0.002890276684318084,0.003450416180992315,1.4375931930949278e-4,0.0036268019690575987,0.0024838600380912854,0.0016534383995922743,0.04267064772328507,0.0037159038798270753,0.12044637957478124,0.0010730865887089596,0.004573202301147206,0.0012006850199396664,0.002059097494277967,0.003374903055407414,6.088747485792277e-4,7.193542856462917e-4,7.088239583249714e-4,0.014764285929655879,0.016163476069736307,0.3050632379519858,3.963819078379639e-4,0.008148337608495367,0.011975327844812898,0.0014489817010123716,0.00948411131246476,0.004144376023951553,0.003219863145722668,0.0013914268439166584,0.008496898384515955,0.01727948877460822,1.5877296849234047e-4,0.013118188798854019,0.0039006729224931487,0.011481620328853854,1.069873225822374e-4,0.007401482690638402,0.00404394298271685,8.181047436679894e-4,2.4870359576085625e-4,0.007024763598647731,0.010112736761666985,0.006188208803924677,0,0.0061350216256338495,3.286518997185078e-4,0.0087303456117832,0.013594906949895357,0.021331835763672705,0.0025659253021802953
