i2_health,age,household_size,cantril_ladder,r1_1,r1_2,week_number,hl_covid_num,vl_num,region_Islands,region_North east,region_North west,region_South,gender_Male,i9_health_Not sure,i9_health_Yes,employment_status_Full time student,employment_status_Not working,employment_status_Other,employment_status_Part time employment,employment_status_Retired,employment_status_Unemployed,i11_health_Not sure,i11_health_Somewhat unwilling,i11_health_Somewhat willing,i11_health_Very unwilling,i11_health_Very willing,WCRex1_Somewhat badly,WCRex1_Somewhat well,WCRex1_Very badly,WCRex1_Very well,WCRex2_A lot of confidence,WCRex2_Don't know,WCRex2_No confidence at all,WCRex2_Not very much confidence,PHQ4_1_Nearly every day,PHQ4_1_Not at all,PHQ4_1_Prefer not to say,PHQ4_1_Several days,PHQ4_2_Nearly every day,PHQ4_2_Not at all,PHQ4_2_Prefer not to say,PHQ4_2_Several days,PHQ4_3_Nearly every day,PHQ4_3_Not at all,PHQ4_3_Prefer not to say,PHQ4_3_Several days,PHQ4_4_Nearly every day,PHQ4_4_Not at all,PHQ4_4_Prefer not to say,PHQ4_4_Several days,d1_comorbidities_Prefer_not_to_say,d1_comorbidities_Yes,vaccination_status_1,vaccination_status_2,vaccination_status_3
0.10274863699626999,0.03499345071119044,0.018017877392141207,0.008591552889243294,0.1552358282520025,0.009690039336233521,0.09558592793518164,0.0029324073925414036,0.0032144660663498887,0.004444893823998416,0.0038036006563606623,0.0018758926335531198,0.005848602011105518,0.025557761452512685,0.024959927776495413,0.16410248576065883,0.0015788116564502011,0.0029701499750195916,9.149128716834966e-4,0.0016665307491578966,0.003663345005435495,0.0015647459867200839,0.0013265320708220323,0.009197205069030488,0.008597424163487468,0.022530698958429664,0.16220163846846047,0.0019171010896648058,0.01021928743988099,0.021813319207709167,0.0024636699031936452,0.0024802292830838793,0.001264404878113536,0.015304336685124714,0.0020925354683302695,0.0016477682894671737,0.0024137247706575715,0.0016406415291776357,0.0028390915165551526,0.0014488625438024792,0.0030467765024173193,8.293326214776081e-4,0.002540504756040425,0.0018833688594118347,0.0024419424028814373,0.0014982048773616314,0.0019776133933605564,0.002584610409486572,0.0025268440649048327,0.001087018546624682,0.0020412384346661858,0.0011089915381732804,0.0030103301050900914,0.004454365549474786,0.014743272702274289,0.00886526657105799
0.1009761524671516,0.03575762483995683,0.020502784268647607,0.010071317510794897,0.15755753490869515,0.009764608493068266,0.09359946908263826,0.0034015980052874116,0.0037098860947048463,0.003930417123396107,0.004191677105049055,0.002023662679271207,0.0055111815785340214,0.02682587117673558,0.0246360747209599,0.1556487994133606,0.0013976625866892565,0.0038698161452046832,0.001109538708589321,0.0016841040894958967,0.0043791791820021065,0.0016240197583432332,0.0013083894117944719,0.00856166855133208,0.007259001531264624,0.02202202160399645,0.16099155277521293,0.002232463159446415,0.01052213983493157,0.020294924481752803,0.0021597050709809265,0.0024377151533334198,0.0013335748569887102,0.020429327336712128,0.002071324952440886,0.0015720919158386884,0.0024260935796081022,9.26028424800311e-4,0.002796141808360378,0.0015547606688937033,0.0035031093468855523,6.719579638501122e-4,0.0025633273193493597,0.002110951934170246,0.0026911155404029507,9.068367605143353e-4,0.002323707911161863,0.0029003249418319953,0.002589453463063607,7.662737780594394e-4,0.0020754503348102103,9.96820488441462e-4,0.0031283346425724167,0.004933080860202079,0.01443191947719172,0.010335430181228272
0.10106984863969415,0.03573029559056415,0.018910291568443077,0.009071485834154751,0.16391320026406572,0.008886071731023036,0.09511616728219963,0.0032488588518909283,0.0034381876699821367,0.003872166699802924,0.0035245956298153376,0.0023013131748522053,0.005356209685353221,0.023040215468371154,0.02863193200020844,0.15240378393839982,0.0015373604106127486,0.004395800479944671,9.627338440837914e-4,0.001672424166461856,0.004586870634055964,0.0015511452517085818,0.0016334772460383517,0.009386759408717771,0.008644274960251486,0.02516467161669927,0.16059063232279064,0.0019251568098855067,0.009628020197094609,0.02088220113804863,0.0021754912728894895,0.00218980870599916,0.0013157142714613028,0.018446630170456196,0.0022202626579655186,0.001602745510205314,0.002365607708673248,9.588042152350601e-4,0.0026457494123369933,0.0015469189548323716,0.003486924297498478,8.079626035424417e-4,0.0022354940218753355,0.0018866134639006662,0.0025218615310999668,0.0010497930389128083,0.001977230175756645,0.0031094681662068207,0.002742420310486648,7.18794521333905e-4,0.0021228553667398437,0.0010287356331375253,0.003173042097302557,0.004236128799445174,0.012986854470275016,0.00937193610721689
0.09450187592161388,0.03654035217009243,0.01759162166339916,0.00944928832200827,0.1604174850977575,0.010078365350173556,0.08747925791503884,0.003247478712239727,0.0035989207996879563,0.00396206954031964,0.0037824987928967027,0.002096057419333761,0.005189072067487665,0.026435150081938884,0.030622419841020373,0.17581003270178805,0.001806251955266914,0.0038173572836319347,0.001017266265489225,0.0015726926299342691,0.004314468052271407,0.0017563252689202578,0.0012951957029150268,0.008131302868313447,0.00792404600313196,0.022790724478742783,0.14923139401461935,0.0022669044264333246,0.009134942017077163,0.023566859419289606,0.002176628479575071,0.002007243694186208,0.001179006141979794,0.01877857088746041,0.0022860061004299137,0.0015603599809484252,0.0024379180844524683,0.0010865806397836175,0.002724074930457434,0.0016096508799428384,0.003060650725385332,8.887483594851916e-4,0.002338637410343613,0.001844885568750375,0.002573261170823032,9.344055202151822e-4,0.0021000414032817907,0.00286924655424053,0.002307715446992572,9.389110101116442e-4,0.0019987883354094177,0.0010902781876862742,0.0036899278423816813,0.0040584896973288,0.015057508672966548,0.008974787492548817
0.09999489902454331,0.03683634247970591,0.01799123681618067,0.009485931318465543,0.15418508337667775,0.009113200779126704,0.100488955556944,0.0032958933018932828,0.003690309690066352,0.003478972379084925,0.0032193416626050356,0.0020787946177338854,0.004527200751435751,0.022110974784839043,0.03073819362347089,0.15024823755932726,0.0015477663069010507,0.0033773291672150735,9.87116308099011e-4,0.0015442333873359256,0.004150246391637514,0.001646809855260676,0.0014857632256248276,0.007837692490448444,0.008580457844838327,0.024957558621450115,0.17082963037403695,0.002214043549274109,0.012205133314967826,0.020081659200585023,0.0022334400501082927,0.0022226221228968212,8.611048032681965e-4,0.017171351106264405,0.002166437547060775,0.0015270801517938935,0.00238705197416121,0.00109105446575582,0.002374151259756917,0.0014649748030640664,0.0034328675135346857,5.910740761185964e-4,0.0026546313234121236,0.0021104648999707874,0.0025555635362052467,0.0011382797341593174,0.001963058129729736,0.002721599542802215,0.0024492138190971165,8.86309301066028e-4,0.001992009784847314,8.92232054738966e-4,0.00298137708047317,0.005178313398851687,0.013911310522617055,0.008113419238470452
0.09977699275592997,0.035988991437183586,0.01914327280629261,0.009398066377012832,0.15738805717912532,0.010455789056789653,0.09996792554457824,0.0032672866370912386,0.0035109865761245177,0.003911981203453668,0.00416683674174173,0.002192838840350516,0.005243563946719791,0.025979205433028688,0.026140218072074332,0.15352564566043814,0.0014624718273887564,0.0035117747406732337,9.78864379574234e-4,0.001613258022215153,0.004042926054674295,0.0016073513559895555,9.991412483388896e-4,0.008169155117240205,0.007491310738901529,0.024693606234919604,0.16557692232777158,0.0021061174930086125,0.010259169530850808,0.018864181960575172,0.001996974052257658,0.0021096119864472407,0.001398589605402931,0.01850302745288611,0.002383983177827167,0.0014959537051504642,0.002285915630639698,0.001051057754248298,0.0026849796716243,0.0016195741644657825,0.0032296875618065923,7.183105840385547e-4,0.0024857473044985414,0.002150415096230281,0.002525393404473526,9.885750796567892e-4,0.002067151821043681,0.002741799207497247,0.0022888021322874557,7.633688924024825e-4,0.002012570786452779,9.947715082371843e-4,0.003440834362680645,0.0039898673058407315,0.01257172104293849,0.010067407408908897
0.09887450685172092,0.035899994685818615,0.019520414388442528,0.009530189952125536,0.15739559286621574,0.009490222928930245,0.09918095184801,0.0036798406129530383,0.003978328391559968,0.0033361086091981103,0.003977354537589618,0.0021976305855425666,0.00596916373939958,0.025838799150056508,0.027070126276619616,0.1593931272328256,0.0016363856019916477,0.004739468686929488,0.0010070963323052268,0.001667215623618848,0.004206670465169475,0.0015816437363795992,0.0011923963523498,0.007115852235149052,0.00848826526300099,0.02073529257993164,0.1611078123337239,0.002025536446650817,0.01100213457959634,0.019374961640116806,0.002187701221985805,0.0021758873551036527,0.0010322425768784262,0.018143840943076125,0.002192505965649088,0.0016686572202172856,0.0024407598400422695,8.64927541786692e-4,0.002908467620905514,0.0016978115631209043,0.003339884049971269,8.764268570505721e-4,0.0025172643306452004,0.0019460716198784098,0.0025966236641548793,8.6209994117438e-4,0.0019476194824437428,0.0027158684864807907,0.002346383316926194,7.757748277156129e-4,0.0020317632782419948,0.0010142834476531105,0.003242625843629786,0.004001086066488571,0.01456156307814317,0.008698775326714776
0.09234990690545108,0.03595768839038468,0.01766498315895547,0.009907145447678118,0.15634869491708697,0.010067213273013966,0.09725719135380148,0.0032459702212700343,0.0038055878004398906,0.003301524339005862,0.0039530859943404505,0.0020623861522095603,0.005419555573021801,0.022744527683748093,0.027801496895716062,0.15629875634674253,0.0016101838784985912,0.00402363055055395,8.20152866355552e-4,0.0015633845710030113,0.004354052224083644,0.0014558540834207613,0.0010579656211931528,0.01001814438514833,0.008764072416149833,0.0219199515529168,0.16381041511316463,0.002416358512872009,0.012130327118521848,0.025460346613664753,0.0019312635340166583,0.0021440246154300203,0.0010856384296080096,0.018437599844243233,0.0023587821089155795,0.0014438420538097324,0.0023171835861446554,0.0011234227683029527,0.002733685546709863,0.0017016254602956278,0.0035427998851355904,9.648666519057392e-4,0.0027629359829283986,0.0021161488695953467,0.0026367293726005203,0.0013876705100659165,0.001917413755167578,0.003122386840833143,0.0028614269923595147,9.578326541324815e-4,0.002066634534319905,9.82844251829565e-4,0.0038846795032548495,0.004085654004041262,0.0136959936810545,0.010146360602886402
0.1020846439925635,0.03858544017382342,0.018559332033688758,0.01003807437044086,0.15290170476400072,0.0095260876656377,0.09456864330603716,0.003575169085885579,0.0035254341602706245,0.004016071456574768,0.0037451163520407687,0.002073328715813269,0.005202522018094328,0.028129433416030237,0.026718872945363997,0.14790219171297186,0.00152270212387215,0.004395479954389704,0.0010680260517968519,0.0016783970581774668,0.004081514414362649,0.0016520520940165166,0.001022762414892422,0.007489254091002871,0.0086666685839684,0.023853006824341168,0.16944058660424974,0.0023863712488822932,0.012269456000730178,0.019916071377432686,0.0022536378150303945,0.002381886526555469,0.0012810616748751744,0.01630248405040047,0.0023463815638140122,0.0013313353450734948,0.002405215786883007,0.0010384983473400076,0.0032783409444342906,0.0016227203122977992,0.0030435877710961352,7.812855102476403e-4,0.002628050928168503,0.002055670561464354,0.0027226241506569126,0.0011656573459368506,0.001905026905774731,0.0028017500845328807,0.0024350394525246627,9.696600474348309e-4,0.0020781669764615303,8.585272104492325e-4,0.0033641697879625383,0.004353763250106721,0.014605839709617688,0.009395202929508023
0.09982188501868998,0.03605476484092023,0.017512224201595202,0.009963449183622347,0.16222410188556569,0.009566411479162748,0.09314483030814186,0.0032686922109297785,0.0040639853526730375,0.003978547465082046,0.0033424832125525474,0.0022763335226454787,0.005558914653846293,0.025650500702083513,0.02414755368418268,0.16293806552339304,0.0015867771639532999,0.003333294142372797,9.897000109027143e-4,0.0016022468199328474,0.004309954839621244,0.0015807401155668176,0.0012278863295372752,0.007558534372922875,0.007357867177849135,0.021163763180398452,0.16502737107642595,0.0023308091158815644,0.010575906430399875,0.019133066403373422,0.0019980787180926447,0.0024872267487179634,0.0014232324175976775,0.017153723289803167,0.002135672751926588,0.0015938425409344286,0.002458381777179924,0.0012006484762201635,0.0026668832167781546,0.0015251916415785257,0.003501516036291908,7.14973091996376e-4,0.00228236719721406,0.0019656858865070123,0.002694041312860685,0.0010653438204544145,0.0018373254457359472,0.002505853632666595,0.002485375266030811,8.970956446707084e-4,0.002154996715533651,9.041550755181013e-4,0.0033799137486139317,0.004194445666120339,0.014017152084517424,0.009466217372214113
0.10385858318856572,0.03800413534554606,0.01950703987929365,0.009961478861216396,0.1536876215834639,0.010185584614333425,0.09447801987784024,0.003350777453986932,0.003660810918332107,0.004671024812320035,0.004225069788903099,0.0021040270481612953,0.004515623475403053,0.02337206392574736,0.03154933659836132,0.15631601981461832,0.0017556032650734505,0.002789095713502493,0.0011299360426010702,0.0015595072046805957,0.0042086872519918805,0.0017610400061564978,9.639588820198219e-4,0.00752526791683464,0.00834736435109335,0.02338213830194096,0.1616361069535402,0.002117424988703714,0.010604741384731154,0.020989617163200733,0.002095106184797309,0.002834702670000098,0.0010492796706159475,0.01432600363677822,0.0021156852921165956,0.0016149471116536846,0.002254394680648585,9.507094059328599e-4,0.002809780654414569,0.0016949667895351586,0.0031689665815626874,7.1726407576917e-4,0.0024891185870571956,0.0019430025599327218,0.0029971467881403004,0.0012843448193004233,0.0019505232722453478,0.0028368386587955003,0.0023209993386729922,8.717116790951312e-4,0.0020524352028598244,9.261937357978588e-4,0.003599642130410511,0.0048546718070706955,0.01504716443586598,0.008976693618767264
0.10099503528636226,0.037091646272421105,0.017467607921406367,0.0091729804195139035,0.15378193738850765,0.009685896225193518,0.10209633195576882,0.0034168428758505703,0.003698210584206741,0.0037876511153638243,0.003567222327840733,0.002086162895930836,0.005971310534633525,0.02521973588450498,0.022604633191324865,0.1622400356376558,0.0015901508432145794,0.0031499714982030197,8.571713169640522e-4,0.0017193764723491308,0.00487323933397771,0.0014586830163225298,0.0010143354664920016,0.007323295612693799,0.008425418839702794,0.02192273557869462,0.16162287089082608,0.0022168450110171926,0.011099454638375155,0.018588635791551164,0.0023229194840631686,0.002402734261456227,9.343703808682457e-4,0.018079587114743653,0.0023427619971141222,0.0015272003582563552,0.00232885569720742,0.0011338690814718603,0.002684360524085384,0.0016182257620584073,0.003543953125996767,6.997284860805922e-4,0.002557438422428203,0.0021857717603841215,0.0028304706518349873,0.0011343012604158346,0.002124601726434867,0.003551083409089309,0.0026050239156538957,8.067478833244037e-4,0.0022112142346069714,0.001169178854237133,0.003198213708688116,0.004474316799258991,0.012434334524870775,0.010353311748500902
0.0995622887394712,0.0374006961032491,0.01752752174554216,0.009312405458296211,0.14878386618311348,0.009040755370212239,0.09483460440575729,0.003179672162056525,0.0035996705707421815,0.0036031551204728832,0.00391374786648275,0.0022600274853388897,0.0054474046557511585,0.02990842273911117,0.03111153249416424,0.17199858412569774,0.0015416615709214758,0.0037476351188350933,9.874877052497176e-4,0.0015459029764537731,0.004245867231131752,0.0016519596448462497,0.0014072322858945413,0.009314804705214497,0.007477558507436606,0.02172376611906354,0.14911551488330987,0.002165295520966579,0.010167464497784105,0.020940124012248616,0.002023583958114568,0.0021061153917400436,0.0015399378258479132,0.017240022381571917,0.0023991282742767276,0.0014735590552214643,0.0026213052501664184,0.0012326076978550417,0.003035811209916893,0.0016837973899622013,0.00366773280152103,9.078833044380071e-4,0.002375697620880055,0.001959532799991261,0.002469048564291516,0.00122100674772706,0.0019496850082481169,0.0031063851485205966,0.0024715906484561304,0.00105858171545437,0.0022833531251509795,0.0010603508515333942,0.0031237268333529377,0.0043269456904764915,0.01508006977153485,0.01006591092893427
0.096988060335474,0.03814259933325781,0.01829154405326167,0.00986570933452605,0.14802962881391946,0.009238507162971985,0.09740520984897298,0.0032377653261842537,0.0035224831869882602,0.0037385507958855673,0.0038228277240050183,0.0022353816871826418,0.005620908950984352,0.02634915904669356,0.025296247471392933,0.14392853980757095,0.0016779165344372542,0.004057377416414103,0.0010496092731545243,0.0017621323271017314,0.0041516614165909484,0.0015963492376085617,0.0011085478301719992,0.007658010842215232,0.008487550276635123,0.026754114712615937,0.18728716271541357,0.0023615254776431487,0.008856853015873174,0.020492300509747423,0.002302230341931527,0.0023612708490086095,0.0011947935458446384,0.014237632342044204,0.0022152169805848307,0.0014111624826825934,0.0023533968612959337,9.383247988780001e-4,0.002804303873497271,0.0013988040978515277,0.003745888427804495,6.035505914770981e-4,0.0023595368192937108,0.002132011462841053,0.002597849035234079,8.799323974963442e-4,0.002068268204510123,0.002714808065549924,0.0022605389001000777,5.998730764856826e-4,0.002109703064635305,9.444109084633217e-4,0.003287272117839146,0.003975200201281875,0.0163184131580149,0.009171372930459602
0.10114950636674949,0.036547214609472065,0.018359602103194927,0.009348274894585661,0.14710833505716767,0.009478395791985877,0.09845263669515218,0.003160771639149786,0.0038494047473969545,0.003895341731044609,0.0034263939049981687,0.0021935724431014583,0.005369140398806404,0.026663594051356824,0.025207596122415327,0.15791013621814606,0.0015937520680919285,0.0042493615614315194,0.0011111946731275184,0.0015922644385437217,0.0041245406254584805,0.00137736063208107,0.0013830829806297893,0.0085173359324704,0.007468489894768429,0.029041221766685735,0.16456706960489884,0.0021371766314606635,0.011503320087009588,0.019390305397717456,0.002255319995582199,0.00235974779233117,0.0010416381881635274,0.020031358972065882,0.0023745779861840265,0.0015778121746010529,0.002537630837638382,8.915722783259975e-4,0.002516034453637305,0.0015591342746256213,0.003049230511909207,8.186195443699854e-4,0.0020059786435191384,0.0017933153738218211,0.0026636799895834646,7.906484123789574e-4,0.001996581568343044,0.003041228354795339,0.0027171179383500194,7.237629595521012e-4,0.0017724815429373574,0.0010811873780940877,0.0035469266441769385,0.00402910952475364,0.014149231261038706,0.008499680330122515
0.09934985561346905,0.03733771394367352,0.01956471959418848,0.010251402765621765,0.15628250666917592,0.009154175296128131,0.09745240848462552,0.003186699911024509,0.003645881170427908,0.003770392531663585,0.004434871348448899,0.002321465666777012,0.005182349651260336,0.02539313619514135,0.026953294660180777,0.1447801122171737,0.0021451771483249485,0.004178959174476506,0.0010753587548976756,0.001718642314247664,0.004016978649354571,0.00155531172430974,0.0010573164483291425,0.010529960141735559,0.008440859069468514,0.021593046455478465,0.17499040648720154,0.0019782371302709436,0.010514294119768395,0.01839595205954062,0.0018107670882612865,0.0025067308650148974,0.001142153062773584,0.01716752778727351,0.002037781773253854,0.0015960254320578136,0.0023108715348138242,0.0010836573236410053,0.0026678264758503933,0.0016141628310328505,0.003524279503608391,6.544529840156574e-4,0.0026757507833518185,0.0019304391217463367,0.002530079647443733,9.101966000853083e-4,0.002045880745207528,0.0030400939113560833,0.002474031185663813,7.68657278804485e-4,0.002142793728505407,0.0010320889576554955,0.00300618862444518,0.0044884658381715925,0.01376173232350069,0.009825879196080614
0.10332321584081867,0.036894628260553744,0.0171737378850124,0.009124528977424048,0.1480894297117915,0.010335732395951527,0.0964237383973361,0.003481505605033078,0.003417506279898378,0.003938407050092539,0.004330253667270922,0.0019014703772798327,0.004505714114100571,0.025671621347801415,0.02238925077664179,0.15707252047488343,0.0018033313190298664,0.0041945346272207525,8.527341449174004e-4,0.0016728053670682292,0.004132757551157142,0.0016776611645973466,0.001135858903125804,0.009490503087631814,0.007425879280438239,0.024994822509578452,0.16865231478766154,0.002434038860283686,0.013337972572828531,0.020368820491246747,0.002372358934248544,0.0024121049786295216,0.0010224343739924722,0.01740485122347569,0.002386355587941867,0.0016741838752243042,0.002578522749556413,9.56968027815906e-4,0.0027315006830881928,0.001694372313738834,0.003298966764737987,6.829316705385165e-4,0.0022940888669476392,0.0019738557025673143,0.00238945004334701,8.423103212379109e-4,0.0020451031725275304,0.002900124546293871,0.002783561476524998,6.524826653345451e-4,0.002077896705305341,0.0010598302229335068,0.0032631645678011458,0.004773499515912806,0.014416760077938632,0.009065025103663948
0.09842789238123838,0.03718721907606231,0.01923286744670439,0.010099968287585104,0.15315838294279419,0.009760002308290213,0.09738796293729261,0.0033154612761883465,0.0033953872784467567,0.0043746358442246554,0.004323105791586322,0.0023711510566214,0.005652961826429478,0.025534933243326095,0.021394804408839813,0.16578785422085868,0.00168603406402801,0.0035506528110947743,0.0011608787047220276,0.0016446502957272778,0.003884323859341301,0.001620682349134257,0.0011304982992201705,0.00682808021962501,0.008404023142223542,0.02336058686168271,0.16232918978575875,0.00239941067680329,0.011204495687607157,0.020113484597003666,0.002156793989719831,0.0021879677239498726,0.0010466481678514559,0.018594973809534766,0.0025215352821473308,0.0016441331192175964,0.0023805376502329416,7.736380427975606e-4,0.002949637182015564,0.001685523806770149,0.0029976959914825995,6.212534581021253e-4,0.0022992502143806375,0.0018439058662662556,0.002465743716653127,9.471391821309692e-4,0.002017313088438733,0.0025771686958851346,0.002279577181937789,8.680462910556045e-4,0.0020328868132416093,0.0010591450790768309,0.0029741256948928375,0.003907355086511082,0.014194538441781143,0.010251884743465832
0.09986287829766202,0.037756093581152256,0.019272761487504494,0.009808702972097618,0.14934190301649264,0.009701804719400261,0.09944634409171153,0.0030939002726642476,0.003762625755897387,0.0036442855685186095,0.0038610347376220786,0.0021848187006432715,0.0053671285335434955,0.025410349389547726,0.020495885100387863,0.15100187534070061,0.0017627767469965696,0.004190090520804916,0.0010367138614577102,0.0016357842806920709,0.004257287406189907,0.0014033120870148713,0.0015553159062858192,0.006692850106201197,0.00843038533595425,0.02360938267026019,0.1743999120242205,0.0021596790841271222,0.011723604923175824,0.021945130842324415,0.0022224859573304356,0.0020275747521481613,0.001361862801879261,0.018371939700676077,0.002182414838752591,0.0016338330025337535,0.0022379956605970085,8.646427586988949e-4,0.0024248832016799714,0.001705136863022991,0.0033777316760916104,6.155410676180913e-4,0.002291823641999824,0.001889110727159396,0.002507057562144622,0.0013040200621557462,0.001957199857088866,0.003086143250892397,0.002527865420608467,6.54709618080672e-4,0.0020142670657074743,0.0011484266630749653,0.003239002999964777,0.0038668857599702434,0.014322038631923663,0.011350789096948605
0.09653148272217546,0.033517302037345834,0.01832206871078309,0.009587615128700513,0.17527996981923138,0.009071372466015805,0.09368717242012664,0.003231746572232798,0.003561828799572219,0.004630442356608227,0.003305280523729804,0.0020953028660553813,0.005582057258611823,0.023980924758014537,0.02416244911071358,0.1495981131527479,0.0015424565321704284,0.0036544503215115453,8.55702896975636e-4,0.001714472199402483,0.004623449405422127,0.0018209195683930458,0.0011518626719272012,0.008189196015812373,0.00800957308942194,0.0250481709076835,0.1617733371277906,0.002257162386733298,0.011930308050729905,0.02152019770744585,0.002318218245178844,0.0021933632888069946,0.0012154445482486429,0.014648084972073639,0.002196767352635379,0.0014779000559557644,0.0025451878976094394,0.001278942296388612,0.0026706124784298697,0.0015820056050248753,0.003357001101259247,0.0010961069139238666,0.002498596878434067,0.001966069455485147,0.0028468219437062982,0.0013830254240406587,0.0018966250713096772,0.0026607889903263625,0.0023278859244414358,9.87336379431481e-4,0.0018274247108280444,9.741962514501723e-4,0.0036947390740916758,0.004155674906089147,0.01689975541321983,0.009065037237525962
0.0986530598397041,0.034605395492695055,0.01834851093877875,0.01028093039993407,0.15929861709573506,0.010312667076093872,0.09004242058744207,0.0035733865168789177,0.003625802553132047,0.003716609750774264,0.003673506044435821,0.002294610823898522,0.006333042184227468,0.025589992834735627,0.024357268015870723,0.16265488579404566,0.0016133417200106142,0.0037525888496935493,0.0010989968674155605,0.0015894565237999521,0.0044810962308067595,0.0016707182993041885,0.0010816089899535455,0.011011904921487804,0.007219067318907032,0.02423309510816415,0.15778648706241233,0.0022711952695369892,0.010455591246001187,0.02449474645484079,0.001958335194580836,0.0021932459309366064,0.0014619929620099763,0.016087936249754853,0.0023622896817321365,0.001548800856554071,0.0026528579101420934,7.351329848402421e-4,0.0032147222059466848,0.0016094297963736754,0.003231057046653389,7.888579079770948e-4,0.0020178969474381565,0.001795557413573204,0.0024339399883660214,9.397609889813256e-4,0.002005549571744576,0.0029214497532531274,0.002611619675982321,8.863625952163942e-4,0.001995191441284739,0.0010355877547567232,0.003571241929124334,0.003975103180252686,0.015451816646498483,0.010393662575309909
0.10080251786309279,0.036658423501482205,0.018798991827656295,0.009649414450229626,0.15063387228917602,0.009549254937183223,0.09144361956217119,0.003189786685644572,0.0033174506222162356,0.003724197076154968,0.004233768945937609,0.002146397173177734,0.005795607756791823,0.023038846405514478,0.021186577521077807,0.16551143899994397,0.0016652398803677102,0.003539850374380975,0.0010214725920488195,0.001534096041864559,0.0035362232364199086,0.0015501256535279775,0.0012285873187066186,0.007537910506242519,0.007864872608337873,0.02434597628780355,0.16825533988821548,0.0023022283682468513,0.010138003315376178,0.025543129275400617,0.0018927260760880297,0.0019335722260253015,0.0011086215129641568,0.017149884214587876,0.002459105074998304,0.0015108384606961384,0.0023163820619276593,0.0010891619208543831,0.003137812132570195,0.001793993235527731,0.0034192716494744397,6.160656162267498e-4,0.0024016151518548704,0.0018770700042191899,0.0024261040857994436,0.0011433935972445799,0.0021276419291186375,0.00263150337399546,0.0025510409470451247,9.795570600067054e-4,0.0023485253049624587,0.001015455168895538,0.00300485292286361,0.004698923758622283,0.014843222959026955,0.00978043859001398
0.09662978623940859,0.037449358764898855,0.018774703295667203,0.010175983551172274,0.14892383932969164,0.009441554806896776,0.09982641636519043,0.0033996462299968086,0.003868240233255084,0.0036614315634567714,0.004067510623594316,0.002187265439697979,0.005419084070082212,0.02636017979410876,0.023534187018068805,0.15680964057940916,0.0013489967785631414,0.003791366487816417,0.0010650018571421026,0.001624888976241986,0.004604836141513189,0.0018268563752685022,0.0012982549431973342,0.006726285465959535,0.009658256035583792,0.02055047447775603,0.1717994075791757,0.002264992005451343,0.010513996104083599,0.018230877462989556,0.0023394470596517,0.0025792889377672405,0.0012816698203929587,0.020198837042607318,0.0022034084479108226,0.001613347051256547,0.002616255426492233,0.0011295887421750193,0.00298132847217824,0.001801067922349929,0.0032903965426622755,6.427869039658564e-4,0.002524822539704257,0.002186915823032087,0.0023320152946706535,0.0011414467603686575,0.0020687679087156474,0.003125625956377707,0.0025091522298435922,8.157321166386327e-4,0.0022314034800636714,0.0010619454794090339,0.003661133284342641,0.003578986240299217,0.013990768904224387,0.010260543017561812
0.08967902376536971,0.03804620799635859,0.020416052300473,0.009602062425486037,0.16135562448992746,0.00945410819624001,0.09846755130453644,0.00311877390560702,0.0035111157037671834,0.004139524330831115,0.003865508348588907,0.0024497714624200743,0.005300791128997349,0.025271110608865825,0.0262404359809162,0.16301972391399153,0.0015423911594329308,0.004271517080625117,9.157403603294998e-4,0.0016479137715981174,0.005043340593477155,0.0014103057474008822,0.0014351581025514111,0.008917751363125384,0.008029219476451667,0.027173975690891746,0.15277279345029907,0.002297651581805905,0.011512175526589483,0.018214399024757272,0.0022262532044601867,0.002210391877690874,0.0011694274906307281,0.020159992359288656,0.002237215990378306,0.0014722941551225562,0.0023834378021309905,7.099994463028607e-4,0.002602079779771397,0.0016830717938867887,0.0029968431660329386,7.016668531048748e-4,0.0025206032664045475,0.0018027979228480379,0.0024466017559057864,0.0010313183614766794,0.0017676112787663309,0.002732837067005148,0.00226996615267674,8.705641446070243e-4,0.0021264999322672534,0.0010744120549017746,0.003038294335829279,0.005497886953710305,0.014869851457079735,0.008276362606008078
0.09851444796224534,0.036977801685165596,0.017812399097684044,0.009047800824775186,0.15258576249531366,0.009441618778682472,0.09465905557500016,0.0033446791815678863,0.0036475589707532672,0.0037840060365814422,0.0034079912954401597,0.0020950092255764235,0.005568293206752684,0.026863984937163802,0.028049090833466857,0.1629399072378196,0.0017966518178986468,0.0037382451152695277,9.991526375554799e-4,0.0014578730123617893,0.00520889307787132,0.0015236066385272689,0.0011486151421900082,0.010153568548277514,0.007376738409805737,0.025154869089159766,0.1545829717717732,0.0023835735734804723,0.010810401066290685,0.021701711126376505,0.0022833084333918744,0.0022201082286625357,0.0013680250387058733,0.01767249492272177,0.0022719630623560796,0.0016094919323881099,0.0024092116166865075,0.0014052510740539055,0.002652720592077093,0.0015623035007493286,0.0039411420020190125,6.923863106753367e-4,0.0028287384326692836,0.0019588373238773587,0.0025011319444719635,0.001101774178476654,0.002019384288691384,0.003017898604220411,0.0024751118334811785,8.547866926564692e-4,0.002046601621773576,0.001103267045156601,0.0028934185297057945,0.00533241706065111,0.014978741932103922,0.010023205426750337
0.095079001375552,0.03659684987897739,0.01625212649685813,0.010075778503820331,0.14877453274793445,0.009411281961075746,0.10009704991474554,0.003409110165206968,0.003346555695225034,0.0034161013302807094,0.0043505030360299094,0.002165074082295341,0.005572096474634382,0.02182490817375192,0.03082326227273969,0.14682387040920272,0.0016566369721795597,0.003887552248010825,0.0010508531938233018,0.0016914898828415924,0.004684692535557195,0.0014409397368506246,0.0013442558188919498,0.008182621138954679,0.007939951777843448,0.021874675185123555,0.18315964339857876,0.0021357916323990474,0.01129411126776314,0.021766168593337364,0.0021762400034739606,0.0021749921768381844,0.0012558196797240948,0.018039205880128986,0.002063951181408099,0.0016408428440379582,0.00255084184522559,0.001247640326966592,0.0025482825700187547,0.0017206375889961985,0.0029628741252011284,8.650856643620042e-4,0.002240393170488272,0.002105103615036909,0.00259407136860762,0.0011688846547515586,0.0019590076014838736,0.0031258172698501716,0.002112852144801422,8.113010311045957e-4,0.0019923070255367377,0.0010773324684687747,0.003558348940539342,0.004165652928864812,0.013641742405176143,0.010073285588422914
0.10025703906160377,0.03879242896514458,0.019784714929909058,0.009536051870581704,0.149993869083916,0.00902854235625654,0.09781255069683033,0.0034219458691180284,0.003452596190694673,0.0032729241897261805,0.003665737093974383,0.0022278187081986893,0.0055416062184713444,0.023988035893740777,0.02722236784619678,0.1453485576120452,0.001450643791499667,0.004188396973879208,9.27106668048006e-4,0.0016190921072182197,0.004458028981772983,0.0014941736912801545,0.0013024168363064386,0.00895834153212668,0.008280207239278664,0.023188979853444015,0.1843117037225683,0.002209564484751475,0.009291716560893655,0.020262808360862944,0.002185916137846222,0.0023582885436406265,0.0012536250939644271,0.014145698229886237,0.002098690617596108,0.0015201609953922823,0.0025198245773532164,0.001169019239193821,0.003234111915456625,0.0016360263403053217,0.003527659398255864,8.68872102539649e-4,0.0023033249879807344,0.0017526924729758797,0.002495981623557654,9.869423952342808e-4,0.0019561525787414567,0.002709982883658407,0.002405672851325477,8.224932204301109e-4,0.0021523259749531114,9.787859496314553e-4,0.0034491301560080237,0.0041606633637121,0.012768901559616996,0.009249089400405575
0.09723039655303437,0.03902656297209318,0.0194399922847063,0.009770387327294417,0.16345844586785283,0.009812774001999208,0.09385093843838017,0.003103697714954501,0.0034470010273798136,0.003571530882232668,0.003752753165540682,0.002176825487806051,0.005854156169303433,0.026251016615445547,0.0249538923092634,0.14517844954991818,0.0015906444552192442,0.004695724006188957,9.85353623153245e-4,0.0014908001061680403,0.004530450727628129,0.0017232881269301165,0.0011749608124895328,0.008615888782138755,0.0079835032621771,0.022377442626096995,0.17937052007978077,0.0020932695195797824,0.008194925325333023,0.020353113138234392,0.002016312680275316,0.002300653915175627,0.0011035813362736393,0.013185594621406308,0.002435466473111629,0.0014485283391385442,0.002259346960699432,0.001101440598409553,0.0026316131565527878,0.0013536897247593794,0.0037814902949858454,8.496512865749094e-4,0.002339287902834426,0.0019588449694616784,0.0023877245043853897,0.0012539489921436096,0.0020149287201539348,0.002648958558620099,0.00286351376389094,8.286386600457817e-4,0.001993953731359026,0.0011247249726920028,0.003223530664305583,0.0038318642052383445,0.013970455317453842,0.009033550691729461
0.09743817724825522,0.0386691631109215,0.016725687396309405,0.00964125639570175,0.15400934894770518,0.009713519353421298,0.09328440295359934,0.003274368666515696,0.0035421454854328727,0.0037199866922784904,0.0035207215760286537,0.002252999436674058,0.005364185461128097,0.02661549089576468,0.024137323755030523,0.16972269337564563,0.0019976536934067954,0.004082215446532557,8.497537441888942e-4,0.0015681606069226945,0.004130970831913191,0.001632065289287501,0.0013762535967208143,0.006906201079741555,0.008110980860446973,0.016133009847304165,0.16250911409042476,0.0021577531198967957,0.012808235678930224,0.023121518130404934,0.002186218869209617,0.002241222174096717,0.0010162199813436895,0.015930542826832483,0.002245883878763105,0.0014583805981411829,0.00243581926873474,8.006610125104719e-4,0.002596085159291455,0.0016702592879713216,0.0038328979530115764,7.641489058255576e-4,0.002672998740590154,0.0021397466302221636,0.0028461825163918317,0.0010621685046511666,0.002152074710253259,0.003338792037097277,0.002601283469128835,7.965073286613655e-4,0.0021755277991856083,0.0011711026951791324,0.0031081824234388557,0.004568123410919818,0.01341208547940991,0.011761527572604503
0.09931785818672514,0.03247585666158313,0.017639896573808093,0.009973681037356762,0.15404508553500393,0.009496588484545,0.09611921856667525,0.0031391474292425435,0.00370579486385829,0.004016890417982363,0.0037317563884939455,0.00242206258463189,0.005224631818324909,0.024242208744683198,0.029955740230155455,0.15161297086995307,0.00180262634064169,0.0037446783835245728,0.00104204906740785,0.0016606742608019352,0.003780852152319854,0.0015191014360274567,0.0012311025644747647,0.009516365358611811,0.007829139556510191,0.020997081905225742,0.17344652235164104,0.0020660060071839726,0.008902122609723513,0.021951969056576464,0.0021717920395713025,0.002315480650846153,0.0011054536869692319,0.01955024767161458,0.0022444216985141245,0.0013712426169418942,0.0024638918063918675,9.269051700659103e-4,0.0028771439753381206,0.0017809958792328942,0.003452536677200096,6.570902909290736e-4,0.002432826916086425,0.0019901111721992797,0.0028566634819520457,6.851103391215165e-4,0.0020861665197905157,0.0027619809434247774,0.0024962599715752745,6.345239185155622e-4,0.0019445342854127014,9.874559943059615e-4,0.0031343371684627035,0.003959750434566018,0.015197728487026094,0.011305668760252071
0.09471557626376256,0.03497296656566158,0.019566997949232365,0.009990615297724487,0.15404470626465536,0.009719829658463214,0.09488000309454635,0.003092551455391582,0.0032790041650825547,0.003955995985201709,0.003161641249586365,0.0026785021586440937,0.005697975361663488,0.023895384429054513,0.027325942850239027,0.16436558320499497,0.0017254675923069438,0.003319073597077428,8.620786996120731e-4,0.001732410452488894,0.004667756614362714,0.0015439101296250233,0.0011447657767530493,0.00849220437946886,0.00800593454112802,0.020820843114450982,0.16937927636381747,0.0021579760330106995,0.012110568368689305,0.020816085304941806,0.0021236233197820115,0.0020965481860603014,0.0011473412682299158,0.01745272062517698,0.0022604559108867946,0.0015137193047899441,0.0025836164432647226,9.969626242004486e-4,0.002594898381576962,0.0015174630284445654,0.003042817184018097,6.471236378305575e-4,0.002393281638789309,0.001880733967045705,0.0027395102659396086,0.0010551193437976392,0.0020471521102394126,0.002932018650824762,0.0024007859609735498,8.52289743970272e-4,0.002152303377216928,0.0010563114560881084,0.0031251030406862787,0.004557289818573788,0.012907872015119384,0.009801311774836386
0.10150059435355291,0.03963365574635373,0.01855124222205692,0.009322975459488507,0.1498799753870175,0.010616188100293215,0.10039763682123033,0.003130853822145901,0.0035746252473617527,0.0037604064420721887,0.0037342889274513324,0.0023048298006849042,0.005512712581790928,0.02396562689072736,0.025101408380834796,0.16372653386441036,0.0016718479813356577,0.003683935124417704,0.0010894122351973966,0.001720960694286201,0.004647514528465259,0.001729990126567344,0.0012532696985351054,0.009446560549275444,0.007699749394023223,0.02251223948942772,0.15794544317562875,0.0022038691182154385,0.012003183260174256,0.019538120633522484,0.002130580933297212,0.0023284710383559694,0.0011099721597086696,0.01512987650635213,0.0023621461515950007,0.0014822880764079375,0.0023774399364965126,0.001371848570792386,0.0027874684492684007,0.0015809068803251233,0.0034360988228710476,7.939800317566723e-4,0.0026692689404332064,0.0020618337196186077,0.0023972328460388176,0.0012283886620717201,0.002334706050380251,0.0025303904427031224,0.0027176543925159402,8.390486485946415e-4,0.002271576475481563,0.001133336494713358,0.0030104792065480594,0.004688509398215609,0.014216217802553473,0.00915062930635989
0.09687252259216726,0.03695766220892324,0.018339138388555196,0.009274685852130482,0.15380832846362508,0.009047426125997656,0.09921468482289013,0.0032471948302515642,0.003606044307220451,0.0032182032975807307,0.003745373836773134,0.002189325705936465,0.0054369252972821976,0.02464980879170214,0.030494104891171016,0.1556301889823648,0.0017215341155074123,0.004207043058617188,0.0010292513970776304,0.0016670917719853779,0.004718185501069861,0.0014437911610412437,0.0011114819134080038,0.009603580573126621,0.007975400340864426,0.021598006314393004,0.16391036672082698,0.0024662939130286245,0.011769952619547145,0.019721433474351832,0.0021819934358646175,0.0022132172631145587,0.0012575596234933011,0.021913514187146335,0.002397229353889466,0.0016080252525406797,0.0022500997459230882,8.59500496991605e-4,0.002517638547095389,0.0016157044761675385,0.002864692521476031,5.882336409608515e-4,0.0024188109829663797,0.0019309929428570284,0.002913601392865063,9.924095238197385e-4,0.0019790758111888347,0.0030684151221912247,0.002261232843325189,7.30074634791274e-4,0.0022134722159540474,8.989630054138352e-4,0.0028147576306663804,0.004092866815111728,0.0140742722431999,0.008668615021568992
0.10241090699092113,0.03755385055647273,0.017890416319920617,0.008819189262126005,0.15849590143255393,0.009194676329522056,0.0952725619319128,0.003057020655508996,0.003325365507416176,0.003707396492539506,0.003373520577541533,0.0020469396452098545,0.005528758924155597,0.023482922885641837,0.027522976412134026,0.15221876389687072,0.0016198057361633113,0.003741043102299173,0.0010639282654356598,0.001480541270536199,0.004086517093700079,0.0017362135768323492,0.001390613773682344,0.009812818031247686,0.008092362578267448,0.023584527291739855,0.16992253847641575,0.0018509996120878842,0.009585295543697553,0.01950412524714768,0.002289917785154777,0.00221516825015872,0.001215234158455629,0.017081926582964806,0.0023562368397209116,0.0015189371150350387,0.002602159829790261,0.0011131083397803835,0.0030321370243171766,0.001461304351927199,0.003277970215542603,0.0011461452300243365,0.002135757472560102,0.0020068660942233877,0.002884603518616708,8.967699203119345e-4,0.002088203706701135,0.002503390052802997,0.0022695508098710265,6.772776829645165e-4,0.0019894247121889095,0.0010776729789543215,0.0036378962289473097,0.004161167422185036,0.014183695666377413,0.008804980590722888
0.10182014160263556,0.03968438046737403,0.018097244101180177,0.009272524113007158,0.14848482180701905,0.009372130247682455,0.09566036127156229,0.003346379597650846,0.0037899103946963213,0.0037189260405580036,0.004890093888805883,0.0022440107613111494,0.005296273874578174,0.027001039196582692,0.0218811499255453,0.1549382980012935,0.001730192222517296,0.003676035294518144,9.151486468478815e-4,0.0017198973439585198,0.004411351360203039,0.0014510651731509552,9.041951168440715e-4,0.00815926808669267,0.008098791985655525,0.019167002977400413,0.17550652052632826,0.002283136122446085,0.01166492910454364,0.019676137997025247,0.002236586459410215,0.0021942347760567937,0.0012900384876262689,0.01714596878037549,0.0022614140455575124,0.0016008737752662772,0.0023957519254933514,9.1375804035929e-4,0.0028342753731308273,0.0015406794691407196,0.003724162602572467,7.993173794274581e-4,0.002371998263972799,0.0020324038720184,0.0027413819611976043,9.581521242866715e-4,0.00203105027878337,0.0027629183399473386,0.0025552188539188733,7.984107664221211e-4,0.0023817434189580926,0.001138821672394457,0.0035073173388347144,0.0047807387117321486,0.01395687634107273,0.010184549692429651
0.09759463160235204,0.03596684371312386,0.019764158896582344,0.009217719836359236,0.1571700118575433,0.009064460304806407,0.09684836700782895,0.0032818412460517373,0.003942143337318942,0.0037739159085393168,0.003510924888716589,0.0022512581514309263,0.005321187820153394,0.021853399553201355,0.02988017416733345,0.16170393840387468,0.0016719660138965378,0.0036168408904710277,9.767815356969526e-4,0.0016958559220311752,0.0042515079939894895,0.0016216060052862901,0.0014403639372793232,0.008840356455757698,0.008799826401768683,0.021947014684905262,0.16210912212111356,0.002221954832310327,0.009879712719539448,0.021905232113000467,0.0020398778573042695,0.001973601558657744,0.0013904949905400124,0.016604278942904706,0.0022547138701848953,0.001487622584057816,0.002450042245588975,8.673782773268492e-4,0.0030215147855093094,0.0016003048714104916,0.0038384632669789024,7.930237162035338e-4,0.002324093005647465,0.0020425525664748453,0.0026447856844380854,0.0010803398234045787,0.001903835566312398,0.0028438430446118897,0.0030373587128527967,8.9679435739016e-4,0.0018955341772128856,0.0010837379253177994,0.0034372313655111246,0.0038220184596546515,0.013169170453394973,0.00937426956884593
0.10123906275843966,0.04049296066046263,0.016605365944511893,0.009506441016828676,0.15551615998419718,0.00885924518288539,0.09315082647637711,0.002981904090838216,0.003540153601301142,0.003560910085771367,0.0037508097864731014,0.0021060665686024643,0.00407263584660007,0.022291411030796,0.02657814661692394,0.15178628873929037,0.0017319492865162692,0.003799719692347783,0.0010650417271132733,0.0016393445970793719,0.004035807664844196,0.0015496950564845386,0.0012918730348503416,0.008216685588793769,0.009461510629260966,0.025032969054993786,0.1746215414804231,0.0019505208918511522,0.012177477162933447,0.019583451710963318,0.0020426383386783734,0.0024637804067705023,0.001117147650384973,0.016425438149874256,0.002279180748886044,0.0017116661035993734,0.0021850622672625964,0.001073845928480605,0.0024276668853298157,0.0015610221107008268,0.0033514923114231865,7.264838625725553e-4,0.002328935177282011,0.002146363495021839,0.0024471295922030636,8.246040773027172e-4,0.002042104730358287,0.0027114420245994853,0.0026003007881545124,9.28453730802414e-4,0.001977055343652693,9.965097282439263e-4,0.0027813434985097347,0.003998821507893815,0.014037880655111235,0.010617654918146568
0.1030764983014431,0.03532308360979537,0.01699342617539902,0.009987463617974986,0.145682696006047,0.009453934887625795,0.09542866239465829,0.0032575285410876395,0.003540167922222321,0.0034974712658901418,0.003976991420595856,0.002183979625226536,0.0060595797557963516,0.027745427755728365,0.029663658029880347,0.150090896763514,0.0017230337665418167,0.003812739007616417,8.922774165236897e-4,0.001680295764583674,0.0052157175888473154,0.001618373934359894,0.0010770641407954883,0.008502656766575696,0.0076522551683740805,0.022697239389155063,0.17103390747086475,0.0020801941574591577,0.010571106032687598,0.022126544912858384,0.002073822826881377,0.002381668625108928,0.0015193761854822838,0.021345381750238195,0.002414038923535179,0.001624587489279974,0.002239615090074157,0.0012483424610509645,0.0028964244161038774,0.0012874333181578635,0.0030282367513988894,8.594771623535102e-4,0.0023122948021076224,0.002285511398710103,0.002706407630430028,0.0011641163857743608,0.001880918722641589,0.002674398278177305,0.0026877744553899597,0.0011599992949892762,0.0022625807063961054,0.0011419407379503227,0.0033473739957346907,0.004744250240966356,0.012655433878642548,0.00941372288229641
0.09773886643753646,0.03747855037901723,0.0185026623251057,0.0102372650755033,0.1627436265064762,0.009117755398213526,0.09487770222819336,0.003184239293752463,0.003820837507629817,0.0038707237821505027,0.0038793451677967892,0.0019438799628755687,0.005555266691315344,0.0223782329446217,0.027236397169551813,0.1603368597210931,0.0014973837913691945,0.0038524745427158825,0.001001846406679122,0.001641377471351446,0.004456615808380318,0.0017514990434964832,0.0012110951664583633,0.008513706974801302,0.0074488782871330395,0.023268565096368803,0.16473778661903152,0.0017800084788583037,0.011292988397781393,0.018783636031440225,0.0022236778087547345,0.0019419734176835456,0.0012496559973387423,0.016503030442270784,0.0023170475762254203,0.0016069943304948195,0.002562224674418719,9.453120037453438e-4,0.002547640587240215,0.001468168840117115,0.00301883854261193,0.0011660484130518764,0.002525783397798549,0.0020796424765764467,0.002783833265324266,0.0010572628634127597,0.0017817802590740345,0.0032481569929697566,0.0027182541794186525,9.741402804937814e-4,0.0020226291795329863,9.922721284418576e-4,0.0029514316791848672,0.004159685115114771,0.012508742274463625,0.00850570056754221
0.09458780610876528,0.03798232123117907,0.019052613706411144,0.009654656475989145,0.15781393843783034,0.009044160010868456,0.09975932081291779,0.0033727015198526324,0.00376949232413196,0.0034234865635856177,0.0031701987053226236,0.00220801159497989,0.0050596616311709445,0.024346406838105992,0.028561519028095686,0.1527858507530553,0.0015093699129832918,0.0037717701909242445,9.890122824839748e-4,0.0016302980983773907,0.004833791990966797,0.001603286049846452,0.0012218045042168902,0.007486120288744632,0.008010414016738427,0.024325961496038814,0.16664502613033763,0.002144990826404541,0.011000518573270042,0.02341208708327572,0.0020295559088812495,0.0023305225055143255,0.0013036915660971048,0.015496296759030036,0.0020857264226141962,0.0013511235449496005,0.002678715835606304,0.001364784927225453,0.0026389145925456675,0.0017828143592005373,0.003272275270857187,9.481902901788542e-4,0.002322654677905959,0.0021012165944687324,0.0023620288688831277,0.0016792080050792135,0.0018558910464799721,0.002894071591043628,0.0025538100697053037,9.8076868102774e-4,0.0020007111273546703,9.554351967434549e-4,0.0031725918121261647,0.0037544839416478494,0.01410251044085208,0.008805408777110862
0.10200753740142487,0.03579751301621757,0.019265091934933806,0.009351786609986914,0.15653043215786477,0.00996480898554068,0.09282221263143367,0.0033111513609818326,0.00345039852928294,0.003368076771748199,0.003340364276100306,0.0022197576094715615,0.005145048009207591,0.025201169401235325,0.024786573172027926,0.1527178576255278,0.001546479720847558,0.004487619208188198,9.428088447209004e-4,0.0018241410496455232,0.004239464856248282,0.0014827214937653973,0.0012124753499536936,0.00951578821790659,0.008478323813424867,0.019470695141941583,0.17087245419342492,0.002482216857978626,0.01090328329874005,0.02334217838295083,0.002269370585710228,0.002201531638647049,0.00152494779276362,0.016484213832956267,0.0021982887690332525,0.0013794384365643237,0.002435276334509943,8.378186819375707e-4,0.002944114628435162,0.0017406930451719209,0.0038992571496007456,8.001548041642506e-4,0.002581380033678672,0.0021335653197803784,0.002837143540367455,0.0011615921095471174,0.00211111702848428,0.0037350170935259576,0.0024400729536244808,9.949911937082968e-4,0.002289603066249883,0.0011061570253399543,0.003476877399960789,0.0036871575368856136,0.013688098857220313,0.008961691219409767
0.1021010264268131,0.035469695515454015,0.018728869548093663,0.010023375553826869,0.16050735558945686,0.009568565134212314,0.10312756142882044,0.003344399442463875,0.0034570270647198953,0.0037015299190709897,0.003516665138557973,0.002377262504310809,0.00605480337228442,0.02470182112936549,0.023857011268438005,0.15182871596315778,0.001955265467215475,0.0036541811614622154,0.0011472449208684695,0.0017303979842499542,0.004327817239923038,0.0015750804503313904,0.0015109947485767482,0.009388974333435768,0.00836222831379662,0.017281707492822367,0.1673588138586443,0.0021014145682920924,0.009483725176718716,0.020500501068547436,0.0021307596472420597,0.002280705085114114,0.001228387407388167,0.016167255737468602,0.0023773611846606966,0.0016746581665737362,0.0025028009131350527,0.0011272989484554818,0.002649967654720824,0.0014107757756593755,0.0034343394180185475,6.774687882965859e-4,0.0022284415240506838,0.0019394603440620274,0.002650597980653717,7.953765378377667e-4,0.0020468749423819483,0.002614838911093034,0.0025102825482143333,9.033931584230469e-4,0.0021755123793826313,0.001015739829026534,0.0031074131832931136,0.004333020747397519,0.013830357598906865,0.00944287980461247
0.09947610341238738,0.03469610562325861,0.020407002588950767,0.00926607907826471,0.1582998620786132,0.009748346550079688,0.09852170505719533,0.0030289181727676416,0.003447482709119497,0.0036559070049791615,0.0034833998941665935,0.0019249710891564955,0.005141571940486327,0.02029369058713913,0.030662384937396404,0.14450624571969628,0.0017030003782753393,0.0035694442500744284,0.0011562380218943025,0.0014668873935475154,0.00397188554630304,0.0015871710658103481,0.0015817710771878204,0.008410380624819629,0.007174151626626413,0.022062915419082653,0.1781817503559933,0.0023063639906144955,0.010159621517803124,0.01828169516275073,0.002214585125303213,0.002096138400025735,0.0012332780745686292,0.019523180118821627,0.0022142580173830383,0.0015962460343648436,0.00214880090945319,9.700641908705168e-4,0.0026962696928510155,0.0015299809165910585,0.003541494093271081,7.618587127104814e-4,0.0024757857169304454,0.0021101612785326463,0.002539567320624985,0.0012877389190849807,0.0018940940424293628,0.0027571931933594663,0.002033907859086454,9.008742934084963e-4,0.0020778916007626953,9.144291449492128e-4,0.0034045117591964716,0.0040774407828248265,0.014977879684072496,0.009849317244082625
0.09815535095388099,0.03697512163901,0.017023540879903848,0.009555299581468408,0.16435088689378766,0.009550123878625832,0.08961128927175287,0.003344238374108878,0.0035992601524791686,0.0037077921347219833,0.0046314342441435485,0.002200733091406897,0.005756745013388749,0.022534225129491398,0.02760883171496326,0.16074895992928065,0.0017164273930502685,0.0035021668164060293,0.0010926772374862848,0.0016178030309742491,0.004028918526089791,0.0016055311141321285,9.967547656013e-4,0.008498034817457126,0.007980212483245942,0.023502611256416422,0.16321147723893456,0.002122561229037088,0.010858407313322426,0.019696770447128045,0.002051705231774724,0.0024877159359594637,0.001312877951916401,0.01694859758334116,0.0021852552039956677,0.0015593805876409936,0.002654028035504201,9.712543056300835e-4,0.002748205849225814,0.0018056576025710855,0.0035861352920500016,6.984390605450112e-4,0.0025472167831625554,0.002044644679866063,0.0025968520810336023,0.0015597527757116479,0.0020574859427402704,0.0025747877162298452,0.002546265515533848,0.0011104158123543977,0.0018135515841245166,0.0010916004283952117,0.0031164341537556566,0.0033780301914161383,0.015274925249130456,0.009494597894695334
0.09936747441551648,0.03602193615831964,0.017932488008300357,0.009633837891737534,0.15215286262636601,0.009828859735219748,0.09874252757898995,0.0034779221077739127,0.0034781316357638085,0.004152810367779676,0.00403711697901579,0.0021308400037462205,0.005673807202678726,0.027763477126216216,0.02446784426764973,0.16086644678850573,0.0014844703188440199,0.0033302800741788117,9.22710967224074e-4,0.00193533099103015,0.004339560464332992,0.0016797360571123594,0.001184455672473384,0.00839274089765727,0.00803427341752672,0.019711956992281718,0.16829702868636934,0.002093763229349216,0.009079261113556199,0.019357706745464998,0.002372655458465341,0.0023452968114054985,0.0010840294821131717,0.017891927295518525,0.0022250830277884028,0.0015942797681760743,0.002142862572664809,9.441393332708483e-4,0.002853818650044823,0.001483445381398995,0.003682556779966115,7.233749436875511e-4,0.002413987382404791,0.002031164075661706,0.002788699171170822,8.908999485528553e-4,0.002016960797718484,0.0025952790460962412,0.002892715197052536,7.753875377516257e-4,0.002247470554698301,0.0011942516348310388,0.003319367619373655,0.004047117709268099,0.014117311045645687,0.00975426025429311
0.09780093804208957,0.03711578255219737,0.018729899921325288,0.009487863838195276,0.1542469933911537,0.009784023816031823,0.10394372329300006,0.003117275300218713,0.003626736487124553,0.003721508044544725,0.004057519353673688,0.0022788022734307207,0.005446583130703909,0.023225729209612342,0.022685220608649432,0.15494396192460425,0.0017321717363844701,0.003848020776205374,0.0010590809225292015,0.001621528331027081,0.0043542277718289805,0.0016128440555958864,0.0011632284963999965,0.005971178549917451,0.008392297071457886,0.024555778718041876,0.16531983660662208,0.002367484616303116,0.010032826932369059,0.02331781629470259,0.00245928019105153,0.0021333764620695716,0.0010386031734966167,0.01879813172873195,0.002303623879674898,0.0015146483850723776,0.0024291698526147766,9.080392576822248e-4,0.002773681208361997,0.0017392187519930965,0.003522784321781385,7.567256907345405e-4,0.002334997391212086,0.0019529963332784476,0.0026620675720818673,9.084741702643511e-4,0.0020466378792586525,0.0026554551430406524,0.0024557268168043434,7.600951125525888e-4,0.002202291009508348,9.801712049167777e-4,0.0030328372648828826,0.004583631134845318,0.014504283853354867,0.008982170144793387
0.09824192348518876,0.034930074741884455,0.018284917905182045,0.008917076840991066,0.1579625036176077,0.010061402982296795,0.09379017458450524,0.0034995574393035336,0.0033587033471624136,0.0034690928616743265,0.0033471583078337067,0.0022610764676068633,0.005760092532758526,0.026600664729258622,0.02498199967433918,0.1744091675067493,0.0016149224364663218,0.0037506954056399744,0.0010602042654164901,0.0018032816939932879,0.004784249127065335,0.001519882964935599,0.0013870189254870967,0.007592698369160959,0.008772083054237094,0.023863144252228744,0.15102520955693963,0.0023824077629222974,0.010954958339512303,0.020181164414434054,0.0022507711443099936,0.002430364218835773,0.001027302866763846,0.01788775552949071,0.002413799978025537,0.0017452017675327082,0.002277065796130734,9.545730910632844e-4,0.0025873065871048853,0.0015718540306514964,0.003329136181650109,8.751054498189911e-4,0.0021793892350744025,0.0019371248681188565,0.002549954598562133,0.0012218339899251868,0.0019096749612991484,0.0032895145698944076,0.002286847813771485,8.154953913094139e-4,0.002107326982218353,9.969979387925102e-4,0.003002275980851344,0.0042705072786699836,0.013396198952376401,0.01011911320497665
0.10241135218785277,0.03802977975132315,0.017691088866875322,0.009257671927957319,0.15052056528521987,0.009686373893581637,0.08905930421935584,0.003229996784264677,0.003671696619695639,0.004149904030313945,0.0035615777547493926,0.0019789126016507555,0.005968917382087623,0.024717417848717765,0.027613309596759214,0.15607876794209818,0.0016526021858292615,0.003892174147420224,0.001084482210734802,0.001660493615716064,0.0044991512098494285,0.0015068873073933028,0.0013088581230031582,0.009114184099513643,0.008576405403545411,0.019557509895812047,0.1781982630451173,0.0022041831630343774,0.009631335258511516,0.020882806793237903,0.0022108164583158753,0.0021565613237680965,0.0010472318956481316,0.016540586703634695,0.002176599105106344,0.0015895311472958675,0.002361853443864516,0.0013968891665043389,0.0027609738515369637,0.0015959466986858563,0.0032019202233168407,9.679791425709311e-4,0.0022673251084549253,0.0019171066975592313,0.0024415357294509687,9.85741752438687e-4,0.0022140889115310246,0.003057430977179616,0.002471756145643492,9.10702152303414e-4,0.0019729691332824903,0.001218249303182893,0.0029122428894851125,0.0038499512550685,0.015053516439878662,0.009324521193070935
0.09720413083297443,0.036101198035301076,0.02070339911360695,0.009798909229405179,0.1595096618235699,0.009928480340628815,0.09517297733033443,0.003152150280335124,0.0035040703055181322,0.004201611527165004,0.0033241899423217857,0.002403939612785135,0.005709118172829175,0.02771126767607059,0.02692562264855877,0.14738074229616233,0.0016221219251685223,0.003124682550297273,9.718671587580839e-4,0.0017975796529193378,0.004130476905246109,0.0016903180767531226,0.0012964058506672003,0.00814103032251368,0.008163967087900771,0.02080554041619694,0.16723171426784478,0.0024698224403403874,0.011857950984637735,0.022791181226888682,0.0025405871782368046,0.0022442480479442236,0.0013990940952118322,0.01938119488510944,0.002370505457475745,0.0016270647642488293,0.002455982590072432,9.013846872912436e-4,0.002833548348954707,0.001410562256475998,0.0038191987461978095,6.070828831252843e-4,0.002563213798416447,0.0021826286433512467,0.002855861074481109,9.93723339138862e-4,0.0020618957576447015,0.002964232332772981,0.0025845899872015145,7.425376101378943e-4,0.0021335494347810404,0.0010045742300626918,0.0030174093546831327,0.00479812039417481,0.01280917806053188,0.008871904008577946
0.09920012906105447,0.036507235923289784,0.018501778262898755,0.009196408768955477,0.15472832025426322,0.010350659012795613,0.09601079198051872,0.0030903702253741224,0.0033222426489442412,0.0032277343086535644,0.003966225311268307,0.0018891794500182392,0.005584749362486182,0.028771272769366234,0.02232031786053961,0.16608928068269732,0.0015187242127824635,0.003283963183681491,9.911101491691927e-4,0.0018266010261303403,0.004159054681396613,0.001609220865430011,0.0011518840733546576,0.009833401074357134,0.007674344122908421,0.021985272540853616,0.16323931958053184,0.0020273830291382055,0.009648680598571777,0.02036452758245219,0.002009952388769522,0.0022937665469015757,0.001136068784015757,0.01672204885425353,0.0023898697158309056,0.0014997378250409497,0.0022902533926191086,0.0010542993274059423,0.0031241747754488015,0.0014939431906120652,0.0035976065746955153,7.385720258243851e-4,0.002517341053878647,0.0021584901694230376,0.0026443851673800356,0.0011173584728979026,0.0019856271259716188,0.0028582482133818,0.0024978635233012664,6.839704911860231e-4,0.0020833559628496913,9.987412049805998e-4,0.0035150952450258,0.004592535680091158,0.013325569615921287,0.00860094206841126
0.10619395073176653,0.03615165060569666,0.017489227249232228,0.009306428222546325,0.15380901515790696,0.00946729233120286,0.08936378119310724,0.003047219809047366,0.003589688802188943,0.004521252065774794,0.0038176382471943383,0.0021962699846236377,0.005181026082122813,0.02268772249343573,0.02040233468192371,0.1724493774728166,0.0015285043430944213,0.003631398870751211,0.0010760363947139762,0.0014394121468985603,0.004324788856132798,0.0015585175100876418,0.0012966704374915339,0.008878467460474406,0.008403923859884272,0.025804445873588863,0.15618245216516385,0.0022332054895008234,0.010777202687436772,0.024974521517149104,0.0022598860411264425,0.0023097746163868037,0.0010628358476684997,0.014220221351798028,0.002393217258711105,0.0014850054155090102,0.002663484275937251,8.357996305944641e-4,0.0026148608325243326,0.0018163390770426923,0.0037828763351605817,7.54738609699108e-4,0.002542145115479874,0.0017760858544887028,0.0026612460090176897,8.988791803636108e-4,0.002261882353864931,0.003032704734388514,0.0025567502056971724,0.0010303753552003646,0.0021601754195806626,9.982514268691135e-4,0.0028269966633761865,0.00463472760581663,0.01540112571708444,0.00923619232365884
0.09927041348511957,0.03558019999630383,0.016380138928180615,0.008916379147742595,0.14686183899407,0.009168098235002725,0.09812286591374364,0.0032034762191649607,0.003532233319188986,0.003590794265849373,0.004513862516356807,0.002218950353190965,0.005728344150500781,0.024974788331516035,0.02239029255707193,0.16777748046563015,0.0016811262756362174,0.0032213952521726592,0.0010692595251246483,0.0016969643654897169,0.004205903576033778,0.0016130919152039667,0.0012850145346618334,0.008157376054745567,0.008488111131438589,0.024036580157443737,0.17832143570486617,0.002127449298148813,0.010610977010912967,0.016911033307774943,0.002076313100974929,0.0019369097298282932,0.0014079809371013413,0.01591721405560713,0.002252990764182463,0.0015078753329410056,0.002331273496588414,0.001213814795160026,0.0025710041364796917,0.001529310661865666,0.0029442644268584017,8.398318784052426e-4,0.0024810158709912817,0.002021581549828787,0.0023428591448507717,0.001256315318915834,0.0019117004462786454,0.0029033021116341953,0.0025161857709871793,9.899041330529775e-4,0.0017721695082400393,0.001185025067168627,0.0030958859865629585,0.0036680081739831026,0.013858090644956264,0.007813297968270133
0.1060939066634965,0.03749558799773071,0.01912677025918311,0.010173341374496957,0.1516323761290693,0.009489513558192806,0.0886156933030674,0.0032452486625693536,0.0033993723735304274,0.004211621303797084,0.0038851277302706898,0.0020217383854390356,0.004908322402371923,0.021431254018173352,0.026495696332118655,0.1613292715975703,0.0014938072285095136,0.0036519356651795827,0.0010049823562568662,0.0017135587025412246,0.0036362316212785292,0.001601645627878932,0.0013360986029772725,0.010228449218883872,0.008183311496597814,0.022385285252973765,0.16815971391564644,0.0023471856259716876,0.011973000415275919,0.01947809378053886,0.002370228295517637,0.00225859986101892,0.0011783500563955955,0.018509024674082504,0.0022988094860360094,0.0015517541727381912,0.002546137046580136,9.407906370134559e-4,0.0028879445877915675,0.001683879701909517,0.0032638293496970163,5.345929434083774e-4,0.0022333565189394562,0.002112281894878383,0.0029139639730059847,8.183096435673907e-4,0.0024328773485104245,0.0033304089262032217,0.002431496720231787,7.388477546050563e-4,0.0019959809454967907,9.525526268175492e-4,0.00281527001871685,0.00468445209327329,0.013452214892395864,0.008315904229581126
0.09666721631238911,0.039183365070976035,0.01919961032838402,0.009311525496532354,0.15725073278437499,0.009192847503016365,0.0968003400475619,0.0032573878468082663,0.0037209380945442266,0.0032974036050629914,0.004196667572469192,0.0024397307487619,0.005801023639260914,0.024638974933223614,0.027490778961000772,0.1541984920867423,0.0015436098528122386,0.00342310325529593,0.0010162648148669576,0.0017083003701307724,0.005404532746196582,0.0016307809362981038,0.001077096741634478,0.009452110868488448,0.008929986401205084,0.019665948855950074,0.16721444423599846,0.0021343006361547,0.010471513018090095,0.02118023144543324,0.0021342130625960384,0.0024110092215204847,0.0012910165920768494,0.015680671071119676,0.0023190524874713322,0.001618484690232383,0.0024452651163787277,0.0010324116102569856,0.002755951324795115,0.0014392310879949807,0.0029477991713866597,8.091116342771706e-4,0.0023589139690432526,0.0020769128839625865,0.0025945533151815188,0.0012002747269198295,0.002064021942894673,0.0032802602711890965,0.002609132750779008,8.62508378032168e-4,0.0019615159908983443,9.92208167010306e-4,0.003046742752078927,0.004164817044441946,0.014419258345580274,0.009985403182217585
0.09773000055920657,0.03557909316783661,0.019209426355405144,0.009650662511085468,0.1497079812897712,0.00961524327709481,0.09370329890071481,0.003487672016114037,0.0032432043865496083,0.003983172294555048,0.003479768919098811,0.002132930012718927,0.0055119490744124375,0.02820926654180112,0.023322068351713347,0.1553614521591455,0.001758922953969082,0.004281967602948547,9.222145946328066e-4,0.001508921898445949,0.005006126330745837,0.0014644431311124258,0.0011523522938404237,0.008182727109146727,0.007780915068566122,0.023476408457211464,0.17873078270062126,0.0020431592953508385,0.01226209560471013,0.019362934834740914,0.0018855574628519822,0.002164120755225938,0.0013723749345892944,0.016107074451975678,0.0023444123528153903,0.0015688958687395036,0.002546521632149411,0.0011305845775586864,0.00255149084925383,0.0015051115774550325,0.0029997274942452426,7.478176337103132e-4,0.0022692077027390315,0.002277714986066765,0.0025553319669083217,8.656930410441444e-4,0.0020009806952863683,0.0029321147876504557,0.0026233169854780513,6.773575605091935e-4,0.0020946620521402667,9.932027253886776e-4,0.002762186271784,0.004516821833505103,0.01474958111226701,0.009896976995396357
0.10278395874529939,0.037760673312771574,0.017545791005398003,0.009605732513295679,0.15352716259047122,0.009540658304441368,0.100335893907317,0.003680412369210556,0.0034078285826758363,0.004033436086819867,0.003947787848816901,0.0021265123698776017,0.006118562650016131,0.02621415900218465,0.025050092290192255,0.1538852084986332,0.0014709032705450878,0.0028787487279506355,0.0010422172009446349,0.0018080829777891757,0.004979873897049195,0.0015938334108545524,9.476761555577496e-4,0.008586357884251487,0.0077904801401407165,0.02076630629769417,0.1620320607542408,0.001966917977934871,0.009921511706312341,0.022937743625362605,0.0020022743191061734,0.002161406682944973,0.0013038443341512778,0.018660045269593275,0.002225668352524977,0.0017402600623562027,0.0021617724586814736,8.349310626552509e-4,0.002826224294899168,0.0016643169466437622,0.003195131330145527,7.327186032568459e-4,0.0023955686497129113,0.002046598096029136,0.0023963669350709807,6.669088085460091e-4,0.002214262751410691,0.0029602127801070023,0.002657263768937482,7.021730562338211e-4,0.0019197206601819616,0.0011642145385384929,0.0029253050018124547,0.005442565208973996,0.014014303256670458,0.010699358666766464
0.1072156320922858,0.03608377351093261,0.017276119821916583,0.009906078515898649,0.14555531111830217,0.010232651322987093,0.0927193923810193,0.0032538037338039894,0.003611358296491757,0.0035961039369452807,0.003615806502910825,0.002363558257739667,0.004824432093956204,0.024045373918473684,0.021997543613095246,0.14259793934430962,0.0017945190871366478,0.0039964529985059005,9.863195979879964e-4,0.0017627449558639638,0.0048845988690973405,0.00174641746794791,8.688953665775002e-4,0.008361197001085615,0.007959102338026219,0.022779088194222977,0.19022917203680537,0.002212653335284891,0.009228020209196068,0.021325775424140183,0.002224139898392686,0.0024333345821262804,0.0010693664354749536,0.0181897361727063,0.0023816405612733867,0.001491775564556929,0.0023921535317348672,9.246654589103932e-4,0.002425695771682217,0.0014526273114796873,0.003984469010720646,7.44223271125657e-4,0.0025591373751576814,0.0020894382491901363,0.002700913796079506,9.844447437412213e-4,0.0021488507128815185,0.002426863289034912,0.0028914411280312165,7.961986523055106e-4,0.002102247853903084,0.001090843582951699,0.0033486777982815173,0.004960548872644126,0.015741746819443122,0.009414984213223685
0.10497569152515923,0.035338942158388315,0.020039419950461115,0.009221402637215525,0.16106048653883115,0.009948744334821095,0.0926756645877122,0.0031050213610078455,0.0035008623784772586,0.0034895090695533136,0.0036257064461903757,0.002284529922306041,0.004607913080164009,0.024305806699544172,0.02778898081007773,0.15130564604853486,0.0015280702771347122,0.003996904429630195,8.084593191441265e-4,0.0016214130538436242,0.003910382088993575,0.0016345100494781245,0.001333083228643311,0.009302100789547421,0.007993193771798026,0.02501713822440737,0.1610884814407261,0.0020292815057428595,0.011548844171055894,0.01970789201735952,0.0019729743985238473,0.0021528352048105106,0.0013922016595031494,0.019475894324578934,0.002310523155591054,0.0014736874499665811,0.0023280999366618953,8.98544190181682e-4,0.0028036136588834235,0.0016801734576781476,0.003805970603338927,8.342655233435942e-4,0.0022632150153373055,0.0019252495938729944,0.0026630337634660564,0.0011892271830103148,0.00182993329446264,0.002826591059824185,0.0021944914890252034,8.301378753860998e-4,0.0019252544279078413,0.0010267252233681114,0.003390732436402215,0.0034752402269408456,0.01472439150219856,0.009812911429786825
0.09579183931538669,0.03470004147738296,0.019406279038479583,0.009710799307710124,0.16274181205240681,0.009919067082803329,0.09608150339328918,0.0032584146316902256,0.0035927976650084142,0.003714966512512306,0.004130093107584415,0.002131747561235069,0.006093906708341661,0.02840766609324405,0.022500185943786197,0.14850203144234222,0.0017332461469711966,0.0036562388676235364,9.404397888304632e-4,0.0015591613988265426,0.00439634030695255,0.0016784520153218876,0.0015856993051235589,0.006971366506125643,0.007549158449049357,0.023083552166363264,0.17739756510614668,0.0018937294683960112,0.01151058443939189,0.01924046125673611,0.002353203501614113,0.0023072153743497054,0.0011666153674675373,0.014765872956807317,0.0022943750690808157,0.0016602566734205185,0.002545427984133644,8.156715619922063e-4,0.0030008954357332654,0.0013557404369513326,0.0029432829979573866,8.026266012155537e-4,0.002339133047411281,0.002123315298669749,0.003022133252145815,0.00070665608278628765,0.0018313218181786855,0.00292572490784599,0.0023642132446853163,6.54319282532014e-4,0.002153558596700954,9.5818032549557e-4,0.0032252347584599216,0.004037451011895233,0.013634871676276854,0.01013355618113101
0.10537573865446478,0.03876923941796548,0.016954543228740678,0.010164924233041698,0.14317837790261556,0.009460717861258528,0.08963624166027631,0.003394425631871888,0.003587200486162765,0.0033963221805960193,0.004707895755020399,0.0020952545037868932,0.004681552567032452,0.024078673653054206,0.027755244219119894,0.1744702779384452,0.0017600057136584603,0.004197278618427458,8.853743405445997e-4,0.0016068923946583875,0.005199472065515075,0.0015323501871718301,0.0010838297161462995,0.00815524449597704,0.007380727493774593,0.021406455296245613,0.15852673797661257,0.0020271867247543198,0.01054618053484259,0.024434934392060754,0.0024057962818420536,0.0024386523193453058,0.0012414326655426592,0.016137044890030133,0.0021496218121995606,0.0016585540345317432,0.002554333684044214,0.001201768723015026,0.002955303187393673,0.001832253220960199,0.0035725336831257237,6.47805641034888e-4,0.002547259984081731,0.0024502344883488313,0.0023293216558646418,9.96311784103781e-4,0.0020771792154493296,0.003134690378152721,0.002556008878610722,7.737599448691496e-4,0.0020701196705198714,0.0010749646262699876,0.002956828644638876,0.0035082643750003703,0.014112938147899254,0.010167718219283134
0.10179436879448292,0.036725114998366296,0.017438670930704597,0.010208646418579673,0.14539460209194358,0.010122965593953552,0.09876317716496025,0.003406564899411871,0.003698799829925284,0.003989753793488375,0.0031519697125945473,0.002288804595701883,0.006764737654931795,0.025673798759645917,0.020360980647113152,0.16704735728476663,0.0014942700749350011,0.003640082605667696,0.0011317942097997004,0.0016619943336459511,0.004430303151849836,0.001675811787215339,0.0012752851420321592,0.005952334113851613,0.0076404908403482266,0.01955185256343893,0.16943465612881453,0.002321873202415518,0.010953086084989254,0.020666546938203228,0.0023914665790486065,0.0022858391723733053,0.0012192842443870758,0.018239883205397985,0.0022105955523229574,0.0015209541284414848,0.002469304668695739,0.0011638803092195087,0.002745558618347546,0.001535182749414627,0.003273741261621585,6.522659307068196e-4,0.002314077423210563,0.0022329151610238464,0.003146383147709517,0.0011669509097121799,0.0020791662862563822,0.0032101585837863186,0.0025622380750668612,0.0010774709869200091,0.0021897151746501837,0.0010434007164702333,0.0033396289127200266,0.0040519510505861904,0.013635475268218452,0.009581817535914782
0.09978916836783246,0.036156462019760326,0.018883203511708486,0.009808844688177533,0.14947046197636898,0.010213333765729566,0.09750301310704404,0.0036636894599667317,0.003692015382734637,0.003824262533953359,0.004071616630297981,0.002060660112803953,0.006117875932574889,0.024918467384015187,0.025692484792486137,0.16072752523797648,0.0017633415933109927,0.004137388987431995,8.75743078799656e-4,0.001478687745315211,0.0045457603313154215,0.0018412275616332314,0.0016568982030383784,0.010593033171804475,0.008945265929817032,0.019686598718833607,0.16363380317382956,0.001965911556744029,0.012504367400284653,0.02183740112562643,0.0022235447377699983,0.0021903996696005855,0.0012351776370261938,0.01638873982964634,0.0023952340021264795,0.0015072801915924359,0.0025164861807033677,0.0010535738259343744,0.0026087354953462974,0.0017130158973642977,0.0034140418993800865,6.731251070305938e-4,0.0027281934016860974,0.0019484793893447586,0.00272236580728529,9.528920061191114e-4,0.0022056324706481245,0.0025682846471895,0.002506654966567069,8.321010698415236e-4,0.0022616355055917695,0.0011371249106764438,0.0032948834272704605,0.003389683342609068,0.014073191885132192,0.009401009215302021
0.10826186020877356,0.0353569345753712,0.019162031953716838,0.010287845848631518,0.15837988105439746,0.010166552846986083,0.09151728719397308,0.0035010707932043314,0.00392187831534062,0.0036197605747988497,0.003845287447749543,0.002011395391396052,0.005455578003350076,0.024584341169423374,0.027170636728438037,0.15013788374673073,0.001553716535578492,0.0031711724520899795,0.0010296089304938146,0.0015503094756795963,0.0037469089820008263,0.0016118626000289154,0.001521178733514498,0.009264507638944399,0.008595495621897577,0.019214616694312864,0.16736164389309685,0.002519864765502568,0.009748733299189351,0.02268813228992913,0.0021898781277330695,0.0023670197616622586,0.0012390631138346837,0.016451087887146273,0.0022289208041048735,0.001339589641924664,0.002514785393631707,0.0010538433115035912,0.0031716382473856554,0.0017069399638999527,0.0038018910203938437,6.609211809745734e-4,0.0022553664127165254,0.002005468038772376,0.0024826747196026993,7.707693215345241e-4,0.0019805126940385734,0.0025425022231435348,0.002226191693909082,5.802957234388803e-4,0.0020553680772663497,0.0010553044914381397,0.003471012522286132,0.004002057303567138,0.014505461542259025,0.01038345901729181
0.10423853901709554,0.03784413163867058,0.01663003342941995,0.009145510469851648,0.1373127080300817,0.00964584292606246,0.09238621624432933,0.003215451776660539,0.003785235122853475,0.0037399784776152227,0.003635502185423953,0.0019597743253713753,0.00545681448332765,0.025104816573552232,0.028805412630532958,0.16162291630932935,0.001631411899934715,0.003823559576265034,0.0011482548131131589,0.0016575228417999865,0.004540738632359433,0.0015159822110055777,0.0015150145901498392,0.01100254642257149,0.008554661314409613,0.028398680948118656,0.16385540706796883,0.0017870799823605334,0.012383728181275044,0.024064821200322037,0.0020129189108594988,0.0022654917451615736,0.0015029332322103847,0.017043170267975,0.0023122040720783255,0.0014664227217122577,0.0022103468169268844,0.001171893700633917,0.002926530986408948,0.0016266328043116319,0.003288922880843957,8.078548237230368e-4,0.002197571880457426,0.0019435116408444669,0.002732625515939138,0.0016279624087439178,0.0022089240335618756,0.0027602204591901185,0.002214374296607348,9.853414740677048e-4,0.00211486849461134,0.0010228920106722396,0.003371749322939853,0.004338571902583995,0.014592051711617919,0.00884571856348528
0.10035315362693108,0.03955534322917423,0.016999799039842035,0.009256315827703343,0.14470515521751473,0.010241672932754483,0.09790307016142896,0.003109607010889494,0.0033578392734822443,0.003932548606362445,0.004201537317322826,0.0023028958756651555,0.005868465355310711,0.026271366444841977,0.02815865509372466,0.150488396491167,0.0015773004744233914,0.003719713195916325,0.0010277626038098307,0.001537851965126306,0.004277730621487716,0.0013882201926265051,0.0013505640709743842,0.00797649271962048,0.008799791116644745,0.02502782116508493,0.17095480450364792,0.0020687538865958835,0.010270500361666183,0.021761671098011914,0.0022070005031935617,0.002143473109017654,0.0013785920317309565,0.019269247689354643,0.002202835240728438,0.0016191002216243047,0.002309409568587928,0.0012645202872486364,0.0026391643289498477,0.0015335439969950664,0.0034064134839330573,7.225224248383291e-4,0.0025249764262081885,0.0022312019523980653,0.00270447580293578,7.855409256536866e-4,0.0018929585195339763,0.0029796700466956268,0.002998026200765019,6.07974478712088e-4,0.002077726727276894,9.856007583536395e-4,0.003255590787666302,0.004144422390225172,0.015026011227825185,0.008645201389796174
0.10150340280353998,0.0368432879774091,0.019220062536601513,0.009642755673844726,0.1599152474588421,0.009147340602073565,0.09334798037754474,0.00303241819682907,0.003291834214111454,0.003548147332276989,0.0034673625815664576,0.002298900935083475,0.005056619338717241,0.02290074283441014,0.026419981341329505,0.1480264935360883,0.001692281252473596,0.0037563533191954704,9.282425790271192e-4,0.0015294144600650173,0.004981898175005672,0.001480249415809065,0.0014297906470615894,0.009465440067551118,0.008206707187293648,0.023858306121184666,0.16658512450624272,0.0020598600510020634,0.010810354215911012,0.02319369347617166,0.0022770115814655647,0.002157976462859704,0.0011891801451205393,0.019324890178383347,0.0019794624621173045,0.0015057220427656653,0.0021808785342016606,0.0014806479484082433,0.0023522551434169746,0.0015002771376267255,0.0033503125079341503,6.927147683827477e-4,0.002539045241559764,0.0020877028059053033,0.0028147232591626183,0.0011991692798035895,0.0020853509827151546,0.0030570728598597985,0.002442190274474805,8.527792509362406e-4,0.002310501924029225,9.853704044896446e-4,0.0033656982173705116,0.004969431912977916,0.015203001658269696,0.008456339801500264
0.10834708699263668,0.03671409286024666,0.017711487048858266,0.010096064790010826,0.1529602272329251,0.01000169338069733,0.09442649834624482,0.0032644340871602865,0.003471041911921552,0.0036332798969918355,0.003615721690110271,0.0021943125128629807,0.00502513313282211,0.023460165271158604,0.02622998022527858,0.15668531446752346,0.0015226248657913355,0.003741703487715571,9.105544506220882e-4,0.0015844265912966125,0.004017871287903626,0.0015203628359480776,0.001420332269226797,0.008780431712264383,0.008451072220556393,0.02024925858655143,0.16537161769284361,0.002496124253007304,0.010049072745998412,0.022762682079492693,0.002245888935574378,0.002157175003296062,9.551739739676208e-4,0.01570335630732034,0.0021110755025405643,0.001452063832234891,0.0024768371123199784,9.519118551145104e-4,0.0030307129062475393,0.0015191322861602041,0.003471182804639052,7.788276335428563e-4,0.002340827932049407,0.0020769935376847813,0.0029306451296846063,0.0012504739693367326,0.0019618410118244028,0.0030776860624102645,0.0028707676322546616,8.438716211040982e-4,0.0022735826513529574,0.0010439311687088265,0.0034310085067780515,0.004288923961233168,0.014102900639328706,0.00993853909662375
0.10303388885301659,0.036083075055825475,0.018239211634902008,0.009886576874708305,0.1507756469076664,0.010095201759343291,0.09122684575435476,0.003641117874134602,0.003452614185133954,0.0041521398806814444,0.003543947275357748,0.002145337916403965,0.005021495091409943,0.028554138153178032,0.024530353029630247,0.16650180695671632,0.002137631587232894,0.004529332987282067,7.457089211898109e-4,0.0017301307209786653,0.0036333853053273357,0.0016124523002430842,0.0014841451645816644,0.008393671539053805,0.008610934510100265,0.01751451885490446,0.16550941695800545,0.0019616437603569,0.00993694305987049,0.020693280677844483,0.002213107151492558,0.0021447496333776668,0.0012415736083834922,0.019552088997100803,0.002125735339315937,0.0014737936996959719,0.002442446294284458,0.001208399238696896,0.0024792462822925015,0.001626794860729919,0.0035034745703214675,9.738533458859299e-4,0.0023943068034757223,0.002084849865378302,0.0024117594614752468,9.358003977529696e-4,0.001956813730385584,0.0028544967887035428,0.0021414421190032594,8.35357726237972e-4,0.002037111490842462,9.168923959535154e-4,0.0033111750954689235,0.004431288518707937,0.01392798713515059,0.009398861900451833
0.09838175964959747,0.04011412127290577,0.01793345866523248,0.01018196976879054,0.14494874825754298,0.009670846544006266,0.09986566935271701,0.003326440217352307,0.0035266082687868514,0.0035895657225804485,0.0027213595813155855,0.002390562735233183,0.005745029979421637,0.0228391221192323,0.024539261435400018,0.15336464241111958,0.0015077551153962502,0.0034837864620160027,0.0010013493523754488,0.0016381769153106574,0.0041831620731905845,0.0016178189287610564,0.0012922411327861137,0.008015622948730141,0.007695963577842559,0.02533258753429887,0.18109125692977868,0.0023410631336931755,0.011063775342320673,0.019653606154352812,0.0017991591831627686,0.00236623658187773,0.0012821867414857205,0.014839017035019051,0.0021562562439256115,0.0016843663163955515,0.0023579878335015544,0.001114254476116578,0.002606459172076991,0.0014795047278268526,0.003395004154068779,7.351101242277404e-4,0.002517822302491674,0.002156243681056864,0.0025789182150224867,8.841941933474955e-4,0.002280837617712036,0.002905282980093062,0.0027506706019851538,9.539438218490907e-4,0.00213602805545861,0.0012471066551209351,0.0032377878430695484,0.003733115344583055,0.014024399190701508,0.009720775325736031
0.10098035047477255,0.037177687620999274,0.018574664242010538,0.009618621360342207,0.16391083879894264,0.010232477329883784,0.0906214003257691,0.0032433079304396125,0.003532437719133838,0.004421020447133538,0.0040344884063102495,0.0020268224318277313,0.004547709054452469,0.02522699981360308,0.021583512201387132,0.15554167138512145,0.0018924345785322344,0.0039323860604932315,0.0010268456378769624,0.001511944639576741,0.004654389706360854,0.0016292941742302855,8.447649733911067e-4,0.008881810861159103,0.009396509073299348,0.02328391553712145,0.16392935463559513,0.002108384280386407,0.008489762458991091,0.020816880307696455,0.0022095855778746756,0.002206896996394326,0.001142979055101106,0.017395078909051943,0.0023096137947237138,0.0013841107830803831,0.0025844034989614835,9.306128684752781e-4,0.0030058237025833356,0.0015419621693088224,0.003825569944181853,7.573955621436344e-4,0.002641977049850055,0.0020128172629298798,0.0025063097357456298,9.805551079757617e-4,0.0020011313300384447,0.002714070812588446,0.0023186667038388076,8.927635734555816e-4,0.00248439739102473,0.0011558567431535006,0.0034321124565222278,0.004732753073457002,0.01483090501249472,0.010328964418205099
0.10053900751337151,0.037716835977847696,0.018220195251634652,0.009996964881441783,0.1522280082864336,0.009618693059553086,0.09531705782757721,0.003125413928070796,0.0034871121973681896,0.00416184133716121,0.004065234664832138,0.0021484347843540655,0.0050507333023655,0.02548136435199924,0.02713389372067033,0.1550779170175398,0.0015780553622946351,0.004337310979993375,0.0011879352812020395,0.0015371793213315255,0.004283621058088757,0.0015150754270959056,0.0015463869016843178,0.008071643765802253,0.007402497668249961,0.024964857749355196,0.1620810593587846,0.001853661758133735,0.011678468816982597,0.023787653738929715,0.0017666726265580307,0.002205520920376805,0.001302412350447479,0.01703415950802409,0.0024354822486409304,0.0014787787380787386,0.0024438464211579167,6.880474469763969e-4,0.0023972343890779645,0.0015412930913233866,0.0035036183203950785,6.765952979929269e-4,0.0024291691213526247,0.0021039913322260947,0.0027656544046911783,7.047169828405699e-4,0.0019857080779979055,0.0029518952037944682,0.002376564667061145,6.353794727805928e-4,0.0020126562122751053,0.0011223940696968395,0.0033279837253423097,0.0044966850393509065,0.01661974460936585,0.009799680432025103
0.10199212849257228,0.037864630792471474,0.0169909714804378,0.009251178306430373,0.1511280113246903,0.009658987356585338,0.09762432629617887,0.003457209668201157,0.0032249380989173813,0.0040292722928363,0.004010851206142277,0.002023616053942681,0.0056354607904117145,0.022463063626623248,0.022063733709679127,0.17370747031219383,0.0018297800940462517,0.003285094640109672,8.988509824788774e-4,0.0016479027275707314,0.003361615268790848,0.0016046586097135046,0.001611781669138482,0.009386138666100115,0.008466316286501472,0.018202985056088725,0.163570103794561,0.0023671754476606074,0.010062580003770633,0.020969925436570964,0.0024453147064225087,0.0022486467846800666,0.0013767311794029252,0.01574801514052335,0.0023781639299719896,0.0016408478356742004,0.002341799572441781,9.481028686974056e-4,0.0027983828722311604,0.0017346166597684758,0.003583922036493338,8.043981711475776e-4,0.0023270002742447346,0.002075079046542827,0.002835194870634856,8.368653569357447e-4,0.0017656331240611266,0.0027766139215341314,0.0024691940446169938,7.488007427625485e-4,0.001994738354657363,0.0011232473912869442,0.003488049020711716,0.004734846932323171,0.01291945225889207,0.00946558441192501
0.09907067661100101,0.03587900312206631,0.01636178429803158,0.009392813221673173,0.14516055853011708,0.009638358835174962,0.09710348957875621,0.0031370505627523275,0.003593323073405369,0.004122707014372552,0.0036780710837864185,0.0020204659196561207,0.006156056911235246,0.02433059464116403,0.024886035954460994,0.16201264011068492,0.001724604256443824,0.0038745571236571035,0.0011742913321757397,0.0017103950294680532,0.004216486329189445,0.0014269658330794148,0.0016619879915782392,0.0073327070712889885,0.007762345906667495,0.021499167707606834,0.17682222097482345,0.00225373452065393,0.009645679225953616,0.023569179647105906,0.002132433992338348,0.002175296664396273,0.0013251808295872893,0.018456156732781663,0.0023370808089184783,0.0014550348887245712,0.0022506000365815136,7.360572493927723e-4,0.002630995955337484,0.0014288835898735414,0.0032156422611644936,7.602359341093595e-4,0.002460186802370839,0.0019829474661162607,0.0025441111441885894,0.0012687860037265124,0.0022432498264553964,0.002631597073733545,0.0025103208128301716,8.376830091522192e-4,0.001976104209272129,0.0011836753188037036,0.0030501297597363367,0.004576314646413822,0.01341336423795303,0.009199978328011203
0.10067875975617453,0.03984151259767449,0.01669100380037903,0.009817747274482518,0.14861440086331662,0.010223943007896131,0.10119652204143717,0.003666239603744923,0.003706149786518806,0.0038553730663385896,0.003384620646371822,0.002100144222329742,0.005421327237975956,0.02378253582631814,0.021158326094862446,0.15794003020722588,0.0016802799097130547,0.003964555668885689,0.0010941760594197839,0.0016262861994265708,0.005299023917819029,0.0017023131089200494,0.0011835267894240568,0.00658624703516108,0.008634865756784621,0.022690038942559453,0.17111551077895273,0.0020276267973132135,0.010400627218351763,0.022316670186441134,0.0021344127469041406,0.0022600705141105465,0.0010348185545950182,0.015865762337090375,0.0023283972140484242,0.0013818052915980457,0.002336060680589528,9.773563093971242e-4,0.002624404926247382,0.0017274900572206255,0.003355638073819283,5.947338072288295e-4,0.002206459139991192,0.0019038597084751771,0.0024100281355922174,6.111774958676052e-4,0.0018863469075992673,0.0027460308427094734,0.0027758941905584975,6.149062771191577e-4,0.002011215502098658,0.0010018837094223241,0.0029450436798460805,0.004652076774379097,0.015056844818686412,0.01015689790258653
0.10335497668500747,0.038654975030260955,0.01761804902277144,0.008848837102955743,0.15702089945001096,0.010159501074037836,0.09597373032927072,0.003581963929043095,0.003721990941685892,0.004083665465565735,0.004073742899466985,0.002101614406214264,0.005302789593213206,0.022589842707053942,0.02430347917048035,0.15886764121712887,0.001944704665466852,0.0032098415378678745,9.902090842435712e-4,0.0015553330478295987,0.0037830250324347612,0.0014240235408162435,0.0012470222310015807,0.010554752800724954,0.008374364085615434,0.026217383445595283,0.1555432534794147,0.0020462828627983965,0.010184237268690886,0.024129805366311978,0.0021915444998748894,0.002334376090265957,0.001359711606347071,0.01866252012545864,0.002373576460244852,0.0015456750771549069,0.002441267550553727,7.246396238001739e-4,0.00274788084108666,0.0016625421537147373,0.0030276673085641195,5.475281302728974e-4,0.002470976675165259,0.0019861947039873807,0.0024095655871833855,7.191511440342689e-4,0.0020015836580022563,0.0027492768674463033,0.002503393719954668,7.684525712978625e-4,0.002024358625756892,9.937930035470066e-4,0.0029336275651775908,0.0042280651191733635,0.01405194326783317,0.00907875055112239
0.09970446823533058,0.0374604206582273,0.01892504443359701,0.009373808561689775,0.1392822839780627,0.009122629224137426,0.09353380801215663,0.0035195786820989483,0.0033675421834945584,0.003920103334469651,0.004538357722640816,0.0020602646302196968,0.006233328955713814,0.026710395869624277,0.029304371055466877,0.17386038383827432,0.0015969041342267132,0.004973568264342215,9.431976792562107e-4,0.0016536189891511405,0.003427037734669891,0.0016644131606181735,0.0014227073406739726,0.009649420388922705,0.007853573451920535,0.0232230342390726,0.16270950568402556,0.0021095108143982396,0.011141365465475773,0.01866305326852133,0.002284786170285929,0.002223126677315756,0.0012656598566569465,0.014423812671346533,0.0020923067183686497,0.001434428392832125,0.002491547702107391,9.690907452589875e-4,0.0030778099838592167,0.0017453052430081912,0.0036117966038875593,6.836645671440497e-4,0.0024269104104420783,0.0018021909220882041,0.00245970884362586,9.87030702477592e-4,0.0021664110639915985,0.0028224775543716704,0.0022518252369302357,7.747459777204046e-4,0.00201202503602377,0.0011461043823089625,0.002991615671517669,0.004739904489577538,0.015730611039141112,0.009437403347232535
0.10543015249110124,0.036125132271350086,0.018165232449163182,0.009556203000060359,0.1481841873774243,0.009716124413071167,0.09318165859691083,0.0033262514573886804,0.003551507060813866,0.003791018644913709,0.0043091689772660185,0.0024073869299744734,0.005581243564257076,0.022345197460391535,0.025163808799293846,0.158417773955436,0.0017888847081009682,0.0033250628942211396,0.0010921389492311142,0.0017550399077376332,0.004003488695564873,0.001355081229836779,0.0011105660594707483,0.00856276211577049,0.008237109617753365,0.02682716695698301,0.1742040730845517,0.0019146984131012013,0.009754641846059866,0.01741718280153291,0.002153371707787607,0.0021429707328270097,0.0011870140783432038,0.017728341202922576,0.0022366028115009483,0.001729444682297135,0.0024520693241822642,0.0012123843380309133,0.0029190459150425403,0.0015021662856370792,0.0029812823918388496,6.621820370578667e-4,0.0024397234358026422,0.001958088957969562,0.002522422065135846,0.0010444008581103135,0.0019231538407551514,0.0026378832569601473,0.0025304546679026227,7.492671141831593e-4,0.002079191148450079,0.0011201427013105673,0.0034737242075748432,0.0039997860929602835,0.014345888534707826,0.009669052881976769
0.1057672405943372,0.03789113271232771,0.017172711032726242,0.009040024096147806,0.14505021816142502,0.009821871514433016,0.10273119030382816,0.0032874040602288435,0.0033371322091715733,0.0037516092718916467,0.004167728194976107,0.0026096005199979675,0.005256986966482304,0.022300058395213918,0.03185665401390404,0.16268282864069997,0.0016122442616597647,0.0038410861806065307,9.355478278832175e-4,0.001632476206618065,0.004154626967236491,0.0015634260475403253,0.0011121555382690629,0.00705400373322915,0.007263840394595751,0.02302467521870568,0.15860987342960645,0.002300330880687057,0.011134305282696046,0.020521426491051483,0.0025967449011119258,0.0022425516467990143,0.001134735476321808,0.017250297558226237,0.002352974199846133,0.0014124304488954626,0.002413587511918682,0.001330482425904623,0.0025159141725090576,0.0018595548302923536,0.0030021306624780533,6.958933609173595e-4,0.002130667965986135,0.001967121362526583,0.002657353658618489,8.134691459715492e-4,0.002245654335952733,0.0032740003461811714,0.002484518626293936,5.979899574827942e-4,0.0018144276986181672,0.0010263458976872155,0.0030140551849308205,0.0037148003637550962,0.014766729217185021,0.009201159895413027
0.09645827699144595,0.03593063485464577,0.018745805142428976,0.009583468853078755,0.1507798793976648,0.010188610786495163,0.09761607058161469,0.003202957568123946,0.003412601785245967,0.003990717644412421,0.003664608625713258,0.0020289362143826755,0.004893954098204619,0.026018679888389035,0.024321321415505626,0.16484431090938834,0.0015695816305949827,0.003409520164153675,8.587454570962627e-4,0.0015275247592014818,0.004361878879822298,0.0017469089931514855,0.00168814050582167,0.008050880821369837,0.008828144780696262,0.021169163113453873,0.16845433140965213,0.0023159555022519503,0.009751895993864789,0.020928360786416265,0.0019555171350929914,0.0023887602000974284,0.0011299413924662578,0.020335489538515383,0.0021484898651377643,0.0013414060204253926,0.0025615916640688,0.001169075433392681,0.0027349268761739003,0.0014043224933120355,0.003218535021161215,7.481684323463496e-4,0.0025132875213565143,0.001962475233938596,0.0024636919255343294,7.447411735406072e-4,0.0019242491227482031,0.002562949107022801,0.002610177163585224,6.180312108461772e-4,0.002137942129710674,9.988704821171058e-4,0.003210084807162429,0.004455326741144169,0.013224722412976607,0.009095359341839502
0.09667530254375603,0.037781746837669945,0.018723010250966066,0.009872002122550032,0.1627393467086384,0.01027353932902595,0.09583647151875527,0.0031137894686963153,0.0035950205082333226,0.003496683258386224,0.00392649702094089,0.002501106422904813,0.005467059244416917,0.027496331820716553,0.02170447075004013,0.1578558733391596,0.0020823798494712304,0.0031145932545574143,0.001024020728473775,0.0015711052486755996,0.0037409070980404693,0.0016696210662744035,0.0011084231498647134,0.0075339904563883064,0.008183750403850734,0.02281765242870933,0.16124892134532384,0.002189163729380316,0.010399437502395647,0.022472036821985966,0.0021561852013491792,0.002404817724018485,0.0012956079300137622,0.017133672388724677,0.0023358535256946785,0.0013911969877724451,0.002435207524090169,7.769994043995866e-4,0.003152851520509824,0.0016610874723563744,0.0034002132863858664,8.295219485859783e-4,0.002422734212712281,0.0019626811265999865,0.0028023168931135475,8.313667313957507e-4,0.002209819074382861,0.002832802472170015,0.0026495535399225136,8.255151179203233e-4,0.002051620247887855,9.30223181223512e-4,0.0029597691732319883,0.004645780759061869,0.01492256651221735,0.008765781816010962
0.09559220885516004,0.037465031529781034,0.018779901354178268,0.009519782818743562,0.1573713055382742,0.010007876850789455,0.10068967763762124,0.003173626132083831,0.003418709061601732,0.0041715280180157095,0.003357940961952917,0.002264311118315891,0.004963130473619726,0.021545273272547683,0.021629601636079937,0.15864932251531963,0.0014886915888517832,0.004104663786658779,9.157132142549486e-4,0.001664693055100114,0.004117909513819376,0.001490121072482276,0.0014617479862426158,0.009094769327125348,0.007254888691470472,0.022748939012995437,0.16335685684729856,0.0021421799457873756,0.012456660319242344,0.02388128038018482,0.002034233533510476,0.002469945142548443,0.0012723955424434744,0.01756095985206227,0.002260298959970013,0.0014897519743953215,0.0024830408922712666,0.001105657959649551,0.0023503345506249475,0.0014359115670578035,0.0031607001157157658,8.445079073949503e-4,0.002199205020184827,0.0020284689310079277,0.00272748605284623,0.0013451644915280414,0.0020226134970237884,0.0025857839158386084,0.0023254610498538303,6.761262190041533e-4,0.0021945239826042335,8.991881637262751e-4,0.003447594819613047,0.0043987812249351044,0.016322837650460546,0.009580684468130008
0.10524937665197853,0.038101583129774734,0.018639483808583043,0.009743734476638032,0.14988194011023775,0.008955240715321347,0.09415732700783223,0.0031736789513514335,0.003500137610372383,0.004218775994462067,0.0035769093983412533,0.0020720692834679233,0.00505550879798339,0.025392512112716734,0.023127025955528558,0.14392004398182306,0.0018289110552607213,0.003607072563890668,9.027471240426221e-4,0.0016808882042524491,0.003429932672787873,0.0014115500437208424,0.0014167159909966893,0.008892450613681178,0.009259036666952401,0.023337673884805375,0.18057556350280998,0.0023617021520822667,0.010677981067474442,0.02384097849897113,0.002239086629329528,0.001999193682762397,0.0012917919254935896,0.01719749683503363,0.002112071827700126,0.00141464576492994,0.0023316197828275377,0.001053367217833086,0.0025578477690145073,0.0015655723526449463,0.0033584996386700006,6.096330061849972e-4,0.0027078443116229324,0.0018393821951951863,0.002751844783382364,9.846496385614322e-4,0.0019646369817414603,0.0027362258574297957,0.0023222634770599044,8.162864640428608e-4,0.0019789704742597747,9.779006769808595e-4,0.002901345062482183,0.0037972747386103437,0.014244061401011846,0.010257935477053578
0.11138644354809912,0.03754905328736737,0.01687127621660909,0.00969426146408781,0.13960920526414844,0.00946596488385969,0.09330392936732398,0.00319453850686005,0.0037951173380090363,0.004431441793333754,0.003988643830974662,0.0019837699710532042,0.005338370849563893,0.024177911010231305,0.02253389707983956,0.16702974628153638,0.0016379229650689163,0.004232215299219141,9.652590027981792e-4,0.0017406842341935185,0.004320167455182847,0.0015828275944029422,0.0014742751945362807,0.008145909328412262,0.008460926805620224,0.025132222130846024,0.16424851549551744,0.0022249171458099287,0.009751056268164054,0.021785099275143202,0.002105318359015462,0.002589564945274371,0.0014201363727140732,0.017051863106773736,0.0019500767963977147,0.0016330889652477738,0.0023110367793977428,0.0010572645973674084,0.0027067720762693095,0.0018236367978462405,0.0031729572802901597,8.901272064852981e-4,0.002616154949911859,0.0018911315729508993,0.002375092783418759,0.0012564920898176268,0.0021508041508722605,0.00269008106834558,0.0024229037306826694,8.389586607072775e-4,0.0018438187333936916,0.0010293122025481507,0.0031021022212236815,0.004327790569295545,0.015404548909971926,0.009283396185968445
0.11364779347542227,0.035621007296299495,0.020159551423792645,0.009366629553791595,0.15148008394072215,0.009367226924137408,0.0971648733259023,0.0033314907786941733,0.0036854494109302446,0.0034357782020151065,0.0036408692364306404,0.002277563852272118,0.006049064762082517,0.02085371798343467,0.022990706301389816,0.16050462965127238,0.0013671790820501478,0.0036360166645156957,0.0010686324803464732,0.001545069814563166,0.004359035624928515,0.0014867422447901123,0.0014141755910465252,0.00688683767416974,0.007746779093344888,0.02674954098052644,0.16086166601799917,0.002162950950861556,0.008597967823115785,0.019219372478250268,0.0021953059663491303,0.0024359549268328164,0.0012188076521269437,0.014590723979648106,0.002220288393755452,0.0016728285059503059,0.0023880948943771417,0.0010263658117659114,0.0027235724790623463,0.0018170806530574586,0.0037468730297647245,9.939784321105287e-4,0.0027916835627095496,0.0021747636960469316,0.002967258858109625,8.938814842558745e-4,0.0021837854244556817,0.003079905223866694,0.002510700064089615,8.03590352364993e-4,0.002165862541687746,0.0010900031718417585,0.0033561238884101652,0.005107355872812379,0.013820880528246069,0.009345927967203991
0.10543767465146034,0.036396239909886025,0.018270238276632586,0.009346314458875259,0.15214406716604495,0.00972044135213384,0.08936661700065716,0.0031916728331418034,0.003659045312861654,0.003949646111735616,0.0036631176193147805,0.002017440609352753,0.005906186473115734,0.024361919166225456,0.023502633875175788,0.15904395852863606,0.0015698464588135383,0.003464114093615536,0.0010813885849982503,0.001671105573220302,0.004506619803014437,0.001632924848735946,0.0011911228248578036,0.008222304526985207,0.0074876247192917035,0.022891383417282356,0.17302188588043463,0.002341465890748238,0.011534146982659317,0.021809977026454826,0.0020571745788276322,0.0021892858754649336,0.0012187539197136307,0.015581445670690532,0.0022918573607908816,0.001505065534634187,0.002482988537164135,9.874148209479388e-4,0.002793570804109282,0.0015257609055479389,0.0034767019485776717,6.914622160130148e-4,0.0024241243640652334,0.0020416029807356524,0.002678343274722509,7.800714815208002e-4,0.002302942460725023,0.0030604657996875007,0.00237773490860288,7.309302852196256e-4,0.0019111579345211232,0.0010425892491956164,0.0035961436642775297,0.005348029156413051,0.014083335560526801,0.008417922730942958
0.10326720390400403,0.04063859663429383,0.018662650510391544,0.009692660247234697,0.1516337410699447,0.009912945415397098,0.0974724629274196,0.0034321876214323415,0.004026472438367261,0.004095014464299261,0.0035060417279718444,0.0022381074100707417,0.004883390609279928,0.024246702244626966,0.025574986627188087,0.16547215343824553,0.001543385437428204,0.0035372140200775407,0.0012001854637839256,0.0017216637573706814,0.005126336909431938,0.0017120995502301084,9.895413805313688e-4,0.009166015475140446,0.00805279622203711,0.021370470815377036,0.1492506610744856,0.002277068620089702,0.010265815362067924,0.021551743737153555,0.0022542728994703657,0.002272066521078266,0.0013073915930830397,0.01951381730925907,0.0021935065375887,0.0014249518395740882,0.0023978786508740157,7.875760347546884e-4,0.002755533412595434,0.001695177609192026,0.003230256259826745,8.98047331971729e-4,0.002845154490849063,0.0019313058262569601,0.002595893993371094,0.0010918981106677423,0.0019350031682590137,0.0026391090509969104,0.0022552845385898123,9.337391522990981e-4,0.0019614400186489882,0.0011224867307840678,0.0035749633210825976,0.005032558732318774,0.015096172351881865,0.009734199399353289
0.09471798559666271,0.03811991981691554,0.0197118422436418,0.010631718371003325,0.1538890516935646,0.009608715537532665,0.09603902299077426,0.003378094367941638,0.0032633753132088727,0.003576808222580749,0.0035657612537025045,0.002288533303493479,0.006077560298538527,0.026092667179532653,0.02907139346305537,0.14816652398859836,0.0016690323939146491,0.004074447895957616,0.0011049970202955193,0.001541925987840328,0.004352116998436917,0.0014416645520850845,0.001235908120977719,0.008455297267191611,0.007163038785693969,0.02615357499746136,0.1667212548329629,0.0021288914911604274,0.010327991218554924,0.02387946356830933,0.0019657027012171526,0.002287106076161459,0.0011553763286341861,0.01749284566861125,0.0021338613734238057,0.001601397884587149,0.002670466835005748,0.0011434229103665357,0.002712735061666785,0.0016230860150060727,0.0033752159922477124,8.883355558219715e-4,0.002422313090065763,0.002201319015267497,0.0027424813349014735,9.855745827543445e-4,0.0019278062362353336,0.003088126733602977,0.0020401865874206337,6.873882748836129e-4,0.001835963741427028,9.060299831703093e-4,0.0031266200778767524,0.0049595279102896735,0.014341548455132616,0.011236982802632727
0.10085191130370337,0.0353157437191965,0.018292007773934173,0.010320819274929255,0.15571567734686076,0.009301465146065693,0.09854470271540389,0.0034636445536816766,0.0033623579763051685,0.0031705387929728064,0.0039556629986714515,0.0023422024450883146,0.005037573865423072,0.024596463632925204,0.023703094910550372,0.15761265568554614,0.0016144141341528713,0.0036530659088446953,9.881921436928076e-4,0.0018374858464835903,0.0038957406358601015,0.0015845948128506827,0.001002049946228365,0.008479558256900402,0.008269694069760492,0.02165225210406555,0.17000040775208228,0.0020549563033689655,0.009148438876081614,0.01808392298110271,0.002159765577688715,0.0022897720585873175,0.0011534936510194664,0.021531196288463225,0.002436716237455245,0.0015426319598931433,0.0026369577032879176,8.488720177089839e-4,0.002463619064457705,0.001785420169542387,0.0034800045902303534,6.698087394558088e-4,0.002162065170881206,0.0020653814756232246,0.00254827919747192,9.598594586976366e-4,0.0018809602987455932,0.0025675812803447854,0.0031670898356378637,6.953042055403926e-4,0.00201447433944595,0.0011094483008165694,0.0032174794690025786,0.003988945216028666,0.013557671774965347,0.009215906006275042
0.10928083352044352,0.0357042405912993,0.02158435215343,0.009587491642915787,0.15944017516421688,0.010218600632027373,0.09240392779769434,0.003442640541826159,0.0036031383339074,0.003346308223392762,0.0033855576257714693,0.002314346238278298,0.005643038186040068,0.023705366173821636,0.03028909546532951,0.15499198546830337,0.001541492882905864,0.003838761878698127,8.914883137574374e-4,0.0015425665228141902,0.004216932670495366,0.0018062123426684559,0.0012625956635133374,0.008653594117309328,0.008345640348906851,0.01843746983968779,0.15730831210209834,0.0023652958036343625,0.010582328362741259,0.02018739578421271,0.002129342162350918,0.0022593528313549936,0.0014133590941047484,0.017264419759771346,0.0024263921890697003,0.0015417732108029502,0.0025398756173775606,0.0010792802594517936,0.0031622207963771156,0.0017594926732405175,0.0033812659726068237,7.102431648679226e-4,0.0030736219238706283,0.0020004230272972637,0.003015184789105947,9.140591718294893e-4,0.002374827502177824,0.0026338597045596256,0.0025290525217142425,7.361996548836139e-4,0.00194996633255932,0.0010427296101417959,0.003537516288375721,0.004225079563693378,0.013349133764575171,0.009030144021698359
0.09458470854288048,0.03724213303859964,0.018533156219962942,0.009685695154460135,0.15636986045804738,0.009283136476418756,0.1020930958898245,0.00293333541347401,0.0035246082216417295,0.0035183541763121654,0.003731544272704333,0.002305387870107243,0.005142456676087438,0.025916957203055868,0.024561162609648565,0.16832899587447442,0.0015903984328973332,0.003483353773413571,9.675970697135436e-4,0.0017534347113511435,0.004862319282856833,0.00147273114680457,0.0012371477904609628,0.009650822942583693,0.00884943857897867,0.018808738749258154,0.15936074945889087,0.0022293083118479027,0.010726119636695446,0.020053006412483722,0.002552832885849056,0.002130592953326896,0.001056678430165438,0.013889597184676819,0.00217472729881431,0.0015403098315019694,0.002445108394659318,0.0012262686330105656,0.002394973701278687,0.0015072285364725406,0.003307313737214541,7.378993815386747e-4,0.002325190298311853,0.0019865564360627423,0.002703263641972951,0.0014039529912885781,0.0019324429739338376,0.00252704277714465,0.002435229640134875,9.453436005363254e-4,0.0021191507044678814,9.90998918019241e-4,0.0034414357241501175,0.003973063326750647,0.015279319311587894,0.010173724291193653
0.1020954466359636,0.03735696675443585,0.01701101276985599,0.009103187421512044,0.1436270005803069,0.009506783921260045,0.09531674633214335,0.0031372330697550035,0.0034150451464797405,0.0035302806443062618,0.003940884215942128,0.002005142415656827,0.005498419721340386,0.02630741795367544,0.026100661244008755,0.168403854080934,0.0018331054997642489,0.003129127270404695,0.001011991095363731,0.0016558361980312727,0.003864042974712871,0.0014246192347465146,0.0012130619587457753,0.009404487682042604,0.008659496196558442,0.029526983812313487,0.16208733397979685,0.0022616050077958363,0.01056417679079488,0.01858970417124983,0.002080646335165099,0.0022673819332516016,9.900012976828438e-4,0.016582907686891964,0.0021362485162344388,0.001560122153559934,0.00231135930825417,0.0012716175658383083,0.0024111672372578706,0.0015755514503568793,0.0029586586214318884,6.191716401501887e-4,0.002380360774560118,0.002147878689672376,0.0026959510897519245,0.0011194722131572632,0.0017740779063220784,0.00277248519697139,0.0023820136231423998,7.200840874204497e-4,0.002047793264855577,0.0011096019158027156,0.00400916076039861,0.0043319901080372146,0.014013235549976135,0.010149406293959303
0.09264754797012689,0.03314853174160821,0.018952303087987024,0.009359526247538249,0.148301945919056,0.009251224956873735,0.09906239664307961,0.003688527402776734,0.0037807346428708134,0.004017521702217316,0.003504534340683989,0.0022835492707884127,0.0071250743697309025,0.02502532443938466,0.025040089720821432,0.15996495742627329,0.0018229809002488545,0.004033291677735811,0.0012060370926763988,0.0017242336454668845,0.004168942734153589,0.0014816409289082823,0.0011981247066032267,0.009726009195407177,0.009348540179688038,0.024010523588878358,0.16813057774489318,0.002085153467040313,0.011401328801198542,0.017997017171311996,0.0022966260921803167,0.002454246635581166,0.0010969355778413141,0.020605310514408972,0.0022069319859881367,0.0017177436739838684,0.0026117633575454087,0.00098273465719789211,0.002844228347965748,0.0016479094993799152,0.0035024473904593264,7.743568527117029e-4,0.0023765127238429243,0.0020907545132838176,0.0031431747916403885,9.86322696077351e-4,0.0020837935601443077,0.002918945810010188,0.002475475977038347,6.626540395605925e-4,0.002335640745664783,0.0010077717273225312,0.0034374192317282305,0.003667180571641384,0.01698702722270612,0.009597900088067286
0.09900337115979416,0.03735785889614508,0.016743536696833587,0.009271174934113887,0.15721764960309362,0.009469563748527386,0.09566132594461424,0.003361096278488308,0.003650111559968283,0.0040563107284024595,0.004673933332946161,0.002109656318496376,0.005333055341397353,0.02659435265816886,0.0279186533082005,0.14506497137704336,0.0016848030607853534,0.003598975904318071,0.0010358540985900022,0.0015526791690733677,0.004160915264789746,0.0014688045620536675,9.097009364933851e-4,0.009723516462700244,0.0082190505289117,0.022631700197726725,0.16970961217676958,0.00232227157598479,0.011865656912915391,0.02124012973914249,0.002103639984529968,0.0024000167741495375,0.0013807804034117372,0.0173241317340881,0.0020702325626913588,0.001449200456341582,0.0023234052164833453,0.0010592220502513914,0.002995090696241422,0.0015553467758050396,0.0032528321986604303,8.376734977167326e-4,0.00257530284921342,0.002313652111776768,0.002682379419611677,0.0010364704424995078,0.0019145893849774496,0.002688521305688497,0.0027379260658343986,7.806324549011626e-4,0.002026723536803488,0.0011794639118554307,0.002976933651441603,0.004133310484875865,0.01559758475124739,0.010994644802414476
0.1052909760743597,0.03623121033087756,0.017308384844842116,0.009034438293044454,0.1637758451757889,0.009407032258499846,0.09602668631215693,0.0033232925761369427,0.003620803998218337,0.0038616288377629785,0.003487132508028019,0.002143264682659671,0.005460706202749816,0.02446624983625693,0.02693481997987046,0.13898999909995707,0.0017152043972761964,0.0036160229766454732,0.0010648422523395825,0.0015708000988861103,0.00494796750981043,0.0015613823765312815,0.001202872669031275,0.008326623876488443,0.008028652302872702,0.02810684658689707,0.16752661110273598,0.002366091373687713,0.011527251047941533,0.019553670938972475,0.002151358190462915,0.002204202362618905,0.0012450850010726035,0.01699150118488022,0.002363833526317381,0.0013515375130131661,0.002678136736933137,0.001051576780594791,0.002721636721889789,0.001510826492265913,0.0037660772612912834,8.357215351242318e-4,0.0025068355396183238,0.00207999828867759,0.0025842298348189995,0.0012960878780813297,0.0016944005236131537,0.002371329840671352,0.002329339785637085,8.699382175911349e-4,0.0019294619167567271,8.941491127003761e-4,0.003257533615610014,0.004105823534127918,0.015717819396107422,0.009014248688198175
0.1024735752986997,0.03829716816562564,0.019304145281941305,0.009349002210748553,0.15005589410689332,0.009120809493831837,0.09574338021400239,0.003252657847380393,0.0032918404255750065,0.0035117148240597015,0.004274200555073092,0.0022035110098066516,0.0057398841868193965,0.027147513390266692,0.02531365650109122,0.1653128194718163,0.0016184880760739754,0.0037484395787316894,8.846454962342195e-4,0.0015817364553324452,0.004695990586222491,0.0016223001433240314,0.0014125110743942882,0.00834156590698712,0.007078975917208657,0.024297262502179607,0.15608527443549963,0.001964405871765552,0.009499276393104307,0.025901723898972794,0.0022061729592493485,0.0024162450131110127,0.001266150015645073,0.01594623532916041,0.002079179651585702,0.001464978020484526,0.002390686597657225,9.816206627947404e-4,0.0026207033493396772,0.0014526563284687525,0.0035705424348093143,6.926721245540084e-4,0.0023138774377453554,0.0018627391493563866,0.0030527686230369146,0.0010833709134239534,0.0019783198451084976,0.002901381281464432,0.0025981719332274942,7.543727173564032e-4,0.002105564639073001,9.76204527087262e-4,0.003179496690326259,0.003646798862901216,0.013463932352555004,0.009870789220815957
0.10630854428722294,0.03776108721381765,0.019111958703200267,0.009323790605120643,0.15233299768437825,0.009057990729749445,0.09601458295400714,0.0031410715524583434,0.003541414733645202,0.004161706558055497,0.0031694376775171502,0.00229001815107977,0.00519641443533235,0.024869496246711007,0.025281198063253733,0.1627960082927903,0.0015428932000822232,0.0036435460146677125,8.225116687529014e-4,0.0017905056556582798,0.004260004217726537,0.0017170749192429867,0.0011268900289376574,0.0078016475632502425,0.006619370889429796,0.021542783958944323,0.15605615564721312,0.0020396199915432077,0.01152580502783345,0.023353099057693224,0.0020811001846969294,0.002052163916929637,0.0011809274559305626,0.018676211980718452,0.002030776694914314,0.0013597247398436493,0.002530958142757056,0.0010917980464241466,0.0026717377314117033,0.0016564485371748346,0.0035308946127921128,8.483558760764921e-4,0.0027119244636299015,0.002103708613421313,0.0031841495068130046,0.001108949919485057,0.0019707909383204656,0.003215704380638661,0.0026529560265630444,9.448578353059902e-4,0.002296592177442646,0.0011350395831224377,0.0031693402955593262,0.00418037123823739,0.014193800167156477,0.009221091205319004
0.09790763124456497,0.03566395531759465,0.019280129660476476,0.00946186957226817,0.16347391128417826,0.009346859583401099,0.09660547840843287,0.003416364541392834,0.0032055377752183228,0.003338682553910393,0.0036674679115515484,0.002321820519036343,0.005439902726408701,0.024679985468407155,0.026426858676024793,0.1544043988624542,0.0015359261866439307,0.004229233384624464,8.702909835967628e-4,0.0017316891710001056,0.004951613147322467,0.0016653770705409455,0.0011430092670395371,0.008606560992154282,0.00852814280640043,0.022991768294433525,0.1589800881360627,0.002583078446044678,0.013718076397330132,0.018777143840135648,0.002359397406359456,0.0022528930391955753,9.650325098860547e-4,0.0182630157212911,0.002074147279704095,0.0012650134312061111,0.0024527344844156025,9.098892669303783e-4,0.002430761156268616,0.001812302032263683,0.003434284339368641,6.675869259561713e-4,0.002308958822793648,0.0020132682894971983,0.0027285359459124146,8.932293197850511e-4,0.002254592712942626,0.002497367305930779,0.0021958883288876446,7.100114734583495e-4,0.0020840070404683467,0.0011287819992190542,0.0030924319082237866,0.005112013994165393,0.013843432737950391,0.011297570299269397
0.09759128001813697,0.03752160430167827,0.018109994346706914,0.009401756636560498,0.15559783323028006,0.009279569174914614,0.08784342485012248,0.003329536267766653,0.0031916799328293595,0.0036222145305698315,0.004614097253497251,0.0024934480809016765,0.0055018041311245885,0.022124558351594117,0.026669102967047432,0.16146739805837373,0.0015964871910423672,0.004421312312575191,8.461739679175176e-4,0.0016374041037876459,0.004292856470799425,0.0016319372626090673,0.00102513071954945,0.008774818531167197,0.008275893919269516,0.025722138373874437,0.17020997153962375,0.002171104206002076,0.011792113133016334,0.02087077365790077,0.002413286296399818,0.0022433254167637177,0.001039252326182957,0.014511704124514978,0.0021009876641383883,0.001479772998820855,0.002236537649735954,8.991158972603132e-4,0.0029967186994232452,0.0016329592115794068,0.0034281932285096395,6.435616072141491e-4,0.0023976803705626766,0.0018618758186871515,0.0024455267526663988,9.695128305926569e-4,0.001982703069506863,0.002567953482465768,0.0026730473379869444,9.012834669720074e-4,0.002349242620091589,0.0012081194808152133,0.0033585762697649884,0.003935574391827151,0.016367994065543973,0.009728077400733929
0.09821504255656074,0.03733549405088388,0.01986819715911303,0.00937712506844969,0.15304453830093004,0.009408685753033004,0.08968517961568623,0.0031916008441974495,0.0036398939563320144,0.003504520212419576,0.0034364884624458426,0.002179817048802548,0.005057804531003755,0.02504191575382641,0.02726572642396662,0.15053063232380215,0.001389118148211294,0.0035120710364313986,9.565429720153086e-4,0.0015539783028179085,0.004639437839366068,0.0016101217994467945,0.0011349030486887794,0.0062177279727327,0.00860730557046115,0.024217977752161723,0.1810907630607993,0.002466228724200296,0.01063462940467548,0.02195807826053942,0.002472033588604764,0.0022276669507060296,0.0013863644872408331,0.014599214965710622,0.0020905187240902357,0.0013614994479030677,0.0023526989621932485,9.949178708722921e-4,0.002887227818939526,0.0016552209561610587,0.003706938857832436,6.762894466540575e-4,0.0024413213385389675,0.0020433625851123054,0.0029919814174268473,8.297012499923028e-4,0.0021910469741340997,0.0031587607103625718,0.0033389914395868005,6.028321536368296e-4,0.002160480958171152,0.0010793942383933,0.003214144506547204,0.0043496353346389365,0.014108363566960212,0.010307845495589782
0.09648555930550694,0.038305621747603345,0.01775639297690389,0.00921487869929164,0.14679016370503034,0.009749205404868469,0.09470760918964473,0.0033243314092360567,0.003587118525719952,0.0033849476342766227,0.003766019480994478,0.002104344202691436,0.005591003178632623,0.024206284615042147,0.029944805538788883,0.1670867129195627,0.0018144326762876925,0.00339613715978573,0.001073382992645291,0.0017179286712397668,0.004509713331458996,0.0014696808060260728,0.0012127713142911995,0.006987245557215089,0.008192965536268278,0.0190988083664631,0.17311353858906336,0.0021450534209236805,0.012803242174996168,0.018615157951885907,0.0019574016055451623,0.0023091805021921603,0.0011715183791948696,0.018240912056940055,0.002155460303282713,0.0016215910746063438,0.0024459602044194706,9.849093358388925e-4,0.002919507258833503,0.0014470708723400407,0.0031442943644573594,7.193926711722208e-4,0.002458603768222524,0.0022149206821349397,0.002257095916393302,0.0013720547306736392,0.0018754589177517047,0.0027973929743527327,0.0023088516145865837,7.253645504495694e-4,0.0021160154987301567,0.0010697446352556275,0.002640842358487473,0.0037799121513583268,0.013687178605677633,0.009424307884758395
