i2_health,age,household_size,cantril_ladder,r1_1,r1_2,week_number,hl_covid_num,vl_num,region_Islands,region_North east,region_North west,region_South,gender_Male,i9_health_Not sure,i9_health_Yes,employment_status_Full time student,employment_status_Not working,employment_status_Other,employment_status_Part time employment,employment_status_Retired,employment_status_Unemployed,i11_health_Not sure,i11_health_Somewhat unwilling,i11_health_Somewhat willing,i11_health_Very unwilling,i11_health_Very willing,WCRex1_Somewhat badly,WCRex1_Somewhat well,WCRex1_Very badly,WCRex1_Very well,WCRex2_A lot of confidence,WCRex2_Don't know,WCRex2_No confidence at all,WCRex2_Not very much confidence,PHQ4_1_Nearly every day,PHQ4_1_Not at all,PHQ4_1_Prefer not to say,PHQ4_1_Several days,PHQ4_2_Nearly every day,PHQ4_2_Not at all,PHQ4_2_Prefer not to say,PHQ4_2_Several days,PHQ4_3_Nearly every day,PHQ4_3_Not at all,PHQ4_3_Prefer not to say,PHQ4_3_Several days,PHQ4_4_Nearly every day,PHQ4_4_Not at all,PHQ4_4_Prefer not to say,PHQ4_4_Several days,d1_comorbidities_Prefer_not_to_say,d1_comorbidities_Yes,vaccination_status_1,vaccination_status_2,vaccination_status_3
0.024499253524612474,0.04438552136460952,0.052414483039460676,0.015858673040356885,0.051715907502588095,0.015433597045619826,0.03530348963577626,0.00532269013962875,0.0053480710861345355,0.002869845196995278,0.003941633136002524,0.00398377526751481,0.004335199808175571,0.05148379004254495,0.012477700032288054,0.16201474912345992,0.001886758296393861,0.0024572815033906664,0.0016432043694008776,0.003513265734580141,0.0034951416874393756,0.00337927916585577,0.0023621893009665,0.018900901897710664,0.012657684571403703,0.030297152877956274,0.22519685956708627,0.0032291438656974433,0.012549290235971131,0.014990622522463118,0.0034093775905238597,0.006997665712612098,0.0037004249690496113,0.013600790891993121,0.003638611944090553,0.005333053629182952,0.015108327460315232,0.0023028039225633777,0.009883586822493094,0.0031870408218543033,0.011412145620378353,0.0013645444037254143,0.006150425607373999,0.004426875471219391,0.004040473886664355,0.0014886833265953898,0.008087821588970643,0.0051346667412785416,0.005774716492501817,9.313045629143813e-4,0.0047524795518335975,0.0012529023415126224,0.006017364858507336,0.015752186332262497,0.02358420284312685,0.0047203680243726905
0.02580498071744224,0.046698948420794535,0.059315011422399325,0.014773235287646376,0.050279430071598984,0.015385999314053694,0.032203876084554446,0.006456630592466987,0.005604153204929953,0.0031965071903455084,0.003628284730947983,0.00396885671095146,0.004408436540822285,0.055062015126786726,0.013368513663001949,0.15385095067866913,0.0018499871586329078,0.0031270959104224695,0.0021856510303533746,0.003700077440505715,0.004296193629804084,0.003388336842042096,0.002968527332148988,0.019023099784808786,0.011421273518603347,0.033345271025294505,0.21134933298683198,0.002887396354592826,0.016063529021127024,0.012162687415664243,0.003113124009215714,0.00791647739031028,0.0030239817225760205,0.014699446321487083,0.0037398682109283884,0.005260069477372739,0.015943750141019588,0.002010184685620238,0.009476974429084314,0.003087381407005845,0.012609179170358564,0.0019555797082409154,0.0068616022856810375,0.004297079452134619,0.0035253495855936427,0.0017686788408450215,0.007691799960251327,0.005307032826940097,0.005890377439496958,0.0013144761381624803,0.0055068911273347424,0.0012393400174988151,0.0055506185153225635,0.016565277208366147,0.025092520041144015,0.00477865067976491
0.026430701551807337,0.04430947974323245,0.05233887199027715,0.015940389411761534,0.05319352743081588,0.014732966415196308,0.034572668916500224,0.005653143442994789,0.005939714660455729,0.0024640397491919592,0.003626282639967782,0.0035781299495027193,0.003748491997843226,0.051496838151965416,0.014060690518191633,0.17338163617094016,0.002023724921049803,0.0027991282674888337,0.001883834953328246,0.003916854970825402,0.003594103731379475,0.0035942323759284556,0.0028003439523568863,0.015841219185451682,0.011334815645149942,0.029061570727019256,0.21496596909051818,0.003631245910890131,0.012960319394977592,0.013611180421039667,0.002918715213465217,0.007228084505972503,0.00443062033200217,0.01294147245778557,0.003884437473143724,0.005565274449278989,0.01445708074180709,0.0013822829302415276,0.00926492918135497,0.003563967808518747,0.010645841264506909,0.0013567024335108644,0.007026017709720334,0.0041043334141071,0.0033835910548762373,0.0015255174196554305,0.00790738932032679,0.005180015278663881,0.006013125814120617,9.609637942324014e-4,0.005595571521541596,0.0010831222023013317,0.005930719312051274,0.017613809800520866,0.02370683550565293,0.0048434627725931325
0.025304160762400718,0.04632148733477506,0.05336735538174133,0.016102955120618538,0.05591682481768196,0.014614528483349452,0.034555692997466324,0.004749166605070616,0.005551856157377153,0.0026539743314983283,0.0034746868383164053,0.0038515330732371905,0.003667085238776831,0.0495525972628112,0.012565558842611338,0.18100842324144367,0.0021148591957113904,0.0025526277129100496,0.0017974706835746546,0.003267844949679762,0.003529423194575201,0.0036394292659926194,0.0030645447946005583,0.019585468961018464,0.010910688371316053,0.028189234501632993,0.20366084795322012,0.003275213736009523,0.015702288374080036,0.0138350561907216,0.0034596240849723956,0.008954915283443627,0.0030497158086853593,0.010396935774901722,0.004027139701048,0.005155951518874408,0.014277837023137525,0.0018721625772935072,0.009545015857824144,0.003392245200630496,0.010729567666157496,0.001355455250763898,0.006814547484995129,0.004717137631200353,0.004115036222596107,0.0018010274543990136,0.010340253045804387,0.00523575693911662,0.005271856958366911,0.001275524394431049,0.005462484578807458,0.0011789685246260818,0.005847286757582162,0.01639398561680415,0.022549759609754062,0.004396924659564815
0.025320727804389993,0.046702465095485035,0.05120070675199919,0.017413356348606475,0.05137398022923208,0.014898318849986878,0.033546558368485184,0.005293005628373977,0.005471455719032324,0.0027279262099975943,0.003583842553951487,0.0034505497498031517,0.0038719950254511143,0.050221147478719745,0.014829766480147109,0.14919820467621783,0.002120017212170346,0.002163864467338068,0.0018287305147788049,0.0037373640560424497,0.003680678989799231,0.003093484500166013,0.002651442755767465,0.020104494558004282,0.010848975004223261,0.031001181361412812,0.2366265821863216,0.00308569844762246,0.014202050647515709,0.014120823896438879,0.0028141168109628283,0.007945448764359611,0.0035124044088943296,0.01203647200482625,0.003545009234891509,0.006000891178114085,0.013959298077674194,0.002153234708209553,0.009837267872728152,0.003857172657369596,0.011711679680998094,0.00159173180842258,0.007150441783467239,0.004555515308236758,0.004043283711512367,0.0016483342178755182,0.008733679948356105,0.004791029161484905,0.005248326221045009,0.0013155720432150213,0.006081592817504385,0.0010492316352651468,0.005234974750953198,0.015704759274892913,0.022349708616863154,0.004759427734396917
0.026394707345737182,0.046250332091337484,0.05757202209205986,0.016073256855095475,0.05649191303948059,0.016093504582997673,0.03413684237450661,0.00546544534270742,0.005271696318749196,0.0029487874221562765,0.003254147134161295,0.00368030724420225,0.003975046966753021,0.05204320207649325,0.014657333190243321,0.15188806942504943,0.0018485662785906064,0.00275505920335984,0.0016760159503251136,0.003466503122744064,0.003467620444370659,0.003440828120619566,0.0026933577452647856,0.020824358049204482,0.011578918103039761,0.028893308222486373,0.21359265916498452,0.003883337570405317,0.014042893120929151,0.015053603843923074,0.0029247165136296743,0.007492031723066713,0.004084367425714505,0.015186936926902737,0.0035253456089077086,0.005718550065109402,0.01431036720107991,0.0020756760452712714,0.00800920515310167,0.0032754292684391735,0.011877327966457452,0.001975744745668118,0.007301974050328297,0.004519897808954952,0.0036340443832144154,0.001427460128023188,0.008541513363309463,0.00493164677264627,0.005835138843210886,9.82048513744492e-4,0.005846948705820422,0.001269095512735209,0.00605685243551407,0.018322125128519218,0.02312828938627278,0.004333623882380384
0.026156085905454075,0.04097709431780301,0.05377560470227887,0.015399021345849752,0.05742741366168121,0.016458005212870382,0.03365808845759061,0.005282417060972078,0.005885931144166553,0.0023721682472446983,0.0035190606332998935,0.00339047085573444,0.0034972083943696545,0.05426582426007448,0.016315330637821174,0.16704554422297982,0.0019033500364564874,0.00299914730384486,0.0015079276145947714,0.003575692370795861,0.003445101481725662,0.0034404465050163415,0.0029094451352963545,0.02065801141573821,0.01190002085980779,0.03360357132982632,0.20926288374627686,0.003432955888255151,0.013235880877872688,0.013548840685704479,0.0030272112879776996,0.007426977560819025,0.0037156557883839566,0.015078503590530989,0.0034629481855425527,0.005377228598554514,0.012943845983300947,0.0016481091059553955,0.008369649180386374,0.003133217702887137,0.01290315609010397,0.0012085806778244195,0.006448986234293903,0.00423684514085831,0.0037709496287038962,0.001427308129144977,0.007214812773641758,0.00518663642985753,0.005486835717158874,0.001061588878208469,0.006025407644760662,0.001159239444770877,0.005961722932577053,0.015374166511510308,0.023311428589862848,0.0041904438809809985
0.025332225385349003,0.043598087729360246,0.05045390075452075,0.01606664810067022,0.05552038376495932,0.016152030413672695,0.031297470970081946,0.005400678188501701,0.005524543966130691,0.002758972074977617,0.003749857612754935,0.004135881112086099,0.0039127493131346485,0.05351576913278738,0.01467422459480428,0.17202699713871974,0.0021529688612083164,0.0026430643978330947,0.0013541228770289305,0.003514397556137631,0.003830853431997032,0.0034681016122194526,0.0027632494099783427,0.019713016699291055,0.011060037437389808,0.027020980728635756,0.20765303181736636,0.0035375571114311987,0.014320362052316918,0.0166120816650584,0.0028346826713662554,0.008263897160785192,0.003377358327341473,0.015496023011323527,0.003704686088581164,0.006350053893743516,0.014389504162126362,0.002091923775474444,0.010488875555419188,0.003328183959251702,0.013092184461695662,0.0014039592450393276,0.007241591884034339,0.004039359788871487,0.003938590249965618,0.0012147692965186663,0.009766555914662224,0.005217389674825727,0.004958485427695983,0.0014031802083920122,0.0055977460408412685,0.0010774735841947928,0.0050878613707246905,0.014926015398795083,0.022556461856246646,0.004388941081680118
0.025916846705076647,0.04531783317311781,0.052144287624727434,0.016981843357587678,0.05489647992130343,0.015136364434362587,0.033727077737688044,0.005388693198308267,0.005688999936460818,0.002667219005848259,0.0034241029119208644,0.003582037911930233,0.003571647464031296,0.046302028925893704,0.012062487126028558,0.1606691629329109,0.0017970215453694855,0.0025540808597905892,0.001880249310146125,0.0034472661458997828,0.003953753532009428,0.0032091093058092554,0.0024586746207682377,0.01886312771509916,0.012752949835874813,0.025238281844445733,0.23013707200810316,0.003455172452734978,0.013501088190112502,0.014786317602963584,0.0029993332057012263,0.008417860609286293,0.004599683779265174,0.014018156517979264,0.0034648857590859903,0.005343162730669711,0.012888353416019325,0.0018978822349089704,0.01057283039545011,0.0035762642574085936,0.012463427562174693,0.0012282604297062282,0.00788970865738543,0.005100249487477049,0.0041063119741461115,0.0012432348750094065,0.00785359458604952,0.00543734363715227,0.005270139879559216,7.82526921582218e-4,0.005642830129634183,0.0013605918963775134,0.005947575038110632,0.0163968354375119,0.021284221742748143,0.004703457503277561
0.02555879047654461,0.04634469386720703,0.05020018088175531,0.01647258257764598,0.0581158422035354,0.016759265540950825,0.03168294399078729,0.005379041930258287,0.005678194974590687,0.0026053922866940958,0.0036495285798447043,0.004207094613667297,0.0038073204651990294,0.05725080069200996,0.013839720921764732,0.14774935462799516,0.0019178839404295454,0.0028148534743301736,0.0017635989676634857,0.003078837316480471,0.003377936721818053,0.0032969743091418703,0.003052625091993625,0.019984847434555107,0.013018180711312478,0.034274223394285694,0.22455450001527735,0.0036631850482631745,0.015303099139339084,0.012939384361787827,0.002938222379386169,0.008525730629045318,0.003534842377459958,0.011332601982045732,0.0031300672955884767,0.004309877237420919,0.015708030734147255,0.0022744875275491406,0.009890802731959095,0.0034245678731460558,0.010481505533465451,0.0017595876097498732,0.006540498307069739,0.004467086890705055,0.0040176368268349544,0.001707759639200639,0.009016048762955505,0.0055408700076130645,0.005432063104195505,0.0011915683172472311,0.005553671388465943,0.0010849360841990682,0.005529514969964865,0.014894470439856984,0.020044673634076873,0.005327999159522814
0.025384860127102574,0.0439729623812089,0.052585349205059674,0.015410800993153187,0.056162676632703384,0.015136134930651957,0.03267105030312146,0.005687237937934093,0.005489226073381403,0.002662948516419706,0.0036884359425101705,0.003540104026718074,0.003998611947836786,0.04879615603854355,0.014705504244359784,0.1491158066609924,0.0019721674728406975,0.0030854076024906924,0.001633189992434307,0.003380953816043428,0.003608190601756254,0.0030036388967311666,0.0030014165571702564,0.018199307095099364,0.013936099535652339,0.03146634063013491,0.22612109797488145,0.00401190813227841,0.014824243943023585,0.012608672608742955,0.0033556621006626745,0.009304741859797691,0.00472270031024494,0.014333425276422514,0.003556028560237021,0.006169565191518832,0.014022907930222499,0.0017652994918321238,0.00943131609719673,0.0032961015376372993,0.011165310826978891,0.0014645831369785806,0.00712040415531343,0.0043832592491208815,0.004416779112947544,0.0022636667761674408,0.008953557037256877,0.0046374480863054495,0.005476792415424048,0.0011556598246926808,0.005083481909024857,0.0010837567183870347,0.005086164722352639,0.016379770018960446,0.026834817592309056,0.004676299241030902
0.025992546892651767,0.04567776840980954,0.04950104919795529,0.015475128825089637,0.05858334857282215,0.015915679006989654,0.03238024727223907,0.005872413331645409,0.005445204249994576,0.0030827952591564486,0.0037093760392106724,0.004161990213862018,0.003955418890564271,0.05012607776550247,0.013472424618739105,0.15673424990294663,0.00207128832047099,0.0028856816744679396,0.0017937290129358833,0.0031207180067764286,0.0037100022503308173,0.0036293617573730434,0.0030285759839309206,0.017615803208552785,0.012084649512314274,0.031970213362286275,0.22618468549907497,0.004038318102983366,0.01403622561728729,0.0118057680912575,0.003209276583899149,0.008820607784154718,0.003332020815338879,0.012705307006111326,0.003374263641605809,0.005564853352441751,0.014099221724246797,0.0024231637839893564,0.009951233209778945,0.003019147925174026,0.011767810693231977,0.001585039585086005,0.005840390237259339,0.004739618593489383,0.0038490480502742373,0.0014571271104644413,0.008732855112937102,0.00535348528805902,0.005665118296754566,0.001229150628730713,0.005095708332045981,0.0010591508733796317,0.005798181417535581,0.016220587323926436,0.02248161988477973,0.004565273896083863
0.026489598964243175,0.04840315032974152,0.05165142854357282,0.015299623451181289,0.05517341667412175,0.015360007319985687,0.030624379723336932,0.005530959924641777,0.004817552901499084,0.002727411275118772,0.0036569963426866716,0.0035730291295425665,0.004224454785269478,0.049492502775007975,0.014372458440761465,0.15953456441624753,0.001969436252248661,0.0024973430624101764,0.001988633913610502,0.0035987982541636292,0.0033833689734638172,0.0039028386837886737,0.002388646450524539,0.021022869388089775,0.012678695252980062,0.028784026398598013,0.22400086209073503,0.003518857311633138,0.014916994672582663,0.0138471230179783,0.003061740555268798,0.008508102480143763,0.004642862513161551,0.014318718559588484,0.0038336927785587137,0.005482703821586359,0.012435837663752546,0.002311031033204314,0.00885488745023169,0.0030869638573237388,0.012231189447062918,0.0015973291939630884,0.006111735238605822,0.004788458486675462,0.004030716542719637,0.0015815397644168036,0.00913647891026395,0.004528919820109186,0.005635602068462625,8.826104822044328e-4,0.004928497889433201,0.0011194311741839801,0.00581645567633674,0.016351128589243962,0.020594161893609197,0.004699175390123592
0.02715737794147852,0.04703969972064264,0.053193302721192576,0.016849347787394456,0.05516944744367405,0.01582803180606183,0.030721551327921263,0.006180731200179046,0.005189716086508104,0.0025393819218390676,0.003609483618377947,0.003543343033202733,0.003930253928542115,0.05402356353884898,0.011147973456037921,0.16177940876176677,0.0019771529620751537,0.0025893125742978865,0.00160687452893136,0.003702753727522194,0.0036987518920465023,0.003307625624125579,0.0024447609319997736,0.019067116602624046,0.012993548013699494,0.029862841546090486,0.21190193876783958,0.0037406336963953183,0.01474258243916362,0.015277502578237666,0.0027882446313325215,0.009302723832639543,0.003529475857256711,0.01341322831316029,0.0034818858415410292,0.0058900004324381455,0.013941670665574384,0.001289895314091286,0.009148338331727375,0.003894024730885713,0.010042314508700119,0.0011279942233930135,0.007541605057354893,0.0043149487922389835,0.004313783407289163,0.0011988578154583623,0.01057602582854102,0.0048026842050339115,0.005383125215623112,9.503479788400684e-4,0.006072875254662207,0.0012723505897690621,0.006288949020434428,0.016251112184746973,0.024444966422214772,0.003922561366336156
0.026668058146087192,0.04724682879599693,0.058784995438286254,0.015363310517965,0.057618244080871794,0.016177242366167723,0.03178316102934101,0.0053898285767406155,0.005752152090266641,0.0026996721552738035,0.0036573891225393424,0.003780465548351761,0.00362850844750739,0.04501953080320644,0.01407243096081851,0.16709853231041696,0.0018671440778763977,0.002555702111400369,0.0019943915825197155,0.0035949426089450956,0.003214833005945567,0.0033167956781750283,0.0029077154906805205,0.018306496852842514,0.010989913492548103,0.03060706672987974,0.21500506065119165,0.0034394161255671685,0.012445127037290329,0.015062951827961779,0.0025476957598473686,0.008513422154685944,0.004326875197760705,0.01127357381834124,0.003640387230390552,0.0054477851621411106,0.010955156137065429,0.001677603529128102,0.008749787321687984,0.003388571592056102,0.011986432983841168,0.00134409539779291,0.007253255803825815,0.004921768971760987,0.003975465598785433,0.001236862853501579,0.008895271198458525,0.0046436748569001155,0.005687311737195561,0.0012068570776629843,0.005251491244643929,0.0013489271675165549,0.006325444188270587,0.015143160114420387,0.02542453404597508,0.00478668119368244
0.027516784625415246,0.043543319391544426,0.05299175723207952,0.01607035333669262,0.05318322019691081,0.01566934860117127,0.03241820757784681,0.005780114290927552,0.005630500497976163,0.0025526571314628955,0.0035645858264742297,0.004145166722064304,0.003590548459890343,0.04795442558547436,0.012339024977594435,0.18401199452828637,0.0019912725335665144,0.0027333683523171606,0.0015125468516149609,0.0033760158485090304,0.00348023644936755,0.0031001872028966156,0.002680442544959611,0.01770985576294516,0.011656048027017103,0.02252146350636866,0.21212191305649056,0.004303785296766016,0.015181537574009293,0.012892002351065145,0.00306044745567168,0.008150719990679827,0.003831516146765241,0.012326483064689572,0.003375666233526892,0.005258511523979116,0.014476724136432776,0.0015342627741749286,0.00946510241416735,0.0033017475223506396,0.012341572301178376,0.0014193936663794281,0.00659320284309882,0.004224595587268899,0.004101959025375354,0.0016025783381098087,0.009090871514836675,0.005596956847640432,0.005450804646948866,0.0011907806045819054,0.005596067084478208,0.0011655259905950874,0.005710869414834829,0.01614539564213786,0.024361087515276273,0.004404473375116373
0.02561332099246985,0.046274031042851625,0.05196188079059467,0.017070593866420063,0.05605873078969545,0.01647667725206911,0.035058270447296674,0.0054690239094877064,0.0055629948203080055,0.0033092560862814017,0.003946220950691599,0.0037076497939816334,0.0036916311444908957,0.05422092159598217,0.014697722603103812,0.15928434662122865,0.0023939732859900626,0.0030990918793059744,0.00156796451392916,0.0029918342686568625,0.003936678373574605,0.003231632557094171,0.00270547897318956,0.018714525017972994,0.010786158112270733,0.02749650136037287,0.2180903436836137,0.0033984251276618907,0.014399896645226812,0.010913675594967287,0.0031059355647619687,0.008880183213566872,0.0033258370020241438,0.015221005954338609,0.0038146400921594617,0.0052044905540928185,0.013964129156939785,0.0016568914118693418,0.01059954819377535,0.0034857120707962085,0.011020237728364525,0.0011628288158087403,0.006666660032128567,0.005012293950713614,0.003924470529560957,0.0013652556308584578,0.008435222570806563,0.0050076498734654305,0.0054222208067839645,0.0010061565747505326,0.005634427769937548,0.0011895118532665389,0.005817099297173204,0.01688961657263665,0.021516364538177856,0.004542158140462339
0.02451943747874175,0.04197389299602405,0.053359714819707436,0.016346965870221275,0.05493083062261405,0.01522366843121707,0.03472939516661859,0.00575514038519543,0.005464530372488028,0.002950632362725384,0.0037058518627749743,0.0038974834693335054,0.004205340365210288,0.0470930516442861,0.01161035155770524,0.19197976710072265,0.0023544841158712236,0.002806292438164143,0.0019231765122441034,0.00337256291622457,0.0036950421646018447,0.0033198479605874233,0.0025986858821339873,0.021689000549811727,0.01092106614054103,0.025717691691324384,0.2001845302725321,0.0036021113006198917,0.01264773739440472,0.012729031135534571,0.0033576863343311152,0.008998867764512957,0.003368565572711778,0.01463407962787342,0.003449253551964485,0.005146711944077436,0.015017883905836603,0.0013469540420238282,0.008932742247358981,0.0033034729333267917,0.011355294184590928,0.0015176985479080905,0.006741277007530971,0.004002844919764538,0.0037164176617750606,0.001462110640746226,0.01003760285453955,0.004703982503564807,0.00583907024914962,8.493276295666352e-4,0.005535209272800368,0.0013242357532954635,0.006608666581056056,0.016666920722451208,0.022861749671169964,0.0039140588958915985
0.025575767737504963,0.043838321600187184,0.05340154067268268,0.016667269811446665,0.05511104652702304,0.015430737093770939,0.030787470007359204,0.005512950804867099,0.005160574335154002,0.0024730417217846434,0.003674745042904486,0.004031988804572725,0.003862136094906176,0.05438608492080956,0.01157673929565808,0.16179177663636862,0.0021490307462488237,0.0027916819934360004,0.00180516467153046,0.003489856889947098,0.003965592497076983,0.003917322588224348,0.003518915016729808,0.017732898150221495,0.011317155655976402,0.03499529163822955,0.21630681678272193,0.003418514101333557,0.014203210089550921,0.014372483491509467,0.0028971194973426303,0.007922352848717094,0.003478412080191657,0.01515254574360374,0.0033159951572205855,0.006721377864718351,0.01291530429298448,0.002254802870175262,0.01027337803984617,0.0035541820335774762,0.011792298398623738,0.0019668102385871043,0.0065196592945657855,0.004611775321645107,0.003986244848882125,0.0016371994906254224,0.008271436388998181,0.005603682000911436,0.005418378093707616,0.0014090972342454542,0.006376642551620998,0.0011848785338685421,0.00486322099692205,0.014534948466755846,0.0212033035503893,0.0048688287415369355
0.026280640433636905,0.04313574279174933,0.04491056808519822,0.01571145837520045,0.053366080769682224,0.015292152696573816,0.030585349219040346,0.005451948212379052,0.005772797081223125,0.0029913356702924864,0.0036024907892326084,0.003977900030189129,0.004108101008014314,0.05050386674520428,0.011342745400339974,0.16824589168061624,0.0017258858907434442,0.002829937520248091,0.0019865142800211057,0.0032745778752935393,0.003604013010698995,0.002885739050506039,0.002167222821627748,0.018586395434926448,0.011961610711853417,0.02826954773545783,0.2411644436521072,0.0037020712025902527,0.013965955687947222,0.011007247802849554,0.0030155831602603498,0.008837348503489386,0.002894808247829953,0.012808661385164932,0.0035434619712584594,0.005955455083573893,0.013026623188949451,0.001618687280376047,0.009075645056556125,0.0034571688163544416,0.012844371976883002,0.0013402372332200168,0.006839675451748692,0.00479464185807534,0.003867263045432339,0.0012553486170716526,0.008557277015176855,0.004630350693812902,0.005358202711245333,0.0011868288660023519,0.005578913785447278,0.0011050119833133937,0.005567463431643575,0.015188952908428694,0.020660235732861496,0.004581550330380636
0.02546998795548757,0.046330913784901465,0.05012208219697247,0.01611021888335757,0.054406968904109704,0.015726849936222056,0.03243198220301314,0.005763999086865753,0.00538556744443119,0.0031736958481800043,0.0039416981622727824,0.003880010721028169,0.0036093669202459603,0.04988590285981834,0.014649516291900564,0.16784867543499465,0.0018939076853326123,0.0025584840602060894,0.0020154335132795192,0.0032968040085794626,0.0035809338521641493,0.0034063971419811398,0.0025588757786071093,0.02190683360394767,0.011020862258673055,0.026412095692348016,0.22235115064502106,0.003667186380531653,0.01441891011084318,0.011482447211154267,0.002682574469273631,0.00869702877809552,0.0033657604623486184,0.013241065412924987,0.003779102950850084,0.005570840205088516,0.014315632239365743,0.0021479345638493593,0.008080004798983674,0.0033475426563371745,0.012745696724389606,0.0014243609428976007,0.007036990708931361,0.004731489462009975,0.003848029304822941,0.0014628918103910494,0.009307898149243946,0.004978295448536669,0.005670111119838452,0.0011214641747587346,0.005219480503715716,0.0011103888571699818,0.00575227714471069,0.015127071197224565,0.02134189177616439,0.004586417561606644
0.026587525954615318,0.04485297973293758,0.05388909536426635,0.016605007574953434,0.053340361397139636,0.01585648176365237,0.033168312600857286,0.005655001687616463,0.005453516213121007,0.002712050927153954,0.003537540439000833,0.003998284444838598,0.0036127790911522134,0.04736454223999568,0.012495954902502451,0.1716896963762646,0.0022859668480995424,0.002498708727251071,0.0014497325609759072,0.0036026871276259808,0.0035823395205262115,0.0035871942172947756,0.0026798877383000202,0.020340792353141495,0.012734916386481939,0.03269619438262741,0.2086546021354165,0.0034103949798088046,0.013369809459983456,0.015248389135143007,0.003193921460097785,0.007486711339025279,0.004445022133192035,0.015102332203731396,0.003525802952549196,0.006404812649442626,0.01590974233926318,0.0017090769702671862,0.008972259109521822,0.003257640883106633,0.01174309115707986,0.0012528675279591388,0.007035633479713382,0.004590497750413631,0.0039494423699047146,0.0018378768662567267,0.008491702085032709,0.004887239321906053,0.004722192035985952,0.0011935691985899934,0.005637505439355658,0.001044529894208386,0.006529832565350579,0.015347099144667949,0.020423749748062055,0.00434510309257215
0.026768443879657475,0.0457438305660595,0.056498617451933394,0.016536005353581636,0.058212972617927426,0.01519100636006732,0.03315694420152452,0.0058202011369080766,0.0054505295404260355,0.0028317771498422026,0.003465869687476747,0.003641637504963313,0.003973241989880868,0.05005118800625021,0.015371299532101266,0.15536852917558758,0.0021547448792577496,0.0029560663659603434,0.0016467367094234288,0.0033023745389181504,0.0032772713574780975,0.0031997976555745403,0.002749546193298709,0.01814778681862978,0.012448374947255425,0.030797387178614005,0.2135200821347858,0.0036216558129498985,0.014306937021575672,0.01356553074018773,0.003119139152676289,0.008703358987435048,0.0027909499334345697,0.013967926849195934,0.0033727248105373748,0.006896977695102221,0.01538022702892278,0.0022250828552482374,0.009028655058367667,0.0035185217108201472,0.013723402610432006,0.0011079997330523585,0.0068254192882357696,0.004362148817078545,0.003873812441774595,0.0011833516967547034,0.008256704872859257,0.005376458525660112,0.004382875543931556,0.001112108843686174,0.006083335662433134,0.001014305559991129,0.005695298471926297,0.016704254574397642,0.023067335389968375,0.004451237377981158
0.026883117125643664,0.04258093289013427,0.05834794781789179,0.014973000413296344,0.05357454507155777,0.015198177302029383,0.031927780980641744,0.006015764535871114,0.005313516042499595,0.0026668674045147913,0.0037226408045148915,0.0037446263616576596,0.0038380649588304143,0.04887123536192486,0.01414449696463115,0.1537326778586387,0.0019830076527172585,0.0021621689946903695,0.0016636055834175908,0.0034512006706857927,0.003809333169026861,0.0033938927309566766,0.0023673277750216495,0.01847352951421361,0.01247201803138935,0.030428460043443746,0.2308962839500654,0.0035311905072417083,0.013244238720819273,0.013209146494065018,0.003132328336277563,0.0077142420640584144,0.003850107500778077,0.012938509225219524,0.0035594002424139113,0.006125893341842939,0.013228378505019286,0.00212460686635587,0.008919228948340087,0.0029681083726783215,0.010628429089033739,0.001575419665253021,0.006956653539158171,0.004119482385289861,0.003727361872964543,0.0013002614447262298,0.00899429574342033,0.005226035363188582,0.005415736854501796,0.0010797031174892677,0.0061437828577988315,0.0011964334854368305,0.005771036700414567,0.017628622445771482,0.024573876147048982,0.0044812701534872835
0.02442665032864082,0.0462283708073995,0.061487280406657116,0.015300320786884498,0.05554860198485798,0.015112444164146841,0.03337338516726947,0.005362851754432736,0.00565697377531556,0.0029402820738033937,0.003962263595063221,0.004040770526039013,0.003879979209181626,0.049388253388811844,0.013243723377928096,0.15375700957062505,0.001984885134210684,0.0026452961419948075,0.0014316228091138848,0.0031702430951902256,0.003862289952483007,0.0030563370885571175,0.0032051054871455875,0.014733909399264602,0.010933962632754717,0.02934208760177881,0.23116059163546393,0.002994669305401779,0.012225916773637144,0.013636596931683264,0.0028518405740335347,0.0073764686819707105,0.004200197388627588,0.014298570397892868,0.003501537832254867,0.004898365438174577,0.014909866715835671,0.0018897020159523651,0.010548479628178713,0.002938627303277964,0.011495571357032277,0.0013698649316410123,0.0071508175859580515,0.004075198733922798,0.003885068447856855,0.0012300518503951775,0.009061142764598898,0.004997903313871933,0.005501039811334945,8.014206489034817e-4,0.005448684460283794,0.0010862875437947603,0.005525172836690298,0.013935152205671134,0.02438871633166783,0.004541576294441632
0.02548914971065086,0.0466938812591443,0.061529275993902885,0.01595545658168219,0.059616879217858326,0.01620717634438324,0.033398155086438355,0.005739636208025578,0.005912246934118787,0.0028500881941958636,0.003600600806628535,0.003562412214963691,0.003935160296556483,0.05134404234544247,0.013745570551392966,0.15227115900382365,0.002243149377706151,0.0026798966243704626,0.001784473327608491,0.0034965139831825676,0.0035560224203280266,0.0031823046990212857,0.0025569680173971924,0.02285582683272393,0.011275244015045965,0.026479692184885883,0.2181704246333533,0.003976446291904496,0.013637736253909601,0.014021861336669638,0.0027155802244110214,0.008662818111159296,0.0038069401418342375,0.012141876651394,0.0036835398280279023,0.00535180710447478,0.014346144701502993,0.0015556937301351023,0.00905185553716999,0.0029850093726594934,0.011796276137704816,0.0011753730873978868,0.006575205151467604,0.004873838122488712,0.0040617054141329784,0.0013499629830025955,0.007723902197819439,0.004693788673344275,0.0057583487251579475,0.0010965459416838166,0.005454318657689642,0.0011432553951572296,0.0060302138142124635,0.015475030755411906,0.022107582701463527,0.0046159360917811965
0.02493379343769099,0.04655311447869841,0.0529653395313968,0.016988491584786523,0.05936283135182711,0.015959899383802156,0.03408334060038499,0.005749960432495951,0.005597675920454288,0.0032654264833420796,0.0031068144530057118,0.003758704941884637,0.0037677925733822838,0.05342450612934635,0.01255028888070277,0.1467005065161169,0.002061852674361899,0.00300968982204331,0.0018396232968912495,0.0033899906494734016,0.003981088835927754,0.003732188159938791,0.0025815373518996653,0.016467293797974358,0.010779570093399651,0.024737974224977376,0.2343802088743783,0.0038209522407582795,0.013174313847303474,0.012409395664542208,0.003257176316823244,0.006495237794217264,0.003930494618858652,0.012905574732633162,0.003284960966819752,0.0063742386860847775,0.014718195765808557,0.002154309520299198,0.009772237206898765,0.0033565616945952733,0.01186929601965558,0.001194932852638706,0.006427462226763473,0.004510441563057072,0.004239463795882857,0.0014734892499474002,0.009879768542898923,0.004865096833239579,0.006063531335561359,0.001218144273970989,0.005681316910391728,0.0010513626191535255,0.005610819076773365,0.01891980881196692,0.02169247217865571,0.0039194401732165
0.026026921969567636,0.045585242535519564,0.05791159151740733,0.016601301332291356,0.05518729168454743,0.016106494003933033,0.03557123096109767,0.005659697918694617,0.005147804372164458,0.002570379269823906,0.004027212026273718,0.00394025959331277,0.003998190713482778,0.04976703861461479,0.013384824138684128,0.15129459431516395,0.0019225181940505096,0.0030965399122008675,0.001747505739993431,0.0032202650664304435,0.0037026786152305623,0.0031715442486415332,0.0024118866763314234,0.02247063377733383,0.012267728867715934,0.03129640930406432,0.21872819336039823,0.003485777394248151,0.012527171248431957,0.014777001096136418,0.0038115928621794844,0.007795010709556631,0.003625480352769509,0.014425738051948403,0.0034149246545544278,0.005202094039977742,0.013455544922771553,0.0015619449257115725,0.008341533020867703,0.003436926521617619,0.012149536874931909,0.0012107413008529628,0.007077558168875137,0.003864270212149194,0.003955265952882908,0.001494642632667187,0.008943556530185203,0.004840904962669245,0.005482096212312598,8.531499439022666e-4,0.005275343147906311,0.0011523188254823835,0.005588658673112563,0.01661015645606926,0.024367538585118077,0.00445754299114144
0.024741176032590913,0.04891646397223433,0.04938022898874098,0.014629407262598428,0.05791487685051198,0.01611790780365702,0.031636096801750134,0.005225191138389438,0.005525297197031412,0.0025349136643422654,0.0034329851458288234,0.003564901024587875,0.003356111692006689,0.04182413828855698,0.01319023528147998,0.16658225257019302,0.0019056246217087327,0.0027752092356796553,0.0015319760955564655,0.003629919469337419,0.003726684570191003,0.002725743786393287,0.002566619413559894,0.022723145993108925,0.012626584739805772,0.03333766685180889,0.2255497551818809,0.003691620217122541,0.014541331592955136,0.010819206526456954,0.0028288313966482455,0.007857113863246688,0.0035789985745091728,0.013735239503205546,0.0034132535718176455,0.00503331229334566,0.014918590528915747,0.0021552989711224025,0.008016597485790861,0.003248640716242174,0.010272607533707921,0.001396124332041796,0.006712979860505414,0.003916027520086053,0.004148597667490468,0.0012182740832447606,0.008090925895332134,0.005286412008044671,0.005516989929449621,0.0010693742793886694,0.0052653916032164945,0.0011522561249096292,0.006081609070182457,0.016033829387036454,0.02351095456820871,0.004818497222244765
0.023952947568966727,0.04370143910806261,0.049443829038843104,0.015963361350864038,0.05233248422439559,0.015437097105563997,0.03014534558715178,0.005473767774028658,0.005292698829321174,0.002718230414725581,0.003599697317557519,0.0033047553324863943,0.003824153169359852,0.04754068593712415,0.013051831792939986,0.16835555340428168,0.001896331536249819,0.002542847034571414,0.0018142305539454577,0.003593144329043581,0.0035561582471186357,0.0036549135137465666,0.0030070882417930675,0.01916161947484005,0.012065782306676771,0.02936831908937887,0.23359803086386569,0.003613215087228248,0.012209185808708943,0.015011447106234805,0.00323698527968323,0.009162478520256907,0.004196111203416053,0.011954190531098417,0.0034680021998103917,0.0058674948761702345,0.013358487721080656,0.0016855365035687451,0.009386929697920127,0.003026288292051088,0.010784388998069529,0.0015411489905837977,0.006311093956252316,0.004463697662703459,0.004002980988328538,0.001480515389650076,0.008395693976105324,0.005432586522434557,0.005060053941726813,0.0012458760359201225,0.005441850559318751,9.75225062194732e-4,0.005726822597172931,0.01716385985997956,0.02247384376436021,0.004927665721068742
0.0270744742632705,0.046464753435130644,0.050343393727975506,0.017327819345848684,0.05416587576793355,0.014959567624985709,0.03476902080275314,0.005580387762218294,0.005862545040908802,0.0028825479124113215,0.0033897958047268547,0.0038751388037052627,0.003869845134422903,0.045664069410469764,0.01385815447210652,0.15628421443990284,0.0019794602159788773,0.0026443425384926234,0.0016055849959144912,0.0035547366423463113,0.0032561276130053125,0.003449147085300881,0.0027823823268908637,0.020472466886703004,0.01061582976374855,0.028996478552410127,0.22569188141425195,0.003502778826924187,0.012526419806433268,0.011615358376873405,0.00305729360715939,0.008723822915478878,0.0032101100563504755,0.015186053742276235,0.0031310206927770263,0.005612305753396584,0.013761295933331684,0.0020263989498450225,0.008948943968654147,0.0034053177560187287,0.012034727903581113,0.0018163088425097304,0.00811965222667864,0.004935089515126636,0.0038720384616221515,0.001741456967546765,0.009409541720146746,0.005155291887334484,0.00534052811167679,0.0014074597709460835,0.005305895483113485,0.001387570446907681,0.005349495254773577,0.014699437089998482,0.02822760763831763,0.0050707365103876394
0.02611921818028665,0.04537314189167439,0.04956179028028843,0.016558689547281125,0.05819782161398826,0.015922432743766948,0.033199642746179064,0.005212166094702622,0.005232717124414205,0.002680007946187693,0.003052527055904861,0.0035827518395265523,0.004225547010877008,0.046942342670101486,0.01577694761242413,0.15532959726979423,0.0017649784341509996,0.0027855221656064933,0.0022008434660725903,0.003135673694420654,0.0034234811765453646,0.0034089132911240506,0.0019951353517747373,0.018160486605315003,0.010559540549201553,0.030501789723030758,0.23004133337559465,0.0036785337000991374,0.015195781153530763,0.014404265030648258,0.0024581463962501282,0.007712308113935132,0.003964405375829656,0.011489029828908473,0.003785736033559857,0.00544637220537204,0.014798074861590666,0.0024602106749342947,0.010481871528385705,0.0030675659141299457,0.013112545420509922,0.0014116643181732353,0.00666970434530597,0.004300204684487436,0.0036583501706936457,0.0021385689939611664,0.006862844908805039,0.0046202515927938744,0.005385148542442367,0.0014065702948552442,0.005412372236408172,0.0011891926480007142,0.0059752816355004125,0.01460047310433846,0.024557838425239537,0.004811648401076233
0.02494980503498683,0.04761034548111027,0.04740885442695915,0.016431134450906146,0.05249917672046977,0.015535049146842244,0.03276065552586317,0.005494076203009061,0.005322958046878366,0.002879709538032783,0.003567248584412265,0.0037060392622678545,0.0050447907925774815,0.05143168940490065,0.01131748379051636,0.17685949718390234,0.001852108598953641,0.00247452923809,0.0019631559116505886,0.003343501061277903,0.003422566614883578,0.003634140245355317,0.0021371708621647566,0.016351086339088213,0.012428868274166466,0.0270785991964748,0.22431541478700867,0.0033292911554001904,0.014255250264978026,0.014384890960120628,0.002658129152714329,0.008347310341533484,0.0036603680852199142,0.013472625967717825,0.0033974732158220987,0.005421083761568559,0.011305397746865517,0.002107260865517908,0.008742198660422376,0.0032079702924463055,0.01145536619002046,0.0013085639857827079,0.00746174132412641,0.004593529978429387,0.00390793446969774,0.0015475177384899825,0.00800746312807617,0.004969450176420763,0.005027261580614053,0.0013946719940844607,0.005739196670716538,0.0010789348928718285,0.005761829799374897,0.016793593335483664,0.019861550638110615,0.004982488904624453
0.027287196811908918,0.04445900551673822,0.047247125539896406,0.0163891996452875,0.05837938318867108,0.015169316785142129,0.03349520216284694,0.005599462358920163,0.005425447780065562,0.0023706358381511603,0.003242217704218176,0.003935916104507683,0.004013118359218876,0.04749458384687062,0.013578021925305536,0.1617365599416643,0.002048701202450006,0.003218513144268242,0.0018051879529597545,0.0035682169457072837,0.0039061563689544256,0.0036834771619182376,0.0027194598007169186,0.01688335831322299,0.012636382917667874,0.029279202453186208,0.23256257087871177,0.002842658877046736,0.012665201215556511,0.01205237874826488,0.002827092891948419,0.007285714378431808,0.004649332594306731,0.014958714794635744,0.0036161105389367278,0.006208037712172239,0.011255287985836252,0.0014649845550963893,0.008422507104583884,0.003479468040391627,0.012286843698139326,0.0016159712418274852,0.007349901216131767,0.004867781823039643,0.0038960867215734893,0.001523287680680746,0.008376762025831977,0.005529931592386002,0.0055655179986120705,0.0010651948950006743,0.005602649400342212,0.0011473670417385428,0.005586370144703797,0.014122112750759084,0.022656586132062596,0.004946525550785676
0.025829085029988607,0.046576141785377036,0.05576716613098781,0.016536494350100395,0.054990458543832006,0.016088782346634266,0.034131507266202246,0.005842210090241862,0.005438945690751616,0.003239140625115893,0.0035518491242542524,0.0036900993336507404,0.003789849455043661,0.05457883671698941,0.01419306969238912,0.14864436500629394,0.0020858141222003363,0.0032414072706542737,0.0018764289890224226,0.0034429427701807747,0.003916900364628365,0.003967106506773967,0.002494854645110402,0.017418835685790862,0.012934221444002109,0.03116494516823134,0.22109566508052356,0.003493645983518095,0.01592750212383889,0.012452322099886738,0.003390687397278641,0.007642633270720373,0.0037730723758888115,0.01048510712080535,0.0034411095372735598,0.00566256112645503,0.013979688432921546,0.0017502166731383812,0.009341373181453942,0.0035777892389379146,0.013062680650556902,0.0014243879491856119,0.006010534290010078,0.004729606702252335,0.004377054329282512,0.0015547540507534513,0.009442784826946394,0.005588702151610266,0.005446297141519141,0.001059497602805441,0.005813839719979106,0.0012842541915095349,0.006622341656252659,0.015139756961710226,0.022196603378484524,0.004802072600053267
0.02740739142070922,0.046182613430141774,0.05317711408631928,0.016969656349593087,0.0595385016936243,0.016037145784257523,0.03223426314847144,0.005429287843568592,0.005762709222693022,0.0029943255037526953,0.0037970677388382145,0.00368525118634723,0.0039742602308097,0.05482183029359629,0.012212990934106736,0.15244859727931576,0.0020197733094102317,0.002899631196005854,0.002137831987036892,0.0029513771797648894,0.003969863254510408,0.003378533092837599,0.0030024905066886195,0.019102646913596266,0.011401212242980324,0.026355681153322524,0.228894611292843,0.003457852268423847,0.014789178302830011,0.015055287810237789,0.0036308194919524206,0.007841337121877474,0.004018506847412078,0.012734292537166054,0.0032981883271024277,0.005624287735660946,0.01275694974240977,0.0020977103343371383,0.008384797097165112,0.0033489640233504607,0.011974684649032613,0.0016051876611466653,0.0065077391824500475,0.004256169278279933,0.003985383797457126,0.0016870461764646866,0.007544795719146947,0.005280542727545036,0.005540012886749992,0.001209968541138703,0.005375719441657864,0.001216191103133866,0.005770669440563089,0.010436267033410272,0.022626504800923233,0.005158287645832866
0.026316199133906083,0.04488869009340003,0.05307714133961828,0.01637679066663718,0.053314028709514294,0.015797144883266574,0.0362886319561412,0.005440254459566699,0.00572302666148158,0.002899577622757291,0.00397215049501077,0.0037210209728171435,0.003602973909482801,0.05306207729719124,0.013043156686756804,0.1489473119391972,0.0018508861640904317,0.0027089347630183643,0.0017890687795221539,0.003753999400481436,0.003905633470386503,0.003490823505380012,0.002465803497057152,0.01754257312278614,0.011891049012928303,0.029402431260764424,0.231586175762883,0.003011605267342393,0.010750521113471627,0.01209520975257034,0.0029298791620747822,0.008013324621464249,0.004544309774543661,0.014150245250799902,0.003586552223657535,0.0050201426063480915,0.013682479040227447,0.0018955754928276346,0.010135605455330252,0.0035361563236680554,0.010960793265780273,0.001494374669187383,0.007498484994904443,0.004257486635427568,0.004273302419518408,0.0015340545643848485,0.008557960875581354,0.005303799170159271,0.0055381681232295355,0.0012195135836321495,0.005500199275080002,0.0011926037306608916,0.0053782975893178,0.015326940074408534,0.027236071760040715,0.004518787618317757
0.02540645199988608,0.04813137312609266,0.04905997972605896,0.017735644476502763,0.052898251225993835,0.0145572064203881,0.033781432424878674,0.005850732466737986,0.005576867931907595,0.0029373350403349837,0.0038464730926663134,0.0036987759367448506,0.003929582959446421,0.05004996524220532,0.01497466639896837,0.15796496274756985,0.0017421548810312266,0.002761466940773071,0.002021057712853362,0.0033911109284780164,0.0037968674174241523,0.0032384616366172634,0.0018397401609034846,0.018464450381584604,0.012596825190962719,0.026826185811120215,0.2323953907421421,0.0032631021099796898,0.012715846642371981,0.012537977573024444,0.002636115820195029,0.009001899259570277,0.004294259712189673,0.013442974602749123,0.003577912338929161,0.00634808487377203,0.012101453292834252,0.002872588621621384,0.008771384047830125,0.003561355622103844,0.012244121528009962,0.001192101799285796,0.006617551756474258,0.004552238882466112,0.0039239912173494864,0.0016464615637526105,0.00829941593203289,0.005171264069468226,0.0058817540642723,0.0010642517862098492,0.00521677470647602,0.0010623971522016734,0.005994531485185207,0.013543087811787088,0.02408538749824509,0.004906301209339469
0.025931869653964625,0.04402697246666453,0.05618815162658462,0.016071875763435224,0.058146873642043705,0.015380710099634003,0.03296342737260648,0.00639369981110862,0.005623108097870328,0.003063364187565579,0.0034308328954916955,0.0037296159188338887,0.0038812109667574076,0.05110141680686816,0.013573242896560525,0.16536155864795554,0.0019941953179193127,0.0024169364137511065,0.0017945622076917188,0.0033151581670558487,0.003726200441170848,0.003393441364661247,0.0025094939481359753,0.017395025449085135,0.011244167869011015,0.028084350809909026,0.22027598507709134,0.003824147541528258,0.013108578798634791,0.013042704818395595,0.0028396528953270593,0.008260645045937506,0.0028987385056078213,0.014458224004486594,0.003229653964315372,0.0055964506648508335,0.012699039109238624,0.0018435203403869315,0.008004764891663515,0.0029623372894027394,0.012071567985163668,0.0014416456271883077,0.007098202864762401,0.004443974835923357,0.004075247978296524,0.001856799232257468,0.0077229965398712,0.004774643451789391,0.005219405017953182,0.001194414887036713,0.005194046165243036,0.0011270356466349359,0.005886555466385467,0.016944033756902257,0.022932043237964734,0.004231481517424132
0.025443549345739995,0.046858404310362436,0.053255557047449935,0.015959481971847576,0.05407021937021116,0.014635175518591151,0.031184969137192008,0.005501759885333055,0.005662851528081623,0.0028254316327717757,0.00335093997495868,0.0038145997705953884,0.0035556290096668175,0.05120729479122722,0.014143303889760605,0.16572483421778256,0.001974666174981833,0.002604137141895654,0.0017302758120591086,0.003322951715496418,0.0033666478948444836,0.0036989330454218487,0.002886323721798836,0.019291936720930276,0.012787275376011523,0.030163469458841626,0.21708596632894314,0.0035302078984035304,0.016019538936569818,0.01195861976510816,0.0030454572773491377,0.008083328048894545,0.0035925181386206565,0.013035962710148842,0.004010174147251301,0.005654821156391467,0.013655859747359127,0.0016072595382489062,0.008410555644180702,0.002677535775239007,0.011238689252683872,0.0014688225233486876,0.007432599488828723,0.003923484363594745,0.004047157318872871,0.0014639777540195467,0.008574908231541877,0.0056332369749792135,0.005705111598116646,8.922965765181888e-4,0.005788068293248437,0.0011957900270748024,0.005946414684248996,0.01557578949937372,0.024324262683188318,0.005400967153799356
0.02649310268467333,0.049980313701735765,0.05185017021691901,0.015962323723017778,0.05547729160758181,0.01671211188904758,0.0353819642483906,0.005473910516948706,0.005848855072718733,0.003014791127544775,0.004287155216720258,0.003379971569774685,0.004340105434127978,0.05604628631839657,0.01102261348568116,0.15353746454701064,0.0019479391980696578,0.0026859199829075762,0.0017711549956895619,0.0032814825919796195,0.003433414545425869,0.003391913188358381,0.0032808886237493486,0.01795314477045218,0.01025532730840556,0.026004304959615893,0.2220818011951707,0.00355980819909005,0.013801188075388085,0.011289063383748582,0.0029048383558655183,0.008871341340714916,0.0034232269779902553,0.016347665185252897,0.003160174034325171,0.006178805941938468,0.013684696383563314,0.001994657038342161,0.009264368427583615,0.0034031240910608585,0.010468385375590307,0.0012271548165820525,0.006478699004214455,0.00468191981676266,0.00406454304447814,0.0010624501306075343,0.009352059590150081,0.004410163180167719,0.006051350378279683,0.0010210582564349991,0.005392366121729463,9.903514728654317e-4,0.005659045294494149,0.018508114469220415,0.023521342578680528,0.004332316314764772
0.026018979729138067,0.046469586352578945,0.05134107484682905,0.01570563055600015,0.05526119106989262,0.01594791533893479,0.03352344658750825,0.0054100597072135985,0.005346393595465764,0.002492843062135639,0.0030092817362147345,0.003937561132269954,0.0033337391189384104,0.05505723029178984,0.01165875274504858,0.15091861809480148,0.0022175404481023313,0.002495882981287455,0.0018604546611581472,0.0032215652254384266,0.003809100079944599,0.0036036804498298714,0.0022667785679782995,0.02455936382197344,0.01089011098312691,0.026494679846142104,0.22622787567998848,0.0035875869856724493,0.013358334236395675,0.01485935129674555,0.003084769697321381,0.007650220327639801,0.004151900882932768,0.012973080221340522,0.003701087943602091,0.006142965283100919,0.014687885728506692,0.002463801980399292,0.009582211909234533,0.0033523612450986054,0.0116000593554968,0.0019182484719030984,0.008245556351319102,0.004674142868382405,0.004229818012642214,0.0012885446925586627,0.00825111757435371,0.005500799475541819,0.005720857958386464,0.0010860511638209056,0.005216022526731948,0.0011393595392309582,0.005671302551469421,0.0157506641681076,0.021865493194053086,0.005167067648281621
0.02822656668253963,0.042504513668646174,0.051195953606603326,0.015602724513200706,0.05739401694354903,0.015658807082773177,0.03344576853754935,0.005582957936683443,0.0053049421973928035,0.002904494322402857,0.0034658484020316177,0.004113009187607161,0.0037464771542748024,0.04835202209294298,0.015603194488480224,0.1564505451884596,0.0017935723747955286,0.0028186477988650766,0.0018160771761385195,0.003686667282935344,0.0034654350325221124,0.0033305563796215886,0.002775634189356804,0.019362636602358638,0.011433618178679064,0.03034507397787992,0.22056111185972985,0.003845227576936285,0.0143441045997441,0.014404052862981447,0.002926265303747158,0.008517148141663145,0.0036085986778765936,0.01608494583401062,0.004740562542286871,0.0053308430573322544,0.01444474322281425,0.0018833560650486753,0.008305698948996158,0.003574151232222734,0.011386508431533628,0.0012541703349425646,0.007346565569613489,0.004572189647833574,0.0035423025036223827,0.001541646331850146,0.006742351144349894,0.004695920915258724,0.005662066530875152,0.0011060325494143032,0.005496564839726938,0.0010287871895129507,0.00506162710871134,0.018599923303836408,0.024092555163179773,0.004920217512059116
0.02630221892322063,0.04608232744454086,0.05437870084687238,0.016093057620635537,0.05629654963359867,0.015523673061294306,0.033828860395813384,0.005378016263415737,0.005670914484692632,0.0023703967680067956,0.003731044346721753,0.0038972618828030507,0.0036638229796436147,0.05363274517799444,0.011956548086674412,0.17454612956516852,0.002091142232674698,0.0025756204032046245,0.0015727989335876842,0.0034500201746671044,0.003440811840997727,0.0037148625251240647,0.0025279867122140823,0.023807641217031463,0.010571313505895888,0.03148269067673333,0.19122713274864117,0.003579687680666981,0.016911529056971082,0.01351422575808797,0.0034472036591953084,0.007784071323112003,0.00380876775730842,0.013990770549619525,0.0035546164892301477,0.005686163552124076,0.015060881391641147,0.0017011145223006965,0.011237619631635505,0.003597230029992161,0.01044698816792059,0.0015683779132628097,0.007232439729072714,0.004375208370631779,0.0038701258252703606,0.0015336379584566598,0.009655812445540394,0.004925908056935954,0.005718119927793599,0.0010828494301678808,0.005711439114063803,0.0012951758780455323,0.006036142209582395,0.018735137347721868,0.019335535197221386,0.004788932574558748
0.02710181765658517,0.04316151275495159,0.05162676022979907,0.015644131405319932,0.0535719186613671,0.01599876744918971,0.032307128158113894,0.0057180917236900304,0.005646996328286247,0.0027729473204497253,0.0036238909504989554,0.0035031944075160516,0.004132841387259251,0.05143427609216149,0.013715088856131331,0.16137600652181175,0.0020930359745810184,0.002457526917812817,0.00219073393835825,0.0034499134539698615,0.0035656257521969148,0.0034608585446791323,0.0028180733634852926,0.021930141406628495,0.011501502874916364,0.028746862590942578,0.21587413639141942,0.003393738457669824,0.01595539589693522,0.013382193670466107,0.003209432313765813,0.009094193777645032,0.0032405736925580192,0.015604043309066472,0.0034222181518014875,0.005784838514866468,0.01524881444577596,0.0016407094468442087,0.008581696868319716,0.0029720728487845163,0.011481076698494857,0.0013505198770997434,0.006794591575283764,0.0042833943299797166,0.004229029454988499,0.0012446644675615157,0.01059822500130146,0.004841354647072921,0.005543440822392172,8.55581228394891e-4,0.006454865292017977,0.0011781105765726757,0.005897800145112849,0.018019931526843693,0.022039808510894546,0.004233903339368389
0.02502595392849364,0.04636924324772097,0.05152066352716806,0.015410046382857768,0.054305006912501765,0.01490855602172565,0.031198035528186497,0.005503633420783376,0.005644884397616285,0.0026795146501780993,0.0038314271301132423,0.0040375401945825585,0.004024844862209193,0.05188613745798713,0.013605954077233518,0.1576838160941154,0.0019189157317201146,0.0024891103128615935,0.0016784882832524507,0.0034951918286425937,0.0038083401768523265,0.003366145476025237,0.0024910141759701162,0.017853018819075125,0.011985445424809121,0.033189815680024444,0.22816512120649235,0.003396659216019743,0.015884421932897567,0.014989666071516498,0.002898373783379264,0.007603238316673752,0.004003773646859774,0.012030211745611587,0.003797387517032027,0.00510319866955134,0.011808221250208735,0.0019467062029777345,0.008464022515176268,0.0031111117753377837,0.01360366448933007,0.0014102753509156916,0.0072029411484598365,0.004258382948733366,0.0038987826084880646,0.0018297874423895623,0.007726266739354587,0.004949512991163497,0.005459803162570091,0.0011134577992252606,0.005525984504218198,0.0011392860343396006,0.006158871581239734,0.016471103220125308,0.02216566987713273,0.0039733525098737
0.025479656626489117,0.04608495671970747,0.050566824568727374,0.015466898186026376,0.055026668830357395,0.015395720857177884,0.03199581222963388,0.006084470295432442,0.00523627134208629,0.0029157083735452823,0.0038695999414732935,0.0039824597979225785,0.0038708274788061578,0.052440675546883364,0.013518004998013597,0.17064509818918394,0.00220943541104988,0.0032982856809118145,0.0016581585633868357,0.003231809942249402,0.003712705539862022,0.0034640268204678094,0.002701473372723795,0.017288855984990494,0.011948112033958822,0.026799398599939194,0.21325991290072327,0.003060621332095872,0.016756694985523728,0.01277290526660208,0.0031040099519877096,0.009121964818116978,0.003289448182497872,0.014530562032239958,0.0038006522823588553,0.005962661212124186,0.015211026521648352,0.002539803421860077,0.009671712992723604,0.0036728569396367668,0.011378446735289753,0.001233466525537785,0.006415969273081434,0.004766948164680981,0.004076791190030672,0.0012220901084068027,0.008768057285821163,0.005400441886865202,0.005305228504953516,8.38175630895874e-4,0.005052576683614712,0.00105840903382323,0.006151845297323767,0.016330722655917493,0.021640677745487405,0.004713404507124434
0.02524247058962931,0.043306197696469664,0.057243625632059036,0.016702342098796043,0.061597912881974394,0.01608192894926961,0.03308981474099587,0.005887133748384096,0.005579942580414114,0.002660537019263331,0.0032968611504951887,0.0037678922982367496,0.0037393440201988508,0.05357797327412098,0.015140802782613936,0.15344734021403433,0.0019944563592069805,0.0026186485902648564,0.001641082919828174,0.0032811570485615075,0.003392643699362286,0.003028458806470599,0.002516812224502756,0.018277077913258853,0.011784114571032886,0.03202457091246062,0.21001909100236169,0.0031079032060644367,0.015232983274020059,0.014255492867249612,0.0029277279951958977,0.007912595618101741,0.004092171430329011,0.014638467352720067,0.0037323416121472735,0.005655452573848834,0.017790996954521167,0.0022601707523553396,0.008893933920122143,0.0028465122668418557,0.013154804615121208,0.0015788380649727784,0.006629370671897741,0.004725473271459756,0.004226666254541439,0.0016854061452270936,0.009881449085996448,0.0052507403761396145,0.005109989004889317,0.001291710016092772,0.005419179346340146,0.0014248701370594015,0.005614125179508203,0.015144701444201967,0.01952818431738379,0.005047508521384173
0.02640531408104417,0.04529152267360943,0.05744257181560235,0.016125065978597582,0.0554001196237655,0.015485822715487617,0.0328554530422449,0.005069453271936736,0.005327771977592469,0.0027946544141167445,0.0035390154478242234,0.003830831610181891,0.00402940670977568,0.05739895624131262,0.012610024421246667,0.14323392636517018,0.0016865625843901068,0.0026511775127537798,0.0014925936858212806,0.0038127480621045883,0.0036552870429647577,0.0034269502233122678,0.0030247778831425324,0.017549372196936367,0.01193258959279183,0.03339261352105957,0.2267574536589274,0.00360833575689887,0.014258112020984245,0.0133589226763516,0.0033025335991309535,0.007788018441583428,0.0034169785552111277,0.01327358872309797,0.0038150441238586526,0.005364615641456516,0.012900506727412154,0.00186665393619166,0.009098729046558547,0.003392570032910646,0.010533937122234568,0.001469589654820602,0.0076313578868134665,0.00507233586807182,0.003533781817690755,0.0011262835650051356,0.010284899805675825,0.005459442498033849,0.0052105475249576375,0.0012400896351471707,0.0057671266355216275,9.631816244387913e-4,0.0056244528114856186,0.016916335752345475,0.02323887322782812,0.004261118934569887
0.02522074723810428,0.04432284337793638,0.05729299314822589,0.015783181159097086,0.06036061304337649,0.014792228446770014,0.030854765235688343,0.00555893221757323,0.00591037619049343,0.0030099536567717283,0.003717015544344197,0.003979584993569397,0.004037833356909521,0.05350676843586287,0.013964150112464624,0.14881953680430032,0.0021898663183170233,0.0026703573054111937,0.0017923355151048793,0.0034482528902039567,0.003451446778276547,0.0034196343355020046,0.002279205792510776,0.016784382935667107,0.011830991250369568,0.02895987233825012,0.2294586049326796,0.0035427754035447343,0.014755359607262259,0.012164955947404077,0.003065824981757008,0.008400620754580812,0.0029220020464190617,0.013528021174768323,0.003944306524801045,0.0058757930369525155,0.014903287136351575,0.0023259646008258732,0.009542813223791703,0.0031537655156542942,0.012449055622965567,0.0016571130446563318,0.007527162042289839,0.004430018203193246,0.003998383463663375,0.001666037600236352,0.008503609074733347,0.00455863492294364,0.005171106706637246,0.0011970502943367592,0.006259226823237538,0.0012324451124669858,0.005596119698353254,0.015495045738008917,0.0207738118219853,0.003943216522398436
0.025805810824370046,0.04544678875074214,0.05456431814847875,0.016254486622436087,0.05095125074592139,0.01563781371309772,0.03273074624779948,0.005459697471681051,0.005667641226216754,0.0028421654802878267,0.0036869878595142225,0.004294023911189566,0.0037404828083299245,0.049589717741358286,0.013607831795213994,0.15272205626652868,0.002071814372242542,0.00239622256029032,0.0018197146375012307,0.003527050440868956,0.003692368595366031,0.0028584883134520856,0.0032560167367536087,0.021249274962845642,0.013845407435643756,0.03410206947192016,0.2285718648388515,0.0033838743221301136,0.012046372793806145,0.013027926928883545,0.002868271384814523,0.007661996514395302,0.0042392463089140405,0.013518214228614845,0.003618376605154154,0.005153193155835792,0.014282376304159064,0.0015743051409878841,0.010021599326293628,0.0033076284489726962,0.012574800718669359,0.0014894016450588314,0.006413740700529452,0.004913208890504269,0.0037878676041018843,0.0013975331130097225,0.007859752629216678,0.005309388517929799,0.005579269060929112,9.427587776397557e-4,0.005839005221599699,0.001165022424643503,0.005706984264862949,0.01339785564215677,0.023552682796529733,0.0049752345507550295
0.02604915345994835,0.04202743135862465,0.04855228976314137,0.015533621959399554,0.05101629295259829,0.016317359138779523,0.031472079512565164,0.005741786980640555,0.005797758128318262,0.002745766063691511,0.003839049034899997,0.0033954180974330663,0.0036480480558478178,0.047267406371962035,0.01348915728399606,0.17233064807478454,0.002017248060959767,0.0021990486750507656,0.001807993763293548,0.0036611631877054426,0.0034240735887016596,0.003566607677456537,0.0022057701824809723,0.020724225762261666,0.011406892775155233,0.03052437233227727,0.22948042343241634,0.0038100807131450517,0.012439803203031587,0.014332910986176768,0.0030418083431433865,0.007640747020820543,0.003506167395912408,0.01362999671143679,0.003258022350665751,0.005646451552823547,0.012924245750666075,0.0017876563830030489,0.00905437957576885,0.0036112781170674073,0.011382925243765933,0.0016489538754948087,0.006516087789768987,0.004492150527084911,0.0037896640477613256,0.0014027560786746193,0.009372389616754177,0.005122722616441679,0.005202987528185521,9.179571655087852e-4,0.006046208695272257,0.0011537863249942298,0.0054780673591766915,0.016774976581476114,0.021155703047021877,0.004618029724566965
0.024737775502564494,0.04578406722364768,0.05231327571340901,0.01557754988262589,0.051115185337448604,0.014807632832082284,0.03005784072761778,0.00534316181977088,0.005623351582475028,0.0026880010651324214,0.0033678527011580554,0.003842524323665297,0.003769042773003132,0.051198388164884534,0.013063331534415508,0.14688822417587852,0.0020156435173705176,0.002426212968664541,0.0013804119938009198,0.0031243537848028155,0.003633376655432188,0.0032471415402286615,0.0022006253191568107,0.022877419816683054,0.012483028872215349,0.03143299182618669,0.24628060172102825,0.0034502229183019733,0.012940296145336072,0.014416264427566215,0.0032071221501313533,0.009122018634382816,0.0038356712188852664,0.010269402531604502,0.0031955189266527134,0.004545453931574339,0.015480113757727312,0.0023523982125990286,0.00942099456232265,0.003257726434106611,0.00949009736333612,0.0012341413797741097,0.006794020582343511,0.004050264010180615,0.0038829304297594088,0.0013338214290724488,0.009141838012400047,0.004661032798206393,0.0061146819126970935,0.001170748353099717,0.005447920527073843,0.0011122789962871578,0.005547662961711474,0.016417795687106013,0.022103499860802577,0.004725048469609728
0.025084042716376608,0.04155181872067934,0.054101229545669746,0.01574956637225705,0.056079764603537474,0.016076497798589624,0.03279012345469125,0.005592028811220239,0.005299036374681885,0.0028990440919682498,0.003377911091809643,0.004100276932592554,0.004002920236817708,0.05030099952881018,0.012298051614409184,0.15887923280512664,0.0020149784207304454,0.0028571067583528413,0.0015042111955351782,0.0035295089020210817,0.0031127769286264065,0.003301347694517485,0.002466930129629049,0.020006101503524044,0.011658281405138603,0.028737878831257016,0.2358824948719587,0.0032001324299983833,0.01173529811361678,0.013947693430441215,0.003152401066888183,0.007494111847434989,0.00394446414212826,0.014387448821144238,0.003958211049528449,0.005559851742987089,0.013088779547223208,0.0030255054453350904,0.009435327963820076,0.0031395675599334436,0.012125820973696383,0.0016757234728575108,0.007802535488058016,0.004377382660236768,0.003455655033074918,0.0020964954308989076,0.008493573890545376,0.0052708097141865844,0.005212049652779106,0.0012413443916591503,0.005544786099500876,0.001235319703784994,0.005836996045550613,0.012881301062219198,0.01889808036381608,0.004529171516127835
0.025840884500950012,0.04612633463101604,0.05117656341495819,0.01726445983067503,0.056559721578045716,0.016444330238342828,0.032384731575779584,0.005636474310440867,0.005017985933932832,0.002764898087531772,0.003890100588358467,0.003599608926113176,0.0038611332634959196,0.04609703365274597,0.015632735020791516,0.165764888265999,0.0017710269048244,0.0023579853825196314,0.0017212240777953673,0.003760913909717308,0.0038207557818354925,0.0039817609371010365,0.002426618123124659,0.017642925649187333,0.011219318558112996,0.027706785478015312,0.21788329705966392,0.0035570007901661368,0.013584945772980576,0.012374110997910389,0.0031671355835112677,0.007941730297819773,0.003402181286360444,0.016992766099264037,0.003514289610350903,0.006460509239796596,0.011958072169784702,0.0016796528605420124,0.010414627321952457,0.0032944839105338093,0.012252434137665335,0.0014225053362147964,0.006588952882047055,0.0044287028872982,0.004217445149100871,0.0015315082128634873,0.00865914367456465,0.005741340531338434,0.005528614680380877,9.513859751958682e-4,0.0053063387350571764,0.001007168395761283,0.005890497149838546,0.016950444521924398,0.024173468280216548,0.004654047828484997
0.025576504014244997,0.04590858129345041,0.0523184232235266,0.014628502980531598,0.0576546984851903,0.01465577399598558,0.03339133165515522,0.00608998033531699,0.005545553027207207,0.0026988450038838547,0.0035252275070481696,0.0037322705418547006,0.0040820436579210116,0.04361508085118565,0.013724182837693383,0.16582043968945173,0.0019287877035493355,0.003150888720428329,0.0015810297241715928,0.0035512310827697418,0.003558126455435801,0.003159935119017826,0.0026127726092432624,0.018805829497674523,0.010590305516664896,0.029136763620557588,0.22379629065912285,0.0036887555916310516,0.013127005675410794,0.011954615967668794,0.003126223560718703,0.008884121286198438,0.003766814146752222,0.015172401138091627,0.0035368983113743865,0.006262947641476754,0.013227419891537731,0.002011955849280232,0.008725322042279732,0.0031697120727150908,0.010998827605310891,0.0018701622837323992,0.005805765107900326,0.004132056298892146,0.0032297577358205484,0.0014877366677751522,0.008197248797603965,0.005536629769751428,0.004962083841965384,0.0012126693854299345,0.005519861035906818,0.0011614229834881577,0.005593687719188795,0.02074386449371379,0.023657724235334132,0.004396909054767459
0.026135594139583645,0.046959039048397426,0.049435621828523124,0.016303970976759046,0.05961882362495123,0.015861726750291835,0.03336154691389613,0.0062533723374956895,0.005289060013508457,0.003385212043921597,0.003711222416061645,0.0036665199555945514,0.004046763770329504,0.05035368803178126,0.013592209064224417,0.1620402196410028,0.002077334123277042,0.0026377015244339747,0.0018877991930597927,0.003353057972746165,0.0035090212134322213,0.0037847732290148964,0.0032074023145109813,0.018490865090144047,0.012113311632307774,0.028262510697947295,0.21557351712170247,0.003045619403609095,0.011840326745256041,0.015819609063795908,0.0027400722840885874,0.007994059207576313,0.003711117621551886,0.015038788772863174,0.0035238252645896596,0.005607213026711038,0.014579267234854388,0.0015839504790978543,0.00917863449307832,0.003297454278651396,0.01098435206509978,0.001630958535456063,0.007174880643331868,0.004814419850358425,0.004192920871909701,0.0016058732549556365,0.009397653842716737,0.005346660231955165,0.005862008261766945,0.0011534295351796977,0.0061862330022852885,0.001068180420615076,0.0058018420861939346,0.014415603947103447,0.02281869107544523,0.004674469831004306
0.02659779764967767,0.044085676602065756,0.05626822301504124,0.01684510198625152,0.05459306798659977,0.01646652529127517,0.03333747691374494,0.005444620021620093,0.005405215020411785,0.0025888019049093896,0.003196026663969935,0.003646135551903454,0.004098935475741382,0.04799214184194219,0.012131439281088787,0.15342093080683536,0.0021854194927112725,0.0024233980435581872,0.001668418018980616,0.003676851412799058,0.0036666194711391844,0.0033106118572353445,0.0027388205496346875,0.018398331595473848,0.011923633142391763,0.03214824973690402,0.22330450509780495,0.0032851658496318133,0.01467689991347523,0.013374066620036724,0.0030172157032072786,0.0075354906609013134,0.0035078567761011336,0.01735907953631652,0.0036292801498895824,0.005359892525072625,0.016206901160571316,0.002720561945011951,0.009094341882786723,0.003471329827313078,0.011324504967607871,0.001820861832292061,0.006289671115119402,0.004408581659402322,0.0035907785125424085,0.0016104826939342762,0.008169796800923444,0.0053330620927284555,0.005528767565908201,0.001125492829998964,0.005398446529870273,0.0011935415346578688,0.005811669989050977,0.01641291491279217,0.022687747778057266,0.0044926222030874105
0.024568273156444685,0.0471445064837403,0.05494156624856566,0.01640743097755575,0.057784044526314686,0.014887523591254292,0.032030112543400706,0.005896870760807671,0.0055131078605218315,0.002624578795025562,0.004188030030033714,0.0036401255356181433,0.004017226047295199,0.05349444055316716,0.010670991551812361,0.164748583886657,0.00231277258307668,0.002444428918484261,0.0018078805510381936,0.0035032267167139225,0.003442765072270945,0.003885950150819024,0.0033208612987848276,0.018651372959680324,0.01141287179073739,0.027106943004287447,0.21672874119115146,0.003360223473530429,0.01342503900169587,0.01338171616341081,0.0029611770824341916,0.009005768138386796,0.0035569394984919446,0.010609875150596438,0.003971490779447793,0.005894233620713549,0.013783406892444354,0.002500646066629466,0.010388138583142555,0.00330426209894659,0.012467572865933151,0.0018159578484866045,0.00756411054094853,0.004737725758694193,0.003643549327993515,0.00168582753672346,0.007545948318712713,0.005030850821191438,0.0056210679317776025,0.0012705367207316242,0.005917110383272906,0.0012366213316463025,0.005679076987074978,0.01550232929330991,0.022403516569949457,0.004560054428423663
0.025687071424332443,0.046645629543892037,0.05322386949817642,0.016300627169940074,0.05970627186895777,0.01572653538373781,0.0327873747246065,0.005598541926498164,0.005544244573385803,0.0027617440067560068,0.003125488812068951,0.0038626353552188614,0.0037705185238560285,0.04647163359188369,0.0154031003506901,0.16164049335147862,0.002168053549925691,0.002844624249306981,0.0015322320568350169,0.003820093597912599,0.0038153122451112767,0.003485227060258515,0.0024165716701614894,0.01946730595015512,0.012470714401282243,0.028745816818468713,0.21797725147312427,0.0033553560788850026,0.014848016490092403,0.013242755810623332,0.0030843657106253623,0.008484929881794353,0.0031867779459477134,0.013746772817449631,0.003277044814713691,0.005715761273152281,0.013062393941266785,0.002434278979996232,0.009224455799285524,0.0031843784304180236,0.011670674784004164,0.0015036025142535492,0.00720084774450088,0.0045403199262344235,0.0038743990690916137,0.0019276708668951935,0.008341282576657862,0.005073438317958809,0.005761133109843487,0.0012005800775341025,0.006007908297476105,0.0012657926098460874,0.005284858058709663,0.01651905526642242,0.02122611577547907,0.004756049852820999
0.025907500116043158,0.04360430275711594,0.05131808290695778,0.01699959572757774,0.056730185112387685,0.015666114626244884,0.032570804391338054,0.0053337560272115865,0.005354755515255453,0.0025905128891584098,0.003551349143790199,0.003955869350594483,0.004151807480932073,0.056421773198312264,0.014098835146650644,0.15650525641347518,0.0018057865018241534,0.0027019848318399087,0.0018724003545631672,0.0036053090134610336,0.0038208089358172455,0.003554028629220191,0.00305264461601184,0.018768167470792817,0.012351760477638585,0.030089228558226985,0.22491583923984912,0.0034108330232883446,0.012878113820008403,0.012650264428492035,0.003206428065549446,0.00654385958337701,0.0032760318241051105,0.012410583670731145,0.0035245103846815117,0.005687032340991796,0.013495906305457496,0.0016560522519233293,0.009845433347205064,0.003154940328006828,0.012727874936365773,0.00163301816239178,0.0071852150733795386,0.004090287862345626,0.003859087260653197,0.0015009531395062795,0.008859267543967686,0.005209773983695068,0.005424974389197807,0.0014569641824385775,0.006099820427720711,0.0011307930174827862,0.005742292304793262,0.014475285818598362,0.022921477693660094,0.0046444653976953475
0.027957704219883812,0.04508415436020994,0.05248479982408574,0.016482028780637276,0.05936996922952771,0.016912365426337825,0.03293896559295808,0.005597616928237351,0.005665580471717955,0.0032111933574747852,0.003797498284031409,0.0038113962546126156,0.003929220737550962,0.05258359333366941,0.013829477914738894,0.14529007077374734,0.002043255957330699,0.0029860380545431494,0.0016211626851545644,0.00359478911113656,0.00389324545171134,0.0034269172585171437,0.002568316293532769,0.022008886569245874,0.012977347043540815,0.030905834812777068,0.22126318581480886,0.003567604005408509,0.013438927986464105,0.016347717539945312,0.0029638762051262665,0.007760639081960099,0.003682413759449036,0.009966523049569647,0.0036971962153760584,0.005663532886828888,0.015270449097786217,0.0013949515794253334,0.009705218385616093,0.002985942585142736,0.01158934966551407,0.00111301440677593,0.00655892130071104,0.004784026218368843,0.004000286373833003,0.0015959348320899358,0.009904471278769717,0.005263646402953912,0.0058763525189488445,0.001010426683002336,0.006164507964655291,0.001237496840817805,0.005800924584226697,0.014626210218080467,0.02283685854042784,0.0049579652510060145
0.02561572945033344,0.0461133257477459,0.05503600595932246,0.017097775471571743,0.05345311853713916,0.01671015890450385,0.034513699795097275,0.005681107887090138,0.0058609459370610045,0.0027219720440553063,0.003944938136528351,0.004026288992578426,0.004161893261416934,0.05193649885134853,0.011853373467108946,0.15657191940978232,0.002252163312798367,0.0026445208429588534,0.0017643522408706395,0.0038675504997160663,0.003234406859471739,0.0035835545007488674,0.0022039826179311266,0.0173193276178394,0.011415446395924334,0.02496402715682759,0.22661053668379158,0.003809751270363313,0.014706279560400343,0.013950719861019617,0.0024558795933811227,0.00729035949043462,0.0035400087751281287,0.014403628286600427,0.0035320264124411344,0.0063677356066281325,0.014524956370388146,0.001538836684954392,0.010374765464762147,0.0032430185221061446,0.012389568598246498,0.001427970759605506,0.006944534694353955,0.004778996760149122,0.0041093895277127335,0.0012253763270051044,0.008811094501754319,0.00554832364673133,0.004796144187528084,9.797387367256603e-4,0.005016270103492205,0.001073453677225051,0.005219032271378747,0.01521940573305019,0.02284778694104963,0.004716327053821839
0.025864285663171806,0.046919543953507455,0.0513475508820065,0.016408587086207623,0.05036647704872617,0.015758207641104423,0.03273105185354004,0.005758722803964858,0.005287503908510169,0.0025953301156127198,0.003399366169396433,0.003903581565770604,0.0038956272945258183,0.051564323988439895,0.013411979324793539,0.15451313992040694,0.001861424479302488,0.0027015924122465074,0.001372136710729615,0.00355204373406529,0.0039318892014698435,0.00310549083896403,0.0028063280318242727,0.019201700638273637,0.011853190650615677,0.0311476975189475,0.22343428654091008,0.003299181220408668,0.015046896275334704,0.014371549632962756,0.0030649789906753715,0.007723779119861891,0.0035970901785343907,0.012695637777591912,0.0041469016528086385,0.004711472410649106,0.015397509254401634,0.0021391501667358615,0.009259030812960629,0.0030189414105444997,0.011981413297967482,0.0014688628401014223,0.007060657315195152,0.004130760449682907,0.0037590052787208907,0.0015159985669442734,0.009377491134511386,0.004812453200025307,0.005521249065564545,0.0012332782513673102,0.005407383066126539,0.0010110815383005283,0.005787011603710551,0.017674266552446954,0.02703296793245838,0.005060941026372332
0.026935485132678266,0.04579919080176087,0.047413722502807544,0.016492791523348968,0.05456195600063159,0.015770338059664078,0.03359263496835499,0.0057248508950628885,0.005753282423642967,0.00252181685953397,0.003559349615633887,0.0039229779678382004,0.004024681780465393,0.05579759651824814,0.013153688907977527,0.16988748420423927,0.0018674242604794862,0.0025720091067709086,0.0017733531447687825,0.0033782506035726907,0.0038744988574663307,0.0036564797914587642,0.002749531962069267,0.0159277211928693,0.011430665481599307,0.02428995205759728,0.22270066572696198,0.003692441532577269,0.014956966920164011,0.012440370859975439,0.003311638281312258,0.007571980451652243,0.003715467477224965,0.011815167658285672,0.0035135310117585597,0.005932075465743513,0.013968169018221942,0.0021393489234392254,0.010251709681637905,0.0033427867623017035,0.012450220680088251,0.0014309504512064707,0.00628496383793873,0.004336275876885145,0.0038508278915408466,0.0011021049610469844,0.007447570173734289,0.005657492441987259,0.004966475616104394,9.970856005769196e-4,0.0062007556890606155,0.0012483510969208253,0.005531381289276367,0.016020185985819696,0.02165559754658831,0.005035706469427548
0.026383454274925278,0.045510683627461634,0.0506685921831987,0.015348482140456095,0.05739268883240296,0.016038949794157088,0.03412905567223553,0.005811518418071591,0.005446678405475288,0.003130258004734797,0.003613551314383505,0.0034491434303300125,0.0039958304118049804,0.053274764218143485,0.013095225383967679,0.15889880664095965,0.001902352835653936,0.002690979910914072,0.001749352444570554,0.0035436434254065836,0.0036840027393371657,0.003224282367581638,0.002706753367788156,0.020353017660994243,0.010560328863974212,0.02848207548447559,0.2171581227527146,0.004517294367264526,0.01237617280008018,0.012144454336764384,0.0027081772035558883,0.008459926919088378,0.002913046304072237,0.017318416060139,0.003714942209683835,0.0061582536245310985,0.014843946691010955,0.0020123680299188105,0.008577845803023442,0.003237258721253047,0.011021029342341318,0.0017451291926498668,0.0072141163953891845,0.004659313010680373,0.004236781380879101,0.0013358530428053002,0.010054672522649823,0.004978360684062816,0.005555302320926607,9.215696095022811e-4,0.0060382502706316735,0.0011715878779456701,0.005232193448016194,0.0168037476248637,0.023466852081658857,0.004340543518492388
0.02621864347896451,0.045075613336269166,0.04903151834811848,0.016913228260559597,0.05682504998904716,0.015941440750562256,0.03293843850993818,0.005891448408575503,0.00610662165824767,0.0030491949119243736,0.003972155335466507,0.004041124264018183,0.0038790600455383913,0.055013300157245745,0.012699742984258194,0.16376675297829393,0.002037076061038903,0.0029099001863266485,0.001682208556719778,0.003910883175842797,0.0035304034197504355,0.0037472309889471436,0.003424348823407001,0.019624311706686343,0.011208430018835846,0.030618833950322416,0.20252843274523208,0.0031023588355033886,0.014029108869568666,0.014336048339841569,0.002852524105706753,0.008945193368521735,0.003968097045420142,0.016289860917893598,0.0033274797518769586,0.005797663429372898,0.014965624030736176,0.0022905676179745846,0.01019048942864158,0.003148163401051579,0.010923307067168972,0.0016338753737034596,0.007526637859714342,0.004870917774191429,0.003633924325923595,0.001760944060534581,0.008502595664742249,0.0053454925941121625,0.006028713868789171,0.0013362251793633704,0.005623118720069839,0.0013009721139277774,0.005878360175195221,0.01652352700454599,0.024822923795260084,0.0044598922305108205
0.02518077565461903,0.046916919247226296,0.053747424129853116,0.01662870600499331,0.054879340157671215,0.015783121577132717,0.03452090186469632,0.005640072166889462,0.005956487199682917,0.002618893157256261,0.0036687605179607104,0.004075605009660503,0.0039005222863790364,0.05080474397664995,0.012203812633930337,0.14577722506929894,0.002109279027444196,0.002320202641439474,0.0016407221266104813,0.003423517804128902,0.004035772252355527,0.0034802055425400655,0.002925748485541585,0.02330302374032338,0.011098780195992797,0.028000243663697914,0.22896363608733358,0.0033899483383548986,0.014753718840886085,0.013985172940543585,0.0028698555799134906,0.007557180841616946,0.004871592752152295,0.012197236505331206,0.003922200588245202,0.005195573261594264,0.011319126107314104,0.002751666006100953,0.009176891324449,0.0032051814952019334,0.012595759388310677,0.0016039493632032849,0.008515144779483069,0.004952181448399711,0.003707996166655753,0.001731321780323963,0.010713186499303503,0.00503800745360109,0.005756094185430399,0.0010542827213774653,0.005610756784687505,0.0010715849998503323,0.005117724342289011,0.018140551510331573,0.020468603792032247,0.00512306798170836
0.02834007617880664,0.05037326404460361,0.05204656214649313,0.01680433677158002,0.05554083093468412,0.016255500134440607,0.03291537171539421,0.006025758643947231,0.0054860896654752,0.0029592824987159567,0.003352542473415636,0.0038725828642508058,0.0043277350231175375,0.05802565960263669,0.01372567478696893,0.14730921469220234,0.002104408070326912,0.002634408832188363,0.002013667811945749,0.0031813222843879206,0.003904319870694119,0.003241257701569648,0.0022567234935565064,0.015576179321594294,0.010223680535115565,0.031842995076235815,0.21965870604866244,0.0035254123959203377,0.013916903285446976,0.015308804112848084,0.003075223658107351,0.007670690358285392,0.0034804455222279943,0.013626402824598647,0.003792908035254305,0.00488372415933813,0.013942731377796416,0.002097359620846286,0.00944793259083404,0.0032998080209717252,0.011705731814988529,0.001602715013359042,0.007252776365524282,0.004641564742706717,0.004255972626013099,0.0015058490144077927,0.009673309063758727,0.004814659243558395,0.005644630122045297,0.0013834327180852046,0.0059191364617059376,9.376431838652396e-4,0.00588639807597498,0.016585910789928708,0.021692880803322635,0.004430892775269738
0.023480972269187547,0.043286849243825955,0.05406388124565115,0.015317281163267686,0.05534499311340769,0.01569420075300507,0.03183515543861931,0.00572963836934354,0.0054033939368938,0.002827028510513269,0.003429682987513802,0.003927837847606946,0.004010416696395068,0.05069432093367793,0.012398764594698746,0.15493863268952054,0.0023103038947570116,0.002440176044536548,0.0020021117421888325,0.0032653222525978213,0.0032370779204917827,0.003377430439706061,0.002356315666486868,0.016981393975522688,0.011339113249907572,0.031185397437380497,0.23801534293007862,0.003345518434401621,0.015432910084320834,0.012338572506235686,0.0029421257438110365,0.007907653942546996,0.0034574579953932515,0.012889895499773162,0.003332373256425065,0.0053204566150405076,0.015946538953999882,0.0021756147892114212,0.009682141052915122,0.003680050159404645,0.013246007112579866,0.0016303196350596584,0.006988568707514701,0.004391621735314021,0.0040322251837679,0.0013868292459739296,0.007695698738203265,0.005304831250843282,0.005151509276473133,9.573366476836178e-4,0.006316985228005072,0.0010779304220213204,0.005662698379406369,0.01414149693827159,0.020169947606822305,0.0045016495117983545
0.024882523239430014,0.04548045245876803,0.05091626488829858,0.015601579911827432,0.058948654771053224,0.015517353970279832,0.034263235524869436,0.005790721959359581,0.005742638839127768,0.0027968570194451866,0.0038532814780412247,0.003950031719786158,0.00371935481636674,0.05591605827497336,0.015514786407452593,0.15411553120651708,0.0020807043876062215,0.003230520371324656,0.0017980280557953485,0.003172513303102444,0.003472140069926368,0.0033165482682705177,0.0022896061860755426,0.021160932347953545,0.011039834314078411,0.028453599714780415,0.21960626500662003,0.0031774350282206053,0.01407526744935572,0.013082938349572979,0.003519470482065017,0.009387733370558132,0.0038704370923240963,0.013359417200211625,0.0036374211861386467,0.005499839904259092,0.012478219510968957,0.001734266783679527,0.009180524020774572,0.0036710623095155314,0.011405482004215263,0.0010142112580389807,0.0068676834462644614,0.004601544503722893,0.003689407283899884,0.0011664461985721878,0.008475378700982248,0.006001970759396446,0.00569026523813907,0.001265905301901667,0.0057073519969144315,0.0012992038619505128,0.0059475445772696044,0.01510353609010385,0.024190513696200452,0.004269503883653828
0.026660649472814983,0.043992317811646524,0.049971232576355586,0.01632302503573195,0.055415928646867785,0.015475565470240238,0.03411289417703502,0.006218707948482542,0.005834890787527615,0.003190881190001928,0.003746699509599915,0.004072627795791384,0.003886013503667844,0.04790628842605174,0.013374957545300915,0.1705247881758739,0.0020447696221063483,0.0026295456399100577,0.0017782693232081782,0.002995523246618175,0.0036386433197496196,0.003416052952935872,0.002376352707397036,0.020918862044075084,0.013097103447581773,0.02955181033491096,0.2152307113189073,0.002856540603558001,0.012438973619034413,0.014142355930300344,0.003322075873913901,0.00804975813872307,0.0035796665647543956,0.01625028771714784,0.003666870289948693,0.006408850428362827,0.0145681858768555,0.0017546589243967966,0.009950982871507225,0.00344689991187628,0.011830148463914517,0.0014705038693729833,0.006243316910732437,0.004507036510972198,0.004161929995444565,0.001301859234333228,0.00801084758320008,0.005666910125193918,0.005663778718706618,0.0010184226300565826,0.005665552433562924,0.0011162632777726694,0.005286759948301637,0.013935671460318936,0.020564930864318806,0.0047348491930282385
0.02596561572937807,0.04839728079366442,0.04872831231305938,0.01637830733424129,0.05533600613921325,0.01646027178088109,0.03425356253775199,0.0055648125015059936,0.005625387100595823,0.0026050386571378286,0.003991942888675006,0.003807295152494974,0.00386092351556641,0.05227767864712858,0.014414669867378799,0.1512933959147136,0.0019240890604636564,0.002716038258833473,0.0018437923020586835,0.0033128378307033775,0.003868978300843947,0.0032451481785122694,0.002399300006776111,0.01886526480178949,0.011214231565492576,0.034758827223767566,0.21393728248838126,0.0034899021493659294,0.016754851029782112,0.0169666157768576,0.0030838559067383345,0.008547258386207096,0.004074675154006625,0.013752149756476538,0.003384331446842693,0.005105816754497733,0.012670325372057308,0.0021800000339924244,0.00939073211606665,0.0030546238105826047,0.012643767267464795,0.0017334434992829168,0.005894582618914778,0.004470216477294287,0.004070732796781221,0.0016753626086884168,0.008805686741142637,0.005979890671304737,0.005713529205122131,0.001172286744740377,0.005633426035646135,9.722155589005015e-4,0.005961848367978953,0.01575147384902655,0.025263277440247707,0.00475683153298127
0.02546630523885729,0.04409768839952569,0.0535371590817544,0.017256886053426332,0.05558329971656791,0.016412893500069713,0.03406975187297754,0.005828879494241565,0.005177123053756131,0.0026006946468438907,0.0035382375953553476,0.003686953096529875,0.003978528071984795,0.050652769711535754,0.012695879828509877,0.1669523669975458,0.0019817537853472167,0.003207507877096847,0.0018626308811438125,0.0036220343473980445,0.003413644993540416,0.0033365475875752264,0.002753315903394069,0.01910276147267103,0.011774580346385162,0.02969928329054588,0.21567273053606523,0.0030951222497151523,0.013331797419325546,0.01363903364023115,0.0024028377718545396,0.007025893307199595,0.0041897744758303416,0.016022179710061365,0.003273879886859772,0.006046774314007738,0.015311744279049357,0.0015984593960473334,0.009508609056349275,0.003415645237816887,0.011437088079086697,0.0013236910871755202,0.007165570591392945,0.0049033946066098615,0.003871398577806485,0.0015649933058225613,0.00851097340587025,0.005389481024804017,0.005340213785775404,0.0012272831739829528,0.005892234220068669,0.0012388613797823988,0.0052605289053946555,0.013489943469234525,0.022371822925496585,0.004188563336703545
0.0241732803952576,0.048022513555071235,0.0522207705029041,0.015393047481897272,0.05647222345863893,0.01535280994159255,0.032562158796895765,0.005590608257921513,0.004739933588097889,0.0026689334375591535,0.003868635591025918,0.0034500080686357326,0.004028146931126484,0.050220325011534415,0.011692580688310032,0.14889972963008738,0.001691149564434722,0.0024454895019841807,0.001719074429073694,0.0033477201652301297,0.0037568718957708695,0.003657011283194351,0.0027760939845395804,0.01907486413665862,0.012067836291777838,0.031123648833260607,0.2387573018890639,0.0035866580833656373,0.012638152444373918,0.01497920218729437,0.0030752696461984028,0.007867103538463828,0.0034106457901399274,0.012097369829142422,0.003487725148668516,0.005410438903112155,0.012154904846676284,0.0024803906609484725,0.008014811469049804,0.0033166641954190204,0.011185095432553928,0.0014279565112657023,0.00737725984742701,0.004352088492352628,0.003576662021157735,0.0017627000502430674,0.009506084970704319,0.005026992653770451,0.005593620928334956,0.0013030515391975592,0.005666555937297732,0.00111859536627593,0.0057602986296171246,0.015898900797103505,0.02362547323111242,0.00452655953718875
0.026174553865673446,0.04684608538619719,0.05053930632748741,0.016834082668538135,0.055609492027215254,0.016055423286523623,0.034482928122508145,0.00586478190670101,0.005309483055738509,0.0027630611317022422,0.0035046623975926497,0.004346518297434505,0.003694992146255012,0.049231661244641296,0.013312747831481283,0.15578803931634796,0.0023017001536667268,0.002592844890043324,0.0017112960242613915,0.0033025764069389042,0.0039245940834632745,0.0034440848308711835,0.0021478967869242352,0.01951586360709842,0.012888470275556882,0.03215437975714013,0.22150400563010816,0.0033028149945757727,0.013301498244705418,0.013012796448181853,0.0029065819814641995,0.007458109965260108,0.003733356955147614,0.014663141806600737,0.003893346724363188,0.005086280585645438,0.013326204820907477,0.0017411939925005336,0.010126981965556411,0.003168910636991435,0.012044588946345287,0.0012539919013232791,0.007874967443614935,0.004529070044385167,0.004186694998589764,0.0013261512530374552,0.00882675394910373,0.0055091052440938435,0.0051306311242846755,9.978458558980627e-4,0.005471500839308892,0.0012344727056225796,0.0060860773863154185,0.015792554995785007,0.023572683238908914,0.00459615949337248
0.025670512506502534,0.04337428386554996,0.05589086088988316,0.016685946581825442,0.05445588098010038,0.014650293733017,0.03256462809112631,0.005687693209163855,0.005514628330529223,0.0027984362689932344,0.0035763815162952327,0.0036639089975810985,0.004253957888080448,0.05424886399673429,0.012257718078275323,0.17857475730825423,0.00209455451428575,0.0028880444573614193,0.0019011430755376975,0.0032374782412256825,0.0028400424729908913,0.0033049193188532727,0.0021519327510211603,0.015361088875144887,0.011896563550348412,0.02782501926861256,0.20715146257188852,0.003636877429090144,0.012617069330395789,0.014149470437068844,0.0026646074779799606,0.007103427278606091,0.003288363683733954,0.013657233035437207,0.003713981284983239,0.00553266883476479,0.013506306659137986,0.001996991277090018,0.010370638373294522,0.003495599856250747,0.013183423440987396,0.0013351170888010093,0.00743023940343463,0.004569164495008831,0.003853956344543497,0.0010969753795523102,0.009639891097461682,0.0050373367166377195,0.004864971365054039,8.933029420435048e-4,0.005712567470857067,0.0011907106876626525,0.0058522907031565395,0.016866839590664377,0.023518168910785436,0.0047008080663340675
0.024941474408398775,0.045294154560913076,0.05454593269327367,0.015937782273618903,0.058613853363215895,0.01534209229411744,0.03175947982294302,0.005542057894336773,0.005750216320489761,0.002897511188341751,0.0034399134142777217,0.004065221463504296,0.004194815754252101,0.05373865651385572,0.015389491277340555,0.14285428829409652,0.002097010221458475,0.0027513989157711234,0.0017801196200570818,0.0035955055362379192,0.0033345366473586957,0.0033019135928429857,0.0029893455700077324,0.021719055392258307,0.011578874954584815,0.03024628212661641,0.21918253577414046,0.0037025897887419494,0.014977565551109458,0.013103192662641793,0.0025426698028299523,0.009157264428122331,0.004662089668306618,0.016388333614369532,0.0037800528436942016,0.005584953491047185,0.01329725278415738,0.002528400827154349,0.009467157818009057,0.003572837364187966,0.014147957235191178,0.001350627038191203,0.006847846149862524,0.004411403296865252,0.003741723258921905,0.0020015679303781024,0.008043208777972705,0.005241692145149958,0.0056994755351283625,9.733708759803654e-4,0.006387706454836468,9.869331334131997e-4,0.005991201828214831,0.017327843857982955,0.022268115272880824,0.004931446676348435
0.02524195924919496,0.041941002157088576,0.05146039763380823,0.0159456598419703,0.05682985137143195,0.015534479335037068,0.03392360551420579,0.005277424551320894,0.0052269577727994294,0.0028654658094043333,0.0035356195423100964,0.0036032654050571255,0.0038712361327623954,0.05067789905680496,0.012660519255374883,0.15635049154536484,0.002051962516064354,0.0027835475815856953,0.001485989328603498,0.0034661080605763598,0.0037493870305293055,0.003782990719519857,0.0022038766419537593,0.019963311759581367,0.01123625556246215,0.032721442716398395,0.2310638218181498,0.003703214132974555,0.01588787797690367,0.012354911538109687,0.0027826526133541366,0.00793529060178554,0.0037660438151292885,0.015117360419131804,0.0034393706615152295,0.0060006635111705025,0.012128474970870003,0.002108309950949961,0.009298152806319404,0.0036621595446848726,0.011041104340189978,0.0014707987226378286,0.007011500357278031,0.004463860593631223,0.0038962198581067396,0.0013319113146843934,0.00796090053653826,0.005165506065213894,0.005733776152161816,8.671552226067045e-4,0.005374788013352027,0.0011209049821784794,0.004988319931653266,0.015293120644048678,0.022311483182421023,0.004329639631038654
0.026037079023365026,0.04367851159216553,0.05105299767211722,0.01660054956826978,0.05651020558791077,0.015887987169674236,0.031507473098437475,0.005302058909513677,0.004980226490182211,0.0027464367700062494,0.0038156246714844562,0.0037366476046082385,0.004016321390207679,0.05343692321665839,0.0104369038093764,0.15717045199953017,0.0018279364604395821,0.0028693932148439187,0.0020728339971735447,0.0034848666752640613,0.0036818365715642503,0.0033649093275152893,0.0026153190253297427,0.02348009439302327,0.011856661760263195,0.029091659061846735,0.2233571136449909,0.0035440212016360304,0.014681588800571937,0.012009152714622226,0.002752845327045322,0.00853842979033289,0.003937930588198222,0.014436788033695408,0.0035504226267436593,0.005896066053662924,0.013433687218220608,0.0020930667791037704,0.009809106730983036,0.0032886580622473087,0.01204506395580424,0.0015433410791245226,0.0074229792302041965,0.004348836062502378,0.0036873057778316716,0.0014066446921968373,0.009255509141904239,0.005525194406437843,0.005559656712147886,0.0010884477544326147,0.005334294529381973,0.0010937465582892777,0.005258387642589675,0.014817813180677843,0.02470487672003538,0.004317115923614129
0.024592542479087518,0.04014261524189053,0.0522863985558466,0.016356218452582002,0.055833159648120516,0.01494316138219183,0.030247626528272977,0.005541141705044359,0.005542635272782952,0.002735478509938536,0.003944095632755291,0.003907107412526957,0.0038183272898940483,0.052095701355533,0.011230416313525586,0.15466220859971336,0.0018926756822274236,0.0025801344609546334,0.0014952297160746705,0.0032245681562556106,0.003503070012549002,0.003467661942018664,0.00261668593431678,0.02169587160551182,0.012030919729601458,0.034804715937401955,0.22948036060585966,0.0036435511189494975,0.013401587165319634,0.0131320169082457,0.002555628256898834,0.007902474621014163,0.0035223751399849628,0.015848164517802056,0.003794979487888003,0.004962070439855182,0.013012119627025568,0.0019393674583699611,0.011277975641767168,0.002967700134633548,0.012301705055566763,0.001629267167712057,0.0065034064358626435,0.004597902826745517,0.004079755878692079,0.0018733216111283127,0.008781311681392212,0.004915679983200294,0.005385673917264821,8.557280183431319e-4,0.0054493313877237715,0.001240051207787312,0.005159245839937482,0.017413154507625702,0.022139157818686514,0.005044567982099375
0.023842633275454907,0.0470104030794513,0.050633883606528866,0.015423547799180039,0.05565911716308622,0.015125958931167983,0.03171670505452414,0.005907392131193517,0.005068402069260223,0.002797267252421898,0.0037159549362596983,0.0037343794115836525,0.00398731497760338,0.047486005890372905,0.011978675523563692,0.15891017435607974,0.0018133482716657925,0.002300612902362313,0.0017304772030700506,0.0035050456458652463,0.0036050440364837903,0.00314916971666612,0.0025759312635348585,0.0249701445674595,0.011517520774173945,0.03686511297709547,0.21921798528575384,0.0038152752061542945,0.014204077907778619,0.014745924044809474,0.0028019002325613738,0.008616258976531276,0.00442682348670473,0.013148265364534237,0.0037101187888511247,0.005495768262416987,0.015026886551392829,0.0018386617736646472,0.011374662497276549,0.0034115669038680186,0.011500797757500989,0.0015380515963302,0.007000716241536273,0.004186877728889102,0.0036352918030383126,0.0016360900836880263,0.008757741396244257,0.005030169948337497,0.005553830360537744,0.0011182098893453148,0.005229830667162872,0.0010252754877278821,0.005880836612783333,0.01747175088323694,0.019188347344932414,0.0043817841003015315
0.024882094029644673,0.04233103730526912,0.056230742427912296,0.016863298509459893,0.05688445676253601,0.014659210438676245,0.033878862509773074,0.00538419360406452,0.005346761172313816,0.0028362065717570228,0.003566023563001004,0.0038384346477946863,0.0038732762965570833,0.044327154663355135,0.012625389206006914,0.15706614646988137,0.0018815785348949168,0.0026042708284810096,0.0014868050392484473,0.0032311062216439537,0.003411054184945461,0.0034920889035373864,0.002544790258644784,0.01777249304345834,0.011441419485039234,0.030500175621820724,0.23833559853425731,0.0033285841361282427,0.015693425239193,0.012530317574485552,0.0027176588688310067,0.008015611473868211,0.0037371799121701226,0.013783354034077046,0.003362220591476109,0.004665047166461217,0.014302682988584843,0.0021707910242916915,0.0077721155566976745,0.003257020967025671,0.01154417072028011,0.0014048330563845928,0.006071732280599596,0.004683789343400617,0.004787612404358357,0.0015292865553442401,0.007255441501864011,0.004882730908878753,0.005529421747175458,0.00142490953236988,0.004919923815144089,0.0014023182495063054,0.00605049916307441,0.013748458626346856,0.023056729475077323,0.0050774642529305344
0.025986517769548235,0.045119053585856786,0.05376018000531572,0.015887956934680744,0.05496087687105361,0.015387553466647792,0.032162617147239045,0.005777290855084056,0.005765950816066622,0.002789760299554709,0.0036252225525188657,0.0039837566072755785,0.003679217966963119,0.05256849480346805,0.014225385838680549,0.14938372468158148,0.0019935966330971496,0.002280321249470698,0.001730982042408953,0.003069615198352137,0.003353265917778599,0.0033015710157848466,0.0028970328797936775,0.015499698860036116,0.010761877195978447,0.02878755762580403,0.22891105662251837,0.00342813711451071,0.014967895287620792,0.013395686760437455,0.0030135314127616945,0.009674905092037943,0.0036435587684904764,0.0141831891918127,0.004046866835400001,0.005875485746115804,0.01505367093163519,0.0021537693434309797,0.008437745025130257,0.00313526379179058,0.011477758378152183,0.0021372588509975085,0.006786919811693543,0.004622085115186572,0.004285180434211977,0.001407768502771962,0.010017762375799471,0.0049699749408754,0.005917634906316884,0.0011013575528112417,0.006179377403188218,0.001269409117995984,0.005373322567135723,0.017943094824309103,0.023741249622823778,0.004110004851997859
0.027058706447191678,0.04602976432648082,0.05916744283137528,0.01680429854603536,0.05747252788229354,0.016048994395351533,0.033025567431925466,0.005491394026734055,0.005255387027879,0.0027933792989751753,0.003394664801408216,0.004097624627474577,0.004094495573495501,0.049512627028005546,0.011258010960362828,0.16269072830780093,0.001944450675236424,0.002818794338415887,0.0016682115966993876,0.0034871127089155826,0.003596425115302891,0.003729552055151203,0.0024602714035698125,0.02022450875280581,0.011476059659954786,0.03015890276190412,0.21849314320505403,0.003366618151173013,0.012604730497987377,0.012255741857567237,0.003040013432699323,0.007856925696626067,0.0026925728989852715,0.013082197235720473,0.0037455107582569183,0.006313547896478003,0.014824007052944097,0.0025746800398205737,0.00986787628965925,0.002953837328786876,0.010689521666968646,0.0015362587378525668,0.006780336249392307,0.0042169500485277215,0.004619659959268194,0.001767223641790284,0.008608672111269818,0.00510449567070295,0.005671891791780163,0.0011536749351653316,0.005732862206640542,0.001095801193210445,0.005952633520416933,0.013163853733170057,0.019952313236486233,0.004522546374853885
0.0256164097254617,0.04584276460764294,0.05400285643931157,0.016082879568355024,0.05203687879986733,0.014988382434213883,0.031476677738244585,0.004926866929907532,0.005562961721477232,0.0031285488485360185,0.003279820875992634,0.004098642359583882,0.00396030143775866,0.05344168901424812,0.012192364889067735,0.15697073887528218,0.002285286948464964,0.002710723308158248,0.002102540673070184,0.0035626477987590905,0.0036638676062419294,0.0032369725897322117,0.002941590010773058,0.022447609155871715,0.011576760537205107,0.03046339659560362,0.21673947131584406,0.003708277081042137,0.017203822799203884,0.013297886844462137,0.0024976670548782845,0.008354341400494994,0.0033865686999540816,0.016076955692932913,0.003796660917725841,0.00618565897487799,0.014736694382699572,0.0015892176976304026,0.009151138833753842,0.003456437575902788,0.012128112974460549,0.001444983341585323,0.00788453732927594,0.004396574276147751,0.004023940277971752,0.001953338205189471,0.009184864638944317,0.005638300244439251,0.005763594874973369,0.0012213289890716055,0.00561466275126459,0.0010601087059368699,0.006018727762128468,0.01512617720045084,0.02171667543502263,0.004043094232903178
0.02701203869587494,0.0480147029881899,0.051383634443327844,0.016265010779252197,0.053551664652651175,0.015119902200967868,0.03260506650736068,0.005560742960753289,0.006188954877467839,0.0027209376138092665,0.003407010096256308,0.003961977450107055,0.0038392106714050527,0.05924182388945207,0.012800141032781997,0.15633165345136238,0.0018813338898485813,0.0023340657931018322,0.0017519149116688687,0.0033512155636457237,0.003342339413773679,0.003645933873955438,0.0028817266699247054,0.022900613668835088,0.011656161104203174,0.029739053597186434,0.20872512636257556,0.003773416935741979,0.014528266530622813,0.012785077625359319,0.0030195740950692755,0.008312653368191578,0.003939530033934065,0.013621934800510898,0.0036692259020666856,0.005380840650243119,0.014637344346023446,0.0018010860565613163,0.009441019224717878,0.0031893885435662203,0.011037047886555169,0.0011360425411659407,0.007183073236886152,0.004772748351000638,0.004152083589424694,0.0012830669284429723,0.00923442220198707,0.005145139003162366,0.005375513364551454,0.0011583255449037295,0.006372096495147664,0.0011823676325775695,0.005427187721991852,0.01854538102611192,0.02481729434231649,0.004864894861426726
0.02364379037102378,0.049866398018684616,0.05519343933424865,0.016649905574099032,0.05157433781623545,0.016341895547236904,0.03244123781297353,0.005511195005082959,0.005418426601025251,0.002940145651130396,0.0034529743356981396,0.0035015509322565462,0.003914040856936724,0.050904695626192216,0.0141112769685073,0.15627394018134366,0.0021509222082324872,0.003197337695416448,0.0017247540903387632,0.0033645442459357133,0.0036188973702103323,0.0037904198158296883,0.0024061545104889642,0.020441767811099385,0.01193363726985232,0.0282638250810346,0.2244605026165015,0.0035137233884539204,0.012418245763786267,0.013846652482642888,0.0030188907897271224,0.007694744378778718,0.003082711895795054,0.013596085627524545,0.0035424513969502984,0.00503669665121111,0.012895870148880707,0.0023251810860661338,0.009189435073290085,0.00360817220429379,0.013492751433824345,0.001617872235958334,0.007925941055017585,0.004423508292303056,0.004127484830068026,0.002030892380729337,0.008884717373904056,0.005518395765259882,0.00577567960888331,0.00106357904679003,0.006680336893645773,0.0012038655435566076,0.00622280440386465,0.014573599175770098,0.021078374989798646,0.004519322735610294
0.025597498734123578,0.04347320038723845,0.055181820340502466,0.01644473842304841,0.05483202878113027,0.01538736224690011,0.03213886393980746,0.00565745461191546,0.005192418668741739,0.0022195758268580387,0.0038827547224955356,0.003651088519632144,0.0034127765008917822,0.051737174595478004,0.013174997580827859,0.16102946429194148,0.0017989493849373125,0.002805396874694815,0.0015153084626042495,0.0034033137281981158,0.003421000632831215,0.0033862361544751965,0.002634368272045945,0.016618681702899808,0.013114526241387727,0.023897020395705997,0.2320264514965148,0.003428046124992526,0.013637097896380202,0.012701282882377592,0.0028644464991355984,0.0067709088097810234,0.0035094757069809965,0.015100483981005317,0.003607835828210804,0.005183401714757042,0.015265142981570196,0.002463142218339359,0.01093551268697997,0.0032062192950775073,0.011120082462288816,0.0011937340659611913,0.006253394601951886,0.0041026734215460145,0.0038439703479707567,0.001469486611452674,0.009738211706019358,0.004990270222493246,0.005032901925139617,0.001012357284820834,0.005001249936832213,0.0010308780116219747,0.005710280990095752,0.0155822061626094,0.023414393376650636,0.004196440729129542
0.026197267831293718,0.048095815354264285,0.050671992024199475,0.016729367715300744,0.05320738863976273,0.015634730031914963,0.035173031539673605,0.005625765881647943,0.005580785540966521,0.0025486264084750073,0.003430908078937384,0.004260507971803631,0.004079285239692989,0.0560960197655804,0.010246579170033843,0.12522567035365428,0.0023969210970555444,0.0027879059609667513,0.0015782992129485538,0.0032736588991372885,0.0036245702757176845,0.0034067418539132093,0.0027050244425323453,0.017596734948420175,0.0108123740712568,0.033691024504818944,0.24701371546148518,0.0034591490371002668,0.015021922644198155,0.013745402930338635,0.0028265026675598796,0.008678548891553324,0.003526687953025701,0.014452526562004986,0.0035690821031569204,0.005301971353154595,0.012760404486825526,0.0023151633771998563,0.00990839487349388,0.003490595209869256,0.010774027314634354,0.0013889155580452082,0.0074902305529156565,0.004201543514198761,0.003860983830437236,0.0014426146026223627,0.008499576088826974,0.004587833121946212,0.00618350502768655,0.0010099210994844727,0.006601937104678677,0.0013888588444266616,0.006331546229676705,0.016603508916727613,0.02380765289372442,0.005080280935033211
0.02563774568106661,0.048596284087770246,0.05439724898844273,0.016269992359817707,0.057591283886017565,0.016132390412494223,0.03304722852802153,0.005757534551358883,0.005966219791520338,0.0028581654665526513,0.004030271141986944,0.0035742949866199975,0.00399478672200531,0.047288556110710575,0.012805940178944411,0.16398044774744744,0.0017519440432617979,0.0026146709667174864,0.0016459730431758839,0.0035382710742699703,0.0035503858039255052,0.003375940484330023,0.0025799662446109443,0.019638433654830454,0.012212079276450022,0.029442517972091565,0.2083222832341607,0.0032255029820146357,0.0140035504089286,0.013628534494155452,0.0029920516024210977,0.008355258367547596,0.0033352235929912455,0.0133986952218172,0.0036667914442813816,0.00526230962847607,0.013107819886087987,0.00213490858198548,0.010173899616731692,0.0035554584063983725,0.013393960986832812,0.0013540943598494295,0.006184039195452881,0.004481942567766024,0.003984817988796608,0.0014463035554247142,0.008506502350383794,0.005504749135860196,0.006515193859684379,0.0011974112042754622,0.005795754514371646,0.0011279328206490315,0.0057900280254859935,0.017267515785674408,0.025132716762433928,0.004876176214620428
0.025627312313403317,0.04650396970593132,0.049358637198577825,0.015968971142889716,0.05711876814324062,0.015703986086096116,0.03273009417483575,0.0057176838707694065,0.005310786244759225,0.003070670079464647,0.0038373704016119226,0.0038141989382574305,0.003991114328582361,0.04912109927114326,0.013705582320989153,0.15614178464923295,0.002182569123107458,0.00293934577796879,0.001744590842539996,0.0033221646553922143,0.003271889749643062,0.003568358768649829,0.001755459664267085,0.016904818368900443,0.010933308662487625,0.030275258007092683,0.23417379029190183,0.003718359209796131,0.012949772669755485,0.014273951500367248,0.0031329367522267147,0.006449546573008631,0.0043289754139929386,0.01576001380105929,0.0031880261116914027,0.005830837214619859,0.015204646974684464,0.0018798057893394545,0.008663166555765892,0.0034144123009989505,0.010537732188806152,0.0013790722402436271,0.006714587251422244,0.004149309086571914,0.004590948673639336,0.0013036586661711936,0.0092986484514355,0.005101976832417538,0.005204036733598565,0.0011026696058375647,0.005431345653006105,9.691221553144326e-4,0.005433714716295303,0.015146130621503655,0.02159742822578512,0.004451585248909277
0.026005491508180257,0.042274584654573545,0.05098617491064701,0.01576804134492195,0.05444631636509421,0.015870535032047793,0.03321359305159639,0.005442449995115008,0.005343008436050203,0.002854382006976964,0.0035701604981271196,0.003392954747520154,0.003985463877568116,0.050360794310221745,0.014905111835794248,0.14260065332761185,0.002031226862903633,0.00233046628122619,0.001848872770967252,0.0033226540586749256,0.0037384391458713797,0.0030295142617201864,0.0022063153845358428,0.02024628000978567,0.011400186093674302,0.029808364537370093,0.24614656286538816,0.003457452235685132,0.01382813452562024,0.014362197017287654,0.003229732136670856,0.006760025658786916,0.0037920787822358624,0.014178212041062834,0.0034309512123887375,0.006553087703766767,0.013507950178494455,0.0023006915581475352,0.008847285444117418,0.003542801629619545,0.011037770174067518,0.0016207400588670944,0.007032690266072183,0.004437246541824551,0.003923395923536573,0.0015670956025362374,0.008383638040876185,0.004760257866485253,0.006149590965508833,8.412973277837584e-4,0.005529042469891069,0.0010244442421204992,0.005909020724667045,0.017273399781162012,0.02132997516851849,0.004261196548034491
0.024895803608962153,0.0424207515769883,0.053027165189586695,0.015410737068143058,0.055409267647158304,0.01556151895087354,0.031219438801579368,0.005662557201321342,0.005541193956745215,0.0029085831663350063,0.003701528049708111,0.003423223530860657,0.004045280185656674,0.050290964385762735,0.012711489906396214,0.16801081037894017,0.0019870840378305903,0.0024709656715125863,0.0020523053468385634,0.003359415554371132,0.0034822630106490626,0.0033477939609080354,0.0020735690800179926,0.019860253969655454,0.011944785571444821,0.027812905740801284,0.22544515762834547,0.0037194905717504723,0.012019958493206664,0.012351269203171547,0.0024989246366971273,0.00836104394471106,0.0037065332080386316,0.013308713503654694,0.0036304790906572224,0.00522609542382008,0.01495400562156186,0.002475770927725807,0.008613475632425007,0.003922573904743552,0.012404082562990207,0.0016389056719530479,0.007363484613666591,0.004092079519554674,0.00419168170912577,0.001614343519710068,0.00800826331338941,0.004756594639787249,0.005327907461207367,0.0012271254033656555,0.006182801316145123,0.0010963117777234679,0.005676380978625571,0.014791128476937618,0.024251893681969436,0.00451186801429252
0.024596214479880144,0.04386767864290484,0.054027582489369376,0.01595696259873263,0.05708783014842692,0.014628876972067158,0.03306375300222058,0.005734516005714882,0.00591996960788966,0.0028609415132562883,0.0033583603565225193,0.0036835838150395305,0.003998563128024031,0.04269453191420079,0.014228318921290546,0.16093979293974417,0.0020681373947837485,0.002365246601767148,0.0016759678415271526,0.0033053680115788936,0.0038440757545332095,0.00339052011819188,0.002206388441181262,0.018356827627601133,0.011070807119194562,0.03261585326303954,0.22706703468493578,0.003393305759496495,0.014752272124946047,0.013836652200931394,0.0031499357178262706,0.008280939852623362,0.004022607860959728,0.01153852632062756,0.003720668785719701,0.005438638944039953,0.014478707193742087,0.0017502577576602046,0.010063669719647382,0.003808473831338988,0.011555248918793809,0.001248647198429709,0.006942616391274369,0.004397748275137199,0.004095063097514199,0.0016314957922922762,0.008945284224120982,0.005261281661628676,0.005259565110851031,0.0010902765983931786,0.005273810941062192,0.0011283602583807097,0.005502980240984216,0.015924461449148393,0.02368257597863601,0.005212224400175565
0.024602893355851172,0.0451825331674512,0.04981875060798616,0.017071109419038853,0.05419883084442248,0.015859729191961516,0.033794567035988425,0.005567022565739035,0.005430864012371324,0.0025907982033574117,0.003396830687932936,0.0037742328983082505,0.0037013810888929873,0.050906892857505256,0.014911221427852459,0.15655090229481433,0.0019867041587923995,0.0025839682695922746,0.0016503241858551632,0.0032209909156426845,0.003855828942552128,0.003081651541994604,0.0025423831984381705,0.022851749162232097,0.01130990443305452,0.027066691958990655,0.23071743272130138,0.003516203062300281,0.01407705065577009,0.015908443270272955,0.0029105503207114804,0.009332677528842344,0.003692371984664929,0.00985111938196323,0.0034430163416830045,0.005939849826629722,0.014426997800449122,0.0017371671914872917,0.009641418533185479,0.003067361520003684,0.011273566997564568,0.0014292727356114902,0.006640599627169871,0.005232813088105727,0.0041320604591461915,0.001607983972158739,0.008907577959948605,0.005806593626043441,0.005894618815404409,0.0010795438361122251,0.0053159079145525265,0.0010106311764766724,0.005352301765512387,0.014308801802543542,0.0216365443198225,0.004600765337943637
0.026088829213999746,0.0430471028933141,0.05309788035005819,0.016271961158971688,0.057129720092252,0.015144952707340578,0.03269573301096807,0.00547967976458983,0.0053720868730017055,0.002494035582319179,0.0036800391656403694,0.0043485911841672316,0.004207011397391342,0.052900352667245874,0.013691632346434592,0.15930419863167058,0.0019910222511270656,0.002809545874573179,0.0017865591512462038,0.003358197463264848,0.0038110823364851873,0.0032927799035086572,0.002512917914257003,0.017393257687530302,0.011432257024474457,0.03012587065060072,0.22393858164159136,0.003629676340249179,0.016939457410076804,0.01446920694188141,0.0030150970721418715,0.008014657447710046,0.004593033531659714,0.012065351324864162,0.0033056134936784386,0.0061671374316808305,0.014212238065554992,0.0020586043956508024,0.009278477081118085,0.0033795739632725796,0.010307304841708363,0.0014790717408921402,0.006690283705059457,0.0036686032687427332,0.003962209115861022,0.001905780951618833,0.009221077767307548,0.004645203841494624,0.005795948601535078,0.0010030285246841843,0.005542791254492985,9.518963150840814e-4,0.005370386825794327,0.014038590272561609,0.022527597909102765,0.004356221626497271
0.025582984389714937,0.04161742560111679,0.053728320990327226,0.01551138699596752,0.05729293756776921,0.015210845923334418,0.030845052971809925,0.0058439696677286875,0.0057452816307867055,0.0026579712398411256,0.003184401016037288,0.004024774344008166,0.0037060033727921928,0.054151334421290886,0.012352741553765006,0.17530143851090088,0.0022255329579839596,0.0023422091903114056,0.0019374487689511886,0.003356725478292834,0.00351708675050751,0.0028599116582898065,0.0024931444166974353,0.025140302223573704,0.012054515786657543,0.03238978910577771,0.1988853021354857,0.0032532874048638344,0.012947244033785936,0.015182605831099824,0.0030946760698694308,0.007820016349197698,0.0041956259718188916,0.014381293136410784,0.003876234287619615,0.005885165562190703,0.013762153654291471,0.001986836966636468,0.009840546741296814,0.003374738726588685,0.011504465801238258,0.0017067062843609917,0.007001515794669426,0.004537512791685295,0.004238321677611829,0.001319648398427021,0.009386272705001213,0.005189876801498922,0.00539968767129286,0.0012191029180947208,0.005447996460502882,0.0011458992645604533,0.00519182101685854,0.015501243406371618,0.022942602469583708,0.004708063132852348
0.026693182045724007,0.04538135758784381,0.0537592446842585,0.015626565892736314,0.055161050995407385,0.01506006465536325,0.02938513723738332,0.006180643745974938,0.0058153354811495955,0.0027746222918292223,0.0031943098092314976,0.004161740083544371,0.004262886319002186,0.04870625548933703,0.013423207616688453,0.15735590482158918,0.001949984900284819,0.002569658037126075,0.0017500411828957896,0.003568091853521803,0.0036508858408568733,0.0033244082986209787,0.0025134436237862754,0.018738905018390376,0.01153313062041563,0.03492969823205936,0.22655667215267472,0.0040670308246387645,0.01417665935499797,0.011214563174562193,0.002950682543884977,0.008358806359174333,0.0034292379869014147,0.015954132359629003,0.0033917816459020805,0.005663596349675067,0.013627036351098309,0.0015917270226014182,0.010092145928258685,0.0029902412931478964,0.012370904903385509,0.0012867192829847862,0.0062967294967306,0.00427248133482952,0.0036349708680687444,0.0012653504564315498,0.007222023866856089,0.005093628209306116,0.005752402574670555,0.0014751320623730144,0.005761390137206824,0.0010741136130778645,0.006185420202825319,0.017097166676253495,0.021284516143759886,0.004392980459072296
0.02408207822817674,0.04637686651146635,0.05195438570676845,0.01570893199593197,0.056338420298221926,0.015130874886631026,0.03156334866136818,0.00567161340960161,0.004922583778459125,0.00270668067322781,0.003539239136959483,0.00398858010424324,0.003969318644505188,0.0465861487259828,0.011107849732336887,0.15575031604008935,0.0019321798558104204,0.002541356757361064,0.0015061169895161704,0.003596527152413711,0.003621408527011915,0.0032891928863310405,0.0026775970889834516,0.01582422571160222,0.010933125637486853,0.03433797673639241,0.24188622298004916,0.0033056519184025677,0.011728177240990872,0.01164030904622807,0.0028522861272642797,0.00897394918576484,0.003930520505087657,0.011824135021241884,0.0033485990614042374,0.005493456761483527,0.013802725925204517,0.0022656332142198757,0.009704301062426963,0.0028084490789875827,0.01148392387415806,0.001790957665802203,0.007218460159360354,0.004071072567305104,0.004504735332072612,0.0013941027844644,0.0075860966910551095,0.004428032452211799,0.006375539686689952,0.001127688465930883,0.005376392868106336,0.001246146073067696,0.00589707663222515,0.017031841005560704,0.022157050611990175,0.005089522124364049
