i2_health,age,household_size,cantril_ladder,r1_1,r1_2,week_number,hl_covid_num,vl_num,region_Islands,region_North east,region_North west,region_South,gender_Male,i9_health_Not sure,i9_health_Yes,employment_status_Full time student,employment_status_Not working,employment_status_Other,employment_status_Part time employment,employment_status_Retired,employment_status_Unemployed,i11_health_Not sure,i11_health_Somewhat unwilling,i11_health_Somewhat willing,i11_health_Very unwilling,i11_health_Very willing,WCRex1_Somewhat badly,WCRex1_Somewhat well,WCRex1_Very badly,WCRex1_Very well,WCRex2_A lot of confidence,WCRex2_Don't know,WCRex2_No confidence at all,WCRex2_Not very much confidence,PHQ4_1_Nearly every day,PHQ4_1_Not at all,PHQ4_1_Prefer not to say,PHQ4_1_Several days,PHQ4_2_Nearly every day,PHQ4_2_Not at all,PHQ4_2_Prefer not to say,PHQ4_2_Several days,PHQ4_3_Nearly every day,PHQ4_3_Not at all,PHQ4_3_Prefer not to say,PHQ4_3_Several days,PHQ4_4_Nearly every day,PHQ4_4_Not at all,PHQ4_4_Prefer not to say,PHQ4_4_Several days,d1_comorbidities_Prefer_not_to_say,d1_comorbidities_Yes,vaccination_status_1,vaccination_status_2,vaccination_status_3
0.12421511200086215,0.05117004816163503,0.025396993166014965,0.010845841656050759,0.17409626615666213,0.0062615143857399575,0.15206705869771775,0.0022162265603361377,0.001663192596626168,0.006593010979697736,0.0024473083394364946,0.001725605948309759,0.008900422450732332,0.022332837738599117,0.00405603124569763,0.1431803932299181,4.002515226574224e-4,0.0024513338348153453,8.465379673459586e-4,5.723906249459155e-4,3.252920116391978e-4,8.058237632879738e-4,8.392830745297889e-5,2.2583768301518182e-4,0.004395267959886189,0.006025089011674463,0.17933888250668126,5.077660088712176e-4,0.006398106277109444,0.010549189072762304,0.0016942681039203255,8.064981000430669e-4,0.0010965150728270607,0.008110767696408307,0.0010403282183375727,4.368319932318434e-4,0.0029997639642363417,3.504816109754171e-4,0.0029502799615035275,5.431619002472892e-4,0.0051140904156638115,9.032705690495945e-5,0.003111624544422603,7.351510157255571e-4,0.001102112773446424,0.001426903094788911,9.698896392377483e-4,0.004862540998040364,7.330873827641876e-4,0,8.93685470191694e-4,3.562201814836556e-4,0.0016243367740124664,0.005331591172246643,0.0030678982743513796,4.580847188077874e-4
0.12602748825973253,0.05273627311989828,0.02364995045138731,0.011474616088147168,0.17258277295144012,0.007562554024263609,0.1406203591135058,0.0019721270703358805,9.794549154780432e-4,0.005726670326864594,0.0024719065452909533,0.0013932215400801534,0.009767109088688417,0.024753263562884962,0.008925570882886393,0.13615161984097124,2.5021686399151504e-4,0.0028989281134421175,6.519240457068227e-4,4.7984232431759363e-4,0.0014456139468918344,0.0010867210276267218,1.306780983057146e-4,0,0.005381183167825577,0.008230183463179044,0.17582700420186786,4.6000602162147387e-4,0.0074574810736649354,0.009554520985618537,9.741300584829841e-4,0.0011285942925571713,1.5938880561320887e-4,0.008226596425621704,0.0013801801820808284,0.0010773422226373756,0.0033928186684608697,4.286105525230104e-4,0.003952366963909727,9.828163707045266e-4,0.0036119758661113948,0.001408153462248347,0.0023462357641798096,0.0016804791084897852,0.0012421786380239735,0.0020237185848931347,9.264417823570935e-4,0.0042046425612341405,2.5150180494164237e-4,0,9.311413071358436e-4,4.840831328893647e-4,0.0024593647675343255,0.005579530663239778,0.008862780587374169,0.0016356663108405673
0.12265491267651817,0.04818310319847265,0.022593064251766864,0.009216684071707504,0.16604861579717567,0.007110279658066756,0.1536079769701805,0.0024553514370770357,7.303010129912801e-4,0.007299821506594602,0.004406839171404146,0.0030963778171116266,0.008946878573776088,0.02630002718653251,0.0013808198545114043,0.1550792549611231,5.644978362355471e-5,0.0016527540369443774,5.37871961581846e-4,7.683310571000688e-5,0.0011608635938111257,4.735666796874921e-4,3.580128082642246e-4,6.181409273266296e-4,0.004901610319668616,0.006552120108815591,0.17101287817772287,2.047719041411917e-4,0.00641665414988388,0.010385127801479821,0.0012125874051739575,0.0010212956748810334,5.465830820104257e-4,0.01011811730281523,0.0015937658480681127,6.002594942098134e-4,0.0030606281611804,4.8791339030315007e-4,0.004466368445674903,5.099876982231195e-4,0.0030289964679716085,9.990841086970383e-4,0.0018240319442902055,9.258904412999464e-4,0.00200712115079719,0.0018695580832086992,0.001978332787229881,0.004756607596407936,6.035367232148828e-4,4.7519600401800944e-4,0.0011384622503559777,1.2779896254717747e-4,0.00251757926466697,0.0042734477669543755,0.006002892012801024,3.3599442932781657e-4
0.12377839484859858,0.05018208233934562,0.02555347787744156,0.006887533591375645,0.17483732350769204,0.006576269359251991,0.14874241290400123,0.001545656784354181,5.892564790784691e-4,0.00776480589118166,0.0033427571367009782,0.002397735036873379,0.009253675179126725,0.022950560361970202,0.006352137450950771,0.14729395653388289,1.3434773196518914e-4,0.003165607853854473,0.0011070635342647246,2.782834375234282e-4,0.001050771218115541,6.708486369039176e-4,1.8652216453518077e-5,7.34095034387411e-4,0.0049209349978041415,0.005094532650357921,0.1695401873258191,6.217911371754599e-4,0.00784467801439721,0.013091317450912437,5.759233679306896e-4,7.406282556161688e-4,9.577923395523556e-4,0.011003437419624106,6.924428724491208e-4,0.0010994706984201051,0.002475416467097445,8.13258879525464e-4,0.004730871577617075,5.78697412155685e-4,0.0038238384483621117,6.688473821594593e-4,0.0011179486613281913,8.323016540491462e-4,6.805508932289209e-4,0.003127106672442655,0.0013711136112866602,0.004064618071244544,9.723782761596907e-4,6.240328275897729e-5,0.0010856605154764044,5.135465000851755e-4,0.0024269157487431022,0.005321958574493608,0.0032880583653848044,6.536675310479385e-4
0.11295258722770335,0.050356101649253394,0.02445553427339976,0.00867924547628669,0.16716251611840666,0.007721693575756285,0.14886039290211703,0.0010778101889871838,8.943247411905453e-4,0.007149827422396166,0.0018929917571440837,0.0015270492362746907,0.00824329022020688,0.023899522257222305,6.231084985278166e-4,0.17513738087699665,3.22177081932177e-4,0.0017577388349169208,4.6717260048711914e-4,2.892178224259989e-4,0.0011847361303629553,0.001266240923571035,3.072373957927634e-4,4.1511651474348746e-4,0.006015257136301708,0.006507266495684824,0.1677780224000265,3.440811520198565e-4,0.006233313828772488,0.010888890923637203,6.616473059163181e-4,8.0508721030887e-4,6.091747891043552e-4,0.007314471365132097,9.6862167282457e-4,6.071895843725707e-4,0.0032614685759120494,3.819814819016826e-4,0.004831868001725108,0.0013720637227719855,0.0032546748357796082,3.827957058878601e-4,0.0022157046187623957,7.86896429147664e-4,0.002154223859494216,0.00260453962252992,8.499188911056816e-4,0.003995741019704903,0.0014624913022477466,5.2306519105697294e-5,0.0012542013229046528,1.9329358649654868e-4,0.002751635773440256,0.0056642931355279265,0.00517560749012757,0.0019782565152232233
0.12180177433387622,0.045389426685593544,0.02599836297827196,0.008975663456398868,0.177132549334001,0.008042589986140292,0.142964717210089,0.0019772644680268008,0.001383381505362134,0.006788630566249779,0.003828715355269099,0.0016459763644997051,0.009913988677083844,0.02471458266806131,0.0016029884519194312,0.17329023838539168,3.2017338374557626e-4,0.0012809083522482482,1.7280822087589577e-4,3.898647042465822e-4,8.043227419156165e-4,3.731717809187956e-4,7.285350775594371e-5,3.0320515933006197e-4,0.006106373056518322,0.0038911659248341743,0.15514312914331707,4.758483191916499e-4,0.007079550145353751,0.01247330797134598,5.625589895540127e-4,7.69290778200869e-4,3.1642681642701705e-4,0.005976492836006264,0.001113458293445652,6.03855747890891e-4,0.0021312533537981744,4.757650509148017e-4,0.0027286710175942345,5.327071527861555e-4,0.004653501355979051,5.069615161532449e-4,0.003972839023964992,0.001722629652044231,0.0010164052351799436,0.0019787167178207206,0.0010286206807590588,0.0049413760598560515,3.8702651087919567e-4,1.3217919063837296e-4,0.001656810386175553,6.152077237715783e-4,0.0030789222747902236,0.0054215734715764175,0.0077188386719471815,0.001620378654013788
0.11831951152451049,0.04907471427161161,0.021887383853569645,0.010571175327188086,0.16583297643962694,0.007902810197897816,0.1442776596446816,0.00324445973989946,0.0014582838963316878,0.005945650666630916,0.004048007968969771,0.0010392655489455845,0.009809874825321094,0.023171212486352205,0.001855780081651563,0.17643506530277195,1.4814262432759646e-4,0.0025073416907585486,7.985660138217185e-4,6.088982684452814e-4,5.337639000918543e-4,7.785462893149079e-4,4.022210343600694e-4,5.326915498246621e-4,0.00450593734239787,0.0037104837389197415,0.1658532183642866,7.937133661893933e-4,0.006748052996915409,0.01099736647777112,6.103752963852907e-4,3.675223228199444e-4,3.248777713388365e-4,0.008759382405926696,8.63498366375812e-4,6.860722680207705e-4,0.002840521411957632,0.001010775790482207,0.004615613836851986,4.19263866493469e-4,0.00427225461470621,0.001046939790074893,0.001817527132588174,9.604069559314574e-4,0.0010640253468215176,7.492128135522237e-4,6.988303628763056e-4,0.005412863053434988,8.597666367642321e-4,2.1364414699576281e-4,8.36972331917023e-4,2.1517890945075736e-4,0.003336589659195742,0.005916058859737578,0.007670244206897126,6.388064090182186e-4
0.1291790143594074,0.04764168459835932,0.021329936330087357,0.00974490056044092,0.17425862930767866,0.007016055616787572,0.15046447296306895,0.002546511430292085,9.279547621292338e-4,0.006108155771914692,0.004137962727474921,0.0010614548990010954,0.008382790201412861,0.023242120891489592,0.002947084759750536,0.14422464683820943,4.579222429333618e-4,0.002181715598022307,9.094152793941085e-4,8.950802864935562e-4,9.569187652208438e-4,6.613828998937073e-4,2.8192319477442066e-4,9.487636708659103e-4,0.004154821989749026,0.004909706805734361,0.17731742424438793,1.6120373510325922e-4,0.008020444229361653,0.013145510077871098,0.0013572290545906492,9.126159375670358e-4,0.0010740361138925688,0.00738990254034718,0.001139911848144732,0.001087799252743666,0.0030653193102556623,3.411956753888798e-4,0.004556860508920191,0.0010266521723877877,0.003930452094111273,0.00120452198805699,0.0017913047068894845,9.634981738646764e-4,0.0016662915781711792,0.0023423258961631313,7.978268822254822e-4,0.0037924738886805083,6.886831291830167e-4,1.285338846437851e-4,9.381342325933421e-4,1.5288204514382142e-4,0.0026187402586480323,0.003812549244503038,0.004537692966078628,4.669575794950979e-4
0.12079913668625443,0.04970488998865074,0.021363525125580835,0.008731081205135653,0.17120098534635025,0.007399951566927072,0.1471476340570122,0.0027824635068319902,0.0015277975288386576,0.008155494823373488,0.002025560670714255,0.0013055939430998505,0.010076117376531833,0.02401720256640253,0.0033376617885024543,0.14834452553827152,2.986560022000461e-4,0.0023131156446443792,7.093364306725941e-4,5.441244213229073e-4,0.0021050020428164708,3.815453871344126e-4,2.708335749961497e-4,2.6570136616881513e-4,0.0038824650312994312,0.005291588663821484,0.17724970408847576,1.8629138512145125e-4,0.008223508237573677,0.010738449159076787,0.0012475492734824124,8.115181069646827e-4,2.2078219231937463e-4,0.009441737243665075,0.0015421827554385475,3.112688850011968e-4,0.0016746194370446143,6.195416592452297e-4,0.0035593046928810807,0.0013649579515847864,0.005212604358389397,2.3569431521955298e-4,0.0026840220195826782,0.002186871205018688,0.0015273133480440287,0.002305330663041139,0.0020125519163156293,0.003893809064530391,6.504337388892075e-4,3.183918569635143e-4,0.0017795533583669719,4.100694461075924e-4,0.0030551057122875434,0.0060497013063513985,0.006157586255819153,3.4755608364399267e-4
0.13134503539819486,0.04843123150697332,0.02409763652778993,0.008946490605723114,0.16253757228505228,0.007065224856678364,0.1411783513210785,0.0018872106462917626,7.92061005561369e-4,0.005909218719878546,0.0026471425486217872,0.002225857526039112,0.008401719702338205,0.02355972510448188,0.002694931406408758,0.16631476062066541,9.011523437282556e-5,0.002697716519034862,9.283632919429738e-4,5.835360659292167e-4,0.001161548713392328,5.560291328255179e-4,3.323010225082225e-4,8.102213854512868e-5,0.006037905161175766,0.007315944209054796,0.16069212221790943,7.161085862161218e-5,0.007608122182383271,0.011318819627836615,8.602156592611291e-4,9.724169681989462e-4,2.740174301590713e-4,0.012347792147153595,9.408795353998377e-4,5.886941193312433e-4,0.0025993044892829126,6.496670336744743e-4,0.003048794410347172,0.0011211849358231248,0.0041612382332921055,8.631054884645141e-4,0.0018070107016004257,0.0010422415900591601,0.0015502223595673143,0.0020630452366713014,0.0012786035594900265,0.0038257228363880206,5.058377262490896e-4,1.0891959536043636e-4,0.0011810437398041198,3.134064291944372e-4,0.003959735672237751,0.004695897564642931,0.01119050459294447,5.411717880925805e-4
0.12579457281189294,0.05161714186062634,0.023089230628019125,0.00840076145415812,0.16830197598971416,0.007399250261257958,0.15294899259357433,0.0031358209053128977,0.0011048814596020106,0.0053786469623990805,0.0034963268321922323,0.001623937596001841,0.01057515267842154,0.027576136804977284,0.0067540795926473015,0.15185575885367628,3.707375684991943e-4,0.0025818253651226997,4.5223153178186967e-4,6.057308875541053e-4,3.864352951285224e-4,0.0014444447096304946,6.61620116718005e-5,1.338503871725536e-4,0.005730707278556251,0.005153898482236672,0.15979636424300997,5.129167222483166e-4,0.008642444502904271,0.012495114219873798,5.180644096434089e-4,0.0014040704972938737,6.196584629308701e-4,0.00854867133578642,0.0012562697345784037,6.80374232443685e-4,0.002961391157955808,8.593790879644869e-4,0.003783090262158501,5.322470249963734e-4,0.003450259767075971,2.0548098516616823e-4,0.0017913735399224025,6.883863717717198e-4,7.803614373156784e-4,0.0019459082378277216,0.0012143578790365164,0.004226250814896254,0.0016276683469536462,0,4.8728472181319607e-4,2.786546447574759e-4,0.0028261216884419766,0.005865275254016909,0.0055943234442158265,4.29546171172737e-4
0.11908736289818209,0.04448546003946729,0.02610902091951113,0.009775941118761688,0.17592002537515816,0.007492286716394611,0.14040246160388248,0.0033229631364065757,6.008616306350166e-4,0.006381256229856101,0.002345528154916359,0.0022501774607169944,0.008506810903612012,0.02539674347154193,0.0020170974105427008,0.17635971726273508,0,0.002734781493567027,3.5095592672827085e-4,3.270461492454133e-4,0.002131416861082182,3.5005812081634243e-4,3.0320666837663755e-4,8.768963108519024e-5,0.0062895160733396314,0.005203479890519267,0.1529567726487267,5.412284140664089e-4,0.005935193947658455,0.01619853931067256,0.0010475635958358614,9.515306522261522e-4,9.565056887297364e-4,0.006675048816676762,0.0010540624989252901,3.898515342431005e-4,0.0030635188887115535,3.9866164757601774e-4,0.0037633214121470886,4.5206374098151695e-5,0.004464489944998243,5.820828855572148e-4,0.002823481901485011,0.0011672641092162867,0.0015918114194190148,0.0023304815504133483,9.744595410759102e-4,0.004128508168166144,0.0013118663484255524,2.155115344099152e-4,9.76678928727559e-4,0,0.0021682878937415635,0.005215196927996434,0.00707001500955487,0.0027709932594389337
0.12185242420037215,0.05090605472706032,0.024381682456861252,0.01039786814363261,0.179345943868536,0.0057805630050768424,0.1522554516427209,0.0025484763935893495,6.461589745489221e-4,0.006161455246659877,0.003850468986579837,0.0010692731716452038,0.009381953677463974,0.023992250926585086,0.01072526974113184,0.12872677234999316,5.589172391731237e-4,0.0025807708228794118,4.0459795857547353e-4,5.899087747166981e-4,4.178223487829497e-4,0.0014336398891786316,1.8247352229351651e-4,0.0034484215208383175,0.004637435810325676,0.008796383665417618,0.16848682774768226,6.999601440441023e-4,0.0070101932497975816,0.016780035757900325,5.413940094661045e-4,0.0017939348702763524,2.3986686981580934e-4,0.008126827257612265,0.001157564651570833,6.834907686250843e-4,0.0018383761911481035,3.611716896586076e-4,0.005829631357396322,5.349576257589061e-4,0.005487772448238473,2.31130900795948e-4,0.0022189665537818886,0.0020102373287075974,0.0018878691808297168,0.002015288143545892,6.259521925630269e-4,0.005063455325442371,6.852514445051846e-4,7.003338099782778e-5,8.871777719499827e-4,3.5077343829523384e-4,0.0018691834289526821,0.0040343645049669506,0.0033784656644468875,2.7407036588919852e-5
0.1262816859798189,0.04783129110407054,0.025297125766364247,0.010230285588986853,0.1683319894190978,0.0066612178456828845,0.1464506067553068,0.0025985124207592784,2.466630497001247e-4,0.006071801743249378,0.0028323854121120534,0.0012604090022083885,0.00957741876747941,0.025806302846441725,0.002712982769465326,0.15389935161210044,4.4035148722075215e-4,0.002458104006098572,2.9473120790426044e-4,3.4017080033216934e-4,0.0010631923763599112,8.1448729858022e-4,0,7.82068902050282e-4,0.003414453841250721,0.006082103812745008,0.16870528874543253,8.535300103727647e-4,0.006531638281617623,0.014171125122233426,4.348049909891831e-4,6.468833803171637e-4,3.7153509800691713e-4,0.010939814651369159,7.264885587887277e-4,8.191611928677206e-4,0.003036809966146984,3.779357083984383e-4,0.00388891359970109,6.964363302978994e-4,0.00399770441526171,6.994477193193914e-4,0.002023727266247991,9.84815763466795e-4,0.0025658592910864524,0.00229111139218637,0.0013880824730479787,0.00457871005172508,9.492508480448136e-4,0,0.0014330146039763113,3.432309713442615e-4,0.0035550071529132097,0.0058561980098680265,0.004801756983091335,5.52023606494597e-4
0.12855761213034284,0.05082357836075475,0.023128296852472023,0.01075630151179053,0.18349434438843434,0.006475076871419717,0.14341714332597025,0.0019100570955617084,0.0011299602402298542,0.0075421138609994024,0.0018016257095974067,0.0019287352552177445,0.00917744912788354,0.022279255661464735,0.002769815380552265,0.1399240557430914,7.517610129992731e-4,0.0029434746102484336,5.545295028260703e-4,7.713647772611209e-4,5.879084287793684e-4,7.107114771810878e-4,0,0.001312187537356077,0.005769752304786604,0.008183740808591074,0.17029515948697643,2.6721338906993656e-4,0.005712543228160828,0.013383373072996432,7.431535938412407e-4,2.861807054396714e-4,0.0010339901987059933,0.008145090158440747,0.001554890808206272,0.0010211921723563041,0.0032605404138402946,2.3289299873600214e-4,0.006296034844973822,0.002026348759141702,0.005118146581739342,4.2321849716475e-4,0.0018483806505542452,9.64161829438621e-4,0.0010343611983532584,0.002754461386396352,8.895242135035789e-4,0.003211016561888971,0.001393719554381308,2.40598278176914e-4,0.0014117677616161492,4.5556591527181126e-4,0.0020144241571147833,0.0034821437969605345,0.003715273393224724,8.378041751737321e-5
0.12062764147256679,0.04941647151626253,0.02457725298759719,0.0090446058754782,0.16683683836822777,0.006864384946758057,0.14649126002112253,0.0016679174143776271,0.001252957526256576,0.0070393654783986286,0.0030084766727285182,0.00185841844115459,0.011050908429948906,0.024194428740204495,0.009269318440947926,0.14134882070821025,3.54250631955028e-4,0.002495798950180333,3.8809823756680284e-4,5.639880370469721e-4,0.001192938102152271,2.679850964409947e-4,1.3250187509297805e-4,5.877323976808959e-4,0.006547578429239112,0.0040863097080060555,0.17892286049152534,0.0013801553927483652,0.0074438305370781895,0.01185525681003653,6.829606393331571e-4,0.0013373659002300464,9.840154445121495e-4,0.010694219796028269,5.534672777096892e-4,3.5127391219591915e-4,0.0026473539190344226,0.0011273178205567702,0.004668217024532554,7.805551722641158e-4,0.005205575273786411,0.001057600615426043,0.002793465331258929,9.681581835092406e-4,0.002031716219391859,0.0019898096344456314,4.8403847542407386e-4,0.0037001862310507756,0.0012045170379423337,1.2109990277222984e-4,0.0012141827562760334,2.3552229251499692e-4,0.0031424283625343797,0.0056428389608203615,0.004232815555906809,0.0013809465235523602
0.12520326398875853,0.05259155420401819,0.022914862759925686,0.009299734661905253,0.1725577342727605,0.007446961367112713,0.14550844524972756,0.002536386117631069,6.89264536679828e-4,0.005564957996789443,0.0028779180862257944,0.0024674403359548616,0.009220176878267183,0.023678368654690248,0.0018501762997854545,0.1710487940113613,5.846694298949813e-4,0.002412131171462583,3.7038412678247755e-4,4.4971536212381905e-4,7.766214428880243e-4,0.0015412918581260882,8.95141677535425e-5,0.001605049074820701,0.0050216280065652,0.005460433574987893,0.14578202687693756,1.6843163798761714e-4,0.00639155255276326,0.012785342346412447,7.509654532809706e-4,9.259684943950065e-4,8.249747050699125e-4,0.01228113003227184,0.0015967600505341364,7.584280110848793e-4,0.0028668088959841274,3.3665433244108706e-4,0.0033128333744240615,2.5742800765621884e-4,0.006014057936835213,7.243780600414909e-4,0.002941036106434883,0.0018382320800195136,0.0011345150438052884,0.00188387979335616,6.081543959255164e-4,0.005580133621254543,4.796408523698266e-4,0,9.244401244326155e-4,8.543679038841409e-5,0.003669192914413387,0.005127640376517775,0.00599385851945643,1.8862097650685573e-4
0.1184646274300521,0.046119119508995464,0.027045969269542433,0.009839719493873147,0.16479922148595688,0.007267871057070614,0.1450597585978628,0.0021078631638095993,3.501720894906385e-4,0.007021570864162463,0.003176004504209325,0.0010682816032013902,0.010491926079836695,0.02484317928702775,0.007778295542154089,0.1477368684766484,4.300903862880301e-4,0.002833618715963991,9.552321442200839e-4,6.027372469719113e-4,0.0010660591669900013,3.5367785527306694e-4,8.257000634816351e-5,6.542279171660136e-5,0.004431172993543475,0.007320120023036215,0.1798909155890613,2.374286511287895e-4,0.00846702793427341,0.014478151151441897,7.724030137562724e-4,0.001557881137150887,2.2177042184373883e-4,0.006270457985052112,0.0012235618540505132,8.184250297995076e-4,0.003531249431693496,0.0010007934269855275,0.0044461287828573455,2.829708461429362e-4,0.003695525053427654,4.3289430188934677e-4,0.002109021940441699,6.791205833785005e-4,0.0011447325509967021,0.0027128316402266427,0.0010372038487570573,0.0038949796152710214,5.551950738366305e-4,0,0.0014541574387273435,2.1534220606061308e-4,0.004683179351743804,0.004360992693752851,0.00842376608213189,9.074257987515457e-5
0.1295271737367631,0.04933426172312793,0.0231482586815149,0.010143138336410014,0.16296631070551126,0.005309972176413349,0.1482938085627166,0.0021122017582669277,0.0013676266373931012,0.006693234389042711,0.0025397381460750827,0.0018560356387841734,0.010446599236272083,0.028702378879167035,0.002989818427158387,0.15029558825851774,2.3806380934165628e-4,0.0024779079587368305,2.990639043599871e-4,6.199483139720576e-4,0.0014153469464551244,4.897357317477587e-4,2.879707645957109e-4,0.00154199407506507,0.004676689288190673,0.006228445826617638,0.16963423671440903,5.789313433235644e-4,0.008328224466657963,0.014296661637976694,0.0013980625146829872,7.438175337880704e-4,5.155170468114533e-4,0.008791858528856823,0.0015676614111490284,6.968946480826295e-4,0.002144191464869828,7.755491770556684e-5,0.0032300728018939216,7.150561220653052e-4,0.004716979542178916,5.075727709802943e-4,0.0031197967699627192,3.5910022469403275e-4,6.237707169020108e-4,0.0019244099268280435,0.0014366155421868638,0.003703944678319767,0.0012916628418167522,2.8883188840422787e-4,8.891640870999372e-4,4.749378993281745e-4,0.002239126559643334,0.005665787599926647,0.005458861902945509,5.793839842930215e-4
0.11862834913572697,0.04471550173555094,0.029989946561456905,0.008810684027562654,0.1813877325922876,0.0057458916891005764,0.13891489702052767,0.0017466560456375652,2.480566423676131e-4,0.006853950778104181,0.004194765447223426,0.0016790367086577536,0.009240983202728585,0.023853996994640518,0.004169497735650587,0.16890809169302332,1.3558029590509914e-4,0.002782179639113109,4.247243438626925e-4,3.0739250219688556e-4,6.729615143362341e-4,7.722036887052516e-4,2.3418806017467227e-4,6.342522379431542e-5,0.005727632652641702,0.005615531619551268,0.15798158349957725,2.7153683062353443e-4,0.006588073490189312,0.013345049612772967,9.828546661050316e-4,7.494320933833877e-4,4.4543236612943466e-4,0.007650610526163969,7.687499419369438e-4,6.329825057152013e-4,0.00222087145889436,9.438456808668495e-4,0.003959448214594213,0.0014844885700629488,0.00581169598094524,8.910946172317976e-4,0.003246377754319693,9.74823445463876e-4,9.79116312619948e-4,0.0018766030196695931,0.0012210357772931368,0.0042186442994779074,4.974945259284606e-4,5.796135692135884e-4,0.0017426113576844723,4.574886392744204e-4,0.0027921244040283377,0.0045735167396849605,0.004549603123028506,0.0017393394265925364
0.1250095020927184,0.05146455910268615,0.023565388818117195,0.009296322556340463,0.1670672809143068,0.006757544229189992,0.1472550099995631,0.0034282585330884063,5.041559379306274e-4,0.006688142655884348,0.003223055259104235,0.0016721046826858616,0.009125217783054713,0.025351902221421235,9.175924183295758e-4,0.15584238968093722,8.306700753104192e-4,0.0017052435410969365,1.0488002778458999e-4,3.65947372354323e-4,7.179143854670913e-4,7.82147911204006e-4,2.2432334351160137e-4,3.425946568923444e-4,0.004859833862944615,0.006252511721025729,0.17264495151666437,4.943993938092902e-4,0.005470717639254935,0.013133942806916316,8.084018815163321e-4,6.929299905386463e-4,4.943363436940636e-4,0.007297650832778815,0.001815035712744631,0.001005379665683251,0.001375121385290306,0,0.004404715776121358,3.6439613333176643e-4,0.0036590875008924704,8.908979111106024e-4,0.0014750165336872983,4.8564313271222187e-4,0.0016997083703960013,0.0026321595630406274,0.001387211814614946,0.005162097634620388,5.472000671117797e-4,3.1319812396294e-5,0.0013501804526185703,5.512848681225217e-4,0.00292224891091812,0.00486034694546577,0.008113305322386055,8.758182986122717e-4
0.12387168876492294,0.049500939294222425,0.022414423289106932,0.010153447579233576,0.17456877420111827,0.007191266305434631,0.1413116789784729,0.002151879041794945,0.0011513649288246324,0.00615909588952159,0.0034890241391856984,0.001182390896914733,0.009577621519419956,0.024396791752648517,9.360557567416023e-4,0.15626483830124202,7.557219777467934e-5,0.002009388717128653,1.495535882340456e-4,2.1759725639337285e-4,8.189441034650935e-4,4.5472967450185787e-4,1.601600777441546e-4,7.204324932562472e-5,0.0049098978912154355,0.004559438599707979,0.1723549400653021,3.149280109763317e-4,0.00672588248701026,0.014897603773818754,0.001573367010900532,0.0011217252024392776,4.181021407309632e-4,0.007376971690333531,0.0014342967208801798,7.74749753800296e-4,0.002247529396615225,6.840918812819608e-4,0.0036189101340522124,0.0011873756856451581,0.004176783809637016,8.532349435419523e-4,0.0026413300735715728,0.0011055188823370565,0.0018360227449234923,0.0017082922413113033,8.49995035311734e-4,0.004721168018088871,6.338647493228654e-4,9.33674892262827e-5,0.0015810526198427961,3.081778434887138e-4,0.0023992345755166366,0.005615427452227072,0.008864345876917886,1.3310369665166412e-4
0.11796599279080588,0.04724163602749871,0.024169838689637565,0.00893161653215614,0.16681228636291387,0.007376573813824195,0.16378655102890216,0.0020115931699064508,8.381621201065985e-4,0.007012108622463356,0.002044669362718474,0.0015136175091884343,0.008506446025327855,0.024318072209819703,0.0053282863900717455,0.15902339021910025,2.3514136770939062e-4,0.0025188817609720724,7.641195816095942e-4,4.8351528559245524e-4,0.001681655305562866,3.4700139270728997e-4,1.8701496097859726e-4,3.1445600244587354e-4,0.004659534575064556,0.006707833599297698,0.15386984831442146,0,0.006106212906767114,0.0145073858587466,8.093799311526448e-4,0.0011611497927489487,1.7948320119724067e-4,0.01155836407391151,3.517209086418972e-4,2.661378252686209e-4,0.003147301497317367,9.133158477038909e-5,0.004162521432008499,6.676488563405416e-4,0.004693695842468826,0.001253000358052294,0.0031535107620202533,0.0012037448244408815,0.0018507963291335913,0.0027096222351223618,0.0013877013804465385,0.005078501402606585,0.0013357023331511874,1.8599750215113234e-4,0.0014223779025349303,7.164430023147543e-4,0.00305742075808284,0.006264465805088701,0.0034877481082266795,5.407905644838284e-4
0.1244980011506224,0.0479348647504622,0.023927716788130833,0.010021752572422028,0.17230537419690878,0.006778506376503436,0.15364861142991712,0.002311065633209043,0.0011639729604074579,0.005622938559557773,0.003142234349836898,0.002134844623308717,0.00873200055530082,0.023845794020414444,0.0031112539863387316,0.13755384089571446,0,0.0032757452511422347,4.8181878850369296e-4,9.945579553055034e-4,0.0015951686554974973,7.00898927682254e-5,2.554018508916776e-4,2.3528233555982286e-4,0.006332337535472994,0.005634282547048536,0.18156115819588864,5.185829852988583e-4,0.008639942550336665,0.011891366979813096,8.290277188368799e-4,9.105703828484707e-4,6.036434528285795e-4,0.00875331091685501,0.001575904252346412,2.404136817279232e-4,0.0027748688307335854,6.008715873501959e-4,0.004203307061141372,5.726974973580893e-4,0.0032886273151627983,0.0014900069535833328,0.0020764603927102753,0.001396171577449325,0.0016449827564106703,0.0016173362561762653,9.258041467136822e-4,0.0037906515313741794,0.00141025162237715,5.268187809562059e-4,0.0012925368596491535,3.836227467901848e-4,0.003214742133479538,0.004595978580743607,0.0017653164062029223,0.0012975681856116066
0.12800352704196405,0.04820601759551598,0.023199440795788565,0.008776788357584078,0.16735335348847016,0.006446314831838539,0.14700210348806284,0.002567045214204813,7.06767649371432e-4,0.005898017311644028,0.002697838472439611,0.002103029242515378,0.010140325948275318,0.02459318044216214,0.0025967114938121576,0.16826573222221905,0.0012003529774378852,0.0021077700620797855,1.9270218909613204e-4,5.614244657609974e-4,0.0014189141062966443,4.376694746192469e-4,0,1.1980607106609779e-4,0.004877771872993205,0.00662120967092424,0.1558032750536752,3.102810226127961e-4,0.007117952235442247,0.017433542151364195,0.0014480211885138782,6.141566393363495e-4,2.955115089163369e-4,0.008194425236102839,0.0011346758322006456,5.321533264055724e-4,0.0029769909752516903,3.090682679950343e-4,0.0035021359318190043,4.612527422003591e-4,0.004436760381777284,8.649731824468561e-4,0.0030592785819337797,0.0010114887809675535,0.0018061782124623286,0.002086663031928243,0.0012750042639988251,0.005033217738346369,2.138870654390695e-4,0,0.001125798722039599,7.70917714069399e-5,0.0018463055091405562,0.005761800669804086,0.004859853811397577,3.144416789324265e-4
0.11723041742912618,0.050286394655214076,0.023571435929087142,0.009225547496952997,0.18125391823743117,0.007384602080753386,0.15742356638858004,0.002144427912599175,0.0015053970762774836,0.0047181474979855285,0.0020354040876861142,0.0019927448003337423,0.008729585104017558,0.022449312488467005,0.007869022552856023,0.17103332125579518,3.014293289847966e-4,0.0030989609574062736,4.923738985581636e-4,8.347996118546686e-4,9.534031621571074e-4,2.3414974258336476e-4,0,2.7161751118443792e-5,0.00463855595876901,0.005235175769709829,0.14061869502045465,2.9348997896152173e-4,0.007064556441339447,0.010689246681977625,0.0014938237189764771,0.0010238288177095035,2.2252531447891958e-4,0.013325836189315451,7.776621621778751e-4,8.803286611811396e-4,0.0019960602711378518,7.469694032973305e-4,0.0026766415056937724,8.560183666190403e-4,0.004195633347241413,5.918921752277102e-4,0.001712244623032948,0.0012766821284531027,0.002205311954096933,0.0019342370113229407,0.0012374571675928432,0.004904871937020829,3.966686663123168e-4,3.422827957912298e-4,9.205195398246979e-4,1.4930948396995735e-4,0.0029499835345891097,0.005942559177228677,0.003434853160614163,4.7055559005603083e-4
0.11861043162839564,0.046990976391884855,0.025780529545681465,0.009724540843022392,0.17919031281127049,0.006493117176610054,0.14541714894263502,0.002994163189159468,0.0013326424978444087,0.0071021702909819994,0.002681508853961254,0.0013588953523588352,0.010444643905031933,0.026377927375063687,0.006961509036530064,0.16084005547856303,5.780547613669668e-4,0.0014332195728959142,3.791379442624039e-4,0.001585897833283519,9.284164836397168e-4,4.538242630996196e-4,8.068438391858829e-5,0.0011863826009838074,0.005489135516222279,0.004892710613759942,0.1504032683034187,6.764393546610117e-4,0.006877916673615537,0.013566837980424067,0.0010190598713363315,4.776431830820862e-4,4.211919125398626e-4,0.010004667031325305,0.0022524112093966846,4.4523843100724474e-4,0.002408619456517884,9.654218167188305e-5,0.0036894626523789947,6.970950761835371e-4,0.005580424179585507,0.0014275031959796564,0.002417308521935369,0.0014394757819362702,0.0018916431366909436,0.0029332659854466054,4.6943168634718484e-4,0.00344070322258696,3.9872914961211394e-4,1.0808938837822258e-4,0.0017279763222613738,3.252157015082726e-4,0.0028350613901016682,0.004616117754470599,0.007565225284486416,4.7939868868636696e-4
0.12045226756103025,0.04903105298540629,0.025592632437779216,0.00907930893750065,0.1785986285250279,0.0077292748963162005,0.15422099485915533,0.002678773180416704,0.0012142205018923638,0.005721698997138999,0.0034942975169259417,0.0013423656819942689,0.010271897312152526,0.021191854664863573,0.005498912146475092,0.1396404736431909,4.585994441174322e-4,0.0028146864593754,7.33523621906789e-4,1.3705087749470239e-4,0.0010524994499951236,2.9433776846273397e-4,0,3.1072344430025734e-4,0.004198150144770767,0.0045859757601172816,0.17262582992484474,3.2217930728352655e-4,0.007636569613942566,0.014937110386141475,4.69111940560774e-4,4.961937830619345e-4,3.606029402213751e-4,0.011058184291320404,0.0010441638335089408,7.257898790169684e-4,0.0033450642148480448,8.280691494424714e-4,0.0031093691832189954,4.861928684392607e-4,0.003962961219480149,6.327130153880703e-4,0.002541772964552983,0.0014066441931222498,0.0017238208421653056,0.001764446021570974,0.0021966187485324114,0.004159123913540378,2.1101975751266434e-4,0,6.844871355252064e-4,7.79657619572559e-4,0.003693553751087057,0.004078726656333874,0.004375822027957963,0
0.12490009927054722,0.05055040343176517,0.025919253276118135,0.008288023419067654,0.15880904630508574,0.008948951435050756,0.15349018502478945,0.0021669528271313883,0.0012264086021185644,0.006369048231944373,0.0034213655667066373,0.002833530929404424,0.010116873296020807,0.02425059998840773,0.004981074811518384,0.15157155907318992,2.831952882529658e-4,0.0024505486621566306,4.646360105256648e-4,8.966735860622201e-4,5.570258216831425e-4,2.994407485741804e-4,0,0.0015473398840602423,0.004220338600801422,0.010852995421055046,0.16721224683420105,9.84077432685469e-4,0.006476242268820311,0.014547971068926115,4.886074028808291e-4,2.1226511736930544e-4,0.0011053708435589996,0.009073278430744664,6.999615196063791e-4,0.0015888406345679479,0.0027943263705619225,2.840225957307099e-4,0.0034663807921194766,3.9342152747004624e-4,0.0037725084864100333,3.71386696075945e-4,0.0014802745402232966,8.105573593297775e-4,0.001174983139525513,0.0019905897384006714,0.0013315796464950967,0.005252468672124144,9.979334903376567e-4,1.4977688312583126e-4,0.001305124630193795,5.457030508850047e-4,0.002435184426003335,0.0047378707659650595,0.004496382270798131,4.0509385282559067e-4
0.11741105531536583,0.04942845303996189,0.02430602359477113,0.010360359064846026,0.16963110279672958,0.005986120970586753,0.15152818071584054,0.0022203196768051927,0.0012934863649112528,0.006801776270058373,0.0028518942904021288,4.7189749959167693e-4,0.008547366741231265,0.025678438266707168,0.002378406380568458,0.1608813632373845,5.717850373565478e-4,0.0023842354614887666,5.414168566312076e-4,5.16380113529342e-4,0.001237296397904972,2.626114832026677e-4,1.2235699757596604e-4,0.0012807445102354942,0.005413260836920345,0.003968127626980869,0.16965505250390311,2.8822498947293724e-4,0.0063881131716057495,0.014348053232406456,9.860364140762549e-4,0.0013302319469009186,4.4562975529553083e-4,0.009284837386179898,0.0011038273831685988,2.3966130782044625e-4,0.0027742008052495295,3.793707100663543e-4,0.0031263847387892115,0.001065106829093032,0.0043165692065147985,3.726670653611097e-4,0.002245611927741805,0.0012993335940516,0.001584384290031966,0.0017723276812663395,0.001518732308069561,0.0038403845348614304,0.0011902703268484578,1.9182307738474156e-4,4.741958496100698e-4,2.3515792253493828e-4,0.003322807700108991,0.005818620328730973,0.0039961985720522045,3.3172489321503024e-4
0.12738407923525757,0.053282647663485894,0.024190316301975386,0.009878304165012218,0.1660583760043167,0.006778943574458952,0.14862340953310368,0.002007848237870216,7.446558204650823e-4,0.0062447249756949754,0.0029476677657583675,0.0017202528703636213,0.009760790844810711,0.025181783907007902,0.006276076769699345,0.14457522983639642,1.0117111403706344e-4,0.0024137147802911403,4.639746990894933e-4,7.447588527197084e-4,5.596159959782548e-4,6.039616888515242e-4,8.483671963464856e-5,1.7685169216501563e-4,0.004049082781916194,0.005085920136893296,0.17418090601881475,7.79941368814737e-4,0.008516982896512558,0.012834837202958138,5.710177144965592e-4,0.0012537528100144294,8.259625139491751e-4,0.010529682218521066,2.485838697306143e-4,8.142559827524236e-4,0.0029829281451061126,1.2714339535294022e-4,0.004060696080703744,3.5569181580750054e-5,0.004691607344472425,0.0017526579067713112,0.0019176607423888826,0.0011883562459034857,6.736893026804509e-4,0.0023455494117658564,4.504310449576043e-4,0.004516919905328538,0.0011717668747851819,7.437030398651299e-5,8.994956808668506e-4,3.210370454865576e-4,0.0025382949136160808,0.005476256869625247,0.0038090587558574037,4.7159228494620607e-4
0.12528400460940495,0.043144732275225084,0.024139705466775414,0.008452852293558855,0.1686198215548436,0.007215409605112492,0.14935361684013226,0.0017644436357359778,8.559775954959029e-4,0.006143852409791359,0.002584563118287718,0.001606525693673955,0.010099095183110385,0.02298769057376202,0.0015265339158061868,0.15463974649482706,2.0624730088901672e-4,0.00270276547479414,9.122826106733726e-4,3.179361197200012e-4,0.0019055208305933816,4.0601600808943313e-4,3.7732898096011177e-4,1.1813874878844675e-4,0.004825112509130264,0.004443732441180033,0.17975093043746113,2.940165581496543e-4,0.007237054050120502,0.010356221089866117,5.979498010799056e-4,0.0013759773996163379,1.1230172079365785e-4,0.007602566220048036,6.950892535205466e-4,4.932392588460693e-4,0.0028909513507448083,3.463053766464433e-4,0.005691184461597901,0.0017816632380236916,0.005805341689305508,0.0014665127069318018,0.0013403464494253147,5.359650192677627e-4,0.0023271276002937765,0.0026678949186392633,0.001498823924695921,0.004509507437822499,6.466659592450665e-4,5.830426748243274e-4,0.0014093551873012697,2.250747425710709e-4,0.00304572562224909,0.004529066193809718,0.004173600715323486,0.0013768466514179304
0.12100099740681132,0.05216117431455268,0.022605408040647708,0.009416411225236739,0.16607662313721455,0.006908708874813482,0.14958011391799966,0.0022076092278599,4.4826332116776877e-4,0.006154619895426844,0.0039929787774755764,0.0016951313013722597,0.010390913889286695,0.023918060809504867,0.0028175579821687643,0.16888748104418844,3.978513404805773e-4,0.002004981061477618,5.224889661837102e-4,3.8447310198426584e-4,3.1206486304064695e-4,6.280421600478687e-4,1.2493969489949894e-5,6.202327185147457e-4,0.007056746801378911,0.004764591293235534,0.15523420189895662,6.424838860214374e-4,0.008891316638669319,0.01186686401664135,0.0010672272850035208,0.0011107611196636855,2.61540306998245e-4,0.010053546100461455,6.261478621788744e-4,8.059975877691306e-4,0.0027468158211172776,8.297628911344757e-4,0.0038649539627064237,9.393539585501993e-4,0.0033310168995895756,3.622882573219785e-4,0.001935763605237052,0.0014046731132641883,0.0014743295546736737,0.0033961269834106374,9.51389112741092e-4,0.004783993754456369,5.842201879920539e-4,9.143152565722886e-5,8.677008392189488e-4,4.7400613955657627e-4,0.0032704198651437315,0.004801922967785403,0.007928274562132454,4.354498543859212e-4
0.12520588584706072,0.04644660426558693,0.02500103579918817,0.009641737109564442,0.1731520271208043,0.0062567002056705704,0.1477900059699058,0.002118425197264476,0.0013369495332113469,0.006263554849841227,0.002469221466969462,0.002068544219397485,0.010009802162917103,0.022047974291847718,0.00428893860112911,0.17462731087671873,2.961033004552495e-4,0.002155441386126488,0.0010748312455236102,4.1837628815080533e-4,0.0016945987388708851,3.138341565590112e-4,9.55054148391891e-5,2.3669634872172592e-4,0.004685508656606434,0.005883730009775753,0.15120590521414762,0.0010537815390571138,0.007570509709721862,0.011410348047856624,6.465800803670652e-4,2.2993274713122857e-4,8.49435547055039e-4,0.007216212878166096,0.0013235211396556083,6.737694358012573e-4,0.0034058261074045334,9.286780906592597e-4,0.0037814425435712014,0.00106128338360411,0.0037538343549010506,2.1862013936534705e-4,0.0018692000976744463,5.844891474621471e-4,0.0016484539499134958,0.002001242213122564,9.575101094043004e-4,0.004286249868981676,4.761071595959491e-4,0,8.21063785786475e-4,5.316107841504608e-4,0.0027251457630647,0.004593849623960982,0.007028814738711188,0.0015672387369998675
0.13110325981868792,0.04843627876703104,0.023033587193265388,0.009494166566796206,0.17749766328688174,0.006798337242170824,0.14514473846891723,0.0019117093264238627,0.001279016822686113,0.005537459479543887,0.003033114992946849,0.0013194088752869423,0.008869012195547999,0.02493048529917103,0.005251736445539111,0.1606888175572467,1.5502250562819946e-4,0.0030825587605904305,3.286351627359812e-4,4.3615730306814144e-4,0.0015131562698225164,3.564264890210096e-4,0,3.0927543041461814e-4,0.005069424145389614,0.008681403260506378,0.15191138907145751,5.330475390252002e-4,0.005458053350279224,0.01584855433701497,3.373233190996169e-4,9.649934855634517e-4,5.02649374964952e-4,0.006496477127194712,7.679644109154986e-4,0.0012653431023721359,0.003104383236224847,3.9840665463490034e-4,0.004323112973518646,0.0011699672998333292,0.004161182294607049,2.8517050351753594e-4,0.0016921145663309869,0.0011631822892648929,0.002039012137967834,0.002715715104259524,0.001499300996180008,0.00408217181758734,5.423137252378312e-4,5.098097233754424e-4,7.200354489436254e-4,2.1404738590841948e-4,0.0023838041376978663,0.003226340700852988,0.007346013969774126,7.726825107575075e-5
0.12517749182178434,0.047787407562930144,0.024691280816391204,0.010439373750278045,0.16665747287638333,0.00729394285967199,0.15574838483884973,0.0020400960862812624,9.104097919402351e-4,0.0054454811138117416,0.003644612124877433,0.002201121776181107,0.007799872542727235,0.024609067814285526,0.0016646869398063114,0.1578082137447154,1.4676640337544665e-4,0.0018560153166250406,3.501132175415516e-4,6.452094788943948e-4,6.846668706299854e-4,6.121661645147348e-4,5.863035614500777e-5,2.5110806399723145e-4,0.004359017083629556,0.005288959708374003,0.16840104193335656,8.951339823148882e-4,0.0048094347488816845,0.012550565729876964,8.939666740330917e-4,0.0011481348861486996,5.676080856927111e-4,0.010086426730841865,6.441784419280627e-4,5.808351358691438e-4,0.0027750206589692793,5.605471508266646e-4,0.0044444893851095365,4.96733956691439e-4,0.003550965916280459,7.014983725671609e-4,0.0025769129998253664,9.377181754447935e-4,0.0017553163127856897,0.0020957085826176173,0.0022010788679662696,0.005390457257809592,9.722406373309183e-4,2.1180368101517943e-4,0.001215028361842304,1.5182499081892967e-4,0.00247313721823915,0.004128584014132628,0.004513146841233227,9.889114490816225e-5
0.11849741605526946,0.046322964777543815,0.022925502984127266,0.009625365253373186,0.19005338856322465,0.007089025474799532,0.15095774797584569,0.0022760321952252117,0.0010060886647276308,0.005481882189364593,0.0032200339713241654,9.518899334778957e-4,0.010354869261279478,0.023992261384952897,0.0018975764701410804,0.14494571333997466,2.7525182282670587e-4,0.0023977971781492533,1.617841783377244e-4,3.6940873797144296e-4,5.853983162909861e-4,6.029612071846312e-4,1.288806139830965e-4,1.0847195908001029e-4,0.006299980021224717,0.005708545013003138,0.17177679337737434,7.671331002216571e-4,0.0063226402923371155,0.012483297109198401,6.106503492028796e-4,0.0010883892451262443,5.446180937594198e-4,0.009481800252357564,3.82633330158278e-4,5.394643043863809e-4,0.002712390441205986,3.377367421767698e-4,0.002119579285776161,6.233406109087589e-5,0.004946178781513949,5.578219149255998e-4,0.0019906016598555095,9.933375122648188e-4,0.001998335778915899,0.002650572448736175,0.0013248102620653285,0.005094702635605404,6.423646384452945e-4,1.3488502227305821e-4,0.0016226628338806444,1.3632968164633365e-4,0.002743609016890859,0.0059545331513214915,0.003270494348231123,4.7306278635350066e-4
0.11869390240677688,0.04784932444332825,0.026172384814650226,0.010933788216088883,0.18028177197584325,0.0055857651091768224,0.15066143938057208,0.002339122212963885,7.749321221273998e-4,0.0057676842110011405,0.005117088335839879,0.0020329133171001507,0.009491470543315289,0.023342179854557672,0.0016169218869405513,0.14850712901011645,3.711832374316538e-4,0.0035445385419803307,5.32264393124693e-4,3.8607520894247123e-4,0.0012560548468151837,6.827852859033783e-4,9.570440760126866e-5,0.0017003821331490778,0.004438140941392773,0.004916898321673225,0.1747045439061511,5.107788416997429e-4,0.006814863633731621,0.010848967102962405,9.151177214774972e-4,0.001357607703370174,4.7391211473198e-4,0.0068978133268725456,6.128548569086859e-4,0.0014740489911436447,0.0017551534594839027,5.018144996581874e-4,0.0037028561240189405,0.0011725104918432615,0.0029600075257083113,7.246008051500687e-4,0.002233969951918221,0.0012967147824586643,0.0013669585809659571,0.0017292541826900197,6.449699215117298e-4,0.004299494940082842,8.635760000065288e-4,0,0.0012004151833235673,1.1849361133335624e-4,0.00330159209541729,0.004472483922691528,0.005557115776208341,3.956647880670241e-4
0.123199337571974,0.04558466293036412,0.02273858498570327,0.009352734663605573,0.16626936438154993,0.006749288605348782,0.14936786416565545,0.0033607498752365583,0.0013413181154371145,0.006199970271629062,0.0023627242158807357,0.0016969521303074374,0.008498949568155181,0.022683114792994716,0.0014772103035221834,0.1727740869801753,3.2132153654501464e-4,0.0027049421466365325,6.079291530062591e-4,3.0283927625418414e-4,0.0011053600306752983,6.925879112118486e-4,0,4.38466381070291e-4,0.004419718559812278,0.003634650186808511,0.1687451670667604,3.3095573555918547e-4,0.00801092885086243,0.012238222869015507,0.0016892375674542348,7.529793740023085e-4,3.854226329830849e-4,0.007091025934923374,6.670101443208541e-4,8.695847248861999e-4,0.004375134682718791,7.784942434232795e-4,0.004386331077485224,8.95832107919598e-4,0.0036365794726240684,0.0012079286015567227,0.0026781125588165072,7.71242971507395e-4,0.0010290519599064907,0.001983092934648213,8.669478694121394e-4,0.004323240936921108,9.295898789419687e-4,5.643313147120639e-4,8.981561425577042e-4,8.068617550231608e-4,0.0017912614569969602,0.003798237797459074,0.005241222308271686,3.7308628877062824e-4
0.1298603763155687,0.05056597884844868,0.02470571214563871,0.00971874593910577,0.16729973191451442,0.007250587079850673,0.1408590113386977,0.0017754930345507407,6.543062554253156e-4,0.00816776082096555,0.004154251946741811,0.0018914756880541008,0.009089910882886257,0.023612480643648112,0.008045358799569486,0.15866991497965244,9.877494010684523e-4,0.0022049664945906467,3.2550482887924975e-4,7.741470079057611e-4,0.0010566845511190694,8.077561353620068e-5,6.063297608661796e-5,1.4814418137717783e-4,0.0052961052830376686,0.003992667200410096,0.16379554947476746,1.8561079006774913e-4,0.006284029156148191,0.010699192868718826,2.945652633302512e-4,0.0011394121243426868,2.7651251006839895e-4,0.009025673371081662,9.543663674622902e-4,7.504181118663773e-4,0.0031179924422324768,9.399260127094116e-4,0.00377546798659933,7.57449528542129e-4,0.005464593707585764,4.965497952679306e-4,0.0019167077402367227,0.0017220767643948357,0.0013458420943301087,0.0023057935009420517,5.95382674273968e-4,0.004304128587688823,5.632217507137197e-4,9.240558789098059e-5,7.464540297184163e-4,3.956326253319768e-4,0.0027402596116833516,0.006025981568054329,0.007941505820596816,9.88239620235918e-5
0.12562968551438228,0.049764224314056034,0.025616771644699582,0.009900003923995681,0.1640962475264535,0.007166091288542932,0.14699745984732324,0.0015101087670820598,0.0010299103418207232,0.007600536271663712,0.0026924370958606773,0.0017741079393408022,0.009762189179015923,0.025739151786360204,6.946928491926911e-4,0.17023380785716757,9.444395949846754e-4,0.0018404547103725289,8.14109926932932e-4,3.5856497911979866e-4,6.452198139053016e-4,4.824462135568841e-4,3.126850845634501e-4,1.4503063416237763e-4,0.006156592418651237,0.005007568964581215,0.15830707482073303,3.1631905250228726e-4,0.007466711720005696,0.013529734147901437,6.41491586283713e-4,0.0012145187166529856,2.969745244971034e-4,0.009715488822810474,8.01069897980195e-4,6.321696580994559e-4,0.002322545364786843,4.931852082864125e-4,0.00390099258841098,4.912022105500445e-4,0.004384989223178809,0.0010717840266376488,0.002908939834661172,0.0012960995793122934,0.002655519066561344,0.002133898507533277,2.3174450551674767e-4,0.004422921643364275,2.931492656329652e-4,1.92918843587866e-4,0.00204149662263426,3.5036428012197096e-4,0.0028563273150123986,0.0037229428966441933,0.0035101760072547327,8.827115750573821e-4
0.1255086981624734,0.046879522571256146,0.02555508123889493,0.012796227796042307,0.18273876321278815,0.005849998339056516,0.1483103095631156,0.0023546460345960753,9.46486354560146e-4,0.00696869882963888,0.0026418937583740486,0.0018904464924933142,0.009585113098848783,0.023615318435358384,0.001494552227375972,0.15737311840922727,3.2596384601565214e-4,0.0022785305270709134,4.11176158298023e-4,2.0042950926032506e-4,0.0016349283433465403,3.999013450056449e-4,1.555408146480735e-4,5.826931760497383e-4,0.004208536483167961,0.00481083370727817,0.15807166245617404,6.446014153823246e-4,0.006463882805123098,0.01180449399397315,5.864148846224742e-4,0.0013932691732905082,3.032681043487109e-4,0.0082586908060627,0.0017556438662590232,4.0996368125030693e-4,0.0023503846912418967,4.1541449480503437e-4,0.004015401238094976,9.509047493499166e-4,0.0027755237914963817,0.001272640061071611,0.0021937065498461848,6.926099545848169e-4,0.0017688200928570711,0.002529188290730226,8.188310268257454e-4,0.00455685194026335,7.10807020526978e-4,8.523617648563844e-5,0.0020678850190497234,0.0011634667385414703,0.0031928340829120026,0.004766355098915337,0.0037523532611091447,7.114861005651946e-4
0.12042207467524917,0.04911320785190038,0.027449286905112467,0.01029517421588503,0.16852176790913828,0.007173495469516867,0.14922248289452134,0.002693970806974467,6.485335826919109e-4,0.0072592531093837636,0.0023869010630094816,0.0020071311358679177,0.009280710636684463,0.02674887618645455,0.005686876422501436,0.15250792406242877,2.112048803918278e-4,0.004018032759287278,2.38899045378018e-4,8.894497615489844e-4,0.0014926777000432078,7.221227723087219e-4,2.088082886858583e-4,6.129388349850374e-4,0.00399246495985318,0.008872055628886207,0.15911025964809716,1.0177706799348569e-4,0.0069760290237815634,0.012725701921504297,0.0014796844959334135,0.0013991714998132687,7.55092726889122e-4,0.00798502275286618,0.0011913216006844884,6.315650456380818e-4,0.0030419146473822244,5.341757009492082e-4,0.00543548594483812,5.039585611502896e-4,0.005378166626046276,3.1740028030844883e-4,0.0019610457038723105,7.554804450108985e-4,0.0012972318797750324,0.0028932264399520653,6.625031466666307e-4,0.005356558848531589,9.013998819602318e-4,2.7997178221919226e-4,6.761470961843618e-4,1.0762434158176e-4,0.002398572254158118,0.005877664897693672,0.005471837863004786,0.0011176863168251272
0.12213880130458181,0.04952281647203101,0.02327478421461977,0.010397763279885616,0.1631723796377489,0.007219816096808996,0.15486256817663707,0.002634040014417463,0.001561170644452341,0.006646431608577987,0.00343658395707034,0.0016842749274273026,0.009165692772524428,0.023022061304945066,0.012226363754172851,0.15868227600896478,5.281338614114118e-4,0.004188556167540859,3.840381051526467e-4,3.0940880894928587e-4,6.529344987076468e-4,0.0014086946619438615,1.2826486732514655e-4,6.007703702011377e-4,0.004791286942159107,0.010608917573782685,0.14964037378159334,1.046424565217267e-4,0.00808971602886296,0.011985025076203647,0.0015363387836833033,9.113139243846129e-4,2.773662091874847e-4,0.011165550831162283,5.993675001894297e-4,7.802150087212074e-4,0.003223389105478338,3.9431069935822924e-4,0.0046158182815186615,0.0011774213055567861,0.0037620648117717365,0.0012321843839913525,0.003058209016084807,6.182538106279487e-4,0.0012945074981444435,0.0017369461929605161,9.7933515918451e-4,0.004532237124116996,9.854158709955577e-4,1.8462629326368899e-4,4.743526204194965e-4,4.987100488437511e-4,0.002292298177408072,0.004637090693381589,0.005964089274344011,0
0.12531933231094294,0.04950599651266559,0.02269419864336728,0.008487549289604681,0.17591311462518983,0.0056406059809657825,0.14633098744812928,0.0026284391247408893,0.001037212363119721,0.00587585505206152,0.00364787906369816,0.0010816460096088098,0.010086633864314697,0.021997085499072214,7.256467984417505e-4,0.17361380412432267,2.9369392652010693e-4,0.0026986495531826217,1.6146141645444293e-4,8.262675691117579e-4,8.575550783556901e-4,3.1302643216949685e-4,1.0121290285387697e-4,1.1011165474364513e-4,0.0032905759279495067,0.005409433007636555,0.15244090154210885,5.574515182687137e-4,0.008238439675844733,0.01179855182486628,7.278312842728931e-4,0.001315373170879704,6.18153943306348e-4,0.008455535306554525,8.311339846076874e-4,0.0011848316896894424,0.00217767150253012,7.940031670278347e-5,0.003816530895267959,8.922933381791826e-4,0.003950507664416719,3.104717593372744e-4,0.001732501241389964,8.16520514663592e-4,0.0018434148916439167,0.0034328391534385492,0.0010520036801443817,0.004374771815361708,6.278090840558032e-4,1.909791021076357e-4,0.0016204549945508418,2.3549975951314787e-4,0.002176391606969408,0.00614586409530231,0.009437596002337128,2.7030046246489706e-4
0.12057567680067757,0.04963900995463102,0.022930864264944607,0.010896803228951653,0.15364574204831408,0.006444271749669197,0.15998424751549628,0.0024374057717353936,9.261374877673903e-4,0.006309700620256824,0.0025246672097401696,9.64863592458252e-4,0.009045211415745037,0.025197551627259243,0.005079188462412708,0.1680741717837746,8.945869573695096e-4,0.0022172439466250637,5.582794035861957e-4,2.3475319003054098e-4,8.336124574538297e-4,6.063915575866132e-4,0,1.779874714944929e-4,0.003983625316896009,0.009233628059822514,0.15796102188551087,5.413120513635022e-4,0.008556862595689836,0.012505369361721894,0.0010307477156807688,2.9858599502296417e-4,4.3401608634085446e-4,0.007698967552313448,0.0014537756821151515,6.290791824539882e-4,0.002805578991739838,7.524325322179076e-4,0.005585979433718497,7.250498090794164e-4,0.00452151988695358,1.3392755430521048e-4,0.0024551544195062086,6.608284568593532e-4,0.0013675996341479969,0.0020590764636476805,0.001244370485923714,0.0046003078284181246,9.449832670917158e-4,3.728089643741381e-4,9.164419040917065e-4,0,0.00317094825157365,0.0050187207327860315,0.008080074321370794,5.8837059282342984e-5
0.12047977074981593,0.04502507422623407,0.02580401844406608,0.007886097932639516,0.17861363911562733,0.007711222598587235,0.15803984021321923,0.0024288960410663533,8.42648743525062e-4,0.006686196662155064,0.0029453401152993654,0.0017625037073546815,0.009890009958399663,0.02443394478491703,0.002132190652695751,0.15613040132643996,4.6765898182091605e-4,0.0024235534486018134,8.716417537964851e-4,3.664494182733481e-4,0.001500785141005036,7.458770948866844e-4,0,3.9441260966884906e-4,0.0032402374403406424,0.004330439560089869,0.163046591911486,7.159448519081666e-4,0.0076020929081408945,0.009360785214552608,0.0014319077887555642,0.001665006615826549,5.201626822139723e-4,0.008672124507631192,8.493986241477506e-4,7.066193745233063e-4,0.0046419005364979355,6.750054474931857e-4,0.003932430092834526,9.639530966485291e-4,0.004257708824002785,2.8150906067571314e-4,0.0036023924390857233,0.0010907516650752686,0.0014943204211205815,0.0022384749793697215,8.682536265502848e-4,0.0050571643275611824,3.965225999821541e-4,0,9.212020226812216e-4,4.732281204438605e-4,0.0026710057967577134,0.004361435423556919,0.002197649736133637,1.5160658381708917e-4
0.12789929594004051,0.04923866369133055,0.02161129142572524,0.00894917142662113,0.17369831902249355,0.0070061099109199575,0.15036496356739004,0.0025630314053382676,5.122638668041029e-4,0.006317324463557834,0.0030187604153070575,9.180002551321591e-4,0.010040272598734034,0.021739622215662658,0.009143088351861091,0.14004785727391467,3.9012577375693695e-4,0.0032388379315855813,4.3765139520564745e-4,4.801319272647786e-4,0.0011032616046357524,0.0015935070471318278,9.225268845592718e-5,0.0036382642181890645,0.005290006739343781,0.008807990601295392,0.17294324905903188,5.051521365389978e-4,0.006818137144002578,0.01294692148653142,0.0010733385994536261,6.401152425172052e-4,3.221935221549235e-4,0.010169400681770186,0.0011254046862764165,8.390379437887288e-4,0.002946767460461101,4.511694097744361e-4,0.003418106630047241,6.344223257229168e-4,0.004530212964139214,4.4231301209214603e-4,0.0020727319036296706,0.001044906665105588,9.159541407001997e-4,0.0019217388495154912,2.7799401418554835e-4,0.00503830875860995,4.883167596604255e-4,0,9.936476127445817e-4,1.4035137770034714e-4,0.002645095645000987,0.0044644153020961886,0.001617670872841347,4.3286003620909684e-4
0.12447509594523837,0.04780112829834442,0.023341356395183758,0.00817140869949645,0.17211668232635588,0.007193205806802566,0.16265411182608558,0.0017793163493118901,0.0011143056256757457,0.007654270400525515,0.002852615296506019,0.002089401056863351,0.009403883241083605,0.02504012865246649,0.004004444043418551,0.15369445714881594,4.891696955879045e-4,0.001561577643840031,8.482197700552601e-4,5.826092427439775e-4,0.0013731092174791059,9.572372198852681e-4,2.2459184748792321e-4,2.244569599243536e-4,0.00637033109849782,0.007451173546768934,0.15833006673602681,4.596568121727478e-4,0.005689532945407068,0.01285364642587962,6.964674485326783e-4,0.001219392058839257,6.45049297329868e-4,0.008890016609896573,5.288883374503555e-4,7.603254871516831e-4,0.002420543366964206,2.471836081324461e-4,0.003236743933130738,9.387852240773763e-4,0.003809903099227626,1.1342678842898386e-4,0.0018046106671342301,9.454216707260895e-4,0.0017308948284325534,0.0026127171203301296,0.0012502786260327726,0.0038326582875392364,3.2146917495891325e-4,3.868082650646198e-4,9.71393433413873e-4,5.461655978966978e-4,0.0026936019752885946,0.0043246559502988745,0.004271408869790657,0
0.12021627970098939,0.045688784958424364,0.025496759536966375,0.010554014840240192,0.18692206307655906,0.007636021210776304,0.1585602267400139,0.0022538972305489765,9.473092860723796e-4,0.006860114163319356,0.00301866968781189,0.002105373772186542,0.010184325857958124,0.02008399572540914,0.001023565842314261,0.14270245418647148,4.2351315389701507e-4,0.0021162681709126006,8.023379902288878e-4,2.3503044610576738e-4,4.0028285473366364e-4,9.520627316881669e-4,2.5079339124148986e-4,0.0010007033499094548,0.0037113408360775163,0.00806206962253693,0.1642997899376565,5.413240828337893e-4,0.008106342165630607,0.009812164597492115,8.710900290028533e-4,0.0013758107563560827,1.476590351125747e-4,0.009092676918795064,8.610676273760632e-4,6.550093541168484e-4,0.0032689303035390834,8.989908414882911e-4,0.004605845569831646,6.601992597713021e-4,0.0029107685571780856,6.971993329409447e-4,0.0019335041809137104,5.58240913428123e-4,9.554603768206137e-4,0.0029236281390811023,0.0017119304835184349,0.005110328440308473,0.001078519521908362,1.7220369575882992e-4,6.653778725176773e-4,6.234355775717247e-4,0.0024353740461982333,0.005906565762704946,0.004041689235697856,8.706150210568038e-4
0.11956465963367721,0.05218560949381011,0.021838321411873952,0.009534243311083703,0.17169671263072803,0.006846654284625633,0.1527605695828778,0.002613158084687326,4.839014928085311e-4,0.006215513559751126,0.002277354925135266,0.001543063998443063,0.009929661237585789,0.02341023921289455,9.654404573432e-4,0.14905401027515966,4.6636201006188156e-4,0.002391367722379816,9.323429948201981e-4,6.952871970444703e-4,7.245851185167406e-4,0.0010813913740191255,9.260184916342904e-5,2.402571280286638e-4,0.004378400433531661,0.0038480397766916968,0.18313914180252985,6.704868363402092e-5,0.007183358964828467,0.011937401715263746,2.6049726285314024e-4,5.900410346976186e-4,3.3630421264664156e-4,0.008170902424733464,6.855260079069774e-4,7.412358278746695e-4,0.0036990017881181406,8.135098043621457e-4,0.004655168558757507,0.0016205760284360292,0.003950449780351498,4.119170612734125e-4,0.002390554254245075,0.0015712180941656936,0.001622987189121423,0.001561723633452681,0.0014822536668562395,0.004213845920563389,8.367198905653102e-4,2.6699333186750514e-4,6.397518217511824e-4,1.0887988856602957e-4,0.002321921924150626,0.0038015467627879195,0.0047479617708365215,4.0181169606047544e-4
0.12219327266720068,0.045807317537589216,0.026181865173000602,0.007376283269445246,0.177257189053735,0.006178475783592043,0.14766536071960915,0.002859536533034148,0.0015588302016950957,0.0065266895127210345,0.003752460371967117,0.0014264812143477761,0.009525147404506414,0.025160322705243328,0.0023952124976261684,0.17250799144106985,3.871165423009354e-4,0.002799701331049473,1.3435779710927183e-4,4.7704334275101054e-4,5.689042607704696e-4,2.536473209891673e-4,3.945335569004147e-4,5.386466255007092e-4,0.004554904008589686,0.005751258861944466,0.1475270725318679,4.0493376440328634e-4,0.006012124884820272,0.01350551641430535,5.546704768224995e-4,0.001558828901994083,6.209739116674516e-4,0.008440777389799776,4.340037978727783e-4,6.839170778527291e-4,0.00214691696632745,7.29721032630565e-4,0.004178183070683869,0.001608117788420386,0.004574209767430932,4.59846294648508e-4,0.002336051407233365,0.0017311692562656123,0.0018043884543528488,0.0022056266272352082,0.0014978406485943914,0.005648867116470368,7.533812772519208e-4,5.7441376105566675e-5,0.00176103086180599,1.5829787006635203e-4,0.0025649701293688145,0.006029460296926408,0.005663907256588242,1.1520361589862041e-4
0.12555165557123327,0.04580141541405288,0.023674081948085745,0.009818473565343907,0.16545875405124694,0.005191390530451119,0.1494976747307167,0.0024474567492607678,0.0012791687198700412,0.006001070100983772,0.0029935434698398827,0.002336858994726106,0.009214425670910003,0.025255486977768592,0.001067836130797167,0.1741082168261515,3.4776262560121227e-4,0.002689946347366705,6.738892187626029e-4,7.402533331537927e-4,0.0015380565014177074,0.0012279979015953392,2.2280062438818842e-4,7.554491459223241e-5,0.005000187516613892,0.006592272575020554,0.1572651689792372,7.460028657035699e-4,0.006793427823228886,0.012506622059327255,9.150647496812351e-4,9.239817297839992e-4,5.032401305322137e-4,0.007760826298612145,0.0018990928334026624,5.20339335432571e-4,0.0030966942903400043,1.1576726572061183e-4,0.004344105538708524,5.641696686996004e-4,0.004998330548680403,6.00905077943472e-4,0.0025896972802187065,4.8710881929868867e-4,0.0014801103203836037,0.003968186261995273,0.0022995268712189473,0.004640333689814726,1.6409358447718432e-4,2.3782950816212203e-4,0.0012640889408244587,2.3880693297924723e-4,0.002098833830254037,0.005444495902335076,0.0027269278530529734,0
0.11752286838478886,0.04938936395049982,0.025576126196844722,0.008764907767813915,0.1686248652685328,0.007627329813181675,0.143834095130428,0.0027659414191544512,2.3725701108207536e-4,0.00568309432444837,0.0036868480528417847,0.0014196522524619823,0.008547660545051973,0.026903479522266665,0.0017492091597531986,0.1781432809061951,2.568650249670252e-4,0.0015970128901214371,5.15985952545321e-4,0.0011003347244105996,7.678601873828915e-4,6.51119030981022e-4,3.231627603031966e-4,8.710843423300607e-5,0.00512377434462207,0.00746930528363155,0.15288412555595135,4.1513190063518265e-4,0.00643800382818804,0.015443708766439872,7.029189118893317e-4,0.0010793955029223977,9.393700588637436e-4,0.008827285214135656,9.882919921259837e-4,2.730924154987399e-4,0.003803632498796842,3.2301216219341274e-4,0.003075884066804288,9.886224787894993e-4,0.003630879183359126,0.001387031205054966,0.003101308818263842,0.0013393442085985901,0.0011127646411900993,0.0017407214998210903,0.001090984611663862,0.004390338612972652,8.562388792512285e-4,2.518917337241203e-4,0.0011607451881986888,5.891379748216796e-4,0.0020846146795139037,0.005582230527004492,0.007014059420054188,1.1672512472965353e-4
0.12594326408214912,0.045241018612815334,0.02416838828128188,0.009890741514606867,0.1711093447263375,0.006939417140380909,0.14856011825869203,0.003008307189610144,0.0014346759859980027,0.0068537245549545,0.004389259748987421,0.0021104714634736276,0.010204008001934455,0.025391040496947896,0.005655639946855847,0.16180064664651342,3.187442489137066e-4,0.0027561025784098377,6.62032415139809e-4,2.668909429465157e-4,0.0013817651839126424,8.799158101150938e-4,2.1278685946580394e-4,1.5379653892316395e-4,0.004176969476839835,0.0059928408559887505,0.15866004526676808,8.24294723597074e-4,0.005709540535383281,0.011739924102794789,7.717207893477881e-4,7.618359355933905e-4,7.344775943064784e-4,0.008103363061061119,0.0014228956950018109,7.135974806363838e-4,0.002920879631826843,5.566578899913132e-4,0.0032637364944636616,7.270456848466896e-4,0.0035176890886872035,0.0012310221941691643,0.0022790667137735426,6.344064878151009e-4,0.002675101205577981,0.003298165970274882,0.0010195213442019634,0.004408902385654929,4.054958483693583e-4,5.599948548528462e-4,0.0018638920138668903,3.7009260549899917e-4,0.0025993502871490023,0.004149909459289954,0.0035884053129301642,9.870577800752307e-4
0.1214103798288653,0.050222241288977384,0.022533886090345453,0.007246194306629059,0.18008818538021157,0.0073383268378132945,0.15464954129496977,0.0026980543804589266,0.0014122809078036863,0.007126665472504792,0.002338547779855972,0.0016519880132957077,0.010481384096304473,0.025871795399314806,5.408845591882294e-4,0.16228291651583648,9.366044494180769e-5,0.0024996706355006606,7.578961923831029e-4,1.9245444790089107e-4,7.741456511937855e-4,1.9398016473487004e-4,3.443335278353695e-4,2.873166499921745e-4,0.004046606076534718,0.00618607455210817,0.1511972287743391,9.052624717048888e-4,0.007975878431740614,0.012047858682852169,0.0011553749529562523,0.001283417411905899,4.3897451969286325e-4,0.011431930142956055,9.27736494103855e-4,1.0463825244402944e-4,0.0025820966522925428,4.96585685340017e-4,0.002850378250875527,0.001278265479618572,0.0034875966580392524,2.579883857590847e-4,0.002604896085677053,3.266363363209178e-4,0.0021738063114450368,0.0037094645309205137,6.47103764451243e-4,0.003980638931973347,5.804934139205747e-4,0,0.0012227617628581546,2.7921554084413085e-4,0.002653402241296948,0.005848297736078979,0.003857060728282331,4.256008738095773e-4
0.12458607241706479,0.04675369615254722,0.027244731282415745,0.00960728393780134,0.1703601610280011,0.007238079311711058,0.14424094809987797,0.002040484471639415,0.0011601822336754126,0.008756502103874714,0.002497633005751358,0.0017947381573787905,0.009834057411719922,0.022113741436064753,0.009490841192938906,0.1442342900784656,2.3498783026587862e-4,0.002327981630066482,8.294039307452524e-4,4.971267292093072e-4,4.925645597150111e-4,3.4530360611685564e-4,0,0.0010733528163396529,0.0050934205592028615,0.005962301325437714,0.16843822129463717,6.471054011456927e-4,0.0064422735774584475,0.013069571279989554,2.0044517865358303e-4,7.66399508617598e-4,6.262992978493139e-4,0.013180700082967565,9.530799147804981e-4,6.470226244741935e-4,0.002984536495604694,5.098097708164085e-4,0.0045036640109664796,8.947690901397588e-5,0.0034052750432039284,6.034316816024767e-4,0.002097848811796942,3.227601806986221e-4,0.0016126014962252397,0.0016826938978183026,0.0010877025528763138,0.004830812797170771,0.0019554547793549596,5.00174779871123e-4,0.0010201822093817946,0.0010005581569544238,0.002576596823548355,0.005127259235277285,0.007556771419537778,0.0027513854796793816
0.1279960012310411,0.04891087703305308,0.02606428831280961,0.009354492432219853,0.16993205602936245,0.005746501493997759,0.1475188201850238,0.0016003520356226814,9.771991853659789e-4,0.006156471106714021,0.0021543625284114456,0.001720686402073089,0.009618960822286153,0.02409088823584616,0.006616345336460179,0.15285986741126104,2.0035522825556033e-4,0.0033235813622752787,9.626008136870567e-5,2.4653799335120475e-4,0.001704928313895248,8.111934171653898e-4,0,2.6335700170347815e-5,0.0061593797255462745,0.004760664303431627,0.17019089346885102,1.1397141875881207e-4,0.0058420925956811694,0.014655957039553887,9.846834807673123e-4,0.0010849848937779774,7.414931510415266e-4,0.0073434301868660155,0.0010535037520960026,3.8882597544405043e-4,0.00314926322081913,2.3891138943386083e-4,0.004125672591275128,7.092668610124242e-4,0.003732794395391361,0.0011599206737998968,0.0016605961151936505,6.382032591946439e-4,0.0013318428034472492,0.002672935184132962,0.001231233699208587,0.003889994447091225,9.518060326939588e-4,4.7703899711907404e-4,8.279549682558647e-4,4.964415910444249e-4,0.003624277086784001,0.005452631074320879,0.0025819737399358235,0
0.12159884408000868,0.0440706802676045,0.02489461615093662,0.009040249384890864,0.17003739739922055,0.006691762710373544,0.15665619714176135,0.0014187919803116036,0.0012666716744682341,0.005866063229233853,0.0027868574739634794,0.0016808966953075495,0.009601994142808769,0.02341566195864442,0.0038144615524899803,0.15033419946001264,8.492844699969054e-4,0.0018498613014886194,3.066409989614132e-4,5.069807345478177e-4,0.0011370110408081698,7.334346720149541e-4,0,3.2952697599532825e-4,0.005348801954342497,0.005354777589823908,0.17600251241367607,5.070945048216625e-4,0.00658459762577338,0.012479959450015012,3.312797375980771e-4,9.195068357933812e-4,8.078419793674425e-4,0.008742920624322392,0.0010499153314881787,0.0012039380727788412,0.0020091219599857116,4.606106189839033e-4,0.005242268559033806,0.0011064881473865904,0.003831430033802323,0.0010784120355934964,0.0019524604128835785,6.805085377472138e-4,0.0016236486253389418,0.0012718323923241338,0.0010469287950644942,0.004622076525191826,8.51612142530624e-4,0,0.0021190284223528287,4.8481160099907985e-4,0.0028139336245979105,0.004253183219247125,0.004642101801811184,0.0016883109294745632
0.1282612083809106,0.04875756652231543,0.02341443108899268,0.00976340831437263,0.17645498519522176,0.00603288209975587,0.14714230323765562,0.0016415055465328148,0.0012479869012097119,0.007581599874862473,0.0032592092600728225,0.0020708181082292765,0.007691635307934273,0.02482095720173569,7.02082327518065e-4,0.16851812124125445,7.305667356484293e-4,0.002676545652975455,1.9174407399956235e-4,1.0910557365484511e-4,0.0011339609908955057,4.44674984200781e-4,1.9468780400215966e-4,3.9618557094373995e-4,0.006139222063918124,0.005798221108040272,0.15110259953325955,1.9628959117616533e-4,0.006603616327456385,0.0136380197232566,9.765536611703267e-4,0.0010729086044472906,3.240414543484733e-4,0.007683374646600679,0.0010534079865273656,4.5114970553452607e-4,0.004154915336555691,3.258457186780294e-4,0.005327482399789687,2.8517314346382594e-4,0.003607264307113315,0.0014831838728815274,0.002940938177275343,0.0011618318416154187,0.0011749962540836757,0.0018306207613660074,7.947153185476575e-4,0.0043960500330728755,0.001303222690644548,0,8.423632839347238e-4,3.750422638058355e-4,0.002346035094970957,0.0045391880333747366,0.004709562675332726,1.2399239286301826e-4
0.11528020124424691,0.04744201989334987,0.025842989964096782,0.009957139404164,0.17053817389279763,0.008339042623376139,0.15429430065102723,0.002059728442662172,0.0012440312743656568,0.006649248117414331,0.0033158860065561585,0.001192195321104455,0.009151643036240251,0.02605899837157168,0.005834011341112869,0.1513212514372882,9.250566563078982e-5,0.002419074644715635,5.012865382305327e-4,8.881999388421445e-4,0.0012094552162715013,8.080649324471697e-4,4.095172915904386e-4,1.971648471254236e-4,0.006130233871510647,0.007840528633645498,0.16489288995743426,2.310503706119712e-4,0.010308685848327245,0.011342136899129995,2.5345281340047657e-4,0.0017037128222167066,6.8946866988012e-4,0.012097125958965648,2.495813352602576e-4,5.854382832734421e-4,0.0037145780003760877,1.129649488381337e-4,0.0038046042810785095,0.0013024770345001773,0.003536289064892925,0.0013425570831659898,0.0015008213158030947,9.096363538771152e-4,0.0017537926234522515,0.001933047186301662,0.0011747482582269895,0.004019863163552183,4.3817063408821557e-4,2.1577722385539554e-4,9.40374566363158e-4,2.806067855859784e-4,0.002355921077475856,0.005336611175429631,0.003664841998357628,2.9188166489479213e-4
0.12713830082376068,0.047773540513251084,0.02670487734949597,0.00688446290500558,0.17923540385391926,0.0069353438594097995,0.14295910001568085,0.0017791146749928542,7.966432306443152e-4,0.006422545635910268,0.00433454975945341,0.0013273737048609643,0.007907190840385372,0.027341777718339618,0.0028494605517480126,0.1534633846408833,9.148387171437682e-4,0.0020170148050279277,9.382382710261083e-4,3.8005855085452466e-4,4.2655121749002106e-4,8.128197339236312e-4,1.5503723007270767e-4,3.3364332538614235e-4,0.005499529066669707,0.005841735369398587,0.1586191000007246,5.313448155898193e-4,0.008164871811509839,0.012181165070521143,8.037098317157306e-4,9.314616014700921e-4,4.079808742532251e-4,0.013794820666371048,8.722545056721064e-4,7.297266586011605e-4,0.0027276813171695853,2.2018128836815383e-4,0.004562389995461533,6.931130908603185e-4,0.003312768627456617,6.738953059608496e-4,0.0022882058822332393,0.0011528164504698226,0.001638094579884562,0.0018004756833721396,0.0014118571004251266,0.0042941731346367445,3.3635636021700635e-4,2.2686222378073487e-4,0.0014802878553443243,8.992887145276438e-4,0.002068954968696234,0.006104224718251694,0.005860865985698924,3.853451602148683e-5
0.11906601320290615,0.044071959097728985,0.026308847614507122,0.007768240409604979,0.1746305547780609,0.007879064702390725,0.1512334417869606,0.003886355970462621,7.716639050562626e-4,0.006457420340374336,0.0027579682406856324,0.0016002582411031936,0.010327877388715153,0.02495499035316678,0.0016282949024258068,0.1702333207345843,4.7778381322225106e-4,0.0018639014611991523,3.6206002933211e-4,6.047650468127854e-4,0.0011916938969860017,4.905644106998045e-4,0,2.6859636827934866e-4,0.0051306382357607936,0.0051152347095103174,0.15999725584945682,2.8539108804021083e-4,0.006645844549088447,0.013751016173072585,8.091763092658625e-4,9.081956123900278e-4,4.120368703252033e-4,0.007199522491059079,8.6844463268333e-4,7.371532172568029e-4,0.003217612611017235,1.1229682972543035e-4,0.005124718557696246,7.303495752896529e-4,0.004068670296763682,4.2881697353030693e-4,0.0021360224997763718,6.486127147813464e-4,0.00270884256415209,0.001545139182320059,0.0012456044016615738,0.005098924254343571,5.395276570425512e-4,0,9.09722434569375e-4,1.8993411783633317e-4,0.0027250038818183065,0.0046392474628162,0.002902448544515079,3.3295900717011077e-4
0.1371419574827987,0.04717815596836716,0.021352203435078442,0.011573653248865043,0.18096807337446094,0.0056403645595992915,0.15150123347131794,0.001804141905967438,0.0011947857807754168,0.00707936708669989,0.0025794221726716153,0.0011286600920028852,0.009870271299543742,0.02341050911882169,0.008818208520698204,0.13405016689014526,7.524146524802134e-4,0.0027000502837516522,6.106479085275068e-4,5.948579288579861e-4,0.0019964685957375742,0.0011177056279990543,2.5148904970005297e-4,2.543503829766862e-4,0.005902929960865537,0.007845037667328053,0.15531339765062938,3.197248600204535e-4,0.007614036915851953,0.015884715158086652,6.132648243207227e-4,8.83159645355796e-4,7.332604262058278e-4,0.008530095229417571,8.105486496694533e-4,4.6041487697574476e-4,0.0026378029426594872,1.8709478525978906e-4,0.004088776680518194,6.341558279165002e-4,0.005034786038832316,7.178794149054067e-4,0.003210587553213803,9.490877552997481e-4,0.001976968941074995,0.0015425623111783313,8.067150529781664e-4,0.0059465611046202035,0.0013844721621898636,2.247067603935923e-4,6.696683071858462e-4,1.7684039855611204e-4,0.002955697481873601,0.003744192779888818,0.004196734480460484,4.349645184232023e-4
0.1242466039485535,0.04809545526420683,0.024381561771955124,0.00884920080959903,0.16545043143051777,0.008621271005713688,0.14816896334987747,0.0019245828138096904,9.783121097365194e-4,0.0074276044524255996,0.004033135433249228,0.0013169231919080515,0.00981825279525093,0.02267033385144761,0.001643867506970557,0.18084925822080922,5.160468122055587e-4,0.0030079270100168204,1.8723242142818818e-4,0.00123588377296528,0.0012128792677729922,2.726334776308526e-4,3.204493251042221e-4,2.703493602845042e-4,0.0049766960564186745,0.0070492055890762715,0.14395755697974533,6.994518384374215e-4,0.006265889843314114,0.014596845851547394,3.3845748152992874e-4,0.0010837369880473658,5.536121420978803e-4,0.009837635830643288,0.0012537092967765215,8.61575353303424e-4,0.002849499534110672,6.576157978113224e-4,0.003899251157097037,0.0012499252479285662,0.0046904175784242925,3.8012906140605775e-5,0.0021531160526272533,0.001542415385331267,0.0016514321638400546,0.0020788671046110016,0.0012454834636065556,0.003407547385321427,3.650074626450356e-4,0,0.0011435788732939252,6.376538433749379e-4,0.002379039854713679,0.006492730195536365,0.006544873339209136,0
0.12331924436409368,0.051424551131680075,0.025711233408941766,0.01043786343254633,0.17849342442382105,0.006586238557273494,0.15373860041297596,0.0020048751290083996,0.0010925557606453833,0.005672459997279815,0.0022672566152543904,0.0019258089981747078,0.008441973897256507,0.0251918764103932,0.003412657985350132,0.15176033209989426,3.986138622082439e-4,0.002737976615688059,5.827190308866019e-4,0.001098030416339829,0.001136461671694365,6.072213261792032e-4,1.7019030234819807e-4,1.964924437701679e-4,0.0047901770181015295,0.00791595122191307,0.15780137513245207,3.481082959067554e-4,0.007354199418321376,0.014274849528846736,0.0015418111553758573,6.65111551127022e-4,4.924033881466024e-4,0.007446651289233107,9.067530295173512e-4,4.201034308796341e-4,0.00340190794777409,4.0777030043896923e-4,0.00373924218361442,9.611674634403933e-4,0.005574004545952477,2.9732214476791823e-4,0.0024182700510465495,8.861047048129091e-4,0.0019084814200101255,0.0011396438186756109,9.61596966221487e-4,0.00433255319806315,6.057402617217258e-4,2.5888653634465516e-5,9.697970728719368e-4,5.635121630883778e-4,0.0022372176464733762,0.003851115405006975,0.0032317831429877616,1.2072815587232563e-4
0.12244766878705213,0.04356574816259973,0.019446968470082926,0.008381793701595521,0.17041164327421457,0.00881568927566984,0.14680202695750194,0.00409318961980992,0.0010102453486742161,0.0070002668828450495,0.004396930474977516,0.0030495922939874,0.009195010159536146,0.024369751606001067,0.002750184718489582,0.15718343155472958,7.187213426432047e-4,0.003064414246521167,2.218392397040554e-4,5.942334893889116e-4,0.002076286302669126,0.0012524079397290345,0,7.297117723209738e-5,0.0043481451187588555,0.004747669456128275,0.175554001640945,3.54721705299647e-4,0.009438042464195925,0.01163514962203465,0.0014344195745766173,0.0010030491630290085,4.578398296576936e-4,0.010040706835395147,0.0010126831953141185,3.190630168383584e-4,0.0026219744199475043,5.5819991323605644e-5,0.004349229945978908,5.081785688786295e-4,0.003431524256629087,7.260960898152542e-4,0.0011962770672424771,9.474435855014265e-4,0.0020441805417844294,0.0024109107116350704,0.0011506843932770365,0.003791860879473414,9.516801824753328e-4,0,0.0011568706861747157,4.0179961065657527e-4,0.0010890688772569406,0.005228637660000392,0.006254482406360817,4.1677347776035954e-4
0.13090813862234973,0.045730015958346755,0.02346344322068164,0.006948235750357552,0.16574983758024694,0.006255175269219317,0.15450716307425585,0.0021473870406846737,7.634619159492651e-4,0.006701472410700836,0.003199176681401684,0.0013999530418142415,0.010130710383615418,0.02325518324108816,0.0013202304187694108,0.15400432693026164,0.0011566414587739146,0.002443147337473034,2.629884158487338e-4,5.770832789225583e-4,0.0010892852034778237,0.0010551956808298258,8.854253570549496e-5,1.6707337125729444e-4,0.004580646337398924,0.0034295758681962612,0.17839827979622336,1.9749097271036677e-4,0.00616085965986647,0.0127597626516279,0.0014784214052821186,5.590090932850798e-4,4.3804742710868805e-4,0.00809155903876735,0.0010049943561368365,6.520345764832276e-4,0.0031236101917343838,7.478384346836582e-4,0.002962626858313734,0.0013968755823793322,0.004968083319933407,0.0010309852055300733,0.003098764824476344,7.78812543562984e-4,0.0013609694978668715,0.0016984919812659128,9.686516629555909e-4,0.004556473334643083,7.183838374599807e-4,1.5634308154187292e-4,6.615247658900735e-4,6.737132996518465e-4,0.0021915688829879845,0.0048905674014673725,0.0026267058443770986,3.1445944415998945e-4
0.12450665586460767,0.056586477139187366,0.02485039883704676,0.010431895017222392,0.1867919295549274,0.007395436962910393,0.147376476162999,0.0024327403966196604,0.0010832644493260297,0.007596018669208203,0.003985853142717801,0.0013757806913789338,0.008779769764104777,0.02499540644412666,0.007414054221672293,0.14387278646694612,7.795448939832101e-4,0.001305680234441599,4.7958827125759514e-4,7.076717204248138e-4,5.706925697736192e-4,8.544179792532949e-4,8.744320455446283e-5,3.490778464621722e-4,0.0065975946653480545,0.004886095091717877,0.14628506601820365,1.853038662081449e-4,0.008210151795986697,0.015128845602982704,0.0010158228792649978,0.0013692504445783824,2.743431967503624e-4,0.01126695420884138,7.776550995117774e-4,2.5802550493619355e-4,0.0019442067113406877,3.2787606325853237e-4,0.0038132132286673444,5.054825175104818e-4,0.005225824387347596,2.1053465339890105e-4,0.0028923812671861277,0.0011430100447105804,8.156565065070544e-4,0.002146946647603484,0.0013722256941820761,0.0033988386633185155,8.781729622604151e-4,0,0.001373552612306337,1.1332931741606905e-4,0.0024341666079368933,0.0038953196726012004,0.004585683321461058,0.002059410241504184
0.11761107485876654,0.050839124334213295,0.023739959660695215,0.009970197873279282,0.18279424118194057,0.005139355807252678,0.14443637886167088,0.002089888372385738,6.680091002879652e-4,0.006443271434338348,0.003992803137711872,0.002406163055529226,0.008477111077285474,0.022241501236867755,0.0011469094526852803,0.1641189262112249,4.503804674090496e-4,0.0021343708293168825,4.99008951836483e-4,5.127247946910262e-4,8.839452578220068e-4,7.488175966083464e-4,8.184459569423227e-5,2.893177819544009e-4,0.005490681388109673,0.00661471845460975,0.1560244149271813,8.873095796480988e-4,0.007484493767363523,0.013984120691962726,0.001273726300535525,0.00125759410161533,4.0326090953833875e-4,0.008247260644330167,4.682609358027634e-4,0.001560737390746093,0.002876283314636278,4.396094750053761e-4,0.005166036516816443,0.0012327056448276452,0.0031731027347607905,1.1453543249559397e-4,0.001651260157912972,0.0015304023795267086,0.0014705549463868855,0.0030235990536129436,0.0014244455882448204,0.003844162876049067,0.001025697456401836,1.7177831127089324e-4,0.001368976390924046,1.687383997028524e-4,0.0030883694100805764,0.006599235904566763,0.0059273963556423235,2.91204628224448e-4
0.1250250527734351,0.05129501103646648,0.022052734010040154,0.00971120313352724,0.17973985772493994,0.006181100882268845,0.14215547860831285,0.002582565366171533,0.0015916094960835203,0.006282474695331356,0.0026793107687839413,0.001672334444800338,0.00969015838012095,0.024697629610995142,0.0019670748710241513,0.1566577562924061,4.998110670455205e-4,0.002032617984571842,0.00101266552373746,3.1689479704187387e-4,3.046705808247766e-4,5.299851188784951e-4,0,6.241202455019786e-5,0.007131276311542478,0.005977180092360453,0.15579327639506954,9.098724188487496e-4,0.00799922885962388,0.014201353008782837,0.0014679145231211094,0.001474660644605808,3.855180295419594e-4,0.009732750671412117,0.0012062642987060754,9.136676896340148e-4,0.002450152991297588,1.2377603084469586e-4,0.0037234284697692794,7.691607696681122e-4,0.004220022683045071,2.94989938392941e-4,0.0026752008279692357,0.0013591797519134398,8.785462600182607e-4,0.0022434741921724686,0.0017057541423347207,0.003983148023273056,0.0017097394613555885,0,0.0013978207803118834,3.0135864922095645e-4,0.00224831854211017,0.005404941309685771,0.00805457554691886,5.230394950910754e-4
0.11511798434927271,0.04620736858103082,0.022259263075908035,0.007924313826198683,0.16631423938164813,0.008029499301855232,0.14609499167879714,0.003454033080373244,0.0014343230421926029,0.0069470570994510416,0.0023084667821113374,0.0011753707634126979,0.009444897882909946,0.027925859907657318,0.0019161294051570224,0.158770135836168,5.680994036425442e-4,0.0030200484143641988,7.626802265646128e-4,3.16439797349712e-4,0.0029171872452640538,4.3687301857125814e-4,1.239449324511157e-4,1.92483176421501e-4,0.005586441459932685,0.004242187224797001,0.1806252017876954,5.462906601566878e-4,0.00781287136013665,0.013586104377588564,4.46150482835604e-4,9.220410571703677e-4,4.425986050180782e-4,0.007683034953230455,2.869133385430292e-4,0.0014854768521739314,0.002277697461962385,3.396292806854291e-4,0.0047438488426308845,7.901757555733234e-4,0.004857460518664361,2.661501848971262e-4,0.001543041356703988,7.513372892366523e-4,0.0013162313456048325,0.0017355556354534298,0.0010333789829928125,0.005060912105758855,0.001813627271797756,1.0532188138925014e-4,0.0014377432003793574,8.31307720693437e-5,0.002906533995029028,0.00626470239036961,0.004415664468851375,9.308548918987965e-4
0.12424193274222899,0.048094032262099094,0.026501103824432725,0.010534643278491341,0.1809196614394685,0.007473934815833023,0.14820251274589127,0.0027869668391687103,8.260429887390359e-4,0.00608335549402879,0.003433014700630963,0.0021442150448776507,0.009655522122131653,0.02343501437846715,0.006254699412010939,0.15880621999959102,6.551481486269473e-4,0.003078437341366325,6.807911450663335e-4,3.329331920036549e-4,0.0012882717649588126,4.7974974353202595e-4,1.2382633258245138e-4,0,0.004975111896529807,0.006051404831164469,0.15116724544014892,6.610571839003259e-4,0.007569198850339378,0.013493753446900307,0.0012357689263141722,8.767700921475072e-4,6.424296122134477e-4,0.007193650483965913,0.001261233075974107,6.081416921727881e-4,0.002001904153563232,5.145365971986288e-4,0.0032743655193857436,4.4785978864631145e-4,0.005250507355783497,5.292785359114606e-4,0.0026393044052304675,0.001445131941170769,0.0011844041742348362,0.002992715096828369,8.057274129036559e-4,0.004878310069829094,7.78204725530222e-4,0,4.6460911994376347e-4,3.0259703902700995e-5,0.0027269759668443064,0.0045111065254918635,0.0016699671096474678,0.002087036509955085
0.12392685666434208,0.048431362996578124,0.025433652427982532,0.009149717492915278,0.17547580898245543,0.006970701586338823,0.14859188642600277,0.00293994003826009,5.456519553497031e-4,0.007436061021250308,0.0023433100862294775,0.0012550146715940601,0.008927067608239983,0.026422643163391386,0.0040808413499730314,0.15056763448338104,4.599028489130732e-4,0.0023578858315427267,7.980388561998258e-4,6.847099784676922e-4,8.260265344438891e-4,7.389722986366859e-4,1.5137072488170423e-4,2.845141512658349e-4,0.0062394458110853965,0.006476447365054523,0.166509794930879,3.194729273888307e-4,0.009038185977120963,0.009040606948887173,0.0010942979293349466,3.572181223058474e-4,6.077376509671465e-4,0.008418848502690549,9.108820918358727e-4,9.932378078887564e-4,0.0023114286279758557,2.0720753291978217e-4,0.004052183820561953,4.577591631178554e-4,0.004311226503060211,7.099816263105267e-4,0.001433647663720128,5.633357020373963e-4,0.0020379290447262374,0.0021363597842608676,0.0014021578523181893,0.005201281517586912,0.0010626825748594477,2.984484060461554e-4,0.0010743804450862762,4.487068268589527e-4,0.002277697732258205,0.005757481846148691,0.005450355086071799,0
0.13065821095490776,0.04736248024183221,0.024489936402589858,0.01165282827787357,0.1705688644594561,0.006126647394494136,0.14743756959565354,0.0017133553305184797,6.983310502781884e-4,0.0059780241407320365,0.00362978383851813,0.001986466379309179,0.009874508394683583,0.024377429851391498,0.0031137396272780133,0.15965320464309993,4.603465623983939e-4,0.002197742838372231,6.639631109514644e-4,5.255454716072633e-4,9.879912884423047e-4,3.924892933073792e-4,1.7819790883804738e-4,2.703333163904925e-4,0.0045887016437945434,0.003821789864349506,0.16763743976831186,0,0.007159123289303785,0.011231074280594635,7.973161551368828e-4,0.0011323395021942213,2.439777054313749e-4,0.008264993721790495,0.0016749232131950955,7.830250624478622e-4,0.0035807300556872238,1.88459717447366e-4,0.0035702890678846896,9.798268611299194e-4,0.00459013336475539,7.00412108500471e-4,0.0023719897871297612,9.283021394248256e-4,0.0019215174539747154,0.001974647831042672,0.0015217105530605233,0.004340043310086622,8.114371667398699e-4,1.760937708585741e-4,0.0010054744252771352,0,0.0018305297458841925,0.003911569557879315,0.0031808857990153062,8.325270474736265e-5
0.12035213352424351,0.04713087242214536,0.025004979776723075,0.00875429730895848,0.16859381819446578,0.007399291033258627,0.1533669019040801,0.0022856178030039773,9.769649156407662e-4,0.007599787445428983,0.002577552376428396,0.0012751029020784236,0.009799989885220796,0.02545673273606392,0.005946114270236978,0.16453332465607534,6.363930797224287e-4,0.002307019383921758,6.453733401545164e-4,4.807654784154598e-4,0.0012038179662361762,1.9324930379879254e-4,3.9598463844389665e-4,6.0568721446738443e-5,0.003374797636470629,0.008983597282906654,0.15897148016050577,6.023458644389774e-4,0.005965508179963795,0.012514882058280555,9.063889689968737e-4,7.97766090684526e-4,0.0010579746098443967,0.007147587474810622,9.321377022588456e-4,3.073733008574646e-4,0.0026409876735401126,6.335903147017854e-4,0.004807286441689181,5.0346924370447e-4,0.004895232138748035,6.2293440857199e-5,0.0027116908912348118,8.040515132402404e-4,0.002311009509177615,0.0029312126551355754,1.641182157371757e-4,0.0038855328070964055,6.609643671748209e-4,1.035094526733201e-4,8.843247380440295e-4,4.72859801626995e-4,0.003998812016961043,0.0054398401600846925,0.002688116757917148,8.626054644439644e-4
0.11997036655455437,0.045854474005428005,0.023849347125360094,0.00983897362858555,0.17358188158159804,0.007138899951830986,0.15151899243602973,0.00292839719290782,8.572496276685658e-4,0.00763280721623046,0.0040580648291202595,0.0014078755609701105,0.009808415565416857,0.02247640839785548,0.002097004264708555,0.15500916729901923,6.604828687580639e-4,0.0035544712199511675,3.995530722712363e-4,6.866082892792083e-4,0.0010080705326798694,7.10950636435089e-4,2.0688264090684108e-4,1.688902734227782e-4,0.005051802433342877,0.005347119874990163,0.1681197117221417,3.0879102869197517e-4,0.005635288792061796,0.015952725352374353,9.958926050361516e-4,8.196834070303783e-4,1.7413935715204264e-4,0.008355612919947554,8.93996977897032e-4,5.007597847010494e-4,0.0021202619569532085,6.523980117591688e-4,0.005001878514788459,8.291762064368076e-4,0.0036658510504129996,0.0010402900426380085,0.0033074594974465622,9.891908632464782e-4,0.00162108758908376,0.0018106946645273258,0.0019035240395445742,0.0045908964419933565,4.951686996410508e-4,0,0.0013245873049603082,2.174428363172832e-4,0.002348074192996697,0.0053665890969477855,0.005031152184231114,1.0451777971961319e-4
0.12439698471594941,0.04912008929971013,0.022746939090333335,0.010526543375463075,0.16649191211742395,0.007531070625057526,0.14810724590600952,0.003310737236500394,8.965412549370844e-4,0.006831306983926702,0.002991332097546482,0.0014184096609479798,0.009765443844814155,0.024931160781378307,4.887599672351139e-4,0.1615794524454077,4.147234275783218e-4,0.0017011762500244421,5.984773378595363e-4,6.95823911719365e-4,7.85289731520515e-4,0.0013177773977684376,1.2067897786384126e-4,4.600483141903704e-4,0.00563227010878361,0.0037739966560178394,0.17110828434816758,2.3787593025368509e-4,0.006758729743228635,0.012313543889943294,8.389240952285243e-4,6.722511065610758e-4,6.302615060048009e-4,0.008137720198990388,8.292320618927485e-4,9.661189454825673e-4,0.002950186558961895,6.394725211593965e-4,0.004350203008596392,5.133845038322942e-4,0.004899101905600877,3.0948295841364394e-4,0.0013544082841676279,5.482419966004313e-4,0.0014951641449153959,0.0024171145794807587,0.001379046906453722,0.004393510511540686,0.0015029950323972305,2.1608393934800338e-4,0.0015291033155281463,3.149333644690597e-4,0.002403287290101592,0.00491821397276237,0.0034201268045406714,0.001318805059409415
0.1148032795650118,0.04755945629552432,0.02611354170838005,0.009535757976235012,0.18201879947206864,0.006585582237004506,0.15264819722293513,0.002288590469882106,6.826069952337383e-4,0.005682486639682943,0.0033822967035435987,0.001247692747227139,0.008499957992700112,0.027718136195344467,0.003028407117037177,0.14073165284425426,5.941150657992085e-4,0.0030294554137011414,6.889256967231775e-4,7.144275041255141e-4,0.0010380673000790514,4.3103627295591014e-4,0,0.00025246237877216637,0.0046949950672073495,0.006820729186236953,0.17174075594492336,5.827986633827742e-4,0.007487922853529167,0.01431327732234976,8.033587059062107e-4,0.0013060323882743076,6.554672917414992e-4,0.008132316446086398,0.0016458468060561236,0.0010628151518871133,0.0031641761036893925,5.474613317780493e-4,0.004054268894233004,8.687246001287646e-4,0.0032687329582712335,7.351417771391581e-4,0.0028774996646632354,6.34522024388838e-4,0.0012514253481138162,0.001361704775837172,8.675508510382145e-4,0.00387028667849159,2.8924435577181795e-4,7.863660263405241e-5,0.001301655960138587,0,0.00304522410924761,0.006169763505267596,0.005554341059756664,0.001538391757608994
0.1219498069990076,0.04991900152886316,0.024369884449747675,0.009501697434042207,0.1758816601012539,0.0055897102077354386,0.14444562410375678,0.0017142771435191446,6.266614211845337e-4,0.006653218696811726,0.0035648980925562968,0.0017260762955030955,0.008607078104173388,0.021698869377497824,0.0017921650566839933,0.15544842443077383,7.607289082408496e-4,0.0024819582249854723,0.0011015090423411177,3.9466947265840807e-4,5.900053982989737e-4,0.001133111474450848,3.4226758004594844e-4,5.616394417409209e-4,0.0059449222983009335,0.005999905074758184,0.17485248646145368,6.55632226394434e-4,0.007739079822791686,0.010151611913725225,2.1012293629339167e-4,0.001360164592865707,2.458404669112521e-4,0.008808102818727083,7.946730681089583e-4,4.911776783335954e-4,0.0026255707055058055,1.0823919175133942e-4,0.0031012733578450985,2.155993858612208e-4,0.005404072414673309,0.0010477687213623352,0.00282946208151068,8.87793853701653e-4,9.844496317426054e-4,0.0017132385166837066,0.001432297130239295,0.0037041732194521607,8.349072792712749e-4,1.4404807860252203e-4,0.0011451004311533344,1.1132931266352017e-4,0.0039470675916910515,0.005799842551298792,0.00471829522731438,0.0011368089731386638
0.11430449098743305,0.049190883289736545,0.022348636096194488,0.0071998954621454656,0.1712510326287763,0.006664741496844719,0.152018855527489,0.001583826370880818,6.957774250046733e-4,0.007046725460091563,0.0021632023619256703,0.0020044111033004474,0.011996282354098473,0.024106983438465113,0.002343618998128576,0.1736001603002583,4.7364048179282916e-4,0.003606350233996856,5.276174054272508e-4,0.001073438256772571,0.0012345236922046729,3.141858740887852e-4,1.3771210726255895e-4,3.6184198172119263e-4,0.004150988961554034,0.004472335646356133,0.16679007450997216,4.561459149314152e-4,0.006867390007315384,0.010000069530818584,5.639214342284229e-4,0.0013932909174105108,3.0351463532492327e-4,0.007251663233870032,0.0012539824303210124,7.038602377969879e-4,0.0027042018957119957,7.157883442832794e-4,0.004788861974936012,8.302416292677647e-4,0.005074588355014639,4.2705073697852736e-4,0.002406021718153733,3.731217199600796e-4,0.0013142334650124434,0.0029322269198579303,5.491810438209138e-4,0.0036682859579795666,9.097696026097887e-4,3.3014951213538435e-4,0.0014701378293011584,1.4046345311373627e-4,0.001998116697355957,0.004070549000057753,0.004218597427033146,6.223419234767082e-4
0.12450570405014104,0.04238567896612239,0.025103458268776874,0.010657429754269036,0.17529553481812465,0.0074516380191829296,0.14072249317786478,0.0026940201177586805,0.0012600029791350782,0.005369588590728194,0.0026346983754268524,0.002149510263496462,0.009666703246126911,0.025927288282082853,0.0013447890590745529,0.17489436246091294,3.0622004231606315e-4,0.0026836699162070686,5.812563242163557e-4,1.7089871882953632e-4,0.0013041151854767204,5.990266092751514e-4,2.1409324587147961e-4,2.2515937234699759e-4,0.0053782734944325915,0.004939494632074404,0.1561448741850181,9.64920147944465e-5,0.007464843837492601,0.012292033709625148,0.0012903176110537593,0.0013780613016608264,1.9238910943096402e-4,0.007809149751012216,7.160327673097457e-4,0.0014312038509333165,0.0025923016662288785,3.909194965628211e-4,0.004897046021908909,8.426594822490744e-4,0.003407852198961992,3.5434614505106514e-4,0.0022845848712669922,4.0346307235300446e-4,8.104720017903176e-4,0.0022697324734918365,0.0019202400792711592,0.005029173973519336,7.641264053514367e-4,9.584656962958549e-5,0.0017056690360706076,2.2768672612093183e-4,0.002109704986623511,0.005662613795830685,0.0055140523813156685,0.0014370025078004633
0.1282672642277049,0.0510248908758515,0.02194361987978574,0.010194249243186508,0.17911784256761185,0.006900930467390896,0.1417968387647723,0.0020962191146262354,0.0012887576474841524,0.006655663757423382,0.0037155220703883308,6.689968100131315e-4,0.010035775628761779,0.022949309128361073,6.994331212482619e-4,0.1653930074360615,1.1596308536472626e-4,0.0019317731892748117,7.376990592180485e-4,6.891370549946855e-4,8.037339411998795e-4,6.798596937997014e-4,1.6778403731168727e-4,4.604752534669267e-4,0.004751109958105783,0.004491799728347326,0.1592882187092429,3.8004875816688785e-4,0.009061339669540903,0.010358234382861552,4.605536317890769e-4,5.634625571726938e-4,3.4035085730941536e-4,0.008151969546384153,9.01416028875838e-4,3.940675815932374e-4,0.0026536956140285127,1.0276659493287343e-4,0.003198218963445748,8.214574058033998e-4,0.005037586508610806,5.867344716881544e-4,0.002546188475984639,0.0017443619359923269,0.0014836761693442515,0.0017025446767787392,0.001160105306243854,0.0040437847632203774,0.00155847413137532,0,0.0014852818859427,3.754641857856728e-4,0.002552302304806392,0.004175067760151497,0.0064035142479031346,8.914571332698253e-4
0.1237903483944995,0.046636746819962265,0.02471569923912018,0.008858592222234486,0.18110614030667874,0.006186751776816975,0.1448394907489945,0.0011325859719930166,4.4879695282651116e-4,0.0064803180270784095,0.0036525873379142145,0.002028283545724324,0.008975163340518864,0.027034907755916774,0.003193853825978213,0.15362243718201563,2.5896054196159276e-4,0.002875286602001148,3.6313349422850347e-4,4.3527317701878333e-4,7.966177614410861e-4,6.625635529004503e-4,1.6113725429173507e-4,1.5721162168372477e-4,0.008290485867159787,0.005585794068821575,0.1584202734678192,2.73970265528167e-4,0.005431105792899771,0.014415467323220764,0.0013174125816082028,7.495073778680282e-4,5.191868982341183e-4,0.010664074192039307,3.895429300180579e-4,2.4153071975761863e-4,0.002706490669055398,1.503848133411421e-4,0.004069854893006624,8.727949424340503e-4,0.005230913283316008,1.538762871591185e-4,0.0027389257579223786,7.814395347010631e-4,0.0013280361213899418,0.0031684232711957916,6.225526945253456e-4,0.004985854038373402,0.0010209261466499907,4.0047571447025305e-4,0.0013911256856020543,5.172532464572257e-4,0.0027790413266825134,0.004279285543431726,0.007835236472465992,2.5587061904579916e-4
0.1101100483325784,0.04945520938730714,0.021759739990967624,0.00865551555084398,0.17488224202004915,0.007691354933045191,0.15285361080573825,0.002394070713904693,9.411620415668015e-4,0.0076430771111790086,0.003073247357822359,0.0010571314162351568,0.00955094237098141,0.022220513424238347,0.0019469544378352933,0.15997509577342625,6.007451129203619e-4,0.004243829829016632,8.609951368876089e-4,4.8436103202002454e-4,8.253666071548137e-4,2.6016968806440643e-4,8.47365966985105e-5,2.139034868746687e-4,0.004192392074586965,0.005064554089983896,0.16931682766019424,3.1233656266074447e-4,0.005254957539140106,0.013231115092667564,6.870083603649624e-4,9.610836264816996e-4,5.285957904349242e-4,0.00933277852963106,6.532943015391114e-4,4.637169880230115e-4,0.003770081462527257,6.624889081174464e-4,0.006073894480709635,6.454422795276063e-4,0.003972903751778615,2.6552517318753703e-4,0.002394376908920535,0.0013086077711932152,6.15963488673508e-4,0.003202529554595272,7.625289436932408e-4,0.005224063428973309,5.803997433598541e-4,0,6.552015741772621e-4,3.5439645010917496e-4,0.001861661183969825,0.006439876813034021,0.007339935880295322,0.0020874384300930194
0.12073832337315026,0.04493190234081753,0.028007334412445364,0.010031024120450358,0.16548255195169406,0.007377696127849034,0.15351772562311114,0.0014535893191211478,0.0016398454418670393,0.0074024255394738335,0.0023940922827304176,0.002073141813547235,0.0098711680613986965,0.028129371934705088,9.296366732881516e-4,0.1653227984652944,2.0813476257071353e-4,0.002679402388125458,8.562275097596356e-4,4.704992054438632e-4,0.0011293064140596428,9.757456446778925e-4,0,2.0214645628702522e-4,0.005038781093717147,0.005041706551229362,0.16239975141040183,4.413019267640454e-4,0.007280428191502813,0.012405171578385667,7.485407028633852e-4,8.707862552829403e-4,7.007964990231079e-4,0.010573324022023581,7.154052487142621e-4,6.689547958705753e-4,0.0032919805832947045,2.418114477288989e-4,0.004123257348878899,6.52951218382007e-4,0.003849455895038119,6.026956941119601e-4,0.0022765985152612177,5.523916615252388e-4,0.0016711887594620216,0.0016241282130319674,0.0012788233634828546,0.0035506576995982674,6.927950842416175e-4,0,9.367201696807658e-4,0,0.002696831191244247,0.003889487864182984,0.0052378827315816825,1.2130442162583836e-4
0.11866279705174781,0.04740145097460369,0.021844665360871436,0.009801963787587777,0.18235388831683433,0.0066001457165946594,0.14965343318207922,0.0016956338965311787,0.0018062287665275149,0.006134613425613885,0.0029630640777103625,0.0021036201951719256,0.008505502596673742,0.022969430525640395,0.0012888889626338136,0.14621604856529738,4.900120595650284e-4,0.0019745337265650543,7.756206718598531e-4,4.776433027327113e-4,0.0011501872064095713,8.742552035824915e-4,1.526299647624208e-4,1.06099084310688e-4,0.00571476430225485,0.005069368043531748,0.17934224358722362,5.138570234950624e-4,0.006718302934643137,0.012145486015587986,4.4575247708880954e-4,9.94749739934885e-4,5.549209697012536e-4,0.006231590871257245,7.08589445774263e-4,7.161630701736715e-4,0.0024983900778472543,4.6269940406293606e-4,0.004591952415620039,8.715034526680812e-4,0.0048048056057753774,2.4259318680035815e-4,0.002371570262434761,0.0018312162929201182,0.001410389563949958,0.003399371513177081,0.001621371632215519,0.004087834826956064,3.69254193655513e-4,0,5.292265774257073e-4,8.358960235104329e-4,0.0036193560801314087,0.005112652034030282,0.0058509529365516014,3.3081881769406705e-4
0.11692970200153231,0.046274977142819376,0.022834828153134697,0.010635514683316543,0.17129133010419467,0.007402862863501975,0.15233450848272817,0.0020989339526191184,0.0016512765848971348,0.007257626963887225,0.00435640810081196,0.0015027327594066481,0.009486911905851696,0.025906246078739353,0.007533228544177715,0.16706477608008263,3.0780621877965085e-4,0.0027044887702104095,6.466247557606478e-4,5.587908546399802e-4,0.001852942316624977,2.9000902232232074e-5,1.4475355677215671e-4,1.3890185674670548e-4,0.006040948450292196,0.0055467161084608975,0.1543491358038255,2.1454073837095844e-4,0.00610090333750218,0.01281528984187799,0.00123799185312898,0.001236189248495435,5.293942046954576e-4,0.009372812984697604,0.0010351267255093507,3.462793022664343e-4,0.0023932803741891226,9.533582373608525e-5,0.0037237190441434475,0.0011671910912610481,0.004389562976711019,6.818900520721981e-4,0.002805122006820253,0.0012585813205679235,9.354537185745582e-4,0.002868331023710881,0.001610965950854894,0.004145396522468443,7.125237984548675e-4,2.463774454535233e-4,0.0014784668945629325,3.339439319538074e-4,0.0037069687670128987,0.0037339044570809245,0.002725584008302811,0.0012168985594773645
0.1225420163032256,0.04978678522026473,0.023856226829153445,0.009712207705256078,0.15953246907101767,0.006246968927566157,0.15382819487822616,0.002078301181748444,6.218735778132508e-4,0.007738546199997389,0.0022673398383781,0.001668266311384857,0.009141754657494066,0.023875228027150225,4.751307330683197e-4,0.16491978945216235,4.5810590605784745e-4,0.002545395332151536,7.571028481338298e-4,0,0.001424480528278397,4.938110912702376e-4,1.8752072803074644e-4,1.8330672926085835e-4,0.004675907237589058,0.004117615678958596,0.17415377654738454,8.310859301554206e-5,0.006655142937869748,0.012945548703818423,8.645986921859185e-4,5.696663479399988e-4,4.98319833718317e-4,0.007078364651683327,0.0010535022187696237,2.657311928243899e-4,0.0029060371069122653,3.869383289574749e-4,0.003889828347274925,4.6793486999287823e-4,0.004009068733852978,0.0014083605995668855,0.002019645066623371,0.0013703870141161384,0.0011589700908632042,0.0017735148793465835,0.0018822822036043102,0.004552718946629535,0.0010290527106226067,9.553844751579605e-5,8.657340210763638e-4,3.2701215802860106e-4,0.0024824245157342643,0.00509297080537856,0.006415184226868189,5.642922141873e-4
0.11643629002125046,0.04751541956394744,0.022310941369009775,0.0097128409918046,0.18004459020277616,0.007334083811375887,0.15085016572092383,0.0026206549406759105,6.769459307521756e-4,0.005735961702425716,0.0024694256125032963,0.0021589504947214892,0.008843939999469506,0.02311738952793719,0.0011618035180071915,0.16833771516264567,3.7600847104942304e-4,0.002500630334648976,3.715866475416553e-4,1.8039774216801826e-4,0.0011603622260739786,5.306215596016032e-4,3.154024406045262e-4,1.4709162819758235e-4,0.00613103550154459,0.005303291878408144,0.16214755747936502,7.641475831726491e-4,0.008381523714250307,0.011781116825320946,8.126239659826686e-4,0.0011442362958376205,3.094008344073698e-4,0.00664264473438591,0.0010901804378247437,5.616566453383031e-4,0.0032391287746451856,5.254216317677454e-4,0.003996158233667051,0.0012297199433095366,0.004738909451455464,6.818197421214133e-4,0.0024689567093303896,0.0013134573936471672,0.0011440756272286723,0.0017285349715741218,0.0011082959308824705,0.003917320209313119,0.0014535415184608218,2.934560322518884e-4,5.434174288597818e-4,7.209049588193608e-4,0.0033303595468510876,0.0041882762192337756,0.003269476024749526,1.3013413588105414e-4
0.13047549354293433,0.05260340020066625,0.02322422081641006,0.007961644524927496,0.18139208056331702,0.005769728246227671,0.14169300801859105,0.0018110153189570093,0.0014207629203845172,0.005973730904258835,0.003841518247948934,0.0015014906386599436,0.009098230639827532,0.02417097895020258,5.811486554131399e-4,0.17521161565081086,2.1518060679459814e-4,0.002552133702418992,4.6775950708243273e-4,4.802156558128814e-4,0.0013380583014986332,8.610068354615133e-4,1.1699986662647594e-4,1.9712810909053126e-5,0.0054128515730323176,0.004041069578151414,0.13592634781732316,4.604922258941067e-4,0.006813854720650255,0.015419147077505349,0.0010085560060769459,3.6981166712879134e-4,2.1025106452874677e-4,0.009256518397259777,0.0011552392828443722,7.122883055347899e-4,0.0026877523267011135,1.3128649777330667e-4,0.003948047348242646,0.001299834644216612,0.004396189769839839,3.37159094636122e-4,0.0025897245539551793,0.0010348476139241218,0.0017515066703089317,0.0026876990739610504,0.0011849443269109732,0.004748999909199223,0.001006053019929572,0,8.5856719430736e-4,6.800918438344073e-5,0.0030180850857203616,0.0049750586496834105,0.00958226970280325,1.2640249143160725e-4
0.1280764495792344,0.050979114670997853,0.0218487139451044,0.010456551939097877,0.17643813215633258,0.006696546800732459,0.14685301461944852,0.0018324871058773729,0.0011501784005386398,0.006630171304778947,0.0028281231850796375,0.001606833672170434,0.008721153159544139,0.026362675893423896,0.0037478213238928996,0.16780232393648944,2.422387967536385e-4,0.0030885969687834535,4.6644719032499794e-4,5.522156965763362e-4,0.0011294461748328985,8.832363546869753e-4,2.613154569551071e-4,1.8458963888957487e-4,0.005043571192070994,0.003781845392327438,0.145829772899452,3.307844393331049e-4,0.007532255755384574,0.013982529519479772,3.499792356873081e-4,0.00110414951504651,4.1808769853922693e-4,0.007891819596072498,0.0012540723755849698,8.238851824529683e-5,0.00213447437258121,4.995404079683922e-4,0.004178675809645666,6.616715987736397e-4,0.004425497400561686,3.170717599786621e-4,0.0027540687856704386,0.0010608973376590278,0.0027952942883796975,0.002258693011635537,0.001167100721936705,0.0033770258236417655,7.555410227208823e-4,1.8098969790727342e-4,0.0024877775859814843,2.4082201936778414e-4,0.002918890290493105,0.0043776408572539826,0.0069686931000728525,0
0.11427267177630537,0.049643890702057804,0.02419068761235074,0.009802551487589128,0.16618308465440637,0.006174694763909878,0.15843622719053135,0.0022250021822745438,7.921363937845193e-4,0.006934560482624853,0.0036634581664459066,0.001713197319303868,0.01076792557321591,0.026894438290481368,0.0013256832077373386,0.1638768885711751,4.2821257319957794e-4,0.0019575237234568366,0.0010117404322392595,6.501589332611611e-4,0.0011391543148877503,4.750422656534251e-4,0,4.324200013152943e-4,0.003477428781445225,0.005531846297023878,0.16727559019418362,1.5402906654237694e-4,0.007683550558052531,0.013894712936019371,6.986863622201583e-4,3.645599821922973e-4,3.068858992247289e-4,0.008911823511524811,0.00116354435495589,8.816280268444099e-4,0.0016686951939285663,3.613711798838219e-4,0.004068916037841004,7.28134093630174e-4,0.004710420608636842,5.481140938729686e-4,0.0020009473196400097,6.967843693905414e-4,0.001160672748179395,0.0028083919389293613,0.0010692022914370802,0.004129338996736048,3.7662948143017856e-4,3.575083102434737e-4,0.0010337065447458638,6.534254248677263e-4,0.002945093555703362,0.005454014067794445,0.0017189629597398706,1.7403419493258968e-4
0.11622961821876791,0.0518407925151335,0.021879188470491518,0.010356343565562512,0.18276365330445743,0.006656185125704631,0.15034251121523645,0.0023473554435332585,0.0014337860212511931,0.0062122437718037694,0.0027091748056306993,0.0010403556850638014,0.00907926721210607,0.025384848857389765,0.005351634859954771,0.1381283167441747,5.753131151503139e-4,0.0021172553623176925,0.0010182273697853796,6.813181977625651e-4,0.0016452179533152926,6.932980164907242e-4,1.6540243606085565e-4,5.4380196438387886e-5,0.005425486378355891,0.005240033068674685,0.1755612240019011,3.1442807654292896e-4,0.008004898405354099,0.010185104098715448,3.223706769278006e-4,0.0013436010801262486,3.3447570256708486e-5,0.00935953229442241,8.571291527863264e-4,3.885074634704053e-4,0.002063585104498176,4.0068737169962284e-4,0.004057720391222137,0.0017124464152926458,0.00459268333144271,2.357606950614046e-4,0.002326504909739262,0.0010598371826042786,0.0018386719443579348,0.002447762314457949,0.0012167671501474798,0.004624661579138628,0.0013450218632017723,3.879755555251369e-4,0.0011232472229670669,2.6662931160477285e-4,0.002298045660656727,0.006306021466867236,0.005452066638063496,5.024531603343183e-4
0.12999248613886213,0.05373815303480155,0.024031004180088397,0.011291916324735266,0.16513722838638492,0.007911458409719688,0.1481797916034479,0.0015144266303477232,0.0010179661740075732,0.0073485898052756725,0.0020967120214888863,0.0010585709894612614,0.010026778558157881,0.02433205643619839,0.0033405651127665693,0.13054762388276897,3.787228006286124e-4,0.0032637738252753647,0.0011230326157818111,6.007934738172769e-4,8.214669249112834e-4,3.489834404302714e-4,0,2.4464543422254045e-4,0.0062862052683441035,0.0044166076615150054,0.19171346760384425,4.3521615676746065e-4,0.006838819847142035,0.013154086385847905,7.863988993090556e-4,6.282382875989265e-4,5.562834800468368e-4,0.008156587696878588,9.482187584002188e-4,6.540629234770897e-4,0.0029634019780875234,1.377686899765838e-4,0.0038395328781421403,0.0016591705769377694,0.0033028828844634396,2.900061279084508e-4,0.0025180527656495943,0.0010918899930798646,7.545795350761032e-4,0.002644109197058454,0.0014164150626307752,0.003850771490446661,7.491580523168721e-4,0,7.761081997515033e-4,6.279045550045796e-5,0.002508668558891942,0.004857520409309921,0.003059826104760191,5.964078672603114e-4
0.12296247102061193,0.04980339910740743,0.02110667188081136,0.010694880604672333,0.18106029243698146,0.006324513929089577,0.1543329220298736,0.002196657801789826,0.0014744266479618186,0.005683464901774649,0.004888958189467655,0.0017381693872050715,0.00857821742971454,0.024790601364439772,0.003291757233323694,0.15103204290207606,7.452078520998686e-4,0.002350609797676286,3.8695018360830244e-4,0.0010761026408996328,2.4434157068201295e-4,5.594112546749076e-4,9.801045920528234e-5,0,0.004963143702011803,0.004373089016999423,0.16331360679167523,4.303084746586405e-4,0.0063855623926348136,0.012684762648005391,7.258548008804447e-4,6.044170439897904e-4,5.845436739453788e-4,0.00813459540459783,0.0012681784179206538,0.0012758540151125038,0.0033785250302199323,4.2553543194667336e-4,0.0037467432821914875,2.1081590622932075e-4,0.004241394255645705,0.0011850802492436715,0.0019822071938024564,0.0012981209692414842,0.0025771340667488695,0.0013687883083736902,0.0011507232922907474,0.0038990094087700124,5.55142055538261e-4,3.6215941882647537e-4,8.794820447629274e-4,3.6307266034004445e-4,0.003263526399028267,0.004308039924919086,0.004319698740819808,3.2080435258212154e-4
0.11998412310160782,0.04883607543258189,0.022069688124136844,0.010287283718457248,0.17420876302957097,0.0053376708036522065,0.15819609437760196,0.0017264127586699041,0.001234009151247669,0.006230878184378628,0.0028226438936424093,0.0021482679721219204,0.009365925428112869,0.0263276241008494,0.00218152253080002,0.15857878493862007,7.564229885198835e-4,0.002178701059463076,1.1808262286596211e-4,3.9108162241670964e-4,9.204338955163105e-4,5.576697994869552e-4,4.4848918345291865e-4,3.2924561443535414e-4,0.0053625026160755455,0.005502530582668821,0.1618464814838098,2.6735437497524685e-4,0.005613804759298472,0.012844069315735982,0.0012684631770497811,7.162495206479695e-4,6.227094231280332e-4,0.010790912337239873,0.0016557394699412507,4.1969310180197864e-4,0.0024048977285938775,5.899011109260965e-4,0.003480198845863982,0.0012345955381065587,0.0038439169056368474,5.841869315806943e-4,0.003098053655007359,8.762906515453873e-4,0.0031805180506261637,0.0036165268459297933,7.877944141960216e-4,0.0036731125267539474,5.086869650090178e-4,7.597838619803548e-4,0.0013570294032081741,1.49026411493454e-4,0.002796965921943419,0.004182098490465717,4.454849273891426e-4,2.8452631916222324e-4
0.13077896542628673,0.0498530655352805,0.023626055654043517,0.011329562627657249,0.16543425310317977,0.005064900478048033,0.1481483528261702,0.0019687962625210705,8.339790893169966e-4,0.00609853824520734,0.003989137976753566,0.0014299867619190058,0.007610463186665205,0.02386120486895942,0.0016324647977888648,0.16720503723157898,1.5509060739540858e-4,0.0021988314104025874,2.7059822219382436e-4,2.5062628054283684e-4,8.795820243233681e-4,0.0010776928319519814,2.6758843878536864e-4,0.0020913357731478306,0.005050994971788266,0.009859590720920935,0.14755163555208536,2.3674180746123693e-4,0.007077175539204848,0.016154591727666562,6.703135449255541e-4,0.0011352064479683685,9.105509646516638e-4,0.009294185410399163,0.002185085799221745,5.507368686488403e-4,0.002580625016622004,1.0172168108340817e-4,0.005136311551914174,3.4620106896292817e-4,0.004098434526232828,2.0504101179644386e-4,0.0017572301766888162,3.868751576773479e-4,0.0024008780514957503,0.0029694460652162245,0.0012578690456122607,0.004700232385966379,8.792856282106232e-4,2.9275852652734235e-4,9.565446231361324e-4,3.04541989003086e-4,0.00320596587070127,0.00591320461041074,0.005620854594347624,1.5305940333239828e-4
0.1185703750517297,0.046111732065021636,0.02465997060600627,0.010274162523586101,0.18535180161498252,0.0069560023991156895,0.15318058199671944,0.002040276734017154,6.8318592540471e-4,0.004573613758719177,0.0034200126690234743,0.0015087921322380945,0.008615180084418847,0.026022413556502005,0.0036570590330343936,0.1499860948851746,4.465384565283524e-4,0.003057551062861145,7.212342485316005e-4,6.648936424830952e-4,3.8587372124878987e-4,3.5038993042669657e-4,0,4.2083923741161473e-4,0.004688273336541927,0.007614243061630761,0.16326009182989512,3.614349047848576e-4,0.007055519268950885,0.012620473017804381,0.0010474855641325986,7.499556080841569e-4,5.459232890232867e-4,0.009811691222363963,0.0014559104014030843,4.3636772778611735e-4,0.0035522649513022742,5.55157071807433e-4,0.002753790036189339,0.0011385854415564562,0.0028549236810446387,0.0011507624206836427,0.0019244137806133652,3.4632679839457803e-4,0.0012523949922053023,9.995990943601006e-4,8.288021848375725e-4,0.00387612348483151,0.0011796051132926932,4.7408009696699383e-4,0.0012445759410851661,1.7767347521772638e-4,0.002689859343650465,0.006282770601271198,0.0052823341107920375,1.3001281231128441e-4
0.12303221678476844,0.049819889141260516,0.021533508898939336,0.00924595469383225,0.1619749472515555,0.006410879250187351,0.15447374329313737,0.0028626367781134396,5.953610250205789e-4,0.006462420087913159,0.0021521117849952237,0.0013362788715558258,0.010126407539669513,0.024739636462361804,0.0014223907574268644,0.15856868202426452,9.924720162667309e-5,0.003312500564292958,3.3111618865478136e-4,7.391664916777612e-4,7.822665579986011e-4,4.385884630142967e-4,0,4.6008983699127013e-4,0.004746277194899726,0.0039084812491190606,0.17533868435150773,3.2975837467257257e-4,0.0074136425495578175,0.010730274823357944,0.0018588651896068893,9.643757394292618e-4,3.138739291181372e-4,0.009015360514338691,0.0010279356370177478,2.9227475367151173e-4,0.0030983020335899674,0.0010517451954600203,0.004345309634587168,5.559555138881111e-4,0.004914677369338698,8.782981001760266e-4,0.0023338410866230704,0.0011529707901116197,0.0010268248227405907,0.0021035475044017694,9.477484160267199e-4,0.0049163933503386095,5.1435800450388e-4,3.867183102411147e-4,0.0012216463164930714,3.422982461484775e-4,0.003042013906085877,0.005012528652253047,0.005133872470843607,1.611060205934106e-4
