i2_health,age,household_size,cantril_ladder,r1_1,r1_2,week_number,hl_covid_num,vl_num,region_Islands,region_North east,region_North west,region_South,gender_Male,i9_health_Not sure,i9_health_Yes,employment_status_Full time student,employment_status_Not working,employment_status_Other,employment_status_Part time employment,employment_status_Retired,employment_status_Unemployed,i11_health_Not sure,i11_health_Somewhat unwilling,i11_health_Somewhat willing,i11_health_Very unwilling,i11_health_Very willing,WCRex1_Somewhat badly,WCRex1_Somewhat well,WCRex1_Very badly,WCRex1_Very well,WCRex2_A lot of confidence,WCRex2_Don't know,WCRex2_No confidence at all,WCRex2_Not very much confidence,PHQ4_1_Nearly every day,PHQ4_1_Not at all,PHQ4_1_Prefer not to say,PHQ4_1_Several days,PHQ4_2_Nearly every day,PHQ4_2_Not at all,PHQ4_2_Prefer not to say,PHQ4_2_Several days,PHQ4_3_Nearly every day,PHQ4_3_Not at all,PHQ4_3_Prefer not to say,PHQ4_3_Several days,PHQ4_4_Nearly every day,PHQ4_4_Not at all,PHQ4_4_Prefer not to say,PHQ4_4_Several days,d1_comorbidities_Prefer_not_to_say,d1_comorbidities_Yes,vaccination_status_1,vaccination_status_2,vaccination_status_3
0.0257423444804744,0.045773685401284396,0.052655137432148134,0.015954769723656236,0.05272677116566656,0.01628173574017751,0.030842956788168525,0.005771747359794076,0.005127269541953795,0.0027872293962305176,0.004047008986200028,0.0038566480943625727,0.003886008406608051,0.05087402884610416,0.014996162354145292,0.15989532020850114,0.0016934921211743852,0.0022685952675627007,0.0018998568652444118,0.0038779313008186224,0.003325494121548534,0.0033722043625170994,0.0022419424360834365,0.019522824270514636,0.012189167373651623,0.03321999382112026,0.22491186613122238,0.0032155675227516375,0.012645006015359167,0.012860508475527705,0.003178295539474155,0.007383280917857805,0.004010155102464475,0.014844019631560849,0.0034091096597656657,0.004710228939891349,0.012999842473651007,0.0017012425343653384,0.008780362469557924,0.003330360235000406,0.01140523565873073,0.0013909102794161096,0.007323418716841725,0.004493877574461375,0.004398776013763646,0.0012230958063353431,0.009064795448787305,0.005266405633772243,0.005692421408384114,9.707433839467871e-4,0.004999344751263602,0.0011648684370130452,0.005836857906054156,0.016839055940944488,0.022655263443096804,0.0044647580830276
0.024689038828448914,0.04231981822345332,0.05623840225404284,0.01597384846683534,0.05290198302271664,0.01562278648523787,0.034439455981255675,0.0054419057430626335,0.00530442630722477,0.0027958326227360978,0.0035874449685362286,0.003969901125334139,0.0036890893691246696,0.05020866001478285,0.012157119673904149,0.15899550068291796,0.0019790121026383055,0.0024618640361387003,0.0017298377198039833,0.003580937648583276,0.003932230378485153,0.0031513235405558606,0.0027701283121694302,0.018701652120751026,0.012585042040397438,0.029575975901240274,0.22642304982386327,0.003123352059125974,0.013436028072694256,0.014181279127062078,0.003313915429628479,0.007726324696192665,0.003914136072002219,0.014671970453489244,0.0034820420355276714,0.005501541479330461,0.0130689007542394,0.0024589543813960785,0.00946073526959715,0.00336706913924961,0.011254006011747014,0.001148415790130972,0.007497726652703723,0.004350894985497701,0.003935448272996357,0.001380522073194521,0.008864876863860541,0.005317189081776222,0.005194072953723269,9.64918590764287e-4,0.005830062481310984,0.0012820708319300467,0.005753440958669389,0.014493600733600027,0.024621615102462985,0.005178622251855914
0.026896035509322166,0.04933037038332953,0.050134677349809635,0.01624534582484578,0.05671657182868485,0.015300177485981729,0.03346814837170858,0.005259163177464994,0.005629385684155931,0.00300827740465253,0.003966199451083884,0.0036262933971566063,0.0037002115032523054,0.045002906350241706,0.012001338963019739,0.1619852849562814,0.00210142639342478,0.002477403261301512,0.001657593297445847,0.003385624877248862,0.004091187477722507,0.0032879089732865776,0.0020558269375834273,0.01772756768438339,0.01125230062949666,0.028968234431867388,0.23577722955425837,0.0035239438472512456,0.011807073322105904,0.012441754923525256,0.002850263584883924,0.008273892128627044,0.003596017995933365,0.012714035927170889,0.0035405111465949385,0.005584228772996768,0.011629860919256297,0.0018520559764049677,0.009044414691051451,0.0038846656121179165,0.011760717052380312,0.0013088983003773358,0.007004928957103428,0.004206049464244011,0.003744477671625499,0.0011203597411065548,0.009396778220050637,0.005276596383746748,0.004927079212955004,0.0012152449593380004,0.004694581904642699,0.001197776324102418,0.0059583619602018145,0.017106784554438755,0.0205498536175227,0.004736101669233444
0.025486247443153916,0.048889180686447875,0.05100395447423207,0.01660077675195773,0.05512017218732031,0.015412071267288255,0.0316424924637912,0.005111017930233955,0.005723289352295633,0.0023642927977573862,0.0037984822793896457,0.0039553389458728515,0.003932486279427413,0.05216249313022445,0.012282760501069388,0.1614035665335896,0.0020262967083005262,0.0021427680556405566,0.0013686933094274971,0.0036667012052192215,0.0035799878894872046,0.003579668646375834,0.0026538521336005503,0.019120102914008445,0.010941072675964635,0.03361404113725632,0.2100397191166259,0.003478141785450353,0.013467415176688306,0.013718612862826196,0.0028208290889698367,0.008238612139504446,0.004292418903553488,0.013921822897842768,0.003215053958253091,0.00631442379298208,0.015394571834007288,0.002106670442606107,0.00909734812710107,0.003498995514302422,0.011404123120781954,0.0013656553551619594,0.007368091195528936,0.004790838764366991,0.004081335727444234,0.001412983407563792,0.010121357666584486,0.005786474232531844,0.005613954200842197,8.211392636438672e-4,0.006014738123293627,0.001089449873249234,0.0059450488107703195,0.015974715552742963,0.02640359039932337,0.0046200609661244604
0.026315095724806042,0.047829725904805796,0.052574747773014574,0.01671598872807058,0.055135755877859106,0.014989959254218586,0.03136367000799656,0.006259668923439388,0.005802525641197498,0.0026880197909924593,0.003756343923649116,0.003935867773109949,0.004019744089326137,0.04984606056296969,0.014412874804334034,0.15827864130620134,0.0021271772546196375,0.0023308912901285894,0.0019411590015235788,0.0031763471794392273,0.003863244138048353,0.0034611719756273483,0.0024009237379469714,0.017048709891869584,0.011674304113356546,0.025599879208987975,0.2321506689588222,0.003144398100646225,0.013244705501403541,0.014106803279834072,0.002612227023514027,0.0075151891584648795,0.0037279816680757024,0.016076425190259844,0.0034938026829605846,0.005154224946342716,0.013055785756437628,0.0016833786924512024,0.011060901158048938,0.0036287974221016184,0.010360292366760343,0.0014914522849397492,0.0071664391532562715,0.004142194785612099,0.004161883759186739,0.0012305965714942363,0.008481235631021416,0.00503748956565738,0.00567565261901312,8.034970072406997e-4,0.005530449128311488,9.220688794847701e-4,0.0058579795840222795,0.014683860176447563,0.022090429770992428,0.004160691299657579
0.025788148407220792,0.04638588938306887,0.04664738845297009,0.016859711323808032,0.056178880275972586,0.01625601265730503,0.03275484635677434,0.0055740946248090655,0.005440064943787755,0.0023968449243797064,0.004002211961069997,0.0038220978988382035,0.003984471210909671,0.05404291890762702,0.015368958580049281,0.16684797561892165,0.002044112029201385,0.002774126211283178,0.0015912987406106994,0.0033943630591143034,0.004129970199356287,0.0039020389528184496,0.0031059514590871078,0.02203695962918612,0.010418190031632213,0.026780524971490874,0.2121372766574217,0.0036996861088278063,0.014894581936630253,0.01574035680887988,0.0030567536669325315,0.008787505109328986,0.0031538515194580795,0.01246253597049986,0.003703163144909284,0.006804470875991785,0.01465476070245355,0.0015915256070207226,0.01017942061262422,0.0033412561140142957,0.013231622838364068,9.615503200953411e-4,0.006795099606923004,0.004909307884435789,0.003840169195680342,9.601230178062526e-4,0.007989200928242549,0.005987081991217845,0.0054737070356973725,0.0011279539136291505,0.004940041146786229,9.520844730395043e-4,0.0064498066997619435,0.013403620867627393,0.02122499588611343,0.005018438548294129
0.02659905172153688,0.046307465382022,0.05191983015278876,0.01609465902482633,0.058248296638542744,0.01636918161491074,0.03454350957742059,0.0052965384775674525,0.005443221085056829,0.002864471093701135,0.003451085633030943,0.0035622052423190443,0.004060793582408364,0.05002895503039149,0.012957979771958679,0.1583168587414114,0.002111494952428806,0.003058822010496265,0.0014932244813105468,0.0037770722854048627,0.003247459191425102,0.0035959767727744207,0.002550608225185494,0.020307060768871916,0.012311491657434169,0.031869824585751584,0.2130291571212259,0.0035732642724244537,0.01583103366434752,0.015360609308399265,0.0033815958798334277,0.008590261928356283,0.00419626234061867,0.01209409648109102,0.003589003624001791,0.0049744641742474945,0.013653807822807338,0.0022236183256291123,0.009747198303682652,0.003442556672700634,0.012630483832254038,0.001443527360299959,0.006924304703137478,0.004594789164773494,0.0038345899887573926,0.0013538859344879208,0.008280341690295404,0.005260301828897224,0.005813093122520626,0.001331256153420432,0.005515122312959423,0.0012603333583032475,0.005613127087401089,0.015365354526135596,0.02246219771535459,0.004243223600660028
0.02756174671496335,0.044551571095400734,0.05522571625771134,0.016610569610303935,0.05518197638849271,0.01550532291875541,0.03261572087900044,0.005606293079706147,0.006013654373842,0.002811483945566067,0.003552708920928204,0.003716546388748048,0.003731084607245786,0.04892026517675885,0.012144038015945867,0.15769025355918084,0.0018661130972540672,0.0028945126274966585,0.0016448577857805192,0.0035861141421819655,0.003944708601922754,0.003220417757221318,0.0026111949190023983,0.01872686264752579,0.010635996193896694,0.024079620500241025,0.23025697611227292,0.0034211935463340187,0.013746431602121172,0.014233102169618803,0.0028002384423881305,0.008724563092438702,0.0034752269417608755,0.011985803543609565,0.0040865180220388255,0.005961701256075281,0.01273277145069975,0.0017153646183780064,0.010619349014524186,0.0036261681425253777,0.012032798039546237,0.001775358753996053,0.007552352187129724,0.004530816863214532,0.0040312369996455,0.0016936019225999408,0.008865816467725602,0.005108553961103819,0.005771254126383249,0.001089391327539452,0.005597119572256775,0.0010055026038755673,0.006236136368233359,0.014575216691666736,0.023202561747773732,0.004897524207451157
0.025294181006708306,0.04664634615841628,0.04987168058964059,0.016101375909076867,0.05313951627844396,0.015954927172808196,0.033903901792496895,0.005853067333692928,0.005259452423647272,0.0027490931800096935,0.0038003003433671003,0.003663631737907045,0.0037974414736129877,0.04630102494916989,0.014257774217594683,0.15919882592016166,0.002044892664003005,0.0026405385095038844,0.0017839853499938972,0.003249107665404038,0.0034375855181122384,0.003029561949656369,0.0026002042009528894,0.018930508560960988,0.011373688780767265,0.028963540037113187,0.23381363043406359,0.0036675891250459174,0.013535601527219073,0.013812231812848054,0.0026381342678960386,0.00818589215713789,0.0028333496199261874,0.014501080717119096,0.003788206838675572,0.00616626486015971,0.013979067499084409,0.001814107646431608,0.010191110185296745,0.0034347755253343578,0.012013455370409758,0.001430032971958695,0.00652165624446893,0.004662883903916784,0.004053628053488472,0.001696112646769733,0.007996490527830401,0.005784144846124548,0.005363881611415988,0.0010763392158362791,0.005560676862538821,0.0010546728456606853,0.005589103545851215,0.01452453262949093,0.021517391299199325,0.004947801485579021
0.026947037840088336,0.04772891808589361,0.053702553615532604,0.01609799484697769,0.05669451815974354,0.01604316876286078,0.03467302414034965,0.005530511223891363,0.005407097988146584,0.002798811378415744,0.0036197688507743574,0.003547873041168427,0.003541376463561464,0.05102520057784049,0.011969129427306189,0.16765065874257276,0.0020091827398102248,0.0025100869288305428,0.001502276830032498,0.003316965063605663,0.0033694278771450076,0.0035635191290239437,0.00293582356837315,0.0209749747092463,0.011292286579245863,0.027731122191982923,0.21350143338124325,0.003347847577999132,0.013222259759608154,0.011900508958143777,0.003040696444711638,0.0065036684686747125,0.003738508088814174,0.01310355984718446,0.003343421809284835,0.004869929157944794,0.012463904142730416,0.0020332692439392038,0.010442386103931044,0.00307060395467091,0.01084693114724216,0.0013857913536915714,0.007319895125119335,0.004283111352120106,0.004383811491911441,0.0014074825971480442,0.009854743740827414,0.004301605953112429,0.005679362186541573,0.0011810922690083303,0.005378450987102059,0.0011101026630956751,0.005381419281606341,0.016705037944736476,0.02520522548368945,0.00481063072174745
0.024182412695553327,0.047449219520498465,0.05355863715900515,0.016155075018945624,0.05709243678517742,0.015334228887832632,0.034192878166650835,0.005742797357380421,0.00579870224117333,0.002750895308964163,0.0037829782208180203,0.00437341611217809,0.004585896998872047,0.046542254954099735,0.013276024219964473,0.17889982077974798,0.0020288865248295,0.0024954925060698793,0.001572656213336688,0.0034165965466631727,0.0033754690168971836,0.003365629810362044,0.00269415236336371,0.016902294122744407,0.012219469494636752,0.02637448515971219,0.21687689620753206,0.003445109485765544,0.014026662176712475,0.010263045070932043,0.002911361764911616,0.008116520968481271,0.003673021403010711,0.014050967132429133,0.003585733729501049,0.006163226967631508,0.01272902754751217,0.0014006972536987105,0.009035313980472363,0.003266399245056614,0.011746354339586998,0.0014099239213512516,0.0072350069220827535,0.0041828130186551925,0.003745761785523454,0.0012521707611999713,0.008744596846839163,0.00497252561534626,0.005304326854996363,9.008046243424597e-4,0.005344569151456655,0.0012691141074360971,0.0065270552541006315,0.01433309031586314,0.02116209954741439,0.004162997814680749
0.02635373092930649,0.04544788440419086,0.05464616417675124,0.0158064557541025,0.05961365775961917,0.016120392076411364,0.032891944860147945,0.00536059736285564,0.00562359307702647,0.00266782541113466,0.003884790518272231,0.0038346654924601535,0.0038322054837296913,0.05179777472657106,0.011081042436918397,0.15195328954610693,0.0019382289703326653,0.0028229096863636965,0.001603279666137797,0.0034312854258774536,0.00366200392302112,0.003613182744766093,0.002313665201316395,0.0216418800624156,0.012544749924453534,0.029931590819311647,0.21521178424676918,0.0037574947176819383,0.01501621136085513,0.014084604546436941,0.003082535963763569,0.007576796851363403,0.0032819171438969717,0.014809713452548187,0.004043281323330988,0.005180222418218982,0.013204715020156138,0.002451943213643877,0.010270308582710126,0.003312584190930739,0.013132571473795755,0.0015558963245530938,0.00811272597979282,0.0049634225417135415,0.0039861516795285,0.0018449866045084401,0.009984369660124493,0.005156309452077006,0.005199979403075272,0.001290792242435584,0.005782354825837308,0.0010431247041286004,0.005813105768879283,0.015417844000855843,0.022049407251820058,0.004964054614967407
0.025381033980439283,0.04394033434522077,0.05341238482633657,0.016721238593761643,0.05368649998980063,0.014566072593037743,0.032938050206442,0.00548404778882213,0.005096266994167758,0.002872323121144187,0.003602849605198626,0.0037441404944147023,0.0038857627050482733,0.049887152209568415,0.012181197632188166,0.16142090972182924,0.0019913029002517806,0.0027538738435172105,0.0018910222072853619,0.0033773284946398497,0.003659557653712785,0.0034013541169110816,0.002228701061496644,0.015916575595673357,0.009233867006882874,0.026314616472010548,0.23381473479788095,0.003680861989919646,0.013888289752738424,0.01248083670049633,0.0027882475922022323,0.009435153255283373,0.003390132350874584,0.014043217440417336,0.003984337589403294,0.006471842643452607,0.015053898683369935,0.0020453157207979216,0.009490577510663173,0.003556173409032584,0.012298762279750573,0.0013038306759184702,0.006661336748215009,0.0048176879695197685,0.00394730745174296,0.0011606703369778605,0.008350918166318708,0.0052930081207600245,0.005114540143164138,0.001168907771793322,0.005865434203828979,9.445088905468735e-4,0.005558625985692668,0.016012614459634648,0.023175845437066328,0.004613917762735642
0.026847358540266666,0.04727314997355606,0.05475190553239022,0.016519267552504248,0.051433422861560614,0.015595072980267332,0.03418467937611974,0.005772251311095705,0.0055465795347923764,0.0025146117033494463,0.0036037942993931375,0.003978553814642184,0.004294258193159051,0.05200833762885391,0.011974931772994326,0.16793216332329847,0.00219348369026636,0.002365339853821091,0.0016941109085249597,0.0031643643291337435,0.003604547775919463,0.0037038590704398006,0.002323953238393278,0.01632926431680408,0.011926356651801487,0.02459061723062432,0.21930850035497926,0.0035312847331652247,0.012943191831092849,0.014394800576815147,0.003085618634759833,0.00852703604659337,0.004269737255554636,0.013244459481682744,0.003938195321828711,0.0049749724768501594,0.014316350333240175,0.002030794741753733,0.011097939421983418,0.003327884369178221,0.011171214436975383,0.0013583352946081955,0.007245685096713589,0.0049304494634295395,0.004163939354424191,0.00178026899566837,0.007808316955410802,0.005078138073982146,0.005135999082114733,0.0012061881594426615,0.005618896652145279,0.001261872037377379,0.005681059339024328,0.016859927791156998,0.021668125574946972,0.0039145826491298824
0.0246741252221268,0.04498991009135719,0.056174223591241405,0.01614612934192444,0.056581272403580886,0.01685019145174062,0.03417527845727055,0.005615820997380805,0.0056829735061360255,0.002737716344319799,0.0036385088113453823,0.0037395709490273994,0.004292270263256326,0.04757674092972879,0.011951772484022925,0.160883040817112,0.0021122871319227817,0.002512458239138111,0.0017078456677111205,0.0037787141350099766,0.003561921179156537,0.003096257009998119,0.0031191589179152524,0.01954053419992733,0.012222429149255344,0.03205540206913372,0.21381523505901642,0.003224823275447318,0.01169169930812114,0.014506252086165862,0.0026867543039770406,0.009477600470266754,0.003774245641192909,0.014376919810326903,0.0037386584087035963,0.005998246056192223,0.017168234440743464,0.001928051300273991,0.007858866517376382,0.003498425652970983,0.011671737790974553,0.0015343914273252947,0.00630035227015457,0.004576670826912502,0.0037829673931539937,0.0016715897007854655,0.009653955762737865,0.004724381797109445,0.005316315131759283,0.0011628581004602477,0.005095892979819125,0.001211458129021637,0.005877022931302071,0.015030952104514531,0.024250657406059316,0.0049782305563954325
0.025090186628794375,0.04630722083289786,0.04946953339082546,0.015990469987007917,0.06010953899500481,0.01617010511631334,0.030990210767189365,0.005439068758016163,0.006020388471094915,0.0027645674792244586,0.003524000695253612,0.003462697193624626,0.0040862723675419155,0.04824998473171623,0.013720424405557272,0.1394872049940871,0.0019167173089876168,0.002633342197081092,0.0014034323873942747,0.0033747967167990314,0.003767961029994769,0.0035382329327154805,0.0024891999708375663,0.021004287889785107,0.010847050517120645,0.032467868319431575,0.2389231819145168,0.0034115596110866606,0.01324302276049921,0.01422614047270765,0.0030397838766839454,0.008453632733820033,0.004353172338899463,0.014042394151941326,0.0034758161351286223,0.005644950193976874,0.0144377596734469,0.0018400877133707618,0.010252610335457019,0.0031956058268466404,0.01305736575328297,0.0016533828854658848,0.006696193455948406,0.004781235210956185,0.0036379276282372474,0.0018301043809951115,0.009275984662699513,0.005684271201233401,0.005146273119374927,0.0012482331891270652,0.00529273748279774,0.0011933186132690916,0.005327986232511152,0.014627541773968819,0.022360379838830154,0.005322582748623909
0.02733832670145473,0.046047637684936374,0.05374852507760642,0.015481442449983925,0.060113971139333325,0.016015158025196045,0.03305654232001518,0.005836989287281534,0.0061743540628943355,0.002786942014798561,0.0033781439542239305,0.0037843492856237232,0.00392431589463238,0.05240182706314557,0.012443924525080181,0.1481878348551025,0.001878947833472706,0.0029510776659430445,0.0016685559291818863,0.0033876484825610433,0.003733115236380229,0.004200601766993505,0.0026439579614300638,0.018769992412188945,0.01171240250378552,0.02714538498914571,0.2253148797995209,0.003382542921767948,0.014986623283629524,0.015502051484725212,0.0031042381070109475,0.009039231649002225,0.0037150621712577414,0.011307831194944416,0.003577607668146252,0.005913497831458691,0.0124992716694337,0.0020104017760227432,0.010250656896388034,0.003761140180294395,0.01371566377283675,0.0012527054773187158,0.007647256570981395,0.0046461072319827065,0.00427895421061622,0.0015789624523400757,0.007950432024601722,0.005087496339611769,0.005476118984392698,0.0010227198584519441,0.006125340980604729,0.0011718811158122323,0.005698315586783257,0.016929217469353504,0.019367548233858257,0.004874273934459881
0.026361390842688386,0.04609809350852787,0.05455051854650314,0.016203420783563592,0.05588268884135919,0.014549432314072507,0.03433363632375266,0.0057664424297617905,0.005720887513053258,0.0028427461296087987,0.0036279015808323056,0.0037957942937250936,0.004043298605238761,0.05532286568779356,0.012503024268844868,0.15161526169353368,0.0015489602653221478,0.002619519429763199,0.001664073762720559,0.0033042996808225708,0.003500364640696704,0.0030673454086527323,0.002721151551600794,0.018797191655221306,0.012484413659979474,0.029294170794818827,0.22024368891073356,0.00313978234137534,0.014368169689641677,0.013717309689804584,0.0030663524079135975,0.008089361768047343,0.004271106211574575,0.018593924305412086,0.0037108051981629684,0.005863263608263719,0.015679553514954758,0.0020565181308185893,0.010963960159031852,0.004008551246747013,0.011041133463184229,0.0015361145924291154,0.007415593271337802,0.005106048151135498,0.0041646102989870105,9.95523543301947e-4,0.008742189893980186,0.005078500444328674,0.005327139088260295,9.395952938128338e-4,0.005005698977747761,0.0011597828222200777,0.00531896234848926,0.014968109833545313,0.018805416303386877,0.0044043402789137
0.026827375498063737,0.047995154405940287,0.04875660158941264,0.01642086344973758,0.060430399970863885,0.016476205310859214,0.03142741730123475,0.0055893580397546085,0.005888841351781891,0.0026555880899471794,0.003597344568803444,0.003736455404753749,0.0036264974995257816,0.05218355248230387,0.012364329169066842,0.15871589370479647,0.0018874472757559831,0.0028420945729187687,0.0014076870408108154,0.0029493469642045537,0.003659731170995902,0.003635416124697065,0.0026227242278586897,0.01930792744013133,0.010982632405783585,0.028150344650305685,0.21661519013370328,0.003495636291303119,0.012344590358623805,0.0138081246094877,0.0030418381083615795,0.008863896018303924,0.003876057939303973,0.016895908980019664,0.0038040319326505512,0.004721338270823717,0.013936561789998364,0.0022349187535520535,0.009106467579206228,0.0034084435047309174,0.013186705950428456,0.001303119018821188,0.006946326006902154,0.005162492467368641,0.0037718587092834153,0.001284668845789895,0.008871096253686973,0.005148618848212933,0.005511738954959905,9.506246604452589e-4,0.005212134806802769,0.001038824142465231,0.005258727881634057,0.017148057501523966,0.0244961622069284,0.004418609764369584
0.02567594649778584,0.04147678722590487,0.05441709245549223,0.01652434702911935,0.055587767342067614,0.015147494067211576,0.03198931299070418,0.005667409454798326,0.005443407954293189,0.002519069688520829,0.004279782526162663,0.004258098536309859,0.003622443904131635,0.050462399930406084,0.010823638976582013,0.15710664676854058,0.0019058044619085003,0.0028647939859682285,0.0018116208637028158,0.0033259781219433637,0.00366910497577476,0.003499150852837318,0.0022972990603751754,0.01581924706462794,0.011346848962002765,0.028596801858815264,0.2343423936510291,0.003222154598277381,0.012780896431976628,0.013841029695976852,0.003257009985797943,0.008266583997294791,0.0038269983170190346,0.014222333912506472,0.0037133727091195664,0.006878491978951156,0.014115635758109995,0.0021095456330304614,0.009623283092066223,0.003907805241396039,0.011861790055081511,0.0013063245622374296,0.006065561609177873,0.0036758299221615414,0.004142431748886215,0.0018953177104524765,0.007889918610689307,0.005546488560489184,0.005687429854444925,0.0011859337561942508,0.005662860648586402,0.0012312074982516001,0.005895372701625303,0.015963908610472484,0.023504807808402455,0.004238985784308448
0.027059532067147517,0.046432632593362354,0.052048773277768835,0.0168241721419276,0.053705701902931044,0.01632260280371773,0.0329893004297791,0.006175789109309438,0.005213701131086146,0.0025655641643207703,0.0035923095909108746,0.004153662230779206,0.004103248876845157,0.04754731865809444,0.014825778595437792,0.15056447145066232,0.0020422144533451033,0.0026190586782106483,0.001506490936927915,0.0033152778851216727,0.0040572749034055245,0.00342912898828343,0.0025481832671512728,0.02053456482824235,0.011418669076722671,0.030039716798421334,0.22885711617113183,0.0035073408981632415,0.0133919791752583,0.014345081514483993,0.0030609105040293673,0.007774517787959055,0.003518140156977184,0.014064128498459878,0.0034903066556936815,0.005919960146680604,0.01368193800388793,0.001876365340010011,0.009269701923075895,0.0037095086973806687,0.012547086550210952,0.0016290042324277963,0.006438456661709648,0.004450406728768381,0.004294301037133391,0.001538218193566834,0.008837508797487853,0.004944968010157023,0.005226606644331895,9.386990718134905e-4,0.006126265856236783,0.0012716382519324337,0.005923688687148541,0.017860640616393822,0.02095862743545764,0.004911748912119595
0.027205806887415612,0.046647530270143046,0.05412052426072065,0.015151217600407605,0.05769904351773866,0.015101271508078298,0.033761058540248724,0.005355248792813229,0.005378904855702153,0.0028512496917655287,0.003981302326866751,0.00385867246783146,0.0039870386404116005,0.04772375188296284,0.01403785437350822,0.1707454332692196,0.002020813354650478,0.002403412545709922,0.0016888453153742111,0.0032848217288290256,0.0035891215399007736,0.003268810869325654,0.0032051554176431587,0.019072138814782584,0.010283239306665843,0.030532900917139612,0.2185547038245525,0.0035727040671210135,0.012571926788641538,0.013028364537803998,0.002881923001083342,0.008758008562725825,0.003776878761175035,0.01180297469029055,0.0034650794715036406,0.006497205166729945,0.014498109969409326,0.0015427106423957274,0.007424304318692534,0.0032982965715574295,0.010597618251660385,0.0011014991447107641,0.00800700024803418,0.0038828491371545107,0.0038912015617279345,0.0012935920615185378,0.007826273267603573,0.00529318922464096,0.005355072386137965,8.436762704364743e-4,0.005149576649597004,0.0010253881499868273,0.005606634861616417,0.015151119368348382,0.021934751235804288,0.004412199111484187
0.025007294584591368,0.04668949095424651,0.05866272904323073,0.016365066051074465,0.054587049198194876,0.015642390609640584,0.03385929534709971,0.005721926351052661,0.006170488621403131,0.0026347311892046727,0.0038218776676425194,0.003456794265933572,0.0037310260459774897,0.050165729557611,0.012174973828787825,0.1546460432147079,0.0020681708163996955,0.0024318530098884016,0.0019188053915174023,0.0032963368329784835,0.003870139150858403,0.0034932400201260665,0.0028443154519179003,0.017383242237853952,0.012117883876407916,0.03427608674988505,0.2124855043272606,0.0031221180477678826,0.014299457605092287,0.013057456660111369,0.002980174062628434,0.008317138372547824,0.004719294661694569,0.01401030758749952,0.003643917129820309,0.00513517721182123,0.012767750702056397,0.0019681388248783877,0.009921296508521145,0.0036353746520982116,0.012330468502462921,0.001492729292195236,0.007943143198247259,0.005172005693319409,0.004185667581702307,0.0020387504263165404,0.00930747801953961,0.0053635621962929494,0.005157850399450129,9.580930922408204e-4,0.005555432751060643,0.0011545663701641616,0.005974471931101506,0.016175359192975518,0.02506741994942929,0.005022914981471322
0.02597075265148497,0.04684486324242148,0.05619114973586479,0.01657277745962552,0.05689844502250922,0.016308442673890998,0.03196605080657661,0.005961434911021363,0.005796088769405397,0.0026817632534228376,0.0036122906088739315,0.003572821208779307,0.004147575653352038,0.04480825691746364,0.015530311484149911,0.15585166127333672,0.002116657391455198,0.0025723310194815103,0.0018664641957865638,0.003490971426965169,0.003771776607309355,0.003472172142963186,0.00275712790522768,0.017159559108508145,0.012591670955959146,0.027180291821773433,0.22437153690394124,0.0032230473329933522,0.016005335569939844,0.01360179774169843,0.003251632393959935,0.008771944679012218,0.0033621153437702633,0.013112289145039726,0.004134708237540783,0.005443953701070888,0.012712656758898187,0.0025495765878121852,0.008688613893890276,0.0031897106713279135,0.011872765449791899,0.0013440807722045161,0.007081477315814679,0.00446632282954445,0.0040541025186327465,0.0014848404923913142,0.008544444959575436,0.005496180482485359,0.005325940276015343,9.296819182409903e-4,0.006528704161178966,0.0012195187178546093,0.00599562645172352,0.016851411129511176,0.021878351646707973,0.004813923669823619
0.026351869893402918,0.04707085681767778,0.05159724860949652,0.01581237348967479,0.05845694773910981,0.015886607679095544,0.03409555673245324,0.005701841852889627,0.005339344220991881,0.0029791695716563905,0.003520145308429023,0.003579326742197443,0.003989369443725037,0.04791501887590731,0.015812316941499736,0.16073873112130682,0.0018254765465074915,0.002806565755079385,0.001714044985930643,0.0031886897995841166,0.003759469877043205,0.003346271199325458,0.0019230769029273337,0.018878734611401483,0.010986215654810099,0.027394263034735664,0.22499271901064632,0.0033378621593095127,0.015336514342177329,0.012431110092647208,0.0032616786472332484,0.009212787540029544,0.0036308877174033756,0.012239118683145412,0.0038969827205984887,0.006248558180106486,0.014086110907025787,0.0018768070661349609,0.007746326820085037,0.0029291030257153168,0.010399661390906258,0.0016176659148216786,0.00674653411988621,0.004616859145990876,0.004167567153749348,0.0015976256872701898,0.009396289853463621,0.005050017725398681,0.005821245009517504,0.0011362043717154343,0.0050884860728265995,0.0011107834277528554,0.00546707483528623,0.01501680383021362,0.022081964569426186,0.004789116572657972
0.026387108995341746,0.044501940161207384,0.0488630904505501,0.01662225070189159,0.05375113097214643,0.015516337318164406,0.03531831629548768,0.005820258466210394,0.005672590593006857,0.002839904699074296,0.004195774665892645,0.0038348119580962903,0.004307955191605715,0.04965930478127593,0.014246567309484792,0.16948790257073593,0.0017548611265438873,0.0026199430336743394,0.0016924564008725957,0.003094949750379296,0.0038760304492319987,0.003651460397969353,0.002755515102941376,0.01823964843332416,0.011519435263693012,0.02723286036137463,0.21748057515562177,0.003257433134758406,0.014497464485426471,0.011167520779466313,0.0031476940211331065,0.0076593068151419455,0.0035068561999210455,0.016377172806791303,0.0034816404757882996,0.005042733375378604,0.015840355634149986,0.0018511622582124488,0.008449341047195103,0.003086451744867395,0.011103707550849062,0.0014954731996107762,0.007034111756672514,0.004610294032146432,0.004101266168168614,9.650283856833813e-4,0.008720490499500654,0.0050196819189008025,0.005425813929774093,0.0010127045155916678,0.005110502636872517,0.0012320958785622441,0.006153919322779758,0.018108224300564888,0.023195036218561064,0.004403536301732446
0.025413683568011367,0.04392012722058021,0.052876564296444314,0.016629438658333464,0.055303077203139435,0.014817840038246224,0.03406009656969457,0.0054931978978192166,0.005408144039857509,0.0027986119792769346,0.0035328125516983374,0.0036346771421301924,0.004081564989604529,0.05188436486096284,0.014001189724436687,0.16212541004600062,0.002067566710930907,0.0025223018376621677,0.0018046810492115953,0.0031236351746817682,0.003670054715535249,0.0034848365954586163,0.002212032126535829,0.020873789860513338,0.012830958535607275,0.03429287526483685,0.21421034213674983,0.003585593125055338,0.012572881030667228,0.016004644082871246,0.002702567626376032,0.008507276746368057,0.003984479612310933,0.013185515132688291,0.003273298705860248,0.006551268440381842,0.012487632720536115,0.002168112172705604,0.010614099568129724,0.0036988069584891485,0.012572683133273576,0.001316974235239759,0.006585549793755599,0.004927936209688396,0.0040317284857255675,0.0014848681118093678,0.007848353407454548,0.004735897169589516,0.005272591717261182,0.001119343880658293,0.00629645111793791,8.04952342705532e-4,0.006200151257198019,0.015486992811873978,0.02051520451554288,0.004390271093886239
0.024409964851720707,0.04646579152241682,0.05172227923249171,0.01707203208113689,0.05794571077866734,0.015469482539693356,0.0338359479329756,0.005856783405614311,0.005894003257666501,0.0030464058683393044,0.003957467108082699,0.003882712769182959,0.0039997098965116225,0.04706516467285463,0.014469070363737884,0.14626804260453802,0.0017867175412524753,0.002518552964996216,0.0018295047343611854,0.003322816142892028,0.0036605611983589114,0.003394643427754171,0.002890659517807945,0.021803528926157376,0.011259449029413447,0.02738435468898742,0.23133341912898422,0.003407433681591346,0.013261415416296284,0.010499048451912846,0.002332355805388476,0.007856056904748034,0.0035712607756115465,0.014527025451222165,0.0035847803935704684,0.006088017684047233,0.01665732039422513,0.0019821544169161937,0.010136499263620183,0.0036140955276835465,0.011479863851208362,0.0017178241317133693,0.006310969587256618,0.004212811441036201,0.004076564696454739,0.0021270691926783634,0.008763201403170657,0.005526488296025172,0.0048863649629046,0.0010243350818567828,0.005607391699958948,0.0012111117681202158,0.005493635203679351,0.01766570496977951,0.02519128443616349,0.004643138924564417
0.02497099621457506,0.047602478395937224,0.05399658207676484,0.016274749327047394,0.05164178636965283,0.015563971732128408,0.03445011630995464,0.006196151249506139,0.005394638447393036,0.002604529561663544,0.00333409933009761,0.0037310564918507606,0.00379897953347465,0.044274983096219925,0.01175569986216954,0.1609610516488365,0.0019381524825771198,0.0026225625341759354,0.0019817169369361278,0.003744192990962604,0.004217476270241901,0.0031986521757087234,0.002138017228450085,0.019312190783997943,0.012711323528938863,0.034988794476803704,0.22113605586637142,0.00310258386175255,0.014304079660892383,0.01674441501663738,0.002573115364041601,0.008491185942919142,0.0041800373116385155,0.01232019120983306,0.0033555149958396312,0.005825462533233695,0.014134706112692302,0.0020319138992312405,0.008055408736484184,0.003209736554905787,0.009630138806967614,0.001499850932441056,0.006831654719092408,0.004909823195251794,0.004210245894515211,0.001623433147312949,0.008453347744227376,0.0048338078620756685,0.006126654099444553,0.0011352354248035954,0.005541884223909388,0.0010660896006115996,0.005613768951904156,0.016153230844020077,0.02498658386508533,0.004514894565799205
0.02810730094146572,0.04852194529463312,0.05876282669392466,0.015419520282565774,0.055599929803225624,0.016042342232781757,0.030271365253904368,0.005624030812054002,0.005413211129094224,0.002596535650391535,0.004072104387835676,0.0038531736743087335,0.0037582821571242892,0.050443609209838314,0.012750454707713734,0.14772502220226882,0.0021079981330102303,0.0022383446020176894,0.0018700093627197312,0.00353315430758566,0.003238830041243176,0.0033175331643971015,0.0025432693396080087,0.020545043131203432,0.012512887838735203,0.038308289191971365,0.2098899099607827,0.002996921747937519,0.016282316298459075,0.014120457384934629,0.0033420612724516657,0.010045397861522727,0.0039949029783906765,0.013282231668705284,0.0040347194578137366,0.005619724098672387,0.015598782252778281,0.001746729734468465,0.009354857424244465,0.003129641536876874,0.011838382606053246,0.0021247344949060997,0.00615281978800012,0.004440135138021153,0.004121764775651895,0.0018049313129804665,0.009074645229544844,0.0049336388666425,0.005565593879684931,0.0010575830840124196,0.006272292945512298,0.001111721790960488,0.006367408121353832,0.01574053601498657,0.02268139296613001,0.004096751761898719
0.025996243322028316,0.04761040330906798,0.05400580581206538,0.016393532569398496,0.05273364001786984,0.01579323961749377,0.03310873407433083,0.005352297915556091,0.005750888590304611,0.002827572714239449,0.0035266643400925935,0.003885116628209543,0.0039506070721663745,0.05274245321949364,0.011444982826712009,0.1502348206479474,0.0017793557936233806,0.0026387772121888504,0.0017445864535649935,0.003342790632619802,0.0033632775151021667,0.0034683267944539526,0.002436068320748934,0.016434779927818072,0.011175151376253705,0.02826980424728844,0.23528726614174442,0.003776584378656439,0.014684226367333379,0.012695552126801374,0.003352011998982049,0.00801418043368901,0.004379447155406716,0.015188211712798595,0.003512217025692735,0.004801693039703877,0.014027675708651691,0.002289242346295027,0.009545409217911782,0.003366682372738589,0.01131817611976268,0.001872822352503419,0.006580585580644726,0.004624727591780606,0.0035394853683047493,0.00121131914030867,0.008274380116291068,0.005187593962043102,0.006153690583823226,9.160318881521819e-4,0.005448071798024998,0.001095515176376261,0.005397128314653924,0.01833140365873988,0.020856415689131533,0.0042623316824146554
0.0261863646764999,0.0480089630365973,0.05529391987715774,0.015308395001273945,0.05552269461010589,0.015934259740681873,0.0325839639026392,0.005656814996635593,0.005779657738591662,0.002726456677888707,0.003555373498151197,0.003953204672770569,0.0036262989084617533,0.055687354280783585,0.009832908332962836,0.163456641048062,0.0022583014410364807,0.002201901754330058,0.0016736025294242804,0.0033502404643490926,0.0038816266704066278,0.003175685767087636,0.0030893082476036783,0.019256152467015664,0.011960072160897017,0.0351435730372385,0.20176863829470434,0.003146829565338037,0.01241035134157839,0.017157283252231977,0.003008300878549417,0.007619197607332577,0.0035574971311881413,0.013769618731067815,0.003679041651222675,0.005392081451996579,0.014426422401968843,0.0021130707307047457,0.010157833574224865,0.0036164043320543607,0.010718193340810606,0.0019432821812907133,0.006433994805954595,0.004778607295456726,0.004573545600907723,0.0011360429839735245,0.009969031713463632,0.005670585647156238,0.006479843082153404,0.0012594565622086366,0.005423300949474167,0.0011019081461091395,0.006590645772368766,0.017258388422526517,0.020919452607019155,0.004817414406310871
0.02485053500823865,0.0464207496965951,0.05431204373068178,0.016782563451334758,0.05153163549310277,0.015529022322882495,0.033124739722685426,0.005268770022901593,0.005216843853301718,0.0024804312436430263,0.0034792025052767595,0.003914654766108192,0.0038004651459434186,0.047611569242987296,0.012711157442655451,0.1724888412433038,0.002102867304563045,0.002182968123281289,0.0017657558316238678,0.0034018413954340354,0.0032938875474540262,0.0031570053614926605,0.0026461666361425737,0.021376683525495443,0.012321908827065546,0.03077312017713556,0.22168784019172832,0.0031915776090863917,0.013482335837211935,0.011686464017991552,0.002703929193243439,0.007519018197420856,0.004032832092318568,0.010986133404438311,0.0036851321833706293,0.005600401015335156,0.013623350639226975,0.0020140490549461995,0.008117011600968524,0.0035223618348073017,0.011761787367955282,0.0012891866990393918,0.005899437314275527,0.003978196628941404,0.004197967351475959,0.0011251692203079337,0.009646937051849686,0.004982479928637299,0.005416351575576301,0.0011684309782967347,0.005435481337842992,9.987703602305862e-4,0.0052354417750666744,0.01658260193895763,0.023146792649805705,0.004737101328316443
0.02778325532051407,0.0478535921313068,0.05204937050654241,0.016907442653816808,0.052695348697127976,0.015953651040454882,0.03207969424877465,0.005728209183940962,0.005426539280638604,0.0028801338307219444,0.003507354447050729,0.004385666957836484,0.004007270709087502,0.05022077896972394,0.014082550745136554,0.1586502962952368,0.0022033748173943646,0.002891697684457524,0.00197650412651671,0.003596744620579063,0.003700718354317998,0.003767631630853969,0.002495103435530259,0.01696902784568533,0.01220702278186526,0.033372544499267,0.22443724838127874,0.003445397857302332,0.013957626480689716,0.01209374059898661,0.0030501256700384374,0.007872509561093269,0.004612787426258849,0.01170338346507225,0.0037370439804908437,0.0058619964920706156,0.012926907948605312,0.002040287888717864,0.007785680405709781,0.003348886481166681,0.011890529211352334,0.0012367548670706985,0.007268917835378212,0.004342611309518798,0.0038999257956256533,0.0012093083029508108,0.009715439187143566,0.005222596251661438,0.00549574038289932,0.001089319786978492,0.005921908711062036,0.0012149159988956504,0.00599135284435829,0.015422831252183062,0.0207896760763033,0.0050230247347584755
0.0255251604538756,0.04592840614175479,0.05661840513906524,0.014902064707547671,0.051846343342286404,0.016439598386514202,0.03301515871483535,0.005884289882048937,0.005642373817450209,0.0030356910994889766,0.003404543359358936,0.0036206962652914803,0.0038655831255150486,0.046778198407809675,0.014652522017872127,0.1531169984262547,0.0020825571662770608,0.00247567460074509,0.0018777841074083645,0.0036635527775116788,0.0035853236302736953,0.003204737353520079,0.0034409996861187752,0.01692596937770485,0.01165777091522469,0.03052412001807231,0.2340061068000059,0.003781528624620256,0.012958821752063266,0.014857269316595463,0.0030147824791107117,0.007134275771540082,0.00387313274837835,0.015289593690589258,0.003409763621326422,0.00541673612200898,0.011009352968837717,0.0021554613631973286,0.009197617266902864,0.003240306099918947,0.011490975692225033,0.0014528973732783454,0.006450335132914767,0.004684928069727797,0.003823890500180229,0.0013796234039832314,0.008846676385171707,0.00480247498582277,0.005422340646555544,0.0012390611364266303,0.006060226171601464,0.001075033289093845,0.00565678688334093,0.017956808690675844,0.021625949145534614,0.004972720948545723
0.023852399442747682,0.04286858918345419,0.05382472780578571,0.01610111025623262,0.055321488637449824,0.015992424126064938,0.0322934043686087,0.005952720148017345,0.005899525862672045,0.0030578347172099682,0.0035902930850920693,0.003776782176841914,0.003745649670549634,0.053141735356552096,0.0121987533634927,0.15339074023628943,0.001872217743167769,0.002537108008153741,0.0019308784915157832,0.00342932456708116,0.0040028635381752125,0.0032654055610614693,0.002173041526588599,0.02047478165568424,0.011169341302985287,0.02456072063602689,0.2339546650541078,0.003288370137318431,0.015268878102985724,0.014035367483906649,0.0031850981735504946,0.008569098672722293,0.004115861196012553,0.013763189438564144,0.0033546919394518656,0.005885249360174292,0.012659071818646313,0.002491756156400994,0.010689507485905867,0.003184816365415616,0.013430676977823562,0.0016707727710160438,0.007213722915298205,0.004277360020658212,0.004207505917401655,0.0011793050838962973,0.010939352538080243,0.005178521284951281,0.005335646919378029,0.0011858045701299065,0.005757827917034873,0.0011684321224144387,0.005391264123737342,0.013814413950935994,0.019853729634834723,0.004526180399745151
0.027148709349777547,0.042958791608988633,0.05026497228586648,0.015326910467795581,0.05451661533871086,0.016186973828998853,0.033712290526448314,0.005447043372891673,0.005513406152417718,0.0032071526021553768,0.0033756080938517324,0.004100584588086674,0.0035429907225059025,0.05181131107064528,0.010967617354732952,0.16017949158420428,0.0018143909537070009,0.002850224719374795,0.0018880116803393987,0.0030884021223649394,0.003655635960133274,0.003406472645673476,0.002799846541067274,0.022296451066898572,0.011989250551982187,0.02836222512660903,0.22397287113216174,0.0033582388297328666,0.014458271488450357,0.0141970472072643,0.002927688511346452,0.007935167079263538,0.0033449118471494173,0.015808800964487977,0.0034058796904071218,0.00642772850370631,0.013267171553333417,0.0020034029213225227,0.008568438292985309,0.0035282284696100978,0.012935902221367802,0.0014720444702142656,0.007949222752174223,0.004245255589953051,0.003925541032099323,0.0014939052016791018,0.008189306936299857,0.004976765999026622,0.0056076749263313155,0.0010076120363158695,0.006636226032227601,0.0011244999709390322,0.005858398041197414,0.01365678374232372,0.022707907117641663,0.004597727122759925
0.025616764585035586,0.04557463707341426,0.055046218044478894,0.016786116280014154,0.06204180820617841,0.015605698448172308,0.03169049966712177,0.006003304333273607,0.005626241706987332,0.0032213634157146794,0.003328582381163928,0.004052234743416481,0.0037913201571856464,0.05226068659911392,0.014288194175321114,0.1543777816841568,0.0019891532687259196,0.002870558161246399,0.0015826433770881948,0.003907702579845136,0.0035790689010297533,0.003773674324462005,0.0023571411300631023,0.019802094943784897,0.01019960341331241,0.0264890598866209,0.21978942132200174,0.0035482156342094007,0.012577294042162183,0.015698410687087563,0.0027584196227778924,0.00844466834268457,0.003458708675812057,0.01602748633129948,0.003596231718270167,0.005614445143115024,0.012703796841929049,0.0018672743672598616,0.009992128087829885,0.0037122035158785325,0.012109843159168856,0.0013112045277382256,0.007041973393557521,0.0047150395584714105,0.004275540070512011,9.551763805217616e-4,0.010055125004661674,0.005938720490306578,0.0059166690906673584,0.0010529185192963413,0.005944863050313689,0.0010357216153124476,0.005402555042670996,0.012759759937763815,0.02101006956769483,0.004823964772097475
0.025415219876724536,0.051667320634338945,0.049971411022437524,0.015693097179889103,0.061320222493783084,0.01511824753144615,0.03280186843273542,0.005643584749125056,0.005666401824030606,0.003048570749817602,0.0033914224147755427,0.0042187092610680675,0.003907984095452248,0.05063703710670209,0.013638448788269947,0.15974284874724207,0.0018204518207308189,0.0025212285288196416,0.0018106497543355074,0.003563319189630172,0.004169458038335865,0.0033177007131820297,0.0022270238029199942,0.01767060367086569,0.011995411995949948,0.02919184972892183,0.20702822310676092,0.0037676138302826932,0.013874717033152633,0.015466421320450542,0.0028064824690407506,0.008943786969159028,0.003240099554515675,0.013863024970814458,0.0038261459977816797,0.005618709616850884,0.015111503387870026,0.0022601080943878264,0.009362005590964758,0.0037855255530298716,0.011489886693625979,0.001316910249480791,0.006981444567556103,0.004566080370761285,0.0038734273303355797,0.0018404232623900503,0.009033676507300173,0.004879708339665762,0.00616655454961501,0.0011701845150351698,0.006027096815957181,0.001297404085478138,0.006101918146913507,0.016712506573769548,0.024161779115954702,0.005256539229569842
0.02600735908047254,0.044345989838218004,0.05380185925320129,0.017030425522062333,0.055810448733533115,0.01535409700064841,0.0341656930044904,0.005372658914517155,0.005837064541342484,0.0029705449428284276,0.0033500217443642928,0.0036409399495168737,0.0037530829761531176,0.050587757830708825,0.01600056762270907,0.1532800806010085,0.001881887254249441,0.0023809524249124876,0.0018674349911285408,0.003360231354963308,0.0037370072536419096,0.0036334081367561666,0.0023361310474772595,0.022503817571831713,0.012109067505308482,0.029373169958022766,0.21809943488943487,0.003826620707070383,0.014074998817209779,0.0153092234235485,0.0029019048310056994,0.00843267772100122,0.003506593327403003,0.012258481998532992,0.0036354578304719416,0.005367441092015677,0.01554761884224171,0.002214474151647388,0.009072157897963378,0.0037785781012116995,0.010810301660543293,0.001074643239544318,0.0068639438438435,0.004294105892711676,0.0038289380068994598,0.0018229268524514908,0.010054791241192806,0.0053327931715646554,0.006041128757216478,9.234408333688212e-4,0.0053837462004416616,0.0010018970370290988,0.006001476787156387,0.01696504626013386,0.02242805277262337,0.004655404758454001
0.02535534413681209,0.04593428389720086,0.052225791718164105,0.016774798770719683,0.059766742319759224,0.01567644305568894,0.03165914976085037,0.005780125707868147,0.00567956823153566,0.003012975709728067,0.0037432030647454833,0.003781367707733625,0.004473776449700358,0.0569956225958756,0.009778452830059648,0.15325717632327748,0.0019964464505832827,0.0025995697963125987,0.001736092857517856,0.0031148844363717123,0.0033635596848684865,0.003304201496499189,0.0029755215371640793,0.022475222722666055,0.012196760911787338,0.029248197717087702,0.21708998472159438,0.0033606617035631305,0.015200251461414196,0.013183885850999442,0.0028349225682547294,0.007056308751323224,0.002873829478775239,0.015388987621248762,0.0038454527937057735,0.005129306690142863,0.014696252636215374,0.0024529620910626036,0.010129468419273402,0.003449203394003932,0.011505934511437128,0.0017901360578311386,0.006748784301405637,0.004675413017955627,0.0045687222895365465,0.001567775828661162,0.009994395058981916,0.004809719927851355,0.00572691652291576,9.73733817888663e-4,0.006179203693115313,0.0013874756968025096,0.00523120937719117,0.015326984491290241,0.0214681492052712,0.004448688129709955
0.025958354353743256,0.04597113273283188,0.05418219675591768,0.01710081428297695,0.05672529127084656,0.015494754487203478,0.03155658883101307,0.005582574438926674,0.005636807668952607,0.002971040859415572,0.003908304970869804,0.0035897360382064155,0.003937039510337621,0.05138416767376684,0.01321720434802956,0.14778368845422177,0.0018238724565037613,0.0021345297371153584,0.00156837562364096,0.003066687685771873,0.003529614168504217,0.003525971438177408,0.0028773873569531375,0.019166918910284127,0.012886363675530995,0.034654025819032284,0.23030928542386583,0.003131518576763188,0.012545845633230057,0.012093636475664476,0.002962375121789313,0.008116874073968005,0.0031765046618128876,0.013292942195762214,0.003482043515229888,0.005060975236924326,0.013247704632784565,0.0025868984413374516,0.008499312902125487,0.0037572748536723885,0.009943460112702229,0.0013284795489187423,0.006620674697969147,0.004492114001947595,0.004184076641139877,0.0017443300449579053,0.010592708801529412,0.004622565941378942,0.005766996615749537,9.633699755690489e-4,0.006039251127333892,0.0011714302043618068,0.006624637828367742,0.015112559466253781,0.023835322061323605,0.004461387636792758
0.023735653798069172,0.0443710808705366,0.05439850349159689,0.015473770611610716,0.057116062819743275,0.015170873624780068,0.033290228301429796,0.0057686934265203695,0.005683421523404401,0.0026410477625868445,0.0035270810007004823,0.0036097869482180013,0.003941773866999024,0.049199661924778364,0.012495176824920946,0.17440011719336926,0.001960381466801992,0.0030191257275551334,0.0016091987652853722,0.003630281881724822,0.003878045742679444,0.0036720345882665577,0.002110745247712353,0.02051394323601802,0.010953042453300253,0.030938502325966663,0.2170692863020643,0.003103059963036081,0.01346136001132924,0.012886505494483037,0.002934905228735173,0.008136571854904701,0.002744190666630354,0.01495860654050697,0.0038959153190888706,0.005389937923088168,0.01168931848061159,0.0021018928386157217,0.009478256298782328,0.0033998422104235255,0.010871856008434901,0.001444827067944252,0.005886800418155037,0.004644323252907995,0.0039520730650859995,0.0014418039673508988,0.00792614703568044,0.004957911515259853,0.005707767076331723,0.0010639225360788895,0.005387195526173541,0.0012904992089889803,0.005705760214037639,0.016002388068278448,0.020635098686686133,0.004723741795730399
0.026511333830047872,0.04645948668943112,0.056196269703380104,0.014778107156296275,0.05754957336963272,0.015262120405257602,0.03199269276941991,0.00564687955212716,0.005259370963802448,0.002686191588613118,0.004400952293142433,0.0035731799960785635,0.004218478768623197,0.048830614614145826,0.012759872853060607,0.16015579506487573,0.001971154289781955,0.002396090371427192,0.0016949192457758064,0.003486970103823869,0.0036336676392406376,0.003621909151821039,0.0026497970049371706,0.01883789651774287,0.011656112218247113,0.0355167100042764,0.21557459806038812,0.0033744071086961713,0.013020841330639115,0.014011223749146061,0.0027907911512885086,0.00839063410140505,0.00422132521313019,0.01551280879933342,0.0035731583828347954,0.006664235697549611,0.015219780405055007,0.0023064642344843645,0.00899604237171343,0.0036210390869890305,0.01186112951217094,0.0014968541998574992,0.007261360369294742,0.004003783677313995,0.003421150498478085,0.0014465887361626152,0.008283178619294047,0.004976798566085985,0.005319152083869994,0.0012370583748392136,0.005677639658801399,0.0010127971643273763,0.005516815510773967,0.014274298339384874,0.02127677655886133,0.0039111222728223614
0.025984329647006716,0.04741139562735933,0.05543155820612227,0.017086843431695448,0.05285837393016492,0.015130683528501766,0.033673367768853435,0.005662217779990509,0.005546595462536077,0.0026809019190300993,0.003776735424646283,0.003964015994468705,0.0037784349694487793,0.05025473649152824,0.013276986909959626,0.16594281755472676,0.0022705847945090982,0.0027656819411207897,0.0020616375248113565,0.0032739930563008292,0.0032455231948007143,0.0032502345504528533,0.0026760893382771706,0.017676972522860664,0.01138833931460333,0.03185088728018776,0.21900889770629015,0.0031658807727695175,0.012468440704125684,0.01381310314214988,0.0027327659656504032,0.0062099232809525165,0.0033637983623634334,0.010161419999172378,0.0036299726473463115,0.005387585056995373,0.013409324953512177,0.0017526493998389332,0.010378640066732763,0.0036546315402690957,0.013776996786862596,0.0013168476088003989,0.00677499456305266,0.004188723920881706,0.004069221033222021,0.001582694447410895,0.008748121383074268,0.005069080821356636,0.005482787913802276,8.638264166709341e-4,0.006111824940155967,0.0011320713249630939,0.006417405679530556,0.013326111502422413,0.023795467228266177,0.005286852667395286
0.02454003358872066,0.04501173965897152,0.056734273499767895,0.015970156001933744,0.05496465439800762,0.01514714625004243,0.03423721239047747,0.005868813147223718,0.005928422012969906,0.003242405760052698,0.0036971248627719866,0.0035095498904308756,0.004422856439330972,0.055828646763300384,0.014419758536196476,0.15829420297496127,0.0018178047758459237,0.0028002284004354,0.0018160261096116452,0.003264509804903872,0.0036243040464176085,0.003171081679389095,0.003183462417868665,0.017348359023663967,0.012600332687888047,0.029548264429837913,0.21954759310368216,0.0036386820324767182,0.01574291716618952,0.0138433151293923,0.0028333267333939547,0.008249197025969464,0.002986373879971491,0.011236193299734779,0.003574873777180591,0.005413955463068687,0.012933673335816659,0.002655841715630078,0.008172603660513294,0.0031301771151854584,0.01319469356937728,0.0014110293655224667,0.007124282599674233,0.004283917896609277,0.0040964137750552024,0.0013680710534045726,0.008152431335018187,0.005226800335910784,0.005152285703638339,0.0012307668091396855,0.005302026913835208,0.0010373456365564034,0.005839770791457761,0.013189057063484276,0.023962918430355085,0.004478095731734328
0.02434645637542672,0.04390314107392087,0.05634657388497503,0.01696009037357796,0.05771510183813557,0.016728314365776827,0.031587391910275056,0.005419659991397565,0.0055382543879944155,0.0025201172529120204,0.003615017181275241,0.003806676562224793,0.003760437949396696,0.051466248980998885,0.01271346309267478,0.1505341186943481,0.0021210506909664605,0.0027209196485592562,0.0016199239193945337,0.0032948546295038937,0.003427038913084494,0.003457509863050619,0.0026019096022123146,0.019081039897669048,0.010761223604140426,0.029467163257399176,0.2293980250931314,0.00360081051128134,0.01230796307717584,0.014431180914363718,0.002883243198585294,0.007867047442667967,0.0038088293209033986,0.014751910492674306,0.00397225347177353,0.005242910151312583,0.012258033625227016,0.0023973821046162753,0.0097468158327078391,0.003222592501111982,0.011938820628403849,0.0020834403790634917,0.006956633248797142,0.0054145880062382796,0.003745774877760172,0.001778470829799858,0.009077551598793011,0.004979531900135297,0.005942431424171959,0.0012098965299204847,0.005705031029166516,0.0010311451753047625,0.005235580399954012,0.016745626986570457,0.022237109344394854,0.004515671962702641
0.02564818027941957,0.04605276831061328,0.054331682338734005,0.015998372132557417,0.05188043073954407,0.01618226032160697,0.03250557874810214,0.005535856110162822,0.005729082699789327,0.0027368966683731944,0.003765847439083111,0.0036930215186039175,0.0036179248999268394,0.04908698756470063,0.01427535831421583,0.14545240561476971,0.002181714547861005,0.002295654826708845,0.0016841119874427915,0.0035927851907963833,0.004142105487354405,0.0034745601449868834,0.0026429022336944695,0.019967728188487917,0.011508281906871257,0.030871752456649235,0.23558787424656855,0.0032624072363516905,0.014919270197437775,0.015290967080531393,0.002791846702285896,0.008677527682166234,0.0037878334216037974,0.012210793156879023,0.003556899771232892,0.005330693733283952,0.01432703172119745,0.0018012313338963994,0.01022919224662337,0.003049690753906332,0.012514243434053338,0.0011932245876716202,0.0061476940671385165,0.004320907206166894,0.0038889009681084877,0.0017617350449096183,0.008610280405913464,0.0054167683681505,0.005343682099311663,0.0010557083770468838,0.005609954461540428,0.0011390333195873364,0.006265443087742771,0.01676353172756275,0.021420608386573264,0.004870774503501669
0.02564025688573574,0.048854098206188475,0.05069282706371229,0.016795281894870968,0.05688736760461337,0.016199004670692345,0.033418786574693556,0.005573725048727414,0.006008020529579343,0.0026308478201675914,0.0036448706671122315,0.0038113283041913857,0.003977223006477831,0.0509539331963424,0.013017277447971369,0.1498067102370454,0.002005018138964203,0.0024052289785942583,0.0017703236227953375,0.003257782068080743,0.003501488137540646,0.0035971086073718784,0.0023582230438062117,0.020444262860642222,0.01169372170065134,0.0271772464911474,0.2209914911534747,0.0036320391655735532,0.015478658191134712,0.01572369365073379,0.0029838893292065826,0.009281380387113894,0.0029565564426880385,0.014503844769408036,0.0036290872505152743,0.00537412637532906,0.014646207901345996,0.001927154948563906,0.009201714986158337,0.003167667426652426,0.009963608231934836,0.0015342492903073531,0.006798528751480028,0.004529001331099286,0.004171006600845962,0.001746684952946209,0.00847927387865966,0.005737244757309753,0.005909522818008386,9.6704539362703e-4,0.005529243953540773,0.0012277175146784228,0.005690399792894733,0.01845494500743063,0.024983558148470947,0.004658494791151773
0.025653839796782627,0.046545198605971574,0.05479583439712191,0.015518340779114083,0.05300488490250491,0.015099818332779048,0.0326346659075935,0.00569772463484125,0.005292782258921594,0.0026871546234230005,0.0036089307312757676,0.003846819842150428,0.004422225063260878,0.054030685783563674,0.012633190973091735,0.1699071215430809,0.002011883478710253,0.002571410220608652,0.00170201247210678,0.0036129636465697034,0.0035749547454126153,0.0030783315366573424,0.00295189095011107,0.018492061098332426,0.0108805307590687,0.025723154471372207,0.22110976025606238,0.0035200331785445707,0.016597682020995316,0.01060435187704076,0.003053247556378665,0.009760956441141845,0.0051744101703653485,0.014128436760896689,0.0035796740333969845,0.00502545757240353,0.012166522914842198,0.0019170255952010236,0.007044568986723445,0.0032074490844495773,0.011846983482371568,0.001334257567894223,0.0059025644734418065,0.0038906162553194322,0.0040130915585028385,0.001253785880758557,0.008282488059731585,0.005163867615124914,0.005821439907878701,0.001215528406231482,0.00533449526061381,0.0012143838300381273,0.006319686558739918,0.015131131418651246,0.021272537145418883,0.005135154576413945
0.02767724901391292,0.04409286057524717,0.05589083284142724,0.01631818916047155,0.05703139697508214,0.015705297338644154,0.03205783548385355,0.006289794588070935,0.005258795378840078,0.0027430952780736328,0.003408986334210926,0.004071391822492771,0.0038621854863989872,0.05109443001716293,0.01219326480775924,0.16192695458497108,0.002171915575527898,0.002370860214364396,0.0017102173811625286,0.0035663720105545125,0.0037549620705300446,0.00316657709201107,0.0022011325990646375,0.02228049769059048,0.011042417500848044,0.030230272803423157,0.22288817889114,0.002917356997762307,0.01490262679703069,0.013049305204804743,0.0027263627579794526,0.006883787098153583,0.003383890036619041,0.009879340104802277,0.0032110028044550405,0.00661526734049582,0.013442301940688484,0.002259406546565491,0.009156258155533174,0.003005199723289938,0.01155163413722838,0.001349561349632043,0.006932349539018404,0.004579152687524669,0.004151530130647403,0.001537685739524408,0.008252039088007476,0.005090966869800111,0.005340323594967889,0.0011033741191965386,0.00491679942318168,9.30608031344214e-4,0.005314472303099019,0.01540901348713721,0.022394833966728443,0.004707586508946075
0.025201741544072075,0.046956719932574734,0.0569494122398763,0.015923163787413434,0.05772159691045729,0.015611923797353768,0.030766377820632657,0.005771286979898228,0.00584383980778013,0.002854390085167102,0.004048614247234864,0.003960994847508453,0.004504697018214804,0.04655617716987556,0.012079707651714499,0.15889616106555848,0.002025272235167132,0.002712962796348857,0.0020176127537015337,0.003692015323184505,0.003446243562278045,0.0038880021748559923,0.002213802808240342,0.01966299861931895,0.011677163850482349,0.033993826390202465,0.2155925636389229,0.0038624514168544887,0.013168570706793729,0.016794643077765962,0.0026874747429104385,0.0073170835653889,0.0032631939135664887,0.014747762163779795,0.0037096306147627214,0.005991453359632845,0.013839082885693129,0.002444542088111291,0.01015941597111408,0.0033046446235102827,0.01187534127895613,0.0013872863566511506,0.006726177638750723,0.004952231428529404,0.003671705744556055,0.0019889396193976294,0.008831992852596946,0.004863153052965987,0.005542190042833017,0.0011819624719926777,0.005521342927935012,0.0010993072222831343,0.005960165449867459,0.016732921058941586,0.019271666491402814,0.004534398174420747
0.026641706468750827,0.04679948300685627,0.0537638032317288,0.015947458344165253,0.05668467030371258,0.016081928469476186,0.03182913858358585,0.005444201557565119,0.005755790106204096,0.002993746577276988,0.0035581684949384674,0.0038038068226219656,0.004180386615174239,0.052839430758191454,0.01196007847730571,0.1530494396329915,0.00206138556828453,0.0026353497420691548,0.001616177532929209,0.0034106911210308797,0.003888162886933487,0.003661217475834194,0.0027003214978278687,0.01892094062814763,0.012641957311031857,0.03174557320072869,0.21596388667651917,0.0035680646010718972,0.01422464361032788,0.014792592742217786,0.002574064697515138,0.007786958534147987,0.0037699672497223035,0.016567423599785545,0.003704929490430068,0.006424648807403826,0.013840062899542151,0.0022551128824406584,0.009277637966133737,0.003477493655308615,0.01309242150986804,0.0015408880890597173,0.006712284072163977,0.004572219182830355,0.004384666180348135,0.001802390742301867,0.008642700533993984,0.004719027407671636,0.005888997391131372,9.270528681789589e-4,0.006052717727187897,9.982860431561726e-4,0.005420835801757647,0.014618941030116225,0.023280703520998404,0.004503366071306051
0.026835621120149172,0.047393199687626564,0.05427372539627446,0.01748687657518652,0.05431341381372479,0.01494667258702073,0.03136030866764396,0.005541690701614871,0.0055540871659252224,0.002927209435616999,0.0032915763807857567,0.004011549830875674,0.00397581707634593,0.04947462765136487,0.014676950486676204,0.15490464316242358,0.0021757406571738165,0.0024328482233491704,0.002046352148923556,0.0032854658466948523,0.0034112742481372796,0.003558868485159342,0.0027958863652165333,0.01771131974099722,0.012839726033271999,0.029336314927663584,0.22194669425529429,0.00364268420232451,0.015442208099224313,0.014731569232114054,0.0025469338181729304,0.008401314779434975,0.004074026370343737,0.012903650164026137,0.0034808035135821024,0.006807403128894345,0.013680638610821551,0.002371817752155396,0.0082210875661897,0.0036580201555150823,0.012465370464667658,0.0010867326735472381,0.006441558104110133,0.004795587581038354,0.004768884752672597,0.0014057658846757448,0.008818229998560677,0.004386948117446829,0.005519353270193772,8.2798026050078e-4,0.0058051496995071075,0.0013365396571657373,0.006072294541501022,0.015404103907058743,0.02395968763736308,0.004435195386054741
0.027410617499078433,0.048271324145067254,0.05026566583704152,0.016434784739179184,0.054285068990219454,0.016077004398142657,0.033211122354837884,0.005590930911110838,0.005523743976500872,0.002834239229151188,0.00354259079674745,0.004348558675994844,0.003727912437321541,0.05175328940589109,0.013884895514797059,0.16662342428446858,0.0017871401202511291,0.002580840193610741,0.0016370284595850124,0.0038126996112916424,0.0034105677612818117,0.0032660280553781103,0.001871565113420178,0.016138146776391995,0.011489548429407352,0.03432311073066589,0.2116631225128741,0.0035021414561767104,0.01315175410204113,0.011843368384117411,0.003271500192738856,0.008217062686344437,0.003456914754927105,0.01383886004288665,0.0038962073754295477,0.005699426083091363,0.014417094999663083,0.0019370907422480868,0.008885742781381302,0.0031327090512809734,0.011809405412860165,0.0017261223489116002,0.007251650940598249,0.004845315939305639,0.004076417889333551,0.0014552410842615714,0.009327310333020662,0.004812029205304717,0.006043389676404639,8.5201946005121e-4,0.005465477013797669,0.0012016932943001934,0.005854554898405331,0.01920637760375163,0.020539056027969144,0.004519095259689548
0.024923047321256837,0.04435973041989261,0.04986420409715441,0.014973685368050755,0.05698864230738632,0.015580571168435472,0.032402465135720315,0.005833317215149537,0.005825412552482411,0.002994406646571514,0.0038902349896076755,0.003805578001787444,0.003784544862936095,0.04764967638215044,0.01272035160246066,0.1536994739005692,0.0019270672745206453,0.0031989391556385104,0.0017492785253709353,0.003267111828988186,0.004117992538394886,0.0035480163792661096,0.0029021794466193994,0.021170927051929446,0.011076626445038441,0.03042145497850699,0.23558638801417617,0.0034201292461410538,0.012418776611164502,0.013328437274153632,0.0027126967501639033,0.009099699141610363,0.0030302852210135427,0.014001679557566399,0.003808738632058016,0.005100989459822156,0.014150330706943555,0.002230003472001096,0.008825572856768764,0.0031577544368685583,0.012069305432012926,0.0012766986896778033,0.007017937449398448,0.0045802011002655215,0.003967941776688686,0.0015502015290326473,0.010030573519678815,0.0055380521763253145,0.005424333414815868,9.552124570754825e-4,0.005291941596717723,0.0011714672777709849,0.006217916933781144,0.01405917016266674,0.022656750800328564,0.004645878707426423
0.025455810266401726,0.044601321570361736,0.05115086561261607,0.015667823773749374,0.05367441766760649,0.015555523877675748,0.035238448968240535,0.0056341882723485535,0.005600008666892312,0.002774312820115011,0.0034376350313715404,0.004298091279993203,0.0041656354140253635,0.053150212666521535,0.014638405628732875,0.17461098736681085,0.001977006272672507,0.0030119242247591063,0.0018771367407674243,0.0035453750029205834,0.004043803641697232,0.003701003830092017,0.00242335074345404,0.016015942223974483,0.01325807532296392,0.027741049061823477,0.20975526268136294,0.0042248916140305084,0.013289611038995527,0.01418025739462351,0.0027482629477436605,0.00808459027295307,0.003434447529614399,0.011550151552457467,0.0031672822566023327,0.005912117509661286,0.013359743673123344,0.0018618717726400212,0.009905395377675714,0.003105308738446244,0.013548780416913965,0.0011513340622828785,0.006032673715562236,0.00499683495946668,0.004115599463608649,0.0014979028192861675,0.008148827499291102,0.005158738444174458,0.005520511910991994,9.920526848530874e-4,0.005392016794292697,0.0012308751366082462,0.00582754826105632,0.015680833920900677,0.024465398260857005,0.004412521341336107
0.02707441938051135,0.0451223639335244,0.05260984218827781,0.015634864192358364,0.055886894748695085,0.015399706702389422,0.03246008769622739,0.005693911112686873,0.005457579319962273,0.0028400131638702383,0.003261928569455872,0.004150870855013543,0.003937400168888318,0.05088827246168983,0.01453203441086545,0.13628544039230395,0.0019541416868809813,0.0023325191958832666,0.0015716929372581296,0.0034595083117384315,0.0037482056153994893,0.0033544318395883808,0.0023777382806451993,0.019481477010562853,0.012625884171302011,0.03306153916712898,0.24340874307993796,0.003967545011287441,0.015163778553056145,0.013925919383485079,0.003774435583193552,0.007812184079539882,0.0038550951349481297,0.0115801508334407,0.0035153131730148897,0.006468224098427399,0.012471186227394213,0.002017746497216442,0.009019671224896452,0.0033979806256896547,0.010853495301003411,0.0013434327518952027,0.006841048126622299,0.004361355339333902,0.003924391197679718,0.0012907210051951072,0.008685533590071595,0.005276130266651381,0.0059621151429546885,0.0012218350312093811,0.005880807523115442,0.001080037613777574,0.00533544105592066,0.016199681795495368,0.021266750573771243,0.004896482666667188
0.026146749829150717,0.04096806435182402,0.057111192676491396,0.01708710570779873,0.05820208023881091,0.014701523193751486,0.035439662601560645,0.005586167395776137,0.005301964076010302,0.002525168173930846,0.003923320718896951,0.003742650296481486,0.0038849376092776043,0.047285079553799424,0.012768820734640023,0.17087994912968624,0.0021976715824736422,0.0025312514827301536,0.0016134699950746845,0.003198760209100303,0.0032077448232757187,0.0033188277866933276,0.0022582664115288037,0.01688696003259218,0.0126928937372754,0.026581514685324308,0.21230896685940764,0.0035325056821205437,0.014543003831867551,0.013781053734551203,0.0029054855264851673,0.00895036584236599,0.0038632950475321467,0.015555408608452675,0.003311215768618761,0.005592876924650843,0.014253638094361512,0.0019372721501693011,0.008775243467093337,0.0036226602572554446,0.012786399329349343,0.0015499437961395434,0.006765201693691471,0.004433861845662958,0.003925939920450836,0.0014088077356293677,0.008963770229623212,0.005398464813959397,0.005597395787571287,0.0013600727754857016,0.005805113774420492,0.0011348780992760496,0.006323676895694126,0.01647667928145575,0.020170367666890916,0.004924637525811957
0.024931459617469575,0.04979809336379352,0.05056087428290049,0.01664463433962459,0.055518952663006375,0.01493212459581096,0.029420437670226843,0.005801339486894736,0.005567307038048523,0.002872116675638737,0.003362464845275718,0.00372240427450483,0.004043318710567146,0.05346301908755728,0.014203582702510546,0.15285812671161236,0.001917001544279698,0.00272622910354207,0.0016876838819032554,0.0032861594735898326,0.0033305279943617724,0.003197287313368105,0.0025657430634698844,0.015557692438126849,0.012332101410943503,0.029335398455168898,0.2412080561330324,0.003398594989487837,0.012943069685190867,0.014713024168279224,0.0028420830190528062,0.007262833362500853,0.0038707742785728423,0.01411738970358682,0.0036505080282453395,0.004450385657072906,0.012822256933956298,0.0020544023055736405,0.009357437445809979,0.0031292725645582823,0.011065657032440682,0.0011562792568931026,0.006586422195840676,0.004281305518019802,0.003914114034588764,0.0014225613122410502,0.008083015681724896,0.005007724382559277,0.005249430104419548,0.0010172427766424502,0.0053664333612098115,0.0010813689484617803,0.006347505929692214,0.01487614305796741,0.02003537166637863,0.005053255721803688
0.02693449004157052,0.049869800825762034,0.06015876813873314,0.015453337098959042,0.05365444634347152,0.015106065631136973,0.03443993762357232,0.005277118990031602,0.005281774749559673,0.002716120819327162,0.0037221258440372474,0.003977767400771477,0.0038890030440657925,0.052682994935895545,0.014643189974280197,0.1605690568240683,0.002238223496610277,0.0026869644442699347,0.0017715660666153064,0.003483550836905216,0.004021085578736345,0.0033723361316070105,0.002729402580205068,0.015490195277718019,0.011126870411910421,0.02790496693225873,0.21498879065121895,0.0031530047871082966,0.014421235108981061,0.012686706694875193,0.003150302634708945,0.008028584803995029,0.003183139577273772,0.01293138215561842,0.003711256952778935,0.005211841002158841,0.012748329601631468,0.0019786024294726388,0.008059990426668915,0.0034955104451273892,0.010943167433194678,0.0013786070530277326,0.007349765368776062,0.0043453530202022354,0.003924913940398269,0.0016192740981630224,0.010011146936196758,0.005178726411213302,0.0057582383516238825,7.7184479070154e-4,0.006192000108733491,0.0012429238075091747,0.006169073086515336,0.0153775641140813,0.024160607975296157,0.004626956190670285
0.02519760141306702,0.04504789477681828,0.054036748899030596,0.015099333191985856,0.059399861305359014,0.015849302149747085,0.032936256621792503,0.006229264188900146,0.005770664407032929,0.0028688937593197793,0.003342225944987104,0.00393082899912362,0.004090850453613296,0.055891252220058876,0.016461479762497157,0.14116254127025168,0.002081264412134104,0.0030472267880816825,0.0015931536049645536,0.003423273664715164,0.004336914817847274,0.003293046852640271,0.0020058248174784337,0.020877345058599655,0.012461724267898471,0.03268630235513153,0.22715372487365373,0.0033849809094554937,0.014145905425606531,0.014477515674445171,0.0030354162137385815,0.008946225221573461,0.0036141110533920657,0.013844030555537493,0.0031650392412440075,0.005384177670311646,0.01390805465735379,0.0020625366119603836,0.009577750127281346,0.003184140447533577,0.009953608535093172,0.0017407814007982685,0.00647254041593209,0.004527407364815456,0.0046286671780953635,0.0010478142019845376,0.007814932454140163,0.00565022617168984,0.005168839532078902,9.701381551887047e-4,0.00585685826645878,9.870691298908172e-4,0.005524169795972871,0.015861572383496253,0.02033501110059285,0.004455679227608598
0.025169422689144762,0.04923391696940856,0.051794377074443926,0.015759251766612546,0.056691379609927865,0.015563185424292816,0.03181430693713442,0.006006791090330769,0.005943596390961211,0.002475713668863657,0.0035276008443445727,0.004195451157299321,0.004013045306977899,0.046979286198008244,0.014301955784310864,0.17422400646632735,0.0022730001416831594,0.002466652349397196,0.0018795756583753446,0.003633399077384918,0.003426382640017949,0.003439584951456228,0.0023709488504593075,0.01819905106230408,0.010251343184253836,0.0264721929144264,0.21998669442383445,0.00311350115943649,0.013660081797629573,0.014147730336285653,0.0028929340829889952,0.008754596270533129,0.002940890015463903,0.012241689736820787,0.003508954767152913,0.006662006923969484,0.014136657152698568,0.0020597345195505793,0.008616533571570351,0.0028679046510681717,0.011086737179788595,0.0015416033301097144,0.005670378765517017,0.00436669924948965,0.004135065960094697,0.0014065227701022072,0.009111834926960138,0.004732184188912418,0.005460649642923477,0.0010721607654022678,0.005316233711410749,0.0010688750827518843,0.00603421809554845,0.015310713406731574,0.021112599032152585,0.004878196274954325
0.025384420776257147,0.048826241336938705,0.04954139939676935,0.01549888102020723,0.05254968889977469,0.015486573114074698,0.033225203276258955,0.0058341930991217,0.005421826624687115,0.0028221515893413645,0.003368647288356059,0.004211271967677775,0.004104631946213195,0.0493483761064791,0.01257166296691007,0.15616512353259532,0.0020319588358524905,0.002708224084750107,0.002157195733389529,0.00305891072543625,0.0035947825369387616,0.0032993670258464267,0.0028661945286122706,0.017874188977150474,0.010533805702755892,0.02796346022923397,0.23610691006212212,0.004015123297080472,0.013160186280574776,0.01576304372634012,0.0034770180012334067,0.007332991349165966,0.00397625508976721,0.013342981436666646,0.003533730510362858,0.005990257635164678,0.012018830200463813,0.0019188456959728934,0.009019933742597738,0.0033361278421861354,0.010691816771527755,0.00123043900617939,0.00654818402612045,0.004473955318587907,0.003897107518510991,0.0016301448501160457,0.009250604235260593,0.004440568332199637,0.005659685246960877,0.0010398689067852875,0.0058930079211150024,0.0010516862330827443,0.006481891473768021,0.015216053363762715,0.024507156019568127,0.004547214585126967
0.024967853872095033,0.04712260538419326,0.05515692039656087,0.015849029858279927,0.050400826209756985,0.015726095188588914,0.030006155197708804,0.005390241196297736,0.006029644482152534,0.0028571093055629656,0.0033605242652149634,0.003881438279988008,0.003938319475031409,0.051497873329235354,0.010888907699716269,0.17761713664587472,0.0020009215923491004,0.003224608990619947,0.0015916598204591258,0.0032555244991281955,0.0035132877096866223,0.003091849977453767,0.002876772632100164,0.01760011810069111,0.011389083375529527,0.02706102284217308,0.21411800873395384,0.0036826701958417598,0.016071218503889664,0.013176962709905106,0.0025926962279699335,0.00756968448466767,0.004145192084525767,0.012450394624103807,0.004015419563077566,0.0060141988841284156,0.014306725955450059,0.0013814654873673892,0.009964635532369702,0.004010910270797048,0.0106940390569305,0.0012148794221475787,0.007404120321720335,0.0048050660086532025,0.004521195896911888,0.0013315453878531612,0.010053970601999659,0.005154757831583452,0.006140893226635875,0.001023860020774273,0.005626403288276536,8.163468800199425e-4,0.005746389837967756,0.013960405868164397,0.023546404516591492,0.004164008249273819
0.024464191143148954,0.047201834594766505,0.051686415697547596,0.01689816323704057,0.05644683789355386,0.014823580095776112,0.03315407387083265,0.005659060232620483,0.005858463421271808,0.0027992937319901716,0.004115186779182335,0.003845304731523956,0.004208715548851734,0.05082442848426426,0.012843284246059811,0.1585055874205388,0.0018852187393279124,0.003218964510495852,0.0015834738350504083,0.0032501550627265885,0.003435026666229835,0.003468780652965722,0.0023099846374159553,0.01788522479221816,0.010937341009522641,0.027975639144826377,0.2246670820818207,0.0031085553417593576,0.015831944526464765,0.01583141634081738,0.003151355788484147,0.007638651835808357,0.0038354861993046586,0.013665724346393128,0.003416953523598236,0.005581016825587529,0.014941128764597167,0.0019716912832742515,0.00980966525292983,0.0035257568174825145,0.009982250297607588,0.0012014335865375503,0.0074063335116880125,0.00436570188486475,0.004420341124503516,0.0016267199738622695,0.008316761686906558,0.0049796568958739235,0.00522061549451331,0.0011745426319229046,0.005795701399276739,0.001017651737742679,0.00579307019839718,0.016906820508192606,0.02089858654215138,0.004633153417887982
0.02549836278457921,0.04730485778004557,0.047361931282170686,0.014810965282057647,0.05831412544343112,0.01612851115378672,0.032960617820676406,0.0058391787134297974,0.006171863790534991,0.0027382781264393133,0.0033968839242091826,0.0036897148851419274,0.004441847116115585,0.04724896314198452,0.012683490126961953,0.17581905852922156,0.0019243011620698458,0.002449191227411969,0.0017684248541089277,0.0032280636289061353,0.0035426876998456984,0.003659917370095176,0.0024456093316305577,0.019392313704405126,0.0112667526932002,0.032433234335924606,0.20921595142178417,0.003915915269293289,0.014378672560009513,0.011939315936531605,0.0030014234878857422,0.009480123748776376,0.0031149362007117346,0.013120477598181295,0.0035372120235191685,0.005449493041830536,0.01354740016375825,0.0025677619842954208,0.010046837200611591,0.0035680396194741255,0.011925113852733538,0.0014344893190993597,0.0061457684909580635,0.004860808216452116,0.004181000223726193,0.0015964065942810435,0.009358707577921177,0.005188314629222019,0.004849969859191128,0.0011778230271179144,0.005169131337478969,0.0013301675278291117,0.00572435688806023,0.01591582812084349,0.023011385785876044,0.004728022384162283
0.026663619913638626,0.04476997840012582,0.05252573712142061,0.016963509752389527,0.055142093866561916,0.015349417438616281,0.03472480638800194,0.00573522655536802,0.005344423690690184,0.002966386176585145,0.0034452590720744944,0.004099641326494453,0.0038485498644054593,0.04442856025164103,0.011361480281264822,0.1668705648648592,0.001940767323344998,0.0028242194720367376,0.0018220752258850412,0.0038132394149074226,0.003585212649829719,0.003084726835657904,0.0022864339207862884,0.017939256404400732,0.011096890726042636,0.027076726766754704,0.23142783430698316,0.003312266179082446,0.01228578906051496,0.01284529019264288,0.0033118646907433335,0.007458658398489833,0.0038403535776838503,0.013775664959435887,0.0037627442181796173,0.00597123685793687,0.014265749611577037,0.0019841806642522824,0.00891853099599795,0.003120972398778023,0.011153363942270083,0.0015412652850051933,0.007336841289174269,0.004668379655272291,0.004381507441394832,0.001814979219120713,0.009593074726357518,0.005117599374663366,0.005153023746605692,9.325316259671915e-4,0.0060266713937823825,0.0012788191974811602,0.005760181208178545,0.01498315402486352,0.020028862329307073,0.004239805724474361
0.02639392802233633,0.04981915163454863,0.05346888114223506,0.016912400415498654,0.05694222161080534,0.015614027263544307,0.032722178460924185,0.005495922940602315,0.0057441301738044015,0.0027999911151721764,0.0033870651003327914,0.0040612979329899095,0.004497986566959185,0.05159170023981058,0.014978958839021866,0.1554742364163981,0.0021206676294115265,0.0022558353788792746,0.0019290768144534266,0.0033883121032221336,0.0037654625534257434,0.0035037336771754513,0.0027680160889778918,0.020004119072635558,0.012075836662421171,0.03369769745194801,0.20569119560103954,0.0031497836887472265,0.01535533468342256,0.012442250946287104,0.0035196673960009796,0.008075728282363448,0.004133477806433698,0.012207263644547689,0.0031671065623660815,0.005456998744401491,0.01411286322680568,0.0019052589044620848,0.009568411143729885,0.003510965273522538,0.011832780951045846,0.0015553956706305103,0.007213959112462016,0.004805050858975212,0.003696445305244788,0.0015844167295124523,0.009352492942318697,0.005589877759900834,0.005542747254111781,0.0011204550371885235,0.005834850531571911,0.0010878674809592635,0.005820636154315636,0.016208671182600585,0.026100977241782546,0.0049442345757153205
0.026327119591214962,0.04412933808527801,0.052063755490032726,0.01571912924763207,0.05673691803257327,0.016344700436722977,0.03416206441000951,0.005215380461720015,0.005600725963222584,0.002529777112828716,0.0035818237556283715,0.004027390210327176,0.004379605579376381,0.052463852705221574,0.01115691294130622,0.16259597115170263,0.002082726197047335,0.0026407706773248787,0.001959502288827731,0.0031746494385950586,0.0036353809533867807,0.0031482382400241544,0.0022849984373571517,0.021295956005862607,0.011082145015316283,0.02810521384445355,0.21986157900032433,0.003396305115262405,0.013987323178695877,0.015435864345315357,0.0029097637827850227,0.008070299657861437,0.003579357202517939,0.013878434556462314,0.003787958974084213,0.0050263630340655705,0.01448269927055642,0.0020982125622490888,0.008867788368623866,0.0033027381188840844,0.010742729941116845,0.001551041250346562,0.006779817138923775,0.0043478825345026105,0.004301341189582727,0.00122514261555748,0.008824694986472795,0.005207720973790055,0.005549187972881967,0.0010899455530180768,0.0057697435555258,0.0011650793997601634,0.005255958821841969,0.015249399963916117,0.023309229947318457,0.004502350714763983
0.025857371956062154,0.0471223408214641,0.0560779373413684,0.01638388899043722,0.05474368866381693,0.016080466980891935,0.03426433199990235,0.005955100116776151,0.005697601453725998,0.0027648238769333554,0.003619541321035725,0.004032301328462567,0.003893098060712866,0.04876509730935379,0.011389519886242951,0.15840548367808194,0.00213502956070067,0.002624295613092113,0.0015057365274429347,0.004032083446890557,0.0033431307877813555,0.0035150889025565893,0.0029008724522380184,0.021236789433130895,0.012047039124842495,0.031446069182541295,0.21575033252760037,0.0036294118909586436,0.012382265249534462,0.016867437677601724,0.003019984716532715,0.006622895743009946,0.004630389243489113,0.011320964745498992,0.0037809933453070163,0.005933151939037671,0.013630324443300416,0.002054316163869796,0.00870503619195627,0.003357904914550219,0.011559804987647797,0.0015404732457155012,0.007450265106456571,0.004484230265231844,0.003823949019417003,0.0010681111573643553,0.008797285239267663,0.0055905334321069925,0.006596880423449858,9.560295433108826e-4,0.005555896944555854,0.0013065800691098976,0.006089695806530618,0.01484613106975884,0.023597171758779612,0.005212824322563951
0.025263630391405247,0.0482683461359976,0.050798438436295015,0.016494613079900525,0.05149084096303514,0.015487496174010667,0.03320669742658418,0.005250814868571688,0.005570728913839339,0.002720829713819152,0.0034612245900803476,0.0035756348256546864,0.004364631521438405,0.04693007737518914,0.013733839170400717,0.16600849559974742,0.0018936573462362196,0.002653423946197077,0.0016846998722208689,0.0031255528000042553,0.003704960845671718,0.0034957148396922624,0.002678969389150951,0.01937657258431859,0.011166267807911722,0.02640106678075101,0.22939927250610107,0.003332179235458817,0.013328847492559633,0.01240587569391838,0.0028408235518068755,0.007515909788955993,0.003938057226103244,0.014629207186437194,0.003577564551249709,0.004856195285237755,0.013902996151002246,0.0017697494347417768,0.009103415852080729,0.003031364920394235,0.013443069980000477,0.0012030768395567843,0.007393411092812998,0.004063297981013475,0.0039040254201827182,0.0017035861157600669,0.007739812299399826,0.005850476534074217,0.0052496837501180655,0.0010228438839471107,0.005424117226197707,0.0012199205920009914,0.0059488902328048085,0.018134296513102,0.02061098144720927,0.004649825817647897
0.02532282702093339,0.04725203220109932,0.05736945063512515,0.01611538921589709,0.05798016275337568,0.0164817628802068,0.03298324176554395,0.005773218052293607,0.005330842355535496,0.003247552960378767,0.0035689305334532413,0.004000448753734819,0.004047154996056723,0.051674743503087324,0.013543402026993763,0.1426671726444973,0.0019144355831512382,0.0027970456446108683,0.0016574637275294567,0.003642803243519509,0.003793859827600075,0.003605806607151744,0.0025219997344211494,0.01945570761739229,0.01297949225572281,0.027157467622388506,0.22888387271022362,0.0031327880143217145,0.015633090767607542,0.014314249169648918,0.0028019339889103403,0.00847810561089321,0.0038247163989536008,0.014581632264919445,0.0035638886443782065,0.0047972962839137046,0.015641907049706017,0.0020207723178024923,0.009506952987721553,0.0035351778713319237,0.011808151519062457,0.0014926367454620355,0.006642222172870126,0.00510348655767725,0.004126991447939584,0.0018610708155235444,0.008196211666225115,0.005731566241352581,0.006019672088623134,0.0011927877417533686,0.005313419397089117,0.0010941145234380169,0.006264258363012236,0.013517154051797802,0.019550915064592004,0.0044845433615492624
0.027608353167579956,0.04648470359233421,0.05382180246188008,0.016964858938812905,0.055268108983383336,0.01564648951676923,0.03250610165293,0.0053066306576375205,0.005486495933962268,0.00290035282261675,0.0037852201487984525,0.0035493531011647917,0.0038283978548027836,0.0533369934531611,0.011312295332933209,0.15766158841421965,0.0020442728080485467,0.0026715608823123034,0.001680203657275989,0.003448483107990117,0.0031964392082902107,0.0033937075935570973,0.0031650394119064496,0.018897632786869706,0.010646715247667323,0.033152509102137476,0.22456418266672684,0.003746727615550319,0.014885830882045929,0.013682527379930894,0.0029825187557285483,0.007984970384091584,0.0031046186466499232,0.01269568348979425,0.00389235169529997,0.005320004537318576,0.013580862158885319,0.0020153654630360143,0.00793468186171471,0.0030857735349153733,0.011174102547969437,0.001751479398697678,0.007114588418529137,0.004655599243310574,0.0036490161093854397,0.0017078801628164588,0.008133226753419317,0.004455128361887594,0.005666498077000488,0.001172681079267766,0.005325916631047912,0.001091160098030521,0.00588102982695668,0.016823502562879202,0.019887890228025746,0.004269891590046311
0.025844139537961212,0.04768092694262246,0.05193389443036294,0.016292469778484853,0.060440683949437246,0.016057225447051248,0.034638077716346916,0.0059229277263054955,0.005629484508950377,0.0029683060048193563,0.003768871516392078,0.004079035908069749,0.0037792725013208565,0.049675902141864244,0.013089708277801612,0.15284193251179207,0.0022025859416754945,0.0025139333600404778,0.001975608717059089,0.003394599770280531,0.0037504366201400784,0.003287216291719299,0.0028706692034991014,0.02032790989814704,0.011455241879853034,0.0328086378268383,0.20942993762717974,0.0034962683434373713,0.014079335259831743,0.015209934939795012,0.003193822339050859,0.00923110077398491,0.0037812946562726796,0.012328422652002747,0.003663374579540915,0.004871908514231719,0.013056264416230135,0.0017793042277024784,0.009045828021301704,0.003803298671376857,0.01186006663269276,0.0018031053523847695,0.007419309693447314,0.004817347069465486,0.004430894100540945,0.0012406108372542133,0.009383060127048112,0.005771607906942477,0.00589522596311677,0.0011750852759341902,0.005769352380740497,0.001311966704692752,0.006448147457580239,0.018176895435679137,0.023692499219023135,0.004605032412683228
0.025187112585289648,0.04795087059207743,0.050133848266648025,0.016009088532108137,0.05051566987022654,0.01577525550766096,0.031929442136819385,0.005593912106580267,0.005444292833065164,0.0029752341418800413,0.004124392842328495,0.004273089178684413,0.003824209466439854,0.04830642292064333,0.012029276263046762,0.15298458742215404,0.0019705937783831597,0.00255742923345477,0.0016622530979808776,0.0032562749653101794,0.004004860851138973,0.0035899672132405653,0.002481553427716436,0.018972828754435886,0.012143207365768505,0.0319425577053485,0.2355119905174854,0.003475004641190113,0.014152517109979945,0.015323349957211603,0.0031473365121454044,0.007573523315044193,0.00313638847373191,0.017055872092636478,0.003571344958285514,0.0053136629536127454,0.012713041987837573,0.001817857924114056,0.009332096324807096,0.0033680738574659247,0.012005578249879384,0.0012430903608418803,0.008091882894023546,0.004593402875284709,0.0038626140727023436,0.0016137395312666599,0.008481059320080375,0.005616098666452693,0.006026026349515359,0.0011390307183698236,0.005897981717355077,0.0010155339708574334,0.005778841886015756,0.013438589527461967,0.02172836469495363,0.004337873480961096
0.02513892082727285,0.043455699833060954,0.05691527415492955,0.015012683493389432,0.05345754150739865,0.01485072665715543,0.03259779204111318,0.005429564200210745,0.005145552403073646,0.0028353402617678704,0.00348922374326645,0.004317613554302051,0.0038712500884108365,0.047069085889728926,0.015126352654965817,0.17577822326128345,0.0018656721864348338,0.0024938342240400147,0.001699722355497183,0.003454185458052798,0.003443012101595169,0.0036813199830084964,0.002384502541746179,0.01694845092954146,0.013302699325443378,0.029795578287332796,0.2151065656687945,0.003597977010956063,0.01400015952127417,0.014941127959501817,0.003162675837107682,0.0076919449950459415,0.0039207225743977114,0.010892188232342736,0.003324822180831672,0.00519162361916929,0.013951813414487129,0.0022130643230288626,0.009968659129443913,0.0037201174893970734,0.010677526986877685,0.0011296023226870123,0.006894190904400775,0.005134481165260423,0.004839693936702881,0.0016820085453481159,0.008137532083116128,0.0056539244796144986,0.0052947551728566205,0.0010073513535017113,0.0057485641654357695,0.0010211538838696473,0.005746011149005505,0.01476735035264944,0.02219092418177561,0.004831645397097526
0.025468703925351725,0.04795904389881226,0.0483895697597747,0.01654795851949417,0.0538004698712084,0.01626354234475142,0.033383747116662935,0.005597757833905777,0.006169583695141981,0.002896208692823492,0.004056048513206882,0.004225450577134522,0.003938369094955517,0.052700607278592944,0.009653660338810164,0.15954375501912474,0.0019984611279313166,0.002629591558996235,0.002013283422309858,0.0035807921668302256,0.0032422777697157204,0.003551645552365183,0.0019741092234053367,0.01821729488164517,0.011707686492946177,0.03172849638497581,0.22188258654065238,0.003766982313137032,0.014347833163373487,0.011831107866320295,0.00304388999752159,0.007840404952987575,0.0030299996872282906,0.012363456792861568,0.003930995108371892,0.005223400677900451,0.015560693747087623,0.0023617872239197176,0.010322986817516066,0.003117523082033232,0.01290084492840004,0.0013785221363475594,0.006886299128228128,0.0049249156832693606,0.003817317903227549,0.0018534457234259008,0.009241847414250232,0.004819023352480522,0.005522155060182388,0.0011732073514249307,0.005840435993237947,0.0011142794669169,0.005807034226587525,0.01581830100047429,0.024318931427960894,0.004721676171802003
0.02526368579532333,0.04714114200444683,0.05771719065811087,0.015455373387901022,0.05500296098816334,0.015838418322683467,0.03366650239725378,0.005509554453253417,0.005697408179895974,0.0026871088473368636,0.003752626489363994,0.0036693755862369183,0.0037025419186627055,0.04336421806779402,0.01277084960033699,0.15655432343921472,0.0021159590467037795,0.0024996494685514247,0.0015422957974664067,0.002888661670929725,0.004094860298652753,0.0033554808205848025,0.0021826063017116076,0.020135840700473612,0.01168638606114828,0.0299693551566278,0.22286457472110976,0.0032411843942366375,0.013598422194720464,0.014690966633940844,0.002404809263126748,0.007731909252483954,0.004032078329053924,0.013243533410876397,0.003774488690738661,0.005032475727064479,0.013661408399483745,0.0022101845994651884,0.009522060507706008,0.0033313294743202923,0.011165489612029053,0.002258967391162114,0.00670126626592179,0.0047370133117502445,0.004885369511585363,0.001494831651293945,0.009256744300618834,0.0050996671428404266,0.005448929481320524,0.0014760396663218403,0.005408196651109703,0.0010894049718668656,0.005344234322273985,0.018326443687584813,0.024892583649981453,0.004811017325183553
0.0257692643557119,0.047277613366047626,0.05856299906585399,0.015696362544291596,0.05766424669970021,0.015772314190919273,0.030871387752040493,0.005634916310157982,0.0055915946432988145,0.0028583433932635005,0.004192610519771844,0.003693302829649344,0.004025854206651615,0.052203243222435136,0.01082905328826405,0.15181180786019247,0.0019990107354338816,0.002470350849740708,0.001920158171437739,0.0033089240779835775,0.0037447429662143443,0.0033659164454177323,0.0026707893506171827,0.017846667261871254,0.011093596984946408,0.030378225252021683,0.2274753745964637,0.0032876892235950035,0.013375442426492017,0.012285830267073942,0.003227591650609227,0.009021533374813654,0.00347132666019131,0.015058367090713861,0.003331216813931014,0.005244929267177163,0.014738162151487454,0.0018251024079457936,0.010025624723076955,0.0029472429604573062,0.010470015228266663,0.0011953470395602605,0.0066819217779995,0.004496186608825109,0.003903188782342855,0.0016306276403663864,0.008969436638618492,0.006005817538766015,0.005182199262493289,9.459433163037284e-4,0.00607542829903168,0.0012755226243616033,0.006508533764019838,0.01479670206358577,0.021067686743621326,0.004226712713874784
0.02618199643256802,0.047908003944142706,0.05410930457422739,0.017080424312623528,0.05306169121705666,0.015060856957106124,0.03387633375566421,0.005333111281481422,0.005452735838455903,0.0025739532471655262,0.003640516411455195,0.003941152880459676,0.004298624172697865,0.05749032491751193,0.015887575385523458,0.1581526815288715,0.0020564198843776847,0.0026846509248531544,0.0018045930203305677,0.003563258765767289,0.0035024042332503376,0.003147993952774448,0.002686596027826309,0.01962374223231346,0.01100431089776739,0.03178898180233765,0.21029097719481052,0.0031229538051247927,0.013183198193922463,0.011784499970520269,0.0030833557934106448,0.008742401910316215,0.003928023843378584,0.013407851411315959,0.003412524806394676,0.005146331813225254,0.014000422561338727,0.0024353573340652307,0.008807081595187118,0.0035520628542603967,0.010136377032929415,0.0019408102870786318,0.007409409641458077,0.004426170236806452,0.004073994017314069,0.0014365152366888215,0.008919988927904453,0.005059817976666144,0.005685474546227095,0.0012409578549853568,0.006003660507195572,0.0014452650299922201,0.0058780069434964935,0.015693209867262855,0.025406428701039662,0.004434631507074418
0.025300676412304338,0.04878063629239023,0.0552691380159718,0.016477431624240188,0.058888213945210564,0.016300793690954402,0.032557564441394536,0.00552024370260527,0.0054445692915752264,0.003202315893021502,0.003796108351372786,0.003838441679302249,0.0038590664371695484,0.0489698591776217,0.0123401565182105,0.1646416154473544,0.0018688316143757322,0.0023887640935257234,0.0017527359198627672,0.0035878762996711024,0.0039248319555238165,0.0034334139413938662,0.002256016234461641,0.017795359926872277,0.012842917555202588,0.030722823834389373,0.2153854685813926,0.0036430721552067648,0.014647828901007203,0.011996721885789622,0.0031539621195327545,0.00781754481250774,0.0030575952297401685,0.011588846717597702,0.0036206394451231915,0.0057994806401788284,0.012939448178669972,0.0021589419553430553,0.008756118990963792,0.0032682222435206558,0.010771405638870035,0.0015075209849295828,0.006513524812504982,0.003793724971264943,0.004118817072355184,0.0016340759659973893,0.008612397005890358,0.005103011007678334,0.005155841421693969,0.0011699026646835127,0.006009305025397767,0.0011881297019654493,0.005550958947752688,0.016926867645561547,0.023291116292477574,0.005059106688424472
0.026106815454897403,0.04407140063739531,0.057144843584935635,0.016021560197529334,0.056440268394311086,0.014597643192572344,0.030893619793725288,0.005582943432372034,0.005234136506978817,0.0027517668411014633,0.00367531376969709,0.004303311233147004,0.0040168027838755165,0.049003863150887644,0.013197398903019072,0.15746264488628825,0.002197331484154887,0.002855126465548316,0.0015735241186087543,0.003566651288913775,0.003369535561795926,0.0035325143424225092,0.00398701128926081,0.018128963836263057,0.010328799457769997,0.03168335486307428,0.22426975853750358,0.0034234097513577083,0.013443135529928237,0.012822341926281969,0.003324900134625612,0.007963090313759308,0.003530940483076656,0.015211264828726966,0.0030431631123232794,0.005424201793205966,0.015188909970562058,0.0018843449798324875,0.009046251067781064,0.00324898452053355,0.01243358265330267,0.0017199829724497929,0.006368089025336699,0.004581131509594706,0.003308632113806212,0.0011177491547033872,0.008155858915316904,0.004955528245318914,0.0060490305888528054,0.0013748770812010648,0.006018109664852032,0.0013302224811220572,0.006013571680371485,0.017631013626009665,0.020789130607312484,0.004601647260405047
0.025300589749781877,0.0486948903084465,0.05298472744171228,0.016133177163664435,0.05327243060218601,0.016059255117189877,0.03524003754900858,0.006278706030253231,0.0054170351079765155,0.0028215514897406554,0.003630171725235166,0.003990508451964237,0.0036687444853570443,0.052089937127406644,0.011619304217039226,0.15305840813326665,0.0020238426308794247,0.0026480245169878936,0.0017553970452645552,0.0031367676115986935,0.0032395229774281734,0.003210220659949919,0.0026280037314959617,0.016086330360329637,0.012536473006373422,0.028353953979579214,0.23275292679173135,0.0036025078096590386,0.010770338893728177,0.016209348080863373,0.0027237890339076604,0.007871820760550152,0.0032353198559168855,0.011989921687689913,0.0032818401687328483,0.006211984086113739,0.014459781025260975,0.0021798740615150075,0.009686257219670162,0.003536844745705795,0.012005242787012592,0.0013086343896020947,0.006681502889642993,0.004640441181113975,0.0036250401384342037,0.0014499814259047873,0.008628355607136437,0.00501753806677122,0.005706930577220999,0.001131110717499686,0.0056050796525573465,9.20613124947102e-4,0.0062367184298541475,0.015043331517746481,0.022773610045019845,0.004835304008375222
0.02591493774029807,0.04690681210312141,0.05155573695050946,0.016052359017447518,0.05567843817388173,0.01556304992979069,0.03342738871997938,0.005576535751764229,0.005241826215289852,0.0026366494287650383,0.003479642086963776,0.0036626004421534773,0.0034734193395247817,0.050920900360609686,0.01725918128507334,0.16101645283051566,0.0020179888666135206,0.002462912424328639,0.0015955772985292555,0.0034915494023584474,0.0038554033109220974,0.0029347080560759484,0.002403085458762518,0.018085553718276845,0.01184085514118266,0.030924547297560386,0.22149929285428158,0.0032613614539648765,0.013569670130905293,0.012622908470431573,0.0028274471170396088,0.007731440432572986,0.003749457521997303,0.014341141529982015,0.0035429017309723935,0.005580573522043587,0.015556658592790873,0.0020811866639465896,0.008823809827997993,0.0031806202930929712,0.012251946650539944,0.0012936411125730161,0.006455773457233786,0.00466525793073605,0.0038630748095071273,0.0013125823935951635,0.007506057686751489,0.004875958429964139,0.0052467034357212014,0.0010718833777832962,0.005655678829873911,0.0010506365224142514,0.005815350682166347,0.015827594035834922,0.021736424130321997,0.005024855022665256
0.02800596064536465,0.04620528136684849,0.04969705105961317,0.016822823328177288,0.0541563012068701,0.015259600052635604,0.032193706498855904,0.0054982035031189,0.005075978933403506,0.0025872445737490164,0.0034407472827877534,0.003708994631171318,0.0039674902615742845,0.05256877028389572,0.011713277007849434,0.16643225085959704,0.0019077503980096343,0.002282007528913616,0.0017220773878525789,0.003004166761041025,0.003715712096450526,0.0031872246866133944,0.0026525547829508896,0.02089130529178229,0.012163957532398587,0.026160044877276554,0.22356400326652257,0.003526951680532493,0.012589456644424095,0.013375343169123694,0.00266682434015188,0.008359085900501521,0.00455669407652593,0.014187646761495004,0.0036382937698886545,0.0058119171073981535,0.01468206031676777,0.0019525301632503092,0.008910814831458735,0.0032367248889653226,0.01045457991654955,0.0020209578169969804,0.005683656625107119,0.004633250054885501,0.004309381242282857,0.0013483291917411573,0.008947097943310669,0.005847876764752994,0.006155184457626899,0.0010420981617486737,0.005388698535301459,0.0012012979876332103,0.005109701571203292,0.016611537340707146,0.020733116322239734,0.004434406312105385
0.02671044302529941,0.045791650401757034,0.058008872234201383,0.01648902530052066,0.05562231913938655,0.015793697865892006,0.033203101119355725,0.005109405928745817,0.005257727370408799,0.0026138818261889135,0.0036979322954364255,0.004026523979730588,0.0037373147086310096,0.043994732631498404,0.010676255753676334,0.15653850508866898,0.0020020541521610286,0.002844249953339413,0.00169170650637958,0.003610751372496317,0.003509634940636686,0.0032559331718728514,0.002227037607020986,0.017540009191655048,0.011300430692671188,0.03422131549312947,0.23288591082940538,0.0034501762357780053,0.012506667098608383,0.014086932008308703,0.002778261970872709,0.008622832040545632,0.003572147651021967,0.013535867372363923,0.003919142338826307,0.005388756482797948,0.015731995732937307,0.0019642075576579237,0.00937369721543624,0.003156241537304696,0.010655477097298425,0.0013875619710286323,0.006344367714281817,0.004117197894495455,0.003941871359017922,0.0014461976466889545,0.008725459297470315,0.004395523572440232,0.004977311039534591,9.938569387806472e-4,0.005072400652599805,0.0010141390675302959,0.0061945622334928525,0.016315042865038758,0.01968535683252093,0.004286325995154579
0.02631089360934168,0.045848656742648916,0.05130845254585497,0.01612157530961935,0.05512283822536823,0.015427975925286504,0.03416062783374154,0.005550282522226265,0.00568386427573721,0.00230354772096996,0.003363775773974284,0.003818428398778691,0.0038178898965788555,0.045639579904213266,0.01610248348351328,0.1717330259954929,0.0018824188878719375,0.0026073774770628247,0.0016758515899765749,0.0033637643871495004,0.0035949466994352783,0.00339709355932443,0.0021750865775474887,0.020859731458497694,0.0124836747632609,0.0308037556853919,0.21540294886575528,0.003609405748415174,0.013824511074737162,0.013070627173389832,0.00263744055550377,0.007313463451600983,0.003073637511712639,0.015172360776678077,0.0036072799180997483,0.006085045386523602,0.014803074290739942,0.0015421371006706693,0.008855987014870252,0.003788645478162373,0.0105411138170929,0.0013693092164976575,0.006572663923062448,0.0044336570592872606,0.003807300437136143,0.0011866901818077898,0.008480177967579583,0.005011383734569173,0.005641144651956019,0.001044696786142767,0.005809448150650496,9.072840603284758e-4,0.006630045664737111,0.015648134617704992,0.02022287941077416,0.0047499067249490694
0.027448466148651336,0.04913483848001628,0.050684022509213104,0.015573928424262185,0.05481117711314873,0.014987100816104866,0.03398628417986141,0.005569907586847788,0.0058112838616417375,0.002823668505426514,0.0035977555590754997,0.00423409791968868,0.0035542384803987285,0.051561108936474684,0.010669827864289069,0.14379792797842816,0.002229703014990107,0.0027117356954961458,0.0018383732634479257,0.003568639118047839,0.0034428210863799388,0.0033939333937479032,0.0030787891233212484,0.019071444397403877,0.012896372808218934,0.02948950619640411,0.2328265214531235,0.0038691460016175446,0.015420083182740645,0.013527444571165115,0.002559505796796306,0.008437229123928353,0.003679709372191421,0.013643500493600684,0.0035194285220219263,0.005923390928648154,0.014224051084023392,0.0023938592524010965,0.009464940812758183,0.003246509567080589,0.011512295426123231,0.0014973934258450164,0.0071607421119490875,0.004645142448452083,0.003775082620895569,0.0023844065670402923,0.008571405281360888,0.0051402719120542985,0.004707888135354628,0.001291876669752179,0.0060938301665658685,0.0010070414726886178,0.006104797086370005,0.017493186145450913,0.021578384232711415,0.004333983674302166
0.02519573083288729,0.04950407774643028,0.0485925563415031,0.016385290471549456,0.048057326887858944,0.015408247304819008,0.03379485373068973,0.00523903777120783,0.005689253583274551,0.0027826296683967217,0.003812076226047497,0.00364655087221211,0.003912777327086359,0.05524371274856241,0.012069524001280849,0.1685976003655044,0.0020319997164107177,0.0022162962973213264,0.0021799854855587123,0.0030225810122633165,0.004160243373240576,0.003829267376359195,0.00211542488309733,0.02045321629038048,0.011553279147007135,0.028358800916038252,0.21792665283815063,0.0031597350968138966,0.013995383303326859,0.013841731312925081,0.003015476902044387,0.008045798669287785,0.0032347273121111865,0.013823764974655692,0.003621148651049099,0.004928846544217967,0.014772051251455514,0.0017975980648542679,0.009666628600079608,0.0035084671039473303,0.011814054691819292,0.001472876571504453,0.006559094860937389,0.004390988161091943,0.0037832642752773176,0.0014522798018732708,0.009287167797814813,0.0046558790820128825,0.005094466754280437,0.0011944652951533792,0.006437510194171188,0.001159308028848098,0.0064874230388192325,0.013425238455630855,0.02521951551289496,0.004376116475963599
0.026622067657547006,0.04320959310329364,0.053509450798194795,0.017130798472642348,0.05347229006506898,0.015752969393595027,0.03406611077380875,0.00554775722304385,0.005431667498135864,0.00288920636537675,0.0036283149889243665,0.003925761425875272,0.004215215254949946,0.04731592017372092,0.01193490320454105,0.16095660141116144,0.0018132372457019125,0.002614413141073441,0.0016418692203936424,0.0035727089659394863,0.0036817293143581657,0.00346471748887458,0.0027533743688323525,0.019009359691231114,0.011258303870199916,0.029194101724106667,0.22325432693076636,0.003377382942983506,0.015843901965236315,0.012456158853710203,0.0032318709651644735,0.008257150875628061,0.0037702601800790525,0.010702947787145825,0.0035647570676367855,0.005264260192738271,0.015207104335437361,0.0021234686605901693,0.009457258148162874,0.0029953227182403083,0.012462686543818567,0.0016917646490906555,0.007251615642807375,0.005153317284899896,0.004309550952187006,0.0019084118357876757,0.00852694696282344,0.005152446524083199,0.00569852439986964,0.0011609098372761238,0.005658798440897499,0.0012160724972748406,0.006011418022332633,0.016345440872640442,0.024177315388669744,0.0051561656814303625
0.026938192426163056,0.048477815689121094,0.05336937118506847,0.01559044056456344,0.05673886756530569,0.015407152286004562,0.032485825393417274,0.00518867304528112,0.005982380608879522,0.002538083258156287,0.0034900369325284245,0.00347514184822485,0.0037149039147738503,0.04662434375683257,0.012440695198963164,0.1639945881965623,0.0020460303650313037,0.002304823764808559,0.0016110190722312774,0.0036165891043609334,0.0035982915986344025,0.003423870958150245,0.002644272930591734,0.021384336547799313,0.011377022907838583,0.03269336940120271,0.21574479058149232,0.0039637905652500525,0.012739047450369849,0.01247798118230827,0.0031761886063520857,0.007854366889340728,0.003462713820640468,0.013582940396816477,0.0035417699595820624,0.005811506309971003,0.015063969195195768,0.002102177635297781,0.010008073688976285,0.003171919964410942,0.011009891443885983,0.0015214063228838612,0.007313427136995431,0.004640786353436042,0.0035961979330222343,0.0016928772342304187,0.009514750184360772,0.005139681928622994,0.005114111064853547,0.0012540709944411448,0.004969708931030555,0.001241876403979363,0.005306180327941961,0.015023366668571644,0.023931785972474445,0.004872506332770837
0.02756495329836263,0.04659727440423105,0.050766634930180805,0.017354590281137793,0.0573018704264275,0.015663412637259535,0.031189421558969175,0.005561066201105576,0.005890020518868889,0.002537366388058725,0.003562460750944665,0.004224389462282261,0.00423309105317777,0.05017989593446569,0.009684866889673705,0.15521027890774067,0.0018853730521671622,0.0030571207204643713,0.0017237403266696105,0.003776899516261019,0.0035948712878742864,0.0036444853557599235,0.002760547049964284,0.020401586471754184,0.011391626198216232,0.031105036061472875,0.21863536799026864,0.0035007019769854497,0.015485696693229262,0.01427080891438584,0.0031575189820884125,0.00761993419881258,0.0037804859095213893,0.014401786285259729,0.003924930781583791,0.005109425429413549,0.01434429525555588,0.0017424390601061624,0.011308004707527807,0.003934469042905822,0.012004780821681767,0.0015641669642462738,0.0069873408610868415,0.004331440116555364,0.003532019022981446,0.0016705549576424544,0.010919322320396291,0.005063098265998182,0.005173246354420928,9.400223207537963e-4,0.00597331301468077,0.0011847260489418348,0.006004418695391033,0.015676997714598167,0.02181595144320838,0.005079856166281754
0.025671769650182356,0.045251021695647244,0.05279403501047913,0.015943973484557162,0.05665852051303912,0.016481604892961396,0.03446043553393487,0.0054527860520812875,0.005399999448386052,0.002905777927522127,0.0033728562058186733,0.0041135800424229,0.004003708856997671,0.045792511702485716,0.013185527504549419,0.15391439103043159,0.0018608427319223213,0.0023350936110992536,0.0016831390949850202,0.00362879438191157,0.004084752747642625,0.003234552528868458,0.0027968477588888128,0.016177992983226062,0.012300027715505467,0.028140287637082054,0.24363076351778237,0.0032115385620493046,0.014178329572582245,0.00999183900840228,0.0030850749131083486,0.006228528566048226,0.0032549408208484326,0.012183029272515706,0.00354317711929283,0.005218594941901694,0.011973759723890365,0.0017856327926443162,0.009481694232023045,0.0034860594171522603,0.01157827784448071,0.001530558626596337,0.006943627313670725,0.004776276785166253,0.004495076307449797,0.0012695358395698791,0.008906954972650564,0.005163345506044264,0.005892003511468248,0.0010508712944754608,0.005660906184338691,0.00106349275141526,0.005953693593112774,0.014372517948671507,0.024077894075290995,0.004367174242728737
0.024932845297762938,0.045227072676262386,0.053699622526545934,0.016636424913890977,0.05489717781223988,0.016112185896831447,0.03406508147198156,0.005979059852879185,0.00590902057682462,0.002771629180089555,0.002962113288036195,0.003940548836107466,0.0037811778481268016,0.04853586441136813,0.012995756608242037,0.1473107511457351,0.0019360193874070058,0.002707807910411306,0.0016301552677697277,0.0033840829294297004,0.0038495350700898157,0.0034294665674429845,0.002325363813865588,0.019596230144410528,0.011147718929990915,0.028917776785795053,0.2364224431984019,0.003638545314149655,0.013780440728735032,0.014478753061792308,0.003135163183198888,0.00826199189666854,0.0030879085539279195,0.012975523127435403,0.003862903991689991,0.005240961494850603,0.013960077057676937,0.0017992941330128168,0.010440856761741075,0.003243581591481644,0.010941951266330472,0.001462562496871433,0.007628215852544854,0.004395134963245615,0.003707757403388658,0.0014640638145503211,0.010134816444921457,0.005377339515911316,0.005577128278045286,0.0011776905326253023,0.005359175049137673,0.0010565492478834767,0.006220327671837209,0.015928002315302964,0.02235464613403611,0.004205705769068238
0.023689335162877963,0.0438747695439135,0.05242741051805448,0.015642287009808117,0.05634874295826068,0.016158722831539178,0.034320904072657525,0.005593883633882313,0.005084504286072036,0.002662731677697177,0.0034093482125978174,0.003914213765879548,0.0038988612935662715,0.04901472802167273,0.011598273999705203,0.15894304165807865,0.002044324549813115,0.0029892433007145196,0.0017895901822010147,0.0037833754871479997,0.0034763552892800365,0.003675355664091392,0.0024000948842194773,0.01749100703926593,0.012854259435963585,0.03262517117635669,0.22930129345984,0.003580757094789588,0.013795893715859587,0.014231096396472104,0.002871928931002396,0.007767722174337224,0.0036846942829431226,0.013127104114158112,0.0037455277902310605,0.006504694087032414,0.011776148570250158,0.002412573816017934,0.008980392385346266,0.0040082989746875915,0.010407331793585597,0.0012191906638819474,0.006603408274092599,0.004892911849391481,0.0035454032281439013,0.0013255876070079197,0.007944938466594012,0.004802118868639648,0.006198484672767634,9.125028637282645e-4,0.00556392159351493,9.88771225848647e-4,0.005877412221205097,0.014918115300814836,0.024210384016079917,0.005090855906419034
0.025786755405606095,0.04055690200947359,0.05479096262822062,0.01632919357045998,0.05398327755796778,0.015903177775372427,0.03170441874257044,0.005952871970959861,0.005251187031215113,0.002960753339634441,0.0032145314452473772,0.004031933362607744,0.004083508488615268,0.05486716627160422,0.013501719187571941,0.1610075069646645,0.002148919079759448,0.002671726604980716,0.0018975269735859728,0.003619644473006268,0.003813796781979023,0.0033527448603582095,0.0023552561356916736,0.017629212084262567,0.01255602275804607,0.025058138951451543,0.22386056870469212,0.004106347049256478,0.015370730463571413,0.015441899600391716,0.0032427950278287165,0.008370773335148102,0.0034867373947927377,0.013139631765294599,0.003742277843849598,0.006946650564797876,0.012985130872309212,0.0015817836422409982,0.008565780538763591,0.0035133386760312652,0.012873689762010797,0.0013946580076895335,0.007896429297847271,0.004847602904657063,0.003945073744785625,0.0016342554368552291,0.00889920143195479,0.005207884783146512,0.0055886693784070254,9.733530561064343e-4,0.0054246020836341636,9.824900088912102e-4,0.005173996722840452,0.014624055870266914,0.02213518603483444,0.0050155515421912555
0.02636124232895003,0.04448624673206537,0.049828048389134,0.017460360783459427,0.055139158119845544,0.01527370053048156,0.034140571421372994,0.005452983775623244,0.005219617022117118,0.002627170463286594,0.003950372706112787,0.004058393581840681,0.0038330864603314772,0.04919195180817301,0.014149356037982333,0.1714028321008728,0.0018281753329546892,0.0031636910332583233,0.0015991060601916502,0.003662768133271625,0.0037097551707661234,0.0034496875554721204,0.0024325254179801132,0.016124256757244455,0.010614784166361193,0.02598371310846596,0.21670119674549648,0.00367046294921103,0.01702733912762975,0.01086646569474125,0.003336432436839786,0.008169387014809619,0.0033092713368995277,0.014349945448414381,0.0036831633856990688,0.0049666095297428445,0.015064528365213586,0.0011970253756045856,0.009828597438848318,0.0035002691289226767,0.011394060398618544,0.0012278696986450896,0.006775645241871743,0.004687563456267681,0.004101698913254581,0.0016143236348909195,0.008129787118025927,0.005955786379631577,0.005252680666379383,0.0010544762753016493,0.005676269479721659,0.0011335223117774971,0.0061885494976580465,0.014879024860602393,0.026241478977094574,0.004873014114570579
0.02625266736490648,0.048928857069358435,0.05119774928897157,0.016601894036107418,0.057300971845431516,0.015665239014724795,0.033509586892077114,0.005311978518623592,0.005411665064117067,0.0026918257733804215,0.003343627517413963,0.0034333926739055676,0.0034800222057405133,0.05269728774535729,0.014091804987875864,0.15278981395768187,0.0019848000668730463,0.0024540020525865374,0.0017932376406939415,0.003273531048684003,0.0036949071677185525,0.003636504834390901,0.002441565422708308,0.01914994678939737,0.009580483068475292,0.030495161717977507,0.21759584300723672,0.003168864197909866,0.015978125507829684,0.013688066183987125,0.0032607710054053207,0.009281340594310733,0.004430790440468835,0.014408558775029886,0.0034244071696992416,0.005446591938923118,0.01377282149196043,0.002395107597001674,0.009606757905010721,0.0033614786590682256,0.010886384985393774,0.0015203260119617823,0.006722021646472338,0.004937117149418102,0.004387603815212832,0.0018036228676974395,0.00850643831774968,0.004681986280049816,0.00585357239105826,0.0011727428954410547,0.005553403245583262,0.0011011664359610387,0.006032158446144331,0.016290383229783226,0.025059098403338174,0.004459925639714421
0.025471492712882234,0.04484988002153893,0.0551611266212557,0.0154799522738307,0.05342347900433044,0.016002839563854898,0.031262040198723196,0.005575226426436791,0.005584940558337494,0.002494833518397541,0.0032412197846846866,0.003740351890990789,0.004071774490291241,0.05047389303147026,0.013669572664257513,0.1580032692733522,0.0023414260477578066,0.0029754343023415623,0.001673730738263167,0.0032621255511870906,0.0032324253203272132,0.003110927115279616,0.0021863586218008385,0.016701805472368592,0.011617582339830767,0.028244175145457573,0.24075205102414418,0.0038144832693329583,0.01267257509525501,0.011588412819859383,0.0025696019619586186,0.008178565651467556,0.003317220057657894,0.010780894159271057,0.003275716111469082,0.005002767103809866,0.01232965079316534,0.0020387899447905505,0.009028841429949816,0.0032371365181600035,0.012615663671278652,0.0014191263541218776,0.0064131873071466335,0.004166048668461063,0.003943185962697122,0.0013383746881710072,0.009371428309286473,0.005329589530491084,0.006012478211093298,0.0010519215313819204,0.006023647369149893,0.0011568279548372497,0.005053261485041803,0.015402370841917874,0.02273467740054912,0.0055296220848347274
