i2_health,age,household_size,cantril_ladder,r1_1,r1_2,week_number,hl_covid_num,vl_num,region_Islands,region_North east,region_North west,region_South,gender_Male,i9_health_Not sure,i9_health_Yes,employment_status_Full time student,employment_status_Not working,employment_status_Other,employment_status_Part time employment,employment_status_Retired,employment_status_Unemployed,i11_health_Not sure,i11_health_Somewhat unwilling,i11_health_Somewhat willing,i11_health_Very unwilling,i11_health_Very willing,WCRex1_Somewhat badly,WCRex1_Somewhat well,WCRex1_Very badly,WCRex1_Very well,WCRex2_A lot of confidence,WCRex2_Don't know,WCRex2_No confidence at all,WCRex2_Not very much confidence,PHQ4_1_Nearly every day,PHQ4_1_Not at all,PHQ4_1_Prefer not to say,PHQ4_1_Several days,PHQ4_2_Nearly every day,PHQ4_2_Not at all,PHQ4_2_Prefer not to say,PHQ4_2_Several days,PHQ4_3_Nearly every day,PHQ4_3_Not at all,PHQ4_3_Prefer not to say,PHQ4_3_Several days,PHQ4_4_Nearly every day,PHQ4_4_Not at all,PHQ4_4_Prefer not to say,PHQ4_4_Several days,d1_comorbidities_Prefer_not_to_say,d1_comorbidities_Yes,vaccination_status_1,vaccination_status_2,vaccination_status_3
0.03307668788140006,0.0666738392857417,0.05203966827168412,0.014688073714951648,0.06555065352222232,0.01499549223060804,0.047791556061991744,0.0054682769551362195,0.007594173264041117,0.001063991392812872,0.0024025211645245063,9.588811944785342e-4,0.002504082414176342,0.043708424645025,0.003364002245815361,0.11176424030462292,6.40866170450713e-4,0.004150058293203738,3.6023442441366813e-4,0.0024678550214858905,0.0028163994755067492,0.001252956520482431,0,5.868466610648252e-4,0.012174779106999843,0.013287561218725576,0.3128771364428715,5.294902141145997e-4,0.007151827429528031,0.011447670017504631,0.0019409580813065726,0.006709765720697368,0.003007484486327713,0.0025762989079536076,0.001808607048132079,0.005668407241594978,0.0179324205113557,4.2090777077065275e-4,0.010542754802312508,0.0015346194762845958,0.012463011158034155,2.98759751280001e-4,0.008637992645522893,0.003763830245362447,0.0011501574086580145,6.433770684608138e-4,0.007390793546623663,0.010128339024048184,0.004232838744035284,0,0.005085836033565947,2.883279662551548e-4,0.008670842682288484,0.01503404393556249,0.02424183307885701,0.0024395471191249476
0.03143567190880449,0.07004858875791083,0.05550214506670198,0.014540386383295046,0.051570425745832524,0.019856629583827095,0.05012903057640955,0.005090524680392622,0.006479104679174049,0.0014239689093944778,0.003785651439458141,0.0026406232673820847,0.0026391376329148036,0.04401071965123273,0.004172461786381864,0.12501607301709172,7.205812775679936e-4,0.00406481750407659,0.0014780811637156183,0.003446684488601453,0.001987957903839678,8.088072767130752e-4,4.1834233503816007e-4,7.094648081656861e-4,0.01263587040086984,0.013892883850016618,0.2932951333790683,2.0852606991921807e-4,0.009427744331156689,0.009835423925590222,0.0023888225714334905,0.00885306339122942,0.00486736207093081,0.0028883109146261984,0.0026057361341370057,0.00898243655778791,0.017212965365697604,0,0.01230144142114497,0.0018867983567773178,0.010351424581243307,8.989144570865766e-4,0.006320110821480353,0.004935967231449935,6.393367812302608e-4,1.2426447633046952e-4,0.006042901540580075,0.01161408635616054,0.004990394647957267,0,0.003841056906247045,1.567714832260425e-4,0.00527626587917429,0.012349849786420055,0.028031581453035893,0.0011686750140700258
0.03710367632293364,0.06860092839475303,0.05665971383507496,0.014138172172951706,0.06066618352526071,0.014937756863787583,0.046932686811971935,0.005045683184489801,0.004337782995058864,0.0020407505123384998,0.003893594332592638,0.002448901558099357,0.0021252547560664885,0.04606865184074792,0.004274240971225171,0.1172934552627154,2.2127985654749039e-4,0.004391135206856171,5.899115652921052e-4,0.002640279793596688,0.003250311970382089,9.519364178804239e-4,1.1220620900955374e-4,6.969355294437991e-4,0.013006583327301695,0.016366592655710773,0.2871026171377194,9.426866423941423e-4,0.008245812408083565,0.015324898749589883,0.0032211188439083467,0.007013840999742627,0.003059798644872682,0.0014800808664816732,0.00242527206450561,0.0052993347145240755,0.021589348136590965,0.0016324630259602277,0.010028949109939345,0.002101266361885698,0.011563995219517538,3.9902990626408083e-4,0.006992382877159852,0.006548831162168503,0.001014606344730708,6.000273035488527e-5,0.00488515355495751,0.011655443448445902,0.004160084531686821,0,0.005672793908484171,7.571543539432103e-4,0.008096923016114022,0.01536125057275412,0.02367648576372716,8.93769031404825e-4
0.03874036011132908,0.06123697004087644,0.05823936591454487,0.015042234747517752,0.055766645045057295,0.018853030660416256,0.05532862625808708,0.005151441503998578,0.008212001603466294,0.002107326742966206,0.001789196867349437,0.002477558840658747,0.0027753939044573854,0.04498394067618581,0.004040719138158189,0.12572915580052396,0.0013465618410514117,0.004162679360473712,6.68742559406682e-4,0.0014071793140870367,0.0026924893204487194,0.0012267895769713887,7.811392356593638e-4,0.0010094382978384222,0.012530538951928055,0.01664997924262903,0.2766241231127799,9.446058793019218e-4,0.010084515684635144,0.01099555152155654,0.003485365210267633,0.008929736244430164,0.002386006034600116,0.0013694571275559518,0.0027040735623059206,0.004241202813458823,0.016776231268415674,1.0351105036174012e-4,0.014250292942764925,6.782795225874858e-4,0.01352555991883505,6.791697940761396e-4,0.009088512568090701,0.004517696527413833,2.6852692623192747e-4,5.661469747576172e-4,0.008715532401202522,0.010175391279020863,0.0050850566224790615,0,0.00510178354675229,6.990756116097706e-4,0.0081168328452914,0.011504833744039484,0.024628442348878406,8.04981360211778e-4
0.03500148741997352,0.06761001863541914,0.05579967052513128,0.019178172389891952,0.060392391546174776,0.015316075625634256,0.05583796476278266,0.0062469148584887325,0.006904111686959564,9.287601507177054e-4,0.002371460455230707,0.0010709025079719207,0.002942036858936056,0.045935868789120156,0.004788155326414705,0.16432669522603804,7.065185182153597e-4,0.0038552474542483013,9.299017961032364e-4,0.0012655182114851508,0.00412799763110545,0.0019020512753469845,0.0016091056204774348,7.93818880724124e-4,0.014368866343785815,0.01276653985780474,0.2290606766226872,3.425470907497726e-4,0.011083238027270185,0.012653780403962943,0.0029096985430319806,0.007672655012307823,0.0021330002382731524,0.0024983618493996016,0.0032453471221907024,0.004232773270810457,0.015934383074122014,2.2018130924174892e-4,0.012738500241917071,0.002099303171490095,0.014065526390891038,5.822127745730619e-4,0.008220566524675104,0.004270444925705167,0.0014063854324340077,3.8904162949721994e-4,0.005940029692656609,0.011692650279637767,0.005136633878696899,0,0.004024602109823456,5.411296225823483e-4,0.008565374807656978,0.01498459529201258,0.026209458300819485,1.7065000670177626e-4
0.032593800168057525,0.06148155770043178,0.05920258323521855,0.01662883531302303,0.05525070519456887,0.01221909499694292,0.044485279960424444,0.005165655470207,0.007453093546501824,0.0021002207396865124,0.0024467145589934605,0.002879688533713292,0.0023208448998372822,0.0443075603311783,0.005011785094331434,0.1372072882330761,0.0011310891105386577,0.004300705384294666,5.422607353927563e-4,0.0022447351885387054,0.002221973592910028,0.001755257810466315,7.909603282509785e-4,5.387365937810729e-4,0.013712552373674117,0.012714635734980365,0.28277470140331334,2.1579748200395646e-4,0.01122707011899465,0.010019856894075379,0.0033406533230336127,0.008304816201949054,0.004604718438376274,0.0023357721190308297,0.0024069962598930556,0.006816186558277905,0.017455916095491374,1.0247928601010729e-4,0.011789750823944397,0.0010297469998977041,0.013281243980362891,0.0011289787214481017,0.00807688472814642,0.0048271915941834566,0.001004381259522413,2.5694952071491614e-4,0.008935335423289866,0.012318275520037641,0.004180686302071272,0,0.004399063131328062,3.451070725646388e-4,0.00756373442193432,0.013798415447041008,0.026751676044043347,0
0.02685619820531209,0.060930303265468555,0.05730896051730521,0.02009513434313483,0.06843963230669842,0.015028364274319823,0.04478350233039391,0.004726241966940191,0.006949008711490584,0.003315791147773715,0.0027224296441567177,0.002318300372285124,0.001977101935975237,0.042531594173218314,0.004642879588557257,0.133627111801791,0.0011219199817771443,0.004624109328804907,8.645786705161562e-4,0.002085299824560103,0.0036603054334434504,0.00172153088750466,0.0014965979736694512,7.930060844730774e-4,0.012240038113263074,0.017502137457021824,0.2756109413454976,2.72745233872891e-4,0.010280930425299388,0.014531201807235496,0.0020244431300159267,0.0070498606839716925,0.0028031375519109985,0.0013705287541087247,0.0020455604558614086,0.005517573782573771,0.019582979132192778,3.5107030869168656e-4,0.011704668822305723,0.002978496502783094,0.013094743624014998,0.0013391558039703836,0.006432416844848681,0.0046483752562403655,0.003192639920428175,1.894339589751951e-4,0.005538727602912546,0.008991764912576023,0.0043435445900127006,1.1016430228007782e-4,0.006278228730152722,2.1230860382033068e-4,0.008613901376815253,0.012299104562602569,0.02563826009222056,5.910135419534768e-4
0.03422991686457276,0.06705766837087729,0.06207579408272046,0.017774789342409225,0.06681900818854641,0.016418347625797823,0.04996079123424767,0.004478277185473851,0.010000314928199099,0.0017021176291309834,0.0033121955684647293,0.001780845445027392,6.333158412084679e-4,0.051190656703296054,0.003057136650504903,0.15130732551319953,0.001543444659213796,0.00579240165378695,0.0017153954076946267,0.002390946959997011,0.002637827034638101,0.0018168537100778548,6.732492758745228e-4,0.004348646264872755,0.009718158068077026,0.01450594106032408,0.22746515422626584,3.872589614723289e-4,0.00705124860806564,0.014307228948979992,0.001841054557980787,0.00916161090674539,0.002943751485138282,0.006347104077927723,0.0015842046254173066,0.0066481807098275935,0.01611288211648107,3.3763504876851703e-4,0.013906177161864451,0.0014143468147233625,0.012321289508146295,6.65080134025085e-4,0.0059066318003060505,0.00375870025334247,9.65802017400229e-4,0,0.007844852573634731,0.011813494192760959,0.005541767278761194,0,0.0033669701762756563,5.273078301138716e-4,0.006870365217709423,0.012187120767339561,0.03054627457999499,0.0012351401522978003
0.03210088353407512,0.07160591929482192,0.054621179448443836,0.017458015978868778,0.05772792285157257,0.015951967936430802,0.05101633521172856,0.004139238524488645,0.007374896212185173,0.0012000858930254462,0.004042544049086412,0.0024134142776948675,0.003591167914907165,0.04398359732273826,0.0031096445159767153,0.16330372803538928,0.0011845552898814104,0.004264874931223864,8.35901365359268e-4,0.0010020033312038948,0.0020842969206870984,0.0013718630920749582,0.0015264048095751904,7.040424388941365e-4,0.011228698303276512,0.013922300590513522,0.24676598352596363,5.497342617644982e-4,0.0076164913104043355,0.013461248987743611,0.0020808505433086385,0.008297651847966653,0.003168218777448685,0.001168602426875392,0.0013328057960035244,0.0053965722505608694,0.014693282619334535,4.443273488428394e-4,0.01700114226617252,0.0031011018136665085,0.013742742981099378,0.0010067550183977952,0.006680873093288331,0.003915053698014359,0.001421655157215506,4.629028511140114e-4,0.00495267030690487,0.010256475694145008,0.0039385115307940055,0,0.0038492099168008745,6.1402329766812e-4,0.009158390664220742,0.010971811534269377,0.0313059359271762,8.794924787117756e-4
0.032677160728320775,0.05924997967033717,0.05512655162417701,0.01717202883357647,0.05960927411154355,0.019453009353859477,0.0525819124836576,0.005464150216073316,0.00734950148108857,0.0010053162231430193,0.002528798898632836,0.002212265977189941,0.0019275456962032117,0.042072594801444874,0.004813757312713154,0.12726944569533538,0.001011253658417979,0.003785418210226897,0.001289450855478607,0.0038388309772416918,0.0019593042217401044,8.292770365169881e-4,8.94733503685219e-4,0.0018163121442142359,0.014970042678510105,0.013810858173528793,0.2827683531651632,4.923621891413741e-4,0.009461897033067733,0.009907100921158526,0.003136815571510127,0.007428086182949389,0.0027080498728023388,0.0025532975276031113,0.002566295618151001,0.0074169626600389645,0.017757094295836256,3.049824049855616e-4,0.01749712980149403,0.0019030765844616313,0.010310411811578634,4.7696610328127253e-4,0.004175806368478435,0.005598914254292926,0.0010503055110191392,2.57264422618552e-4,0.008218806674907323,0.009419885072020795,0.004366885253970387,0,0.0063651739082779294,7.552562125276775e-4,0.009059198848758403,0.012809665082365185,0.025500778240755813,0.0010144038399273188
0.03648455708689456,0.06421351206969644,0.056558457756555665,0.0153621952242494,0.05618568151056617,0.013198440168702263,0.046901726146343914,0.005376296565304251,0.006364601008168431,0.0011108206246703365,0.003568564786530107,0.0031689625537306893,0.0015809660139261975,0.049755111163923865,0.004590184088057529,0.14747826408917997,0.001020949738301351,0.004270377483942596,4.942277125017405e-4,0.002475700059990293,0.003314359473923361,0.001224889871003537,0.0018479810634080241,0.002585042042101424,0.012065848322761079,0.015379603420109016,0.25684558969483917,5.251127443623102e-4,0.007188246659605372,0.010638127164143696,0.0023808595315435647,0.008799786556740078,0.0037815067252676368,0.0036644722703618386,0.0023449600557835007,0.007810646559900239,0.017418441140213247,3.6248367146836716e-4,0.015694040525887076,0.0017609832058633835,0.01284251567994623,3.007026032997603e-4,0.008444001849667909,0.003220796693432974,0.0012135021439508373,0,0.006047070336598456,0.010729457469856225,0.004923944219556847,0,0.005404910592820256,2.0119399103738175e-4,0.007257810448238336,0.014849441062417137,0.027207191174615463,0.0015648851840405135
0.034607306254120764,0.062459105228347966,0.05566516376713333,0.015997754187826455,0.06335093042114621,0.018471983324738154,0.04516406461698425,0.005624002810277197,0.007426410407987182,0.0013281532472839495,0.0028796704021918423,0.0020551669420610695,0.0036480164104604126,0.045627582710150265,0.0036611947349707453,0.14411201376493257,0.0013532174132564185,0.003684179016090077,0.0013197071851882133,0.0036897392842203535,0.0015850003510907715,7.630855024351176e-4,0,3.9243839565205707e-4,0.010293843329876647,0.013979056960532076,0.26297198075680717,7.137321780074504e-4,0.009947474473453979,0.012586500751202899,0.0021805533887404934,0.00980533207149921,0.002784626517715475,0.0038753767748236794,0.0025455441856845193,0.005705456947191875,0.01743428914343708,2.8561699354448267e-4,0.012935844236666456,0.001698613458303836,0.014835762686843957,2.8902525440558546e-4,0.007093802463678104,0.0029029153559314994,5.605723198859639e-4,0.001363306139089101,0.00629040047459576,0.011405240114768202,0.0025760942540612427,3.647850854183476e-4,0.005676410120836493,4.5876614570629294e-4,0.008659905171450289,0.012492888322828336,0.029030486085446432,0.0013899114590216685
0.036963747289145456,0.06675516628399308,0.05852386949495484,0.017873253088958437,0.054509654545713306,0.014768187407619563,0.04553625625335371,0.005194322786249506,0.00682472840060392,0.0010695852806061191,0.0030199897212788273,0.001263625053656735,0.002776188107035539,0.04393091300062763,0.004170522670070539,0.1793282142251136,9.534229132967154e-4,0.004364770772674711,0.001092250157713843,0.0022763829126583625,0.0015840879894142956,0.0012504345391795763,0.001108857660991057,0.0018587548019775152,0.011146125502517777,0.011361281577193148,0.23730531128310856,0.0021078603465628835,0.008342637863669781,0.013146946034081989,0.0035002456047621704,0.009107499257740138,0.004193601607814805,0.003962762520500369,0.003176408837411419,0.005057668992999033,0.014671216101196224,8.495319927214235e-4,0.015133149151894955,0.0010899175219805071,0.01161638992772705,9.707192372290439e-4,0.005637240455268128,0.005005592027505129,0.0018701924785894778,3.0663686927198035e-4,0.006411855829997821,0.009486853365619982,0.002471014459137138,0,0.007029886012432379,2.1951321554761305e-4,0.008205572382299374,0.014595092211182097,0.0244521250499828,5.71966925167884e-4
0.0311439723168818,0.06644263606808339,0.05917058243254498,0.015877102459938727,0.05566695038986567,0.015439999687211364,0.05210468807127366,0.004778348600583146,0.0072525539784893955,0.0012075139244559962,0.00238601893885091,0.002345896789136906,0.002588228952486301,0.04356170503103838,0.005882341533016897,0.11517129514716855,0.0010318907650800956,0.0033424037303317893,9.40293662252906e-4,0.002107016097461704,0.0029072073499127747,0.0012970760282523008,4.002750460936878e-4,0.007919646041756686,0.013166584477743284,0.021995285788718615,0.28411591371724915,8.201321519703194e-4,0.010244887961711038,0.010920218050002263,0.0033373408523981385,0.010092877513717537,0.0022551946496996668,0.0041416706781738704,0.003011782152614255,0.00558347704712539,0.016403373759420792,5.273500108510208e-4,0.01232821793853351,0.0013663978621603786,0.01461100165309704,3.231680087336789e-4,0.008527125741411916,0.004580438143512512,9.077865144367089e-4,0,0.004356176348863953,0.010536532034512517,0.004658763684601157,1.5474890556133012e-4,0.0035659626847449545,4.634941874876173e-4,0.007929541564610218,0.014672054771740578,0.02236473782800161,0.001072120274426985
0.0335451858425295,0.06958440361491668,0.05031098348375276,0.01844689797125585,0.06278547248586819,0.017012081896276517,0.044678466593375016,0.004838748539477771,0.008769715672328779,0.0016582699839706911,0.0017004705761397385,0.003127091321509696,0.003643344773887219,0.044193856876882265,0.004673777648053544,0.1349251900199098,3.768543794980963e-4,0.004490733963447538,0.0010602925559069418,0.002026249641147535,0.00257957340259402,0.001089045997805391,4.493352432702977e-4,0.0029941411804456012,0.011088138228138188,0.00866894186774204,0.28153868021530215,0.0018996451587948758,0.009405261059549478,0.008286678052081362,0.0019358229898175068,0.00700327117079544,0.004210751108326526,0.0032744313745199103,0.0024537660172332214,0.00788963400625875,0.016149465561069717,3.3083271067079254e-4,0.011603373606139968,0.0024330049665303817,0.01050107888673522,4.013355168124513e-4,0.0050753296325073485,0.004958599005933065,0.00226736347639221,5.770773645474779e-4,0.008180769454652011,0.009513506605556946,0.003622644153734257,0,0.007066750757596691,9.529188135949033e-5,0.009121535118130056,0.01426545026792909,0.027049233647701836,1.7215247319210205e-4
0.03317065648063237,0.06650364191059004,0.05470211236482068,0.014498890783163064,0.060853763222314616,0.01772372324874385,0.04942587351187573,0.0048537434055805845,0.008421396051309538,0.001209721061673188,0.0016255052898164588,0.0025846434015502637,0.0026432758294960947,0.04883064601370525,0.004809061399720578,0.1412009494513355,7.959939458769957e-4,0.004118142092597898,0.0012270717962812555,0.0013825520816121823,0.0027327521545017198,0.0013564694894534562,0.0013057460296389432,9.852323800261836e-4,0.01263277329433908,0.011586447602198147,0.27722934945422406,0.0010762883191131238,0.009129558672610678,0.008840527882571704,0.0013156963195365902,0.007431472089580384,0.005270818458099491,0.0018685645840350667,0.0023728316650120183,0.0056400031256331465,0.015719253584248694,6.559343302613277e-5,0.011414911187478066,0.0021143641000200782,0.011968825188746741,8.994092392373387e-4,0.007670620212629121,0.0027872810330755913,0.0018485520245579785,0,0.006729495372687226,0.010566249761134001,0.0045935511088462154,0,0.005695546827023355,0,0.008340923693369317,0.013214923522818424,0.02427108694943062,7.435178984011967e-4
0.034365392848001795,0.06719747720686518,0.0607075892310041,0.016887871608090684,0.06614379135301067,0.013931213719482295,0.05011807070327699,0.005499928250153243,0.006531359415013636,0.0011385167217948494,0.0025541535540457776,0.002552628776803699,0.001970006835697168,0.049094832144647264,0.005556526390928873,0.13110207175097296,8.860654565068905e-4,0.003865447909428573,0.0011733196618252612,0.001925847714186465,0.002865602820100617,0.0014317704095579535,0.0010324136923580904,0.0024130352639268934,0.014427531615691038,0.014415791769114025,0.24756959869238968,0.001131930314034622,0.008588408559421229,0.012740964473361706,0.0026179002329551615,0.008210359409107889,0.003891903889130131,0.0036300094366871387,0.0029286434016085636,0.0040212150959374774,0.018698322322092873,1.1731701661954251e-4,0.014777930161531266,0.0014711745983461968,0.015997208700249507,2.3434766282825218e-4,0.006616482907944767,0.004343146367864649,0.001716311467442646,0.0011289664249580734,0.007638571070618347,0.011566189951563157,0.005648854713213361,0,0.007925573194026715,0,0.008613053391469875,0.015750072375967906,0.021841070047591536,7.962172985527281e-4
0.03144348199908761,0.07027510205104306,0.05685409751118354,0.016991115580775994,0.05728282356327277,0.014669857980934085,0.0432468045634409,0.004345153353979848,0.007143082303261023,0.0012310861448740207,0.004954497510795721,0.002552460337642564,0.0031866507483516945,0.04365197308743194,0.0036714914810249653,0.137024922469794,5.348804917584032e-4,0.005648028030248593,0.001739628274964002,0.0023946397606109714,0.002706056306192442,0.0014500787365245306,0.0011034602822251527,4.2862026748631906e-4,0.013673938094536773,0.015678610016783258,0.26917156112746754,7.469069400405222e-4,0.007338039006975634,0.01444689622224494,0.0024288431665703838,0.009297942049604617,0.004970020490798299,0.0024951829580762354,0.001854740443010472,0.005003094624241883,0.017765006939291245,4.1404277089761857e-4,0.01028992935739281,0.0012135512529572428,0.012154900331833177,0.001135683395900808,0.009618330213615339,0.006250394186334659,0.0018608102827830499,1.8738631485481304e-4,0.008206702528691257,0.009743790583287854,0.0017305738808593412,0,0.006264185314006962,4.875486717026016e-4,0.010407878709708046,0.012137065956845201,0.028409961507300265,8.648982448297224e-5
0.030158412983302955,0.06038415476364273,0.054513281750777916,0.015932240403585055,0.05685749460639692,0.01456462822186533,0.04875077682022175,0.004329968806175741,0.006587644758443801,8.868968222738641e-4,0.002737330837735563,0.003946982386477081,0.0022801234864954973,0.047313147748684795,0.0035448317267894893,0.1411043281712833,0.0017651346100917978,0.005692400753431947,0.001157001826946326,0.003953726221628476,0.002629407208143091,0.0016836228503642808,5.373984451060317e-4,3.384603182531586e-4,0.013660615850592113,0.012141936951772386,0.27455715789468055,0.0012959801427157166,0.011346879625412953,0.012176705801930197,0.002519195181474384,0.007978450869934362,0.004282304147097706,0.0030368403086051847,0.003453062706468581,0.007187579771562984,0.019432536231374177,9.888391002887754e-5,0.01154432173243935,0.0014793185581771452,0.011267074978284925,0.0011280522790353149,0.005583915991151715,0.004935694619563931,0.0025408473323840896,7.106517251993228e-4,0.0072983491455005265,0.010529119583056173,0.005183965105203165,0,0.004916361371753566,8.430037764757062e-4,0.011070312465291483,0.011834519963439372,0.024176435698261556,1.4052975301557537e-4
0.03257436289227626,0.07465496062168618,0.05482725648518167,0.012517333590848128,0.057276334473624985,0.012770894780587082,0.05057144591532609,0.004110917484232044,0.006314676519652472,6.797470528794698e-4,0.0016130598557705053,0.001804607494375807,0.0020642995146122074,0.04552029096825091,0.003802572143528729,0.13939241548470463,0.0011871723484655275,0.0047491896557674725,0.0018379718168754044,9.023270615816242e-4,0.0014874741663317723,6.324943631414382e-4,0.0010024652327826674,7.741303310563889e-4,0.011532674968534173,0.01587039806707259,0.2685872733974087,3.030239585942182e-4,0.011774047461640003,0.008432260539581102,0.002619258013705245,0.009229415345027045,0.0034824270974459595,0.004369627677775421,0.0021582641597634906,0.006649701507249404,0.01775332550736875,4.3602171562199713e-4,0.015312302784464478,0.0015618168704949508,0.012827985745451421,8.991276883249706e-4,0.0073055918359879206,0.0038647744899484543,0.0026851514447758422,9.153923566172855e-5,0.007056681668284329,0.011805735883955273,0.005628640508822791,0,0.007255629945295447,2.7956372165503687e-4,0.007692464843028993,0.011831672890454283,0.026751392750542183,8.838080225243493e-4
0.028603637215941845,0.06708620928617136,0.056924094583229994,0.01660693677776768,0.0632162450086337,0.01701775508459326,0.04871281595786993,0.005028682795798832,0.005910879674372174,7.665630473637088e-4,0.0022156865908245244,0.003114841839902888,0.002543713046226311,0.04288045825949082,0.003984329069972342,0.1553212451813492,7.919930880870423e-4,0.004278819100761442,7.741474425443387e-4,0.0020170834977170987,0.0030962250405175964,0.001283779152702259,7.160496038278046e-4,8.508324658447312e-4,0.01267411430485074,0.011300346458641013,0.25227562678192494,0.0010814944721745335,0.008131229594417899,0.014924735005315,0.00299281126725056,0.009368085318921174,0.004819355581889635,0.002395818954544706,0.002584753594321006,0.007481639390357206,0.020500819126814895,7.837675213219951e-4,0.013089338759727178,0.002334063186848867,0.010160121381870446,4.61895600594037e-4,0.006515667359885411,0.005807326288469809,0.001710544139429004,0,0.00672538379689916,0.010920106658967662,0.004796947642585508,9.906596414832539e-5,0.005742706791742128,6.135887368971157e-4,0.008524063478069246,0.011755500572556872,0.024461232797289848,0.0012248266597631552
0.03523517339981711,0.07226674645686687,0.056391453137825835,0.01900650185053477,0.05878294283708241,0.01633491098935717,0.04763296038186631,0.004897058011493823,0.007449434471582402,7.114712512939551e-4,0.003222879271980233,0.0026131236200397146,0.002541246239991681,0.0435488376445634,0.004878610143030252,0.1469355609953648,0.0018479884466930632,0.00513948126450161,5.826417725687714e-4,0.001128534092284135,0.002613078839200816,9.307820225309056e-4,9.311426805180345e-4,0.001710486354756533,0.012115463771937502,0.013153246623627176,0.2573970359311673,8.214135500437065e-4,0.00872436103019639,0.01131573126692584,0.0012659591382132272,0.008324511771444809,0.003184638043078185,0.0036545139701819893,0.002250958700270545,0.006226732475518513,0.01813832125915339,5.921496632482394e-4,0.012138237239793343,0.0019901608356587184,0.010013030483800346,5.050018449018125e-4,0.007773354717769608,0.004212875686722644,5.984114023982194e-4,8.222629506994804e-4,0.007801902387744755,0.010179229400352355,0.005495632691720027,2.2529544329907893e-4,0.005715680681870177,6.695230301010881e-4,0.006195022130090492,0.0135552720015039,0.027298355300638875,3.1266840018363465e-4
0.0351512196622795,0.06730344396103193,0.051292496762552306,0.017067429238138407,0.05538817824641878,0.01593872061548292,0.0556759049257975,0.004215361040448989,0.005499483918688038,9.507124780262164e-4,0.0018065564384257826,0.0025851693386600956,0.0025518961693726467,0.04531342390002251,0.005147529497079871,0.13174011497049562,0.0013678040328026794,0.004210430291568435,0.0010723661886761697,0.0030521480313284674,0.004589043143299824,0.0016187258222023252,5.920847417121266e-4,8.754288850020721e-4,0.013734051210870487,0.0125038662293161,0.2854429877236291,7.078955986179679e-4,0.009270950457746438,0.012700488265402843,0.0030462495421277633,0.009379932627756606,0.0040083197950728615,0.003297763645595759,0.002040437155319449,0.006700523610441623,0.017065808120443893,5.108326628457532e-4,0.011919448777235593,8.61328689161917e-4,0.00921417696205873,7.619309704318621e-4,0.004421403561531174,0.0032845432136830123,0.0020349351252870605,0,0.007221138501830862,0.010085854298467525,0.0023038927536797563,1.5572338857026632e-4,0.0060594045816782715,4.3704188389836866e-5,0.009006378079367225,0.014895740351265334,0.021951715727627063,3.629018850346834e-4
0.029972597125285355,0.06519651804250652,0.05252083077604098,0.01813376652037652,0.05853725963138156,0.01907528972405515,0.047766862431850965,0.004584435381226116,0.005863941676129483,9.12530618629651e-4,0.0032706737249230027,0.0018199541212017903,0.002363537142134645,0.046071795769943476,0.006080398224143021,0.13247882792081606,4.2370308315528647e-4,0.004010352590948988,0.0014093288866663053,0.0010885170049297552,0.002239166194544954,0.0012429519852302086,8.375600217070203e-4,1.5138605792945398e-4,0.012988077673914963,0.014149073925762095,0.28157684310895653,0.001000309954169602,0.009488635036391734,0.008720752208042122,0.002591018365476515,0.008640576667475877,0.0035015912544143265,0.0020480252269378433,0.0037041944289848616,0.006210201070888581,0.018339367796335822,4.3578815566692433e-4,0.012417406284140366,0.0022234015931697905,0.011503583544842209,6.044884903198585e-4,0.007017266988725063,0.0026700495925355964,0.0015983665611722091,4.235688506933922e-4,0.006254158415827497,0.010595586483171503,0.004875348594772449,0,0.004879687113590983,9.983484661932047e-4,0.008951663903778311,0.014115198655946884,0.03003705383701672,0.0013881830949299045
0.03153205231168564,0.06804332254062373,0.05200980874611294,0.017457060602800483,0.0525359482144312,0.017010085012462636,0.052930389823269544,0.006333360580351536,0.0068529803526559355,7.511263883406432e-4,0.004007235250549024,9.246610651006342e-4,0.0045464775968851855,0.04428531973544117,0.00450445482418703,0.13052865105598035,0.001373167185595602,0.0051311592527532824,3.350143320316529e-4,0.001632024106512075,0.002090956562693844,6.964802594653823e-4,5.146283551714157e-4,0.0012327526096115294,0.013138589562768964,0.011977947695217052,0.2905584871255399,8.771576729408307e-4,0.010574457957274958,0.01139686898185606,0.003161616719639039,0.008074872242828636,0.0028886893221733234,0.0034843957029549078,0.0018690925005187028,0.007761210027806177,0.020387211904758614,8.735047521010225e-4,0.01129559847163198,0.00230060778891568,0.011460040693882038,8.690409215567285e-4,0.005892397698616523,0.004116914727814181,0.0021280409358146518,5.062597985389882e-4,0.0063066280256737235,0.009662795536101951,0.00431566820110291,1.3612794902143966e-4,0.005606370800047275,0.0012218783825152129,0.00823482992279292,0.010255138735296829,0.020630646907994245,7.777955695920774e-4
0.03381947033049308,0.07044032669990133,0.056380907680913334,0.014449788658850224,0.057714714838298146,0.013108340620589342,0.042705783256421756,0.005137566672245963,0.00596820907562626,0.002761185374447448,0.005912780030162441,0.004652370736615774,0.0028565137196044253,0.039770740813812905,0.0033511625537574184,0.1139827201930866,8.692388860351522e-4,0.004377143612749711,0.0011701928877943357,0.0014405354472482182,0.0029306278315614836,0.0013447533656649698,6.229676127139988e-4,0.0017425717607285939,0.010045545640856888,0.015056053500572405,0.2966846093422193,5.225420810617438e-4,0.0101444473433744,0.014229677052969514,0.00196080287744428,0.009309361498833773,0.0031492898233248037,0.0018547431984428226,0.0026961345040176863,0.006379331441645744,0.017270084549045633,2.5551898252435814e-4,0.013668108796690382,0.0029713717634703377,0.013030737164022803,6.619563425698232e-4,0.007932407374577635,0.004226001295073816,0.0017312405127757119,0.0011564997103134834,0.00814692503760261,0.008633005246853818,0.0029015596449318867,1.476181179103135e-4,0.0054341285301747165,1.1602919681899194e-4,0.008175978583940468,0.014039737962186015,0.028280288472447502,0.0016776517519834504
0.03435830612925515,0.06788007604539462,0.062438863792463835,0.015674017153892043,0.053708137606095364,0.016489942769678745,0.045762259180914935,0.0048324498907667025,0.007590179113251117,0.001178559917850087,0.004633344532691741,0.0034879104951450247,0.001992362215378275,0.0493688334705088,0.004811098196337037,0.12412645802804076,8.840972796481892e-4,0.003735615718151653,0.0011573078552590014,0.0019121472118234476,0.0027851147848368778,0.0022803475898551992,9.532667973176508e-4,0.0010413920115543865,0.011309316453205404,0.01537798412001526,0.2823684007421801,0.0012441045881138432,0.008000503969116658,0.012906616818966791,0.002606542456837584,0.009165766107360593,0.0037271445097028515,0.003190014027428855,0.0024937021206067754,0.007544505421770361,0.019780763290515528,7.165991556155873e-4,0.011144631848130433,0.0017452374956868457,0.012245936715164342,8.694516268468123e-4,0.004806170742256375,0.002055447139325844,0.0015858378137206851,0,0.008772367745496078,0.01031145946065156,0.002247946315081048,2.231283032247185e-4,0.0042317795446429425,3.021793288229106e-4,0.009022218920021354,0.012506490805828632,0.023408630587291677,0.0010070340402608994
0.034054348357634434,0.06226188120620145,0.06251231354411314,0.015737928296157735,0.06194712801296998,0.017156547873627068,0.04686490428548875,0.005823657495098131,0.007433942439978659,0.0011652979529026507,0.0026575451542536453,0.0018895495262688906,0.0032427061007044384,0.043498141291250896,0.004687306608927933,0.14137034563948897,9.887112791080838e-4,0.0035544184495978656,4.416920490708709e-4,0.002431514166723683,0.002103838793584229,9.479307687751354e-4,0.0010327342223998605,0.002186056752013809,0.012803087345525516,0.012706042651084725,0.2633537984559294,7.839720614235567e-4,0.00823316142968114,0.0131845655834637,0.0025883368171908264,0.00827330787675573,0.0021433853201350012,0.0044916964598304574,0.002751736733055252,0.006059669654708965,0.015384138351065536,2.5662253963517327e-4,0.01403754529478762,0.002573718092691066,0.013909252448524811,5.120504779493034e-4,0.008456118218914569,0.004388910377236123,0.001384784916311538,0,0.006792651739394651,0.009950389081551667,0.004017690735182273,0,0.005573597459479959,0,0.005898582655574788,0.014581090417073186,0.026563153847891985,0.00235650269161118
0.03525072456613484,0.06381276545619151,0.05200950232434003,0.018700497307186984,0.059889243526536746,0.015206857143541115,0.04636853400485955,0.005009363379545409,0.008744997714128485,0.0013248257672711496,0.0022887737455811632,0.0010706317214166992,0.0031088183377342466,0.04708961245902266,0.004962082772049615,0.12974149335682472,7.236583205631376e-4,0.003442811554301812,6.13394460854081e-4,0.0018930222737413805,0.0018981104268254068,0.0011713980949186644,8.3890782622735e-4,7.39991104249863e-4,0.00963559141009037,0.011711203249116503,0.2860689226518043,3.850062030474459e-4,0.011123732123095082,0.011898412363467588,0.002544882350949029,0.010195983013591169,0.0023617310036276188,0.002253781554736652,0.002522626826351878,0.005623148701834617,0.022823525135773,6.762814536151078e-5,0.01260284813787484,0.0011105529616162561,0.009058097569225624,3.8124515825291484e-4,0.0047229287214088445,0.006072307914397701,0.002982110253880106,8.514035470088069e-5,0.007091005555216244,0.00945372872381762,0.0045462668160197416,2.3467822640708591e-4,0.007043871499556099,6.683279350978336e-4,0.007509914931011576,0.015224291384137677,0.02496276037357228,0.0011337311069133042
0.03573664832170848,0.07015576553439022,0.05751713555527116,0.016006826503353156,0.0573687556641871,0.015897636171078238,0.04704447174928043,0.005421795363398577,0.005887353145279799,0.0016398480794403139,0.003288973551177977,0.002378908759553921,0.001692412518870078,0.047785218087648365,0.005802705322103603,0.14186336388570955,0.0015349821641807372,0.00560591549717237,2.051205169092635e-4,0.002977588613927021,0.0031428939644036467,0.001992380548185221,3.814163289849857e-4,0.002712435779286518,0.010189821708751906,0.012601734794824685,0.26307659082662943,0.0023368432501850297,0.009161580664785191,0.010226353807138983,0.0016064355093447754,0.008237103734559086,0.0035762664156787855,0.002551046830317589,0.0027973940044224146,0.006028541107343142,0.018801411153374695,2.8822418441442813e-4,0.012434223560619753,0.002226917167195936,0.009340061107405808,0.0010616684385496753,0.004390508685508394,0.0032229943190460694,0.0014816970265932557,2.55970490114428e-4,0.007683182428746753,0.01058619566045879,0.00387696061680854,0,0.005351378135870776,2.9995015440434825e-4,0.00897697063871938,0.01542169258137862,0.02759747195808865,2.722574132199495e-4
0.031741924649802064,0.07263900403392394,0.05571722290500704,0.015463838368612768,0.06527293938318654,0.015658285764937625,0.0476484017041767,0.004247100589189824,0.006702869826200385,0.001646864984148847,0.002657185067304162,0.002593878070077135,0.0013037820215289293,0.05238879355989186,0.009032377798865603,0.12630045498808076,5.163717001330405e-4,0.004890415849186232,6.91432593103511e-4,0.0026404012913826516,0.0036246460922090217,0.0016905166779830612,6.745615858622858e-4,0.008012547319679554,0.00947692248057023,0.02480296244546971,0.24275924576284752,5.21851494421856e-4,0.00926656641919002,0.011470585284156506,9.314992838769287e-4,0.007808340758595644,0.0033274546372322857,0.0024436282487636184,0.0017301990390266632,0.007291133226869339,0.02317399213565265,2.4469266445723833e-4,0.013423162192110519,0.0023033663296273695,0.013686898673445174,2.694653800720725e-4,0.00514240973034089,0.00581378493906155,0.0025370806891013035,7.954556341197529e-4,0.00641131959101431,0.0125819796651921,0.004272747828160323,0,0.006151157859233173,7.209661300484215e-4,0.008090130038514498,0.014107546337911614,0.024103810188315037,5.838280881281278e-4
0.030432314243231548,0.06010772799913966,0.05539781394333,0.016316885164566138,0.055841397206951665,0.01775001334870647,0.04760839903142371,0.005277499806884166,0.008110738891152252,0.001149031227518646,0.0030985382908902365,0.0028261241948293776,0.003170303228111097,0.045143946694348125,0.004566332844465124,0.13289624740773218,0.0014161803639369422,0.003957437098278712,0.0012693788877500883,0.003181641478453691,0.0023696454614797586,0.0019269912156695507,9.90681987883634e-4,4.5337926784221223e-4,0.013597346061938763,0.01184289660049473,0.2802091075958191,9.920320583629056e-4,0.008007828215252989,0.0138870681245892,0.0030180841325443647,0.008237357309030078,0.003166833934257759,0.003386121541085271,0.001622719644308378,0.008602358184801895,0.017171487883771742,0,0.014522655007325613,0.002430317349617519,0.011307399565945057,7.351229453421324e-4,0.006212251139799155,0.005222319391214543,0.001681760009648807,0,0.007728767116086964,0.009895504144679192,0.004765212456291013,0,0.005980104764625961,3.0687753837409264e-4,0.010178190349701832,0.011664399090057204,0.02753794146386223,8.312870965965646e-4
0.0378787499410938,0.06772154244541766,0.05263677959813694,0.01459254098776104,0.06034445726341489,0.01593548277857726,0.0525077080843295,0.0036382220907054726,0.007788167016429155,4.12387881125159e-4,0.003725836187270813,0.002973094594973605,0.0030226988616764427,0.04301840103442777,0.003646873950856487,0.13596191994109547,9.376738444140892e-4,0.0031110403794886075,0.0013235701445950439,0.0015251292639620793,0.0024164600427414515,0.0025684828044639113,2.799641826554778e-4,8.561638436112788e-4,0.013719241686160134,0.011719350126997137,0.27407501984548427,7.223807613035711e-4,0.008716798663452893,0.014228564545695897,0.0016617345438047582,0.008938533485716115,0.004590633543280956,0.0027605719105611957,0.002039591172247898,0.0062443795429255365,0.019192233845542587,5.044906321898e-4,0.014068900616462196,0.0010168843348651276,0.012932401467751419,3.873027281029998e-4,0.006028410837405057,0.004239915813427995,1.967955842150975e-4,0.0011207026291219478,0.0046347321418203505,0.009653105040949121,0.004328163578701734,1.76370802192734e-4,0.005543948734526363,5.77004360920903e-4,0.006985768351703409,0.014215682633662012,0.025129317627855755,8.277212477296143e-4
0.032031850927993634,0.06978601603825936,0.05703858633858382,0.015571010551354698,0.06239713084945474,0.015854918116511713,0.050042167694474414,0.005404251921013911,0.007325347961017033,0.001293097401764668,0.003165986910263165,0.002072205431692592,0.001566614700301985,0.046770623359768074,0.003210462249863147,0.14339398193710873,0.0014093350579416411,0.0028324638170986625,5.508487405974514e-4,0.001603278865627655,0.0031789383854217536,0.0015096474656272896,0.0012120106484443363,0.003005692665502428,0.01183073862199027,0.015568010570934456,0.25513515066434683,0.0016922362934338427,0.009467401917038177,0.011776379048760643,0.0021344073352619333,0.008057596481242702,0.0031738429627688686,0.0036850881263612726,0.0020389750696906146,0.005037284759983662,0.019224968706924535,1.1877719887796488e-4,0.012603445036530596,0.002040833185937704,0.012902785314401333,1.3625173052403985e-4,0.005293132970181296,0.004425998257722285,0.001121271026211082,4.790860865901487e-4,0.005739499283068721,0.011656536399615421,0.0031975532909237717,0,0.006778172767979393,4.6629390665764637e-4,0.010374774519248934,0.011093476787154112,0.029228852425484415,0.001294711218466438
0.030886196311622073,0.06628786323870164,0.05289425078652914,0.014848344020996013,0.059177465218963596,0.011806172170836467,0.04524245103046025,0.004738523432443923,0.005893313594245658,9.108878838476999e-4,0.0037086120921818204,0.002133130454096623,0.002810955684118511,0.042134118949876044,0.0045155019260754966,0.1465112631059327,0.0011879191439428734,0.0058153407622384004,0.0011385671242028265,0.001936533543789926,0.0021835673867503956,5.685952876235754e-4,6.345350577504211e-4,6.309151589268098e-4,0.012298633622053967,0.01079363867085932,0.28504926123537194,7.095257211285607e-4,0.00872946828737844,0.011102732618817255,0.0035307049370543117,0.00793044815367198,0.0025995763601118476,0.0028903032759032723,0.0024249523469289883,0.005988566309032984,0.016945444228722822,7.225210813061346e-4,0.012462863181002393,0.0013710672492291643,0.012897360626998743,4.205513612679099e-4,0.006815861719972289,0.0048559794010446635,0.0028616596516143756,5.999046755643283e-4,0.009524453824308233,0.009410605733490264,0.003391288819224205,1.3524074907402575e-4,0.005696770582931376,1.564980168631383e-4,0.007932194391567336,0.012989603496807112,0.026031513617457182,0.0021357826870885576
0.02732226345217816,0.07141537568192008,0.060636638760352524,0.021603977411737044,0.059168579963721595,0.015266420808537205,0.04108598152616076,0.00486083998682628,0.005531255432937741,0.0012941812935543106,0.0022979817995208538,0.0028406351786119887,0.0025809286168721676,0.04633435094993285,0.005527137204215254,0.14070119716201276,6.429937235249226e-4,0.005025707027893988,0.0013811310086502572,0.0024558651673998186,0.0014405061329977606,0.001393405898202336,0.0011294325910932677,0.006219469819281455,0.011681880891837517,0.021110894910806272,0.25390682980324447,9.685400092087179e-4,0.009016178430468168,0.014031965812253902,0.0032663763437947315,0.010185218286356625,0.0028125718618509194,0.0021893673033485652,0.0019937783393058693,0.00684016044532016,0.018302394032656266,0,0.015542733204175034,9.430128911056761e-4,0.010519687721180516,3.7491286868508635e-4,0.005237234066056108,0.00559635997687498,8.513072525223869e-4,1.9528625117421378e-4,0.008429548978402836,0.01124908575106551,0.004330299643529111,1.7364130622534991e-4,0.0062711120186507395,1.9147484665432254e-4,0.006592405743774396,0.009913372692758337,0.027247443613804923,0.001878668104772892
0.03257383936972665,0.06644065020055341,0.05977231507374275,0.012910231345663565,0.0638399768667387,0.015472514854903658,0.05257386591442147,0.004960165555103819,0.006242689867686824,0.0019732152888614356,0.004123647933089321,0.0020437031467709144,0.002418882328462581,0.04697914783501017,0.005459169095681673,0.1301116937606027,5.916787646068533e-4,0.005151256850250899,4.103645530569729e-4,0.0021927276639901183,0.0018948917305911144,8.729366574431473e-4,9.694389998738607e-4,3.199285283113131e-4,0.01070462700052154,0.017689799758396355,0.2605293346270406,7.953798561470527e-4,0.008129835838758754,0.013089285934805572,0.004623413485019105,0.008123508342360773,0.003242190849782265,0.002766124257665077,0.0030657090658720797,0.0060046322785617025,0.018059106797448682,2.6284541502545324e-4,0.012728788578595348,0.0019275034210442937,0.012426403853232239,0.0011184070215895109,0.007543642109600892,0.003259814735106755,0.002951624305816484,0.0010394395275696879,0.0062893944744924065,0.009419938232206397,0.005038115339122631,0,0.0050993722837155125,5.4628877992120684e-5,0.008504348599490504,0.013820860221203442,0.030416380040748807,9.766126859240645e-4
0.0303171869021495,0.06775022927798036,0.05884669343802612,0.016178839972512706,0.05989755312165531,0.02203288822512046,0.04833339326094549,0.007451246921029218,0.007356835914415088,0.001122094460418498,0.0031380865441985855,0.0024236770101062994,0.0036821632851430984,0.051558872292012246,0.003722748971443483,0.12448436223833237,0.0013025173611951422,0.004288425940113755,0.0012523082972522024,0.0020176331848009866,0.0027353418151189377,0.0013874776487258441,3.782476556461106e-4,0.0026339240020596664,0.012189652827293293,0.01669271689563128,0.2630053098529145,8.540763988812144e-4,0.010194080293042404,0.011127368170253909,0.0016962701045973132,0.009957281500699577,0.0031262579124218463,0.0033828846199748302,0.0018251347719073511,0.005207914647942202,0.01660395170000992,3.4786611271570326e-4,0.01619547826580866,0.0019304069367020694,0.012267546277712179,5.552508920382214e-4,0.008402893144710181,0.0035197106151185287,0.0022035122311995113,6.606255482150699e-4,0.006796405378230953,0.009829164119455948,0.003215791230269723,0,0.005902099816642906,0.0012750828960125453,0.007059083357189526,0.01396775171349961,0.02425677371578537,0.0014589103127221883
0.03419617690663505,0.06397422949172346,0.05694004381379323,0.015987884422444264,0.0575828257893592,0.01746416123668568,0.048981353292083425,0.007578009137635297,0.006784827958115207,7.085149189541565e-4,0.0032482047775439903,6.454380142983596e-4,0.003405273375724509,0.04548290267935028,0.007108625652165233,0.14660810991057055,9.682657374914045e-4,0.0029283472231907254,9.719342809176028e-4,0.0010587736439436387,0.0018678501834992539,0.001963610021912635,1.7378917280218802e-4,7.389495406807936e-4,0.01166230575473549,0.017648644664943428,0.25161841096472687,2.1079993830241562e-4,0.010882416842284165,0.012975733799596123,0.0031986236156294804,0.009014539853606496,0.005476586826043283,0.0021993553632306986,0.0014349206330230336,0.004990128220391786,0.016306124361815763,3.127499453041061e-4,0.017788469336777614,0.0012629415989659804,0.011398567610526253,2.722048699545107e-4,0.008677251844309985,0.00533648391202653,0.0014625862355132115,3.305418547864674e-4,0.00770925083564674,0.010664173953289391,0.004116087115640843,0,0.007361525643078376,4.3700044849165955e-4,0.00682523598922102,0.015160746620131027,0.024945990735799346,9.514994306877578e-4
0.028932858668794817,0.06737451486299322,0.0541757129911965,0.016821350533976032,0.05708880760764211,0.018290189190748967,0.048901422772111305,0.0057928300232166574,0.006863209877968987,0.00103478251959566,0.0038018034965440345,0.001924350641834932,0.002650205680103573,0.048139697637692096,0.004432425564135249,0.14094283236335395,0.0010080408022025266,0.004852558512855827,7.833474070192719e-4,0.00137436894427274,0.00223432573242482,3.726188050171583e-4,1.8076293878946893e-4,0.003553782284872714,0.010827838184850882,0.01401866290637089,0.27576694607937036,6.371775022455207e-4,0.010635783838302191,0.009791371613673258,0.0014035524576921092,0.008371402184873143,0.0032071273670629123,0.00219619140495444,0.00373580996429174,0.004880009251297869,0.01607733776033552,1.6858061305615634e-4,0.01478192738501309,0.0026012833402540548,0.010367897434443234,3.5908942649792063e-4,0.007317398792170319,0.005331835587187365,0.0019886524707942114,7.146103987800806e-4,0.008434114708437282,0.010681731012855225,0.0036399853363098924,1.6046566404348124e-4,0.005509172992783092,3.9026370696093783e-4,0.009953061270171825,0.011375968055813823,0.02208018969794812,0.0010677617317964574
0.030899319368146973,0.06040925160718131,0.05517013073444621,0.01744544421162862,0.061311384585098834,0.016237674678136242,0.046818701538729274,0.004204523825676482,0.006584929742938519,0.0012644882075196972,0.004894703842438435,0.002052289235993398,0.003710136061742299,0.045711057090021386,0.00439026352467661,0.11979321254429318,6.260767145755603e-4,0.004674734153728337,0.0016203423742321237,0.0024990311425569702,0.0028751657560942383,0.0016857186590599213,0.0013270142454743557,0.008993107042298188,0.014433983501441471,0.014263922750353372,0.27388033600476597,6.840142604729493e-4,0.009422562556308595,0.01227146617600231,0.002730612631171577,0.009662104916197638,0.003641710316816606,0.006544179433435788,0.0018267497977732812,0.007252401479120671,0.01591371365906091,6.511707677800504e-4,0.014189640204187922,0.0014768158336830512,0.013893956877362007,4.964226329928232e-4,0.006272059799092018,0.0059104624581289705,7.913410328378704e-4,0,0.008447210103362817,0.008814782264480004,0.004479791231675644,0,0.006661315458230904,5.32600103710326e-4,0.0069800809423501255,0.014485814525733984,0.027498994443235444,6.910829515477619e-4
0.03114633386682127,0.06232886222684639,0.05668681242402488,0.014288364551565031,0.05546096437163843,0.019070271853450813,0.0439149029640547,0.005696305843404308,0.00799696395845269,0.003049337926256593,0.004735761763250926,0.0020716292981875226,0.00240543443069116,0.047442803208741,0.0048053196657103356,0.13817666410444768,6.717726136501613e-4,0.004538398834998901,0.0010151682972161312,0.0023488141073920855,0.0032945739644019436,0.0016561198285529623,9.531192066364882e-4,0.0011756699701947625,0.011930243792311014,0.015291580500391498,0.2684956382164759,0.0012812400286875284,0.00883537692982139,0.012105846010662029,0.002804018740553943,0.008288350054121879,0.003502370329483986,0.004220116763987623,0.0027889676770159314,0.005916232940018646,0.021008855344346874,0,0.013496072264941775,0.002343472554668902,0.014176841986558485,0,0.006612974222859347,0.003204559051513321,7.654663540604144e-4,3.7963570457632954e-4,0.007682461938076277,0.009975088631733926,0.003140428108778887,2.1243116356817508e-4,0.0038849656804001904,2.7645012258498174e-4,0.008521728979462897,0.014854239713215556,0.02750425033529482,0.001569726579240327
0.03669679158240974,0.06618992525896261,0.062268620088590056,0.013957281890128487,0.057540574484071294,0.01568061433530079,0.042234193925221264,0.006673208520711256,0.007125184482874426,8.238650128491991e-4,0.0029008972059212474,0.002942488680866722,0.0012174739413615106,0.04466103314925966,0.004540581490743073,0.140640236898575,0.0014308882302930196,0.0036946431500282477,5.825167312080294e-4,0.0031835964504947634,0.0021636577340093856,5.475319625667566e-4,6.153680141763065e-4,7.672141437238194e-4,0.010458918076180377,0.008452478373982351,0.27997448941620406,0.0014675688637748206,0.009759986240676151,0.010719876470324928,0.002072422426217488,0.009878450267316876,0.0030517523519537214,0.003724780892237542,0.0026321356577429303,0.007554325206068595,0.018962522047857578,4.2223961538170776e-4,0.013378917173487034,0.001975315686897825,0.009014061419582345,6.043284623048885e-4,0.004804348643505849,0.005978771327052742,0.002033780798308292,4.3292027779543845e-4,0.0065029518105962055,0.01068186828230855,0.004531581888979741,1.517448273904329e-4,0.005324705608489476,3.1522954578307405e-4,0.007183274330495698,0.012016487555859696,0.025125623037884938,0.0017337560530119643
0.034803569296491144,0.06680756022221765,0.06234276656529873,0.01470997735633044,0.06371822046123908,0.016919671031248137,0.04307490474818828,0.004888486830575875,0.006380954759193169,5.296887790133256e-4,0.0029906702557633757,0.0035302095095842605,0.001245353359138616,0.05043542246567774,0.004878843896075528,0.14065512389527526,8.808455806739378e-4,0.005333695295709065,2.7386131957995985e-4,0.0029308525645017473,0.0020897800060649613,0.002004862185360972,9.292350769429439e-4,0.006575519407036594,0.008044165220520452,0.01969065123130512,0.25084053261668565,4.6100898800459735e-4,0.006688675907988862,0.015233146707633535,0.002813696033117505,0.007935306051070797,0.0030423668629261293,0.0023758124936855943,0.001458854452151028,0.003926248314803709,0.018035243077533705,9.42880950012149e-4,0.014382022733315675,0.0011996273807007326,0.01468874258821206,4.34067029215004e-4,0.0063348348400589765,0.0058239727240472815,0.0011442217804972018,4.3508417805289813e-4,0.007752046002402441,0.008272018192756272,0.0048444343730630855,0,0.005578272739459638,0,0.0075117041481714145,0.012984067016387045,0.027261936393136406,9.342841059042591e-4
0.03178353306556778,0.06771046371075722,0.059402612170831315,0.017592174841093707,0.054328997800823106,0.019899406998609644,0.05137474894236131,0.005479200646260961,0.008443248111513466,9.83562499226073e-4,0.003262392787718384,0.0019024604561532065,0.0019259979129629295,0.0462006264982791,0.0037061332418716255,0.14874301748707638,4.901506460337698e-4,0.005787903505405017,3.463730337326295e-4,0.0026850884436494067,0.0015182297077317075,0.0012154990558126114,6.428398239356647e-4,0.0015477457461168488,0.010331078426890732,0.010581046902613933,0.25735283105107637,6.534916990419776e-4,0.009366995719000813,0.012775849832393578,0.0036439839958970033,0.008582158851325086,0.0035426204168931994,0.005775129307088546,0.0018998456304971875,0.00792403065105573,0.019621293864495303,2.8097636373445375e-4,0.013212721420690863,0.0016431295134074265,0.008808740394373927,0,0.005338966725491251,0.00515703023839981,9.959007814358315e-4,7.751983185883855e-5,0.008520108016375068,0.01202912844919276,0.003937260926934343,0,0.005592412688965697,2.9295167141795184e-4,0.006518135226787716,0.014403730110215738,0.02329760946055752,8.709146983675192e-4
0.02999265722662291,0.06194962343484787,0.052766684581251576,0.015863249194488224,0.057582110787827157,0.016026170589094346,0.046402927084917125,0.0059340176715039356,0.007284155397082022,0.0017575525119134028,0.0010708953407467501,0.002872266659119791,0.0025488114305627836,0.04643982836072835,0.0042140346831114625,0.14759516524806068,0.0018928203891409468,0.00396123150320703,9.303748300776981e-4,0.0039137347538038235,0.0031115370375208715,0.0015658712213750794,3.143949519784422e-4,0.0017429520399591496,0.01114274198764598,0.012853220958746005,0.2667649596366698,0.0022256595837732455,0.010317980701197103,0.00843367115797078,0.0023810004732990066,0.008693384800087477,0.0035171418554121,0.0021248385520517637,0.003341014378129134,0.007335705614123959,0.019676592857004346,7.872231221010263e-4,0.014362784007970765,0.0025041265723786286,0.00996185897546473,0,0.007178131547564283,0.004412811673768149,0.0019004150310936057,9.265754895481828e-4,0.007426354380843285,0.010092787954869948,0.005893679564960051,0,0.0066523260655804856,2.422878713541874e-4,0.007694915012282646,0.0120440398519413,0.02989897509101849,0.0014797283022081056
0.03682406367251416,0.058343396334400666,0.0613393155013697,0.016609276866922856,0.0578403512501337,0.01374802290023505,0.049772081452675886,0.004228144823113209,0.0060051637225609815,0.0012193710793769019,0.0034410564117194975,0.0011537413871009667,0.0026218150721420697,0.04500540368110935,0.004560537544584497,0.16050724522845777,7.888878255951672e-4,0.0034990144950929206,6.47369890342794e-4,0.0014221699777227155,0.002203789322861077,0.0021359973503143914,5.398622797836824e-4,5.04806423045604e-4,0.012785994799790978,0.014540160370642723,0.2514987265453059,0.0020768728916911853,0.0035064653899097046,0.01563390184477435,0.0031484027679170978,0.00958132586552144,0.002995387793321592,0.0027675940341302706,0.0017362241400263653,0.0072652679902042785,0.019535507804352585,2.3824672445869896e-4,0.011609827381180684,0.0026721565008314806,0.010726982702020885,5.095161677981993e-4,0.006041305205493089,0.005336656645359869,0.002182273512652445,1.9236112960212306e-4,0.006661265501768926,0.012251008080702853,0.004569937183280148,0,0.006778828052041427,0.001312181352425557,0.006625187272263827,0.012876544099278516,0.0265507901761179,8.322155819592632e-4
0.02678659828607579,0.06916632900384863,0.05397506586576083,0.01836884368932624,0.05804930343438939,0.01656067239874517,0.04593254627947774,0.008356381583207622,0.008590756274344946,0.0015344027481357637,0.0030180699063169815,0.001356097504100769,0.001973787869145583,0.0475823963402787,0.0048320877523288,0.1655866342922816,5.68792916231902e-4,0.00445848664509935,2.3939927454515655e-4,0.002470154972888727,0.001892561652332997,0.001269499174097842,5.444470399985115e-4,0.0018928376343408959,0.012933335412390314,0.01386757983300256,0.2360847492534669,0.001172691865746625,0.00948747432190266,0.009839584283863351,0.0022305386429818702,0.011145799498477901,0.003950548715205524,0.0035382755730253373,0.002599874369747777,0.005923787312842704,0.01953001263311624,6.024192484199335e-4,0.017341702378601526,0.002842819760671866,0.011093350351942604,2.734293987014522e-4,0.005348332516284766,0.005944913623359556,0.002545742406091145,6.598380343840523e-4,0.007731972963463208,0.010836812734941685,0.004308910679335399,3.471553276512015e-4,0.006548724112787602,6.814176397394886e-4,0.00847192605051463,0.013014826841181222,0.02377101154470305,3.242901341559215e-4
0.03178622542954663,0.06844230547204797,0.05465696041769648,0.015394162084784961,0.057764351657215274,0.01673334528772066,0.04925969821557951,0.004850708885283833,0.007438858703882935,0.0017321707136322673,0.0043211492970745,0.002858478332805784,0.0011878788404977067,0.04712473878965308,0.004428508538683459,0.11833850588539108,3.968081188730356e-4,0.003974775534501113,0.0010851249353399305,0.0024169052705522547,0.0024138363210435706,0.0017241132026696118,9.00146826993555e-4,8.315743536995737e-4,0.013034368925258817,0.01383736917013951,0.2926143373835898,3.17493309963753e-4,0.010831596558422127,0.009336510180533315,0.0035251879292776097,0.010060010190494423,0.0032889816253427154,0.001832848769824248,0.0037485949455496543,0.007918629411776916,0.01992862339444783,1.947655590614934e-4,0.011240765230257872,0.0027027749252741427,0.011026539866620883,4.897694835207492e-4,0.006397972803939777,0.00638572985054866,0.0018198211443992435,4.094556125407976e-4,0.005171171823453816,0.009255647567793427,0.004647363647291032,0,0.00459863479410403,9.982099096414111e-4,0.006098663615967757,0.013283336723020067,0.023720000288019405,0.0012234942447559988
0.031878825613516425,0.06877158361101586,0.05339828137964858,0.015829878897484558,0.058995112194988875,0.015283629682897077,0.055461401950034565,0.006331668029963686,0.006569450913804108,4.891656571734253e-4,0.004719840867598679,0.003911547156031317,0.0034774560166699795,0.042516634222536924,0.005825081983349187,0.13682081477749403,9.807819687718965e-4,0.003948343241913386,8.703353888638833e-4,0.001354246053528532,0.0015088977734834272,0.001035612395044892,9.247162523664153e-4,1.0550519549222789e-4,0.010233023006929977,0.011113410198436039,0.2807716162867207,4.6323704602690616e-4,0.00856871386883021,0.010837950909583336,0.002060024900850526,0.008281247134506646,0.0028073126310258307,0.003144051489769347,0.00256848017035875,0.004997129751551095,0.018551689525502443,5.561792793031463e-4,0.014310096130198456,0.0020592518230385685,0.010417355384883734,0.002587632484701025,0.006942388307117758,0.006049540077425218,0.0017434608430890786,3.2656386291685243e-4,0.007327708378573235,0.008899412063674388,0.0017986765768959222,0,0.0057882214183446615,5.355120903869247e-5,0.007959701392877877,0.008882382410998826,0.02733356510437158,0.001557615108787241
0.03470317593356321,0.06348065406838162,0.052729056287991634,0.016011220869979918,0.056481370044025106,0.015759450696326397,0.044057439877416636,0.004192494248967438,0.005342329212261511,0.0011086040825734878,0.004319747758684505,0.002596493616301373,0.002071701875742382,0.04479661675498555,0.003603536596716421,0.10775876262542435,0.0015050490479653785,0.005418532871433787,0.0013231150823541436,9.731052224077863e-4,0.0015973746345798972,0.0020406077460260077,6.557175867214058e-4,0.0012080996070618888,0.012016811413407817,0.012096802113749123,0.31167032646699966,9.500757943582956e-4,0.00768147363138398,0.010232076431774956,0.001998933556096096,0.00915467593935941,0.0032594641567667186,0.002665981246953792,0.0023879724793385098,0.006282412975485844,0.019066665492285934,6.611372175446694e-4,0.014148379558991682,0.0023701434822779705,0.012983682077025986,5.799829002666733e-4,0.007668759706252453,0.005509642788822125,0.0021855387265246637,7.739969023564807e-4,0.005524529408875377,0.011015650732236992,0.0029467578797204874,0,0.0059423719379355835,2.1214797647136193e-4,0.007267663174206039,0.015123633040198153,0.029742129686039124,0.0021459247584022056
0.03434978302903342,0.06967316408427124,0.05800845403678559,0.016097413088831454,0.06130936673765381,0.018319938626456596,0.04458037204873583,0.005802560578338433,0.0071355800541134055,0.001352488278211112,0.0026896901961024474,0.0019608599562917837,0.0016191845316931462,0.04202202929466944,0.008033105949846377,0.12681227118727767,2.685160904155847e-4,0.0035890317674707474,7.460909112020676e-4,0.001969415360502598,0.0019963888955820807,4.152015434797651e-4,0.001056021534906348,0.001710187625122618,0.012161058902606357,0.0203595056022674,0.27547852537376805,0.001393894545137122,0.009219269387446919,0.010209633171723012,0.0023890699148338404,0.008059288388393471,0.0036950803157931576,0.0029323728346840466,0.0021154892995462016,0.00470516505468418,0.01942767351411648,7.9936823728222e-5,0.013521465119127574,0.002032008258758082,0.009071104677215211,5.436098999447693e-4,0.00831513130130561,0.005447213152195384,0.0013755612147781798,6.96655419355375e-4,0.006772585286512246,0.010129870307130626,0.0049279996503537775,0,0.005734974797020836,2.119033151086661e-4,0.00706722949366299,0.016231474372113825,0.022960011979536326,0.0012181232201584845
0.035553893369946514,0.06813647303090781,0.05575946906066557,0.01542364182804894,0.05426838369882581,0.017851747473711398,0.05422059550914752,0.004972480696735076,0.007023937174423575,6.827393017300205e-4,0.00484482414896001,0.001459041738392609,0.0023524580061687846,0.04209393090897379,0.006488170298906362,0.17513168871716667,0.0013006713980718051,0.004506536372749522,5.634134847124943e-4,0.002999545601687491,0.002017779158670877,0.0013082112798585897,3.144857769549728e-4,4.2782718572649645e-4,0.013815504276536451,0.011620366055555673,0.2390533300435663,5.095763127261926e-4,0.009876933606086344,0.008585528162938234,0.0016559105141193925,0.008969297283907973,0.003457502819159877,0.0025727210904137538,0.0022476100322324317,0.0030631015929799437,0.018145798238878012,6.879690112006797e-4,0.013509854769109169,0.002900677693461966,0.011058751057164034,6.279395532456198e-4,0.00512400426900015,0.004564626183792282,0.0021987994857016937,0,0.008477299102394545,0.01127722140753734,0.0038903461969782066,0,0.003490992676009718,8.474661548043532e-4,0.008159685402993236,0.011574912232318046,0.027676262958071875,6.580665959737921e-4
0.035979164668691145,0.06654658866908807,0.05672278393588812,0.014728463539084495,0.05396790451786096,0.01310435322958967,0.04561659356305289,0.004492576658970867,0.006366989767132096,0.0011444389966952665,0.005062116567539398,0.0024701112755389732,0.0020046445572195386,0.042989641442423246,0.004991154856493626,0.1213289317594356,4.324564449125933e-4,0.00401458272962675,8.032014735058929e-4,0.0015603005502253485,0.0037189972586614503,0.002509505610587956,4.934016696565557e-4,0.00637268514809982,0.009879554604384099,0.01966222341355615,0.29204871457387993,3.02618042365715e-4,0.00820823341861554,0.012236195809321152,0.0017372844911499375,0.010129542603482141,0.003143501296964632,0.0032897184492839105,9.687081392323611e-4,0.004663565819626025,0.01799585839595594,6.965857671746371e-4,0.01067066358468651,0.001721998707360925,0.013574798763528415,7.484202337993563e-4,0.006932521982778531,0.004542579512999099,0.002347283957623411,4.968478190320679e-4,0.007831841842620651,0.010253336288130218,0.006962018022910408,0,0.005831339504181916,1.271107577077673e-4,0.0071754738718119455,0.012810564154434613,0.024718574845978863,8.70732435442806e-4
0.03485522303064841,0.06739785733355112,0.06116340775478276,0.016599758198735205,0.061551248513461956,0.0161898547922416,0.04940929620573883,0.005104202687183531,0.007372624117338025,6.613330179456618e-4,0.003585865259292153,0.0027564632320476773,0.0033762752435931975,0.05035559863087908,0.004499539755761469,0.11840792160567279,6.417100585844807e-4,0.005368050525106487,3.9938169150231746e-4,0.0015864994635665475,0.0033546046885659124,0.0013088588961244884,0.0010415128309304085,0.0014828960379849546,0.011649959193560364,0.018527054882625377,0.2704114506252975,9.221477779894006e-4,0.00846566978147558,0.012880964324604817,0.0018744508425292128,0.007980178034894226,0.0028941521437607256,0.003715535370825409,0.002869517545994521,0.0064689451942567585,0.016131604326029718,9.130323467864692e-4,0.01273487077553627,0.0025401955745741256,0.010363449809716764,6.022446349257356e-4,0.0035361961514583443,0.005298552469564072,0.0019058537884355826,4.571342780696922e-4,0.007018230325596208,0.009902760668751141,0.003651794711934985,0,0.0065787736234438786,4.058142473581232e-4,0.009688332607864026,0.015341856619567357,0.02497749821245303,8.217955388815729e-4
0.03185269633646067,0.0656956081641123,0.05806851128641906,0.01494454922941325,0.06173855709939489,0.015566790834085333,0.05613739057776633,0.004627772929224015,0.007526038222129023,0.0017171253170821016,0.00251265038278053,0.0021333304863352027,0.002517274621483188,0.050273039646318386,0.003917960942871006,0.12403259130744101,0.001049893837240473,0.003366027170790674,0.0011374043206363934,0.003669813052339785,0.002294838809979515,0.0017086630331362793,7.729727920176441e-4,8.57011452384441e-4,0.012246542806550497,0.01689960465505474,0.2702598084186372,0.0013915990910767424,0.010080117037372598,0.007729835873739535,0.0027127133877083097,0.010400156079420946,0.00418662274339168,8.691753592436945e-4,0.0025173771090430874,0.006674372976369198,0.020079708915681883,5.296276962934394e-4,0.01567126437514539,0.0015312481846953229,0.012418993385340062,9.659915992034088e-4,0.005261157892408885,0.005314792137755676,0.0018897857676193274,0,0.007818290381437195,0.009433017872172397,0.0037490931014253883,0,0.007480642610097341,1.9485757635419215e-4,0.005745592902039243,0.011195182600077997,0.024830531142322646,0.001803784470480458
0.03440511221615214,0.06898150756358366,0.05504818969080191,0.014373986789723537,0.06073735922233448,0.011847207341405312,0.0512975695520319,0.006028360783794194,0.0074423619276127026,0.0019359350279020875,0.004118217727699187,0.0026332064034609603,0.002662796847002082,0.04590532121625906,0.00520889360969209,0.13879442346089021,0.0010745541163199928,0.005444755289449481,0.001390514998792867,0.003322381966276082,0.0016071207321193294,0.0011455778837376864,9.618691031346868e-4,7.631542758425384e-4,0.011226123924744686,0.01515331253700658,0.2624008585543405,7.359832237409353e-4,0.010169650592755717,0.008418508474670097,0.0017049444001439266,0.007593979690922157,0.0032365664870623043,0.005181188815020013,0.004309798022354357,0.007149355145969743,0.018674191032807336,3.2797215666448406e-4,0.012961083022441523,0.00105428831626453,0.011619667697907966,7.244393139734397e-4,0.006859061687822508,0.0069316302969100255,0.002293383808693402,4.7864106630906515e-4,0.004912054841720084,0.00915325437579539,0.002346019838850808,1.0492201112634257e-4,0.005417032378780102,2.9351170845522676e-4,0.009825263672468228,0.015222292819928747,0.02557599651046116,8.146458278704676e-4
0.03454211193550814,0.06412617522068663,0.05522377934615321,0.017672657995110197,0.0605139402124929,0.018249827391518605,0.04537488388119031,0.005061857644965668,0.007799018263107204,0.0011386377405029995,0.002717525471154221,0.0038382619917568276,0.0028946790285342802,0.052423503014573616,0.004046642489093641,0.1035929136649898,0.0012026924810427466,0.004528811235953051,5.769315358775454e-4,0.002419842367808754,0.004120391330092282,0.0015248931079851222,2.1579491763784614e-4,0.0011664102570821942,0.011249776726237974,0.015514426997737394,0.29376321597144023,8.24947554556905e-4,0.011858679821219313,0.010551039436588253,0.0037981262579004993,0.007708494244683354,0.004337732312964796,0.0014370740970788326,0.002307584386534254,0.004816757576310245,0.018784671947139883,5.823822383249444e-4,0.01573575749142606,0.0033959000935404877,0.008012607200671013,7.306615023750095e-4,0.006245457064017422,0.004681663629706626,7.051093560087311e-4,3.5212633153709717e-4,0.006615426067340849,0.011415627873519836,0.0049815067211136385,0,0.004473917878574125,5.497297152766769e-4,0.007638648686531433,0.014677877548897877,0.026800703888000026,4.8018685792844786e-4
0.03350070920703669,0.06415554482343008,0.051975903063629085,0.015783157344606658,0.054101003012587245,0.013620097371601554,0.054328216864317706,0.004963292099941292,0.007569942538054637,5.713403044763299e-4,0.00293210696608967,0.0032264140846383557,0.001702900879611626,0.04822221914746625,0.004700501174197012,0.14023790940644362,0.001402689599259571,0.005012382149569443,0.0018907654524502606,0.002323413737137563,0.0032460404210430567,4.48752039022718e-4,0.0010152211016939841,4.760923025940229e-4,0.012591163573207942,0.014372256342532634,0.27462114124850384,0.0012127654669615991,0.011271426739297869,0.009346147450698387,0.003073362872481091,0.008088275050847443,0.0032802460540995323,0.0037972507471211504,0.0019051998399783991,0.008069038792903216,0.020612644767577723,6.861610869091337e-4,0.012308646279228933,0.0013167884071391656,0.00896401215700222,0.0010529168864090966,0.006809377696036801,0.003177234508806161,0.001266023509507571,4.226124999865057e-4,0.006817278840309947,0.01173144800344609,0.0046811543787967725,1.570856294664381e-4,0.0050827967928810305,9.043614683934796e-5,0.007167193379111213,0.014085042576972143,0.022923493319271307,0.0016127638647708475
0.02908766818843072,0.06628773996943983,0.05152789703852801,0.01925053842994668,0.056956461029775876,0.018953603711597985,0.04573662441629949,0.0054864751171316475,0.005423838946853036,2.0920207388241903e-4,0.003942179026275278,0.0018245652616025888,0.001978052109475701,0.042869526276468804,0.0034709703664958917,0.1263428195713939,0.0012014993121206993,0.0033658753275904708,0.001126469621463013,0.004130508300269096,0.0023955507567184607,0.001194486368054331,3.5150038940404593e-4,2.7876368376322016e-4,0.011597469749633368,0.010111368440165785,0.292463768149824,0,0.0076811896847052055,0.015461875471208265,0.0026025866842109367,0.006574761043924274,0.0033166437904399663,0.004206999985564124,0.0029651894501021552,0.005863218177377511,0.017003166881564676,6.37616667728884e-4,0.014634592167952442,0.0022636776941203727,0.015682092838551136,0.0012009295286775966,0.007928193841639869,0.004771940157017002,0.001640628040220189,6.632314116543807e-4,0.008062669027678113,0.011339249737152031,0.0023199498216344844,4.4052149461041104e-4,0.006150390830834362,2.5172049162203213e-4,0.009187341077903963,0.013188390534100557,0.024608157077612342,0.0017876547575883972
0.030050268867611467,0.06781208939012158,0.06405879395480318,0.016163994660181764,0.05433655981344043,0.016928021375193475,0.0492052570207178,0.005212164083747237,0.00701685695816841,0.0011483109240587922,0.004374116182056311,0.002084422231588091,0.0030947439157941264,0.04787537136806038,0.0037678414597440324,0.11737343605180288,0.0010864539111778212,0.004890407568980188,0.001012729827098939,0.0024181977411220565,0.0017505160609259285,0.0011032411797674278,6.797538310650668e-4,5.301482110503876e-4,0.012572965942494551,0.01642642347801052,0.2834021406554003,5.961751772422544e-4,0.007576878555612692,0.013071137157281339,0.001691601381184635,0.008299779594788887,0.003646314721844656,0.0034212307520701635,0.0018249818155207681,0.007828870944430216,0.018424291800147125,0.0012057036245692822,0.014940996440612609,0.0016702401729087636,0.011035732625123192,0.0011700000997684307,0.006628197373196809,0.005497111426791372,7.858135150463516e-4,9.590879754713042e-5,0.0066337077747922486,0.009889992513060912,0.004820951634108195,0,0.005311528270843482,0.0016268749676222449,0.0071489177494040174,0.01328944526728967,0.024737740576164777,7.546486068446146e-4
0.032246441043730416,0.06571305778381992,0.05371502515934059,0.015859718454069853,0.05660771961247557,0.019332408870985314,0.04844190436646053,0.00581250376204349,0.006906647571380132,7.973634079378209e-4,0.002071836526626277,0.0032857228682283916,0.0032026142272918354,0.04447535598239894,0.003862549113992805,0.11978194869939907,0.0011237812566940808,0.004420456765051735,9.224301636598496e-4,0.001754242077776076,0.0025024148936825465,0.0016840652979462213,5.413040801411098e-4,0.0024137687908555214,0.010477566907315437,0.013631487986631866,0.2921334294966056,4.737131672282496e-4,0.010627270843168913,0.01288421247895362,0.002330711803252088,0.00900000310116506,0.0036357649303376187,0.004291564181693129,0.001979138556685335,0.005922207805886119,0.016202676822990567,1.5136501160032661e-4,0.014237427398422523,0.0012534103492091043,0.010522224133336283,6.070887545975653e-4,0.007975257566096228,0.004385884515453544,0.002176854939415543,0,0.005876163575581072,0.010014199678131967,0.005549400547811726,0,0.0062174263676971035,3.8232435662979684e-4,0.006310019683493545,0.011531682976757288,0.030429195935776397,0.0013150453520882738
0.03760584239232356,0.060044471163340996,0.060604144970317055,0.01717027409052405,0.0630832677228416,0.014998274900084119,0.050128238446017694,0.0048099634794433665,0.006867167226321262,0.0016891744345783905,0.002490750187431367,0.0020434162489561224,0.0021520072848214863,0.04778448980672907,0.007764965109467383,0.12264379508584237,8.182248746339786e-4,0.005639951885958433,0.0012959042904396112,0.0025840633850323824,0.003655549930751128,0.0014116741614318893,3.700486539578267e-4,0.0015592799622033704,0.011935524376262848,0.015221026409773264,0.27151862772171986,3.765282544449233e-4,0.009887001688115788,0.010317330903819609,0.0023671310860023656,0.008377180868584149,0.001967667184259631,0.005321142369510185,0.0014995076060657683,0.006684471275862025,0.018233665444717488,7.772150670968642e-4,0.012398593098033006,0.003500954978609288,0.013345063922796063,3.8041570644502373e-4,0.006057560630924222,0.003932961752074981,0.0011458343945327442,0,0.007983783035439037,0.011958770726002321,0.0035147875432391786,0,0.006786378986177291,5.40659972240637e-4,0.008775811820970382,0.012200574018388826,0.022532932539347118,0.001245956925096605
0.030216537126742552,0.06429636099947804,0.05631369870987159,0.018596190726214008,0.05374379230746311,0.019342951641208046,0.047642357908223555,0.0055424492310144294,0.007277898251634274,8.738468926009933e-4,0.004823535267952656,0.0013391035218075545,0.0028445114596063383,0.04307353836542859,0.0047117390430545,0.11851875532659108,0.0010737633339555734,0.0034858645760155716,0.0017112870339377085,0.001607513353333117,0.0023699185779100635,0.0025446665358708157,0,2.4237104663938556e-4,0.011659358552298117,0.009402438086995054,0.30966249069202645,0.0015137807144172252,0.009935102139048382,0.010588694516068007,0.0020378987832308923,0.007795833675282497,0.0031791302522114215,0.0018145898441427227,0.003724476353786193,0.004783252484990329,0.015464920541176435,8.223873121465966e-5,0.01423186282937296,0.003121217910753464,0.010703962511555414,8.411190971482996e-4,0.005598586597745736,0.005124371131255229,0.0012248480324703838,6.696268508040916e-4,0.008406354889855274,0.009740402620468892,0.0036484721202055385,1.3196566978635542e-4,0.004992271316198192,3.088987326136584e-4,0.007869118722166354,0.011699166870430336,0.026394250252602905,0.0014566472411249808
0.033719648872939226,0.0684405514683328,0.05666807614432716,0.014178333945376402,0.05518167300509981,0.016111222386410558,0.04184649420874213,0.005926045423895508,0.006509908687141125,0.0016095344509113024,0.003430500571493761,0.003201284052490941,0.0027084698773698433,0.045974567116732,0.0030386111148051733,0.14364888992801342,6.739837806778682e-4,0.005447230979839595,0.0013267010467716955,0.0021174571449149456,0.001078337491711167,6.621309573418738e-4,0,0.002346742264856889,0.014098129392029052,0.010613285703958274,0.28028176740532007,9.476456638227669e-4,0.008950722503648858,0.010946456555506417,0.002042014658713055,0.008080859020272575,0.003680464293736901,0.0050682364886037315,0.002898338506573517,0.0046008678989575,0.01845898517403284,0,0.01283715474861228,0.0015105481000567236,0.009589092006225758,3.159531889712977e-4,0.006483496655211183,0.0048375447142260195,7.144854846436695e-4,0.0012481304024369495,0.00796404257028121,0.0098568063890589145,0.003989427505095984,1.4827884898254782e-4,0.005387160690397011,0,0.009548980791318974,0.013075308606902312,0.02550684991225228,4.7257119995612547e-4
0.03134861218155362,0.06001474838787594,0.06278485857242785,0.013577775155361342,0.06115190539674028,0.016246957054413688,0.048373863412052166,0.0035792172012215225,0.004948953083125954,0.0011674647863960156,0.0034834116664162044,0.001530404960360507,0.0012016580654776617,0.04272666198950698,0.003681497351448372,0.12549001482207678,0.0011884729462227307,0.00437051209085081,3.065972392982264e-5,0.002450204223133835,0.002157982196743268,3.1274315320510077e-4,0.001281688701431895,0.007260758934309004,0.01212884955860971,0.015056737357829695,0.28033550857019135,0.0011007326647846385,0.009775702210595894,0.016145333752445666,0.002547817200191899,0.00864428552293402,0.0033554369881349396,0.0037250375146806367,0.0022937773636520684,0.00729086211248439,0.019725941430420498,3.1721271712574956e-4,0.013008049829374578,0.002178641849748874,0.01110579064283438,1.938822722535552e-4,0.007041254448334258,0.004928796717907854,0.002028783694763551,7.322756311706052e-4,0.005518644235250603,0.011711530781325953,0.004562456466571161,1.6092190123711677e-4,0.006818088477132955,6.757582766626388e-4,0.00828194849544503,0.014907991406720464,0.022463038776536985,8.778850763668989e-4
0.028513862220188427,0.06803032073147601,0.056741427747235756,0.018197104072916023,0.057840162659353406,0.016895997138519005,0.04701505980771107,0.006265764136172918,0.007150987477008649,2.3818697025283322e-4,0.005335929594843985,0.001895689706146684,0.0017724486202229384,0.04664189012596827,0.00303799430331742,0.1502565213752472,0.0013437923053400192,0.0035982614291158272,8.946037752432564e-4,0.002896175825635277,0.00395653549203706,8.62770279399155e-4,0.0023819206683774025,0.0046314085033225365,0.011623512550776162,0.016157089275372485,0.24893964089280685,0.0011208656428732132,0.008888425956643664,0.014702620891281031,0.002762689697988892,0.007992018669887978,0.0036721172868352503,0.002347410446140137,0.0029483947550479,0.00541063465686636,0.016128662563395114,4.518745719145628e-4,0.012829006646258035,0.0029617611718824803,0.012433077654954466,4.3203217946788364e-4,0.006578342445332738,0.004697293075732503,0.0015658021488107745,2.7329960882610825e-4,0.009258218754484522,0.009584009676872172,0.004797572121273625,0,0.0047822742120167275,5.800154862535521e-4,0.008789001325247844,0.01317570036221099,0.025153945189170336,0.002567875118324527
0.030202619654093026,0.07554358131032589,0.05800767998229172,0.014907527694858976,0.05970353402921756,0.017847049329971998,0.04353441880935544,0.004776230253808509,0.007047017423061492,4.502769489010248e-4,0.004131688701531667,0.0027055208953660013,0.0011835153892110826,0.04974443334191723,0.0037689282576766955,0.12726741669302002,0.0011084005106518843,0.005708988663579834,0.0013154480181810518,0.003041763301576904,0.0024242419519922304,0.0025367843584617805,0.0013081594738990415,0.0033853325046966725,0.01421582576158647,0.016521627819035205,0.26259434812491045,0.00146689686495058,0.00861600532766338,0.01664183686919346,0.002622519959682748,0.006791780459417744,0.0032131963649012617,0.0032430231980137172,0.0016259016838622734,0.0072384553616293675,0.01808829377783602,9.69457137170383e-5,0.013448076244013299,0.0025486805848860972,0.011750201731930093,2.2133020977938876e-4,0.006402269737934886,0.004426684333138399,0.0015410948155580241,6.265311485659159e-4,0.005540567682469855,0.007888927546689479,0.003769184107590443,0,0.004318457776456122,2.47573696856076e-4,0.009287886724760658,0.013204135723766254,0.02823741444579716,0.001913768705760407
0.03417227825157659,0.06782401922607513,0.05678645636660066,0.01842527994752886,0.0670968365700519,0.01999184000313623,0.038465346134516104,0.00517014427286084,0.007422717088049012,0.0013842046848029498,0.003630604888716489,0.00232525574279456,0.0024424032354400794,0.044641092129198444,0.0035770239351741086,0.14560728295309702,0.0011355987161004069,0.005764375524304785,3.8672267068384764e-4,9.675988971146531e-4,0.002174879674662564,0.0010568567474752088,0.0012907069536368706,0.001600880217716049,0.0104916075637068,0.015161867152146043,0.25856196084094446,0,0.009299876409312683,0.010719522705941665,0.001594277758859617,0.010166580350849636,0.0026954739631040972,0.0014579752399090733,0.0018975931441245469,0.0050381896622001925,0.01880436569721534,3.8198060347321993e-4,0.015404808860898322,0.0026562680176393525,0.012871612992995095,5.990519920738207e-4,0.005365287835459352,0.004028084495134855,0.0010997613051457647,7.509138623076403e-4,0.006272846301055033,0.009994919135409232,0.002825074818901041,1.5292664794104943e-4,0.005718897197679315,9.566802029480359e-4,0.00688224800483851,0.013609123755231104,0.028856185793147426,0.0023436328580943126
0.033236645203620796,0.07180394537219544,0.05695781940305557,0.01640453538634607,0.05308292139236097,0.017443905089122896,0.0484852176993404,0.005351897180565517,0.007304384814983946,7.620419030222626e-4,0.003153168382577202,0.0012089523095081395,0.0024305426808483963,0.04645906596624159,0.0024386278417670346,0.14025691242266503,0.0014153831841065472,0.0041385337696256425,0.0012268604915545733,0.002035912132692173,0.0012259607011974145,9.519025114151039e-4,7.582204126206608e-4,0.0031791826744728574,0.012804655837380854,0.020501811025588134,0.25607231738789277,3.981010031847276e-4,0.010619388641979637,0.009573579282992909,0.001684920234257231,0.008000247920006361,0.003955232429078617,0.0032852356218938637,0.0016307298559840944,0.0055884421428776965,0.020153948852330905,8.696503648534229e-5,0.011614955707707604,0.002482519004941908,0.016281123208962845,6.382145764017752e-4,0.005604668779044498,0.007123813593132317,0.0014223351880864727,1.2410239396305487e-4,0.008438970786122523,0.011661366824500084,0.003068770322174622,0,0.006856547136748103,0,0.009687700947548332,0.012917079061757786,0.023142293526907675,0.0028674247441610274
0.031653222858215965,0.07016136935012855,0.06039938008486672,0.016659865928818882,0.061931041780302364,0.016651533490945464,0.05193860802796155,0.004635121209406096,0.006806992922929586,0.0012692706915410298,0.0020327718221236283,0.0011906249400721923,0.0014415807129780505,0.04325080158818528,0.004529222297894668,0.1314187887863365,6.407728080280509e-4,0.004426462110570399,9.519800227532301e-4,0.002538796917723292,0.0014483755911040676,6.515752839150068e-4,0.0016482594741377842,7.637484077725426e-4,0.008605434569206979,0.015258293460032216,0.27572444350245595,0.0033694603631244002,0.00545062308154364,0.016533747420368,0.00322395960792961,0.009179033736317793,0.002677626991322935,0.002337791137186103,0.002435994104096424,0.006388678028570204,0.016102219264900478,6.692403155523939e-4,0.012508786247938232,0.0013884524945606534,0.00956830784401775,4.996507895534745e-4,0.008346643367725542,0.005648273435590931,8.69298107205482e-4,9.149266070770601e-4,0.007120762235091456,0.01152662892310158,0.0033709583094230495,0,0.006699282728319255,0.0010019913880706663,0.005236426134159867,0.01340521426714646,0.02469532121902054,2.023632106799558e-4
0.02729101446850655,0.07020181156106446,0.05509133562836831,0.017367676082359895,0.054815627684770094,0.016732349629767312,0.04655164399631916,0.006244389878765529,0.008483291015817046,3.521192092297639e-4,0.005609586820867321,0.0019962683178457712,0.0036289895162203464,0.03960579406759803,0.00537656637249319,0.13281603279310736,8.016061455064898e-4,0.00409128406805603,2.7621924350977904e-4,0.0016548252859145177,0.0011879492303493268,5.719789868964102e-4,5.997173305638123e-4,0.005037200492936734,0.011928560218562161,0.014046614786131981,0.2784369766392255,0.0012901426069742046,0.008773640509704873,0.011704802911197774,0.0017096338911996222,0.007976109405929454,0.004039508046733135,0.0050765415023935135,0.002270794685545378,0.0057582862687969175,0.02104802375922065,6.93707012898547e-4,0.014406587025332521,0.0018170429882118314,0.011340164673552448,5.114745264737061e-4,0.0043036022986004336,0.005130126678205995,0.0013881976552137592,6.613274229000223e-4,0.0073629252941433835,0.010331006598261482,0.004362823755713311,1.2826559364130505e-4,0.004730602811563321,1.0011985268492317e-4,0.007584177237566592,0.014053277155053338,0.02926078227338731,0.0013888760881473545
0.032346839902840444,0.07111867798051465,0.05512764521977777,0.01718011615421961,0.05018204293267689,0.019167008125900293,0.04872946591358572,0.003608008205127599,0.008069751475312614,9.14924634549112e-4,0.0035298285463286868,0.0027501408941217977,0.0026539659707089476,0.04453643596028188,0.004120389346183619,0.11377049875906774,0.0011195021664833378,0.004199437989275552,8.5299972615167e-4,0.0017400506770370691,0.0029605190987049518,9.809648951923057e-4,4.5479779852521546e-4,0.0019791787236150622,0.013543088964957949,0.01968860050046234,0.29552901783793323,9.964495936004266e-4,0.006133205051687001,0.01202659358055853,0.002785022455911016,0.008012728517726032,0.003212503021566811,0.0028004315954984517,0.0023445133742156696,0.0049596615504216846,0.02219365611933212,2.1430351713805983e-4,0.013614618290433679,0.0021292498811037066,0.008520912383649553,0.0014484514843397201,0.0045467502990538915,0.004028861116677446,0.0017869192465274242,8.418899326380736e-5,0.007148473535759918,0.008913782149599443,0.005791832382618299,3.089076588730404e-4,0.006328045909679168,8.625134263610191e-4,0.010715006312397619,0.012639056487326944,0.023559254174757918,0.0010402094903855473
0.03457354202238416,0.0674562698203723,0.05066099378179351,0.013596036322941004,0.06189218016133897,0.014232832419468457,0.05138389270646748,0.005444225415936915,0.00558435356576047,0.002133410250128549,0.0024498875478673804,0.002396629983495897,0.003351585928981611,0.044477953293858216,0.004330427632172454,0.15769238841546004,0.001733728555108295,0.004485491534458234,7.361063749105615e-4,0.0033304456840689283,0.003545660679344219,0.002419052387633066,6.583915328479471e-4,2.706524339175491e-4,0.012010647799125439,0.014881475594842906,0.24876927771917043,3.534192559078879e-4,0.011992949115687936,0.009904563284706033,0.0030173214996301236,0.008644162763728596,0.0023564828817520637,0.003605619719902256,0.0031430156311410495,0.006253537981526352,0.016364506732778252,9.752624928292644e-4,0.011994594116019705,0.0027430670081241663,0.011779511679902061,2.2255133029450494e-4,0.00681205766925252,0.005188717413360311,0.0016396889170552347,0,0.006787388545740336,0.010319880626444079,0.004552670977325085,1.6801000908923434e-4,0.005582747473577363,3.7174086559176023e-4,0.00843774779635573,0.014642215816115342,0.026007111405795924,0.0016419174265118368
0.03206175485281381,0.06251287644879287,0.06021958435044656,0.014610264710270581,0.06451479297073433,0.015546342142973046,0.045824682039993486,0.005949155109176496,0.007446088363840541,0.0014134149549618479,0.00355461205301423,0.0027178714307122586,0.0023019972173941145,0.04496114556829826,0.005537180716558687,0.14241425421504414,9.208685527115681e-4,0.00386004965963387,9.955333670114551e-4,0.0023973885899763203,0.0022638285333220873,0.0014716338017492657,9.611574362779653e-4,0.001114327539036271,0.01082884656121762,0.01345248719854763,0.2667833898879691,9.603668871949947e-4,0.007004439814552035,0.010431216759215123,0.0026495467314808672,0.007749470542844457,0.002562232246084171,0.0035358521239772507,0.0021710663454071392,0.00846896321412213,0.01777131662824221,4.0811919254498725e-4,0.013700996856385225,0.00328643255964612,0.012268872682677715,0,0.005475572805782383,0.006081837147031296,0.0018304384539216216,5.989819337475564e-4,0.007321115176035145,0.01061938692788629,0.0023208771681686204,0,0.007742079683966803,2.2672399629853094e-4,0.008074942036168957,0.010934988294116625,0.0282224959697351,9.461395502882066e-4
0.03518459575289536,0.06571153086236334,0.056551153092478386,0.015588166287765921,0.06053479636425372,0.013992198995081945,0.05053206252871749,0.006129599878853607,0.00844483266324325,5.425181006821996e-4,0.0034406669503815827,0.0019639944091685126,0.002607255254525788,0.04161378646644666,0.004371132344832174,0.13201121744425978,0.001255386410416857,0.003908133333669504,0.0012031008977254072,0.0025894453100938006,0.00157416364248025,7.331332158391221e-4,0.001042058590679265,9.738563439456307e-4,0.0130763413724797,0.011119960545549201,0.2847189146144003,0.0011457690251850028,0.007542112342604562,0.016242216249808712,0.002059581219476655,0.008717595537101783,0.0035051417607799154,0.00221888622757686,0.0023980688814830534,0.0058513352225581135,0.017392467980835987,0.0011902438558160074,0.011218738335946807,0.001531173496201639,0.01036918057184317,7.809535949041566e-4,0.0067957193789156024,0.0044587391306429944,0.0016746420204428985,2.6852864138696126e-4,0.006103866991644593,0.010221423531533587,0.003829706631581513,0,0.006569805599477544,2.8607192464521537e-4,0.006569686511339516,0.01336590194159698,0.02448704978692833,0.001791391934513098
0.03434561664306512,0.0626187060138542,0.052926100241195255,0.017717931183345338,0.057638078000779365,0.01701125461062282,0.04662809349965158,0.0059780489764787795,0.00666185802823558,4.4483996717188174e-4,0.0031878949929099037,0.002172307495581024,0.002966971415673921,0.051059590743491895,0.0048204627427712405,0.11533193088808352,7.689127498893111e-4,0.004235978981408823,0.0017432636068430982,0.0023637667479460556,0.0029079150093202144,0.0016148949039862975,1.6931245834762217e-4,5.588139789646557e-4,0.011005719255387984,0.02117711300682208,0.28440706775513946,4.8788801379291203e-4,0.011420106038699869,0.009736039370483464,0.0025998395217003323,0.009131918505339516,0.004255840115534623,0.0038771740808831844,0.0026765988879875755,0.004924952594197808,0.019568268519088744,3.010806705380993e-4,0.011952688676516842,0.0017469652406017207,0.012005534286442411,1.929704590903302e-4,0.007751776603680196,0.004784255150165097,0.0017460690051562338,3.367583868933652e-4,0.007977783525245145,0.010188527738171489,0.003910310039522665,0,0.005401163995877028,1.4323150213126646e-4,0.010324420621053135,0.01343542643783273,0.02590245410800091,7.575140084062938e-4
0.027023468294454882,0.06780545408574855,0.05787289607677584,0.013223655465000712,0.05773286129253418,0.017402632735869457,0.04967777640676855,0.005222433782522806,0.007534810335856392,8.878984982707733e-4,0.002942934888717629,0.002189902842716942,0.0031020605368316423,0.04143920313032429,0.00870935249386614,0.1316398860307954,0.0012460716699049285,0.0045378166305895685,6.302038566918732e-4,0.0013678167267501438,0.002006049337297119,6.212983322344508e-4,7.015040463659705e-4,0.006500834201785729,0.012581671199192228,0.014176375335928037,0.27462970279467325,2.40050843128118e-4,0.01153000208197846,0.011509570963377938,0.0027356174712890513,0.009760370617348996,0.0035536376902072188,0.0026489448142476293,0.002190855022344109,0.006474604466826856,0.015289737589325841,0.0010124852372940876,0.011784779238426671,8.730402754325888e-4,0.012134395286553275,4.327963669113612e-4,0.004309250300568625,0.005274716772812256,0.0020440572866323274,0.00103512268890068,0.008492275347809882,0.011698540127002726,0.003640620762309129,0,0.004999951497646799,0,0.009694751709841604,0.013438251091385602,0.028133915932766974,0.0016610874891637337
0.032081280929074044,0.06421569917085021,0.05581812765021349,0.016238667873708746,0.058570169976593256,0.015533914781277696,0.050226392408454404,0.005332085615271772,0.0064021775760401915,0.0012446172124154513,0.0053755528246082025,0.002704209544774903,0.002403972498385058,0.04506621382894078,0.00471113707875088,0.13694836285201248,0.0016716060338839583,0.0038425126702599324,0.0010358654006455469,0.0018018068590985655,0.003373487401647312,6.52254041728199e-4,6.48227894958576e-4,8.017755684055239e-4,0.013119354642669497,0.012349928844201401,0.27144118150080243,0.0013842076259181668,0.007412279899204979,0.013616255082391613,0.0014980531142421692,0.006956569175022225,0.004319556070004843,0.0015161298756522607,0.0016009879415643878,0.007039691384771003,0.01880518059450181,1.2071390789083945e-4,0.01464755658841283,0.0013426069467703736,0.015450658627834318,9.019339954924559e-4,0.007315358331990325,0.004761494045065092,0.0028667441298220273,2.4556907746054975e-4,0.006346864693025786,0.012086817427142547,0.003163421972044257,6.142159491645513e-4,0.004144338324946841,1.648779373127173e-4,0.00863403400532553,0.012540029672981587,0.02634921599030594,5.440549340654417e-4
0.03159736522242201,0.06222320628736558,0.05719723284456386,0.019212966691205282,0.06466203209689816,0.019585772532380166,0.051378532032970145,0.0055112212407457395,0.004421809694470519,0.0016617261371464004,0.002227906736151186,0.0016252996779590491,0.002851442478324002,0.04773496338100441,0.00455778247445402,0.16504297117964328,0.0011968258678711433,0.0034042337633157474,0.0015849361786210519,0.0026890310720660625,0.0025243506607410334,0.002146795152712406,0.0013372498562171293,0.0014623085799728946,0.01034724583740712,0.014639719766219585,0.2338639659479856,4.7351875076259643e-4,0.008757348110046035,0.013324461493498784,0.002152329075262159,0.008977050486955965,0.004141942769190407,0.0036083449208289854,0.0017689142787691275,0.0066769323324237405,0.018705046405594755,1.7425475369709883e-4,0.010884430591665013,0.0034577178401829535,0.010585692893668551,2.1686879443090433e-4,0.006076409980335964,0.00431780113214246,0.0012010563002617831,0.0010783686946819616,0.005592200200984707,0.009990062063469975,0.004846482239941713,0,0.005716036944935064,6.476780056233274e-4,0.007279957187470296,0.014881512799983938,0.026648478057553035,0.001130209504805135
0.03484853403829583,0.061761433539937134,0.062175174484877506,0.015292388681572447,0.05364827383081258,0.013930074628548436,0.051655529190743336,0.004482454500416165,0.0064114849656701734,0.002054207957705839,0.003523287001659669,0.002839914739843269,0.0024471695502175624,0.05348692455143563,0.005105081670635363,0.12277406678581819,0.0011001447395730807,0.004328268779949184,7.081680362249565e-4,0.0026671199296358044,0.0020296066008077913,0.0013571963028790757,3.7038160999934653e-4,0.0012128769510301382,0.012224857289700734,0.016076408322691114,0.27239169509506655,0.001756932953234822,0.010099341909411655,0.014226857383244777,0.002124381268867915,0.00800477837565103,0.004944961791193172,0.0030534019754538157,0.002510422199124654,0.006890589823476587,0.017851391102240825,4.5589139035391205e-4,0.013694431477706522,0.00300550302225496,0.011041267085214973,0.0012139939194243238,0.0050487269750384275,0.004667758154400252,0.0017859480829881074,5.403849454273813e-4,0.0068001579071599325,0.010849739844527464,0.004684666522282417,0,0.007413795452140855,2.6188219557862655e-4,0.0070405850757124825,0.013142816068514359,0.025331820832337863,6.548484912909336e-4
0.03293092493285687,0.06428198151678718,0.05385079770464242,0.016642685180675302,0.055481292317594445,0.01642791839706009,0.05263609338146571,0.005127234567750093,0.007184833042251729,2.3794254664675642e-4,0.0031200232807552055,0.0030129550352677344,0.0034029789437968997,0.04982532146403317,0.00471149634956503,0.13027837350459837,0.0010515385611166704,0.004381745985947559,7.558692797175488e-4,0.0023720083212325606,0.0030878434907757202,0.0016471360140020053,1.5579052879523424e-4,0.0034395291249860824,0.013207207225410848,0.019267969943293273,0.266795745799752,3.753771323836217e-4,0.00969740816857394,0.01481800428776152,0.0034750564390241354,0.009368982234534626,0.0038253479130050468,0.0024402637617352775,0.0031874799883430953,0.004732981540499567,0.01527075182272286,3.491997817713612e-4,0.012682977622536897,9.333958769731818e-4,0.012266151334513779,3.191889716243255e-4,0.007401050585651015,0.0045994618327568,6.831976589654454e-4,0,0.007151213812399095,0.010819473057523874,0.004417855596203563,0,0.007038536777446796,3.187586169107566e-4,0.008128051941728234,0.013891523008577851,0.025565618550737218,9.274552443196044e-4
0.03174962417224923,0.06802511678597103,0.061665863543855955,0.014789549744973299,0.061572485895213226,0.014163236423536594,0.05219940840130642,0.005360123468325212,0.006609699574336263,3.711305819960263e-4,0.004156183051877408,0.002908715014843944,0.0016401552663338067,0.04479100080959297,0.004347070362299686,0.13056626712436567,6.546580993044145e-4,0.00433286361490058,0.0010605377421312164,0.0026677309252262707,0.0017383166705229327,0.0012418118801288112,4.5993073835019435e-4,0.002036982381414398,0.012576437210777744,0.016727395076745064,0.26308081825582447,9.08508000212583e-4,0.00808571494876378,0.012371396686931678,0.0025742918699647966,0.007492003368429452,0.0035822790424101672,0.0062140484072512785,0.002137156820528291,0.005029836385370933,0.02039430143709308,5.101620272818895e-4,0.010628336748742839,0.0022607388778829664,0.011032759390203623,9.271904016341788e-4,0.00649266890591044,0.004376227034637582,0.0011036047006099526,0.0018770126287323905,0.008137871436412843,0.01129841117087604,0.00552626278672977,1.0170944291217037e-4,0.006427132073489637,2.486174609194917e-4,0.007322938575726718,0.015642848921213103,0.025524851875051793,2.780057576736998e-4
0.030342482744592808,0.06443330719312688,0.054282209617542446,0.017010619999031838,0.05356052068963935,0.01185067778073071,0.046777771089194065,0.005090770274238486,0.007315999324013139,0.0020613220947229578,0.0027662744718843337,0.0016611046788098448,0.003479987902256999,0.03985964047273487,0.0044927982952934166,0.13026234954547003,0.001724484046479199,0.004381423358704897,0.0015200970978129435,0.003845070421171728,0.0020384004139357872,0.00230061706186333,0.001360844963709225,5.525945366326432e-4,0.014901962569830392,0.010497364421787043,0.30768808475711845,0.001140529438808621,0.00866166786311738,0.008838353325090701,0.0026436076207599717,0.008604063136780105,0.0033995128342452596,0.004251025599447315,5.630743291782128e-4,0.00732062522467492,0.01606459932555326,8.99202877610041e-5,0.01568139163378287,0.002350982973309247,0.009564862300693141,1.9020811980560265e-4,0.005133346316037466,0.00403617298209619,0.001330741187661765,2.933274776617684e-4,0.007371605187778908,0.00965338079527963,0.004828409921633023,0,0.005072775578953107,8.047484942818086e-4,0.007614577739219748,0.014344930955102236,0.023961189760695892,1.315897682630432e-4
0.030233726746280346,0.06721376491633146,0.05646279107631912,0.01746253692271752,0.061145377174933714,0.016881615473653782,0.047829951458399,0.006626414047797441,0.010086136335361186,3.8138515542518215e-4,0.0037674959644569345,0.0015399941186192048,0.001374554504279233,0.047422621163308205,0.004469781304801805,0.14671266551342457,0.0012886003370496037,0.003918551122371817,5.758581394477595e-4,0.0013672016350500561,0.002624189701918394,0.0011860833667932007,6.366163243852104e-4,6.308758737725182e-4,0.01083174010731034,0.016366733467170626,0.2504875621752242,0.0011278877858504296,0.008247382802231633,0.01231662993591234,0.00259817129883923,0.008388628995204327,0.0036936010968061524,0.0024638237135899636,0.0025098606854757157,0.004175273832401411,0.015975822339137604,5.967132999143596e-4,0.01646350352489624,0.0019044664787955968,0.014492073435864741,0.001030333455328022,0.006432343828328033,0.005083071295198505,0.002228945914482656,1.903435632808133e-4,0.008154593286055766,0.009586703074550926,0.005197475360584733,0,0.005919379537749851,2.1885642262627048e-4,0.009471121352932675,0.0143692035775653,0.027258302320198335,3.806636595958942e-4
0.030485237341403775,0.06767832222068035,0.05804921126919813,0.016452333035225346,0.06211142040643157,0.017516802039564332,0.05026763002066804,0.004797709580340545,0.007837589472162405,7.698619770974228e-4,0.0030102282296320185,0.0015550468428601335,0.002503349025071108,0.04515917032358037,0.004415444384145627,0.13319219172512914,9.991593256376515e-4,0.0034581112802218993,6.826804249199693e-4,0.0015178185712196016,0.002673540866974827,0.0016272836052207693,5.539170469755504e-4,5.462630305818793e-4,0.01579488559824215,0.011061864542187477,0.27625921643127727,3.293980413123408e-4,0.010344562884658967,0.012185742760923384,0.002066154387719077,0.008908917647575797,0.0022619273812554868,0.002390632005878105,0.0012913443979807276,0.005223794478352385,0.018455466554731716,1.6951637417508852e-4,0.015954024443557528,8.629016599120614e-4,0.01208819169424143,4.366265117189348e-4,0.007876323772391985,0.0034462529386712353,0.0016180325260987591,2.062937475802993e-4,0.00693897908469684,0.011023217813448947,0.003492387923481094,0,0.006905980270337645,3.9681893015693656e-4,0.007794998451980099,0.012295392990756389,0.0232823320800717,7.774996296856875e-4
0.02825581463339237,0.06328448766385725,0.055750956168726044,0.017833768762615963,0.05880131580765142,0.016243594060811873,0.053418320784567624,0.005052203457608225,0.006137873056690022,2.9499785738332256e-4,0.004719596510993016,0.0029749561806879745,0.0021672907674895082,0.04583499906939395,0.004139456237615699,0.1685031887116819,5.681854453559284e-4,0.0045893385189006985,0.0021140221563684496,0.002101515095445134,0.003109557428203651,8.565499712817781e-4,0.0019954654159650034,0.00132775813483209,0.012698228175879718,0.012422686047134243,0.2389637143792789,8.939263901410052e-4,0.009760140866933864,0.011942027037320708,0.002403230809730102,0.008279533680895769,0.0033469562669100695,0.0016996206136310726,0.002744559429776805,0.007050020258729514,0.01983175010660191,5.387140150866012e-4,0.0100248051345173,0.0010432850476553496,0.007876699388843103,1.9185721967740653e-4,0.007128708263026863,0.004633779518033567,0.0029175002917632025,3.5364640032536834e-4,0.007506293565198692,0.011543794535849977,0.00451754598763835,3.947392057388236e-4,0.005339846023540248,6.352997750348105e-4,0.00785252105458845,0.01237471165903378,0.030535473526364793,0.002479173427600728
0.03387399997395424,0.0678255350752649,0.050397415771531576,0.015384063200157817,0.060534838890351474,0.01493250951821638,0.051196698394447245,0.005480798017335558,0.0063754887864056,6.627561195065127e-4,0.004797600143730865,0.0011888428939019987,0.0026847023160690474,0.0486237637841031,0.003110267907897796,0.11996720361911363,0.0012692548520107853,0.004584183968724729,7.852314481584541e-4,0.0019774086257503213,0.0013264832030942765,9.603415567032912e-4,7.404896412361267e-4,4.2818308316406136e-4,0.013588446281899053,0.012733133313333481,0.2840388954912853,2.775868687170796e-4,0.00919083346019761,0.01340616341914159,0.002988015632489326,0.008580380040308143,0.0028601703433415097,0.004304249283470097,0.0014807110119381764,0.004864168982789774,0.017118223248529633,0,0.016080829631177008,0.003099608086106548,0.01327011385984987,6.312399066792864e-5,0.005737112762753188,0.0049031895386131875,0.0011741360965162825,2.222174678550384e-4,0.008926689888574469,0.011671113629299972,0.00629595174074212,0,0.006075299900510343,0,0.0078038730015619244,0.01463339371445743,0.024693854196139352,8.104543269047852e-4
0.03104590095904659,0.05825835699251646,0.058782793582831096,0.015151465084070798,0.05695564707179722,0.01831517447774028,0.04655782526188428,0.00414032483243839,0.007859374077503195,0.0018493474551333807,0.0027551106149898363,0.0016766586277669523,0.0042832300755560266,0.04474542364462382,0.004410200345172025,0.12939474679307827,7.168408236299439e-4,0.0041692428221029075,0.0016774754818845417,0.003368146993823401,0.004098868357719184,0.0010326229736463326,5.832442198730413e-4,7.182567793172018e-4,0.013740727334551898,0.009936922930928238,0.2836188549039649,9.837995804729824e-4,0.006886104581512082,0.013353541190618223,0.0026265296534701485,0.010781396646305756,0.003523365748637926,0.004159845389345689,0.003648726228951471,0.004853252992540173,0.018474510673738138,4.6118548308306896e-4,0.012672780384626615,0.0019021357498813615,0.009100542840824118,9.035937577883601e-4,0.00855284892448968,0.003747012959573719,0.0021893524888406176,2.2243013778938873e-4,0.007749646650578212,0.009493308865591979,0.0035113740142812813,0,0.008183165121102055,3.5233087155223954e-4,0.0066089274760886794,0.013469918983441988,0.03052957694863129,0.001216012138652565
0.03317292367820521,0.06937452390702183,0.05232703193773842,0.01625185480927898,0.06035073343130607,0.014114004959684743,0.04510591985257141,0.004183783214488719,0.008495509146470402,8.229787356399302e-4,0.00288234759644297,0.0037662177525273903,0.0014701551809492698,0.041681017606348326,0.005188845776887487,0.13969336684730846,4.3526821012596025e-4,0.0042400619637522965,3.697687542373555e-4,0.0036042656869486648,0.0027828375487343408,9.064381665520885e-4,2.067514585291276e-4,8.920254347131308e-4,0.015018526305604171,0.010299155388409205,0.27845519391783685,6.446798749100324e-4,0.011067656528131766,0.012199323549956597,0.0013186533098478424,0.007721396277753551,0.003293001287905005,0.004432483031304009,0.003532394354297624,0.005444190752802802,0.018415677448418998,2.077063072427958e-4,0.012209556543204889,0.0024570090214719007,0.010851772300643337,3.113867372684308e-4,0.00847987518065201,0.0033363513064387893,0.0019700759769975384,0,0.0068894429818059,0.008543644828314396,0.003242952064364134,0,0.006082851462680687,2.9604790393729103e-4,0.007986003229658072,0.017148886613600613,0.025290595423102025,5.348784349761298e-4
0.03131497665731329,0.0696413370537819,0.0555630772277031,0.019498692834991237,0.056953094345285796,0.019307411772052183,0.05479624370743803,0.005529651787427273,0.007812915588570321,5.572610094199003e-4,0.00418755975763038,0.0022401752473972625,0.0035319716498754135,0.04980732070777686,0.004833780565458447,0.13153154465033673,2.595305052223892e-4,0.005480344386721613,4.3809433947953084e-4,0.0030730114217649993,0.002683765440466556,6.062811531005876e-4,5.554254526421246e-4,0.0013908750972217222,0.012177401586814221,0.014770815994927132,0.269466130460733,4.5288027036816635e-4,0.009725603999909897,0.014058952050328892,0.002309671152107178,0.00932973794852431,0.0038320247709713604,0.0012599035128601326,0.0015536351952015737,0.006903483934278437,0.01392772376345508,3.151588149966583e-4,0.012122279461609285,0.0012684342436094923,0.014065407304467701,7.439105546389769e-4,0.0062161666377255845,0.00436917890377143,0.0018139405751336963,3.5553364850517583e-4,0.0066275588421006466,0.008706615014180902,0.0026988475494057833,0,0.0056085475538076,7.47096448035402e-5,0.00691775757527083,0.01295589399546239,0.023714958668862446,6.27940120909111e-5
0.030118519751311416,0.06497542183121557,0.0510358531373382,0.01693989863937126,0.05877345863504153,0.016091145594020584,0.05106247354679222,0.00461349805083091,0.005917198479741044,0.0010225805816839438,0.004221571471455543,0.001943584639319044,0.0028346391564988997,0.04374986295824266,0.004583063505798238,0.11789015877852616,8.474683135884576e-4,0.005669933712389539,3.769559843849166e-4,0.0023512710463545975,0.0032128122789415476,0.001894686518446764,4.7110775187752754e-4,8.412474358908293e-4,0.009388224352029781,0.01254978254789162,0.3058265301775064,0.0010775516414448694,0.010432506688090757,0.008652929427276685,0.00264181090570607,0.0073687551156442835,0.002996084293511302,0.0037240933165551926,0.002644893359181408,0.006014958159949288,0.018560127183610213,2.0404505366618828e-4,0.014246765944036748,0.0036216510514365443,0.010007064915715347,0.0011722160039335165,0.007328719330624218,0.004467133644794898,2.3726501790269155e-4,0,0.006915219639314412,0.0109392974273924,0.0021937443130058947,0,0.005612740185166438,1.5527131536614396e-4,0.009052693265356442,0.011749465864750864,0.02758013082448417,0.0011999172355938192
0.033696438234566896,0.07314135096450222,0.05603606581324258,0.015282560308251973,0.06352854934141286,0.015820974658009457,0.049320934287791926,0.00585910537769509,0.008371284395401154,0.0018069400157966179,0.003471667174498539,8.861096324485483e-4,0.002007881497891031,0.04877431234757929,0.004895426287228339,0.11248772959976808,6.806959767831221e-4,0.004294416515898081,0.0010634931570756582,0.0017072056954268492,0.0017455633004430367,0.001331149872420138,7.75399899907908e-4,0.0010773987955222906,0.010736079370814453,0.01728019105431936,0.27521009901462234,3.4603542408506396e-4,0.01259707882450797,0.007466986684262349,0.002979626830844126,0.007835641451460025,0.0036891353926355383,0.004650013060443115,0.0010810414738024897,0.004624815936950823,0.022351671948861077,3.9221964085917304e-4,0.011516073751727559,0.0033584111624627095,0.012338797780416362,0,0.008103121985857643,0.0037858671326979686,0.003237790047627343,2.700053092889958e-4,0.005618989899661623,0.012329074115392418,0.004659734037391583,0,0.004622727750318101,4.249837808203931e-4,0.009425400649189347,0.013468214196504801,0.02635651015789374,0.0011810089847198516
0.03317308128687682,0.062337638473547625,0.056291399994122325,0.017242032986437852,0.05798066546925381,0.015475760414735636,0.04682922409322981,0.004230422068206393,0.007175323659000826,0.0015557461260960472,0.004819042494848561,0.0014780285756837393,0.004050627909215081,0.047989789913103695,0.004946256790299424,0.13590496871391275,8.085157019598606e-4,0.004710884867845251,0.0013131332033692231,0.001953349555347952,0.0017120941870182199,0.0011111458836865781,0.0011462135534028777,0.0016404536183606637,0.013133177015938018,0.014725739138186266,0.27430060201255724,0.001155034237027823,0.010281426957337777,0.008782634874763226,0.0037655197326621243,0.008532132617781428,0.003754887817834055,0.0024151216779121918,0.0028896413786698534,0.008171081231344749,0.01547368287547163,8.012640493647742e-4,0.012689466298516748,0.0014675696769979605,0.011703646109578116,9.370180874525662e-4,0.004737488314284202,0.003195512837854201,0.002305381003665292,2.5260852948395145e-4,0.008312559322925557,0.013240109289472144,0.005219855076396226,0,0.005203753698581344,3.5262439022299926e-4,0.008455392838438968,0.010766627461477,0.02643251770333861,6.701242049019529e-4
0.028184420566830785,0.06603743760508025,0.05825477672027588,0.015654396186235004,0.06127705022551382,0.0150707723023687,0.05238330538040178,0.005922518685962848,0.008822268637972383,0.001768019735167511,0.002523587660449023,0.00330516230973498,0.0024821079707711344,0.042330068644596715,0.004183995278234033,0.11498471806630876,7.557366097437598e-4,0.00645959377675233,7.102039826921882e-4,0.001360034150093835,0.004834609445011353,9.41616626254272e-4,5.898075337673019e-4,0.0015287421785531302,0.01121339253967568,0.014794347179765972,0.30051236175574497,0.0011930278501801556,0.00912508611349726,0.010473915037363914,0.0015725561635100637,0.009873522835483057,0.003257743483696457,0.0023814001896134652,0.0019234340523663705,0.006328929168594588,0.015499608797919898,8.370198282021928e-5,0.016200890545231918,0.0013364315179474002,0.011397166593818947,5.395724326810996e-4,0.0061551314022065505,0.005638864035966089,4.916932198381936e-4,2.7592400233444913e-4,0.005380870171517775,0.011545726187870106,0.003444517775922267,0,0.004821107922611932,3.945552405263896e-4,0.007287515609610764,0.010948982802298295,0.023957487425479165,0.0015855856851347734
0.031108090625602967,0.070777141333828,0.05947792996451091,0.015225214330485444,0.060461936645872544,0.012835200312783122,0.048992249736615416,0.006365458337606232,0.007630131760266881,0.0023678972096493143,0.003013733538208124,0.0019282706756253549,0.0022843555557529515,0.04334529666480922,0.0040139179383445476,0.1316062582671779,9.129993163061974e-4,0.004902177011592429,0.0011050144795320242,0.001956115061513702,0.00243519876454619,0.0011846829698713124,9.299226911718982e-4,3.056922788616796e-4,0.011722693051566362,0.01833776127480389,0.27010826536116445,8.313737861576917e-4,0.007320373028585581,0.011894494003592434,0.00411231950082085,0.0076964283004325295,0.0036305836321060886,0.00519346001751172,0.0037324284041176303,0.004578894962668959,0.02011723163809857,3.4333404918050845e-4,0.012364216648389766,0.0034289528590830368,0.011793688454822438,0.0011787244286950707,0.005511251712321727,0.004338051846250437,0.0019303142428430226,0.001050748155746446,0.006130044313001649,0.009761322847395759,0.0049661008673692495,0,0.005914059827917345,5.465552943482955e-5,0.007270680807441036,0.015271373013740708,0.023255059789466924,9.96228174738937e-4
0.031773740781445556,0.059730512863822104,0.05929209430507544,0.017796406747456233,0.05774662680520548,0.015105828504624353,0.047036497018557014,0.005528421622718767,0.00830266753981798,0.0011860864233610997,0.004430996733660371,0.0037888964311066265,0.0021705565739458216,0.04871691890399735,0.004006080596621977,0.12620740279008164,6.295166867018849e-4,0.003420654007752115,0.0017370179455755868,0.0017871366794895344,0.002554572303513929,0.0016026233457324107,6.540639936892827e-4,0.0013339994290736527,0.010996277558568909,0.015170599499580512,0.2852234130984399,2.0317008060745902e-4,0.008972978413004654,0.008832781222591915,0.001965170533131303,0.00843586072023287,0.004031924151057264,0.0037676204924105812,0.002082348264296287,0.004930750486265586,0.019072957627802378,8.675388702441477e-4,0.014478765103244936,0.0018961257589294005,0.010569272371028112,8.101038116951616e-4,0.005710083767568473,0.005093397600994236,9.193568565189457e-4,5.716247192072763e-4,0.007860253167520813,0.010447161542312526,0.00592323675032577,0,0.003170932891998145,9.013196376149759e-4,0.00843438246873779,0.011908215440396925,0.029410412050416612,8.026460102299191e-4
0.03305895488927824,0.061877157961058686,0.0536078006934864,0.012693676643422813,0.05831770398111175,0.01809160497399127,0.05379504258098709,0.003693218151023506,0.006742656565980605,6.05086992745775e-4,0.0028873083069487627,0.0025867183582550766,0.002848792492696391,0.04700791379311689,0.005319940003404221,0.12055862498587476,3.9641456488634895e-4,0.0035524260787271876,6.843819759076701e-4,0.0026879304785076856,0.0032950647774074174,8.503014866154597e-4,4.2953749754961286e-4,0.0013469365330867988,0.011919250923033718,0.01313406206615872,0.2938228472732805,8.091363058458296e-4,0.010554680329450372,0.012961562075802537,0.0036616921216183836,0.00794006836521867,0.0035523257724837643,0.002248275285223901,0.0032996951365065917,0.005459958603112366,0.018040597688891272,9.500745466290919e-5,0.013645657788836616,5.331537634171565e-4,0.010529957738182496,0,0.0075360936630398286,0.006903530839821284,9.166221358190284e-4,8.931969500841385e-4,0.007019557969324725,0.009236575154264825,0.0023031713319300305,0,0.007163594614241636,3.218917069809995e-4,0.0076651356390788,0.01368757955731011,0.026039614918855893,0.00117031206145244
0.029729173867380835,0.06881967343943254,0.05978961616341895,0.014223800959626283,0.060150737487789964,0.01837215874218289,0.049378578257656604,0.005150915451466604,0.0069025435512058975,9.189947516309458e-4,0.003849161082034433,0.0022606109288361865,0.0026503888681605396,0.048186857217924,0.003954076085188836,0.1294657615902534,9.92439730704283e-4,0.00477978421275299,5.873899455731077e-4,0.0016823484985547476,0.003751380553897208,9.469071155768534e-4,3.6469056644613965e-4,0.0017797596296260387,0.012265247693212735,0.013961928842471638,0.27096485232606443,2.7014563142125725e-4,0.007684822076664356,0.012033157198295135,0.0026286448895281697,0.006806319903075232,0.00447800830329291,0.003274918921297826,0.0014074167418086077,0.005959193650304974,0.02235036446290685,8.884091868497428e-4,0.01362135833418719,0.002129022495217489,0.012569644239319049,9.138160653602033e-4,0.005921706919777961,0.00546882277599893,0.0022311669646949855,0,0.0065744450104246325,0.01082292376390944,0.004518153534500649,0,0.0054620059134122744,1.7616076393306887e-4,0.007611071846654111,0.011074356989483633,0.02581300458077228,0.0014311612778399624
0.03475566341954644,0.06057543863256464,0.05754866985040839,0.016439106578350137,0.059242675313569644,0.015524960876320108,0.05089731809901571,0.004873955599994059,0.007964209957337997,9.963749201505074e-4,0.0036950872407488997,0.002371285736257335,0.0038674113561862353,0.04290660590544585,0.004497103965474131,0.13022202635686897,7.945002877334376e-4,0.004015145660879043,7.93577024496632e-4,0.0024401251549470396,0.002542303381179426,9.361439550712948e-4,0.0010252146530763868,5.885126654178165e-4,0.010507622111991495,0.016733164226661074,0.2860822571866944,0.0014761532537761694,0.011087008046110399,0.008916247592259658,0.0028674904146208397,0.009317470577779987,0.004187293293341267,0.0014742517738441953,0.0021184188081106742,0.0044147441905747495,0.018665007354890257,3.6328368771258257e-4,0.013912462563147791,0.0018452556607815053,0.01045099409649913,4.3981814213376035e-4,0.004903933783518341,0.00313226813813511,0.0015054392719747894,2.0062178948105868e-4,0.006987675041108888,0.009617842795967682,0.006023974183484193,0,0.006144469175990258,8.110568507278527e-4,0.007589268040126759,0.015225356878141723,0.023336317619960842,1.494168594124485e-4
