i2_health,age,household_size,cantril_ladder,r1_1,r1_2,week_number,hl_covid_num,vl_num,region_Islands,region_North east,region_North west,region_South,gender_Male,i9_health_Not sure,i9_health_Yes,employment_status_Full time student,employment_status_Not working,employment_status_Other,employment_status_Part time employment,employment_status_Retired,employment_status_Unemployed,i11_health_Not sure,i11_health_Somewhat unwilling,i11_health_Somewhat willing,i11_health_Very unwilling,i11_health_Very willing,WCRex1_Somewhat badly,WCRex1_Somewhat well,WCRex1_Very badly,WCRex1_Very well,WCRex2_A lot of confidence,WCRex2_Don't know,WCRex2_No confidence at all,WCRex2_Not very much confidence,PHQ4_1_Nearly every day,PHQ4_1_Not at all,PHQ4_1_Prefer not to say,PHQ4_1_Several days,PHQ4_2_Nearly every day,PHQ4_2_Not at all,PHQ4_2_Prefer not to say,PHQ4_2_Several days,PHQ4_3_Nearly every day,PHQ4_3_Not at all,PHQ4_3_Prefer not to say,PHQ4_3_Several days,PHQ4_4_Nearly every day,PHQ4_4_Not at all,PHQ4_4_Prefer not to say,PHQ4_4_Several days,d1_comorbidities_Prefer_not_to_say,d1_comorbidities_Yes,vaccination_status_1,vaccination_status_2,vaccination_status_3
0.099002898213864,0.0343965266353507,0.01776873488657247,0.009391374801065439,0.15293335341548742,0.00959055004019491,0.0958965061744543,0.0030788313571411363,0.0041398569672246935,0.0036627676922511457,0.0035078752485326603,0.0023808367322048158,0.005836493259388953,0.022412985319846843,0.03151285755504609,0.16244051984909172,0.0017475892637511716,0.0036046496143305774,0.001037911956377173,0.0017383133125153456,0.003982706809230986,0.001410958096958159,0.00146667356016461,0.008251807184846909,0.009086222880097462,0.021344626337121697,0.15898459115239302,0.002345320992954373,0.010571187026705064,0.02680596174668093,0.0021871260582085536,0.002561346724938793,0.0012678905149690726,0.013812061238785957,0.002162436903124283,0.0017179951504266396,0.002621737578850165,8.735576382120733e-4,0.0025968359720218094,0.001576645215554401,0.0031037590872801013,5.804101288921133e-4,0.0025386581527050405,0.0017369794177920226,0.0028179170024483923,7.424350679357133e-4,0.002053623666136903,0.002926044544242093,0.0028048671501447126,8.321053458853828e-4,0.002259999263472612,0.0010212536580297851,0.0037159507486887416,0.004409238428220319,0.01744903630716426,0.00929860095402533
0.10400938642543515,0.03596213006125394,0.017728432248758183,0.01012678964785031,0.14778578788374894,0.009080891537993125,0.09897734667276521,0.0028812205361593945,0.0039000264615961355,0.0037742907012149546,0.003362019266853922,0.0024856106685864064,0.004715591424279864,0.022381539108695694,0.026498735042138108,0.16244542148747435,0.0014023047329890484,0.003907344115543365,0.0010204763967888617,0.0016599536833078604,0.004311121016171407,0.0015826747644605962,0.0015046498166739974,0.00793741771038619,0.008384035540379696,0.021406010225403168,0.16627884671778612,0.0020433251263014267,0.011185748395388367,0.019471109878536435,0.0022953158457337686,0.002737949309065827,9.93000336608502e-4,0.021270154959729712,0.0022003863724620425,0.0015693648615805705,0.0022724749682026114,0.001234269935572462,0.0026411318294270745,0.0017595646005929013,0.003372400184323452,8.2940439895172e-4,0.002359768582779682,0.0021811963665374742,0.002237650782734434,0.0011497681878339212,0.001608181713627092,0.0024389952413146386,0.0025359922115016295,7.682984250747637e-4,0.002099547191268492,0.0011139508562741586,0.003534003424768204,0.004612276198395812,0.013004712707104621,0.008970003213614288
0.10208042777827932,0.036421460087404156,0.018018601567463464,0.009575525171186169,0.15044898300843645,0.00953239072221918,0.09466410878227069,0.0029595667432534695,0.004322890053854624,0.003738444186964453,0.0037321698365759804,0.00244643627650243,0.004768901441170862,0.022990919557104,0.026921607455903454,0.1651264559758491,0.001532738154392061,0.003574332293039563,9.914745174830874e-4,0.0015356678306606157,0.0038589452332208236,0.00162936280740045,0.0011199590278851384,0.008798063661613575,0.007464767493182505,0.02542748997119096,0.16426409931243022,0.0022502484163765372,0.010892336112419547,0.02063275471590008,0.0023286751435761953,0.002531920699991967,0.0012272039861996003,0.015509020721052392,0.0019579477396925774,0.001420787675481754,0.0025220236255241156,9.93040584203327e-4,0.0029534977482789876,0.0015333575182124512,0.00347877287952231,7.261366327898618e-4,0.0026279507847264427,0.0019778105557011027,0.002809560024707957,9.154611048832364e-4,0.002039280437441242,0.0028574580493276416,0.002640779280150881,5.923340637599662e-4,0.002037001491723735,0.0010555480677265374,0.0031084491897753657,0.004106251861962675,0.015461474561064314,0.008867127380890481
0.09701969614534649,0.034527408536465284,0.016955249243655143,0.009147102947639455,0.15505677126759,0.009751721453983613,0.09804207856451026,0.0031377032647567312,0.004448869333035839,0.0036163921602654693,0.003330179286784373,0.0022400480765920865,0.005700593377731141,0.02593516380181405,0.02814461804714291,0.14917611999086858,0.0016120704505274768,0.0040545065081042456,0.0011021434800632993,0.0015860028419646891,0.004683285559867267,0.0016979108065548504,9.214937228419275e-4,0.007039753781717257,0.008518256918012675,0.019477422467040647,0.17904906820962938,0.002138703582398313,0.011242489117470167,0.02209653530281443,0.0023675678661980878,0.002407817430855315,0.0012550281457848651,0.017347199656923315,0.002123102863423461,0.001570487290023209,0.0025586650475191114,9.34994840856049e-4,0.0029629115512066493,0.0015053695175646644,0.0034170183766150408,6.24843906595978e-4,0.0025039742228401213,0.0018938571747975379,0.0025708557125745674,0.0012347593128086193,0.0020661838210066044,0.003109251919073094,0.0026365404005624774,9.143993671293662e-4,0.0021067051092601772,8.771186856255455e-4,0.0028624366646734915,0.004396185780287329,0.01370561256587426,0.00859775452273307
0.09902879755634461,0.0362080908951284,0.019550177012545498,0.009524120822338156,0.15840170157764688,0.009608366301774671,0.09454804062985477,0.0029168173260275105,0.004246286984893753,0.004235461116376093,0.00360779709461009,0.0021623167099811286,0.005815432579136341,0.025679698173589224,0.021521569498979005,0.16536103093690133,0.001673219141443819,0.0035757886068044217,9.454112585578535e-4,0.0016090944773054156,0.004261339192920347,0.0016367055809641453,0.0016275014742417112,0.007284614740311322,0.008398739196405136,0.020953848405741236,0.166278204395205,0.0023465855748406126,0.008658551714844266,0.01804798855001802,0.0019811916805938436,0.002154063591085149,0.0011743462221467933,0.01826016039909399,0.0024024695285991176,0.0016052431311144723,0.002357054728082937,0.0010066794887536273,0.0026766300243542766,0.0016500194131182167,0.0034496446371781956,6.48532757247055e-4,0.0024841070314272264,0.0020045964492789842,0.0027009631041514047,9.432114591024718e-4,0.0019883607941189275,0.00287550821209466,0.003120031564553104,6.007539308904844e-4,0.0020268680350918507,0.001017860014109391,0.003164589765867402,0.004407765084596571,0.013413002990971274,0.010173048436647812
0.09927498307973047,0.03912049690648847,0.018799038641392117,0.00983345789185289,0.1534478225090597,0.0098210430249875,0.10457473522773633,0.0033227841638462426,0.004116151739618024,0.003987877286472899,0.003419038827692626,0.002479428298242334,0.005376520161976781,0.028068338776520183,0.022326215666167416,0.1431040288081283,0.0016611535295611491,0.0032870581336181615,8.818816846426716e-4,0.0014713486501839919,0.0048156393540333495,0.0015618914813242824,0.0014941134780840487,0.008588623352670839,0.007579600558853109,0.02248062545704094,0.16813870528642819,0.0022064013367547727,0.014866843913350426,0.020129157228584247,0.0024777554554444845,0.0022467801325153423,0.0011827825774141174,0.017480236581491934,0.001979084353955998,0.0015021268495218566,0.00260956988197328,9.930957157231308e-4,0.0024912303355114963,0.0017111753150662078,0.003205209411245781,8.424500988786426e-4,0.0027070509040618717,0.001942363867438678,0.0027101629333060374,0.0014110877073033189,0.0023187044212567725,0.0028033058790030707,0.0026494254491012995,9.210546170947798e-4,0.0019218307207586266,0.001044669057934253,0.003674331296814337,0.0034938182231033957,0.01413744930556925,0.009308244453469512
0.10870773697719888,0.037031811151512474,0.018852159536425037,0.009303708358987294,0.15505354311453673,0.009597215181637047,0.09469676181188542,0.003128312287577054,0.004211972970206476,0.0033187162780595786,0.003994519789370763,0.0021118349896868294,0.005735472355191221,0.025652104042781787,0.022775838029922238,0.15221104250139267,0.0017373706844119835,0.003396066801953104,0.0010106188239297528,0.0017978522422240958,0.004218467621516485,0.0015756945831664683,0.001224456434588689,0.00844625335975608,0.00879108489519089,0.018670326659860837,0.1655026362712667,0.002289517008629329,0.009383783612110575,0.023020442700882052,0.0020157869516158108,0.0022347540940174733,0.0013108075853845826,0.022350757826806563,0.0024535384325463606,0.0016719487030577252,0.002545717233699095,0.0013628303669160219,0.002828411542785259,0.0016036808458891898,0.0036266305129540053,7.528964359151351e-4,0.0021562888901547708,0.002094002534284612,0.002516378042006263,0.0010802889166187152,0.0020235184180181914,0.0026927855854771083,0.0024750610647052244,8.09466103178728e-4,0.0019420660154570665,0.0011026722192170057,0.0033858305891647923,0.004461573308602662,0.012249916467752428,0.008805070237916697
0.1011560315067977,0.03635831433064893,0.01737901335346254,0.009845150454950522,0.15157031668017362,0.010037717822816091,0.09582223391658963,0.00281055204355881,0.004037572789950489,0.003868838089468976,0.003539548142789202,0.0021055990945877535,0.005243714350743021,0.03001010895914161,0.027441140638386954,0.16243931711794327,0.0017195447102911314,0.003483641148244998,9.235273583382057e-4,0.0018404740606528833,0.00437577000326255,0.0014599438991043485,0.0012058426957126834,0.009386582524367306,0.006837134810788808,0.0251750806146377,0.1583475636561558,0.00218495044196643,0.010713229870077232,0.017533755945712326,0.002394341603615143,0.0022185105385828757,0.0011819977490775046,0.02129244839622236,0.0020955160455690324,0.001428640337229562,0.002209680055864415,9.376051953082347e-4,0.002648315659914484,0.0014948247020856412,0.003467959855443491,8.280203995764207e-4,0.0022169769516269763,0.002044410440333328,0.0027078742027594805,7.763026678084372e-4,0.001824224399900606,0.0027837715601096076,0.0026617890654999895,7.077400830648028e-4,0.002267446885538334,8.835385741327459e-4,0.003070895449340066,0.0035235300199584017,0.013487381561878009,0.009994046568238633
0.098702081430209615,0.03785802632449958,0.01859813804394601,0.00985555548243081,0.14951801492256508,0.009412823089841097,0.09674739184239058,0.0031898110032944995,0.004311343797070787,0.0033184997364550275,0.003653943136572083,0.0019448898404571264,0.005475217906849424,0.024878563237103742,0.02679553636264397,0.15040896388017158,0.0016575662497763308,0.0041672086703118906,0.0012401541309863704,0.0017066659874983563,0.004276951297663687,0.0014482630843390832,0.0010479184307621726,0.008729364123364683,0.007313534244227828,0.028171025936424232,0.17593272633640156,0.0020266050558245805,0.009344188805565699,0.020076156181238165,0.002301589441179847,0.002142930595655787,0.0013012383028008815,0.015320404806571547,0.0022587374163753294,0.00136357306387457,0.0025450723007832974,0.0010377915023827137,0.0027006731923965217,0.0014829685149402188,0.0033947388470669236,6.30426684810596e-4,0.0024441593213846303,0.0019499639685137669,0.0028451902396652035,7.111583352243073e-4,0.0020050480028833725,0.0029757889643957304,0.0026315515823363473,8.19721127039835e-4,0.002136789726142002,0.001073546957531323,0.0037904383385474172,0.0045241055083329665,0.015477053738196085,0.008328210950083249
0.10223431285181893,0.03610084423173037,0.018341212791352975,0.009220503161689554,0.14597627456185183,0.008912864384615396,0.09268153307747613,0.003096172749363655,0.004124419162946153,0.003947485549863347,0.003616896665922003,0.00218161375410726,0.004670187620442687,0.024063617684914173,0.03191795864068941,0.16371833613149672,0.001757988480005428,0.0033179951690745723,0.0010061495183273789,0.0016336914194262028,0.00432436719822106,0.0015436525678524232,0.0013585320071932366,0.009843750595173346,0.00703598255601853,0.0232858340462683,0.16577158894156765,0.002210820584099914,0.011532861377552758,0.0194738877455514,0.001991062605754273,0.002190271652537001,0.001114778067170761,0.019871886918337467,0.0021761349755294052,0.0015790945316290432,0.002417415955438231,9.969747207355247e-4,0.0027877816511100934,0.001710972663409812,0.003325221034005286,6.66488798978031e-4,0.0025284430340757687,0.001976964528599027,0.0026483757094085867,0.0010683868350567218,0.0021846140562051396,0.0028118638964777037,0.002065052042693268,6.887967955157649e-4,0.002214887428685758,0.0010731790386881005,0.0033024608619478244,0.003383287964536884,0.015545351048854784,0.008778917958006947
0.09563762634621616,0.035812392812580925,0.019542436953134727,0.010036036406905974,0.16183979714491714,0.010417683713359105,0.10062713786664829,0.0029706049977893736,0.003958402359659762,0.0036596812959773816,0.004788992224943705,0.002072867857567548,0.004585173656258694,0.025170748183287746,0.026492583445401934,0.14520408933537393,0.0017706638256075225,0.0031611468843604634,9.990991194916861e-4,0.001682260516346264,0.004361372905479072,0.001578638256199441,0.0013624433940401031,0.00858802964558941,0.0073458501515398554,0.023919349798202948,0.16660023973435265,0.002410711762202316,0.011411140833886441,0.022717074513143067,0.002200527785854652,0.0021637257828155407,0.0014168206339561621,0.014265400106182954,0.0024749627942624902,0.0014835825012974825,0.0028549934085357162,0.0011704719005133251,0.003242841534807085,0.0019382409143786038,0.003546750369822423,9.258040033035365e-4,0.002402416134605016,0.0019810770856071875,0.0023150621533660075,0.001467417628053377,0.0021934625740503886,0.002973262046926849,0.0026101195748721782,0.0010503558197068501,0.002140638984090854,0.0010168398103122243,0.0033547594056349494,0.003437278860640243,0.014595657845003879,0.01005325440093637
0.10476232116091871,0.03623570413811275,0.017726713208256938,0.00912933209139136,0.1476595556790779,0.010089977029033343,0.08994550027402654,0.0030392806251636375,0.0039154548436687656,0.003592491497382585,0.004695301023378987,0.002125709171376922,0.005702695156138768,0.0247656145909896,0.023667219263073136,0.1649954569460502,0.001648861161455321,0.004141363745202398,9.054294240060325e-4,0.001527824758545151,0.004981424493707636,0.001346495896975534,0.0012173037612293646,0.009452955380894598,0.008017233303806421,0.02235487053223712,0.16785964393428485,0.002116556612870254,0.010316053334226865,0.021678961364798115,0.00234201016723597,0.0021241859032330463,0.0013161330501877712,0.01750568172562724,0.002211368036945841,0.0016330462766774826,0.002416221244575206,0.0010146311155418977,0.0029359275615379456,0.0016111236564859584,0.0035155422567286106,7.061134254986599e-4,0.0022730243962212973,0.0020470076045162,0.0024058119951638553,0.0010652611918046636,0.0021178445090699253,0.0024893749984082436,0.002540806299814533,7.347087113059274e-4,0.0020220310449884497,8.971746731583956e-4,0.00333343952986192,0.004415991182808792,0.015148163381355766,0.009564071658966633
0.10412271065625321,0.035305528138769436,0.01696225207463606,0.010345705983777601,0.16093980361336802,0.009780288109203046,0.09001380796484204,0.0034638561943790337,0.004282929672613313,0.0037228091604272107,0.0035120239484379284,0.002188586518151772,0.004697730820269328,0.022487759866289807,0.024103707670385083,0.15928190978010437,0.0016065786088395684,0.0037265442915184878,0.0010535052676670525,0.0017604349710002702,0.004352478392498336,0.0017684834702052798,9.648896782293595e-4,0.007147725453244051,0.008268697804801904,0.019275144197363116,0.16847252319333647,0.002208507039760794,0.010270960408120495,0.022656452372767318,0.0019953974947877376,0.002192195070101377,0.0011328266846375992,0.01851326834916244,0.002205320240324475,0.0017500544625135566,0.0026735441224988938,0.0011122725241930987,0.002490599143992162,0.0015680010546383152,0.0034583715767428176,6.461384883653729e-4,0.0024153393292893253,0.0021694070762591795,0.002491996198547191,7.411988377046484e-4,0.0018321687864069451,0.003096466923038039,0.0029283767756999785,6.460718884499533e-4,0.002415940765843544,0.0014049184083846336,0.003246267684679418,0.004354244819326993,0.014990262171369739,0.008785015801782918
0.10429960924969575,0.03869170282533106,0.018111498992406886,0.00934790469634559,0.14869833519191467,0.009408642418130615,0.09507562542882365,0.003051036626223644,0.004135469058131987,0.0037275845952763433,0.0038087871189275706,0.0025675075067333264,0.006241716548814395,0.02222185237683217,0.024960447126530925,0.15975317949923487,0.001722955208322834,0.0035353893881013847,0.001161604522627071,0.0016298104552774537,0.003678492706323617,0.00164120070140831,0.0014783707541858816,0.008238273868787768,0.006663349597538137,0.024255777232695598,0.16554839283600348,0.002382817033761796,0.012713458267580567,0.021200021003528215,0.002231089594385888,0.0023077741252246356,0.001158407968543677,0.018384758855517803,0.0021795082883798687,0.0015908383990330206,0.0025957412903723823,0.0011972284678010369,0.0028961032821702513,0.0013798424950290742,0.00351363745595397,8.188985749763201e-4,0.0025678595324373295,0.002209417606510028,0.002665437182124231,0.0012185536288623544,0.0019064752802369052,0.002813607260124209,0.0025656119032959946,9.053874987217307e-4,0.002229157889685542,0.001114520039309267,0.003355740120814257,0.0041343837083408445,0.012888792810755655,0.009220413905898193
0.10072052027403296,0.035664950776305444,0.01885135412634607,0.00943754714672752,0.16211833253091343,0.009608318038612349,0.09119655230297442,0.0029109822646672173,0.004009069709336155,0.0034141095702178628,0.004067252150402857,0.002497577484343064,0.005975352277656235,0.027235827070356457,0.02121221220754512,0.17063188180427916,0.001900366678591658,0.003936464400259137,8.055099659271196e-4,0.001676901133029177,0.005600764356593892,0.001712601057039042,0.0010357490794329698,0.008642111687615006,0.008502580591670493,0.02258688302118556,0.15362017059711428,0.0022885085285659855,0.010060686754156606,0.01764483742472295,0.00210638093038201,0.002134190792398624,0.0013959152523247442,0.016699105123762582,0.0022350475648385227,0.0014926754560705474,0.002439421028846042,0.001140619277859382,0.0026629421205211228,0.0016348319594903008,0.0032530589035395453,6.422646735225586e-4,0.0025525384533335847,0.0017290192760780823,0.002565557771535897,9.772702718002812e-4,0.0021871967009746084,0.0027442151376804755,0.0023076592340427883,8.457659970930578e-4,0.001911049746685267,0.0011161082376340637,0.00330406795071836,0.004485409099483893,0.015347748346916596,0.010523965681846867
0.10563672359458161,0.035754140089055725,0.016603844509238457,0.009570271560272216,0.15309714229633384,0.00923231271615329,0.09032622817332261,0.003328335746522195,0.004083347293847998,0.003297125386727016,0.0036731855204259587,0.0021591356824549658,0.005172828433517393,0.025320362261871857,0.022552465579841197,0.15801617826925213,0.00173161985293771,0.0040636167930623865,8.898630742922214e-4,0.0015918777655031912,0.003661472341030645,0.0013606989186871934,0.001319627583380055,0.009053852524777032,0.00826386822475957,0.025886546888928733,0.1694492631395374,0.0021247947722022615,0.010011273020156749,0.024676921868905955,0.0022487238139269634,0.00234250235639331,0.001270224007474239,0.017415281066324558,0.0021293852874737377,0.0016000307118863553,0.0021681528432039875,0.0011293802408113385,0.0028596973694883306,0.001738912567073078,0.0034604354859294672,6.373922799463683e-4,0.002459685304846824,0.0022093967438576324,0.002720314201830093,0.0010257988319446428,0.0019646584799933213,0.002826905728199971,0.00218534391607045,7.346704737767654e-4,0.0020905211278916362,0.0010300941311046207,0.0030614867829821925,0.004209382498632758,0.013291527656078375,0.009281172211279401
0.10003808750904407,0.036879021702253746,0.017223120196166425,0.01039478371255226,0.1531617566973762,0.0092208687972104,0.09807198493357476,0.0031608456380962536,0.004434683376394919,0.0038297562502813,0.003306010298889421,0.0024399019943348254,0.005233850464046418,0.023041220431915047,0.025928841974503916,0.15090780580604818,0.0014678887136724916,0.0040273085992952925,0.0010107033316763706,0.0017454236523618935,0.004372892877901712,0.0016920637903881568,0.0012386143261211486,0.007905668541801051,0.007914025784598608,0.020239017173042387,0.17356899704779286,0.002150529743510199,0.008933217224081651,0.02463552894753896,0.0021591735086545034,0.002320173760075445,0.001419439998797676,0.0176007927915197,0.0024321956457997135,0.0013778884918282702,0.0026577815039207147,8.544696365870081e-4,0.0029316934554130263,0.0017651196959112103,0.003096358256153227,6.958265526255324e-4,0.002355679222995263,0.002019247818140287,0.0027844926930442435,7.86951913896721e-4,0.002069493183114955,0.0027043108016264303,0.0027334273015272425,7.086898118454418e-4,0.0020703307688695787,0.0011492097525747085,0.003435503058272635,0.004076492728257696,0.016227907846991258,0.00939293026508659
0.10164198337963716,0.038035359832023975,0.01781012475158296,0.009850361820109949,0.1537763138781164,0.00972477569593407,0.10151973239735447,0.0030496717335238167,0.0037304032352854922,0.0033193054841127363,0.0037843520564552514,0.0023522691098993975,0.005264475808358802,0.023446770748931322,0.02322120240755995,0.1574186561672746,0.0018156624260650895,0.004192551653404085,9.002745894002934e-4,0.0016172281643286358,0.004717276986202489,0.0015223007816231962,9.365849822801836e-4,0.008350555633658977,0.008475299106366166,0.01981174129231584,0.16745100027411686,0.002094802467748832,0.009631817870794363,0.022761350720500492,0.0023161734685473393,0.002141729840377413,9.394825119729678e-4,0.01567807876983098,0.0020294624323168213,0.0015520006468072694,0.0027005512120114655,9.925783440538738e-4,0.002849416536587378,0.001436667851127753,0.0032218542423311887,7.816691262727824e-4,0.0023771328771504644,0.002166256883818795,0.002752513194901359,0.0011556057532608431,0.0022336114257783092,0.0028073467249985617,0.0023713274211915347,6.16180054625565e-4,0.0024259228082244154,0.0010341389143676191,0.0033067609610982077,0.003924120326227868,0.013639678725103523,0.01032553349204987
0.09298193147847562,0.03728702640158611,0.018176223934090203,0.009908224847820722,0.15391448347658193,0.008662461186550651,0.09660637621252002,0.003139241772103017,0.004001414344131721,0.0033079520510380955,0.003855048174768822,0.002048299217488079,0.004952878888091437,0.029105988231556107,0.029047957198724165,0.1679805600886634,0.0015641199166653457,0.004169570192882591,0.001026498671353696,0.00167786474367216,0.0039982575216782525,0.00170113779986228,0.0015080464071988238,0.008967908998473047,0.008615104260250061,0.02321335864383252,0.1534914647286532,0.0021396956084807814,0.01041862575752101,0.019725802035711826,0.0024209512738956316,0.0022001509240108155,0.0010989792179607152,0.019442107623282377,0.002044499789780808,0.0014362623302740006,0.002614365841122461,9.87585276101505e-4,0.0026379588106515356,0.0017866762006402076,0.0034589163043236737,7.065748353960344e-4,0.0023463562676080767,0.0018228184411991065,0.002866612495705923,0.0011475787224697067,0.0017983409046836859,0.0030502504847423227,0.0021873754780117605,7.40911494810659e-4,0.0022519664814212594,0.0011659239334780224,0.0030835052376313463,0.0037712994773997327,0.016635641965091673,0.009102867397881185
0.09360914681180309,0.03824338514343477,0.019963119221988724,0.009494012705322753,0.1566220388591205,0.009739156324564468,0.10041663616117626,0.0033555930274501255,0.003907270832282147,0.0031781839175409805,0.003615120713084146,0.0022260244112010264,0.005273948757203074,0.02142821092131585,0.026794718818559028,0.1555123694220767,0.0014564546834283563,0.004156598481420943,8.233185063557958e-4,0.0016804396267918334,0.004305592994628298,0.001619929970603793,0.0010761081649722217,0.007289491668333665,0.007825103029327743,0.02446032312285688,0.17329509892503206,0.002029874579451423,0.01145885036055291,0.019155966047639805,0.0023074124341872816,0.002210068530867608,0.001151432705110116,0.014259244474077823,0.002401930145453352,0.0016224528466162716,0.002532175965237982,0.001042546859251263,0.0026611627519101916,0.0014902726575774798,0.003329531133089082,7.621428321394465e-4,0.0025079757043571034,0.002021783783776399,0.0027444473284579667,0.001223630767991234,0.0019475455358609428,0.0026535481376946672,0.0027966650008405133,9.001693041968664e-4,0.001925625967247801,0.0010320116363857963,0.0031440910365023085,0.005055306503326317,0.013733743967448558,0.008530995780876295
0.0982958406159555,0.03538922693237766,0.02041604385359983,0.009475545809409375,0.15299189987652936,0.008606951756502739,0.09306990076133634,0.003049071776676714,0.004119422561428182,0.004113343307475639,0.00339756951447901,0.0021648685324074032,0.005510741809411195,0.024556574779536353,0.026810356693006267,0.15727115546589743,0.0015906106403728393,0.0038482148625241133,0.001150539259274288,0.0014316938778854262,0.0044986604644916325,0.0015138072411697966,9.946735603093546e-4,0.008132241649205221,0.008217973410665151,0.027117471186758012,0.169532435584142,0.0018709140342084165,0.009748949192324429,0.025678036694609392,0.0019754398646759336,0.0022756087495929005,0.0010445758492199876,0.015955256633731596,0.002156573009268702,0.0014506660766072795,0.0024126561918385646,8.48897814773152e-4,0.00270603681571962,0.0015195109578121817,0.003288191384120839,5.259831195278769e-4,0.0022144590967137097,0.0021558290754066086,0.002568725946114226,9.5535094320814e-4,0.001712330044837373,0.002775862956349561,0.0023483293352061247,7.482247893309369e-4,0.0018903310205845593,0.0011120143237998033,0.0031067557559395086,0.003964555190148007,0.014809372950733675,0.00891372640077
0.10648011115790973,0.037750506443388496,0.01889386229796144,0.009427347943444268,0.15641828123029702,0.010206313497767273,0.09989200295891258,0.003182243760820481,0.004052514517292706,0.003996925703563734,0.003312992002471461,0.0020918382870665567,0.00581079824633455,0.025040649358021878,0.02659754322536447,0.15737174238190582,0.001968227088209606,0.003287446805457342,0.001025511220982757,0.001660373080901671,0.00406388795029782,0.0015560235892077875,0.0014507663166109398,0.0074383212153365675,0.0091342603443035,0.0202617016309897,0.15106042901953326,0.002352262319558531,0.01032752248848403,0.02516284889501815,0.0022015053594268102,0.0019867083918415672,0.0010860223087839098,0.020722764056578424,0.002141588398723582,0.0014435871718323768,0.0026298057416553723,9.096097202232733e-4,0.0027324617277480656,0.0016903499443397915,0.003067950440423319,8.004535138609695e-4,0.0022431382247658687,0.0022266332202926236,0.002432507194175084,9.963437022429886e-4,0.002085203336054573,0.002764190536815317,0.0027298574156394825,7.091014028201222e-4,0.0022095205924698826,0.0010124183044627588,0.0032782349286713183,0.0037891994548288612,0.012966195989114745,0.007869393944794785
0.09983245430698595,0.036515673413410187,0.01706959213812226,0.010072914349988629,0.15409074249962104,0.010303682096495011,0.09656101520292738,0.0028278200670710553,0.003908421611508886,0.0035210482746242107,0.003566475346976196,0.002227721137364647,0.006217276584717045,0.02343548851188005,0.026088620595060213,0.18024108866451705,0.0016894949926952029,0.0033247798176879962,9.675588356460541e-4,0.0016430266334467873,0.004542943613431816,0.001514138290647996,0.0011837635563630674,0.008120301020584919,0.007621792648847343,0.018810019897897927,0.14988337574808164,0.0021347867877642345,0.010382473930270041,0.02205494228961783,0.0020863192846832554,0.002550296398364948,0.001204060550582519,0.016369367007405055,0.002270483896105024,0.001613729907246915,0.0022146555205642673,0.0011331248236056742,0.0029585862399056557,0.0015838705821406235,0.0034526830029831153,6.310556717046196e-4,0.002477374790207541,0.002070992902693583,0.0028535968075809643,9.587863280665383e-4,0.0021943197343129834,0.003080014484811246,0.0022879155304778025,7.756347242079265e-4,0.002205619063220762,9.572362007258329e-4,0.0034054848630089016,0.004207943018742253,0.014727741539136549,0.009375674263262792
0.10592750329384998,0.03848678102027447,0.018851082040716893,0.009626554473705596,0.16174119974563866,0.00974162509484806,0.09427026462885954,0.0032706160099172177,0.004155717345430302,0.004111156790194527,0.003715588572723109,0.00227656959274119,0.0055079887901955315,0.024422521926516418,0.027135181035479735,0.16419252788893396,0.0015350248852654238,0.004471529273379394,9.680917554787509e-4,0.001860819532647055,0.004557331746271832,0.0014510793766418202,0.0011278275455628302,0.00799212438116255,0.008177541839383188,0.022413246023603124,0.1470049965075102,0.002151032255006605,0.010069869940426584,0.020597855234582522,0.0020604927294682867,0.002410119934833769,0.0010492837852113942,0.016769014600078437,0.0022930217572681793,0.001588046688724763,0.0025936137357339428,8.729484088099145e-4,0.002738750898562604,0.001756832568163516,0.0035580652019412155,6.883312183475118e-4,0.0026507735958344767,0.002047228993947645,0.0027022948649173596,9.693387652121606e-4,0.001970117942117985,0.002851871177814902,0.0023640147843216495,5.832480359764208e-4,0.002113695499289978,9.967260045361146e-4,0.003320858788686771,0.004759760581457639,0.013627207477347634,0.008853093414448666
0.10424335293741996,0.03565431005370139,0.018972601411362342,0.010172818817100244,0.14783885103711877,0.010030294556819967,0.10376458765095409,0.0032410484220576604,0.004008295358856914,0.0034880604999907136,0.003125123519072688,0.0019325549550529065,0.004985964519581335,0.025368009015708612,0.022174161995842157,0.1546690783974948,0.0013095353231454504,0.004400634084445691,9.96023647721124e-4,0.0016367918153090382,0.005037778109318597,0.0015372521782431039,0.0014152143535323453,0.008387427443003803,0.008018626154902541,0.023163064336806552,0.17111139747014198,0.002170867511582511,0.012193323798182588,0.01846117306751733,0.002116772857516873,0.0023519006799066844,0.0011024829936152286,0.015561845760222317,0.002288792705392971,0.0014027305303568262,0.002321205315356583,7.902295569115373e-4,0.0025683390994877733,0.0018191662096671993,0.003326507294121704,6.772761446098815e-4,0.0024941869844195075,0.002082691748686379,0.002502396585214862,7.81604142653866e-4,0.002098008176939739,0.0027050566427175263,0.002516355783285423,5.932968076875625e-4,0.002055898936067342,9.833713606326945e-4,0.002980978301821523,0.004438346763347027,0.013478047589054142,0.010454288588319689
0.09612588637157891,0.03652487202322087,0.018614312170334855,0.00888840041458965,0.1566016077998914,0.00993956497697901,0.093637783334347,0.0032823612652925316,0.004489064608353918,0.0036765667479115873,0.0039428425722585,0.002429754076698056,0.005651424239001373,0.026040778036656977,0.022087657962872344,0.16559228164820244,0.001643827069642983,0.0041839149310800485,8.576955373500691e-4,0.001667845428533407,0.004645207680703039,0.0015570484021208565,8.637095388640013e-4,0.0092859910240518009,0.007970209651410296,0.01894671065602373,0.15766357874678255,0.002242994251953722,0.009859886809064753,0.02311976945414325,0.002227756271902239,0.002005227064844011,0.0010856127657770703,0.02154642312974791,0.0021683963183475687,0.0015444248505432727,0.0020826941541964017,0.0015814033355133078,0.0026071403934591355,0.0016658121734761846,0.003714770289749565,8.687971487934589e-4,0.0024714351991976815,0.0020498298091250534,0.002519646195724735,9.8937556142076e-4,0.0018745927096815462,0.0029431299270852593,0.0025362989921202204,7.392210183397427e-4,0.0020797479301081128,0.0010979758161880782,0.003161394874784097,0.004624158292840491,0.01713553674960059,0.010645651597519559
0.10411379256842099,0.036600526501807895,0.01888058866571204,0.008723189653411565,0.1583136534722998,0.009603085183760789,0.09205029167835524,0.003029382734855036,0.003820310547600012,0.003210392770707955,0.0035334146349210098,0.0024145736155083758,0.005170012350976807,0.024369862175085178,0.025670808894442215,0.15872759980155554,0.0017831698726649265,0.003803160073613476,0.0011153246184183482,0.0016632550193560465,0.004527613666662047,0.0014704428423474335,0.001300647314963517,0.009481337363391644,0.007096055102618486,0.02693565847389556,0.15742358126222739,0.0021863978253273968,0.010695203265980027,0.019727142209997165,0.002128964357378855,0.002030719524422213,0.0011167725049484219,0.021321008922728982,0.001982732359265209,0.0015081789228903594,0.002457600117334214,9.98285783170667e-4,0.002753980546746696,0.001483143971737667,0.0036116630381311183,8.515491103024883e-4,0.002531182612616057,0.0021299222073579414,0.0026629800704031205,8.425646112524645e-4,0.002129655497653033,0.002899580524626288,0.002604416295052844,6.40886650547693e-4,0.001894367266760771,9.491380930554123e-4,0.0034291135714527355,0.003979447319564981,0.014226913653755334,0.009394758305960593
0.0944595397214815,0.03442665302199844,0.019569296713102143,0.009794677365492853,0.15574641209217,0.009052494734790296,0.09906535007222776,0.0031701721160862285,0.004078656654403969,0.00438840061273497,0.0035893913685867045,0.002210871789327909,0.004812366582536864,0.028686101381127347,0.027339385257032164,0.15560548408667313,0.0017439935646532394,0.0038895869740910743,9.595507734557111e-4,0.0016073387988275551,0.004715709206353203,0.0017172381760021905,0.0010593998238664468,0.009269540315176308,0.008569339855197675,0.023055940326829047,0.16185632347381768,0.0022520388020804416,0.00924606780085945,0.02231502101052284,0.0019367752358258826,0.002339114310696743,0.0011523229662925663,0.021326244013953256,0.002407111122163638,0.0014142808756051482,0.0024641735717974996,0.001075180713483335,0.0029075816600694195,0.0014495121527974388,0.003123112049578028,8.164205606971123e-4,0.002154361193029232,0.001957910174851597,0.0022410591872236924,0.001087778700488044,0.0017774836197523107,0.0028813069546964136,0.0023839059844860755,9.360463854830265e-4,0.001967515197431647,0.0010674056422066021,0.0033652297531702492,0.004187397184639609,0.013784636787053762,0.009543791531022501
0.09863701582786259,0.03720243856742646,0.017252148674187038,0.009979193616258923,0.15901245080396711,0.009091871333420324,0.0973491952008193,0.003367183909198674,0.003952264487579662,0.0037969829108140674,0.0036961290623841714,0.002420690626532878,0.005175862929856996,0.024601147104761235,0.023378666704202626,0.15479100144067415,0.0016342799294279053,0.0038484089400862617,9.847595531450738e-4,0.0014018200073911437,0.00374414735634516,0.0015399299060260164,0.0015099303970481104,0.008847470795440411,0.0083049323664414,0.02406490174077514,0.16216318782152248,0.0019695264944313935,0.011114724754677683,0.020624095380154604,0.0021310238026563434,0.0020638194527273454,0.0012000568537869206,0.020453144795001203,0.002142655456155734,0.0015859855496926885,0.002443335359011266,8.981231102475354e-4,0.0026663513316848393,0.0017022384455980114,0.0035615879428400566,6.738942013866612e-4,0.0023009280890197432,0.002169925947757984,0.0031432149868505276,6.647985381620793e-4,0.0018889311381526655,0.003018155037573954,0.0028210685547806298,6.831423762789407e-4,0.00209229278957211,0.001239748325060759,0.0034089355755551783,0.004454774992990053,0.015222451531691635,0.00991305717290609
0.09241930036600125,0.0372821917757716,0.01780096066328111,0.009185610374060849,0.16693519933161455,0.00984179240079103,0.09441146993352376,0.003224029991601214,0.003969834160101023,0.0037983411087025055,0.003400596808876731,0.002055929827880344,0.005730787939529955,0.023466519300290995,0.02844057402690099,0.15034956866068458,0.0018423893126796474,0.0040915149339573725,9.692274868665016e-4,0.0016527308251233425,0.0046298283657981495,0.0013836970578854938,0.0016095626542579349,0.010362372246609686,0.007944227544784434,0.024908833903101998,0.17024467542942104,0.0021489795133011746,0.010043550877392528,0.02025216057586545,0.0022335208864276757,0.0019753136088214037,0.0011950322587791667,0.014047657205868347,0.002152926354116392,0.0017418014525312142,0.002594382107457738,7.510414794231326e-4,0.002585100179906656,0.0017326883998356772,0.0030198546068277983,6.380516576776171e-4,0.002748031039213552,0.0021033200048469155,0.0024405021220432685,0.001069287514317482,0.002088949332075708,0.0032428933382467376,0.0026717970261243037,7.592282050787628e-4,0.002000859923865901,9.911484431363883e-4,0.003053586658894302,0.004008229505179782,0.014567228489074203,0.009191110803572567
0.10145553291886891,0.03639474736484723,0.018223114189438342,0.009666986430204399,0.1536333278343462,0.009928820275035919,0.091098231112487,0.0030605028407956676,0.003984543354919733,0.00371198696115817,0.004078679649395861,0.001925524519144948,0.005210893280540738,0.025384400298324665,0.022395703416771075,0.16780561673267,0.001604083415895626,0.003824445198123661,0.001066844095063726,0.001668044056359647,0.004023917320689523,0.0016784064494458795,0.0014426448455162881,0.009008765861227737,0.008250964065839448,0.023331945071051397,0.16326771801035347,0.0022486798172627145,0.009874243363751868,0.020679826391880488,0.0020243091783689908,0.002320867710928824,0.0013447222851217942,0.019587247222393613,0.0023690060796467288,0.0015907511123637306,0.0022231916066458588,0.0011967621338599005,0.0023969884094008475,0.0015662466132063723,0.0035495958131431075,5.591931336234911e-4,0.002472083749272965,0.0020383128286397155,0.0025667757498182447,0.0013706402521808537,0.0018983566232267546,0.002938508087175267,0.0024371337041134552,7.927709959592747e-4,0.001953350923002716,0.0010635502480561367,0.003026561883514362,0.004477657247881372,0.013603166350405772,0.008703110916639617
0.10371693946280423,0.035709500226396365,0.020083749856398946,0.009662003128982561,0.15502097680836172,0.010080414284915653,0.09873466355036455,0.0033324791880470143,0.004208810526792167,0.0038971137027267364,0.0038255180746719327,0.0022916567669485845,0.00585985551110914,0.023229358709451302,0.026443805955055168,0.14710290764407538,0.001859693077815151,0.003995189222916649,0.0010377702704323908,0.0017551667756716825,0.0040954426882154164,0.0014185426489908809,0.0013668325925016264,0.008105153977653327,0.008564252970145519,0.024232669917648025,0.16538409075654667,0.0022575889958830948,0.010269615727923545,0.019235511441878735,0.0020415443642111783,0.0018848990365176676,0.0012640412739083127,0.022681805357438963,0.0022742968104009966,0.0015843141443300025,0.0025650034403933604,0.0010264922996989917,0.0027958030045774278,0.0016057259143431545,0.0034375740401589036,6.945231444177704e-4,0.002187671577037487,0.001894853609610888,0.0024074451691609346,0.0012030790614671928,0.0021060872960350606,0.002762665706911476,0.002501270470912555,7.756020040047634e-4,0.002316039133686307,0.0010476652628319595,0.0030934222407051704,0.004209967122053576,0.013395000837552951,0.009465933216308833
0.10343754457411924,0.0367304777135646,0.020269532111455258,0.009430936625184051,0.1555220850918821,0.010184493370930322,0.09323896325764523,0.0030388429448689946,0.004488517429779736,0.004319712644160399,0.0033797541948362548,0.0022424357160637405,0.005777685365502321,0.023909891899124742,0.023291434783988443,0.14929210601508203,0.001789400402808341,0.003516017666158822,0.001023092167427885,0.0016749148894400412,0.004586947291980042,0.0016022868020934098,0.0012637672467006346,0.008420090586088745,0.00739670169204591,0.02654418352251278,0.17471229029328744,0.002057322082341723,0.011657680905197048,0.019767961108876155,0.002019699802400068,0.002151256323812202,9.204900973729005e-4,0.015295242975001514,0.002175608948435318,0.0014404568589006584,0.0024356329812202275,9.583469006960263e-4,0.002552995197893533,0.0014911237868848021,0.0038788011367332197,7.198552206067116e-4,0.0026201385199474785,0.0019762914998165335,0.002363463883281172,7.669268901983645e-4,0.0019559475610462142,0.0025336295478467245,0.002609917737711099,7.907834363518448e-4,0.00209649117537366,0.0011161719568295533,0.0032252715154936257,0.00440381228331047,0.013566691069780023,0.00936788229790965
0.10280866130098484,0.03537808352600452,0.02014721902853781,0.009624189999701448,0.14957107025902133,0.0091326903762898,0.09379615241328308,0.0030183226609900053,0.004005969711936581,0.004342011288675881,0.003906696602407017,0.00242282215350481,0.0063170557337400455,0.031114401940054236,0.026363058746625336,0.15226928174036725,0.0016217272213151003,0.0031506381013677266,0.0010169303735054153,0.001776096348501657,0.004476401024114368,0.0017904386842794678,0.0013103551196366882,0.010069118911195609,0.008200228174787383,0.022713002578015687,0.16157806279185843,0.0020359917733168247,0.009134305199734691,0.025997383054468626,0.001953205163454719,0.002125749205340128,0.001289810981360644,0.016955790886339018,0.002015472984434323,0.0014522589360972257,0.00247601653468849,0.0010019154740669113,0.002630410376733281,0.001652017304556548,0.003497949042223669,7.033612177855414e-4,0.0020616598244646333,0.002072495753384431,0.0027003791811756103,8.819604628152924e-4,0.0019742976513481103,0.0032617105251782595,0.0025902493896034877,7.218117921015357e-4,0.0019980590696127053,0.001220464073561706,0.0034839763807144944,0.004798925970284963,0.014644150122891251,0.010747534857561233
0.09757632131485809,0.03540821984399628,0.019885230796586467,0.00903434714740157,0.16191736075986732,0.009317173126246255,0.0975514027877917,0.0032890360171731266,0.004037525822448074,0.0036991652757689514,0.0036614096878619094,0.0020246334700405647,0.005231195727910202,0.023732620001139106,0.029116555783484734,0.1539829115808446,0.0018772178662141595,0.004232756503387017,8.636796006364564e-4,0.0017347976600974781,0.0037441844265657066,0.001852517219558673,0.0014467650339804836,0.008779246091265564,0.008112333980134345,0.0183072202134405,0.16873315491175594,0.0021171273718216615,0.012300990172170016,0.01909199293169046,0.0021190033686745656,0.0020559117701914047,0.001264314927408418,0.01899304796900616,0.0018908248434838485,0.0013704435379113416,0.0024914165913861312,0.0010278951848892662,0.0029399463788759204,0.0014342293448532028,0.003272379383447305,9.573231234046573e-4,0.0025003357202138072,0.001919428568084638,0.0028736651209618647,0.0012033783281346008,0.001949607624736219,0.0022322209375012117,0.0023403123027373476,7.415890197977515e-4,0.0020665753753763773,0.0011098876529888483,0.003200299269799571,0.0035802276141550654,0.013388854269750141,0.008417788646092845
0.10088148251838204,0.035514986920193975,0.016990099608549736,0.009690134535443101,0.14696722812896498,0.008852030474263573,0.09382219365259899,0.003160612573923675,0.004046944155838026,0.004118445340099807,0.003583427547712471,0.0021044672326336615,0.005485782163590924,0.024198966133688892,0.03227098512181736,0.16662337183435935,0.0015430279982519995,0.0036322123065850266,8.767966824083413e-4,0.0016961369198807744,0.005061045823136467,0.0017246000943512607,0.0014109049818092846,0.009128735912463628,0.007176717126336212,0.024962067980502597,0.164479295744443,0.002006404682258069,0.009505775939763499,0.020729352928129836,0.0022258692258661527,0.0023507125508614732,0.0010931650948858215,0.017314483643532018,0.002063691756996313,0.0014166546139634027,0.002595010855110589,9.72413992806576e-4,0.0028434604910760404,0.0015738866393597527,0.0035832228552768837,8.964968834366453e-4,0.0023719798645576782,0.001948814861655378,0.002498968965973069,9.328741642608789e-4,0.0020657015133930005,0.002605100235795315,0.0023159931916007484,8.698471999198947e-4,0.0020384300593681084,9.322900158687202e-4,0.0030836414449682725,0.004073087691917019,0.014511172697875744,0.008578796427294042
0.10450685905844778,0.03559703910166027,0.01775794095487668,0.009853514201553054,0.1566132834013347,0.009512606075883888,0.09744245487231505,0.0028896626577714956,0.004130764717624532,0.003650813972443704,0.003614431958266044,0.0022987876327087843,0.005559540111313874,0.024590883310719593,0.024903567231528527,0.15432806554269618,0.0017007646339206822,0.004698397843066934,0.001018789702179855,0.0016083096879215427,0.003793440340777219,0.0015322019879685143,0.0013765839089390649,0.008853440649434455,0.007294545635098432,0.02245509206277888,0.1658075063896166,0.0022628305406709676,0.009961732882989204,0.020194794625193403,0.001916947135713346,0.0022004714140878255,0.0012084547134178713,0.01732014479029209,0.002185994487938449,0.0015214985194050615,0.0025136194329504445,0.0010445169522366616,0.0030018403436107835,0.0017556968329416956,0.00443051162869718,9.325805051345549e-4,0.00224208310061526,0.002024461526625792,0.0028708133272841827,0.0011905520498382014,0.002039871399042263,0.0026818643369796277,0.002323615417822968,7.247775801652351e-4,0.0020631641493139776,0.0011425906041674597,0.0034706092079365,0.004251793334122939,0.013454123286188044,0.009678758231771752
0.0982303257413084,0.03552832013434004,0.017541073087933002,0.009749948738544019,0.15359513834316751,0.009042912640874468,0.0944246768762081,0.003296854236714696,0.003934675040960094,0.003855357668744954,0.00449088437750796,0.0021627486823942023,0.00506680716957386,0.027709048430052695,0.02197253121914697,0.15664508020989204,0.00190184109973401,0.003778438162323314,9.737776612761984e-4,0.0015870819203346127,0.004251515215727578,0.001625410209844557,0.0015599237538474681,0.00789775749076222,0.008694734964885313,0.02381023868594781,0.17361919953255744,0.002106593550501161,0.010312466240838446,0.021284469294913407,0.002582077361808953,0.0022362733356121813,0.0013679335341338066,0.017620360222819972,0.0021968782197631983,0.0015787466139257466,0.002655158549192511,0.00089961572496762975,0.0029500090402879383,0.0015589166804648585,0.0035185603282092055,7.922174124671391e-4,0.0024428634218741437,0.002111526483848222,0.0028970562501737774,8.951883352095587e-4,0.002042419882678664,0.002473280345391218,0.002499139549210378,7.61072364558583e-4,0.00207522415619384,0.0010820905285216043,0.0031949594988470286,0.003761385314716473,0.014039597272162823,0.009117619192103929
0.10868888995261461,0.03794494772295326,0.018600016655048172,0.00949929944620094,0.15895066733478902,0.009595179681691032,0.09070049415761504,0.003229904362141934,0.004021540581139655,0.004401199964120855,0.0031062122344767016,0.0022593576894318606,0.005713083802820766,0.02655357295210127,0.024680739253423536,0.13516162423691394,0.0014491379532626898,0.003538820535504191,8.905067359308198e-4,0.0017827969220313524,0.004089799389118444,0.0016320502572892178,0.0013367475179355383,0.008333491175107951,0.008010053894097246,0.02356958670001002,0.17702907692809006,0.002387825822542532,0.011287511031577343,0.023634367522547405,0.0020285380740444076,0.002092069139993513,0.0012618064081233286,0.016647326064028727,0.0025726792646825185,0.0013994164301479072,0.0026662754113135484,8.745317595005955e-4,0.00287961086903987,0.0017662665017187207,0.0036711325018302233,4.775574256042588e-4,0.0024048072109682573,0.0019082418554154201,0.0022628358175818715,8.799318637719964e-4,0.0018448931037711043,0.003159323642732754,0.0024667124950116326,7.331868106983127e-4,0.0021145105078970504,0.0010728426668331918,0.0031172056375499543,0.0039594453677037665,0.014431513556186106,0.009228837201323524
0.09664501662598432,0.03525154487493478,0.020096332971720265,0.009256290846248441,0.15351443425990163,0.009666838050098629,0.10001696310317447,0.0030760755757253434,0.0037733007003126194,0.003768215359314625,0.0038537326924457174,0.001969527166245653,0.004933407316118335,0.021797469632328495,0.02662576419241261,0.16225078056306155,0.0013133692853102672,0.003681193884858265,0.001077515562182207,0.0017998516558257094,0.004458983157171687,0.001648370185503774,0.0011915309875691303,0.00773287242650004,0.008613899703170351,0.02179845849582405,0.17089674836947957,0.0019445939694025067,0.009497780653399712,0.021254225416222843,0.0020834650728695065,0.002129490604346103,0.0010144084997486848,0.015634387055907,0.0021898494493578762,0.0014355842069540918,0.002341165302433787,0.0010046108428014332,0.00273961725437319,0.0017286547355427333,0.003317138408611791,8.390888260046632e-4,0.002178079813798737,0.0019664572310284377,0.0027408936176748122,8.753834798554334e-4,0.0019154921155535407,0.0028465112201294046,0.002116496658855378,7.180267326826769e-4,0.0022521175166773212,0.0011235096335398547,0.0030325988781416675,0.00481989265618945,0.013891086795757715,0.009660905708717037
0.09938027372292665,0.03716403550527531,0.017419149762057873,0.010253723121718905,0.1485540606337118,0.009449131776564318,0.09693652142801433,0.0029243291487627194,0.004655628201652754,0.0034629629246946693,0.003786215151409235,0.002414556656370103,0.00595587645821693,0.023046969606170243,0.028719550132087896,0.14774148657793038,0.0016379944676083314,0.004119675983334131,0.0011445129160022496,0.0016291367042294204,0.004621440370792474,0.001639164804085761,0.0011818958860209663,0.008970647656170444,0.008947347367982476,0.024577536773916102,0.17757676172259754,0.002246625091800197,0.011061018699747715,0.021599036645435905,0.002096137285194403,0.0020915193130477024,0.0014749293399339142,0.015561255812858648,0.0021733450926068217,0.0016295439068736144,0.0024692530550353363,7.636928415131098e-4,0.0029083879103622614,0.0015400749223800432,0.003997075316862741,6.974961213752653e-4,0.0021738269286837005,0.0018943483899282324,0.002513714117281574,9.149813296166064e-4,0.002363583694564939,0.002834493583728282,0.002634475446092527,8.838692268903999e-4,0.0021774634978200496,0.0010317282548379795,0.0035738925324979953,0.0040030851459839974,0.013869695483661038,0.00891086555308097
0.10326526462996088,0.03712021713520698,0.01768460846463875,0.009862652769758631,0.14954951970402403,0.00897940555645372,0.10267737838382779,0.0030243213965756638,0.004050411899449104,0.003990292410650737,0.0040972901958096775,0.0019896146514851555,0.0056798775963426045,0.022577634799181918,0.021650668527568518,0.1472996951597429,0.0018102137229321963,0.004303490003460296,9.409787866921357e-4,0.0016287982191924458,0.004549887540520316,0.0015592406813290964,0.0010272332443890524,0.00787757170136521,0.007512338145136899,0.021341058936577097,0.18586573534601636,0.002340367703612851,0.010475323375874765,0.015958690471979866,0.001972373290077099,0.0023603694280230855,0.0011297961167153184,0.018663221201129503,0.0023123988805175714,0.0015363835293744621,0.002235297723010404,7.551390886849655e-4,0.0025578465916094176,0.0015595951909473738,0.003510035630663905,8.518518103566948e-4,0.002962012879047829,0.002067855921918371,0.0027565503174158696,0.0010651642445190484,0.001992843029347595,0.0023802640853185747,0.0027702136778746064,8.378929828246647e-4,0.0018770946840033843,0.0010621381284063056,0.0033628199674819743,0.0037614609980746085,0.01238320344379341,0.010586395999108296
0.0955309708096821,0.034799439195569035,0.018272276276684065,0.009633731546161357,0.1578388065477838,0.009337960197093676,0.10084546343789427,0.0032234528374328235,0.004196809663125951,0.0039002032455392782,0.0035164674963934937,0.0021068293091936006,0.0054986481927690066,0.025278868747343496,0.02842444549764257,0.1594997170592265,0.001523616113999599,0.003670792948960273,8.49741994157404e-4,0.0017643909043917254,0.004045186532584692,0.0015141847924917122,9.552625707179925e-4,0.009120793883040906,0.007948322813232387,0.026373415955546847,0.15716231539079403,0.002216697295874452,0.011509423491304583,0.020139099906083098,0.0021904615275766285,0.0022614965701798833,0.0013267074982242168,0.018222998818745458,0.0021268509078813842,0.001373016400349248,0.0023859447727287725,0.0010164327171227647,0.002534165650309976,0.0015556838461142045,0.0030847008268060343,8.667681869255493e-4,0.002290994837054388,0.002011432460979957,0.002540622957442861,0.0011009892633086244,0.0020885387503775596,0.0032697922865696457,0.0025472168371051527,8.491184815282055e-4,0.0022419890965335366,0.001102504235321714,0.003058750589708781,0.003730173765347461,0.014160105938067855,0.009365208124975414
0.10038076545481225,0.037350740841763846,0.01891408449333005,0.009391728883517175,0.1555214121994903,0.0090523232548735209,0.10157542151518437,0.0030630867818443107,0.004061356019169673,0.0037365715717532543,0.0035000582838501113,0.0023791838297433964,0.005627612402698324,0.01996902126902365,0.02589647737820291,0.15378441104072552,0.0018704794960640078,0.003359359067106751,0.0010041130746782387,0.0014923989972516472,0.004023642043722371,0.0014502553388916143,0.0012161108195635102,0.009687867080333278,0.008183731508539255,0.02715527870156341,0.16277514298202492,0.002170179065356158,0.009325583082539321,0.021187248569275608,0.0021301317638742698,0.0021883526050050918,0.001282747000378011,0.018777408156841174,0.00218769117330015,0.0015704276300387823,0.0021727913706318823,9.979608767339326e-4,0.0029755681194594454,0.0015230939596096115,0.0030991191522997145,8.77310337117886e-4,0.0022561621921043376,0.002106785944465778,0.0024961606543148296,0.001472727432320659,0.001976101888107856,0.002946240171268012,0.0024590295188163516,8.559802922370648e-4,0.002182460480615273,0.0010178470859733165,0.002919466716957925,0.004877161439018197,0.014292776288239132,0.009252852703378523
0.10325673821957886,0.03722151824024759,0.01838349595684465,0.009077648369860306,0.1441414697946544,0.009261791997608309,0.09733808093965929,0.003102740195095584,0.004090200069979238,0.004378704503814021,0.0038907860822983403,0.002259659120244137,0.006065801767558821,0.024728781562053846,0.02768710231289728,0.13797576734734165,0.0016007316243384518,0.004247724167162475,0.0012496522659921237,0.0016297698225528948,0.004220517204435936,0.0017509441714237482,0.00118632103422079,0.00917497787316102,0.00817227375169748,0.022720508552253733,0.1932703315930124,0.0020817795011052833,0.00951358591855794,0.018321480888787312,0.0018401567071078635,0.002250855523188917,0.0012568964427817988,0.01674311947741994,0.0021199405456254865,0.0016219131210677281,0.002302816151333717,0.0010027437094094341,0.0027398445213079816,0.0015232202420639748,0.003435687208163845,5.469273025676665e-4,0.0026312126302974912,0.002059415577439331,0.0024000039140594652,9.749381986106126e-4,0.002057373911434542,0.0027790449976550736,0.0024661783385932718,8.139321155087925e-4,0.001986626368593088,0.0011478094762662247,0.0031620018592855128,0.0041682653184023115,0.0145230563387717,0.009445135154606288
0.10062490674742215,0.03613759664131233,0.020038620013022767,0.00935211310297902,0.1560583344985971,0.010067261556504895,0.09046698434948432,0.0032048432899132737,0.0045248711097097966,0.0031094707010301957,0.003578661830992538,0.0021311910314335994,0.00518824698172365,0.02280346005007245,0.028914166802934304,0.1388906212065484,0.0015485864982922874,0.0038099200350541797,8.58359216372776e-4,0.001771472568964783,0.004826536359181803,0.001559039682202031,0.0017373458513326833,0.006596188901322821,0.008446953794368292,0.021116827938989363,0.1840218997321759,0.0021224015225911287,0.012867805112021216,0.023907543949835512,0.002060996287489199,0.0024201214343783444,0.0014125468423271874,0.016751733935995706,0.002520512775157759,0.0015422331689441237,0.00241769941038437,9.2052334270144e-4,0.0026698871617332545,0.001634767787980807,0.003485186487017558,8.619915750208185e-4,0.0025375062964620968,0.0020145122787082214,0.0021871834093648663,9.43346923491128e-4,0.0018672172600587994,0.0032318580381068504,0.0026431588075002616,6.45144145155101e-4,0.002275343113358944,0.0011262442018800142,0.0035026366194916966,0.004013136849314212,0.014094833977329241,0.009937446794262365
0.09029464446930152,0.040655798585630606,0.018283383841938516,0.009958808619040008,0.1501040605331762,0.00930491120572912,0.09977080535449549,0.003102669290040555,0.0041928491852171925,0.003558234877479368,0.0032545134485896018,0.0022501129103292346,0.0052500724803495775,0.024123539138049137,0.02925766624109869,0.17325300602371513,0.0016574343165582724,0.004119331120035253,0.0010157362038572333,0.0017950047067674306,0.005039366902053627,0.0016818803314450337,0.001402717499214784,0.0066830952012544315,0.00766406863472952,0.02414003986220198,0.1577863251163011,0.0020168327413434364,0.008368671766014704,0.020036309397746487,0.0019732397261054357,0.002458557385006255,0.0012685249367689736,0.01792603398154522,0.002067357822118265,0.0014227002386019358,0.0025016277825446564,9.467063555302341e-4,0.00281748083346943,0.001684465206045317,0.0037326596961230153,7.302832207541397e-4,0.002468589608768862,0.0019010811196335604,0.0025305389883725268,6.785388303618083e-4,0.002008316106282056,0.002825304111053471,0.0026908423429653616,7.001489164853134e-4,0.0019598210971963127,0.0011146676829324673,0.0036214159047954038,0.0040210600683927645,0.014704999066542332,0.009223148967901591
0.10253267341624744,0.03821774046225082,0.019696916912154618,0.010091826328157109,0.1460609219739617,0.009820211617579146,0.09791426566527907,0.003097022111961252,0.0044525937049003,0.0036272334886778145,0.0038806592892051566,0.001939567699321817,0.00551604761601531,0.022539141038840294,0.0292117142253059,0.14626830654260212,0.001502224164664836,0.0038506072193323273,0.0010273375111730057,0.0016366205019673684,0.0034691058331125665,0.0016163577811879421,0.0014627830329397716,0.006943595324964363,0.007764862913821804,0.024024872192617997,0.1697322690061275,0.002183790666801233,0.011296912482175209,0.02756046204380966,0.0020741836414247383,0.0020096744358127886,0.0013910507743270743,0.01899751240507798,0.002059427346288873,0.0015304155248323358,0.0025773369996123243,7.76118738968774e-4,0.0027621611042870447,0.0016386845013874212,0.003634075466384144,7.848787531427964e-4,0.0022403975159135136,0.0018973812963156969,0.0022237554735207183,0.0010120823581608283,0.0020987639990273353,0.002962459377527845,0.002460839465133896,7.235178679394339e-4,0.0022753227055853334,0.001025348192207782,0.0029485867353799496,0.00430611364821419,0.014432781494978416,0.010218487411393367
0.10186751690257728,0.03861191012975256,0.016535718850710826,0.009699831059580104,0.1464675249050849,0.00952010922841216,0.09509856022796127,0.0034265022939172466,0.004002842086989978,0.0037099117781335318,0.004104717998007138,0.002358799072681002,0.006080558701153903,0.026851172941025278,0.02558498781644459,0.1633826281748183,0.0015457027059522235,0.004018098330449363,0.0010938769922022864,0.0018410045703720636,0.004173248132478987,0.001585955985818749,0.001190359983273743,0.007587224167864119,0.008226647312261713,0.02074695552694731,0.1622933041622136,0.0022083314383532188,0.009537047385596804,0.025454091075307314,0.0022561411172752413,0.002237597961890739,0.0014077954461267548,0.017666704776390985,0.0024634396596245898,0.001475925834396131,0.002403015751310524,0.0012899500273505296,0.0026803095797402247,0.0016470412475293138,0.0035603114810202206,6.985771688123602e-4,0.0024622233099727193,0.002152460132665777,0.0026984910310573146,9.628154761659735e-4,0.002163202467615239,0.002677172777185691,0.002541727195187003,6.216842542279714e-4,0.001965521176558964,0.0011145561270593219,0.003227499873965475,0.004362444939539544,0.015424758429219072,0.009033492821770657
0.09627458180674399,0.039821283155509916,0.017826896325795594,0.00932537023048994,0.14947396229019194,0.00939479703999736,0.09208752237919265,0.0029565912050924415,0.0044878695319911606,0.004175346239880697,0.003877686868256178,0.0023523792795125927,0.0047731391313090765,0.024612090886036133,0.030510270910017057,0.1564636725755477,0.001360986285926491,0.0037334323193627655,9.187751410754627e-4,0.0016043714181183787,0.004996491055780529,0.0017157279933506867,0.0017448624963820423,0.009536562478263485,0.007761131824181156,0.02347254608447107,0.1687667507221649,0.0022425388960066344,0.011146695608420219,0.020657764432897616,0.002081734982402495,0.0021668292470388654,0.001036548717853976,0.019627945812241712,0.0024226293340307136,0.0016614196100294431,0.002543452112450726,8.394879451072421e-4,0.0028602641154688723,0.0016794323581431846,0.003483706521175017,6.139720277979537e-4,0.002582852861374313,0.0022903409828066894,0.0022920512649075415,7.930189585437544e-4,0.0020207434493005817,0.003331289819094544,0.00226986518371653,7.017743120648454e-4,0.002134112551808838,0.0010288448115898447,0.0035411639800440836,0.004374670772970031,0.014705374547712608,0.008844377108359757
0.09821658892464569,0.037490570700236286,0.01589985975854547,0.00939165669882393,0.14996696179997354,0.009934970157200802,0.09505851166097098,0.0033085492384159992,0.004161822703685372,0.004278416862238629,0.003289483665444735,0.002232435427956649,0.0054727404318023675,0.027156574689042083,0.02415809834212304,0.16956358095040983,0.0015613746578503473,0.0037713548453383564,9.707057934597344e-4,0.0017150487726494727,0.0038989069091396613,0.0016925100526137386,0.001289094434291981,0.007335447699969625,0.008227143945252443,0.021554303926064847,0.16416316575427323,0.001903748747731006,0.010246888318684411,0.020303197575334643,0.0022031597406776847,0.0022570584168398813,0.0010246324046684493,0.018763522264056143,0.0022950753256407524,0.0015021624483009023,0.0023795612347306703,8.004390551902604e-4,0.0028900084057700503,0.0016034779351983902,0.003073273900784764,6.284332211881169e-4,0.002149947283467205,0.0019760026370442348,0.0025028472807407088,9.915738410753428e-4,0.0019299179811337098,0.002934100027068809,0.0026284362972287703,8.143152316659995e-4,0.002051583910122491,0.0011106620381579673,0.00371907744091683,0.004697533306544189,0.015098836418027459,0.00976064850959123
0.10021810397306166,0.03460436798201176,0.017612145430003966,0.009196730872863613,0.15430386692276402,0.009522450601971766,0.09819066589258664,0.0030521337651352753,0.004314365050333003,0.003819242293717536,0.00413926267613991,0.002089976575285038,0.005049110376784376,0.024150798195323443,0.02631546649458336,0.16460481308881275,0.0013939257902874842,0.004724786887211789,8.592065507098e-4,0.0019332631487903207,0.004141774268950493,0.0013290698517986167,0.0015359327167040356,0.0091369467063734,0.009640901752892528,0.026551276511234026,0.15435087585921323,0.002497806155635026,0.011779990487901645,0.02140920354272107,0.0023649842137600254,0.002571986667155425,0.0013755988872891666,0.017493470411143262,0.0023325132897825977,0.0015442172777405468,0.002773864907227035,7.72990523355456e-4,0.002363749398399475,0.0015703149135546186,0.0033412323496628993,8.896840607749679e-4,0.00230399968532503,0.0019713243188778286,0.002315113597364169,9.736611495627315e-4,0.0019918807508178087,0.0026043125373600554,0.0017968615959196718,7.190914796453648e-4,0.0018772692678391183,0.0010032045594010638,0.0034177196649698527,0.0038027008767608367,0.01443165505963522,0.008928138134874211
0.10183199861106142,0.03602661242213252,0.017545777761367003,0.00993379173972582,0.1568446050978353,0.009903359273651565,0.0942784175755007,0.0028212270852436697,0.003761835376445209,0.004339361328920242,0.003355961670898605,0.0025387165973097614,0.005022333828820861,0.02448506541764683,0.027203396611038475,0.15127984060013336,0.0017768375590547214,0.0035124433026760566,0.0011186666421876695,0.0017513302812034424,0.003867185283726557,0.0015801727240495696,0.0014175071700189956,0.008645246751955375,0.0072282572074305225,0.02132175097159481,0.1731427504408181,0.002162130666978425,0.009996353624964479,0.019236874855669366,0.0018683185441929573,0.0021230170672734993,0.0011374025475735686,0.018042847491119233,0.002202546639363839,0.0016575668729008424,0.0023861979955765596,9.252282263800384e-4,0.00280056033354339,0.0015592466666681697,0.0034876001076920545,7.271413866370517e-4,0.002385887898872957,0.0021073145306379775,0.0025973041788696486,0.0011881638980972755,0.001964380378579927,0.0029200615513103154,0.002606724151139499,0.0010663147503704466,0.002140736470723263,0.0010331713713758947,0.003422938032057372,0.004306125096557942,0.014635552186946565,0.01077784314548037
0.09431822053975102,0.037923555653218095,0.01798048858566366,0.00992106024239051,0.17221897908508718,0.009870553033665876,0.09190165461213601,0.003199283772276952,0.00434179091110968,0.00390187355386051,0.004613144129639025,0.002443142960906164,0.005740877629878745,0.020356743279849255,0.020799176228828608,0.1624009986324437,0.0016273697298435311,0.0032701219978703063,0.0010936786236154456,0.001842923770277118,0.00414461212246258,0.0016080443135120352,0.0013266560822320097,0.007802309019663573,0.00804215459958917,0.020116647211102224,0.15810637757363605,0.0022065103925508105,0.01213181021532134,0.01824994993283367,0.002180259930257369,0.00225392842295417,0.0013664094933092542,0.019903435254178006,0.0022206682485201813,0.0015742776109650435,0.003012633288380035,9.052989580506844e-4,0.0027580407124695727,0.001359641883473095,0.003665944968034931,6.996518863117166e-4,0.002464588338427452,0.0020629598209670158,0.0027935072188449103,7.961679245449319e-4,0.0021499031419559243,0.002773536653418076,0.002435395040399957,6.204106494636406e-4,0.002096855495179422,0.0012328407519463789,0.003151027551107153,0.004457990924302043,0.017226370921084887,0.010337546476239242
0.09996217347321165,0.03440350542534655,0.019602788603655864,0.00927108557730342,0.16529210014849657,0.010054301060682986,0.09456278912294314,0.00297111208074283,0.0041673637638845965,0.003924017805311859,0.003680654297553045,0.0022223230313062115,0.005168451408002661,0.022405776578243903,0.022494696268473155,0.16108180665042054,0.001586192782674714,0.0033352927155764155,9.558811710639972e-4,0.0015402200574203444,0.004345881359822429,0.0014369080221635537,9.940768952604489e-4,0.006897540210213837,0.008784124312887857,0.022856577008912186,0.1580109054683567,0.0021687818413672136,0.009789690106918733,0.021753660307682908,0.002597495914771234,0.0027249258140806636,0.0013234148077263396,0.0183715048614866,0.0024494335703239977,0.0015065575912906683,0.0022774623858589707,0.0012493000792949149,0.0031460969245242676,0.0016909015963147741,0.0037277880816644084,9.421333997324333e-4,0.0025168249848947478,0.001851146719109673,0.0023888605867004855,0.0015717903510474006,0.0022114656623597705,0.0029100831561762143,0.00230833305660435,0.001054534031537206,0.0020214333483807383,0.0010499658806194592,0.003311499035659778,0.004873855013051292,0.015579151189525556,0.008623364401363753
0.09961779514851424,0.03553863024739637,0.020291120975508416,0.009981158515688914,0.15018264405047443,0.009769851967056218,0.09873598865243023,0.0029739775283916746,0.0040894490937294845,0.004214434617295693,0.0038945859622272713,0.0022111785103475045,0.005652537131875213,0.021486361733040717,0.02297466156779621,0.1511613564618803,0.0015072931491006694,0.0035634007610625316,0.0010085682720725937,0.001541730635108381,0.003905416684986741,0.0015733092660821756,0.0013275811616998633,0.009672337532001859,0.008095682334268155,0.026069690076505284,0.1676986341237963,0.002253512451837126,0.010866924961346005,0.025476774476337605,0.0021620419151228863,0.0022420736092110746,0.0014496967581547001,0.01844580339916214,0.0021325457309120835,0.0016520305580518832,0.002478046275198541,9.579873871271157e-4,0.0029624948992575516,0.001804815846016296,0.0033771149762173427,7.960443328358168e-4,0.00272451392732217,0.0020963875062334158,0.0026099027172499763,0.0011350617840752857,0.0021996597405683537,0.0032057801791537895,0.002194811933818443,7.620668722860943e-4,0.001967127975443813,0.0011766175870914829,0.0032087152922292664,0.004288777295328872,0.0147277997788806,0.009905493673192895
0.09692600986622218,0.03822359856690936,0.016928016759144678,0.009114121924911534,0.15255889509338802,0.009288466741496857,0.10066052434809615,0.003035253430747192,0.0037839434777641435,0.004434181978743211,0.003312300709539248,0.0025576538215568755,0.004692193316918509,0.02564381210850855,0.027448015728732848,0.1670065403792243,0.0015232220020422933,0.0033755711091885956,0.0011995006745675186,0.0016733965181668065,0.004467945526831046,0.001516913506016261,0.001214973095683478,0.007238389890632283,0.007841437914083127,0.023344443268065236,0.15558387406057878,0.0020942739716319565,0.00941243001162905,0.019393852664025144,0.0019570378719281556,0.002386368731307729,0.0011937510272351534,0.019547926401960472,0.0022038244758967743,0.0013668500146221127,0.0024370178890268848,0.0012121512454959095,0.0027670336419745203,0.0017464685102658772,0.003154377994609881,8.473760023515856e-4,0.0025949755014149714,0.0019674069229540948,0.0028976401546261625,0.001214961790735373,0.0017706070925064446,0.002893023652173698,0.00274154792237732,8.36023413482218e-4,0.002183057078707977,9.663672388663014e-4,0.0035540858503665383,0.00442950526916514,0.0150888538199966,0.010548008020906802
0.0974261131219979,0.03628809465960239,0.019236455364764555,0.009459117956293318,0.14678115490476357,0.009947190774488806,0.09739852307871974,0.0028656112317902364,0.004013478310161305,0.00358324735438198,0.003832006588934409,0.0021023125025556354,0.006513351067996038,0.023907963470798793,0.02753872709829272,0.1570475567293106,0.0016748410265419557,0.0033900144183213023,9.733226409803369e-4,0.0016766946979561747,0.004220393212731074,0.0015900458186256787,0.0012896800428098185,0.007579039693117518,0.008255670725635234,0.02462843582648465,0.1705024216090834,0.0018775634314070495,0.010497436651044766,0.022204611703831346,0.002147896791569699,0.002357807812246749,0.0013626268555331708,0.01994452153702149,0.0023125851901673704,0.0016452058993670932,0.002501497621625341,0.001008008308087868,0.0031234106252792234,0.0016120235804199252,0.0034367582201599253,8.175939198895319e-4,0.0022499411388752495,0.0020905514681705617,0.0026268189514271566,0.0011550360645592363,0.002034665333341806,0.003202249082681124,0.002610403215500868,8.223781605915223e-4,0.0021130162583316145,0.001024353987592974,0.0032176942524402927,0.004362304001326805,0.012812310423735821,0.009107265586635277
0.10099272270025475,0.03541991448757725,0.01795470500531037,0.009893561923447649,0.15191090786889558,0.009861196664184174,0.08924900688280288,0.003300454192211978,0.004049245579529572,0.0032877573800690328,0.0033476320448056185,0.001909072296038914,0.005281904259692406,0.021624491593534547,0.024449711234702055,0.1721394206247173,0.0016919005421763944,0.0036922573600938514,0.0010325058927696629,0.0016845657398292385,0.005438408240370686,0.0015576665412562695,0.0010244019009954376,0.008932724976324379,0.008051527948615059,0.02118125362451871,0.16629174608229105,0.002024625498141439,0.009310071093544559,0.023448737149688453,0.0018883350684587327,0.0022907810430682074,0.0013344543251452075,0.01824743396892688,0.002131268288315907,0.001471532034777569,0.0024495481495524227,8.572524547704818e-4,0.0027998576844160835,0.0017208587148866182,0.003399576653225313,7.504149694775468e-4,0.0022032009880116,0.001835069385646881,0.002829256157994988,9.522314468700681e-4,0.0020101066274838646,0.003000817608908891,0.002746309913961257,6.462123843271147e-4,0.002280166536561605,0.0010570164043913475,0.0031626590083720305,0.004641552895608008,0.015348442635571903,0.007911547322880245
0.09745448199672803,0.0348725829534517,0.018947817139512022,0.01012497467015014,0.15153651670995238,0.010286381379199494,0.097839166335678407,0.0029234536762189327,0.00408911056238051,0.003925781602071884,0.004135612089686863,0.0020799504179673887,0.005571616771525644,0.02498038912952663,0.019512945957416622,0.16192617780900712,0.0017080129048901095,0.004268405189286821,0.0010497853807833384,0.0016460734859768372,0.004149703133496302,0.0016935729963479143,0.0011035869890443021,0.00790461513802519,0.007034110477363437,0.023337757596245474,0.1679546242139901,0.0022733711976434022,0.010198693832007241,0.023664115240107187,0.0022806257183953906,0.002061508269102968,0.0010954441604119475,0.01851511885334678,0.0023865752308296724,0.001614093340641249,0.0025487133703802414,0.0010801781142975619,0.0023243040445072344,0.0015222746026382259,0.0031031014910472957,9.203183196823769e-4,0.00246415198611114,0.0022981439972907017,0.0026585983080538653,0.0012430624653952743,0.0019717119388739735,0.002944042343282208,0.002464465987804525,7.629309270228367e-4,0.0021492627089697777,0.0010420759379332252,0.003775839086358343,0.004778389077527515,0.014191692621502775,0.009609990122911404
0.10145537005131632,0.03515542866945955,0.018024234897546586,0.009932541703598374,0.15519181026178389,0.009433847324577433,0.09316288590455596,0.0030225206401341864,0.00394925665067638,0.00381275671308738,0.004135777695974215,0.002208691195773642,0.005625808003049505,0.02603513926429156,0.02603432541362069,0.16642680278474425,0.0018025782530296211,0.004557248177815359,8.808193196481411e-4,0.001659010510324054,0.004239348932677631,0.0017451576350096876,0.0010528930718965927,0.005777595960798056,0.008644527094309355,0.020087584461902397,0.16596580785327344,0.002190845146696409,0.010755844183953879,0.019624874237934187,0.002274416273284965,0.002422387620995473,0.0011739852005768227,0.013988552434124328,0.002326402696957603,0.0015125627582780756,0.0025027357537428813,0.001225608014038673,0.002588573982041781,0.0017071541292807415,0.0038034270058673733,7.722461593882147e-4,0.0024727140193978054,0.0019344818216471909,0.0028809556977827987,0.0012193058807385708,0.0021080262825490382,0.0027213440733691845,0.0023600701140273645,8.790860414308499e-4,0.0021868509385289284,8.894553469565101e-4,0.00347276524403251,0.0047417228818947416,0.014307976349217712,0.008935861266391188
0.10154349883533857,0.03497847977498617,0.019768612243491867,0.009661025675153109,0.14562657035027018,0.009530208330626396,0.09582008669913811,0.0033603508326127754,0.0038324520934393956,0.004338706355696523,0.004152965317002646,0.002069315648942055,0.0061096858297143945,0.02604487303292563,0.024358851557332663,0.15283264546679812,0.0016619311559944489,0.003952981963262061,8.584978571628992e-4,0.0014913600194711913,0.004633651802775175,0.001648402527825596,0.0013303850277680091,0.008904960540263478,0.008479103091566187,0.024600658799354698,0.17608919690881766,0.0017913786105423642,0.011340683449335183,0.019956326540278284,0.002312225437505449,0.002449030606441368,0.0010816088241821051,0.014747935714079397,0.0020924981693083472,0.0015647865210078181,0.0025947354688092626,8.367037943698305e-4,0.0026043948053168908,0.0016603917844802939,0.0033454921935654647,4.8050433254255386e-4,0.002307040262493508,0.001967979315941954,0.0027297486423101223,9.287407344118156e-4,0.0021628850826203192,0.0027198370880917797,0.0023121073973890382,5.207141245313513e-4,0.002193167733870972,0.001030470256786848,0.0033647444759543764,0.004489278487872723,0.017578464995418205,0.00915666741281245
0.1005119196209026,0.036657059541740485,0.018461123009295467,0.009557194905288497,0.1572656228058727,0.00971478095129161,0.09796365321666495,0.0030403167862014095,0.004399112129276639,0.0031028963241109607,0.00355472091164947,0.0021846300670347587,0.005709503284701247,0.02434501195366987,0.025383374735435126,0.16640395761507087,0.0018354206268966547,0.0035915779680214337,9.629725632514445e-4,0.0015748897871506458,0.004434273921345505,0.0014782239203216534,0.001334758026227713,0.00797862369428248,0.0075184186517372196,0.023466182864565255,0.15286104833589698,0.0021612297848338114,0.009602975998846953,0.020805371146381674,0.0018665253549475561,0.0023867671297988094,9.611254972096288e-4,0.019413739625477173,0.002240117480311696,0.001537970580379941,0.0024662671023782065,7.291401734675451e-4,0.00289941822108121,0.001465978807221455,0.0032438101048003543,7.625717338919054e-4,0.0024302499883925655,0.0018706292699142396,0.002736642930315069,8.659254235187041e-4,0.002459614916100086,0.0025867526516441244,0.002517188335753975,6.06991155801848e-4,0.002167000640611688,9.480017769684645e-4,0.0034706118002877213,0.00491325481901279,0.01498579472851502,0.009607064604232189
0.10266451768540509,0.03875228340785303,0.018051885024288023,0.009662026013693998,0.147828058888733,0.009883194724002049,0.09576556048162715,0.003087535586225522,0.004184189135317284,0.004596268825143824,0.00396688039238645,0.0019427000016867494,0.00575715471212149,0.02489804486861657,0.02863815538726076,0.16899953057260994,0.0016507269569797593,0.003747628042224836,9.100056580770516e-4,0.0015657354667026984,0.004290730540868256,0.0015856271495816316,0.0010479117101587587,0.007800924717681458,0.007189781151924015,0.02532603750671327,0.15570352129215226,0.002173893058114472,0.009439520579212745,0.02191324336593195,0.0018933186719018332,0.0020735865958710973,0.0013144726617136586,0.015480729857151225,0.0023908558827283525,0.0015220379256503673,0.002229170827256404,0.0011434584842703658,0.0024684222821973775,0.001638961240854434,0.0032402626287637466,7.589201757068629e-4,0.0021864997426759656,0.0021759210140226176,0.0024005327248405326,0.001260765627564399,0.0019320293203581689,0.002858167819870414,0.002211307800481092,8.011555033776541e-4,0.0020947122961151015,0.0011806327381033558,0.003222807049283909,0.0038495200290187687,0.014600901517447192,0.010047576679480938
0.10005884639129498,0.0354774627345697,0.017642990890597392,0.009626131815283314,0.14979187977672892,0.010048802513361045,0.09871307350331887,0.003314925709298033,0.00410106313658975,0.004208165528231928,0.004117813863051638,0.002261913199838929,0.005460726143360364,0.023568278912099266,0.025898583642741137,0.1591783355556091,0.001630809702428544,0.00424883519323288,8.865602144308706e-4,0.0016403076045797423,0.00447611032684237,0.0015613691697282245,0.0012205094810937738,0.0065139618146387,0.007658837904995879,0.02105133192657126,0.1738462333037941,0.002233539016362028,0.009476636640269692,0.022639520253538332,0.002095325819539597,0.002330232840076326,9.323111697029587e-4,0.015313770508552746,0.0021084314350719078,0.0015349080775212277,0.0026760872553057004,9.602854248967854e-4,0.002501682338728354,0.0016354061968814862,0.003823654475402222,7.036224380826855e-4,0.0021361170433743092,0.0019165859066015108,0.002671985427124414,8.101225564311771e-4,0.0019372767585605778,0.0028041507938727,0.002404138249422747,7.743492682415204e-4,0.002476751018903031,0.001084049744704325,0.003141908684073017,0.003638511627143571,0.014244364220436699,0.010790414852867697
0.10316786254655136,0.036980592021078895,0.01798928102025849,0.009386132796174444,0.1532465312915253,0.009837515295221378,0.0898921084230585,0.0032092832681996203,0.00397489789763556,0.003947876104076045,0.004001811757297347,0.0022030404640158135,0.0054508888242035085,0.02313561878749576,0.02623475633006298,0.15289741503707358,0.0017843302978547027,0.0037902609281698163,0.001129393599691833,0.0015106747138233392,0.0037712552830400045,0.001495002606717119,0.0011132918305978361,0.0074013191757578475,0.007208368478541268,0.022561882475996192,0.1739059889268524,0.0023173312672688613,0.010823759101140718,0.020891015716533807,0.00208932890362352,0.00205019958393772,0.0012259847505921566,0.019735205677251167,0.0021782942497451693,0.0017653999128762912,0.002380153408848042,0.001230868199682827,0.002372042218249248,0.0016432662501309518,0.0032141540418062324,8.395442920962601e-4,0.0024623410661529215,0.0021562239979393636,0.0023912161767422747,0.0013052358760183929,0.002091356804239412,0.002816743961306457,0.0024290989396066366,7.913797557956764e-4,0.00198395804236295,7.716358520377434e-4,0.0034538011364508006,0.004689468492495359,0.01683523484379108,0.009838377300307071
0.1004200988815615,0.03934413923668145,0.018574384432481255,0.009128103954776609,0.15377719622744981,0.009496138968976863,0.09369503164758411,0.0030761882634643216,0.003937615527533454,0.003086386005400919,0.0038692350153532104,0.002510744953342657,0.005010693771133211,0.023353210801078415,0.024244351514070613,0.16511577933836566,0.0014800291795330392,0.004078794685989003,0.0011983283537173079,0.001528198384944556,0.00559841866576,0.0014618813034547311,0.0014970089135094538,0.007882067005708853,0.00704942624623207,0.02104672774788419,0.16726183384687757,0.002092323458668497,0.011666579379190146,0.01989248980126379,0.0022590552193048484,0.002318011490228939,0.0012270286385257672,0.01678347217926913,0.0022627008585667284,0.0014181420775897075,0.0025326639408520383,0.0010371513855993867,0.002962908637623452,0.0015366747159754664,0.00318911882278381,8.5291925825803e-4,0.002446142030817675,0.0021420324301200623,0.002574654931671846,0.0010375878689891822,0.00189755140937435,0.002799238135937036,0.0025365627035869634,7.51062192330966e-4,0.00199115628693439,0.0010743730940908978,0.0032128497459721636,0.004082527221374595,0.013295718092829468,0.009405291119405893
0.09854165268544564,0.037636617610995994,0.017258490548204976,0.009732294533170972,0.1494513909450918,0.009819904446129589,0.09826109918234689,0.003244124671991955,0.004410807308203354,0.004319626479451571,0.004344668449899462,0.0022306847985226427,0.0056753218042083125,0.027299153966615853,0.026465601504999964,0.15152897631025214,0.0016253429081130803,0.003626339279912407,9.740488913337126e-4,0.0017915777000573195,0.005217246358937592,0.0015565087118447195,0.0010904129924212817,0.008423109672846199,0.008220620106039422,0.020986447307160917,0.16902104440195473,0.002044921752894477,0.012544794863241948,0.019665318666601615,0.0023816236047296993,0.002306800733394914,0.0013851641933876062,0.01804014158013395,0.002307593631123319,0.0014464111785825891,0.0024188509241331126,0.0010477160747530592,0.0027314436878772786,0.0015003723780804053,0.003777929610266723,8.083563196291353e-4,0.0025861210641342455,0.00207346890039068,0.0027365910159571857,8.508942828524578e-4,0.001989362536847519,0.0024582619591579694,0.0025684449638933645,8.19113641387345e-4,0.0021630212035736573,0.0011920112104852334,0.0032836631975144796,0.0040517730384958,0.01624078640005993,0.009825933810267758
0.10218263551553514,0.03984385396091336,0.018069526716853423,0.009661270674784164,0.15989329610252742,0.009704235416862515,0.09226912033964281,0.003212170905653208,0.004117074574912449,0.003115224002408977,0.0037579271798976674,0.0021277017625072345,0.004705234509958502,0.025259204836978112,0.024303030530183733,0.16201489558888454,0.0016548538451043792,0.0035577013670377786,0.0010812182238193208,0.0016354591334055949,0.00427779033185938,0.0014444429314094975,0.001153608563441936,0.008840098535668238,0.00835248261561136,0.020265031963780263,0.15986690418698873,0.0020079085418248485,0.01010882089330677,0.021370076057521593,0.0020903692775282637,0.0021745821536325255,9.7200168267241e-4,0.017892321134366056,0.00214428810838995,0.0016884160472288008,0.002769401763797966,9.882458776014132e-4,0.0029302914199449224,0.0017284304588190981,0.003256489847074578,8.450875684202632e-4,0.0023577099952919903,0.002194988392689179,0.002446084027945844,0.0011531805707231746,0.0019972594188632435,0.003087308889788064,0.0026760968985075624,7.962337159445023e-4,0.002050497638582677,0.0010168486419982585,0.003471761102452129,0.003655103311617436,0.013821739848314266,0.009942462398522527
0.09947786517828229,0.039098407726422445,0.019362211894618033,0.009955015905130423,0.1415076399413184,0.009970699530172922,0.10006380457147461,0.00304280116967903,0.003944387667346359,0.004285778476965105,0.003938098190807784,0.0023612209782401007,0.006001660618487344,0.024218087282256627,0.025614311122582743,0.15350907433621322,0.0014486910155815645,0.00361472652329581,0.0011334655330923727,0.001549810122782403,0.0048426866332544815,0.0015525523139668304,0.0010400494597673329,0.006388042579327786,0.007512801413346338,0.023567146201335844,0.1782624423349808,0.0020503337011417307,0.01039495647022885,0.02306262741514175,0.0021670603920586123,0.0025184836539463413,0.0011231219808800453,0.01657017230520045,0.0022529163906608706,0.0015071695132800943,0.0027364246882515663,9.634656995744735e-4,0.002866960723124957,0.0016154288237249681,0.0032233714307202425,7.72136088555053e-4,0.0023019393611829063,0.0020442571698469445,0.0030419058447040503,9.721132401365212e-4,0.00210862679078823,0.0029748234170631467,0.002265376204402593,7.885280287702718e-4,0.001996539170210396,0.0011273169608260834,0.0030905812619393303,0.004036178671831196,0.014016725527949024,0.008146980353130362
0.09825343425317556,0.03785520086674467,0.018529443539692395,0.009203584532532097,0.1594652064187392,0.00999613418782183,0.09744192826696377,0.003162154967254735,0.004009863488423505,0.00325430153053393,0.0029342374764102066,0.0022293523899906175,0.005016547772682346,0.02362654228276719,0.026224004050675136,0.17327887259469257,0.001924277140393207,0.004014192333016959,0.0010940326991444756,0.0017815158340498628,0.004128528973330476,0.0016274199988092833,0.001342611067958754,0.009415494853346983,0.008525273881668552,0.02482339674107124,0.14772518237324803,0.0021012369641141603,0.010861426886989527,0.019521705791899248,0.002263918930915624,0.0018885913864705088,0.0012781028965964997,0.015750150495567543,0.002293851713417063,0.0013447360216795935,0.002380023697906273,9.663576029539577e-4,0.0027872221747576847,0.0018109969912016909,0.0034441702004429794,6.786831796013729e-4,0.002307099299109962,0.00204587833262493,0.002351237713666198,9.747241999637375e-4,0.0021266241613959705,0.00296297884059875,0.0022302662119089377,7.959401136853084e-4,0.0020288913891842743,0.0010149965096940168,0.0031153012517738765,0.004211597349905649,0.014427229597913633,0.00915332557892348
0.09844735934266867,0.03530277249296015,0.018958206710601198,0.009813325125083119,0.1645632867459443,0.0098647135461921,0.09745777779977546,0.0027487913329742367,0.0041377993140509,0.0032210793738420155,0.0035023347253531367,0.0021607274672604663,0.004784014283890422,0.02361218394346463,0.023238644616178892,0.15210873706397413,0.001826906260474112,0.0038809324687175536,0.0010003435168192867,0.0015571047029992392,0.004780178651883236,0.0015463896930192845,0.0014482561368048368,0.008097577405146059,0.007525542433298372,0.022294486206852582,0.16769455120019863,0.002152066399000965,0.010298044844186971,0.017690011209135742,0.00230509694066867,0.0022863488028420672,0.0012491070007958135,0.02110111349391698,0.0025316235105944237,0.0013907462926639835,0.0028951007486777342,0.0010231822624328602,0.0024865079232976187,0.001382618736525901,0.0035511127916231966,7.266866358122865e-4,0.0026004606207593135,0.002005598838562231,0.0024774120131006924,0.0011666242338484027,0.0020936974390647453,0.002889273330435719,0.002549220781931767,7.954018335559099e-4,0.0020324177229015007,0.0011267291462898007,0.003296307565385184,0.004426349008728856,0.01428265238540271,0.009614464927431
0.10787789011041063,0.03611175572167884,0.01864114351791602,0.009404431490634392,0.15885015072333086,0.010440349360061048,0.09305368635875837,0.0031572507960030255,0.004316447349545314,0.003744969632377053,0.0040652385027862906,0.0022171100026511944,0.0051461570287444705,0.02259487607751554,0.02735432292260229,0.1393777152786382,0.0015464094138457917,0.0034061929155923256,0.0010456759769944311,0.0016378379535400209,0.004051840019019248,0.0013590363015383144,0.0012899709145327556,0.007617673642235083,0.008600611488701587,0.020140613321118408,0.17659411749691084,0.002030453708471799,0.0104102213096563,0.02215013455648147,0.002249971978298327,0.0021390602663444495,0.0011650498799365939,0.019149642252550437,0.0023710684491946928,0.0016027036904432384,0.0024027374565531714,0.0010274399252143108,0.0024712951462948314,0.0015077838728707956,0.003804383296220349,6.731642906070253e-4,0.0025244020915118123,0.0020098276796000356,0.0027064737034619957,7.187067324724581e-4,0.0021031237055696757,0.003144654355802459,0.002842394930117136,7.862529972467321e-4,0.0019623707566321265,0.0013446324689345033,0.0030001705402253422,0.004671434003259525,0.015552531622466883,0.007834440015879176
0.10501944684273468,0.03584577828577137,0.017858411616989363,0.009698988441554932,0.1433430870076392,0.010364424461592078,0.09407805581442283,0.002865399008495196,0.003728860417182556,0.0038240776822174275,0.0035011900047383104,0.002264538117394873,0.005681977498897616,0.025720048551089808,0.024630384043053243,0.15879547066541277,0.0017127033332894597,0.003594029407527601,0.0010383292587180667,0.001813977438851549,0.004422285440965371,0.0017093776941315656,0.0011538124283208468,0.006331894494231109,0.0075660132996864795,0.025594222487322814,0.17503507433516197,0.0020425002595655904,0.00975364566013434,0.018805703171151794,0.0020620132727051125,0.0025102176446942103,0.0011306752647923521,0.018603157543860792,0.0020236321475124324,0.001374321384196633,0.0023650034296770176,9.076043894024397e-4,0.0029605745680884644,0.00167622404896766,0.003533758659434145,8.833304676781171e-4,0.0024017963722547603,0.0022024848951012355,0.0027309438737123937,7.898771153049725e-4,0.0022751553506872744,0.003049294631293818,0.002519262880336024,6.863777710412567e-4,0.0020880998705018502,0.0010460567589036936,0.0034453266059373032,0.004584649609125023,0.013915033573308358,0.01044142070323795
0.10079525019125206,0.03471844451422584,0.02003329697916309,0.00942186889513414,0.15950093465647464,0.009530039568622112,0.09503874899460009,0.002906061180118457,0.0040231789873297,0.004254751727470029,0.0040249778910521365,0.001841286567159487,0.004864540743803906,0.026473631460553718,0.02714164701744629,0.17181964450945952,0.0016234083454588898,0.00435984643679584,0.0010683436996230993,0.0017338042711900873,0.0043805398640212505,0.0014587742426524647,0.001184960329772633,0.0076876493272367945,0.008773627248588075,0.017494390058222283,0.1514721452604456,0.0024053168640252695,0.009955273277680149,0.021997394440328395,0.002290923920233173,0.0023048185334191016,0.0012577906393927308,0.016299451971045303,0.0024725673041303135,0.001476857810531317,0.0026720172115056997,8.910711685597549e-4,0.002689405867347412,0.0017460317080326662,0.003398046896834822,7.022046261442249e-4,0.0025191310189975583,0.0018317257144921581,0.002674616236220052,0.0011446483126254664,0.001804182015211408,0.0029290848892883693,0.002675150195223937,0.001048449483798282,0.002134328177868934,0.0012555000304359566,0.002838592104109851,0.0037702004341660465,0.013303879095511357,0.009885547084968135
0.10125537866840312,0.0368316741158827,0.01868936758867079,0.009874548051418042,0.15315914599570646,0.009186234985871766,0.09357687161053202,0.0032373844494715943,0.004432143695359718,0.0037046195212723262,0.004175225956503665,0.0017935968192252481,0.005302774184836087,0.02306673223235506,0.026227070334013933,0.15343437230384352,0.001763451057496586,0.0031283854581773953,8.820917633651308e-4,0.001682134663302395,0.004569477066565279,0.001682317684330618,0.0014587000304364171,0.008500709292869373,0.008251686920748775,0.025192058026459307,0.17597353465173124,0.002346516001861598,0.00941975633761879,0.018019305771167757,0.0020319412807743285,0.002207048284626681,0.0012224079499678308,0.0186660163595599,0.002145767010450247,0.0014472857254860952,0.002387245089653803,9.452193855857954e-4,0.0028692062729668284,0.0015612411233764472,0.0031502637913410477,7.272747072655277e-4,0.002474323408084064,0.0019447486037465881,0.002635663783110795,0.0010193704084351786,0.0018391438389446897,0.0027439632871004817,0.002177193945271529,7.875468751584007e-4,0.002077462206307759,9.056827992543232e-4,0.003205838993022823,0.004340207901249891,0.014031659903723724,0.00963901182603858
0.09912948473884513,0.037987208447150096,0.018737243324207623,0.00953863906604282,0.14962940326374752,0.010198504535339166,0.0963303908460522,0.0029566919948537528,0.0039694722741891245,0.003741185575849604,0.0030752565753797783,0.002156528661548953,0.004610131185449367,0.02423362223049973,0.027378211817148477,0.16341571396296842,0.0014897804569219244,0.003509604332563747,9.696133941924251e-4,0.0017448508231873462,0.005072450886458452,0.0014743908358409352,0.0012517929377749597,0.007607328770257898,0.009012854364225423,0.02583959151516619,0.1636941145620999,0.0020321012743117753,0.011083633049386412,0.019718490879366533,0.0021435588800791743,0.0021992174621653635,0.0011390211066941648,0.018033597075251092,0.0023698798721328187,0.0014909475226369336,0.0021863045994982484,8.588692522078008e-4,0.0025207802938831234,0.0014320861361593585,0.003732933139274652,7.589662289487858e-4,0.0025371854946013854,0.0020599526968577845,0.002411753204631646,0.001041098153959343,0.0019095650765212657,0.0030216722325799423,0.00252891833859384,6.621944180299423e-4,0.001993587689953566,9.681149495509901e-4,0.003339204035625561,0.004530706985360035,0.013096937576225508,0.009444660997551932
0.10664829723101514,0.03658228458960303,0.017683642933829503,0.008911379380426342,0.14498316033139724,0.009447459106723666,0.09024226179693,0.0031244892746876193,0.004095944071761837,0.004530588713803579,0.004073213868228024,0.002119848341867582,0.005198368655775214,0.02463011352022654,0.026330902657677176,0.171272091556038,0.00156211492020489,0.003767282966410272,9.253040967179037e-4,0.0017525101466165846,0.004140649712327658,0.001580184338002162,0.0011384599631639074,0.00857864247963078,0.00813516659926921,0.029185271666955906,0.16019035227813375,0.002134095231268214,0.009679454442076003,0.021914718957353287,0.002200692616908655,0.002383241062711927,0.0015700661775540825,0.014669848535947688,0.0022658258140749138,0.0016042825034535571,0.002508905843132825,9.004416561154909e-4,0.0027586422489841935,0.001497936530393843,0.0033969024933129454,8.589139781261859e-4,0.002694157648869724,0.00209396077963316,0.0024506641750039098,0.001265989404975963,0.0020202089070537475,0.003255031514881012,0.0023364379532593463,8.134116302771417e-4,0.002295987415523759,0.0010324525251850965,0.002859502661229838,0.003608111736236518,0.013156915066674216,0.008943215292359186
0.09464899373795929,0.03895659049708868,0.01805845243046863,0.009967229597422701,0.15475649520127577,0.01052896016201942,0.09906158992823189,0.003222853882194238,0.004176534876978035,0.0034993341540152296,0.0033947220304065577,0.002394138614811871,0.005358717270334514,0.023065956108704638,0.0267431411031555,0.14956574338202622,0.0016767795527756354,0.003993357214256295,9.656771063974158e-4,0.0016053156559287238,0.004081003763808322,0.0016534781983541947,0.0011928468904049572,0.006160342806087267,0.007629414292288976,0.018667319852811656,0.17713815060452814,0.002313098093693261,0.010820366107720239,0.02622603709852287,0.0022039968732068585,0.0022162965175852945,0.001116673390443681,0.013711573433782827,0.0023064013805803134,0.0014878596081129211,0.002664151611411642,9.450296499799493e-4,0.0028565173422982182,0.0018065104082277943,0.003548363836060769,7.09694696923054e-4,0.002475038014576845,0.0021590660444439583,0.0027861301856013927,9.075964864468679e-4,0.0020091705277391013,0.0030939167462455137,0.0023398319305143415,6.169849423763088e-4,0.002126366711023122,0.0011329862715397298,0.0033327889958461037,0.0041701837033175145,0.015002234422901524,0.010751996054143275
0.09774556464504273,0.035214910245039296,0.01772454656339647,0.009732036696193583,0.15026620117828804,0.009267304159531746,0.09992537341177679,0.003180467438314496,0.004329409828600595,0.003792181174249688,0.004244597182915158,0.0022423914007117314,0.005948145596414496,0.02474190144087797,0.02637120880321235,0.15454325952190387,0.0019634432298274323,0.004516869802100851,0.0010910866576295882,0.0016021816159680052,0.004644011058014216,0.0015440016399672278,0.0010223918454698552,0.008837330045221085,0.008032929413629167,0.022121929873527353,0.1772549602048191,0.0020784833965381286,0.011098497578675471,0.018883840886453212,0.0021325013569812017,0.0019514218141901158,0.001196395649902463,0.01641918846926025,0.0021551448345256655,0.0013511272528012588,0.0024165148859752227,0.0010374687324183343,0.002896254394564747,0.0016546198315350543,0.0035222934856900283,7.828742803853369e-4,0.0023623641682809925,0.0017909234409923922,0.0025665268369953957,9.891100303571199e-4,0.0020269132729044755,0.0022846368049725574,0.0025554726861161175,8.408773837739928e-4,0.0019078546980029211,0.0010014455658761382,0.0034412464461379693,0.003650865791379484,0.013657262180138543,0.009447239171532455
0.10418996337431705,0.03608493752473728,0.01831677147463267,0.009315593597705436,0.15109162650785452,0.009347934567509927,0.09731404585348319,0.003218957373693549,0.004129686924873571,0.003427549660460815,0.0035832043853936306,0.002278943481614198,0.004533326554053603,0.02156352308533991,0.02273892318949515,0.1604864304669388,0.0018363371662048196,0.004114679177534038,9.203889340517365e-4,0.0015535969749216388,0.005010493575606867,0.0015699039862390406,0.0015166829419307967,0.008149848127841803,0.00843863505737324,0.021663998332757728,0.1688260684983575,0.00235796412621164,0.01346408176274125,0.020593840362743802,0.0020100906813176676,0.0023363989785330653,0.0010824469268514599,0.01592246784605512,0.0023416198283975386,0.0014362064431154835,0.0022972525152399554,0.0010749575287762624,0.002805377598728103,0.001642776250125947,0.0029654156964070313,8.274160577776077e-4,0.0023516848912117513,0.002187727674141076,0.0024542848529465655,8.703617496285464e-4,0.0020202522831612967,0.0027942954906275846,0.002306676539851354,6.48638297283496e-4,0.0023184449851490732,0.0010384037321239674,0.0032040173490693723,0.004685453138992804,0.014681859000605514,0.01005753661726323
0.10110143903035675,0.03899677406758037,0.018732426990487716,0.009812688194510026,0.1508849369622185,0.010297048255039184,0.09118424243726925,0.0032135634279945946,0.004168458723258856,0.0031505956379058696,0.0034777711210212674,0.002384937030986289,0.005648852155334855,0.02635303229158451,0.026484954151609803,0.15076984011374786,0.0018245861355540933,0.004009102278540527,9.990277047726725e-4,0.0016114388429652176,0.004170196747908714,0.0014622947295311523,0.001022456195715431,0.007476791980027856,0.007980386345451871,0.023497605340672637,0.1706534147693849,0.002328045540960055,0.011472210082717956,0.02216712182229081,0.0021175571380316104,0.0021883234117430635,0.0015035239700165843,0.020154047282949863,0.002303541449677349,0.0017916828519638104,0.002580665277686735,0.0010537023955913655,0.002742572383154175,0.0017924092654318634,0.0036485070085019848,6.244377475413534e-4,0.0023989575570579984,0.002017765112077689,0.002383320846485247,8.818103833507176e-4,0.0022011163227574,0.0031722179698711523,0.0025580611998768234,6.164036857320244e-4,0.0021444320711955698,0.0011064844506165057,0.0031875516120819566,0.004674580862133426,0.014155260655163314,0.008664827981910801
0.10064196413430815,0.035834246473521174,0.01772977564181737,0.009611270491456833,0.1495472123040661,0.010024128212520576,0.0895612111579576,0.003211386025219583,0.004280762249031711,0.00391096821464295,0.003222413721283983,0.002340716185309787,0.004699008845534302,0.02325089279948668,0.02772378028226676,0.15388433460149445,0.001669306227616831,0.004158276681593892,8.989893046161043e-4,0.001844341683494036,0.0037906890879671694,0.0018059800522981883,0.001328247657476556,0.007474599872466485,0.008184758835032373,0.02168551509184222,0.1817123381182225,0.002444486305821518,0.00947737347919245,0.022002839698408366,0.002186237711990297,0.0021139394677207415,9.429522401495844e-4,0.01812540221307048,0.0023298357687231014,0.001490494607633205,0.0025199679790070106,0.0011048899645963548,0.002817739388942769,0.0017223729201746554,0.0034776271481162324,6.806746918394005e-4,0.002598186556789785,0.0019407945128495493,0.002691759008387074,0.0011136815990140333,0.002169212213688592,0.0026248712506735297,0.002759289571520568,7.417367604365683e-4,0.0018851076380414888,9.292811008485886e-4,0.0035998621724582704,0.004668256982621651,0.015050420509907835,0.009763592584831957
0.10559291433071921,0.03707134264335372,0.017552801994226014,0.00954374762429523,0.13955598243054232,0.009748580394161587,0.0982273568107979,0.0030865890184369207,0.004083893157681128,0.0039048006830929628,0.004062097076661161,0.0023565982898394668,0.005428586008331468,0.023114794164778355,0.025879101178252074,0.17013580492663916,0.001637722847463898,0.003815254350362483,0.0010063009985237276,0.0017748328167622542,0.004326846859353823,0.0015929072634315775,0.0016530701199732201,0.00669113662975743,0.00903226861002354,0.020105644843446003,0.16754997023550963,0.002338627812627692,0.010318689899530392,0.018974738658716486,0.0020512255482728024,0.0020534834032820025,0.0011086217001528027,0.01732624803584198,0.0023960741560553724,0.0014404326493902106,0.0026845865822721134,0.0011324769110413488,0.0029284603646009422,0.0017312268327459408,0.0032157505823613612,5.714835764127088e-4,0.0023731440716424812,0.002122014428085831,0.002643233790970528,0.0011116413706781447,0.0021583231550114587,0.002790641238436777,0.00260784035962081,9.235828299066745e-4,0.0020749778397571015,0.0011958036878557984,0.0035673190465719193,0.003454637731090235,0.014473064635674755,0.009700702794977008
0.10571023812651259,0.03648930226802373,0.01825515910117648,0.008938141407783979,0.16259680471851581,0.009631100617445444,0.09212686114824385,0.0030022693682296123,0.003729965577585388,0.0037543358303095274,0.00394518085207365,0.0023834842577173565,0.006435742462199331,0.025233615436078688,0.02555606944432241,0.1538352477996068,0.0016032235261766014,0.004122539730341339,0.0011512760176806839,0.0017830494809682113,0.004630510054874196,0.0014664976760531071,0.0011503947700944501,0.007995159730053887,0.008163384153632658,0.020789934127561537,0.16161155761854168,0.0022326390585459986,0.01014690763870374,0.02056218490954614,0.0022416304269050357,0.0023945166995431276,0.0012284615156322903,0.018982865412563988,0.0020895349472310467,0.0015607112586556158,0.0023185053650229396,0.001217575708970511,0.0025193305338947736,0.001532689703990551,0.0035678821896012606,9.483221978451893e-4,0.002828101303681518,0.001809952821778602,0.0031647308613713893,9.861203009144065e-4,0.002109642331342583,0.0026095887691539037,0.003071149941216298,6.654897267867184e-4,0.0019835271530899245,0.0010754944289415305,0.003049025617902197,0.004129645904146095,0.013888324284945444,0.008994403686274077
0.10546749094995703,0.03830306776693954,0.018112198968045952,0.009328214053159131,0.14325206368640542,0.008728267810194812,0.09618706225593962,0.0031497974741871194,0.003930807029873421,0.00400694404702096,0.003659378861424558,0.002061550952700221,0.005752642603106179,0.028909181449532743,0.024441400052303452,0.1690108149492604,0.001718561138620202,0.0033599837861718203,8.172062279503095e-4,0.0016884846321461545,0.003984612004356841,0.0015232189825293814,0.0010360863608329719,0.008205724777472233,0.008369347568243788,0.024871211489213382,0.158650813701277,0.0020973948407543726,0.010179686472867456,0.019278793098344977,0.002310703837139427,0.002443055308006024,0.001289597598026024,0.017418170746733266,0.002307516360272217,0.001365149616788934,0.002512627469473631,9.46968785869978e-4,0.0026618179102126825,0.0015560495621280384,0.00330423625388362,8.46896024172338e-4,0.0026039230943033964,0.0020881031061894782,0.002491793153869975,0.0010882584413286665,0.0019687255187912584,0.0027856817112334818,0.002545501148066443,8.56238671274745e-4,0.002262715946018836,0.0011129306428657047,0.003065479036861047,0.004383903279460719,0.015247932346751546,0.008454016439447102
0.10046199825436995,0.03684061502609158,0.017775727179540988,0.009965281210900866,0.15469673332461795,0.00896800545362383,0.09866220788881735,0.0030556596228357388,0.00438322810089504,0.0038381057780227917,0.003836120094063837,0.0025137533685497763,0.005388131889648085,0.024983769832695953,0.022310075116442094,0.15705427726115812,0.0019133883083848106,0.004323862700516057,0.0011510315306401612,0.001759231437609908,0.004218795582508755,0.0017711977192447952,0.0011678962838513138,0.008583239517661398,0.00751618312005272,0.023673239036505242,0.1637763578607724,0.002107057251552133,0.011175128780907949,0.018710896355364225,0.0023254150769414137,0.0024032440855337052,0.0011182871828830617,0.020043748090459366,0.002067655641584955,0.0016463822290945225,0.002509850095072312,8.831143461598217e-4,0.002773748937634025,0.0014152926713833307,0.0034202758336242343,6.886866907300997e-4,0.00251112408141488,0.0018477507487700974,0.00263598474755085,0.0010061247122693882,0.0021102483685783943,0.002670062883707552,0.0025530682180956855,5.206318864702887e-4,0.002244918193415351,9.93790139215551e-4,0.003425890833849874,0.004591543398314226,0.015065881403617327,0.00994608461578394
0.10204111272298066,0.03971181899015182,0.018806299206688686,0.008809152723113004,0.145610285057155,0.008832561824481132,0.0905175231237525,0.003037280125352993,0.0036851977915935905,0.004377943869033391,0.0033529074816944717,0.0025075908905100933,0.006654878249438482,0.022925619237265236,0.026556363651163827,0.16880108227810395,0.001471774125127591,0.0037350157300726572,9.424822554550833e-4,0.0017522848737783225,0.004835842187309222,0.001585797353824526,0.0013857956002245814,0.009062346265768035,0.007820608615136528,0.026438868704105223,0.167061361703774,0.0020771977193048225,0.01027366976075734,0.01851276140564829,0.0022591362609353897,0.002046699274859416,0.0013779807486458881,0.015908278875979506,0.0021541375647809633,0.0015037504436666651,0.0022497401326921317,9.058167504402968e-4,0.0022988808583174185,0.0015396197215093298,0.0032895185545500044,6.856118251395019e-4,0.0022417919101563708,0.0018851346133780087,0.002230784275564012,8.612731235136686e-4,0.0018925358301021293,0.0028589969682661777,0.002757438766891295,8.732585036259593e-4,0.002001326381818308,9.734689143127385e-4,0.0032407932011192485,0.00406454999304207,0.014681506818975064,0.01003454616495326
0.09781054238670335,0.03610083044719017,0.02017133303980113,0.00983279072888291,0.16498768801646924,0.009318873268843604,0.09344371445157049,0.0032869230272777055,0.004130501336138003,0.004175229153713264,0.004088688140386169,0.002113518193309341,0.004759067797199192,0.024772059901317298,0.026463467076656075,0.14678631152175217,0.0017117431949309808,0.0037209640099307014,8.859423465863592e-4,0.0017065641552878655,0.003839003520010748,0.0016677075091375863,0.0013447820773209347,0.00822004232737961,0.007456546205453883,0.02176541343162258,0.16620405348274433,0.002287864988924245,0.011090855143953039,0.025713360566501305,0.002153850515827116,0.0021261242396521988,0.0013099823598589112,0.016939113729381162,0.0028399403233089707,0.0014835334982214222,0.002587495842944293,0.0013720519252591842,0.002562774504379178,0.0016319761632144383,0.003239390057906898,8.158578271002901e-4,0.0027521357967846935,0.002019802752710467,0.002696979993909905,0.001162854904830705,0.0021045078717269556,0.002900449744871326,0.0022901365719590026,9.380372077111122e-4,0.002035295179180786,0.0011186626131777378,0.003188962930685853,0.0043425904720863166,0.01478557259865722,0.008745538927659629
0.09823033722961033,0.03805093999387574,0.01804315308062166,0.008737786971669933,0.1489553464888288,0.00912984118704818,0.09756508200315578,0.003054496814911011,0.003929737443565315,0.00400393618985633,0.0041800905556231335,0.0020494089371845114,0.005250406238188463,0.022837663913880542,0.031713514716718044,0.15276442257759182,0.0017110453188523315,0.0041193885815415275,9.358439824399159e-4,0.0015539734989932137,0.003918382632586193,0.001588266821411978,0.0011773876414774686,0.007829132476287198,0.009123337185772353,0.024192717784874324,0.17288571454686788,0.0021337007605157984,0.010678130810361853,0.022536204408518144,0.002114440818562449,0.0024662936073716318,0.0012238789266464762,0.018494661867434013,0.001999573436715338,0.0016336334677693805,0.0023173238511144025,9.865589193962221e-4,0.0025910903226371487,0.0015039520261343115,0.0032842289651041994,7.404153777632846e-4,0.002327043949112743,0.002155446451644453,0.0026315092822479973,9.422006318681243e-4,0.001928879222355791,0.0026616249644611165,0.00237113962027545,6.536260204879558e-4,0.001988799553452854,0.0010540037998799095,0.0031363739127172733,0.004064646772949272,0.013321695489464562,0.008527567949603888
0.09754286147123846,0.03516394149143804,0.01714874794980416,0.009390549732723848,0.16101655082438662,0.009712351711732107,0.09797650355006277,0.003080549066297043,0.004003759841104171,0.003236915850919455,0.0030107973610439412,0.0021414143162694125,0.004863592706998279,0.02084261458173686,0.02730096201451449,0.17445939884356815,0.0017417701388463688,0.0034787908243553204,0.0010337506231968972,0.0019037780778774379,0.0038227564093215698,0.0017252512351342555,0.0015894273383712202,0.008418176255430876,0.00775467101622454,0.021477764283672002,0.15266329045871482,0.002319012154757323,0.010677448575419147,0.019558546299639285,0.0022787956896700235,0.002177561255573146,0.0011873542802232225,0.018868089201825988,0.002298145832638735,0.001531668794767463,0.0023351188437041206,9.513233607249045e-4,0.002537496029851975,0.001792722556072145,0.003474922128757232,8.337068908875274e-4,0.00249458993518022,0.002095606926258765,0.0025310085610307717,0.0012352010597382094,0.0018758177257208017,0.0026415480381434234,0.0020830527310862325,8.825921914056789e-4,0.0021368712181854856,0.0011047414798196545,0.0031966787139776584,0.004194708696870089,0.015046890955058527,0.009157841898029036
0.09913170622435073,0.03693445356807623,0.018931188465440795,0.008682958804094934,0.14812181124932014,0.00899984347123865,0.10382080694723837,0.0029638269146389667,0.0041508331444686,0.00340298530724824,0.004099656204629121,0.0022004866524572646,0.005369934607984149,0.02333891145048581,0.02793029314293477,0.1623323108248012,0.0016292842321289662,0.00456176058391291,9.8194158223991e-4,0.0017912893550627613,0.004007453627572034,0.0014652921576465252,0.0016644928052452625,0.008172421601928425,0.007782104506796302,0.023516471025166075,0.1565896770057995,0.0022369680390234023,0.011091986792585157,0.023314135618472395,0.002157416950464845,0.002130065278949111,0.0010875135882107325,0.01936507840271934,0.002147062317943036,0.0016193075390540158,0.0021793950170755864,0.0010172046659006504,0.0025385926535863297,0.0017168379212685236,0.0032334956096701714,8.584142908242122e-4,0.0023753619539223737,0.002131498008565234,0.002681346697971441,0.0010845267026156678,0.00205804172379218,0.0030338976085238995,0.002223238024687625,8.20766335222712e-4,0.002046723458336785,9.951555743783528e-4,0.0031930872055461125,0.00425110102508972,0.013581228988482243,0.010256356544211467
0.10354934519035858,0.037015395277425714,0.017541608946101576,0.009837817732270777,0.143530750992851,0.009334656016551724,0.08981917727029969,0.0034821188147627453,0.003665070514429206,0.00358571340929739,0.003318582342324443,0.0021381693982095843,0.005363614349513075,0.02308285394602721,0.03039359330192341,0.16438490656184457,0.0014312487720763273,0.0037375027308865962,7.475160104488482e-4,0.0016754838716371632,0.0041731956515574705,0.0015040911933434668,0.0018451898280241305,0.009425867055124725,0.00901341560243307,0.027598233390421636,0.1673516720064833,0.0020496170996995764,0.009987238010703592,0.018635920966963048,0.0020230175252437966,0.002109679337531323,0.0013525142045296072,0.017610952178666827,0.002282941025874846,0.00145825012269595,0.0023091511851741353,0.0011470066402652108,0.002841380048357578,0.001693480057684453,0.003905640664565761,8.319158675481619e-4,0.0021330315110509967,0.002049940635897122,0.002716245625561794,0.0010313126054625574,0.0019813875527329963,0.0027694124580431327,0.002399823520339248,0.00088570911182865445,0.002149627672640085,0.0010934215677024276,0.0033010877159871574,0.003997714507374652,0.01447707393308651,0.010228716470161355
0.11056290188753222,0.04062694593935515,0.018551430505581532,0.009317182094971326,0.1475455863404551,0.009939544276426435,0.08960944071494355,0.0033181399783804646,0.004214649820416692,0.0036207110824237098,0.0032093213996377125,0.002026346898081245,0.005795567345854165,0.02526231137937698,0.024605817656845396,0.14240119575143706,0.0016736325731474574,0.0039001937943057116,0.0010487887414702955,0.001729881978790338,0.0044845937106549605,0.0016731561271001152,0.001016211955972003,0.00846799447320037,0.0070633056265039535,0.01899561856701157,0.18800779598609,0.002224332051725172,0.010414267960358168,0.02019192838502731,0.0019997911695639695,0.001946319283268421,0.0014572677158016323,0.016155080877703665,0.0022916441731504903,0.0014989444266583054,0.0024208359983045823,9.340682633124457e-4,0.003030369733296041,0.0015617706402353854,0.0035806376912163895,7.695256747914215e-4,0.002583382095304253,0.0019436101503579576,0.0028883551247049374,0.001252101136099288,0.002269261762092015,0.002953383658147198,0.0026626424472687648,9.015008113701943e-4,0.002191942495306672,0.0013025340764920529,0.0031704043725820845,0.0037832069755419063,0.013353350283026389,0.009599273961327473
0.09947100169842595,0.036013352978158754,0.019357237374485387,0.009833328145625918,0.15554915602474426,0.010084170216597304,0.09516671439076091,0.003126740147765842,0.004455772744554563,0.003933893627033873,0.0033816978582031742,0.0023689932383857124,0.004671829940070185,0.028310083162446,0.027259848086588347,0.16076061301977806,0.0015988354087817494,0.003596265429476503,0.0011816247628786746,0.0016440971502488795,0.004811191734882667,0.0014142136397489074,0.0012099024550528404,0.010031492969695636,0.008696845868310168,0.025279484959527754,0.14989225421670488,0.002131857545960483,0.01328779528360002,0.02183112342951455,0.002002274684622862,0.0024161990628878056,0.0010207876605942798,0.018762452857184454,0.0024798668121748255,0.0014663072286151763,0.0024381200174423234,0.0011935966545366977,0.003142592515226338,0.0016540278521755944,0.0029814054669380727,6.477770642109325e-4,0.0026153002290996803,0.0019825106579149025,0.0024077376840269844,0.0012420287979823313,0.002399377100283294,0.0026865070660247793,0.002511699963597227,8.448355069353765e-4,0.002177150906549071,0.0010732034535725198,0.003221022174562476,0.0040028018599258365,0.01292101505865793,0.009357984156250256
0.09847585784950802,0.036258906748623095,0.018602374579415163,0.009107383205881052,0.15002782180909235,0.009986431972344816,0.09797518314857573,0.003059505839346857,0.004319804823153691,0.003869644519285453,0.00306263712352098,0.0021882953258131237,0.005499208997184005,0.02396141462000199,0.030089884371686283,0.16183842448382357,0.0017331155143110765,0.003637297190058161,9.656377327277554e-4,0.0014730934278655297,0.005201638425442158,0.001579302981444978,0.0011974358253638087,0.009109709836091006,0.006967542532699799,0.02159181779708024,0.1674797302632668,0.0021207121510541708,0.009886272851145208,0.022549835879426314,0.001995026609771652,0.0025782878051341137,0.0012053143664411852,0.016654403537466757,0.002046603222174737,0.0016276577790974014,0.0021461386339840928,9.189920229951745e-4,0.002858978448134328,0.0013922624815865547,0.0032553414703684388,6.322114501573385e-4,0.0021907986860999567,0.002167170413925648,0.0027921128746464675,7.805191007423042e-4,0.001957231542893226,0.003314030754358098,0.002495165318089114,6.542974573564047e-4,0.002072051542335624,0.0011002651730171846,0.00284629478263087,0.0034630200104096656,0.014323224478972453,0.008716678211978086
0.0940783205316875,0.036446568211685224,0.01776305445574737,0.009506690564643967,0.1553534034458816,0.009911458983092588,0.10439466086088697,0.002989643389970852,0.0038942503726388422,0.0032891318810071494,0.0033671276100865244,0.002105824078401957,0.005786634062830354,0.026815678985996814,0.02626894668254524,0.15710108665751463,0.001661238525885178,0.003439980860686347,0.001107578124713688,0.0016016184480253358,0.004758039600877111,0.0015652136304455675,0.001025038115419381,0.007377211728433416,0.008651532043615372,0.025000190368187316,0.16528948780162353,0.002002715094926989,0.010607351152604801,0.01852134596874466,0.0019111629019789805,0.002360517324267731,0.0010366002768171158,0.01839509626357524,0.002194829845539418,0.0014570187894290322,0.0021910982988032307,8.996112993507083e-4,0.0026022581959357816,0.0015455099316401498,0.0032561564256438236,7.135608202422595e-4,0.002462073591232183,0.0018507535609047319,0.002559308623776332,0.001093823616802172,0.001988201097280429,0.0025458254897141545,0.0022661131483384836,0.0010061846085827354,0.0020854481325587692,0.0010198823821456913,0.0027725773802654017,0.003670947336380087,0.014550872600168605,0.009883545819820413
0.10070812162829407,0.03628673125110815,0.019757009343419722,0.009663583545503434,0.16308831304941798,0.009550297105937378,0.09537457528829538,0.0030099587606386897,0.004950989957186756,0.003247377711254989,0.00365791012022112,0.0021221520054745878,0.005043336435117013,0.024546319341342795,0.02514259571518894,0.15849262307802153,0.0017823175262197798,0.0038326213029157546,9.24199660801322e-4,0.0017464855061464955,0.0041405073952825505,0.0015505093176850196,0.0010876655598525348,0.006813257143091157,0.007867996185594073,0.023194690195059205,0.16147946292897336,0.002294092751798032,0.009749173379521473,0.017335076641774496,0.0023681124930781516,0.002146489685609828,0.0012122896269838835,0.018883117236109755,0.0022386057942001625,0.0018005040290837984,0.0023412563516131486,0.0011367948720178835,0.0029145151529847485,0.0014748853778834602,0.0031139725168632835,6.515654575085565e-4,0.0025151433423262967,0.0020399887519813643,0.002871127413210654,0.0012862815250547417,0.0020071806683814274,0.0028964807559408693,0.002511231188655385,7.883905318821886e-4,0.00225729225880442,0.0011715365086266444,0.0032183803406782494,0.004060217233358593,0.014202374749569785,0.009452316306454966
0.09914179487629997,0.03863690211981212,0.018056755432508422,0.010123247918611997,0.14786208974332346,0.00971514191657116,0.09770253540814001,0.0029542515701142984,0.004058082724174497,0.004466388763397617,0.0030646902345807816,0.002128900790836025,0.005613191770195256,0.022313805419936193,0.02299060078891283,0.1646107118286949,0.0018240061539244769,0.003965203309907306,0.001097625287428472,0.0016035203406427631,0.0041909864009628435,0.0016322164656607189,0.0012612951348001113,0.008131800305923824,0.007487447474893749,0.022663612892709344,0.1651015669810207,0.0025151818169923054,0.011030581449410236,0.026235154055860264,0.002045365609284758,0.002061274475791975,0.001053532040832791,0.015440536151675935,0.0022380253297705744,0.0014949602836192045,0.0025187371744905948,0.0010504993408179868,0.002816506914108604,0.001624649346491539,0.0029914574792383863,6.997120402917705e-4,0.0025706925735667087,0.0021840859659020342,0.0031286459517626637,8.355634140195464e-4,0.0021706525504260345,0.003212309252130761,0.0025380918300275676,6.564189874177315e-4,0.0017846194992173308,9.86662649855349e-4,0.0032420087298674297,0.004444623791115436,0.014540214495679616,0.009490864746350998
0.09457909823131953,0.035556778159028864,0.018201095032669555,0.009901836659232971,0.1607925176603366,0.010212277012734838,0.10711544327677372,0.0030176905515768874,0.0042693842857135615,0.003992203516054536,0.0033208107034007114,0.0020420819610448403,0.0055120894676227924,0.026024898210668414,0.02446526130632301,0.1431380209720313,0.0016714163794735654,0.003896505111209494,0.0011155957511565957,0.0017526618189997879,0.004020769166174935,0.0015586816021764703,0.0010569014970808128,0.008518684122180886,0.008679484201335156,0.023517523248450054,0.17034335345305573,0.0022591991977920912,0.00905151839868613,0.02311345154513296,0.0018942436652699232,0.002074245083625141,0.0013758429739631386,0.0160573967566559,0.00225278871344325,0.0015032787425995182,0.002435588418913875,0.0010466047528868705,0.00229149238158472,0.001781210564221803,0.0034839259004903226,6.830204870088647e-4,0.002393886889145936,0.001996138538883377,0.002592298211995217,7.930082983553294e-4,0.0019885996420680122,0.002765655040192397,0.0023554673787398073,9.270666156423473e-4,0.0020611717965443683,0.0011141494134573123,0.003296393941111489,0.003971998173493066,0.014355960686505246,0.009811334433765875
