i2_health,age,household_size,cantril_ladder,r1_1,r1_2,week_number,hl_covid_num,vl_num,region_Islands,region_North east,region_North west,region_South,gender_Male,i9_health_Not sure,i9_health_Yes,employment_status_Full time student,employment_status_Not working,employment_status_Other,employment_status_Part time employment,employment_status_Retired,employment_status_Unemployed,i11_health_Not sure,i11_health_Somewhat unwilling,i11_health_Somewhat willing,i11_health_Very unwilling,i11_health_Very willing,WCRex1_Somewhat badly,WCRex1_Somewhat well,WCRex1_Very badly,WCRex1_Very well,WCRex2_A lot of confidence,WCRex2_Don't know,WCRex2_No confidence at all,WCRex2_Not very much confidence,PHQ4_1_Nearly every day,PHQ4_1_Not at all,PHQ4_1_Prefer not to say,PHQ4_1_Several days,PHQ4_2_Nearly every day,PHQ4_2_Not at all,PHQ4_2_Prefer not to say,PHQ4_2_Several days,PHQ4_3_Nearly every day,PHQ4_3_Not at all,PHQ4_3_Prefer not to say,PHQ4_3_Several days,PHQ4_4_Nearly every day,PHQ4_4_Not at all,PHQ4_4_Prefer not to say,PHQ4_4_Several days,d1_comorbidities_Prefer_not_to_say,d1_comorbidities_Yes,vaccination_status_1,vaccination_status_2,vaccination_status_3
0.02354210954012739,0.04854972129046025,0.050142915135724865,0.01626587577702754,0.052605742895810416,0.014691028159187517,0.0341361533497199,0.005540496175294417,0.0057852467017479115,0.002605269404852539,0.003138436990596062,0.0032082871401796606,0.003907488277593686,0.05348916732214413,0.016444347479042852,0.17260838093698672,0.002154256849271144,0.0028073225075315265,0.001533693144460811,0.00341802679770753,0.003699267992983818,0.0032800394442644293,0.0025280878770940806,0.01780149707747259,0.010984563490179263,0.03535806546848883,0.20900598120352068,0.0035755652926678402,0.013474093909303222,0.015380770614743664,0.002649453597508954,0.007994929675678424,0.0028999454069839887,0.011823361711260983,0.0036261745093222352,0.00526884460895763,0.013562289206835366,0.0021005298759515546,0.008851506328031151,0.0031763560273042287,0.011340768936302849,0.001300457312000344,0.006413196873581528,0.003995283162847327,0.0039083212830132935,0.0016869483556214144,0.008889690571145964,0.0053721770764965605,0.005570996707751876,0.0012427270902418382,0.00563914896699827,0.0011943864252462661,0.006227143492324225,0.015573905701226902,0.02337060002481493,0.004658958826366623
0.026517730129278334,0.049324708221733314,0.051162907979857335,0.015550661205836348,0.058125943894597236,0.01614390472857667,0.032732637332328125,0.005664597114642908,0.005894118702042383,0.003042136379855777,0.00375738390655932,0.003740652943516217,0.004392130141832929,0.05267795372245071,0.011106139737240058,0.1514659361141832,0.0021598735779025497,0.0027986768232219077,0.0016932751962726595,0.0033802289959206314,0.004031847465482514,0.0034342122631228276,0.0019065334631974786,0.01850253187614935,0.011096574358989903,0.026346452617827996,0.22883593782541575,0.0033924731638770114,0.014591900985597681,0.016162864891373897,0.002518380149641445,0.007483317937162785,0.0031311200106874043,0.010819563712112087,0.0037844405852144446,0.005494028653092441,0.013659283375492475,0.0020357604434396584,0.010350025943423938,0.0030508544420156446,0.01190949176414585,0.0015526089499889456,0.007752425412592242,0.005227554904806265,0.004805137409283481,0.0017556494896633847,0.008575647564389355,0.005551272165327682,0.0060085402048629605,0.0011868579263599082,0.006202275816213326,0.0011378072120114284,0.006485765258677872,0.01503617240838799,0.020140634947236735,0.004712457554887176
0.02619772574456292,0.0433287208033945,0.053728743977555705,0.01543564762111316,0.05622114131087264,0.015157412811293458,0.031091568452533445,0.006403956563589808,0.00527664983432236,0.002917913858507924,0.0037236613569203545,0.00365091073185462,0.0035644177403595188,0.05718930100049983,0.01129552902112912,0.16836996104550866,0.002027090993402168,0.002131526613120759,0.0015761890453505208,0.003705094340205308,0.0030598882394617167,0.0032291645612640093,0.002679143575259505,0.0216202233888502,0.011099046115420919,0.033830573463172565,0.20524516911201818,0.0031678275730115304,0.014205280933213363,0.014988315474024919,0.0035580336878414383,0.009083480768627484,0.0032532845814812754,0.010992731971797313,0.003401080149447838,0.005587413988899704,0.015821522959148362,0.0022423895275566082,0.010588052692658143,0.003268019789780817,0.011257275178634013,0.0012992941182124922,0.006708859070385226,0.004137064651699976,0.004346478132770951,0.0014394432430962203,0.00985487734867432,0.004963748862307686,0.0054945710638682425,0.0010519499879835155,0.005640551411344238,0.0011954993488675829,0.00627993114584491,0.0168343088860685,0.021003347267812823,0.00457899486339665
0.025102858562457843,0.04628381341419351,0.05848877422119464,0.01536333867370504,0.056186783228266146,0.01549037989428249,0.0312249047098452,0.005265144440091305,0.005579898911407683,0.0029951651479102168,0.003364861835856355,0.003278443091509539,0.003742139928853386,0.045295783686341226,0.016352300791003846,0.17054312182517567,0.0019775608917891817,0.0025617418038064626,0.001722041140885423,0.003522648306052214,0.0032050578107807185,0.0028483513703872958,0.002878432069848475,0.014860971150997035,0.012248642562072117,0.02563944571187709,0.22717762005894454,0.003472728910704995,0.012640356641300967,0.01412672879390585,0.002802974997151672,0.006551909855226259,0.0033605389787005717,0.014995931341464147,0.0035949620208245974,0.005603530886279921,0.013108228163773305,0.0020210277946999017,0.010923726193157658,0.003270354908674102,0.011087645693359325,0.0011370002044203214,0.007111914189653047,0.004354639308035042,0.004229502106684569,0.0015705659412236861,0.008132181543059952,0.005828499111481104,0.005363547224144691,0.0010406996088315626,0.005566716885906149,0.0011180671634794536,0.006099705447805909,0.014853956770868156,0.01784369889051881,0.004988435185129639
0.02707842457072595,0.04796941111700024,0.04972209610761338,0.016907366147389424,0.05415683816955001,0.01603941250357326,0.03256968000040158,0.005843929033002838,0.00540019511994066,0.0029785000213866587,0.003824108011379107,0.003881773768386255,0.0038536018314223775,0.049519715557534955,0.010704794633093036,0.1722983794114704,0.0018637677443989462,0.0026693490325655845,0.001858295895193845,0.003434636840061293,0.003993137830832784,0.0037021830885201053,0.0022821678489350207,0.018409000338991573,0.010697002699254946,0.03005157727758321,0.21906461775184094,0.003257613971982553,0.012252924738846038,0.013172794611656291,0.0028227434809444158,0.008262161118622444,0.0027568971131367312,0.010983804067578028,0.004119137336512225,0.006294977434971183,0.013979158279468587,0.001576767527674543,0.010268791197650428,0.0034004374624809273,0.01174536723204587,0.0012497121349366019,0.006729377284920012,0.004251795201750898,0.004455521266952804,0.0012936806410190082,0.009209656306127741,0.005564962256539173,0.00562292973645854,8.45212270561343e-4,0.0052241009318855286,0.0012189202278174852,0.005833005010059173,0.014723114894906988,0.022939460370556553,0.005171013539889541
0.02584430256173716,0.04594240309733974,0.05421042475806066,0.017018724365651827,0.05368879844177308,0.016023281731049648,0.03331674293120317,0.0059122602512656965,0.0057223333716439504,0.002626738102933532,0.003396625773894253,0.003634428328892331,0.003979527042431354,0.05386617442574442,0.014387813635710294,0.15636167637551138,0.0018316671810489197,0.002557750038147436,0.001518718094559314,0.0036047340728695386,0.003029388490363886,0.003801745247081866,0.002401514091582752,0.019273010969699814,0.011690184204606373,0.027876197958232322,0.22115961437062182,0.0031890663140605787,0.015507970895179609,0.01549527761304875,0.0029446338033233283,0.0070500626212525635,0.0036699525346576157,0.01185445418850394,0.0038007846687004537,0.0052248542772483815,0.0149401089098101,0.0022169921651178782,0.009678822420759936,0.003152938968270633,0.01023314493378079,0.0015029207576652472,0.007243932377553772,0.004768952610272347,0.004540552186047346,0.001638414344773617,0.009171161517480092,0.00483390788947123,0.005705774920690369,0.0012132321309930513,0.005340014067840486,0.0010961394604928714,0.005633634405606945,0.014651073174034183,0.02429571799293404,0.004728727936773316
0.026273463072959857,0.04454577167034552,0.05072325318359672,0.016136507356560848,0.05124512594191338,0.0152802730342255,0.03101132528267108,0.005823328330959133,0.00582874835313817,0.0030105081722767144,0.003327120373177404,0.004024891907516361,0.004208562870357413,0.04488054008372204,0.01201175574543058,0.15804982278032448,0.0019327720456757058,0.0027088037438664243,0.0019497648482189346,0.0037842653440819953,0.0034326297919045966,0.0034213424919075815,0.002530916171031698,0.02106680067969812,0.010483211337676032,0.027755010892413244,0.23832674753745695,0.003338977816919329,0.013204978525598649,0.013716879216369783,0.002848376008328485,0.007483479463881219,0.004276284730633871,0.013635727415160896,0.003725561055674677,0.005046002068452235,0.015425977708765564,0.002008705660706732,0.009522765819145749,0.003556070682064036,0.011611874172130507,0.0010663741509737625,0.007400507077136759,0.004626669299357507,0.004153417241094509,0.0011075208879807632,0.008543613729313433,0.005758833972831989,0.005449535673043314,0.0011358447014191242,0.0051844175586751124,0.0010033582202021094,0.005639381727438995,0.01811058038403576,0.02346850459121784,0.0041765173983408016
0.024380278564237617,0.04477604671982008,0.050644917987263074,0.016520303757630254,0.054975866276600546,0.01569746900977715,0.03361497220941714,0.005190835072431496,0.005407446633930515,0.003041318860602158,0.003568999750886787,0.004323527515414418,0.004419552665321252,0.05715296233771099,0.011638893629553964,0.14494138125462674,0.0018746820711502692,0.002953964275322027,0.001699626810573756,0.0035612803457347637,0.0031765128732207963,0.003222766367458948,0.003116617544403824,0.019875589311078908,0.010716706266601955,0.03042894023408157,0.23585741919522804,0.003612285540904068,0.012128805319628871,0.013179619391573453,0.0031618883480481,0.008640819377038478,0.004055090473642476,0.01638520006602036,0.0039609362556198196,0.005860979528441544,0.013416983097330783,0.002494405413679266,0.009042727758608041,0.002825415686166102,0.011835728914125527,0.0011972961278943549,0.007053143283235275,0.004516679696309712,0.004046006630879339,0.00162018795802879,0.00884603744487297,0.005215582443601987,0.005164621510069858,0.0013169599699014503,0.005759695288627239,9.822913767895858e-4,0.00555660234413423,0.014320310181424123,0.02325792953517457,0.003766893498150659
0.027376766539759758,0.04754363527140708,0.044306186034426306,0.01657062646183745,0.05336454600701061,0.015223483373214176,0.0330115996546828,0.006181476976870045,0.005922962857812338,0.0029130078642249204,0.003864473794966501,0.0037399191599104256,0.004033730370286666,0.04842526083171391,0.011591542837271726,0.15390374799550754,0.00181844689552876,0.0027326620468248945,0.0018512402880523128,0.003345982064811216,0.003883658298913938,0.003517706360584849,0.0030884345338629397,0.016400549706120402,0.01183245978444915,0.028605871157806766,0.24273678725610645,0.0031893783521405607,0.012276582869923999,0.014427009213412348,0.003220295367164494,0.008785733852019716,0.0031574632852032192,0.012372680312578174,0.0033903908528372098,0.005636453679662921,0.014442132148235259,0.002103650564012806,0.009609791188026419,0.0035358766268576407,0.011750705038382634,0.0015500715231444111,0.005858728049864457,0.004249776152612778,0.003989313803445711,0.0014415203966482344,0.008741959787642858,0.0051148174880261115,0.005555417528448354,0.0010367076721542487,0.0057593420355739906,0.0012007253483029983,0.005620353987629812,0.016458251292661385,0.022852775101306726,0.004885332058116571
0.025308980175132532,0.04867356149104555,0.054785200557741186,0.01515922951933799,0.057099292692442884,0.015317146628769969,0.03383695518618663,0.005495309489558875,0.005620161778406169,0.002582654116068408,0.003462854696049974,0.003713406856498375,0.0036858167580471036,0.04594911817481872,0.011179708010416572,0.1565055537489444,0.0020562834011140217,0.0031015945760435636,0.001615329024709776,0.003338535945170305,0.003632195772774295,0.003523294394588274,0.00250858242421077,0.018043381748494434,0.012459800298117506,0.028859923431307683,0.22631024580923045,0.0029176513182110966,0.012378455964064868,0.014144867532341211,0.002950393857205361,0.008019963874852381,0.0031122929419700814,0.01541191782729465,0.0034993828934522897,0.005587580889860779,0.01561740358184572,0.002249998221680456,0.010024577847639802,0.003126950947879463,0.010903199710386608,0.0016149018456192545,0.006915857247458172,0.004845851000703127,0.0042599833656549015,0.0021192587444757486,0.01004328631220406,0.005215081938658343,0.005078665778005683,0.0012238116951390926,0.005597483651289649,0.0011518272445738371,0.0056376115463443385,0.013125559072270435,0.025122588184535496,0.004279478259156623
0.025032377697516216,0.042699417980229595,0.05253410813899902,0.016543765038890244,0.05217371084897511,0.014993019782277853,0.03342517082197292,0.005925240022341198,0.005900501549740611,0.002775032240980095,0.0037923976181014297,0.0038085832488235893,0.004149338146867997,0.06065735322704025,0.013354844578053365,0.14765287558738846,0.0021228669771482392,0.0025791028640326464,0.001776080346004178,0.003619818096901892,0.003988436489500864,0.0036452833541574196,0.002453630647602857,0.017147247235040467,0.011318709788072786,0.030175156243081036,0.23661116306922472,0.0033674735596468434,0.014018071951455772,0.013995218742522238,0.0035649521169181316,0.006847609516420816,0.0036721668414401542,0.011412011822644634,0.00354691111929835,0.005490407200974895,0.013599983499118291,0.0021173513063028455,0.008620304132797395,0.003525754633541917,0.01328847931332096,0.0013362053125908345,0.007824345079728323,0.004133304073553408,0.004113672500313494,0.0016189051466896133,0.009244671460802035,0.004710968364548658,0.005732551818138483,8.555191067804069e-4,0.004860472937996312,0.0011876989126729236,0.00587089625040619,0.01602762280653017,0.019961356581188274,0.0045998822526926025
0.02702092429945798,0.04919042638645157,0.059882172353464186,0.01658881044353868,0.05412958874046767,0.01522051012003809,0.03206153539350447,0.005454450422245089,0.005921204555486287,0.0029182287477268177,0.003584896563475449,0.003581427747073302,0.0039302260960994055,0.054939621355478196,0.0114813567775295,0.13775987060147885,0.002312872818623611,0.0025875120548155143,0.0015209238248695457,0.0037595447609864536,0.004120837871350498,0.0030675806560889955,0.0023580664576334696,0.018251177490888518,0.011494114308274765,0.03589312592510216,0.22346450633393655,0.0033454642823603055,0.014035855983394335,0.012941029699618465,0.0031809294314084943,0.007730182082007159,0.004068308767180655,0.013221780863578865,0.0034028880274097977,0.005487782578858645,0.014605114757607446,0.002528232661873307,0.010901483029346723,0.0035243941549208796,0.011483487416409576,0.0016421172311794343,0.007220437497342139,0.00454250377429111,0.0037870550971632125,0.001462554471615775,0.009080474786132293,0.005363766833995992,0.006092756933585722,0.0012931353254148211,0.00581153974033162,0.001136012832112226,0.006622843820929037,0.01715875919491816,0.02119906929193811,0.004634526326990004
0.025873721658184773,0.046411711487893394,0.05632008531182708,0.017539489035847483,0.05879387749990603,0.016376155215552208,0.03342842528135294,0.005561796134457617,0.006190439451966934,0.0027324453155532728,0.003401543889579422,0.0034854065437864698,0.004154410532139135,0.05430867646133399,0.010779776303911446,0.15367869047331892,0.0020849466856241177,0.0023209647570812094,0.0016880393308725738,0.0033134740136652576,0.0040423076424634715,0.0031902354626132754,0.0027816157999235717,0.020629570547773642,0.011682472920101983,0.028278070746611674,0.2133637112197288,0.0030721455761092793,0.014594743478338609,0.015638497768367454,0.002572329080378778,0.00837201281831861,0.004073694272373741,0.014048202485061034,0.0038813529224024953,0.006042833604201897,0.0139691454182001,0.001954251307482897,0.009588759070805681,0.0029686009309366403,0.012886115341845954,0.001699601334905074,0.007596355149619441,0.003974665750942329,0.004211312787341215,0.0013222470638961643,0.007836020876634538,0.005781891541989907,0.005788543303665657,0.0011005887599277375,0.005661348620320589,0.001081294116274856,0.00610814239366826,0.014214030444470747,0.023002770203714024,0.004546443854735652
0.024071532395046058,0.04068327270870141,0.05967361657974732,0.016030044091437136,0.05118246161518476,0.016242351628206978,0.03432130686504461,0.005788203610006809,0.005515346970410501,0.0026132357811228563,0.0038567569920688913,0.0037236174129177055,0.003815615582414002,0.0473994271521734,0.015795966720038225,0.1514278743077929,0.0022041817550104564,0.0027674311028946116,0.00171485117415275,0.0038974453734357184,0.003839863484382767,0.0033556299339979802,0.002641339896048272,0.019022853247607996,0.013198229677603505,0.02668571791855877,0.23341810623054485,0.0031863806747047157,0.013110338800995196,0.015985075092676448,0.0029059837019897007,0.007750769656402612,0.0037489938842304236,0.01431769468493654,0.003591751891393132,0.004957675077498114,0.012905179962816255,0.002203617481921101,0.009319263464647055,0.003002144218460401,0.01263366391585617,0.0013308721259075959,0.006500980499014206,0.004630143282510893,0.0042099822339515345,0.001359583231580312,0.008263261391363007,0.0048595191469559046,0.005839337567146442,0.0011156509183312395,0.005843928553701263,0.001265990494892696,0.00617379717846674,0.015849702605458073,0.023831225365360944,0.004421212690280013
0.02716613671209896,0.04683927656271205,0.048478373337599835,0.015934786841830192,0.05608086511338222,0.01536269084240015,0.033378281782038985,0.005930474696086303,0.005697650031011686,0.002804481594288595,0.003266049071109738,0.004014729394299764,0.004254411691734573,0.04741456435050182,0.011067873256705656,0.17430802666767126,0.002133227224370836,0.0028734142741081653,0.0016618394993926635,0.0036077261137477763,0.003914303028644493,0.0037188797478859234,0.0024474344410111443,0.018278364878720168,0.012407910351678684,0.028668988687093274,0.21319191960297362,0.003966786176886708,0.011799589939524131,0.011819602074530894,0.0031526867094542536,0.008950698126995449,0.00430437203403653,0.016320530507518267,0.0033276193581710813,0.005251018910829707,0.013944367063001768,0.001997740320247894,0.008818700368421594,0.003489196482427696,0.011087120891147327,0.0014245681307078597,0.006870588894782614,0.0047515725548903836,0.0033384323576795337,0.0016044992517366611,0.008713903402773733,0.0054015724599395815,0.006607325284187621,0.0013228781350591438,0.00570480095725216,0.0010772423989409469,0.005998019557981533,0.016233906808792924,0.023255096750957403,0.0045628842960260185
0.026787719401973945,0.0434994151159703,0.05300126519690018,0.015718762839258243,0.057415763279197,0.01601870187135667,0.0328668456129584,0.005548845927848656,0.005571264061235243,0.0030031904650819957,0.0033296283089436864,0.003617074111066564,0.003932708139511322,0.04801254430866419,0.010214999433336137,0.1586860354834757,0.0020137288434855898,0.0027432171300600353,0.0016427292776784277,0.003663846647372259,0.00358181797944718,0.0032833448659646174,0.0025546841445800456,0.016697760543602534,0.01111919239248317,0.029872449773293445,0.23638267834530058,0.0037002147358607303,0.015535227233732274,0.012977784416657924,0.002870993585601731,0.007182124380790326,0.0034621605021341022,0.013643744555736593,0.0037413969719242083,0.005423329763932816,0.012447956145490532,0.0016434878824321349,0.009008286419760972,0.003405463152777485,0.01122345869385365,0.0014232821027322492,0.007293388378778223,0.004752602741799531,0.004494934285523881,0.0017404175111119709,0.008545549091428191,0.004392737090674544,0.005424885357942146,0.0011507383282925458,0.005850591007865709,0.00112704203399405,0.005689050835219885,0.017132792723293825,0.019823876804885905,0.004112269765725745
0.024766911763715413,0.04375813297372834,0.0557698145013738,0.015963947100398543,0.053806481042604076,0.01581149454763498,0.034291051596046104,0.0059620954335559626,0.005533601262446484,0.002860179038653374,0.0039324189204172615,0.0037276137565509515,0.003887189945174278,0.046235346853672254,0.01255622798806968,0.1703665189803234,0.002148365118400872,0.002533268300400538,0.0015874505071525188,0.0035883431856831237,0.003922513973031093,0.003188738439174837,0.002431820285185424,0.017314881214372708,0.011195943221138847,0.027833234326893382,0.2243993107698436,0.0032778465908083333,0.013911824623105579,0.011882877991722024,0.002795504468916796,0.006419501113074009,0.0034772670846374793,0.01363628091568923,0.0041281706033277485,0.005423911739204699,0.013959978848532973,0.0017441007231644935,0.00999334231897469,0.0032956892641313965,0.011185400551249376,0.001389685417113486,0.007198913021678674,0.004809780725328753,0.004264514329874191,0.0015987962166634042,0.008064169456258838,0.0057973380339859035,0.00501361430768424,9.607868224901071e-4,0.004956353443559067,0.0012432323299047228,0.0065930411444333195,0.015175326074515586,0.023296419897179527,0.005133436897149556
0.026790917015238235,0.045956220034877676,0.05047663624602486,0.015576200428793086,0.051235827586293387,0.014798974690627548,0.032876834585409784,0.005783748024902748,0.006133438241349514,0.0027628972582275924,0.0035371904811942255,0.0038958766329398463,0.003959046692486651,0.04914751841588156,0.013117201471869585,0.17754399647850025,0.0018746394443986698,0.0028871816201391587,0.001786875112459346,0.00322440605994741,0.003634892042726691,0.003486143682903825,0.0027695694039793755,0.017677375131860525,0.01147254761742827,0.03370390873240684,0.2099778116272171,0.0037461134458118047,0.014168684993169494,0.011258024969195165,0.0030056252134810202,0.007649561205743455,0.00409513580032756,0.012389715378023816,0.003821780657182104,0.006605291417428704,0.014313684312227848,0.0029043466100479942,0.010045281656639558,0.0037123649714665367,0.01065258195810773,0.001612684019378432,0.006290408080431862,0.004287945010215383,0.0046412666836505335,0.0015429392439058112,0.010216760879178147,0.004973888398974694,0.005402917426787187,0.0011626966282339418,0.005405062803458206,0.0013091210704767717,0.005992588560112846,0.01562720663216125,0.02249316261720344,0.004585284596894936
0.02530932285671782,0.04507721662562425,0.048792572504408376,0.015424389626605315,0.05133396718536077,0.015524450319683438,0.03293004608360562,0.005922285109274004,0.005631091721420887,0.0027259093322782504,0.003824199407880399,0.003898049205887967,0.0040718984472522465,0.05330058311184717,0.012509741058681842,0.17811899962093966,0.002152121091748354,0.00246848912615956,0.0018204454455599717,0.003524274211556184,0.0034669517343737986,0.0029958212388443203,0.002626936750872811,0.017250284399351154,0.010943152642748498,0.029262938409050702,0.21379588483121584,0.0033316830994323766,0.01548045145405388,0.013903504706328527,0.002700092770952884,0.008637283219808365,0.0037485712995318234,0.013235062261052323,0.0032748209317057355,0.0052844320996226195,0.013002181685321752,0.0016818071885097905,0.010546195246402911,0.003381373835747543,0.011634764856626121,0.0016529819240994777,0.006094065490200028,0.004356895009162268,0.0039845124806090525,0.0011849057159796005,0.009391014952525182,0.005483631633734542,0.005503794799720206,9.135588496159878e-4,0.005780771474275865,0.0013337962859367616,0.005675822648844757,0.015086266376664267,0.02428520236111655,0.004728533243469586
0.02526962288642314,0.046676775400079334,0.05563600128655022,0.01670949479307687,0.05581999807910285,0.016090773772486952,0.033633475579882964,0.005261239825119731,0.00543249244425524,0.003177915374935731,0.0035380401931415875,0.003641156429208222,0.00411287289794243,0.05307334012010545,0.016480284374437153,0.15106541617299268,0.0020170104279072535,0.00221912031099196,0.002005737013212928,0.003618206095635711,0.0036551154102028994,0.0033725886216352387,0.0025224270324466723,0.017647878969412764,0.011453686969971956,0.0328009976808787,0.21579178850944875,0.003620438648602325,0.013140948233931577,0.013787584354673432,0.0030191477508395587,0.009081025616554961,0.0037633660701065965,0.015436730124339954,0.0035618279162483567,0.005436275420204611,0.012868920924376345,0.0019296239148887992,0.010447660208199856,0.0030161709862304114,0.01283082639864042,0.0017265256019225693,0.007031861683592413,0.0046040252652910065,0.003912642760382803,0.0016650012227477804,0.00828299773566323,0.005257078765411148,0.005939518368044412,0.001009714246926588,0.00652474354477707,0.0013740369385179347,0.005844167011908867,0.01590821533714852,0.021613064435795984,0.0046424038425471326
0.026968667260915256,0.045232233541412994,0.05037824870901872,0.016801234126315175,0.05400249666385188,0.01591246044631153,0.032762445862605,0.0063417364906558,0.005807178966404054,0.002921840693859603,0.003548602304461088,0.00392584809906369,0.004152181717209615,0.05316111022343094,0.012688296675228562,0.14425144833427847,0.002030685211461356,0.002521607605530393,0.001736344218511163,0.0035547921858366757,0.0036695167812541424,0.0032961239636250302,0.002282187013583844,0.02042657330162404,0.012509335451593927,0.03109954103214888,0.23205050901399646,0.00389793330620108,0.013760194879599761,0.013068162703232217,0.0029627027578918662,0.008476594526524581,0.003616627548085891,0.013184970691421225,0.003798357899310386,0.005471371900045145,0.013675232826491935,0.002086467748606825,0.009744032260972675,0.003843859163891731,0.012605252991363837,0.0010982365487586436,0.007294019270529569,0.004461295104468512,0.0039971723501790405,0.0015628016031094339,0.00843252152225903,0.005288660360328465,0.0057205886735757295,8.384690324846137e-4,0.006001685645572363,0.0010556769114036238,0.005927652334142541,0.014916024382434903,0.024865503864821312,0.004314685298104773
0.025272718057803362,0.04405325811451286,0.05697599050894008,0.016771890169949857,0.055386961171572845,0.01583108485331139,0.03291149262356428,0.005726830248205739,0.005427324590367984,0.002698159014835546,0.003461973378694465,0.003741924462495922,0.003898791661517556,0.050637157664121385,0.015492945321986818,0.1714360657425169,0.0021488543557459513,0.0025145032315203827,0.0014791526106214571,0.0036803107887759022,0.003732712898106958,0.003604695164346311,0.0027590804186972324,0.0188840557510645,0.011809132448711776,0.029017411129667606,0.20303625124040753,0.0032878342541935697,0.01391805339342173,0.01539745200345189,0.002870299284521456,0.008933188524915963,0.004786453985591577,0.01660839758438542,0.0035042666780890725,0.00571994820272313,0.015778074712098474,0.00132130964581743,0.010326926682615712,0.003260903131267949,0.011103590727790828,0.0011633364054542653,0.006518619282984841,0.0050392468693865365,0.004328459192391772,0.0013553561805107117,0.008744548627051088,0.005671749274455343,0.005214161116684724,9.247864813084258e-4,0.005828362047368261,0.0011804054282509254,0.006396061794404195,0.013663815047229915,0.020018318993612116,0.004745346825960036
0.025694129435960448,0.04551681958100944,0.050359672966076775,0.015177157234081898,0.0538272612678889,0.016437052169255277,0.03238305338413609,0.00561865305106632,0.0052334355741814175,0.002910101637947401,0.003762137533000312,0.004196307419363066,0.0037798409418210136,0.05032844707494621,0.01578994242658314,0.15578022899717775,0.0017739194939042778,0.0028034000459603243,0.001717224628844814,0.0036649992099444173,0.0035524687683206914,0.003340435994437674,0.0022631381961231932,0.016590203783615625,0.010338454465762075,0.03099946330109236,0.22529189131545416,0.003735294359685892,0.01633362526440258,0.01229454831598075,0.0029095532116671548,0.008315011398469921,0.004492752238048939,0.015987048460045707,0.0036346798093119504,0.005360114888154566,0.014737896005855103,0.002047439687686411,0.01063447299748468,0.0034250094665214843,0.012513793026789167,0.0014330713395205273,0.006668981927927572,0.004063738901027785,0.00374184292309291,0.0014252935462947807,0.00927854551650322,0.005050261525445681,0.005606539474015022,0.001251535885985334,0.006081086503140554,9.990497881822488e-4,0.005885435097125878,0.016119157942630746,0.02232367817255384,0.004520702428494548
0.02495242505275123,0.048130070235455735,0.054656348031315645,0.015307642758326577,0.057959480110891866,0.016312905989984586,0.031651770912736674,0.00569991777258175,0.005878513922748959,0.0027562516614018985,0.003417809915804407,0.0036714925663454342,0.0039013695763022833,0.05193001464608441,0.013491778976296168,0.14453851755228228,0.001960629129776022,0.0030132428304810543,0.0017431668097207468,0.0036411019999186083,0.0035790497926760263,0.0033957956248301256,0.002880670519443267,0.01822902703340841,0.012030623647854425,0.03321300810028271,0.2249787004161514,0.0035273702708609567,0.012886136145973429,0.01426622340922972,0.0030715531316274224,0.00845131845872614,0.004167629077213767,0.014588219015930767,0.003784475937883447,0.0054449523623069035,0.012848982917836592,0.0017000373979451783,0.009542285220160816,0.0030891637528822715,0.01158117302860451,0.0015586172861118681,0.006652110772563635,0.004503860836605615,0.0044388800883415165,0.0015427404038016062,0.009140684145002688,0.005498914401140116,0.005289573811345842,0.0011162366186890564,0.005909030935249074,0.0012019823686824273,0.005483813636929553,0.01798583155101948,0.023541823951818405,0.004265053479664473
0.02659422964581921,0.04600723035094035,0.05754354397450606,0.015704213665838334,0.05826374432187988,0.015357731210534648,0.03545951345057633,0.006390362535970976,0.005417744269904645,0.0031093315535992965,0.003580581875841479,0.0043295762772650745,0.004451833872884391,0.04923785224823469,0.012753351215957264,0.1585677749292498,0.002070204700916302,0.0024597657805048036,0.00208124296301333,0.0036317983789323867,0.0035472316294612354,0.0033012463913590973,0.0026917976616690664,0.017279278918468654,0.011731027562717143,0.025415497272857874,0.2155549842112431,0.003854929237720402,0.015780690808115113,0.015569123557363194,0.003160545139502582,0.0077477829838527865,0.0043566807038357795,0.012193473253387802,0.0034876442466599254,0.005748470504606007,0.013309192463086556,0.0022909838868323024,0.009257160880296728,0.0030189771091680803,0.01159188683058129,0.0011295209210191997,0.007214511764056841,0.004796347675274811,0.0037572500455955358,0.0014408675032963941,0.009703318719486266,0.005418361290809612,0.006082194484096387,0.0010930714652574599,0.005655738976649204,0.0010026698209241183,0.005776103487376866,0.018149295696971796,0.019876771230148117,0.005003744443883412
0.02539857776544204,0.043728958161090625,0.050113874579571095,0.01516213894882146,0.05537025250644464,0.016229797263307713,0.03252612345382275,0.005846167908587248,0.005615938588688789,0.0027617894782414627,0.0035685508824498443,0.0036676935869568027,0.0038108932090523606,0.049217627034135965,0.012487423000711402,0.15885991742795655,0.001975469274355267,0.002497787223658499,0.001693232310854425,0.0036186358362114363,0.0035897234456733285,0.003543089245705972,0.0021962661392644824,0.024766818917132498,0.012814848761418128,0.02976392358855298,0.23054717934275545,0.003247873887829815,0.01289044793391806,0.013517717638808435,0.0031300183137213116,0.007307819226617238,0.003207075319904715,0.014924080198541271,0.003413216511216625,0.005488737341336622,0.01293748111469405,0.0022257864937543603,0.008003099116882361,0.0034875210418472105,0.013867266628937358,0.0011611543889585095,0.007838966167552974,0.004224861759658983,0.0038480778801158167,0.0013855471439274854,0.00829801421639554,0.005150185864226668,0.005144477682660708,0.0012907547159972297,0.006013175618704235,0.0012529785783589084,0.005679540760006862,0.013038885050449518,0.02189807083808551,0.004754470686028461
0.024981411246472292,0.04387508957337743,0.05333656311154614,0.015101271736657849,0.05207395859109001,0.01566775747287485,0.0322869234905003,0.005929627267591022,0.005794072351085367,0.003183572910782939,0.0031848758362726355,0.003973561695636463,0.004214818337430649,0.04941471052510924,0.013743941176361588,0.17011726485617445,0.0020983275680723505,0.0026942462209359258,0.0016950730082912928,0.0035595088791944983,0.004036478831179887,0.0036505616433722514,0.00203066894228458,0.01780030377831465,0.010742883406693741,0.024659923285594822,0.22696718303829702,0.003595133522062639,0.014858068180838799,0.014857732983123569,0.0029378332199320343,0.007954819574024656,0.004015401750567662,0.014386538161456625,0.0034627616572060036,0.004704335990339146,0.013970373532982468,0.002143303410786694,0.008731504823859336,0.003391623142747405,0.012794774857078412,0.0014549081901338034,0.007845494733798876,0.004274577297552243,0.0038365600538953037,0.0012231231601617864,0.007920118168095628,0.004723924903885901,0.005388333851694966,0.001253575219116805,0.006066686065645465,0.001179229387294188,0.005718871315213331,0.01485725786691195,0.02124831994560706,0.004390236252792944
0.025530010244121937,0.044692460784266905,0.05086385785679502,0.016526179909238096,0.05325782535026541,0.01496304468899641,0.03468167882491381,0.006447080101779861,0.005422522511305176,0.0024921864240094035,0.0037063336718724505,0.0039332677123337925,0.004168070570604449,0.048550530962219236,0.012631383263098482,0.1616677858254153,0.0019271686425983443,0.002672775531611413,0.0015535026103014981,0.0035799981270055567,0.003268883185110476,0.003485245724616529,0.0025127166950316983,0.015692581873507153,0.012187733297161314,0.02953455073244465,0.23259711612558454,0.0035949813120869645,0.011492668298648968,0.014075351863592631,0.002676370761741675,0.007874452268652979,0.003801011893008222,0.011487437213378433,0.003392548116172221,0.00555262610925247,0.016153679657478097,0.002138935412167865,0.011475246320298966,0.0033365226933705972,0.010823962759027549,0.0013727100959616718,0.006168243591959864,0.0040545123433877155,0.003917187398000273,0.0016859346204524382,0.007789508942602212,0.005578080485229726,0.0054587058230609765,0.001099453029861521,0.00502361034941816,0.0010575094679001321,0.005777643111779968,0.013163208990316833,0.02693713831712171,0.004494267507860215
0.027541525269328203,0.046316639096578065,0.054457299222278814,0.015943509692112046,0.05842044289826376,0.015868056468951813,0.034391787391678974,0.005731816415279247,0.005509311747366435,0.0027914693472788628,0.0033950111148665033,0.003813016140438239,0.004122374908076945,0.05405787153806208,0.014958387670662916,0.14250928481469913,0.002192672223042798,0.002594198553899132,0.0018697570032640992,0.0032458206135139132,0.0032551402165392966,0.003329968104057433,0.00254215296341245,0.022360403672526445,0.012153327659433071,0.03369049845695826,0.2167463002175291,0.00362924355164591,0.01404964879431335,0.015412789372498577,0.003057879341821856,0.008078354178766898,0.0038904570159942896,0.013993749552759043,0.003497895664273814,0.005810673813791324,0.015084989922699448,0.0020575262838918393,0.009110284144644216,0.0036283243060309246,0.01186779712313584,0.0011696077203569855,0.006774387879497302,0.00501005568809606,0.003661931160485916,0.0014222646206658678,0.008895498706998082,0.0057859855987338745,0.0058129407769936204,0.0013362397324412287,0.0055710509408115885,0.0013086807506292148,0.005837068831858658,0.014403542459089948,0.02122180095248254,0.004811287694493732
0.025655819926486762,0.04523544049346898,0.05266084651056569,0.015544742465694716,0.052052601362033366,0.015238378720154095,0.03279879076860949,0.005760338157393873,0.005277639878201848,0.002872481547087933,0.0037449281577049587,0.0034338666085269947,0.0035700657309105112,0.049792790862036314,0.011895803849453535,0.15568495207293914,0.0019905863358344778,0.0025873321494505395,0.0017568443663495605,0.003173615215313919,0.004120431408551612,0.0036070919183808945,0.0021678266900943123,0.020066722097167776,0.011060886403975094,0.030984439364683116,0.24121990449121367,0.0033365175263017897,0.01347273678122592,0.013205847003001838,0.0030049250861423583,0.007823859444354202,0.0036421006689867884,0.011965290722641509,0.0037842183424306023,0.00526194890188416,0.014550498782235298,0.0015166616183685524,0.009495441093296341,0.0032100996421622545,0.010667578068461244,0.001411349303221,0.0060936911278207185,0.00521727656614583,0.003588249367433142,0.0012381787803679716,0.008569047419832287,0.004900006161312797,0.005901961254381486,9.593493481254402e-4,0.005663099516771156,0.0012999953632415364,0.005793505271861618,0.013397558702725606,0.022077253715177866,0.004996586867805537
0.026201912989570933,0.04739828662409677,0.04866846337150934,0.01476465713894572,0.0609569488686013,0.015593090046162718,0.035741501405435326,0.006032301348667812,0.005903017858143986,0.0028142888107358156,0.0035804144019780924,0.0039909822881024,0.004160143822005257,0.05548429689493435,0.013442018627774135,0.14735347202146287,0.0020109340600238937,0.0030648607200515674,0.0015518591693587333,0.003154067270992634,0.003854610075499677,0.00407110176937336,0.0027870566119539346,0.02132021648038869,0.012223100834679135,0.033546169674837506,0.21395204936191387,0.003681539138703222,0.013989565726308396,0.014424108652831643,0.0028421078489295677,0.0077646610594912895,0.0034246543049750093,0.015947909783081287,0.003693008173262246,0.0046355132169570495,0.01511788390686492,0.002132339548919742,0.010486747179630615,0.003738627168882313,0.011892120837201384,0.0013916517574074749,0.007777184366920638,0.004728342484152671,0.0038536949146427395,0.001429545889139049,0.008048579731341998,0.004673582524306727,0.006456704979391295,0.0013019913724813738,0.005951510551288078,0.0011190437678151373,0.005595351092307815,0.015483347273852838,0.020319315044041608,0.004477545157671993
0.02513747332327106,0.048226209274776895,0.05013260166459509,0.01595335128330557,0.05614290971182146,0.01595313606249195,0.03298742129650284,0.005949928487365354,0.005227410314678511,0.0024668460245014607,0.003473483840192608,0.004091497510025235,0.004149175557274482,0.052124091977930574,0.014236789146099325,0.15367616605804224,0.0019220806790504934,0.002691576141858297,0.0016472420291926823,0.003564715941092276,0.003791982592250599,0.003411170761680884,0.002850182766142911,0.01726636396417329,0.012057254679430987,0.028607633660586173,0.23057645657899697,0.003527079670818813,0.013593782912688984,0.01425171479853652,0.0024635480248038654,0.007673327526200711,0.003801562251590897,0.014342687041019134,0.003965627500776242,0.005436422281873652,0.015449661024171188,0.0017769340891636025,0.008262043858431758,0.003475209313223609,0.012522454627362848,0.0013463094705628033,0.007205359539873454,0.0046834837656946765,0.0034828694444707085,0.0011717326098723115,0.006928392009824306,0.00467467187222825,0.0054234500324770955,9.77940063941709e-4,0.005769934681774862,0.0010310080485456446,0.006917528051853993,0.014849601314367437,0.022367982462112117,0.00431253038440855
0.025635501880006854,0.04515372218358244,0.05326791691381145,0.015244083501733162,0.05970706495732957,0.017355073177396273,0.032726054267796394,0.005652270472589509,0.005625129511307433,0.00279068522852896,0.0039016874941980766,0.0036170227939324993,0.004163175426673119,0.05036525819559338,0.013176132679995923,0.15967874873705748,0.0021256073912290624,0.002370251983077701,0.0016927960375649007,0.003281627514579154,0.003362096491107036,0.004005018157989442,0.0026168521197268584,0.020132643340427508,0.011689398422485535,0.03208281676601304,0.21324347688191259,0.003657511467976106,0.015331625229140503,0.01322383045138808,0.0031067974575040972,0.008184186820582116,0.0034197879954003187,0.012684072474632956,0.003428021651914184,0.004965683469464251,0.013324636736381323,0.002179015976447211,0.0092656802230821,0.0031661512044506256,0.01206245818815331,0.0013242920540526223,0.0068412988851701065,0.004265766967054771,0.004431994741841153,0.0016977139391776252,0.009591280726124307,0.004913444904925767,0.005192898021639492,0.0010379095457963925,0.005994087301098918,0.001165212957460701,0.005870867788845278,0.016282332331011038,0.024522361373413973,0.004206966588225373
0.026836125868202894,0.04682252753387206,0.052461633869627045,0.016794882423120144,0.052681896830403474,0.015347471956274273,0.03294673788414517,0.005583726065767263,0.005499688160764751,0.0026953943255629818,0.0036045439927002037,0.0035217903516590126,0.00394393954101149,0.04552029660736267,0.012035110683954464,0.1754930973924275,0.0018515131730034238,0.0024428087231840867,0.001548606009646624,0.0035010592992251593,0.0036421488335969814,0.0038780080702442246,0.002485247932010934,0.017408949816554768,0.012762261295788288,0.027291776464193274,0.21722032984878636,0.003224061772881122,0.014751491172034578,0.013989752687463669,0.0027228782323940486,0.007466468733795984,0.004362440153437295,0.011881466611118925,0.0034914977417495005,0.005882057126123783,0.013126569359109877,0.002224962974280808,0.008638697975344714,0.003248514484678971,0.012651335942020659,0.0014803349066829312,0.00686019102163347,0.004597699622041606,0.0041195206442931585,9.659372445853263e-4,0.009371107418316734,0.0052929199662603696,0.005652284306108565,0.0011116599526898212,0.005849856738768599,0.0011384455371258404,0.006175785370594082,0.01490121652867568,0.024259533420305866,0.004739739402394492
0.026510952607247812,0.04493327964880623,0.055280651647964876,0.014894280131597288,0.053627111622882584,0.015271609008089515,0.0338631182163225,0.005639108197691785,0.0052054276664299315,0.0030501283352032445,0.0036059893155697886,0.003941909344004722,0.0038118822421511,0.049868706063882814,0.012643320270547173,0.15372257342373247,0.001878487652545264,0.002810835637984279,0.0018184417112931729,0.003024798818822179,0.003544508108305341,0.0032235456382964794,0.0022060450386520974,0.01771018491728813,0.012298591018715907,0.029654217794428443,0.23619839520797128,0.0032755048597418344,0.015073881004065249,0.015423116392742148,0.0029681438241375784,0.008748135022108484,0.0035232066916646,0.014042999814849763,0.0035594557987492165,0.0054167092470243285,0.013835111830498573,0.0015128820037846817,0.008787631357001382,0.003447450033773262,0.010366081868348774,9.886467180157746e-4,0.00646706261232072,0.004256795644941102,0.003564718225437106,0.001029502247321282,0.009658334582069923,0.00505904949310041,0.005313809865211941,7.753572413851252e-4,0.005498732333345835,9.11244367462439e-4,0.005426177154404199,0.016258237768387755,0.019536082133411604,0.005037840578268522
0.025990304897700694,0.04550579097658865,0.053755138133803386,0.015309774186393042,0.05375383527086279,0.01500910798797342,0.03447939449076796,0.005594583771141656,0.005799135859817719,0.0029202360519153567,0.0034828508846550064,0.003941158401042138,0.0038673630394253384,0.04610457632118932,0.014693054387805013,0.1539026542778243,0.0022207903218190625,0.002582334083331497,0.0015975652900882165,0.003312492814401006,0.003506237630948865,0.0034809087492179945,0.002627877017114643,0.018073507433764402,0.01098918446285672,0.03617450892871987,0.225024961535658,0.0040878519971707765,0.013721559519846452,0.012988514215125448,0.003191910693134821,0.007176970722886676,0.0037867077769942496,0.015109884614189271,0.003319178372388403,0.005210854195133287,0.014902226001615214,0.0024550780871338334,0.009195743151673126,0.0035856133504551958,0.011630083811937687,0.001290361050355828,0.007676922682584285,0.005051613805896614,0.004064574157447622,0.00123516367487288,0.007773141992223612,0.00493771734934407,0.006160964958824424,9.585775625707333e-4,0.00537328824530451,0.0014287212731412813,0.00623430298637448,0.016211896774831012,0.023166852342705522,0.0043743974270125715
0.02616301918727294,0.04497456442245608,0.053718883759904,0.015296000761394897,0.05626122968704531,0.015323383090808473,0.03195757961529649,0.00591309050378395,0.005416521897954983,0.002711179132088553,0.003772679391230454,0.004137954887995825,0.003986073722427034,0.046292716290698734,0.013871987623283472,0.16190085156877088,0.0019939853931026557,0.0026393011074170047,0.0018458933346543359,0.0036248316603734515,0.00333291560857754,0.0038512985937936895,0.0024150745668559733,0.018401387986214872,0.013213097071340251,0.028345577899810907,0.2225136824498454,0.003019484204648276,0.010657433326735799,0.013507354331942474,0.0026132778525588068,0.008792285758608867,0.004120740108691183,0.014448507811585628,0.0034800412610398418,0.005766319086704694,0.0148500984961876,0.0019474342216381306,0.010107189814419763,0.003098808940009191,0.011357681921559778,0.0013677181397509237,0.0066374404876806715,0.0046839153033684505,0.003827220407042419,0.0012102156138651342,0.009510337284940131,0.005185052037465153,0.005432111497040782,8.983972900389797e-4,0.006360240072661247,0.00112572512516591,0.005709835619458596,0.016831319899396784,0.02457711217811699,0.005001940693279692
0.026917196546037882,0.0476685880621065,0.051728860335342665,0.016485281221147872,0.05676920405779456,0.015253285256732708,0.03520022577769652,0.005751365145647182,0.005728666725020661,0.002966818043059446,0.0036673540755459352,0.003976499583308015,0.0035681354894818267,0.043584520795997526,0.0170709665649693,0.15707666914033808,0.001967777526627323,0.0028371993428354366,0.0015435812426277391,0.0037018910278377093,0.0038807019475483187,0.0034821514274887386,0.0023328746963088396,0.01881352008719746,0.012319631764119881,0.030471692133969608,0.22141173369952422,0.0031154370986327096,0.015152792049273544,0.014770593687472505,0.002933488888283083,0.007891217599488241,0.0037057486524598574,0.012016403518093171,0.0037851935799597196,0.0053040316272921105,0.01241924241027717,0.0013373860095491589,0.008301895287711775,0.0033574406031583455,0.01278937298060977,0.00127669342927556,0.0070662262790002145,0.004537110303304991,0.003543603373216805,0.0012675076464187577,0.008824593673893412,0.004618379812740143,0.0056835641883289335,0.0011457014822421148,0.0053592932390378115,0.0012140426017571422,0.006604578914165341,0.016268984992361686,0.024714602933654174,0.004818481422029783
0.024000571177866477,0.04440666449558777,0.053358587084381154,0.016932383885464895,0.057368603480265054,0.01543073968263695,0.03322780722378738,0.005349715954437485,0.005291356388284996,0.0028843158761530452,0.0035052081794779335,0.003403537177202399,0.00389823779475522,0.04559510494764234,0.012778901014711914,0.16002136891194002,0.0019563900031393413,0.002352563285692413,0.0015869108709080165,0.00338368262786518,0.0036067281860658043,0.0035462911056710236,0.0026495250316456447,0.020311240916231293,0.011694257487438403,0.032708455871805875,0.22750696705193274,0.003674607519581157,0.0116784947954496,0.014393560987109526,0.0026344186545465623,0.008524626524241047,0.003628788234167964,0.009428840226365578,0.0033190249924502655,0.0054145347637848335,0.015313733299895292,0.002060898529912444,0.008567855373579614,0.003127761800210909,0.012409628795344586,0.0019058493484781355,0.007843749750699696,0.0047618177793236115,0.0037945120631685605,0.001606248424577505,0.00897167415977105,0.005375659565960948,0.005862354139104679,0.0013080148013426994,0.005762109940313745,0.0012131813946632533,0.0059039341111205915,0.016199178495004674,0.02203922668319515,0.0045195991336455365
0.02560389875150266,0.04695699962821026,0.049791194978071156,0.015603958501767176,0.056713100890354716,0.016746809454465276,0.032935794031546235,0.00581114297753471,0.005663563309333989,0.0028926439609485394,0.004096700200664631,0.003615478986232458,0.0044767208164179575,0.04954968289522455,0.012858204880992511,0.15679871774188034,0.0021028644289190533,0.0027818959537728796,0.0017235174170891457,0.003319161744782464,0.003585535089850534,0.003532002520735978,0.003094951501798319,0.0177380313870541,0.012422653505903,0.03186367420383915,0.22714617708664797,0.003980468279258845,0.018393291496007113,0.009536071553844101,0.003154065382857171,0.00801707629090256,0.003437607501953077,0.014736236018983826,0.0036374119499785894,0.005079579409435696,0.012900759029394925,0.0020522304817193757,0.008852983417061368,0.003434642176345425,0.009995214184058953,0.0018796200638485298,0.00709115631565709,0.00462311889384145,0.004014183238975509,0.0016914873018225305,0.008822152554690921,0.004784464138116829,0.005495831312259966,0.0010895005333568168,0.005608628059486068,0.001006029225583014,0.006181691724481646,0.014939127629670774,0.02131440856550678,0.004825886425361274
0.027601669387366683,0.048259232822315555,0.05636254140504984,0.015899806804366954,0.05674458456530084,0.015091198752581806,0.03460640203711807,0.006186363302493076,0.005672281709117336,0.0027651696380926074,0.0035127418120514346,0.004082586069897163,0.003944771894645279,0.05178590180955246,0.013353534767191822,0.1636234670793246,0.0019963471933474378,0.002370548012057965,0.0017660303485049612,0.0031287034945596645,0.0036680748183257937,0.003176627091065093,0.0031411963431977295,0.015233721322756417,0.011759582947082299,0.026248572702170538,0.2122153704693469,0.003392069467218649,0.013835530699863555,0.012825808131803713,0.0032755212265265458,0.006999398705368078,0.004295290908863671,0.013027862134505852,0.003757948779543078,0.007188909564280018,0.014859781924111243,0.0023598418036947584,0.010286782482501625,0.003408446206787453,0.010609294312121178,0.0015991022494983931,0.0069718986563008754,0.0040899000489490476,0.003665768567522289,0.0012349648584914117,0.00779521953326208,0.004921211099258644,0.005920391893021123,0.0011915026708927182,0.006128840116532937,0.0011070229745516757,0.0067736029182794135,0.016123874775728627,0.02385475476859706,0.00430242992304397
0.02504293210334007,0.05076044461419238,0.05669639867409344,0.016710373213576,0.058051998173792106,0.015529591154529567,0.0313957910360462,0.005715130191317778,0.005356163958872588,0.0029037116329226026,0.0034483451107213095,0.0036300376312733014,0.0041011755414571156,0.05214895467496284,0.013611070132535168,0.15520334164816055,0.002219405555074968,0.002627650118474166,0.0018410256633618963,0.0036423390496287864,0.003441831336096497,0.003468144340123438,0.002511240777054014,0.01967896037680701,0.010112734084308702,0.026865442617549598,0.2111055046417284,0.0038089112075786816,0.014700479440120479,0.013358067691333127,0.0033178305878162713,0.007436072420358755,0.003752320773584912,0.014542231597927764,0.003931222106000997,0.0055210754424227515,0.016079770283638477,0.0020044411156489687,0.010702889825959756,0.003572468546636052,0.013656733368039612,0.0012658294778542746,0.007205061728963868,0.004817658804232736,0.003664502053042425,0.0015700498360040648,0.009397877953963935,0.004718166267747195,0.005451673765067706,0.0012161306649468076,0.00583451716396489,0.0011258318208336652,0.005809322448501131,0.01803887466389842,0.021177697710832843,0.004502553181078923
0.024662611652294622,0.044239943381732934,0.04872434847851505,0.015397125898172182,0.05453206216387079,0.015818836924157618,0.03296237866812897,0.006017457540358595,0.005738998962683345,0.0027041215674026304,0.003629868715838446,0.0035932143757855875,0.004236688284792159,0.049069333848989774,0.014946664741836861,0.15048767156274143,0.0022522328615377212,0.0023462470671249728,0.0017402853009602086,0.003584491512195849,0.0035247388260613846,0.0036054169586656084,0.0022786027673550595,0.02119173011580326,0.01403819112365444,0.03248903780018987,0.22637184550555373,0.003677442645279701,0.014373578834382002,0.011971886300020954,0.0033195843757331026,0.007661791581694035,0.0037727088942598962,0.013656235419609487,0.003574306208839616,0.005803842950076627,0.014034391534919912,0.0017922662987510086,0.009724886554770489,0.003899194053517199,0.012654302614828597,0.0013400826206614314,0.006619841712819764,0.00452794418732064,0.004469909667219107,0.0022018303644371203,0.009294236085189235,0.0048319407519407335,0.006022755473351932,8.137344591060753e-4,0.005815047183311663,0.0010137691197743676,0.006436175775519102,0.017181851283584477,0.024975615730468206,0.004354700712210383
0.025221015939121925,0.05324639269577984,0.050274676137925293,0.015992098010932463,0.056885974452086305,0.015595434617362833,0.03291621899928026,0.0058837076593728525,0.006282651386064232,0.002746819006900676,0.003537472967216512,0.0034547735860243315,0.0039117112178806415,0.05086894986231815,0.01358522872187104,0.15149580508365737,0.0022825905866017,0.0026150267974597483,0.0016235631048516518,0.0032182618608991094,0.0034050814776610994,0.002959040155913627,0.0025759257706745487,0.017671232057346803,0.011591319711950735,0.02877071593605648,0.2240585293519067,0.0034796391437624855,0.015300054668016429,0.012716585284762843,0.0027706377888821994,0.00926473647365954,0.004302646404686927,0.015527866858043119,0.0035201092161109885,0.0057143875962968405,0.013288165977432122,0.0023408462323242763,0.009275086355107882,0.003813863028869232,0.01237405720770775,0.001753864625080533,0.007780368886718441,0.004784274558041608,0.0035781273059687564,0.0012894328815911676,0.00860170623060433,0.0050925628965470615,0.005912133240174351,0.0011199459334083736,0.0059217793990343865,0.0010356883549834746,0.005876253010488474,0.015208113928355551,0.02109429875408085,0.004592550604143011
0.025547169398839165,0.044430145217235345,0.05533367847195384,0.017540576726520925,0.052482133849757584,0.0167075393377587,0.033866084820574564,0.006000492220421481,0.005667545343137034,0.0026612975330082616,0.0033291830554665874,0.003922600860715398,0.00407272800457834,0.055049668530885255,0.013813312108418992,0.1496023922862362,0.0020796142859975785,0.00231763697235877,0.0016712331857817089,0.0037768588120230227,0.0038163901663280054,0.003274131041980531,0.002580995553474193,0.021478171292765278,0.011407903820661782,0.034793056630519716,0.21458547146301668,0.003664724758218834,0.013703389982462533,0.015328666068347645,0.0029829251335956545,0.007016781135487217,0.004005305423250422,0.014998248973503958,0.003716603802100258,0.005496741957856595,0.015980105962140355,0.0019024493070907253,0.009669861191646912,0.0036045579424026993,0.013187172603672356,0.0015851689584525969,0.00672414024939973,0.004695807396748982,0.004104427037816234,0.0014538059617307754,0.008505427148213332,0.005308285595216313,0.005691493889636132,0.0011254192446406592,0.005363712708697418,0.001042605157976242,0.006060974000450116,0.01517028155352017,0.02176185318091541,0.004341052684394822
0.0265844763556266,0.044339976163098295,0.05365780505154896,0.015819076570747825,0.055222637103860904,0.016106290670823174,0.03336822706555623,0.005763134910561494,0.005792897138836988,0.003057409254290037,0.003303718708893108,0.0039016539532631526,0.003561399299753087,0.04504134840219707,0.014776266681098724,0.16213103918885244,0.0020920761503721917,0.0022884732758824793,0.0015491522133050002,0.0035477724393773833,0.003937877072584491,0.0037272947851852336,0.0021883501658242757,0.020282780666011174,0.01194156999624448,0.0302413728063266,0.2215559559623363,0.002954604510948772,0.012685371500837461,0.011776805645050676,0.0025358513058879595,0.00902476420558841,0.004155659324603572,0.015073348290071665,0.0034865780380207764,0.005481798915857518,0.014335135582704592,0.0018886404549160985,0.008807628136990507,0.0036000806402300013,0.011223701827395578,0.001433462271782479,0.0074736802839476795,0.00484123717406879,0.004233816768900905,0.001592056147365514,0.00950146413099584,0.005079477094222522,0.005553146993000398,8.426518461494998e-4,0.00553880878413938,0.0014305737653259251,0.0053438569695007185,0.017050536081097023,0.0229850196302035,0.004290211627738594
0.026208278500847514,0.04447287681831389,0.05569455237975047,0.01633713476186016,0.05536650333262694,0.01583332398508537,0.033325678040081706,0.0056725265184754065,0.005765910414029946,0.0030113537154242797,0.003538645717412848,0.003930705066676363,0.0037426681815033547,0.04561718993809644,0.013586490794639628,0.1566800741506616,0.002057229181820125,0.0025394151399378896,0.0020450442439146283,0.0033241415737056074,0.0034935833469450332,0.0033140826984006696,0.0026562170684621615,0.017176555994566002,0.011855067411269718,0.027621350456816806,0.22626268196713745,0.0032894943724145666,0.01524057813855586,0.015058198079969911,0.003234957055064101,0.00812650104749841,0.004007498849126966,0.013154994775891717,0.0036734596759053872,0.005806062134518185,0.015366571084422144,0.0017414822968656657,0.00977459696714979,0.0034995777873205523,0.01058005853409261,0.0013342032646463677,0.006601987065832156,0.005193696559000454,0.004026322855755874,0.0012149554212047761,0.009649039489598856,0.0051780003942592644,0.005920005507113057,8.110104221724409e-4,0.005135750890300154,0.0012032602432017247,0.00559107059307467,0.0158172585938321,0.023884128063103707,0.00475599843964656
0.02506457079875808,0.048657516560972607,0.058209855787792454,0.014879570517371678,0.0598917423345797,0.015455957977179814,0.033949414145014865,0.005950024608513233,0.005450021352979825,0.0028350192279419247,0.003118213703556166,0.004087163810358043,0.004118066294895319,0.053385107355246125,0.01305405570979767,0.15404331192723023,0.0022425474253318536,0.0026054518841193376,0.00166070756968682,0.0032982785926089185,0.0035393388228914975,0.0034194514614114585,0.002636884163942114,0.02295510080946903,0.01220230826490754,0.03178240150995056,0.20944959052196474,0.003568342861940771,0.014476964412523495,0.012954268532582384,0.0027251660911368865,0.008234573326790546,0.0029806564769152277,0.015202216045709016,0.0034397894926266764,0.005829834564549555,0.014066756939537734,0.0025655593313464497,0.010166375765186366,0.004020823641393863,0.01180213904129126,0.001639456892266307,0.00695537683175497,0.004551629175738749,0.004196772481030024,0.0014412939927643852,0.007742559644780269,0.005276872985635635,0.00575692944872532,0.0014567971684799708,0.005793689560348547,0.001028755129476852,0.005611416124177639,0.012620012692622662,0.02113249441695176,0.004820803793245083
0.025125618262632005,0.04824462601855619,0.04593971592460757,0.01659707595111619,0.0570970250424228,0.015117200108357272,0.03438331393493901,0.006144256442603062,0.005518590682517457,0.002788469238561456,0.003336701236141724,0.0038006369000309214,0.003981610394112599,0.0464652418526191,0.012813242649754654,0.17809315668490225,0.0016909590938713535,0.002338430875107252,0.001880301065291481,0.0033369484455897614,0.0035019323375492075,0.003414005974216432,0.0022895504290162674,0.02094098380673928,0.011639495889387008,0.02751750884284885,0.21754532625106948,0.0032876896561378553,0.01423718240768619,0.013594010627213583,0.0026694499488293046,0.008461734896593706,0.0037654354806161056,0.0118217963137955,0.003695502492465564,0.004936613450222996,0.013435784041011678,0.001723937564474933,0.010163898445766878,0.003386458048703308,0.011604917682363766,0.0011819158598329266,0.005722563821406035,0.004601479033688191,0.003808324652455102,0.0013021711835341195,0.008135542593404965,0.005955265588410673,0.005653169136239281,0.0010888815928510145,0.006119841613677424,0.0010940429901427971,0.005391896725993324,0.013991062315690384,0.022478028816617604,0.00514947868561417
0.025586570572244928,0.04969176663775115,0.05487813400849117,0.015185791221434744,0.05657777040974023,0.016176403802753238,0.0321138072387924,0.006143759508841108,0.00571004400866061,0.0027680703837106584,0.004337293952789633,0.0040132761484547655,0.003959574723166385,0.04695261230676284,0.014534672068570694,0.15461011641514313,0.002056304511536755,0.0025535259941580563,0.0016780140147058108,0.0035441452424605255,0.0035787848428836073,0.0033657082417487723,0.0024652540604310894,0.01847477616917061,0.013409446379278702,0.03124479674418618,0.21879707075700924,0.0035698505331628054,0.014641067558905334,0.012776458203111732,0.0029614809217466662,0.009332105958543647,0.00375246870228369,0.01369134412988685,0.004053551310356366,0.005704377939492804,0.012532803655636714,0.0020324579063735367,0.008638532920756802,0.0036934322130793393,0.010209417644528814,0.0016571669583059082,0.006840123985807272,0.004247599765420531,0.004358430208979771,0.0017121503155808372,0.01041331631030137,0.005169496077419709,0.005075021264248504,9.161979547635509e-4,0.005769821657861804,0.0011234345741020712,0.007015606552295987,0.015302515663744017,0.024055529421758315,0.004346749326668257
0.024941874876360508,0.04479888553222117,0.05455979380023133,0.016203525149988365,0.055087382608009924,0.016878795114824922,0.030544649677042866,0.0058003839502418055,0.005714229937398199,0.0029420916151526515,0.003579284556503594,0.003498443039317614,0.004188138909717402,0.051527092955247426,0.014227145436581374,0.14861473865918742,0.0020461697958976113,0.0030311003628146873,0.0020352728402681704,0.003342988857538002,0.0037609837125555604,0.003571331681276501,0.0030576624009781726,0.020468693791682417,0.011581115125800073,0.03588581211911879,0.22387583812317494,0.0032750012688076515,0.011886528856708965,0.013796018646382056,0.0032443226711952214,0.008718122237696913,0.0039399678509291465,0.016142810653321325,0.003400543439950168,0.005836831220009475,0.01528963453022548,0.0018698858772893765,0.010244317167596008,0.0033204683671720268,0.010769662000485212,0.0014967693333937926,0.006904870854879636,0.004430311196798917,0.004052888214759887,0.0013112559102572002,0.008643368369091645,0.004768870780383661,0.0059324204355534595,0.0014002035216910667,0.005444389033805007,0.0011403821002926968,0.006290422372505961,0.014613799374176227,0.021157322281504243,0.0049151868040060555
0.027273501596769507,0.0470046295148551,0.05283698683667631,0.01543457445487994,0.051908611581220794,0.016115713064180057,0.031104364421386643,0.00562098529379906,0.005614539981922709,0.002855525176469999,0.0035301110399754265,0.0037389626925846717,0.004332800847463657,0.05021256162158296,0.014949565751208206,0.15679252195189938,0.002022640884016628,0.0024553940579172084,0.0017422792050152372,0.003457800943159752,0.0035241875168197973,0.0031133371759966364,0.0027348250816214416,0.021358865610097744,0.012284756703941647,0.031323475931007184,0.22452051255611044,0.0032092214137380243,0.01559438795220048,0.013270054718373357,0.0029777304653612587,0.008814063258669482,0.00387059821801266,0.014439587195424937,0.0034342131156453624,0.0058702651088351375,0.014683537037046617,0.0018075457392642135,0.008717223898083232,0.0033590064301376988,0.010803433099602739,0.0017952458104682587,0.006530252943033245,0.004606744370975195,0.003658724914835403,0.0015996745237504381,0.008691878717642728,0.0055175027638778825,0.005904856439591394,9.746666931289429e-4,0.005640821933228189,0.0011640613586364269,0.006148470810299385,0.014797038434813205,0.02024142223717116,0.004013738905574796
0.024522493683142535,0.045929848320666114,0.0500165815704712,0.01587612363980156,0.05493701481174991,0.015350743835675125,0.03284079983229068,0.005380378155389095,0.005652433136519121,0.0025582795629966086,0.00368814372381432,0.003523123188505206,0.0038590770261377437,0.046651877657835496,0.012350707295024353,0.15091573414235193,0.001905735748630627,0.0026438345330079254,0.0017138804718063432,0.0032328530634568955,0.0030439469537183947,0.0029736509952690456,0.0026058705202637723,0.020746250648021845,0.012619582102135327,0.029251520877033498,0.24385002428503,0.003431875911022274,0.016385082335061026,0.012180499471436977,0.003475739882322445,0.007292897155497638,0.0032776323508778697,0.012798736712051324,0.0036238580345773217,0.005348770746251229,0.013015759648980978,0.002180119010911195,0.007351668752464432,0.003059951030783971,0.012646086838647316,0.0014365802887294182,0.007767771553820848,0.004399474753511103,0.004149972116201746,0.0016690261526639608,0.007928579102943764,0.005330858744794225,0.00603478960635312,0.0014345292526684373,0.00576989644513327,9.93504606114498e-4,0.005000596153541112,0.016507554968759556,0.022507873144070357,0.004359805449063896
0.027954054466839143,0.0475036968422001,0.048616006565868196,0.015827208228761956,0.05417136617906375,0.01558315446096726,0.032942119427655445,0.005666363996132667,0.005138795713303302,0.0029650369267249085,0.004016732806097763,0.0034542334100320995,0.0042251075073299225,0.047650973062417036,0.014073597580272837,0.161657517989074,0.0019473359763420663,0.0026627110284638718,0.0017146598827622328,0.00300737643545689,0.003668391719077093,0.0032683386925772217,0.002466992270409493,0.023845069083938353,0.011685876166824725,0.028446112314958784,0.2224390155795124,0.003132584958288082,0.018072868939047818,0.014098978095833646,0.0030752777897539727,0.007880789469529779,0.0034437993447979116,0.012946940471274523,0.0035239091762170383,0.005279536558018875,0.013750223753784544,0.0018887358591297505,0.00960427354257878,0.003282314821578206,0.012002747055566946,0.0014136449637160362,0.006486656417785914,0.004356034862317385,0.003801816014680067,0.0014420526276479452,0.009907687981785766,0.005030157928000333,0.005610051599080121,0.0010578838794178158,0.00548218921814444,0.0012953615711526235,0.005716074185345717,0.0149725377588235,0.020364355900335886,0.004482670943303029
0.026313652148890358,0.04503064344184686,0.04795559245871958,0.016183192094950644,0.05524037605567858,0.015343084023869902,0.03290635407470461,0.005511989738770337,0.005776237368471344,0.0028595233790577705,0.003543093778939513,0.00414029207583906,0.003966634738686005,0.05035606196836108,0.011228037587900223,0.1652448564985082,0.0022371805356423947,0.00254913133198819,0.0019121458783870333,0.0034895967872157624,0.0037202856646096345,0.003368603088345408,0.0026711854899138213,0.02203999172212991,0.012087989794243682,0.030530884361727777,0.2183427386700835,0.003644819117965676,0.013481655731873604,0.014666274005526954,0.0034469652536775123,0.008466466484888543,0.004139990665045529,0.013854596722262098,0.003493499484976915,0.006260758263686035,0.01286652287552806,0.003107617639942619,0.008714135628206091,0.004074871882839105,0.010997074263169974,0.0016118113417913531,0.007009634455684013,0.004372381622711538,0.004165706742589783,0.0021488503945317457,0.009499616157118997,0.005225747084261629,0.0052782934715987885,0.0011509557368615617,0.00614578731965835,0.0012015603350212295,0.005825114813829183,0.013650976712628724,0.02211567389432385,0.0048332871403193355
0.023188108309196508,0.045016721739028445,0.05405076252822405,0.01737594358490079,0.05812115726733754,0.01515483372411414,0.033196303831428166,0.005384007921248446,0.0057490368946511005,0.002481138157309211,0.0032821518386850334,0.0034539583483517724,0.0034960406027033553,0.048103334057427345,0.014786004171837562,0.1652826428326295,0.0024514819753922875,0.0025018786606673103,0.001500087441074739,0.003576298748798719,0.003942530016035246,0.003427327690105892,0.0032980656890153927,0.022257843023662727,0.011187960308680496,0.028883211375759794,0.21889821449884175,0.0034974925221494895,0.012762778729278548,0.012600530069517892,0.0029092145770422103,0.008210206188600343,0.004309034099556907,0.014549084101135036,0.0034919333373181843,0.005697488759286662,0.014216880471251542,0.001562595163480179,0.008630856622015806,0.003334431219129963,0.01191552652990107,0.001321405249110553,0.00668941887139177,0.004459935718224773,0.0036930296016192696,0.0015994973286827998,0.0075867451208172215,0.005046982151553361,0.005789829971690652,0.0012784415002602867,0.005610006269529458,9.236777709363527e-4,0.005511833498434586,0.015705324372965068,0.021634424630442697,0.005414350317569986
0.024589051837719107,0.050447768349565277,0.05119206733101057,0.015160040135412365,0.057475814623359996,0.017160901633289167,0.03384959255578672,0.005963337252235798,0.005907953856355241,0.0032952055807669535,0.0036715661828649183,0.00365520533380045,0.004045770292047009,0.05002840895945984,0.011223919632436768,0.15753883422376397,0.0019857535818713656,0.0025002620392460505,0.0014909584216179419,0.0034047668892838983,0.00404755895340454,0.0031695041308145108,0.002203285789844253,0.01573102902663866,0.012356926428810646,0.026906638827296533,0.23009108563401862,0.00343931400684282,0.014287824403741538,0.011592477194454385,0.0028114501591388905,0.008414014033512232,0.0030477315326741237,0.013081721843711657,0.00399927273770514,0.004980731034737852,0.014907765315099557,0.0024396681918884243,0.009945005777282724,0.0031319876822704096,0.011241661319316752,0.0014400340673496785,0.006226490305873853,0.0043466765970488295,0.004153085188393382,0.0014808778826424394,0.008501124774202359,0.005607694300623475,0.005730408445239893,9.397229762278671e-4,0.005475370498810824,0.0010945458268643957,0.0057731841669433,0.014942427826669246,0.023013776595141276,0.004860747812871479
0.02665795357597284,0.04367739572315349,0.058145362457967933,0.017132561433832006,0.058338546549998024,0.015059555601683754,0.033708888232075955,0.0063679337665791536,0.0062473405325666085,0.002749285316172429,0.0035752293818948743,0.004214326457978744,0.003997025203140096,0.05133452769090499,0.012538229585380565,0.15478878453167647,0.0020303261864435223,0.0030774524267384875,0.001737493348939778,0.0031126877088886048,0.0036415104916536784,0.0029987789822676545,0.002307356575975157,0.021785474431746995,0.011368716593480802,0.028474291129811403,0.2150068532943607,0.0032539885560786772,0.013956243026576715,0.013876966059088757,0.00277505135267662,0.010834733188690195,0.004181141127686366,0.013072501013548244,0.0035181981231002892,0.0062279165504611,0.01470926262308489,0.00207311103451298,0.007963367344500474,0.003383602644454854,0.010364976413008816,0.0013366670335655895,0.006912360818748737,0.004221699044058929,0.0040561596005611765,0.0011004659919566723,0.009463888340566435,0.005117147414795246,0.004669440486585593,9.914654215794228e-4,0.005898565376937595,0.001179996340283506,0.006353247720437631,0.01506911881059506,0.02452839596759366,0.004836435362981067
0.02392123591644335,0.04317782125743827,0.05264613377483539,0.015780556816652174,0.058635294706683536,0.01578483554570493,0.03237687489458252,0.005635684567003424,0.0058270505815835125,0.0031139309985914534,0.002876586619051148,0.003775817616615658,0.0037106772588936555,0.0512556240507793,0.011970722691236625,0.16496814482389396,0.0019676297465138037,0.0023715937675859097,0.0018968940620335667,0.003677930055804908,0.0033824603532267568,0.0033098647731489685,0.0018971540402732952,0.02042723963483172,0.010477334780105074,0.0332707451392368,0.22224406671066022,0.0037835781415603387,0.01292145662537773,0.009725366039291385,0.0026549750575011965,0.008460273841748524,0.004314317031900275,0.011234544034111239,0.0035183400471896884,0.005408145935288,0.013454149151202573,0.0016535639873652133,0.009571207709410421,0.0033681880036255905,0.012624154151052721,0.0010060709026171518,0.007027952717417515,0.00440247304970771,0.004102307350969452,0.0015372195601423522,0.008785741951835792,0.005246578782393217,0.005637613463029074,0.0012002065281805751,0.00634082105317787,0.0014101961678712855,0.005672741796613993,0.014456185820308162,0.02538770948684455,0.004714016428856471
0.024896831566373817,0.048548170591581064,0.05343482438864874,0.015900022548152776,0.05523387383601632,0.014929357017205425,0.03365472381644138,0.005945642031720823,0.005426456728492937,0.0030590719483465888,0.003603296474692667,0.0037187685843352238,0.004024163180384579,0.0499502639249346,0.013895735665976293,0.1504241455316177,0.0017790575649768567,0.0023225832692148627,0.0017194145303757824,0.003413566895441404,0.003402068032304321,0.003363877927420803,0.002788483954046599,0.023404664740784415,0.01201086502706295,0.02896471504851066,0.22743118008962873,0.003587647448843674,0.015412330954165828,0.012101526016757489,0.0027493693205390014,0.008223956047427393,0.0029472704851086664,0.01387639418225362,0.0036068211162849223,0.006309931117958242,0.01398110074348518,0.0022341470940306714,0.009039920567611128,0.003389865030800868,0.012011459215965178,0.0014012672595113775,0.0066858468868203885,0.00436136950249438,0.0037079164371303535,0.0014485034169025685,0.007620794982178144,0.0050671847332685585,0.004506775418191979,0.0011998477144259151,0.005851596665504503,0.0011691346229416326,0.0059952541121801465,0.014818039179610616,0.024335957765334027,0.005112947047585214
0.02510690196159721,0.047143707574379974,0.051369256773992664,0.016407941983012347,0.057285210520995875,0.015438497625259215,0.03506889948377664,0.0056994980308230705,0.005425741141458246,0.0029035445785307906,0.003759489982517426,0.003919206673357274,0.004338159671881831,0.04769206866016161,0.012604844070518624,0.15251643045503072,0.0022852372440622178,0.0025773021602526398,0.0018900899335673816,0.0034926893260080042,0.0035087102395281937,0.003417066000560294,0.002752872359921325,0.020989999170331942,0.011336805494789456,0.035885766787605106,0.2201038315047976,0.0033796115966613733,0.016317912897680736,0.015171718156205261,0.0030949922367710966,0.008531239691900049,0.004034846211027998,0.012587285057227221,0.0035218959706416167,0.005264295996520056,0.014752724978941966,0.001605409182075435,0.010796402017553717,0.0035825270428160153,0.010569267625444263,0.0015875228280129317,0.006549725625032901,0.004189369040091086,0.003967970434021707,0.0012469607904421925,0.007667850659476636,0.005159142735122877,0.005810188421441723,7.976781648968732e-4,0.005444959790551573,0.0010985562541480475,0.005581469890496575,0.015887445891982137,0.022784712439769365,0.0040965489643289025
0.026025752522578164,0.04682666559609481,0.054021925194224586,0.016451353481812193,0.053887549741389866,0.015295504546149152,0.03163087453757171,0.005678079801890032,0.0059148249110670716,0.002696546238959852,0.003652053642685581,0.003667036120818209,0.004012330210352499,0.048529496237075725,0.014438653884364381,0.16396957870091178,0.0021951645546086467,0.0029138029321509455,0.001708041290395221,0.003752180489441423,0.003380823042265673,0.003275247105443025,0.00281082435227051,0.016813161280616218,0.011432437444127605,0.026588903614976386,0.2236659392115913,0.0031365875283408447,0.013294256151674143,0.015983356288011584,0.003385890973355076,0.007984671846830462,0.0042565644676524584,0.013758089225908267,0.0038776161610634126,0.006100281164429176,0.014092533511023205,0.0020668097339873576,0.009103989764119226,0.00305362096187922,0.012337570044220486,0.0012320810487420572,0.006393992314642457,0.004850318255269692,0.00424271505590512,0.0012909026331263615,0.009246880765107263,0.005140586689023416,0.005387158795295118,0.0011652112699209072,0.0051907805487543405,0.001068011599996848,0.005797823404947794,0.015088310188229618,0.02178518900541345,0.004453449917298089
0.02516320310625649,0.04748526244634747,0.04983427873707983,0.017359365911530922,0.06050688799939019,0.014548040381574485,0.030717036010048434,0.005235104749758766,0.006132716694498143,0.002792230852976273,0.0034942582991822034,0.003712942736331502,0.0038769567872007538,0.04785004030582853,0.01625484957066986,0.15777329272783827,0.0019919429163630415,0.002859023322200073,0.0017595343342981637,0.0033106449342445604,0.003943980251454969,0.0033159079818470484,0.002776937358704956,0.018894505355136277,0.01170876210230234,0.027544908300593706,0.22158960163007477,0.003919269535082503,0.013939131287142801,0.013569141347365782,0.003310215648926478,0.008975830184819998,0.00377048783945607,0.014104222317922046,0.0035723749784507086,0.005562482247847651,0.012045968191145215,0.002283972793805417,0.010216868802828129,0.0036754995983248233,0.010746354245060992,0.0012187457592742876,0.007082724087227286,0.004400943727681994,0.0038226359270165274,0.001012132245439884,0.009281082113349142,0.005252814579131661,0.0062186219428979955,9.344560226176973e-4,0.006143484708273932,0.0010570275902198015,0.006271148298172933,0.016051059924385533,0.024609133006644142,0.004519955245756464
0.02600822438176204,0.046959413702807457,0.049514613825236066,0.01587531005705813,0.05479177309652305,0.015870120506888453,0.03140432565269257,0.005336606964205473,0.005561988314705062,0.0028499512131951767,0.003722231791357117,0.004054025473214283,0.00405192132990587,0.04544819211594301,0.01384396187034254,0.15917997245687068,0.0017431856417470908,0.002334090630063581,0.0016737843705241413,0.003273921137206833,0.004082124568568663,0.0035514895693537912,0.001991324932753638,0.019735759913495424,0.011454736772566254,0.02674186200695432,0.23778338963575274,0.0032077377829960807,0.01465810823298344,0.014918041581786116,0.0033460189435486776,0.007169847092389294,0.0034962970101241426,0.012805983324626817,0.0035387438930818468,0.005271596899810368,0.012647065656856346,0.0017948208604027383,0.008847282467337944,0.0034069269343146883,0.011020324103064066,0.0015083702349418557,0.007352093516355423,0.0038565606846079365,0.0043151890243985766,0.001284707103445794,0.009540158764954646,0.005269595397804705,0.005151649010630772,9.676441629101217e-4,0.00553715870480947,0.0010531528912449191,0.0055119399078274725,0.014895669307635794,0.0237463105967148,0.005042703976701653
0.026046122686681127,0.04403798980462184,0.05119881245760331,0.015566342326453266,0.05798625848794166,0.015450106634591827,0.03207759639610575,0.005137831499555415,0.005540098770427712,0.0029000639889436956,0.003911340579101153,0.0039021480712693574,0.0040280942168875265,0.05512124915175761,0.013413815452487121,0.15654551446794457,0.0018984197738257016,0.0026069282165324292,0.0017980942681216133,0.00361170579662944,0.0033490490242176546,0.0029952316265114552,0.0022921854299896567,0.024150990824594223,0.011892813227981799,0.028322925251462717,0.21934368553259107,0.0036408792829462824,0.014684207211756931,0.012547516062400588,0.003028061915530761,0.00892099979317098,0.004342642229109186,0.011893797797211555,0.0034236934244436914,0.005848170036549836,0.014176986069063573,0.0020741175713486076,0.009134613663196678,0.003260330440123322,0.011271790898434955,0.0014774141390249294,0.007069937783765344,0.0041203164826763734,0.0032421484654670623,0.001552972873855379,0.008325209861513944,0.00542937596686191,0.0051294803301069215,0.0011933817076121465,0.005125877269020627,0.001329725109769605,0.005558109964288973,0.018179972313887065,0.024286576510274285,0.0046062808617578265
0.025482052229440222,0.047035811979574044,0.05155209219613278,0.01540673053683818,0.05648337883004367,0.015095595563730375,0.03253111276554132,0.005898678240826761,0.00601219592453954,0.0029709911495643827,0.003887799628502619,0.004046085743208122,0.004417647248955861,0.04901403069655713,0.012595383726959841,0.1498175003378105,0.0019619137385270572,0.0025583311228339367,0.0015467698451465436,0.003642526633905534,0.0038518019058892384,0.0033967232464818587,0.0031520628798746594,0.017157091966255547,0.011205972410251818,0.03158404190383187,0.23210012468606542,0.0038562800206520605,0.013538916976504865,0.013288608944482057,0.0035565836753326456,0.007857276380107154,0.003213869680894295,0.012989481268124162,0.003972706750791564,0.005608622636142399,0.013407983311918599,0.0019810823463985994,0.00948199540673339,0.003169966138404674,0.010983838674966148,0.0014486048756899613,0.006481885059104863,0.005159545108513276,0.004354756948692969,0.001480323654264678,0.011596845062501242,0.005232411756816983,0.005620780909938516,0.0011752528242323448,0.006120842572129192,0.0013660670583988922,0.005427036337925243,0.015908870288993272,0.023248596178617655,0.0040665220154395216
0.027552957677653186,0.04969803666455076,0.04970513680284265,0.016588262674963845,0.060323907886390846,0.016473557554679094,0.03446708247845187,0.00613164774677762,0.005400153895980796,0.003081684917227976,0.0036734701470738577,0.003584667198676077,0.0035507389845307797,0.04662254597542739,0.013741354178951419,0.15381823034478218,0.0016900306916973402,0.0025380658447001075,0.00174447449492505,0.0037119009486304803,0.0033756193728334207,0.0034700179721881656,0.002069714649061706,0.017341648060190056,0.012548499019732593,0.031692612593413126,0.2170107329962996,0.0036921371752863764,0.014179887609422131,0.016636923073613457,0.00295521658863131,0.007388029576091963,0.003843161682900174,0.01556903824757722,0.003859873995769322,0.0056421541550297095,0.014477088011274829,0.00223317146794821,0.008642242349414981,0.0034090106436075423,0.010919005632943561,0.0013192164419896823,0.006792570609889145,0.004523578645041341,0.004429014627952202,0.0012036010538461523,0.00910785117202388,0.004893900054138243,0.006051156140980822,0.0010599416074418442,0.005719128643970798,0.0011084707939465121,0.006563995913765167,0.01687105500522254,0.020853601065270354,0.004449226242378585
0.026767609886527974,0.04396944898258071,0.049293379010699585,0.01635217033408415,0.060032402587403604,0.016712065113363456,0.03298346664072877,0.006425694839358195,0.005634247707194631,0.002716930392349455,0.003443940775601813,0.0038026948222681573,0.004401807244862942,0.047706775725917,0.012671001401392391,0.1785600164543303,0.0022775161526066463,0.0028331687821888632,0.0017591140801163187,0.003655916105329652,0.0036127591002800886,0.0036303971782173402,0.002770737710079735,0.01687206469216062,0.012730259089678559,0.027974333541668072,0.20411304657369103,0.0028903794476431923,0.015298099680957342,0.015012365931153182,0.002946714105056897,0.008197718561739975,0.00379777525351087,0.012489006893971245,0.0034580176471512955,0.005169753829425311,0.013537342325473767,0.0020650680020253744,0.010621577515575782,0.0029722593425879663,0.010962729204253795,0.001827788055497379,0.007033861981131003,0.004776405415720291,0.003620670521097759,0.0016206114870819424,0.008810057450714863,0.005105512902723929,0.005940623638822005,0.001032587081188511,0.005370449744270611,0.00105423028789514,0.006095250902645985,0.015944910461748313,0.02353483248168825,0.005110434922567991
0.02393343465224231,0.04184282345635648,0.05271860848279547,0.016989318227174557,0.0550371626708105,0.016055457665971485,0.03669247885192238,0.005857337139240615,0.005448664221340954,0.0027777570096825153,0.00326907923245485,0.003280193031242184,0.00449375767768962,0.04988512890880976,0.012879365732133335,0.15375157607836779,0.0017565178899410607,0.0023122556928155354,0.001655554502546392,0.0036038344545168445,0.004146165524185613,0.0034779423310573932,0.0029832800706357356,0.018629893231777668,0.01151228693526459,0.028238005220077363,0.22942438269741736,0.003387867131130988,0.012235172035509183,0.015379945007937615,0.002931027297453837,0.008003233275813738,0.0039213422178512695,0.015339778959020282,0.003494606596249503,0.005632278164301902,0.015373472926256848,0.0020065385465489463,0.011072330381623042,0.002958190774127769,0.01167530739904572,0.0010853757266600036,0.006799762536929332,0.004625959476458052,0.004332809445822067,0.0013661470896692675,0.008891795535358819,0.0048070267600749134,0.005187691614784102,0.0010459879044546207,0.006084439171843605,0.001012759614071274,0.005298876735543481,0.016867512906606933,0.022010475439239327,0.00452002774114324
0.024664956231454295,0.04638594683898499,0.055953182098190064,0.016338649452295417,0.05265929365697483,0.016441979727920195,0.032476316934976844,0.005610819360112072,0.005782947440084301,0.0028704676412744006,0.0037135153916961,0.0036101654656062756,0.004169753837204738,0.04787791209597423,0.011686870970806246,0.1553514148846974,0.0018295538998848366,0.0026560958975562943,0.001489081899594119,0.0035944219798340954,0.0035471071817346775,0.003789234841250426,0.0022922276707392983,0.020434861223454826,0.011871315523995483,0.02929678054858938,0.22582470731555024,0.003548788802776791,0.014505258878863852,0.016262059439897742,0.003063944633808306,0.008527689015021708,0.0030694762866197204,0.012176858706451677,0.0038068080770133784,0.00544905517721089,0.014192737264682245,0.0020079516536088025,0.00900238180976469,0.003327945165999862,0.012121074436057396,0.001409912366658268,0.006211192042927571,0.004418939366568119,0.0035689258395078622,0.0014964147011118747,0.00968642902098249,0.004972680777948696,0.005471920812999493,0.0011885745472265217,0.0061417080418960665,0.0012287575719905674,0.006088702966697528,0.01597184923551265,0.02363962891261722,0.0052227544371419325
0.025677078266063386,0.047119185658200856,0.047414906048233375,0.01606964256008296,0.05906827244819867,0.016315957819367694,0.033468963074279046,0.0057547220200131035,0.006177117838247634,0.0027431805818120135,0.0033707156654015765,0.0035004261360079797,0.004265781200158422,0.04994476878007532,0.013283608369385976,0.1579645194701719,0.0021511369061331495,0.0023059641925653645,0.0018500459116566653,0.003786944270223976,0.0035092193927752967,0.003414065282287553,0.002312654589905129,0.02073670475907948,0.011796032822994644,0.03254893401747055,0.21955394753383967,0.003588890431126305,0.013228018454740458,0.012262880653885703,0.0032958628411500937,0.008358168385571574,0.004175184043236362,0.01636365637261937,0.0037324500881824323,0.0052964382920528625,0.014498097658413915,0.0023807503555913646,0.009745335350360098,0.0036119093173238126,0.010621876156116698,0.0018391430693645897,0.0060668086895141644,0.0045860861722460365,0.004098281105545357,0.0017746540186240963,0.008155798065016309,0.005767206972389301,0.005376406976336425,9.663672906280935e-4,0.0054291675551631875,0.0012038814135070413,0.004937527302540855,0.013776581636122026,0.024382106610095423,0.004375969107904648
0.025757596849817224,0.04669370218035401,0.04758467552497483,0.015468738598733512,0.05376604282866226,0.016026150126853947,0.034307622224251176,0.006427338923703116,0.0055918399329316325,0.0025918730657832644,0.003430819278385114,0.003597467592894487,0.004107486895437062,0.05113237878569826,0.013827184686308735,0.16547575468355763,0.0018073480112597198,0.002758433348452691,0.0014425793911167282,0.0030551421332081835,0.004031401446552653,0.0033198343292243295,0.003229316013184143,0.0203936557772439,0.010792291257116686,0.03233779412915298,0.22073974377200348,0.002938912421360716,0.01342292753036442,0.012408587198978093,0.002492359077265942,0.007499930330618729,0.003163014961759909,0.01335976151905923,0.003653032320786394,0.004900657124124077,0.014153571430895363,0.002574997486163603,0.009826130105902674,0.0029942210882423904,0.01260419471290981,0.0014394677005427137,0.007019694303975926,0.004326818607649724,0.003869361328428808,0.001683591978715629,0.007507056663338382,0.004933974507668753,0.0062001954141749655,0.0011163730724372241,0.005895629431959329,0.001262478739167357,0.005973774184628599,0.016833596338973803,0.021419996445134183,0.004831482187911547
0.025428997493968323,0.0453433669548517,0.050810014051720476,0.016589868544296074,0.059978581674252865,0.01482025719352874,0.03365755670821289,0.00586125659970255,0.005320736936162063,0.002666949194289353,0.0035784198612460816,0.0040562876056684,0.003788819491648572,0.055693229152395926,0.010813276039360744,0.15591991511178202,0.0017645832570937702,0.0027545019767616246,0.0017502168907509916,0.003454620557531848,0.0037173075224671373,0.0037681026356886495,0.0028555344410023872,0.020427285868523437,0.0127950139406049,0.033372248448568786,0.22003824026580146,0.0035498450404193643,0.013995845700690294,0.011552407978075144,0.0029419460633211317,0.00753545809162213,0.003535550643467189,0.012825457090314754,0.004045434721973812,0.005355143588199473,0.011577282678057785,0.002560768162455147,0.008655669657830678,0.003519502586476008,0.011086992066912127,0.001816132415474995,0.00674486044771937,0.00466172756615872,0.003858490010904042,0.0022507518863324858,0.009187542736067582,0.0054118550493280106,0.005291025372326818,0.001706024640139967,0.00526102288630158,0.0011565593261224593,0.006186832970985293,0.014535720156127028,0.023668946524679265,0.004500015523635527
0.02589964095829679,0.042535646037016324,0.052098001382152,0.015519963600417236,0.057989699724869385,0.015115186061060605,0.03174360183891918,0.005878493023319335,0.00558996271566929,0.0029134313281465986,0.0034599266780368774,0.003861544823821012,0.004152530096526799,0.052281941316465436,0.011670063631924596,0.17496325096635895,0.0021148065163915657,0.0026817005479599296,0.0015845632708940262,0.0030705035254002104,0.003623888768380068,0.003048228254086914,0.002130231021884693,0.01747553154359729,0.011673839755023407,0.023548671837290442,0.22211030680825275,0.0038280095707535202,0.017185467914654178,0.013675942295523895,0.0031792582129112745,0.008277287387060614,0.003520074407021504,0.011357411411906987,0.003761739334334782,0.0062551832797669285,0.013176532284481467,0.0017862393658451647,0.00790873504602096,0.003691406326019321,0.01141281547061577,0.0012168682787264407,0.006867534338241429,0.00462486718933062,0.0034936938423468147,0.0014227804458679257,0.009656477267615326,0.004842256091078331,0.005086630104869038,0.0011784584434282987,0.005455556828110052,0.0012502719281455841,0.005627273975643712,0.015171667404708569,0.02166631574174723,0.004688089781062497
0.027737802679742865,0.04879429987759177,0.05322056305987233,0.01649289221601492,0.056091976911235776,0.015095471930250582,0.033597296824321714,0.005868207405469712,0.00539382449177226,0.0030497975108560406,0.0034973636401073147,0.0037411081270105795,0.0038442579672344373,0.055420918409110224,0.011966059688504425,0.15209159489771476,0.0018939638412480552,0.0026686209255190533,0.002024899078133511,0.0037386392746353914,0.0037831053783554656,0.003459985256771461,0.0027776724278124015,0.0206356564864114,0.011401781400198945,0.0291215314137285,0.21998796975292745,0.0035826479836168846,0.01638976550137254,0.014467724247199524,0.002963146968591464,0.008825331273900486,0.003947594928489759,0.012468808089040787,0.0035199289387549243,0.004987918151270814,0.011389491919244696,0.002174125149142515,0.008331226877357385,0.0032827404407359327,0.010302322518487008,0.0012966715040584607,0.00738432112632506,0.004137010997852361,0.0039297113519721994,0.0016728743923338086,0.007259472792111177,0.005597372441055228,0.006346635454947943,8.928174682004384e-4,0.005678277076115544,9.984788034432953e-4,0.006154322467359314,0.016235359622762437,0.023389230402132363,0.0049974102395743715
0.026651732583863295,0.04248589253756164,0.05534376251083678,0.016719511657610837,0.05654158271913764,0.016369732838582073,0.03419674335962367,0.006292101744699438,0.005881507083919781,0.0029522107622930917,0.004070854668280194,0.004279791062294178,0.003898382541740889,0.04675716942635864,0.012231689366429302,0.14984447027763376,0.0019667628504108294,0.0026117181098839985,0.0016017472088636095,0.003370410629843712,0.0033263809292256646,0.0034387218071651087,0.0026562117070297207,0.019326385887730717,0.011619619357413838,0.02700423471427254,0.23526923049309398,0.003572405562138509,0.014119783506317351,0.013259969974077548,0.002831094444752276,0.007727807640442172,0.004090993732164711,0.011941771696624208,0.003642061346865105,0.004689074835248633,0.013700883509447235,0.002557249524192849,0.00899779695595197,0.002826361496003292,0.012326883885616969,0.0014986525893155623,0.008241130268661483,0.0038212942545218006,0.004221430377768671,0.0014191036389854354,0.00994831769367594,0.005370497250219809,0.005771094424021454,0.001317760204415301,0.00604728210666557,0.0012086753650471917,0.005710200457543967,0.016335776103883166,0.021651597434834868,0.004444490884798019
0.02533768607242118,0.0456926201016094,0.050039585380797266,0.01660717848710162,0.058663143039758676,0.015771241884028096,0.03600462016558144,0.00555114657581064,0.005699282644491855,0.0028239821364332593,0.003838111027870313,0.0041267214197359455,0.004385574999656912,0.05022346758405504,0.013531981226723323,0.15913064677114594,0.0018068139553078242,0.002743685464684567,0.001657818941224855,0.003620590779875585,0.0033758541678923252,0.0033559869723793416,0.0027355055793964558,0.019178240178868135,0.010598189012131897,0.029140643161315375,0.2234409992140568,0.003674116828363698,0.012703062225444147,0.013443279405415315,0.002882843623478038,0.007338971331768896,0.003367900653555802,0.014478910188438254,0.0037707238818011643,0.005175487258837687,0.015107721368249076,0.0014705400990945357,0.009983888397224359,0.0035258149200618925,0.01109201267450961,0.0013785712146057855,0.006239637201868555,0.004787060359432529,0.004178248068926982,0.001265694145845358,0.008673065664297057,0.0051622259524511625,0.005664766568218321,0.0010816682132782328,0.005887742707139282,0.0012207659284675034,0.005475146808884536,0.016373555722479536,0.021457498867018008,0.004057762776490598
0.026630562843308406,0.04845838264132407,0.05172009009691513,0.015863524680074827,0.05550682751473486,0.016071051014853253,0.03163488430718418,0.005674382799847585,0.005727346897719937,0.0029086600181641594,0.003462771721655023,0.0038659320684768543,0.004090943522576359,0.04925016888795055,0.014580419516715952,0.1460352965273075,0.001721718568967937,0.002777896129922101,0.0017723241465293605,0.003623951618961137,0.0038227979163380013,0.0033532033093352956,0.0020121726087165507,0.021874309520505543,0.013364437915339663,0.031225761454034287,0.22830198722652634,0.003554244048828758,0.013442463614081817,0.013960258741073686,0.002992813601166818,0.006995829608628387,0.003336552067368582,0.012633214123662459,0.0034899242502165785,0.005435400289238812,0.01505565441645992,0.002097410740688067,0.010258714506791994,0.0032132182987697593,0.01212359547966925,0.0013773167128637905,0.005967989934379437,0.004123182965092074,0.004251513112255675,0.00150382912104744,0.009006999753359586,0.005425196997948382,0.004932565241653674,0.0010229876430967164,0.005718886564203536,0.0011447186373040453,0.005786833155395435,0.017303633821003247,0.02335609888709113,0.005157148192676011
0.026394567530824788,0.04228424910571005,0.0511453539246781,0.015724008031161713,0.053924405638938196,0.016001725588827776,0.03472179911294651,0.005882684810948294,0.005333604838531442,0.003017445835970796,0.003805290574857078,0.0037090381226383405,0.003907539877324788,0.042661770440492346,0.010614891919413458,0.1521841808021096,0.0018757472371550622,0.002549580898961172,0.0016332854838153716,0.0037835646626865455,0.003455278060837008,0.003916386257829211,0.0021082761685216026,0.01667631379096039,0.010978842553687857,0.02986459385856042,0.24727482345075497,0.0034339038614133667,0.013715914380707744,0.014046901505479574,0.0031888754752232543,0.007267458785700326,0.003507632460159192,0.015820109469314336,0.004168461684862418,0.00542168280073747,0.014880964315084498,0.001867635409591198,0.009735087222222232,0.0031906507711694414,0.011145001221239938,0.001214197197631225,0.007384801722046418,0.004756737294757742,0.0037510571903155657,0.0020920028969856324,0.009039245763547435,0.006080414399035333,0.005198739017454447,0.001058455694733066,0.004902098639364426,0.0011041955747783645,0.005610627190885543,0.014073098020619075,0.021980050201767923,0.004934751254029958
0.02647000407412602,0.04745856330462613,0.049371532612706596,0.016362261472806023,0.05237852618856314,0.01628408436597853,0.0317247825744943,0.005864153428473639,0.005671969536724317,0.0029397034743252363,0.003744087006167056,0.0037519519533651055,0.0038956783531010584,0.048994256536119905,0.014265784417950199,0.15678113267641383,0.0018043233519145013,0.0027631698616317653,0.001970158110962539,0.0034349765580456316,0.003613653224344294,0.003623020806093385,0.0022185364744459557,0.020329584779851806,0.013157176664444749,0.03360610361619877,0.22768530363600267,0.0030574702259717522,0.014004844394924922,0.0130298607732166,0.003063785068677853,0.0076094431400274215,0.003630565577381279,0.012408515084808357,0.004018199162115493,0.00598983543548495,0.013883779591322889,0.0019317844582975737,0.008525195518757446,0.0035113771704677887,0.011871826664217247,0.0012718959716114693,0.007252571440192706,0.0047035779722227646,0.003995274033435267,0.0014063252085178008,0.008741274118921134,0.0048025196500042925,0.005743021322337718,0.0011324787924754433,0.005388598482934346,0.0012032084927339963,0.005169152675778695,0.017113228243731217,0.021239450694368972,0.004136461575185496
0.025721163325585016,0.0454550752341982,0.05318478112445266,0.015669236177526528,0.05428491456436203,0.015242101398395408,0.03307387091290147,0.005438234372611882,0.005576836851908417,0.002770775124189764,0.003909750648621724,0.004024197078312003,0.004054948076313963,0.049712194424881416,0.01184056253567672,0.17653152414526083,0.0020265665171014147,0.002750116899508457,0.0017637470668103099,0.0037516995898536332,0.0034639445817334228,0.003328444565077264,0.002637324689673621,0.01759017010080081,0.01125027011247284,0.03405533589880333,0.214619415292956,0.0035897538781782482,0.014722164377424008,0.010734930648426547,0.002608930177152153,0.008021953354328787,0.003745367775086781,0.013560392412948609,0.003604563771368856,0.006136049495396784,0.013625733214126008,0.0023561918152133652,0.009864470023300468,0.003211441849750799,0.009067657733831405,0.0012594783823243634,0.0056401043549481325,0.004453569028351325,0.0039593475649646985,0.0017754751769825548,0.008115189489321264,0.005295373991740391,0.005522498156025501,0.0012703203702591965,0.005260838592677473,0.0010805241655266963,0.005398984002003129,0.01665105743699977,0.021300365359806,0.004440072091547555
0.025423567861535927,0.0454883712199676,0.054983429653171205,0.015775528887015867,0.05810670941029292,0.014645570236775714,0.03260491843291933,0.005402369162840224,0.005351282564324485,0.002926705809448306,0.003919048735368213,0.0037841610527291694,0.0038340682462681777,0.05535773805862321,0.01272017950658643,0.15270703027927227,0.0020659740487832283,0.002557321844532842,0.00158386479927524,0.00345016761345246,0.0032142255492801546,0.003593576669669675,0.003144339767392422,0.022047283782035104,0.011495862992199202,0.036066252496959814,0.21459067542475144,0.0037619431370894112,0.01384046435701944,0.01299592750685742,0.003112614305177274,0.0084852532116218,0.0036882665186271702,0.013316511304915145,0.0038788973695358573,0.005771768371304271,0.014981712594112797,0.0019007436018963354,0.010803027451776546,0.003207279796575038,0.011205066554259159,0.0011747763328061227,0.006506655898796144,0.0050974841726628495,0.00402680572369492,0.0021841943941516007,0.007621155655165993,0.005553912551175608,0.005710817727435727,9.743723819788567e-4,0.0058662647291517845,0.001116672278552943,0.005907649755923098,0.014826833385741426,0.02168735985634663,0.00395534497017797
0.025592619344861567,0.04575485495332501,0.05479367569680531,0.016549250960755695,0.0560115011035037,0.014568253948168707,0.0340408294480606,0.005828130908594597,0.0055371929027081546,0.00268897035124225,0.0038853721822714685,0.003930919894887618,0.003967759054039467,0.05060618034027194,0.011683309412141211,0.15578106899339544,0.0022074855681104835,0.002743349068021171,0.0018489667790179112,0.003465097623517939,0.0036003707915445455,0.003331724125466587,0.002577185112127647,0.015262243224558285,0.012520360995881701,0.03222467652479435,0.22418752655732654,0.00343572142088826,0.014417823556988792,0.013778286346597921,0.0032483965680676396,0.007586485689188073,0.0036359039965216805,0.012909992205161395,0.0037819406243004726,0.005534283143354149,0.01297750628310981,0.0020163834992188313,0.011522377818700505,0.0037915036652616755,0.012514496686373106,0.001392324602248992,0.007506370588678751,0.004556717676464979,0.0035502566007871886,0.001475665012788219,0.007896314430771241,0.005620874652489693,0.005701412202629853,0.0011045388814020093,0.005296057004981941,0.0012025137973152638,0.006355222730499286,0.015367368270197693,0.0217057059030872,0.004928680276525447
0.026085250343612143,0.042426123094603974,0.05462784049604634,0.01572443853426879,0.05841809233304967,0.015319304837777444,0.03415468894685323,0.00582023231476482,0.0060718415260678366,0.0027351673699604036,0.0038502541381484757,0.0036135517600103476,0.004093030281415479,0.04975941718392467,0.011576749949238062,0.15067462202842216,0.002081155822252106,0.0026924928625980168,0.0019513507282534696,0.003196932040715519,0.002981240326112167,0.003243574520692962,0.0024995701698924968,0.018647844072810494,0.010974862880389439,0.028848685559226088,0.22519239846712455,0.0034949510939776764,0.013000688953066875,0.01661117632381324,0.0030515067006841976,0.008212810090823716,0.004303756726193563,0.01304801069274207,0.0039344002618308,0.005475859662444606,0.013617000611881416,0.0021389137828483487,0.00921378348637173,0.0037843292594719026,0.012804258895584621,0.0017367490149258467,0.007370927078574187,0.004786765137703133,0.004233719978178535,0.0014739992399714272,0.00954036576093769,0.0055785537292457315,0.005674711978603132,0.001100274759167229,0.005659716389018732,0.0010988279564411107,0.006145406796208976,0.016085060731757896,0.02480425515449912,0.0047585071648013726
0.024964514680826156,0.04804408579736149,0.04968993863791782,0.015597606842120986,0.059968511743662675,0.014875067164402683,0.03281335425192043,0.006139338944353169,0.005836769718932976,0.002793816157582471,0.0035075383220681,0.004001719584156153,0.0037138106720820416,0.05042741803145561,0.013785993017026486,0.14809676181154294,0.0020112763761961643,0.002807003988570003,0.0016728361334657714,0.00340178003825995,0.0031440139101275716,0.0033079774741083265,0.002290764981333522,0.017475747838525086,0.012907529051981849,0.03122558009232033,0.23229515511111146,0.0033421939220203488,0.014304143131313733,0.012677095722026993,0.00318447628636971,0.009433290866872215,0.003771218925013739,0.012836757950965151,0.003204442082115251,0.00588668729888732,0.015456156105209963,0.002341239262804689,0.00917206004035775,0.003465218589707264,0.010443802325953508,0.0016492937117403082,0.006584176862285106,0.00471287322509114,0.003618897503774293,0.0018489949243695955,0.007448755486108631,0.0054255125791445365,0.005481210102175854,9.387141794616434e-4,0.005537064000587217,0.0010433840803348575,0.005792058047566275,0.014982606611654778,0.02389079964055655,0.004730966162119364
0.027288399286403198,0.0453969730204205,0.051361637657694574,0.01605454664759568,0.05930290600578995,0.015811692740405957,0.032961370264748865,0.005600642465923526,0.005788640622475614,0.0030594655295551622,0.003959685961215747,0.0037648166182501683,0.004063384545457789,0.048219882010393025,0.010866068517638751,0.1807189544169575,0.00194789173175828,0.00260076721070515,0.0016060536970870164,0.003281012517853085,0.003572853702164195,0.0036534247523962674,0.002261530608325127,0.018280664244198677,0.010894449340711121,0.029977474903973872,0.20261663068899094,0.0036625030297440958,0.01431241892612141,0.01376388755329622,0.0028756918536462566,0.008896880763001032,0.0032785947926586836,0.012886096206738305,0.0038801391966111036,0.005941477293886314,0.014441370788408703,0.0015671535340839756,0.01012821792817548,0.0033533622740909417,0.011774950584150887,0.001275113356960754,0.006306730631066139,0.004243907831425713,0.0038232068320539505,0.0015467139966300401,0.009156486177522094,0.0048806622157188855,0.005892591450443124,0.0011541051930697831,0.006590093214096863,9.77334971185974e-4,0.005635949188294878,0.0177293969712561,0.020371045755958442,0.004742097780614069
0.02659084856480115,0.047249304480085796,0.05235425279128637,0.0163500695341262,0.05591183092440645,0.01630918051867431,0.034186764509835495,0.006201211179898586,0.005449806196226354,0.0026778524735904608,0.003629474682444219,0.003949356830111414,0.0042597953596693805,0.049253518119358186,0.013428221549025138,0.16146260119904746,0.002376749422445304,0.00272772646151662,0.0015594261089537417,0.003331514102821449,0.0033097175531171127,0.003349883893132577,0.0028115081859624714,0.02157593859734093,0.011447412275688403,0.029718798297498003,0.21024107690997,0.003089758406646086,0.013729792464346883,0.013032798236261935,0.0025149822056758507,0.008158367462309867,0.0032963829051611314,0.016862679106412624,0.003992712935774375,0.0058676833084521825,0.01404176523121116,0.0020952163612837325,0.009691728274058413,0.003651829505352704,0.01138555413347875,0.0011180323793824264,0.007517528209756179,0.004592933784650186,0.003778766462201569,0.0014415002050103332,0.008496770094783546,0.005513357103740493,0.006158032274469421,0.0010035092138218275,0.005666919666955322,9.471902624894039e-4,0.006529694318699263,0.016255453647544847,0.02371607260257551,0.004139148516460349
0.025555458717993668,0.043046421800631396,0.05367047834238382,0.015344527926129425,0.054689689954415095,0.016606287546567733,0.034223500596100534,0.005961266074323656,0.005499797594671998,0.002775735752811463,0.00392491863986987,0.003835599060217643,0.0036321050341872204,0.04694906642128685,0.013170082349716065,0.16431269114979488,0.0020737938370312525,0.0026401495017897483,0.0017388665190162583,0.0036933177225652795,0.003933425253440083,0.003363884782432425,0.002386729851333394,0.018935364735347203,0.01218160485564907,0.027248363715775895,0.21958488613264612,0.0038144906848322025,0.01646489495012396,0.013678976320828722,0.00326153203388588,0.007452957646141797,0.003938598979938633,0.013912110392257255,0.003927850571083274,0.005621758791681066,0.01511252833669853,0.0015941402073553046,0.009965873417068944,0.0033008356834024156,0.010986954093669768,0.001353941348061263,0.00697197939628284,0.004450755761351033,0.004050938302560738,0.001454452718856797,0.008661608031437966,0.005725834509716509,0.0054489929545648505,8.720979175804727e-4,0.005820038376920435,0.0011011606469018861,0.005547082638075903,0.016820203458336142,0.02331915862207017,0.00439023934018722
0.025847756383576323,0.047228561791025664,0.05140159683702979,0.016017301769777333,0.05879108700873356,0.01690722349015998,0.03589868199952601,0.0061762326627751,0.006141777149447657,0.0024426140441075935,0.003748468714029626,0.00390345382745613,0.0040992908432347435,0.050817329582099814,0.013298748646370415,0.1764218153807333,0.0017542969348226238,0.002407228350770375,0.0016745544690687205,0.003561683148756039,0.0037077243942441806,0.0036723377313697654,0.0025379880637732594,0.019654901902481415,0.012494235387028664,0.034819188118633604,0.19503165857175103,0.0032098956637471505,0.011932200038771315,0.012588071606136179,0.0025694203086270876,0.010587752557743598,0.003990400902507722,0.012376142987843463,0.003317943087524846,0.004936277985068629,0.014473222594938774,0.0024123540077706706,0.008561739749048754,0.0035215410454156335,0.012399070970562972,0.0010727785995602852,0.007476743582969346,0.004646009945608324,0.003998152639167083,0.0012359574117815492,0.008950555529657934,0.004691910410419584,0.005286385471609511,0.0011208768339691113,0.0062079235750016355,0.001079904360767582,0.006139446329311969,0.013981141149387213,0.02248731828469576,0.00429112516760362
0.027738416238582215,0.050073363265827786,0.04867601940385064,0.015160061043213746,0.05559392226093354,0.015947214859824123,0.03338450852634861,0.005655614139456485,0.005684804859898032,0.002832745508909793,0.0036631771745558365,0.0037241618279913002,0.0044262457377553955,0.05410925440023799,0.010196524924089146,0.15543853021629706,0.0019666571614146548,0.002714087938344514,0.002046818004461717,0.0037015802306725387,0.0034238716404578827,0.003293602917400323,0.0023243595017644735,0.017931722349191093,0.01045570638279105,0.029740739026320417,0.22478961627543956,0.00304126399237748,0.012790450955215096,0.016531468632720585,0.0027709261975305435,0.00888205821742377,0.004141984138552866,0.01320791200219304,0.003327835114262202,0.005665324323446676,0.01386934318194622,0.0023299018826186775,0.008430547234281275,0.00366228996212407,0.01306050638759935,0.0014590449739032075,0.007359142478657689,0.004922849343953353,0.003963086213961182,0.002247150166102869,0.009411473122839848,0.005464502247551546,0.005797118264302705,0.0013620073338566935,0.005557036974750226,9.710796463360115e-4,0.005817361347359555,0.013981238546627757,0.020553403893660133,0.00472836740781548
0.026075587151206055,0.04528743909401384,0.0515539632517704,0.015294488770292793,0.058689163268082975,0.015871892185488016,0.0343432140332608,0.00600167493629887,0.006089483274567228,0.002745990828152856,0.0034545840275929432,0.003969548887371024,0.004199617562147254,0.04737549070765177,0.013109816699179797,0.15734145784568668,0.001933654087063448,0.002609741076262486,0.0021878150279467674,0.0033117229592070836,0.0038228717625252203,0.0031019609667996086,0.002180309586671557,0.02142343540829435,0.010592828933083834,0.025629214414820134,0.22777555563707533,0.003506838326024933,0.013362413305108088,0.01255357991717277,0.0028081517434789933,0.007597813520525351,0.003228066595900209,0.014790734486896186,0.003379188526882186,0.005018694901852106,0.013200620980880567,0.0020153264611995256,0.01030401806460986,0.0031284405130625153,0.012097320302971783,0.0015014926523839085,0.006595510484789612,0.004848336938081479,0.0035757863986614923,0.0016730333501651323,0.009430004407335707,0.005274231223994327,0.005061784010025837,8.786673386739014e-4,0.006067967612345479,0.0011432152358989594,0.005775112361866658,0.01607862699702691,0.02444062238799106,0.004691878571681348
0.026353920901009537,0.04413057539083978,0.049225646577993186,0.016175949301720227,0.0564896935825347,0.015540376085573666,0.033885120514725156,0.006087291940599881,0.0056666828779989254,0.0029038930133724675,0.0038264685524688155,0.003808082245098893,0.0037262436147350803,0.044932650918149034,0.013225785199803492,0.1601669178327705,0.001766806597614966,0.002728913241680537,0.0016521748680050573,0.0035046999574679756,0.003333775485932094,0.0031040837144582717,0.0022776654250710395,0.017719909288149958,0.012593786299981284,0.030353626193834946,0.23960228742311282,0.003619906013361736,0.012836924034830414,0.010253387657707922,0.003350757077894686,0.007451235466868021,0.004032251427574228,0.012660682846118328,0.0034870233043169745,0.005741578885375444,0.01293124271066865,0.002419630067129479,0.008277546671094278,0.0032512325180206257,0.010738796001887504,0.001756597826244214,0.006621349409488261,0.004510740964441907,0.004305117950810322,0.0015994489541100328,0.0077210118086385735,0.004999203557651385,0.005066951355358119,0.0011477616305676655,0.006171690658232494,0.0012702452699960476,0.005497106088031982,0.015216787601366933,0.023114548082202098,0.0051662171153093964
0.025946696117175556,0.04597456584211176,0.050225811125530456,0.01815275829851553,0.06123617518257244,0.015980429657383444,0.032833557452354264,0.005911003893937302,0.0057951433742390035,0.002718020643377282,0.0032296307610126,0.004030576023379994,0.00471277738716215,0.05333877044082696,0.013959639049798344,0.1609855535855287,0.0017445026751961037,0.002636299749893232,0.0015171956793056153,0.0029336854267469335,0.00364656966323329,0.0037111128075101806,0.002716530619363264,0.020501106585782723,0.011473138312453056,0.02973116220808822,0.20877690898656517,0.003830021051709423,0.016568754204957705,0.013393008692936196,0.0030624568379406403,0.008203514968864446,0.004194219123661061,0.010724931360513196,0.003224217222087457,0.0051204199596761694,0.014941668853486394,0.002212997306977111,0.008884558710291786,0.003530552220486448,0.011126298723759014,0.001449791756212846,0.006662859102302741,0.004351938595589068,0.004533458402041844,0.0013037623494815984,0.008535112750451284,0.005140707978457799,0.006551314625180921,0.0011207988223580906,0.006295884961772608,0.0011518596366510447,0.005354252895851474,0.017657670607456235,0.021923601732706875,0.004530044997094902
0.026645996840934903,0.04486263433719462,0.046815366829045205,0.015977208991078316,0.054094933750144306,0.01648839132727277,0.032107499650379644,0.005989960798196312,0.006004032180643196,0.0026590092772521647,0.003951786841448239,0.0037602309249896264,0.004173942830680375,0.049760699292286326,0.013479482912702234,0.16782525690353192,0.0019958423748409108,0.0025979344874759373,0.0016023901497743626,0.0033803081468258144,0.004006238613983742,0.0032133453535352903,0.0026988289955612176,0.020220920463257668,0.012824331189906758,0.029854401544330073,0.21880525755547478,0.0032162173967300507,0.013235296572580971,0.012641950404131774,0.0027865121848717825,0.008636309145582664,0.004209500103102573,0.012552223161886238,0.0035770623508239343,0.004975996804760811,0.01575366848562455,0.0025387954762642463,0.008493269381866477,0.0031945446866522903,0.011540812881412852,0.0015965442584658976,0.006243882759743133,0.004541728821538477,0.00417511259724259,0.0020087873548988197,0.009117099222769999,0.005473340689239473,0.004964213833672679,0.001188378529216468,0.005608925366874577,0.0010513879575829073,0.005885337737061835,0.015584952393092853,0.024831178717510703,0.004580738162051588
0.025501764671783306,0.04452991541664046,0.05507959886739188,0.016433492378049735,0.0539427863079852,0.015852629560589502,0.03228376956883018,0.006141886882409698,0.005339257665404368,0.002721334112171915,0.004026809422603782,0.004015052928760177,0.003967701457592583,0.05258174582213374,0.01171832337034252,0.17136433118566827,0.001957903449034601,0.0024920952823187545,0.0014793248035270034,0.003563673700989965,0.003238825165938311,0.003988198832526862,0.002989956956274723,0.02033669914161776,0.010675231440260578,0.02972633864739732,0.20538974314624714,0.003744067009308724,0.015508958774249007,0.014166693152410608,0.00283833589721955,0.00888102194138105,0.004239212065504885,0.014677347872596972,0.0036321011915454006,0.005978063145658768,0.014173773669097228,0.0018456718515588522,0.009737203749857258,0.0038298118212292467,0.01219856574539801,0.0013195114469888667,0.007230950530353725,0.004629417786607804,0.0035850214834637273,0.0018066144023276662,0.008397728970029975,0.0047037658630723535,0.005763968697598834,9.78407754780028e-4,0.005340554362607011,0.0011028201894923968,0.005562600733658405,0.017423856630024995,0.02063886480467572,0.0047266982728125795
0.02566137492918306,0.04599386878884227,0.054000640937844784,0.01582267741862448,0.05377653160816032,0.014974642182949931,0.03302433080822601,0.005976902533920901,0.005826771012582448,0.0025646184962989536,0.0037564463376921443,0.0036889909222201545,0.0040632932861772745,0.05474056330298168,0.010979772333871346,0.16421991504252378,0.0018438202761901857,0.0024362821017857392,0.0016793466124624464,0.003557461134600337,0.0036166507480074085,0.003663404396237975,0.003077109828581347,0.020981931142186595,0.011899421285336779,0.03165897850312441,0.21664108518445271,0.003247104048234484,0.01227110991761532,0.013988686263792752,0.0031194176086939192,0.008853258570524741,0.00462035551547881,0.01386459521913244,0.003612342089574807,0.005147937576184537,0.013351685515434331,0.002444857232400501,0.010390574328729613,0.003524289760486844,0.01220805837556359,0.0016961390974812773,0.007202388238504055,0.004110736944905865,0.003729327667486392,0.0014789989655302348,0.008837587731550712,0.005425784897239877,0.005401852497589233,0.0010764389496627327,0.005128772198770328,0.001144540117674573,0.005681251353136494,0.015531399024160047,0.018319581783682606,0.004464097355713359
0.024940221010216333,0.04507602701959026,0.052716996660887694,0.015999197599299214,0.058748431148922274,0.015941382531874923,0.03233040729370582,0.006209784864556351,0.00562110678330892,0.0029214792495176074,0.003476793075257236,0.003781484679373844,0.004069830698084783,0.05547981918947258,0.013447310764295391,0.14545164997817678,0.001767836818838156,0.0030226836757214245,0.001482691604705891,0.003331031285982811,0.0031893755706252323,0.0031843109230557773,0.0024082081266509213,0.020697168743267724,0.01105108471196447,0.031134249106088644,0.22826449095294152,0.0032462198977591117,0.012019181086180964,0.011849723395669452,0.0029677660152738674,0.00814036652575445,0.0033684464696533286,0.014331545314148793,0.0035362434042156125,0.005700550198115827,0.014042270079450761,0.001791394142476862,0.011388153367250744,0.003465141410664538,0.012799261816654483,0.0014373298130100237,0.007323903001942132,0.004309068343427341,0.00386807424656452,0.0016816977169200973,0.00950965082123261,0.005113823862297648,0.004982693886576135,0.0011981438655416102,0.00538926695233388,0.0012665627496856896,0.005521326391291897,0.018629088234290676,0.02105300146231579,0.004325051462918634
0.027305969670502465,0.046620120306369556,0.04678609416285615,0.015684098075427894,0.05671397148953964,0.01554602555576824,0.03185512769135825,0.00588840382632106,0.005963803989205697,0.0025970895342072213,0.0036644521333241264,0.003846289061933136,0.0038752336493152527,0.05367942566914882,0.011798662002431261,0.16675540579666492,0.0017335611890581923,0.002906681817625973,0.0018752035947081865,0.0034975709152931544,0.0036086547680113682,0.003562384791877122,0.0022436086525528505,0.01953925222383384,0.011808690950979339,0.027410071457961906,0.21388294261165308,0.0036231710648667844,0.01469227385961805,0.01444968900103649,0.002891163245825664,0.009142028613029545,0.0034179660030431965,0.012780861937570175,0.0035211981509136376,0.004840502011047399,0.014888826929258941,0.0019788206201526767,0.008711912402385842,0.003272403002567177,0.012614823672677215,0.00140896996431599,0.007756078192555341,0.004526036501927094,0.004575381043012583,0.0015094423020949896,0.008055495770049038,0.00468488332368374,0.005361384062328203,9.834678066676387e-4,0.005716768658361886,0.0011557107692373063,0.006951439508053718,0.01711896377419658,0.023679294829059862,0.005042247392534577
0.027161726102540855,0.04703948635221721,0.05430113523148553,0.016565212728950073,0.05539175435737449,0.01605442687245091,0.0337419830695762,0.0057448218618358655,0.006036799035798312,0.0027680879467021267,0.003760769058448854,0.004052437966619099,0.003870561096756536,0.05625375301631796,0.01414331249799492,0.1379248262260498,0.0022140030590467466,0.0029749255423577167,0.0015884759944639485,0.003470353758905012,0.0036164478129963513,0.00390031966713993,0.002201707924397757,0.015299391875364006,0.01102062900981616,0.032890142023265304,0.22524195044551432,0.0038464712693925787,0.017159578264848128,0.015648765858000995,0.002416780709025855,0.007832308680186494,0.0037868649708038024,0.01465955132517668,0.003384062431649704,0.005783478142715357,0.013844321430470659,0.0016464458678777465,0.009973323763364872,0.003037186667645653,0.012418578628997408,0.0013950982771503175,0.006782712618481348,0.004859177516455835,0.0039725284321389265,0.001298483074366837,0.008351975434592858,0.005319192056415167,0.005226542810860613,9.96703066298942e-4,0.005864910813610793,0.001214137411041438,0.0055364682187970405,0.015593762624528726,0.024356565324830604,0.004564583775888572
0.027568784989076896,0.04503038982751175,0.051493013252232205,0.01646405935475238,0.054468204579178274,0.015728627507564024,0.0320620905077265,0.006191602397630708,0.005884409725693309,0.0026964513676714943,0.003478695277528226,0.0034958859063060205,0.003745503612263094,0.05322617491153016,0.01168170370721128,0.15410570413055621,0.0020178145314922436,0.0027352348588639474,0.0016696004383067928,0.003327116630310826,0.003754589353695521,0.00325077222490377,0.002951739150864002,0.018214398205380237,0.011542618065719228,0.03273973153329982,0.22220605088855824,0.004149937946743064,0.017319573006250553,0.01526697788946654,0.003134787699221178,0.008365949129641309,0.0038877359205444282,0.010483218456209739,0.003575661870973654,0.006075626305396065,0.013855344510016781,0.00179527706413444,0.00942910883025847,0.0032248346392394584,0.011500075780279777,0.0013873192563227416,0.006606744138776213,0.004392754020334085,0.004165803188132573,0.001339441866250407,0.009947800391373525,0.0052965365906948855,0.00601890920879554,0.0012636632654884788,0.005700301968523896,0.0012448284355762328,0.005663037760362205,0.01468843658983718,0.02327074374009131,0.005218603595238092
