i2_health,age,household_size,cantril_ladder,r1_1,r1_2,week_number,hl_covid_num,vl_num,region_Islands,region_North east,region_North west,region_South,gender_Male,i9_health_Not sure,i9_health_Yes,employment_status_Full time student,employment_status_Not working,employment_status_Other,employment_status_Part time employment,employment_status_Retired,employment_status_Unemployed,i11_health_Not sure,i11_health_Somewhat unwilling,i11_health_Somewhat willing,i11_health_Very unwilling,i11_health_Very willing,WCRex1_Somewhat badly,WCRex1_Somewhat well,WCRex1_Very badly,WCRex1_Very well,WCRex2_A lot of confidence,WCRex2_Don't know,WCRex2_No confidence at all,WCRex2_Not very much confidence,PHQ4_1_Nearly every day,PHQ4_1_Not at all,PHQ4_1_Prefer not to say,PHQ4_1_Several days,PHQ4_2_Nearly every day,PHQ4_2_Not at all,PHQ4_2_Prefer not to say,PHQ4_2_Several days,PHQ4_3_Nearly every day,PHQ4_3_Not at all,PHQ4_3_Prefer not to say,PHQ4_3_Several days,PHQ4_4_Nearly every day,PHQ4_4_Not at all,PHQ4_4_Prefer not to say,PHQ4_4_Several days,d1_comorbidities_Prefer_not_to_say,d1_comorbidities_Yes,vaccination_status_1,vaccination_status_2,vaccination_status_3
0.10063121030525352,0.03943947185797506,0.017437978365159378,0.009779833900293092,0.17312197992115372,0.009740932156273358,0.09138820590205808,0.0036575034146708466,0.003129321891912338,0.003431413978767939,0.003949134411295038,0.0019510118029234412,0.0050979294041662545,0.024175292667964463,0.024611283313952032,0.1518354935145535,0.0019802793411806204,0.004021962733977829,9.517911705240216e-4,0.001690645621144005,0.004285834155587898,0.0015249730072759804,0.0010462271834717407,0.008239093300350135,0.007641700163197978,0.01830072906178412,0.15812434541470177,0.0023193337013977236,0.010397463818783795,0.021758683393496354,0.0018907763931688727,0.002232564796773968,0.001217367095802223,0.020483190493910345,0.0024606165246220937,0.0017193676587785158,0.0022046211963160445,0.0010680108117248725,0.0028823916225360607,0.0012755568984236666,0.003136744652134276,8.054420336219918e-4,0.002212053296370807,0.00212773065554401,0.002555760236010235,0.0011442904622014024,0.002142408859638953,0.002695340191579708,0.002566981778803838,6.824181982302528e-4,0.0020274771487395803,0.0010738180800167487,0.0030154463869883686,0.0048083368644651295,0.016084978225965413,0.00982525056238651
0.101950604234287,0.03699749047124105,0.016655287055209064,0.009528551096064925,0.15624573641497724,0.009512753847596886,0.10044640893929375,0.0032609393417874005,0.0027485575552637603,0.0036541046833269758,0.0035860852378934677,0.0026146978369788044,0.005659025138529354,0.02664214946059226,0.029767856379053832,0.1478286368361514,0.0016567716321282053,0.0038261823552526203,0.0010361175015562304,0.0015940121621513996,0.004827372935586403,0.00165755783139464,0.0010506552460789488,0.009488099201034434,0.008712885794491284,0.02624488368977943,0.15573700934119333,0.0022402929765867265,0.012733058355619869,0.024178705682503295,0.0023633764074997487,0.002290439878221757,0.0012980761114370712,0.018089164160529057,0.00215415611144686,0.0016570540346096023,0.002450858344180426,0.0010238729066743201,0.002734503194062049,0.0014925240401215398,0.0031104596730468087,7.311074463016957e-4,0.002460351675682548,0.0020722079831300634,0.002370507732102334,7.66929988934057e-4,0.001919677174972099,0.0026669361215317395,0.0022979480120421283,5.992023467428119e-4,0.002056616768501659,0.0010628086916936823,0.003147943191661103,0.003480806030509935,0.014905042064029421,0.008714940676731503
0.10168706255297151,0.03582042850195619,0.015682104823072952,0.009142225891741495,0.1508427309721177,0.009621330676773336,0.09582743382790186,0.0035554217360151508,0.0031429085992828007,0.004055316121793224,0.003723998131421754,0.0020823306510833034,0.005786655910217387,0.02558343339903577,0.02516408617613036,0.1631634700973635,0.0016565867254177478,0.0036731661167472506,9.32984862436183e-4,0.0015402092118597293,0.004302331253455615,0.0014580498140154125,8.739416861373812e-4,0.00955133307480603,0.008709393146199075,0.02503528911829536,0.1628906029646094,0.002221819979269933,0.010237953398652052,0.020148867359889317,0.0023593409218249264,0.0022933392833943906,0.0013212063209651224,0.01876498656866893,0.0022124427712431347,0.0013541702947392012,0.0025707542940611033,0.001449917706362704,0.0027565039983228974,0.001560663534204317,0.003566679675676552,9.753719279983027e-4,0.0022948757265023488,0.0020576092286342944,0.0031244015139995406,0.0014764433115363811,0.001885515277625629,0.0029627400809923783,0.002415242503019204,9.943950084290451e-4,0.0020439855759911228,0.001267406921607464,0.003570091759315674,0.0036177871950629245,0.013037813312246094,0.009952848506907547
0.09809982848216613,0.03825519265813804,0.019659339970921143,0.00924254384455355,0.1643989594617842,0.009226964112225488,0.09846150794048122,0.0034977127663998945,0.00304794102144251,0.003972892560614402,0.0037865474959571776,0.002289782246377732,0.0045562975756466536,0.025245977420260468,0.023543599444041063,0.1560950765046595,0.001724823863316309,0.004345564140913237,0.0012243529560841079,0.0016978030075846258,0.004422412283970354,0.0014915865030350525,0.0014339066733267407,0.007885697220122423,0.008580604676716754,0.0217262067102977,0.1555185902812754,0.0020176677709418524,0.0119711227947685,0.022860974079171745,0.0021705869276412485,0.002450266273267338,0.001424491420568536,0.01747763398682003,0.0021246048205378672,0.001551522058445226,0.0025076181500352855,0.0012093743813058945,0.002729481453737619,0.0016565705521133492,0.003289891116330036,8.625376700923027e-4,0.002552172985913048,0.0021125221454345077,0.0023816323371117338,0.0011561306963320025,0.0019542699564633866,0.0028043460755962785,0.0022004715938709674,8.211581955737677e-4,0.001991862284385712,9.412316562112225e-4,0.0034747341228412634,0.004731191225404035,0.01417365731055676,0.008968564136216647
0.10258948246276377,0.03554994871833971,0.016845733025342667,0.009364844147078782,0.1462418112111187,0.010510084869052942,0.0948448641156163,0.0035686730620542073,0.0031417072832622055,0.003947164389075802,0.0036229824148367165,0.0020013788871043213,0.0053208732322635646,0.02569336096897264,0.02496192553110606,0.15879079575395505,0.0015997241037874362,0.003648289483201901,9.633839822701585e-4,0.00161024161687723,0.003999184883317511,0.0015470180982060247,0.0011867098895767736,0.009208958076492997,0.007532608842696139,0.022117138281270307,0.1766148430259259,0.0021440668889137746,0.009780324306741556,0.021318219523715973,0.0020535050670858943,0.0021213273017132096,0.0011879404792372358,0.01742122024895026,0.0021684714598877346,0.0015761321894272695,0.002266873541513806,0.0013522028165057851,0.0026994571231752544,0.0016567809819237733,0.0036577382018841424,8.173232188363474e-4,0.0023945207570066755,0.0017611143678706094,0.002791218953682683,0.0016237102344244057,0.002034375215189681,0.0030418688473119212,0.002673969357797951,8.077003748438109e-4,0.002006171549530362,0.0012173119696373897,0.0028855133098064254,0.0037711941362876316,0.014814364777083814,0.00893165244444875
0.10287275749267624,0.0388360527642677,0.018044344633257058,0.009641738907747633,0.15393054020118346,0.010053750064402785,0.09530265216853437,0.003546022414681855,0.0031080654206153383,0.004115682100561156,0.003372151266012544,0.001998090125975027,0.005099589565261342,0.025752220526409388,0.0236138696037536,0.16205955290690768,0.001814539099439135,0.004073906086642789,9.540831940130113e-4,0.001632237940308225,0.0041722127178729085,0.001494847410068628,0.0014017651489087657,0.007237057242286979,0.008360665693520355,0.022512215423152574,0.1659311704849346,0.0019629673766656725,0.01011941375817828,0.018580124281322538,0.002359453526612968,0.0023221512439055205,0.0013484253724092455,0.01772629311393137,0.002282624535524738,0.0013655474486453027,0.002705839851572711,9.773888493001637e-4,0.0027210193963196306,0.0016246444247645488,0.003387205215691771,7.358948100125119e-4,0.0022992303162397993,0.0018516089921068609,0.002970940662244866,9.295528622976298e-4,0.002002395560205082,0.0026307353434449144,0.0023588769828840755,8.479662253513404e-4,0.0021359092259240734,0.0010094282215016613,0.0032722439033963952,0.003587463014508766,0.013191961696537063,0.00976091318510526
0.09549299897254075,0.0353508834144489,0.01756553645989659,0.009998707399328953,0.16102751168343163,0.009280479748674011,0.09683776455691694,0.00385293281644571,0.0028379423003529604,0.0042714716855981015,0.00343767347945082,0.0024330516076140354,0.004713357731082673,0.022573511920941976,0.023992591936763393,0.16386699568057023,0.001368694471295401,0.004481119988801137,0.0011191383429957878,0.0015730052754015234,0.005111970325015626,0.001595679678116149,0.0011953082295633776,0.00786605505172954,0.007348882196672401,0.019125401024466318,0.16712750510399746,0.002101347733749858,0.010653043512445537,0.022070124781613073,0.0022763265580564855,0.0023674378566142496,0.0011942092910631546,0.018337544007642016,0.002245342393209427,0.0016015488695767625,0.0023406024314274834,9.54653420779574e-4,0.002293898179941875,0.0017643074712113997,0.003381770685182528,5.603424012491885e-4,0.0023920622343309504,0.002073207762247633,0.0027563436213070783,8.434297081170223e-4,0.00195533675429561,0.002847272850222764,0.0025249580109900248,9.464752352242963e-4,0.0020095488068721185,0.0010597213247002222,0.002669584453730833,0.004252592675331927,0.0144399557858785,0.009640840100876086
0.0937115394275568,0.03653733598496527,0.017316974117699575,0.009914439971228312,0.1457633738408292,0.010203055978094787,0.10667679319072144,0.0033229264277365275,0.003110064930544816,0.00425301675088693,0.003635887464577682,0.0020905204067087108,0.006086675684351396,0.023915639348134028,0.0226016404163183,0.1649870209161723,0.0015596692986148684,0.0036774552842896912,8.368172361564754e-4,0.0015280424574792343,0.004020620159020953,0.0016399547750039999,0.0014198072023899103,0.007929019366068038,0.0072040995141230395,0.02157803072125123,0.17132273947271368,0.002278322258014593,0.01212489759226454,0.01963918760127894,0.002147492190789186,0.002396725945071125,9.855717600738027e-4,0.017189624465143716,0.002349959551434339,0.001769252063514818,0.0024634990915618892,6.52710771644257e-4,0.0028091072680592193,0.0015525482491221354,0.003420097429848922,6.445402418461172e-4,0.0024388831809464503,0.002152735133266314,0.002895489316723899,9.799767458741303e-4,0.0016446482230877914,0.0030991526556101504,0.002577401332097909,0.001002776276269559,0.0021709514290291876,9.654184317500607e-4,0.0031163653255083814,0.003476509314900588,0.014705363187688765,0.00950763262394203
0.10213855955445875,0.03942908164391196,0.018634518179730067,0.009484865353962242,0.1507676228174377,0.009907875537708543,0.0919582463660888,0.0037738658923509327,0.0029629284979959423,0.0036311228012349847,0.0033416755021486813,0.0021593814501079307,0.0057818255729126635,0.025621406059928655,0.029410207225515923,0.14956961999161242,0.001660710189814398,0.003948189306021622,9.687821612434698e-4,0.001798790234755896,0.004627660802442638,0.0015997240357254635,0.0011799054034891496,0.008478636806343351,0.008145277495506205,0.022180037413202475,0.1679904876691697,0.0022386236356509203,0.011140585880838647,0.024673207749834294,0.0022074485629272078,0.0023488169498888578,0.0012995713958410427,0.017305346999230784,0.002358166392219391,0.0014077266802891874,0.0023766275904743527,9.34999430429917e-4,0.0025612672549638967,0.0018655046124742827,0.003961652250699146,6.048946832723487e-4,0.00272416873342265,0.0020718932337023066,0.003048842007160452,0.0010567149185202703,0.00223218655194423,0.0025327838389692407,0.002697309615549367,7.659042499229812e-4,0.0023004970243485517,9.304594654388345e-4,0.0034048871411311134,0.00491891422686904,0.013653505610057922,0.009226489349108143
0.09623637335832257,0.036231275961495064,0.01949739802492611,0.009589173192954716,0.16636795724347483,0.009714266615295246,0.09115546634346809,0.0035182426122600747,0.002960656103586247,0.004292249036129241,0.0036533033776713045,0.002226186167481186,0.00459019179974402,0.024867220244604506,0.02370003515888103,0.16222555882051906,0.00177902171609865,0.004508546692938126,0.0010942499301593459,0.0017252035741884188,0.003901490653981709,0.0015277021099110012,0.001218826401948767,0.007906657891086721,0.007720081331410968,0.02242307737441016,0.16299313813856514,0.0018347978943457288,0.01054221783895861,0.02281950104810628,0.0020528255055808817,0.0023807970622075673,0.0013690839913339148,0.014837570781776232,0.002371258502566816,0.0014458918119410991,0.002369232952837922,8.645251015145525e-4,0.002669844782793543,0.001612248461795286,0.0034743211980616294,7.426992001739389e-4,0.0024274440128831338,0.0019435955137916607,0.0023121174935489975,0.0012521152470434153,0.001987084352377577,0.002765297044932054,0.002825311553373554,7.221787022211269e-4,0.0020826260903976145,8.897597725487877e-4,0.0030636885290791457,0.004483568153378187,0.014502606534971315,0.009732240989947082
0.09961601753368542,0.03787102930586571,0.016551682008719343,0.01002312229675141,0.14035056794475137,0.009807414107036384,0.10198315424761567,0.003045099269393628,0.002894769404383482,0.003955404437242022,0.0036745510617302735,0.002132040186208404,0.005938470206578432,0.02416611418446494,0.02557636573395693,0.17684751479404293,0.0015632320831983758,0.003560788932090373,7.749452874060445e-4,0.001682209804331388,0.004137884778042698,0.0016004652471138451,0.0012930622056332686,0.006686322832194891,0.008154625381199298,0.024040111640451785,0.16357266335660875,0.0019913158317933447,0.00942692830561321,0.01995773104402788,0.0020243567998797746,0.0020924698405991762,0.0013458771685990855,0.016238593152179005,0.002170565033691612,0.0014278582159628543,0.0022919830652442692,0.0011120779185620773,0.0028051361985485827,0.001605076224015809,0.0030581410567567706,6.9115200018899e-4,0.002170014427842495,0.002093120378584462,0.002613590243927324,0.001175606484787344,0.0020362350861598193,0.0025901270879503417,0.0023871287731370965,9.357951104523146e-4,0.002174660519270896,0.001061741537890269,0.0032424772328693897,0.004851010770501973,0.01371874458195273,0.009210857638314038
0.10481364336810677,0.03645384408577706,0.016300917938938946,0.00964394635793054,0.15905142801744906,0.010175822752727574,0.0967448945327634,0.0034165909018108484,0.0029580702482787393,0.0034476538631756422,0.0038133934317892203,0.0022140349685728614,0.004371945337789874,0.023237025144068706,0.02815673902264399,0.15122934619201533,0.0018967256040585655,0.003297356924002905,9.330496877763393e-4,0.0015101756750973223,0.004583339541029816,0.0014243066447669152,0.0015694966347094602,0.008840854632679977,0.008649123673149768,0.027785902829278543,0.16328431376646665,0.00229964809841108,0.010855613998639234,0.01845449696566399,0.0022151273887848185,0.002312643808914286,0.0012440288993744214,0.02016616928959738,0.002109662062141047,0.001596622936537962,0.002615236210885164,9.177098217971254e-4,0.0026310485478547893,0.0015201131211750216,0.0030624606171556035,6.203803116321347e-4,0.0022419654816619584,0.0019524143514816786,0.0025845505541316487,0.0012150895980400347,0.001839751372995366,0.0026930657568174747,0.00244886913930258,8.68976042540972e-4,0.002146001101676797,9.608483413727574e-4,0.0032467272600987286,0.003836329565273553,0.01155025602027054,0.00999025155891709
0.09634548654993451,0.03801914783105596,0.018508622347071856,0.009890515629974951,0.1433487452735919,0.009726910164743108,0.10025157228136856,0.003242097701644114,0.0029362439185969032,0.004159254080243633,0.0032624280230431615,0.0020148305200613807,0.005336377815377278,0.022101899931587326,0.025288507623317354,0.15199683882989176,0.001695489255630121,0.0035264651968650858,0.001015333178341101,0.0016751454519038235,0.004723488766434091,0.0016410556006468868,0.0011626806409976182,0.008169001029396439,0.008679042112255597,0.026175222859177342,0.16898522987604847,0.0023169131554699697,0.010740045625600055,0.027510554093627432,0.0020968594817081026,0.0022469043391950337,0.0013304797163134052,0.01974855290718097,0.002411553838034848,0.0015415750042292145,0.0021402041113070124,9.814068374866558e-4,0.0030711324557172264,0.0016969861454847611,0.0032545095348648777,7.072298678312946e-4,0.002414900611154204,0.0019927702823706586,0.0023995698197277005,0.0012106274916139337,0.0021668464060842396,0.0032701601235669343,0.0025593484688027916,7.614198762885827e-4,0.0020446203117495546,0.0012471091297683852,0.003133911631239396,0.0039827795509701416,0.01622050847567371,0.010922888217738541
0.09824149309977835,0.038194827512708286,0.01869973509614611,0.009897941613885035,0.15711135969222137,0.009597298097402607,0.09590021394261741,0.0035545320543255436,0.003041015309920067,0.004032080883381166,0.00423661222986789,0.002089521751624998,0.005922712167866851,0.025284650052163783,0.02949087853917326,0.1636698581300025,0.0018983626014734366,0.0034682250291455494,0.0010623007180970577,0.0017511547670016313,0.004816634248041385,0.0016329863929005009,0.001354452056900749,0.00774100454926529,0.008428801599241118,0.02397377087182447,0.1501446773662813,0.0022514600647348905,0.010059435114383312,0.022286987650014082,0.0022008925589066786,0.002157829855861128,0.001196452345725534,0.01861463929175647,0.002127535583920188,0.001488005680023783,0.0024781171419412207,8.528043516427866e-4,0.00302200761619251,0.001603819585263262,0.0032634113604915783,7.482018013436969e-4,0.002256764233029925,0.00217131530299445,0.002751745168847749,8.640127954468136e-4,0.0019204793332578919,0.003356590934822755,0.0022531617056640563,8.550168188570325e-4,0.0019380690908390548,0.0010323629847685573,0.003395470880766497,0.00435241317854021,0.014202617425019434,0.009061279771686657
0.10347786302493178,0.036334399233265924,0.016994525141161742,0.009580841602141293,0.1546233038838722,0.009533551384256793,0.10088503257707523,0.003621959711732965,0.0031473639708045537,0.004078795778977069,0.003455650118474036,0.0022095957243291487,0.005680058230535465,0.02592429597526083,0.023639990000692845,0.16737178425417798,0.0015937406457040956,0.0033090229139642316,9.157320244749495e-4,0.001785299497025717,0.004378472081610857,0.001755869577912596,0.0012179163795266084,0.007402723964908543,0.008697907805701307,0.021808408264125972,0.1595737641218969,0.002355772294691657,0.011229363159037992,0.017037366451087985,0.002395470475223172,0.0023673830720238698,0.001285307582568527,0.015243105387297364,0.002231018321891187,0.0015641246901774745,0.0025024367973656998,7.897066050719414e-4,0.0027949993931491003,0.0015474079297719803,0.003310979286962537,6.949734562587653e-4,0.002167479568762192,0.0017839947688452053,0.0027058219799487525,0.0010519414000433151,0.001950462582082325,0.0032300884203717594,0.0024646131429279486,9.713690643088091e-4,0.0020855368354130896,0.0010273918265956408,0.0035434196414539337,0.0037066268293962285,0.013883398094374567,0.009080573054355263
0.10850679509286436,0.03881214631621637,0.01706115395121476,0.010095184672413066,0.15451060456983154,0.010050386343207802,0.0944601139770622,0.003289591563700782,0.0028871138435537457,0.00339646122888679,0.00351149114581669,0.0018009996260418845,0.005417833324250314,0.021532074422729655,0.022441740169390604,0.15920620842066666,0.0017013603911413965,0.0038809440783042614,9.599323424995149e-4,0.0018171160554124406,0.0044026196809002,0.001603627307087261,0.001269793850280734,0.00941841975517754,0.007817255753835682,0.020702334867208353,0.1590662550325342,0.0022563136814437064,0.011403611919188211,0.01719704461870403,0.0021999868280548995,0.0021485499176322836,0.0010492657746748468,0.021113165399251482,0.0023032323708201694,0.0015275474228287663,0.002331820571579253,9.058633541525539e-4,0.0031165494914706915,0.0016957922879045839,0.003666042541938454,9.492084642286662e-4,0.002696185227573989,0.0021247151129785914,0.0028699138018087383,0.0011473400576443881,0.0020214775738429578,0.0032358022783223364,0.003110276935300165,8.152403048632922e-4,0.00220624570726776,9.445548363334661e-4,0.003716468182633487,0.004534480219643831,0.01596270215086439,0.011131045184821208
0.09583191245678009,0.03590838743323569,0.018130662248619277,0.009185015005063617,0.15186685364282448,0.009226771903801763,0.09973584921875983,0.0034763210787224085,0.0030433263072683382,0.0038649975783066975,0.0033788698772814355,0.0024989623443982477,0.00470169604272656,0.026650994838909096,0.026811939865474477,0.15790138496670814,0.0019722389568060297,0.004397106601888976,0.0010528738740304695,0.0016917329662315388,0.0035667300730149874,0.0016355592328901659,0.0013658713957150678,0.009982017615930523,0.008220297790383014,0.021268585355383802,0.17211281650868498,0.0018384729555759294,0.00872482068919643,0.019624819534975017,0.0022096276259146595,0.001987311619441128,0.001460577865346804,0.018632113072260655,0.002188492669174915,0.001451394759996834,0.0023008336869892467,8.002636269543395e-4,0.002774760073602726,0.0018158038062084931,0.003005975082377016,8.770174724993621e-4,0.0023172870615294355,0.00202849838183011,0.002575568988564197,0.0010511836511914673,0.00212378227004534,0.0025490552866426343,0.0023126933592344484,7.484106613182969e-4,0.002226973512683678,0.0010268315263464588,0.003040287881457341,0.0035701048563573394,0.015611796802316428,0.009645466040129658
0.09956217949126506,0.037042957409191425,0.01954879138712398,0.01000517682290344,0.158219576739642,0.008935859215696385,0.09327956497597208,0.003567498370953349,0.002951237339901317,0.0034150085309925596,0.0041197265308329355,0.0024101643342813346,0.0052952985615681404,0.026300891537027964,0.02290371088457382,0.1619442667528577,0.0017619925276384659,0.004153849999429264,0.0011354094489116685,0.0014620520877907436,0.004607206574123022,0.0017056316132481881,9.806920260705156e-4,0.007006320349082369,0.008065612238544448,0.023167492814556774,0.16250321224237538,0.0021118987756931803,0.010466721742630436,0.020028474659508504,0.0022060585405101157,0.002373223217765734,0.0011617165405267717,0.01790091274391692,0.0020622796348628617,0.0017263195587349706,0.002386139265946249,9.620245188898593e-4,0.002446127515577932,0.0013225342570987665,0.0035477001487883458,9.441034431441505e-4,0.0023419194871528793,0.0019277851507651699,0.002520656620890868,0.00134581061628009,0.001839727029651987,0.002982304629682113,0.0025146553958925576,9.676154965193215e-4,0.0019791416529385338,0.0012066162951056005,0.0035700605266698877,0.004415600567277683,0.0152460653713266,0.009444425789697529
0.10108639542739874,0.03566323356262271,0.01786859502250871,0.009572903807771923,0.14960056229943478,0.009521258862363704,0.09686214355988891,0.0032165955321232518,0.00280396978252261,0.0037727147250708947,0.0035975386786519696,0.002417649955964701,0.006041243620862843,0.02790430466614032,0.030771158134523333,0.15948451438394184,0.0016420591911223334,0.004177492996197643,0.001069335896191651,0.0016070519505505282,0.0038392426630374375,0.001718796932759856,0.0013678235258629838,0.008195286253851831,0.0077480012748572845,0.02539678573853302,0.1570386983907045,0.0022514939091870063,0.010586076134927907,0.023116271180094572,0.0021363943191439446,0.0024689326184983845,0.001059935260429429,0.018593679187798404,0.0022888620275843875,0.001471905291405656,0.0023971270780122566,9.712822610028928e-4,0.0027489130846315157,0.0013267867605862866,0.003256709438391801,6.549336268518392e-4,0.002177346102205961,0.002124135520276243,0.0030590146673291313,9.924955644837273e-4,0.002184908191669186,0.0026080586625702624,0.0024966895216553104,8.973615915972449e-4,0.002076145564286395,0.001059782673628535,0.003826611755846011,0.004580374027579812,0.013559216890483948,0.009043200252381539
0.10667512821302645,0.037933211008867984,0.01726888072092783,0.008806469733353197,0.14011966751739063,0.0100201903541077,0.09316219894468664,0.003198120388350872,0.003286693508023298,0.00391637395609217,0.004181435605081513,0.0024175969207706574,0.005217185114213026,0.023790089116641516,0.025263034491334324,0.16953082964025346,0.001896370448509783,0.0035436740330378838,0.0010980337137301553,0.0015772573020308176,0.005019536308794384,0.0017327091580701909,9.679831677224712e-4,0.0056794140709433075,0.008046909285067561,0.02050382974047437,0.17148056661993902,0.0022112186261888417,0.01013172381172698,0.02189083890414942,0.0021769034557955567,0.0024649937394005464,9.946381953535861e-4,0.016112729749574336,0.0021041735980096257,0.001558487774411676,0.0023040288217746957,0.0014252871692156431,0.0024212962068129646,0.0013651109569485164,0.0032617199143619136,0.001001708180520782,0.0025842228396487955,0.0019957342712768216,0.002657124027654442,0.0013081121273491383,0.0021280248376510267,0.0023601109336002777,0.002175004347173944,8.751987628256713e-4,0.0021117487733530436,0.0010926301557555793,0.002912159958832833,0.004244646409543756,0.015520417140380547,0.010276617229267898
0.1025656282630684,0.03728540024052157,0.017768712240550388,0.008988063710848595,0.15549228518972752,0.009308863505522418,0.09592706511410173,0.0036326691379890462,0.0028842293547440088,0.003732704375905104,0.0036124148477356525,0.0020727649485080537,0.005449142967090847,0.021551076399437576,0.026526510216490575,0.1517218509575789,0.0015666330123877835,0.004233359352857291,9.917517368691587e-4,0.0017388662771117387,0.004514448087185003,0.0014740276820054978,0.0019125834199685437,0.008542972746221665,0.008967419373444628,0.022973782125449805,0.17303667384855495,0.001978606403611866,0.010505363542924405,0.022526583931365415,0.0020688105064181313,0.0021502812905328577,0.0016994311980946945,0.014844877371853447,0.0021217800018402976,0.001366802769966957,0.002618828890956978,0.0010359382663756012,0.0028246452752904903,0.0015314201280913426,0.0043271309973660025,8.768441899218825e-4,0.002638212854622093,0.001887422553464821,0.002965694214125716,8.120565854516858e-4,0.0019786178521216083,0.002397650182737554,0.0025391034757723564,7.709931749782079e-4,0.0022171248753155835,9.02550248496182e-4,0.0030433700475816284,0.004392918279936681,0.01292371609717291,0.009581325661736069
0.09040492598128161,0.03539956487803873,0.017173537943797005,0.009646292284528886,0.1582198607969509,0.010222757692663353,0.09886663458884001,0.0036157257538283667,0.0033526914686960946,0.003431965706844877,0.004250434790494966,0.002139437404237172,0.005162437601473462,0.02960102802274713,0.02464763283331324,0.15992268117625302,0.0019084113103264432,0.0037634493276694756,0.0011615017952626104,0.0015039888667499409,0.00408951349985163,0.0014928337590465793,9.7339181435028e-4,0.008934296511533893,0.008327005621377384,0.020958539550672818,0.16339006579222065,0.002023536855669534,0.010494177658052897,0.021458727236751574,0.0019215286523192232,0.0024448437329423066,0.0013613853310355502,0.018057841977798774,0.0021002983149054637,0.0015949916195147115,0.0024718384058314276,0.0010046689773904737,0.0026334177115675764,0.0017166931429169004,0.0034439935796063267,9.312682763355589e-4,0.00231620240174912,0.0020900189680700815,0.00262643067992462,0.0010771726605619569,0.0019342611828928806,0.0033775857404710237,0.0024164326664420674,9.294730893217555e-4,0.0020357435006888806,0.0011493894523082735,0.003329532774249693,0.004035330634783288,0.016108220623893586,0.01035438737895385
0.09388589871081002,0.03521594737647212,0.018830451873333442,0.009512669704529336,0.15666868055285407,0.009688071528980751,0.09861004081203435,0.0032723787505742974,0.0027562709458129413,0.004043503024018273,0.004142736951393099,0.002285193404325835,0.005467448216630133,0.022997759739723796,0.02692806945974729,0.15510973823303015,0.0016446719027961927,0.004078557440376942,0.001181156649218126,0.0014363909984487968,0.00362210505843603,0.001555208045966595,9.686992167619283e-4,0.008572820936667926,0.008218638383046255,0.0222510902231979,0.17759092271570623,0.00211958582098149,0.009439468193557407,0.023214674885288923,0.002185054115613886,0.0023658582800993974,0.0010998217057195457,0.01528432551195804,0.0021448805956620414,0.0015364655283549044,0.0023550260911923628,0.0010368345727908917,0.00285409443988023,0.0015223805476088622,0.003201766550629642,8.15727512350297e-4,0.002162294071450474,0.0019051160412054933,0.002689009929522495,8.561451100665326e-4,0.002030427080443737,0.002574133000713007,0.002513810918704531,6.279013415143593e-4,0.0016490252483621678,9.617535340243656e-4,0.0032966845292726273,0.003987488397962844,0.013708390995995653,0.009326734594180994
0.10086228405864565,0.03713643773688593,0.019198526002448865,0.009279817559123186,0.14927994317866636,0.009826714052623753,0.09889680247663919,0.0034983624484719797,0.002730252532811441,0.0037875135768090785,0.0037818606927277083,0.002038931282499169,0.005204255412663837,0.025807970220210922,0.025974135949371306,0.16832350639042884,0.0016941015776917993,0.004063907105070768,0.0010009675096290564,0.001637971823954172,0.004071429887322111,0.0016285714993945503,0.0017788398240353625,0.007432048476050145,0.00908647953748248,0.024941941839841778,0.15802704270168186,0.0020955743993905777,0.00919338537577638,0.02185239155044192,0.0021524042769298663,0.0024395986379906107,9.590875321444876e-4,0.016364003554516563,0.0021685482680961414,0.0016595973477351912,0.0024079376972487255,0.0012336245726917504,0.002502609666474325,0.0016320773218606891,0.003444032649261428,8.485806566261257e-4,0.0022307945187694674,0.002073600972630349,0.0024837371532683014,0.0013627303720820476,0.0019032515766991146,0.003012945849125795,0.0024474250765432045,7.34473708042836e-4,0.002061223753893064,0.0011075479371297629,0.003211681197769515,0.004351518867614314,0.01155430981904972,0.009520690337016387
0.09882297177551448,0.03771198799572441,0.019001625899695295,0.009877337175820854,0.150210027246929,0.008929639096146096,0.09687105595024527,0.0038181078099252877,0.0031012032717916294,0.0035211173223933406,0.004077664185201473,0.00231805722075807,0.005422306814702679,0.02596272395984379,0.027871448525901444,0.1589810321921266,0.0016822104920965937,0.004067667170441115,9.889250183672431e-4,0.0018180047475034485,0.00463314708190231,0.0014615770478555049,9.99378975886466e-4,0.008184186726147631,0.008294082012403356,0.021189615565690278,0.16611530495883356,0.002164920337091796,0.012552454535808317,0.021072231831364256,0.0022041582643853885,0.0023588956209354035,9.879746929417961e-4,0.01653631278407907,0.0023208113528533454,0.0017728525423154405,0.002461291413481695,7.714719731168464e-4,0.002582071189357334,0.0017385224816455535,0.0033067989782634946,5.498528270479058e-4,0.0023109178590447277,0.0022944579245860043,0.00282076837167701,7.35361082724944e-4,0.001932514801631169,0.003052262052237483,0.0027123188871951967,6.676878218957251e-4,0.002070821720702387,0.001177774940038811,0.0035152166941793224,0.0035261663062352844,0.014031849411106589,0.009838855062210595
0.10237111309559961,0.037160484855747196,0.019073174161439187,0.009288857957503789,0.16176208397093444,0.009772445303563165,0.09767346679052884,0.003580018446923141,0.002967436143809038,0.0038984691829915892,0.0038947138361877702,0.002130426775977111,0.005434838160179184,0.024261542244998387,0.025985641100006236,0.1506460359094814,0.0017701264035094742,0.004076622270338578,8.117181795202153e-4,0.0016949685738476409,0.0038285969788761456,0.001475791370839801,0.0012053640038563922,0.009539169838571504,0.007968900999860869,0.02179933400584429,0.16474723536063035,0.0022519867761955194,0.00891532606127513,0.020480741102057096,0.0023274412546269263,0.002171407556002685,0.0012405031098064593,0.019456363571911224,0.002047437481686917,0.0014431001889191836,0.0026314870252236136,9.441099609953758e-4,0.0024981060044457805,0.00182645878240147,0.003421346251617883,5.670113311736581e-4,0.0022314587311245836,0.0019808088865174594,0.002495562357781389,9.094840835891001e-4,0.002005022946513941,0.0028946941290162198,0.00251425667451703,7.10425361223751e-4,0.0021835888852591804,0.0010321087095733388,0.0028847671236119986,0.005275103150643154,0.013764475475248438,0.008076841105476122
0.10419611945882419,0.03955390936907507,0.017894275738153873,0.010002222040948264,0.14876802827778798,0.009708163420085437,0.09729968310155448,0.0038746854421389883,0.0031748173331547862,0.0037505776351290992,0.00375299546122119,0.0022960982551749757,0.005903809693248919,0.02743010026796591,0.02710081110010565,0.14759430171573595,0.001674482181595866,0.00422496226553733,0.0010173193277170916,0.0016417987071344299,0.004484517454980947,0.0014216565739504125,0.0013068145629310326,0.009028637722174765,0.00836899150247124,0.024922516925325065,0.17034748239952724,0.0022363818727791297,0.01039609094732762,0.01605220864261963,0.0020619774942208673,0.002190878715144635,0.0011932444610565016,0.01845906584084715,0.0021507306299383766,0.00151044756292482,0.002265326621251728,0.0010098101383257672,0.0025413267212944742,0.0016711046620127507,0.0032016479459405635,7.227633147645887e-4,0.002495457323860954,0.0020784919670829454,0.0027622379115109577,9.634502815078209e-4,0.002231497832666927,0.0026717908028614464,0.0028983853549146574,7.255226285896647e-4,0.0017752220204364187,0.0010522942418693029,0.003416566962873352,0.00414378281908801,0.013957785986442107,0.010424730362196735
0.10396138821564946,0.03817429328630996,0.017392231776442148,0.009235525108235373,0.1528000721380571,0.009860594135366975,0.09365689366908825,0.0035883495224267857,0.0029846544963918202,0.004157007067248066,0.0026857480351441757,0.002153392182646747,0.005887978410723896,0.021539717039708216,0.025823536650256156,0.15997313426631357,0.0016189896798315508,0.00394840093518949,9.936598061616516e-4,0.001686891794850088,0.004715541706165747,0.0015935723380123682,0.0011187337493502934,0.008605417014071512,0.009142242271754267,0.022544555050765233,0.16307117555893605,0.0022922458385833864,0.011955789766131467,0.021570629806928122,0.0020644251936414106,0.002340355389272321,0.001278997377496226,0.020214006807321657,0.0025942661272660658,0.00164361818342449,0.0025782802723336743,8.032239251752665e-4,0.0025268278409824375,0.001553427935114703,0.0033996516429502517,6.647962358105166e-4,0.0023100615650563593,0.00237325958102693,0.0027703784654786643,0.0011599167356209138,0.002022248435840606,0.0027438594917248787,0.0027043983824432405,7.843039925348451e-4,0.002073776847688868,9.893166569635986e-4,0.0031985450681096595,0.0038161477480781166,0.013445015452978895,0.009214533328925505
0.10215396703972113,0.03581966540286395,0.019506297805777915,0.009804501799118657,0.1609383126355381,0.009544747598994442,0.09753999318137209,0.0034551084728244763,0.0029908442465025197,0.003513300225267895,0.003265335671616277,0.002229139091127395,0.005220970817414686,0.028338045378383702,0.025395927380024774,0.15137392062944524,0.0015517940434541222,0.0034136562073260007,0.0010023291948021648,0.001625814068039695,0.0035554063736965564,0.0015923382453623734,0.0012842913663499295,0.007593619581915235,0.007818940992549917,0.02232433146412587,0.1642203369033593,0.0022250119311106754,0.010599047051646953,0.02196010377820366,0.002251213073328104,0.0024159739921459132,0.0012510836775831652,0.015552979775451815,0.002288472615481396,0.001592658228369902,0.0025702766624918945,0.0012081050340771705,0.0026631299282600645,0.0015965245226538288,0.003440602978205098,7.404080913107578e-4,0.00249765129120578,0.002330287145044422,0.0025373995613735796,9.384133022607976e-4,0.001849037097529316,0.0027910474458983786,0.0026452348030489336,7.603931555850921e-4,0.002003422022490962,0.0013932274076629675,0.0029852167057931966,0.003894834661673502,0.015119198366632362,0.008826109876506021
0.0974299680677482,0.03886887541331471,0.01774909412612182,0.00943729650490526,0.15177369180762318,0.009112750366611428,0.09692635096081746,0.0029432281039162753,0.0029548896534437514,0.00414455719054537,0.0035445733502870993,0.0022056665329442896,0.005989898198146774,0.024496539857116098,0.026861764471443558,0.1644183063922918,0.002009428578313425,0.003786978358990972,0.0010279248703598523,0.0016560991146836903,0.00401525151717694,0.0015799619438429367,0.0010625648084018958,0.008034203385414026,0.008145176388195917,0.02059873680704766,0.1681485363956858,0.0022719774926714025,0.01072244006994697,0.0189041309447002,0.002345761876302362,0.0021382207259686833,0.0011011413895418317,0.017987831246638067,0.0020348008213543294,0.0015449759148741594,0.002531291459483599,0.001062409631590389,0.0022922314933112313,0.0013906134396374915,0.003014552524229598,8.239694141729845e-4,0.0023312337607390233,0.0020272273223188478,0.002358380325100803,9.523664424675106e-4,0.0020456689572166727,0.0028614222610473653,0.002257388526327827,8.386413232474172e-4,0.0020427673807674692,0.0011238174039022457,0.0029117711838311244,0.004261175984291311,0.015700009008943142,0.009199468509985632
0.09197079786537919,0.03311292841119951,0.019760561105757007,0.00975669087572262,0.15073276749964973,0.009257261746778246,0.09885058000883504,0.0034927135160353006,0.0031481411159742477,0.003891990081281015,0.00303379499608383,0.0022958946272411238,0.00668728069667978,0.028001873855889606,0.025785134835429987,0.16112964500910298,0.0016352469657115733,0.004563853361644647,0.0012036279569393837,0.001636121913191203,0.004622608285825112,0.0016004943506355207,0.0014355083414969837,0.008648818235073484,0.007913704550192746,0.02236474371881066,0.17004512746902387,0.0021251351256213395,0.01113194660726734,0.019273468134761457,0.0020037097546166463,0.0023481345838766844,0.00112881825884012,0.020928474680059744,0.002360780730184981,0.0013590935257840047,0.0022682745193367423,8.397327071021951e-4,0.002768441153129114,0.0015833131858420683,0.0032164729590004083,8.756818566484707e-4,0.002480733748228901,0.0018252478214851873,0.00260898391585209,8.547049499671188e-4,0.002041763769363812,0.0032547552758852524,0.002828595825621354,7.256986927690778e-4,0.0019452299292877203,0.00119595823905587,0.0031102808769628955,0.0038483179138602366,0.013403934239137954,0.009086405624866836
0.10591087423712346,0.037826991749713865,0.01809563630654887,0.008934220554452806,0.14513032765192746,0.009733647169638208,0.0932703478552775,0.003615435290066232,0.003128673712922894,0.003354148744035091,0.0034663273285866457,0.0021265441746829523,0.004921962290307538,0.026748781329449866,0.028947507667649457,0.17073565503272523,0.0017889412147314178,0.004048417051958836,9.721447871094332e-4,0.0015478394439666946,0.0038866403455905156,0.0017225864943627444,0.0014793138096840365,0.009065831573685271,0.007498689581246808,0.023233393904497836,0.15747922797295555,0.0021276920143106803,0.008780103394099598,0.02059995378446869,0.0022657371667562727,0.0023764238681652106,0.0014390096137729168,0.017427199325015384,0.0022237595413491305,0.0015768339103619427,0.0022643195590984584,0.0012602249501611608,0.0028447039877397893,0.0016170003206616452,0.003541784200836828,6.622383511389948e-4,0.0026813948924801294,0.001955899078866929,0.002343063005447633,8.144214881606612e-4,0.0018231680897358579,0.002400706576718421,0.0022051519571209743,9.067221591459124e-4,0.0019709393660864295,0.0010597507415195315,0.003225255113291504,0.004301540626797427,0.015663781490910928,0.008971114150883738
0.0979144895099131,0.033456008454199285,0.01868844240859769,0.009456562166359062,0.16050492940430025,0.008961136972468644,0.10016054507856721,0.003266015417112256,0.002782945442012331,0.0036639204838296666,0.003940106777116436,0.0022759222394375944,0.005056975561712209,0.024449696891169343,0.024777699795497526,0.17325812366144366,0.0017064520343127764,0.003904116378022142,9.14192086408346e-4,0.0016621272180759091,0.0036878104749564055,0.001605508773150228,0.0014430261565282043,0.008707503379855827,0.008124957074488584,0.02659179627873381,0.1461772610234201,0.0022010607451113887,0.010227216114308591,0.02190712277894098,0.002053629015655219,0.0023135966050715725,0.001081277294486083,0.018178557563576104,0.00208262181487406,0.0014871199721464214,0.0019704883917643964,0.0011632252101771172,0.0028750754816417737,0.001682570752819054,0.003156046708368659,8.12944691757387e-4,0.0025407676147782654,0.0017480835272805433,0.0026531177660347326,0.001393227155106284,0.0019268955963372822,0.002634883307144718,0.0023065474588718246,9.016946927526769e-4,0.0020948956504865156,9.459447777621014e-4,0.0032532313207488304,0.004044855297779839,0.014343269362122019,0.008881762190406973
0.11102244382867932,0.03554046348633325,0.01901237937204619,0.009768429463384338,0.15300022886505402,0.010546758228688757,0.09194705841573868,0.0032592255836669673,0.002948777977837267,0.0036737216637119066,0.003519146495766065,0.0021690310907082223,0.005766970042661646,0.02342605046420418,0.026245429874198294,0.13853010492431075,0.0019167940891682068,0.00360526178332978,0.001028730136368927,0.001665443106861673,0.004171992547780695,0.0016329477319092247,0.0012407168822744109,0.008075412386922411,0.007264374797163547,0.02332221780867217,0.18366936415282553,0.0020402984083170836,0.010552555668419838,0.018666922238094096,0.0022449879509499975,0.0021665244713703694,0.0010448032209928056,0.016125431857435587,0.0021221815128179573,0.0017293683610418195,0.0026698372356784503,0.0010913192314727569,0.0023764976063206976,0.0017486615869986564,0.0034638575763846404,7.595126767407962e-4,0.0024650490978210603,0.002250245118099259,0.0023639879555397204,9.743548753831802e-4,0.002134358151048726,0.0029873468939543625,0.002084414645133785,7.216388409023721e-4,0.00199547364150554,0.001113712196279404,0.0034444805174747785,0.004711030703311237,0.015715193248026192,0.010266479312218501
0.092570418405630725,0.03690395857068383,0.017945234819728463,0.010160195814866588,0.14680922031089857,0.009895261087305339,0.10455443944492081,0.0037343594966336587,0.0029896061774114875,0.004078660661643178,0.003486606876248366,0.0020156307091938296,0.004780844092696923,0.026406519944756852,0.02614799501814874,0.15490459791611183,0.0017266811403190427,0.004216448389454389,8.380380133695671e-4,0.0018834564464284963,0.004770794324775022,0.001476415042312785,0.0013311264114641164,0.007337030466836206,0.008483856630417948,0.02111329942262096,0.17606952108017815,0.002634532247699876,0.011890064796108676,0.020580752304094545,0.0024076667762372296,0.002208580386032353,0.0011173155887829675,0.016353296525503835,0.002129580792700686,0.0014351419513937249,0.0024391201586344098,0.0012582680339509262,0.003104025288644816,0.0014100538075180866,0.0034456383392507763,7.938671020604113e-4,0.002383523811895968,0.0019037269229803602,0.0031703341324709777,7.399141772529852e-4,0.0021097413619236734,0.0029280535133705725,0.0026781927924324103,6.76425030608083e-4,0.002027568690902773,0.001149716671596701,0.003254771377157505,0.004041421145183531,0.014107602946752845,0.008990886611802352
0.09699724244152509,0.034066543536416194,0.01776280818013974,0.010193071812743305,0.15624839479937702,0.008484573875923345,0.09511413723103784,0.0036538040083893635,0.002822783829750863,0.0040956834356236675,0.004010226693207049,0.0023797009461472263,0.004777927512385075,0.0219719036809813,0.0206359845842984,0.16077214318098357,0.0015543797906392503,0.003916021974445557,0.0010753512968811121,0.00174161745781579,0.004356785113976655,0.0015100016090207739,0.0010905438068231313,0.008983144174622596,0.007912655719905346,0.023329910663347955,0.17869526898570692,0.0019334550834652676,0.009808703395497196,0.023117276580355742,0.0024165469447090756,0.0020673873110032474,0.00109168961248408,0.0142724915313112,0.0020898601159861493,0.0014436313616421896,0.002498734234589106,0.001056631565157928,0.002740319218163087,0.0014275260623447343,0.0035375315430467447,5.73158206833747e-4,0.0022621093191437106,0.0019234840714065556,0.0026140941130540713,0.0010208866228819497,0.0019725819819906352,0.0028693537781759077,0.0025193643934303548,7.719220652703672e-4,0.00203500737081264,0.0010504907372429696,0.003544700622742779,0.003795356724551978,0.015524380976785183,0.00986871411380728
0.10564953060534736,0.03845325164871256,0.01738694712611405,0.009605881714706988,0.14819213666738554,0.00900535379566575,0.09596230254704756,0.00338616566282074,0.0030297123864839923,0.003307130585849597,0.0036399593719549056,0.002142927348476998,0.005191300178024991,0.024705810411772083,0.027666081598999893,0.14856492200179158,0.001808032049414482,0.0031576169373885225,7.568591350946789e-4,0.0018153313779339755,0.004974079438309055,0.001749107657722185,0.0010295397782290716,0.00905676055240269,0.00849238842594966,0.02175562328662737,0.18247260817346544,0.0020663483973749,0.01093379705053643,0.016384689058965955,0.0021269199311936605,0.002252561523340971,0.0010543543769359902,0.015834674270781633,0.0021493052254514715,0.0016748932995067473,0.002474734927891802,9.170860364190482e-4,0.0024620384223989662,0.0014515137359861075,0.003408642002589225,5.562034176382639e-4,0.0025352142502517755,0.001954468777088054,0.0028542941982078775,7.200072601015807e-4,0.001990074420538852,0.0031245351606288174,0.0024788935368503257,7.573544747483995e-4,0.0020508278454052726,9.942681295688621e-4,0.003720763218347549,0.00427839771139299,0.015038463931790917,0.008797314944375922
0.09962934759512174,0.03734232455309126,0.022416434673969098,0.009591144247246332,0.1557797036769967,0.009657609284123342,0.09467292255930454,0.0034206198865117266,0.002933104043090835,0.0038134837274692423,0.003700925918545867,0.002263980656991124,0.005044270274695104,0.029522954373032855,0.02385989137574044,0.15502520786034923,0.0017391206120408137,0.003840538304559772,0.001039594297252545,0.001677236344549647,0.004972422709864756,0.0015801363058324674,0.0016500355049166072,0.008848597992387363,0.008102837251665426,0.01801761793608065,0.1574758897987338,0.0023398327479777206,0.011902093808028591,0.023189009485784777,0.0022317561495030325,0.002451529331898587,0.001330261884439276,0.022771308466938898,0.002060102935725094,0.0015817742084250816,0.0022444665787939534,0.0013096830715725657,0.0031536707663533856,0.0017179766626517108,0.0035221366431983305,9.139905201013581e-4,0.0029166394561126407,0.0019725763103432387,0.002886427910145833,0.0012424908298935323,0.0018306261247266042,0.0029629853087482106,0.0027434080203738334,7.492099077822769e-4,0.002325900513522573,0.0011479237391697756,0.0035203197635257245,0.003516564675842078,0.012226092423051647,0.009621289991206462
0.09481805681523037,0.03613638792170791,0.018810444770380783,0.009963159806166858,0.15527121074251052,0.010163642784571355,0.10117413831192011,0.0035760149964465787,0.003036208951943251,0.004152741696051371,0.0035757150617291844,0.0021614267433471657,0.005786507321311006,0.02589747765231329,0.028072971638387557,0.1485481432236598,0.0016416756935804355,0.0036757193199631064,0.0012072092382043233,0.00171895327798687,0.0047334865178407706,0.00159215743757467,0.0013162983920761418,0.007875273647538726,0.008775238681896714,0.017323093626693202,0.17255817977531962,0.0023338796550989157,0.012347320648792405,0.021040089554710772,0.0022667286916164854,0.002192934795099786,0.0012273029475465852,0.01719287939833986,0.0021249358470104085,0.0014275576041810681,0.0026775448195746534,0.0010183662118221927,0.0026453827667650386,0.0017321978034744556,0.0035262365034172613,8.690094663943054e-4,0.002372852900495147,0.002243473873262695,0.002498300138718601,0.0011604667564451083,0.0019135402088009484,0.0031640253406530552,0.0022852280439979505,7.735030535824584e-4,0.0021704058384183866,0.0010069271515787033,0.0033089093833606484,0.004394517442342401,0.014490473701306707,0.01003347540684127
0.09983050115349096,0.03831461386644306,0.018792362669641578,0.009204766133066606,0.1602207384077642,0.009603458823809332,0.09686929892014341,0.0036648817550037,0.002891032591646585,0.0036501478171191283,0.0033102301647327573,0.0020232492447620296,0.005196518124754219,0.02600866813168862,0.02294003788387694,0.1517591787069998,0.0017200519761330297,0.003596567783083661,9.84495833632291e-4,0.0017935949479421182,0.005438423714412127,0.0014466711545240729,0.001386889205338116,0.008565496021049196,0.007593631826295043,0.02596724233944183,0.16781485763875797,0.0022984405936064918,0.010500366218354469,0.017963112518298203,0.002143305712851991,0.0022054179720000016,0.0014826070537308454,0.017972731539465693,0.002382161899873144,0.0015914633672652564,0.0025578448930239717,7.318253858913081e-4,0.003000297045154579,0.0015823615719929144,0.003513121525037691,7.538379011586669e-4,0.0023641665950146404,0.001959588924717941,0.0026294566840446487,7.065516908722214e-4,0.0022586499227246364,0.0028794408246258494,0.0025162042004480112,7.135880610025178e-4,0.0023610592636639192,9.213961373621114e-4,0.003079136525098629,0.004528656322601727,0.013383385071901066,0.008432217742664385
0.09879915075767458,0.03635646459999632,0.018840675722263302,0.009142978572551187,0.15786449281639395,0.00938895573656696,0.09721658561528108,0.0035567566872786623,0.0030094281318934738,0.003542254231497173,0.0033457051638271867,0.00230403827870134,0.005622928152488865,0.024555791546099656,0.024064980955070085,0.16299621337431688,0.0018675324538072625,0.0041273443091175725,9.769087156553272e-4,0.0017603911944778982,0.004295216754000188,0.0015161468324915712,9.94307594326041e-4,0.008114006770783297,0.008096242965262344,0.023073666660091,0.1579152613741043,0.002189581451024259,0.009699953476355347,0.021084425230596095,0.0021931471115658953,0.0024042581353886255,0.0012926676960745608,0.02028977101224134,0.002278778122820594,0.0016453853537489803,0.0023583417652169015,8.619952670087332e-4,0.0028276523026929323,0.0018519140549477868,0.003930867923377186,7.569571724095013e-4,0.0023794342267088216,0.0019440121936936373,0.0024235038774250523,6.785165018421538e-4,0.00198923786536649,0.0026388388679114516,0.0028837252078546547,6.70048948185334e-4,0.002386808323223469,0.0010701210646967875,0.003613000749873846,0.0046051788731141,0.01486303093832756,0.008844420320290411
0.09485507458565552,0.03671486586708802,0.01775493737964672,0.009522416598035597,0.14376837052463548,0.009567979979126413,0.10133809016184052,0.0033058200416696366,0.002870437874681896,0.004082153824145809,0.0041014104672754985,0.0020345821745941,0.006067429142870298,0.024698287703917125,0.029724144113508794,0.1487943146602039,0.0017935195016257376,0.004236250336772468,0.0010586326507851765,0.0014644890766957357,0.004230920122848935,0.001534004091016821,0.001225823753880538,0.009746472051677101,0.009055981172952412,0.02411898513849668,0.17771801063206955,0.002536141835091851,0.011436296230419349,0.02159194800550414,0.0021090219356441372,0.0025007147961020135,0.0012917744613524093,0.018722386883728407,0.0019914562383214636,0.0015993067945486248,0.00234364661118832,0.0011442707466996606,0.0028421922358675723,0.0016277077982877392,0.0030215135828551825,0.0010047867806676851,0.002622431684060652,0.0019702199283020134,0.002434591337236173,0.0010734422070332865,0.0021422398242697846,0.0030485369416228462,0.0025114731044543854,7.495924426161913e-4,0.002037884718352488,0.0011246789191750994,0.0032736674161344876,0.003456126516349567,0.013854941699688521,0.0085536046967095
0.10638827368244655,0.037319997714478984,0.01856985857927015,0.009736283551025083,0.1606259460864425,0.0097401019544126,0.09600600564383739,0.003099444848174506,0.0027767008190666027,0.0033499951246618483,0.0040113808235938105,0.002428601864593201,0.005917574942047097,0.02384109515754595,0.029623690262610927,0.14752478676216607,0.0016079845381285613,0.004433349045161737,0.001047357876832838,0.0018317288266422624,0.004820651015944508,0.001623556453535177,0.001496924597627127,0.010293309834685354,0.007349149183675932,0.022264619864172858,0.1592773551098072,0.0020789857241174546,0.011084639853977117,0.018198077011838617,0.00244545667331787,0.002585836185634533,0.001326373878783659,0.019886275745915543,0.0023884950460250414,0.0014668377057877465,0.0024992398202809273,0.0010494440692408336,0.002865471517624294,0.0015694407279479184,0.003527297857904883,6.862708432607148e-4,0.0021302606241833306,0.0019969515532241885,0.002787010330796161,9.031388917065704e-4,0.0018905124264568514,0.0026199727904053782,0.002422030051901901,7.816185745650188e-4,0.00211433647924386,0.0011654502084304452,0.0029942949118440176,0.0038143089142717475,0.014420567219573297,0.009295680199153271
0.1035431365902809,0.037616786354267726,0.018666369892714134,0.009506700145699373,0.15374629697245001,0.009724516295261196,0.09140036819648521,0.0035750832787573832,0.002808381874763729,0.003913417533858862,0.003545125114997779,0.0024599277154646704,0.004836446974280365,0.02443909092713235,0.02668633896305331,0.15618082966555905,0.001570203160695746,0.0037233226928160734,9.426024370396039e-4,0.001709743050532978,0.003496913151900842,0.0016597805585097168,0.0012251858215156246,0.009188683734088118,0.007655437954270047,0.025778783786998542,0.16208699837280338,0.0022396161549876783,0.012438653292261652,0.023715780286326624,0.0022057801470131383,0.0024932600531522497,9.125413809600628e-4,0.016673563087794607,0.0023668501336176484,0.0015186886956203576,0.002400449156784075,0.0011076167019146543,0.0029338711504182714,0.0014688863394870233,0.0034396786185218013,7.770196979362833e-4,0.002492492353541312,0.0020385866800701215,0.0021587079393793175,0.0010009567886296307,0.002079883075938035,0.0028368494338669643,0.002370566288490795,7.495259836454865e-4,0.002041096222792435,8.776384173571466e-4,0.0035058557144914235,0.00506859556252404,0.015204237029129668,0.009196282397150658
0.1004031908577294,0.03704475524326442,0.019003646656528813,0.008860077685159128,0.14631050715639035,0.009495299680246748,0.09892585224701993,0.0038315701454253994,0.003346657684536068,0.003294033488848861,0.003223412695936829,0.002427551390243295,0.005512817045331046,0.022742206278597663,0.0270433379493233,0.1551969090949683,0.0015271439095685293,0.0041763202893264515,0.0010117775514856232,0.0015584408846358666,0.005022792610283685,0.001639415213320826,0.0012008082239239187,0.008741757693629119,0.00862533231566953,0.02168203959436087,0.17200037030910034,0.0021768117538212483,0.0109206988950972,0.019121852990878305,0.0023279989753834497,0.0022669595287542962,0.0012862995508453022,0.020292561376152395,0.002346750756157692,0.0014255711948500185,0.002492009511298595,8.799626620584745e-4,0.002898505505014204,0.001597215543091295,0.0038618651520113912,5.301133533912454e-4,0.002516008401435101,0.002172345779678365,0.0025764420689566745,7.894972612813853e-4,0.0020807813566864606,0.002744772894849101,0.0029273967100501173,6.63510394957702e-4,0.0024805143802269906,0.00115202764854103,0.0034400814795988877,0.003630806701109639,0.013941332672778554,0.010611281606190537
0.09561641232897367,0.03764528414997712,0.018084058149703527,0.009188323491037384,0.1628556141384849,0.009773328890756657,0.09732891116377201,0.003642795883699815,0.002988457685757977,0.004086652284672199,0.003333902670895808,0.0023475572932989282,0.0060634295947396815,0.02294232421976886,0.02394861469831582,0.1455941632307301,0.0014759056352743136,0.0034375532503373076,8.178209498256238e-4,0.001754081425741659,0.003797879552521716,0.001640448314112879,0.0013141949583284581,0.008864756417516334,0.008710390862548082,0.025349765138901973,0.17685141216522127,0.0023315847046792917,0.009522125391296087,0.0204988654681605,0.0023301097525214552,0.002124587943543187,0.0010316694692137636,0.015678557986927803,0.0020509881858480836,0.0013918697117373381,0.002424768841024714,0.0010844260798242224,0.0027924948085220054,0.0016768229127643876,0.0038115328114681404,7.872818125476509e-4,0.0025136040396183668,0.002147501896933571,0.0024257915348923345,9.47626531453179e-4,0.001920549147890757,0.0030920326793260067,0.002255088512477322,7.254758360986406e-4,0.002265903990249534,0.001018670907450686,0.00293823616918183,0.004033608120298485,0.01432009740310071,0.010404088806035888
0.10094437886802186,0.03800944859818203,0.015573697351950109,0.009332705561378328,0.15750377535996926,0.009705300063473215,0.09898274452939003,0.0032954386142629243,0.0030470382852192356,0.003337338320018372,0.0037344279880044766,0.0022591417873469638,0.005279238840987472,0.023179519717105464,0.028733197638888004,0.14606476440416005,0.0017289327876332608,0.00415021244810079,9.46841260220733e-4,0.0015630533273119768,0.0040545778773662415,0.0016946723358240666,0.0011314019690426631,0.009554545785748454,0.00931516609057302,0.022447259383890514,0.1680924093491922,0.0019496450775611563,0.009903189561631453,0.020478570627930497,0.0020790843939097027,0.002268708014315218,0.001193119395777354,0.02074703946321282,0.002106636503702341,0.001251121292658984,0.0020848176814661336,0.0012059880949562133,0.0026044423303852424,0.0017814503123359641,0.003545517768993805,7.46932633460548e-4,0.0024442458344022555,0.0019075649062887316,0.002852183155201494,8.91689073516482e-4,0.002135982680993149,0.0027821517438409733,0.0026494396512327617,6.732829329429912e-4,0.0019937523289393906,9.929735364813308e-4,0.0033146133488021288,0.004616290158127282,0.015312378194422806,0.009825960759249
0.10240710411330346,0.03662759957787533,0.017629979390890043,0.009230086040251296,0.154833136617477,0.009838835430175736,0.09369974370306874,0.003143541907084687,0.0027233932339552616,0.003758235242360945,0.003726299516699854,0.002128125290756065,0.005168549773145025,0.02337293521865159,0.02542608208145284,0.1676314328820641,0.00161729174535309,0.004226288711309014,0.0011815982708297537,0.0016016975239350245,0.003577742073165663,0.0014581979799551952,0.0015164506606165167,0.010409262698275025,0.008613809083678394,0.024040235310983617,0.158407432460038,0.002091940940744084,0.01037527531381597,0.019142985068864957,0.002196306809168279,0.0020693057143496953,0.0013527044372292178,0.01752966130277226,0.0021503449806102655,0.0014438721321990704,0.0024366800594996696,0.0013041539362518822,0.003620150380212451,0.0015589270339369013,0.0031191135872136217,6.471704032078254e-4,0.0027017798284311475,0.001931951743434449,0.002987506079315035,0.0012691660584823051,0.002050323017850933,0.002696886681631525,0.002609642676383445,6.686863508301867e-4,0.0019925869725216745,0.0012019764455289675,0.003121210605791406,0.004698516376055061,0.013980099634944988,0.009055988891371568
0.09839303931683593,0.03799640727921776,0.019167849499260585,0.00922641473793491,0.15891280351412745,0.009421564093403076,0.09343365145575017,0.0036036823278425053,0.002907101285194239,0.004075519888004983,0.0035104658019080174,0.002201786971458306,0.005285797711934741,0.023041140781888965,0.024157311528716446,0.16151842315959575,0.00173343873482274,0.004544763723116262,0.0010196308045636393,0.0016467886874873617,0.004139034922115646,0.0015921349306287046,0.001227135044497697,0.007927459510725212,0.00990395710464628,0.020241569888201975,0.16607616739054304,0.0022810785326571725,0.011606935304863345,0.02007737756877197,0.0020496928445075785,0.0024174190713580975,0.0011655736834988452,0.017088007790185527,0.002183693198661966,0.0013646165322894652,0.002501201426741708,0.001306052106199261,0.0026197436695538463,0.001708062677424966,0.0032110858358153755,9.546107324816936e-4,0.0024391495821401233,0.0021167820179865742,0.0028781302424297135,0.001282221032301229,0.0020489148155274817,0.0033793159161625615,0.002215868057745423,8.794577499351303e-4,0.001790361849829905,0.0010586947557017254,0.0033655738403680297,0.004529524019394252,0.013146161341658573,0.009429653709386115
0.10290516475766712,0.03630473446088006,0.016823685774996922,0.009927062543673407,0.14697362484115767,0.00913842571116718,0.09727431419918492,0.0035383685576344725,0.003153828105317974,0.0040294741269659646,0.003487242267828079,0.0020893976310841023,0.005054514794221593,0.024295308723333613,0.02221894899969676,0.1637972176409068,0.0015451099584250963,0.003957998279957837,9.297214621465098e-4,0.0016163273442797608,0.004739486472358437,0.001767672646787534,0.0012586709409747752,0.007622710412416597,0.008974041010060017,0.02094421869418326,0.1656513929639008,0.0021278408978436876,0.010260943891998905,0.022283783442781386,0.0024499549009661266,0.0021125038167996695,0.001340984017020327,0.01884519969971326,0.0020233001070291815,0.0014051127625875864,0.002574132285353703,9.176751998846502e-4,0.0029442343933753787,0.0016305694857716825,0.0035905187314116665,6.966539636234445e-4,0.0024496786300851163,0.00228191185600575,0.002768944548919721,0.0012328119528534189,0.0019470950008467697,0.003127667787092556,0.0027685251751044257,6.965577820952162e-4,0.0019824893403969403,9.43956146559237e-4,0.002884631281486463,0.00450948903157031,0.016234075600310444,0.010950094949305815
0.09595529251560961,0.03820699509717633,0.018690675466105436,0.00923977076111049,0.16495215530254673,0.009874888202838656,0.09921808079133843,0.003583013018495072,0.0032535079184449873,0.0035984285874671156,0.0032885915233891215,0.002110714919530671,0.005514624763238079,0.02549995452699677,0.019808372785332252,0.17101555132077892,0.0019240906500779449,0.004050605553768345,9.300207904481215e-4,0.0017822039893714064,0.004401112945298888,0.0016101418830714578,0.0013934393827304608,0.009024931814521324,0.008465563464507808,0.020401824107026043,0.1484902074761668,0.0023041291203261195,0.010971913141238469,0.023901491483361955,0.001849748099585508,0.002528744847256887,0.0010954108020535941,0.016117888235601913,0.0024287118085949463,0.0016802182405368717,0.002661889654826585,9.022839714662896e-4,0.002826506509746682,0.0016602095026997821,0.0036418845184590506,5.662883949874683e-4,0.0024417439854314375,0.0019097145853954483,0.0024287727607138336,6.537630387267039e-4,0.002040431009310651,0.002709504355194427,0.0026642169047504396,6.973261795632093e-4,0.0022447466081593954,8.897346203645663e-4,0.0028756953908942204,0.004669797116798865,0.01405836128390055,0.008294114272666839
0.09808407369131332,0.035048605341040005,0.0174437143240714,0.009368497741041204,0.153635189301578,0.009379293658605523,0.10395424827364122,0.0033703160744374197,0.0030542449766351874,0.004504279004850304,0.003950522837541202,0.002054678720054119,0.006150585709669699,0.024073984385589827,0.020664611887075475,0.16717988241108453,0.001418039991495032,0.003515134569984454,9.604946705267697e-4,0.0016737638205523572,0.0035095197870505085,0.00170000382204638,0.001370145369888291,0.007796633309589764,0.006952422667538375,0.02059926523090157,0.1633357818193171,0.0022014633854841315,0.010027616826406727,0.02303890749231239,0.002030670053773323,0.002083797161561188,0.0011378729160711216,0.018935634992354435,0.00240798771407402,0.0014673829996801934,0.0025856365014967535,8.803700885573033e-4,0.0026846565603405163,0.0015265382989110084,0.0038661190182191205,7.80946197697909e-4,0.002391899005806581,0.0020708111899499027,0.0031457475572956,0.0012215989011144048,0.0022674858563654075,0.00295340763433674,0.0024988356214511068,9.29254114202064e-4,0.0021241993818991497,0.0011057331773202759,0.0032286216875258445,0.0043415339296797245,0.01221282797585437,0.009104510363139763
0.10191024866240284,0.03612211850448829,0.016778789614335602,0.009143014002785652,0.15580490993806237,0.009126385252653213,0.09340315255179718,0.003799690509365946,0.003091906847051583,0.0037491675315568587,0.003529582501213034,0.002495410257155263,0.005325817605941586,0.024739017036271745,0.027806692757038273,0.1468229277977908,0.0015337193746098679,0.0036957539349970524,8.473130309508455e-4,0.0017078776299451984,0.003994071333126512,0.001654496287079352,0.0014072629402536604,0.009621391041693524,0.0077560859267278215,0.024154287163497587,0.18034417235258457,0.002003946808685427,0.009627431581678008,0.018146998711938808,0.0019649701685082897,0.0020914512806385877,0.0011971522951942646,0.0200172235958973,0.0019719658698445818,0.0014801604743825657,0.00226958487589168,9.382963427359185e-4,0.00271417627759614,0.001521194234289537,0.0032587165188587234,7.157507881821271e-4,0.002452746678874927,0.0018938559454417042,0.0021935099183545163,8.848831285349684e-4,0.0020920959661756993,0.0030315445592163973,0.002429188113983431,6.657073279440862e-4,0.0019715969082643283,0.0011819283073814671,0.002957756792654779,0.004167890956445698,0.013527042895553258,0.010265970291476462
0.09270904153612444,0.036635293810925625,0.018253990507018442,0.009452562041102605,0.15957941055213412,0.009754833346368444,0.09276219549930353,0.0033908705263939478,0.002942412446678057,0.003413664371167864,0.0032486664390001894,0.0021895026998167066,0.0055963154088312555,0.022285434205882505,0.02693400412047339,0.16212938948717057,0.001842247175059414,0.003593260093928619,0.0010608673067405777,0.0015692709230364001,0.004438881785830511,0.0016723625716977436,0.001670546039316861,0.008261725626012921,0.008933773462574514,0.023555092068844347,0.17359626942739143,0.0022620161954911,0.011292131119947587,0.019343963839759636,0.001897484944725268,0.002339009521258502,9.92676584624926e-4,0.014791042662041395,0.002235849918494847,0.0016212550089856582,0.002151672613007841,9.84054424303347e-4,0.002506700524859219,0.0015931912500880719,0.0032933476667391212,8.192995020098381e-4,0.0024676743829638334,0.00219058545532003,0.0029441451427396305,7.267968266824383e-4,0.0021374989529002325,0.0031668872193584743,0.002937142573489007,8.546580113571093e-4,0.0019826290785353385,8.960560246737812e-4,0.003014263125212461,0.003970732769915754,0.014330395767022202,0.00878495541466843
0.10200376582002586,0.034487105400012555,0.017988087105381436,0.009414141451845904,0.1392886362842565,0.009841093523631148,0.09643048804891564,0.003433573098106408,0.0027966365726949266,0.004200532120611253,0.0038713630971496074,0.002371433526378933,0.005841567236912577,0.0244462610464489,0.023472847774500614,0.1875220284232802,0.0015647806431774002,0.003585285514257925,0.0011546625227013033,0.0016139239698497688,0.004112563580561705,0.0013488712242561778,0.0010795451328279465,0.008320778019845184,0.008030366348601525,0.02435888490057461,0.15262011718149285,0.0021989046753537918,0.01135264071403811,0.02174916291175605,0.002258861883116844,0.002195604371860141,0.0013355585357244073,0.017051881701055913,0.002466533684437424,0.001477250818001755,0.0025799377459573398,0.0011257984121823745,0.0030495713717010346,0.0016944186496161758,0.0030378648287054917,8.11633853160172e-4,0.002565353907594712,0.0022520172764546533,0.0022295164123988576,0.0011975937966658859,0.0019965803651952763,0.0027080328040805647,0.0026872621505584916,7.858446111989906e-4,0.002109231239532745,9.93355967571004e-4,0.0029870430924367596,0.003592822037433491,0.01571640191446705,0.008593980699445688
0.10095604070938273,0.038065534011180006,0.018080311620690532,0.008802431537051124,0.156182864656102,0.009814385188132003,0.09435713865183169,0.0034018127867655734,0.0030976550572400876,0.0041930272315570975,0.0037508695555491414,0.002374091642215888,0.005414136527774066,0.027165982472658532,0.026490416738661107,0.1516745789988481,0.0017249035508440827,0.0032405852768718326,0.0010899401902464672,0.0016453098541502852,0.005186829128676081,0.0017028483001168796,0.0011625620890826993,0.009238085955212924,0.008051732373819282,0.02175657960791881,0.15996202816520666,0.0025276828837985507,0.01213309074129717,0.023507189408841667,0.002020413883358861,0.0020169689098810967,0.0010673573450052998,0.022150719009141253,0.0020508418038162036,0.0015499330931050108,0.0026051702634264924,9.688064666243497e-4,0.002706604189999449,0.0018658155803150938,0.003005243031086044,6.976728573608452e-4,0.002499771239959956,0.0021783090632920134,0.002726139904845346,0.0011540787907579906,0.0018745927296530155,0.002553618925811403,0.0025184715670417477,8.644141135040652e-4,0.002166001486105602,0.0010552979331811064,0.003705702018787098,0.004191286754681047,0.015090647356485631,0.00796547677105096
0.102149655714769,0.03747059241117938,0.018437568304901238,0.009253468366900774,0.14859384444933857,0.009228023393039115,0.0939465008352048,0.0031585980750332234,0.002888203048463606,0.003600014595271428,0.003915547595882385,0.002004536339883309,0.005644014346162072,0.024269920800861843,0.024815331562422497,0.1457008260315473,0.0013970915036238577,0.004033265285914691,8.648388981735766e-4,0.0015329454389678625,0.004736021587753661,0.0015816584171368705,0.0015414420253422978,0.008981125902390285,0.0076147780862244165,0.024297222489348094,0.1812501151633596,0.0021476949235595785,0.008539495900701743,0.022542340394559587,0.002280031447470937,0.002306842566600916,0.0013398457574447756,0.018031208880375293,0.0023458308329983427,0.0015052050702594746,0.0024688961447268485,0.0012149393109298033,0.003224538614688695,0.0016715284236816627,0.003485115997182322,7.837055426799826e-4,0.0028999306256188855,0.0021357758942122853,0.00271344468834502,0.001000760597752521,0.001965409672365674,0.002926648808060822,0.0024179242156185036,9.81034935003495e-4,0.002050538455115319,0.0011138726640610574,0.003234375500295728,0.004334037258099748,0.015505879334512583,0.009925996873982714
0.09366863077799116,0.0363220551974689,0.018402102966129024,0.010076314458321405,0.15789688360121437,0.008723168211083336,0.10262717924770196,0.003600623956990546,0.003009003360918258,0.0040692734097789165,0.003592153319444802,0.002468801485736746,0.005612895917160612,0.02447299490842969,0.02552706173244188,0.14791465341321816,0.00169591004290947,0.003550004485961734,0.0010085260224167534,0.0017562516364419947,0.004791646851740792,0.0018106084583891795,0.0010065850063815563,0.007421182184375977,0.007106188454587672,0.020102629768625282,0.17664271621683372,0.002122631027993869,0.009466522617847185,0.02460719495652299,0.002244454373303286,0.0021354914778367222,0.001012646666180348,0.015693107113510296,0.0025873769125602346,0.001661355948505724,0.0022086273422468918,7.702683612453959e-4,0.00286991054770011,0.0015988719467374265,0.0032202565412699944,6.034581878309489e-4,0.0023377410369904133,0.0018988200746040203,0.0026949021489977867,7.874827184670524e-4,0.001853114472808063,0.002968636241510999,0.0031620867008204843,6.945637975980626e-4,0.0018795029117659805,0.0010916248912553942,0.00331681393371374,0.004366450274414573,0.015058533891174595,0.010211507791893537
0.09308275633156625,0.036280174971245534,0.019106209246603004,0.009546630445243308,0.1457486773666891,0.009396065920329384,0.09700289703586344,0.0034278890063449458,0.0028439038991352377,0.003768755764344176,0.004266478916085366,0.002274274077736564,0.004938221208608203,0.02833266522259231,0.019927058014478423,0.1642709899205159,0.00187269309173289,0.004553538928332117,0.0010595048480478671,0.0015651737643752445,0.004733780646938381,0.0013110000948229916,0.0010281432270821402,0.009154005255978067,0.008879806868545092,0.024680309657497308,0.16875995541228944,0.002370213582579593,0.011919858125563614,0.025477970428954277,0.001793029737858143,0.002475499733696626,0.001278289616550309,0.01589006298177022,0.002257207708360239,0.0014268992703276133,0.0024026566652265756,9.755603005733821e-4,0.002568111057599351,0.001983443974664588,0.0033613804024130137,5.591456424460325e-4,0.00245841255897635,0.0021172364887535526,0.0026892301906351343,7.345598165062948e-4,0.001960219706724216,0.0028214429022327277,0.00271684927340891,4.918783867255058e-4,0.002144121912533931,0.0011676461799880603,0.0032643799710125802,0.0047828657808772854,0.014937049895840956,0.009163218564178253
0.10546132751659486,0.03767780701352095,0.018941695607118354,0.008993687067166922,0.1624459356122881,0.010530579778622538,0.08966531386262976,0.003811899864937801,0.0028439339345311225,0.0036259690618592284,0.003355485459265585,0.0019913414729706997,0.005544724768722234,0.024597962267267928,0.027632241746423026,0.16491411008347756,0.0016801974400658102,0.0032441608517085065,9.334556079485675e-4,0.0016833254114709609,0.003996694349269748,0.001554933071138156,0.0011879765747209907,0.009674979508396474,0.008009063634047728,0.02525204828775563,0.15033773041056747,0.0019065462523972176,0.009749002582256609,0.021004593325270292,0.0020801974310913057,0.002422933719312602,0.001171325024298871,0.016195588213143236,0.002198943451651942,0.001497776638414022,0.0021374266842205925,0.0014002579778044741,0.002617485773294797,0.00153182901937735,0.003744701678242218,7.235658946580634e-4,0.002294582612887793,0.0018840924436731908,0.0027255416836527327,0.0010900432483714887,0.0021396863544208586,0.002480948116602057,0.0023775456650874595,0.001110242260818143,0.0019512562135547298,9.650418503434305e-4,0.0031709797733273887,0.004169846558136799,0.014683714087779264,0.008985725201424382
0.10262412021971863,0.03571340408504972,0.017780182476498325,0.009762343432204192,0.15128873602139384,0.009368491772648271,0.09360234637756482,0.0030415543520717057,0.002953407136282702,0.0030767451436856954,0.003560171773053391,0.0023594881914243897,0.005681255430275758,0.025083763052645,0.02542423174003615,0.1704836072740686,0.001746302206408471,0.0038316459134906107,0.0010688411416124083,0.0015374090539542105,0.004663607949232532,0.0016514726935433534,0.0012311161868371664,0.008312372070109805,0.00843037739146673,0.020959045419338202,0.15958358425882227,0.0020383525067698806,0.01098922688259986,0.020827675030969314,0.002230736196861399,0.0021122318300627243,0.0013822301023433995,0.020005356224764508,0.0023418023430945016,0.0014274428965735443,0.002258981580836166,0.001099078778836859,0.0026469856056709493,0.0016719092319073968,0.0035005590762140796,9.143366010714615e-4,0.002608877925548905,0.0022311775052591652,0.002532927620747624,0.0012178800861464025,0.0019192860961885344,0.002394185439070018,0.00246020514865379,7.63107939922782e-4,0.0022569350401693234,9.764358219438044e-4,0.0027792644640949596,0.004260152526120105,0.013841676559820732,0.009491360174300873
0.09132613267297586,0.040112944610878234,0.018071618781070182,0.009213402798914722,0.14953041417516683,0.010225009735399623,0.0978034444168396,0.0033705584237451397,0.0029569250897855106,0.0040960948784657045,0.003564526214332649,0.0023505970298443495,0.006450110455458367,0.02524417740280331,0.021710338921554467,0.16398257149238102,0.0016896549137462755,0.0032860325622078856,0.0010068953989930943,0.0016863320941851979,0.005230505791690065,0.0014463231630977404,0.0011588103883023973,0.007505464241412551,0.008190851270543493,0.021711177549892595,0.17085535238852045,0.002220995333005527,0.01125479744644888,0.023280246244212186,0.0020406003700676346,0.002488205598999695,0.0013346863286890342,0.016962290578405734,0.0020908793473385302,0.0015007128173096039,0.0022339307135353934,0.001401644088357942,0.002438544415631438,0.0015401358552380715,0.0029257522098139824,8.933243209624492e-4,0.002527342034828402,0.0020342996437043874,0.0026785446980769666,8.691223144206594e-4,0.0021784454494735354,0.0029245024059809752,0.002602710757088066,7.6445752971851e-4,0.0021664782128367555,0.0012126480261480243,0.003533511389081191,0.004258308623648843,0.013237097020644384,0.010629519364125801
0.10260730834552556,0.03549296818935853,0.018437155195588015,0.009421207860012827,0.1574884075928905,0.009624666468615402,0.09217182811764385,0.0036940022296995923,0.002997714809867499,0.003723365969570263,0.004222770388663407,0.002214845311994371,0.005210382991572558,0.02270649457073572,0.0294733722505834,0.1468132013536028,0.0016859164350245305,0.0038940604250593124,0.0011237586710005816,0.0017180237935094358,0.0034461484376180056,0.0016542391660186056,0.0011385830974864164,0.008199092917085687,0.007890065703103551,0.022233283115733977,0.18145225247671873,0.0019980949460175357,0.009977927060103734,0.02053944418099025,0.0021986829959842,0.0022112419026231807,0.0012355628948864756,0.015780255214250877,0.002158729018792286,0.0015222619916381878,0.002512753884575251,0.0011778245153603387,0.002705470041874904,0.001620382395850237,0.0033535508055127865,8.168657727944358e-4,0.0023881677652817946,0.0018833193465015413,0.0023330384085083738,0.0010804697831666558,0.002298542997982909,0.0025294453523482113,0.0022119049526498767,9.097462034420876e-4,0.0020905552540358093,9.828636832078515e-4,0.0033196317333015236,0.004824753974966586,0.014598847155032435,0.008004549884036602
0.09766085473632537,0.039817426637666714,0.020481609058381322,0.00987939349611015,0.15679161484028759,0.009858993455793831,0.0940684281184396,0.003679914467510476,0.003170606457842716,0.0037465802969426903,0.0038447342304098954,0.002685499138784417,0.00587590162911828,0.024926019423325233,0.025721373747134447,0.15469193637527892,0.0016491321885648421,0.003978954228613711,0.0010221307787904414,0.0016567504306887527,0.004223836379304238,0.0017497465275762162,0.001300745093653126,0.00889700573683341,0.00806075861758355,0.02160313198786285,0.16412003627044264,0.0022030130589988685,0.012327825310417394,0.020821704050777285,0.0021933979614755165,0.0020263837147267484,9.752129002658801e-4,0.0181703794028633,0.002038111400586874,0.0015067796921162588,0.002438198713154828,0.001037933512324759,0.0029397746992264953,0.0014710721755517794,0.003509066835128685,7.325251531051291e-4,0.0021955049232137303,0.0020594379908813036,0.0026178670005911966,7.74798075013162e-4,0.0018072158602745049,0.002912444750241495,0.002946442820215924,7.565539878036643e-4,0.0023075271827707002,0.0010949294113345987,0.003222855424653038,0.00396607096458337,0.0161767000311275,0.007607158647310538
0.09326310534682714,0.03894361891937364,0.017948574293358985,0.010278938294029623,0.16083724262393256,0.009901809696987701,0.09004285757471199,0.003455997446266858,0.0028810667357522185,0.003365441348306532,0.0035224410803256887,0.0020369900627369496,0.00573918499878532,0.022067829815458045,0.022031843974927988,0.14515493026162848,0.001618920735060586,0.0037574986055452305,0.0011045912207941558,0.0015930538920677576,0.004534375811263984,0.001794648912934056,0.0014669075766785052,0.009182550038178154,0.008591625025506137,0.025200439354411568,0.1822490610037582,0.002125732466033332,0.010546890583903873,0.021560230014088286,0.002264672234441791,0.002195156275562908,0.0012116076798706363,0.017822839205696186,0.0022611284083774172,0.001609852832884791,0.0025976394763564505,0.0010313219825242562,0.0029113993163396106,0.0015397030455185452,0.0034887768192474813,8.484110378630546e-4,0.0022834613377341927,0.0021582513545347483,0.002544842906511193,9.532013088442282e-4,0.0019771647273662276,0.0033756240426446975,0.0023367284266631754,8.768653228934405e-4,0.002105451733932061,0.001060727151460253,0.0032723681615443507,0.004089249449311003,0.01655132725755514,0.009833830790688574
0.0986202440069832,0.038170229724767496,0.018006553721974832,0.008874636339308916,0.14717007524367978,0.009012810121664406,0.10863187115483866,0.003761353265997322,0.0031763836135640005,0.0036059334818914295,0.003865587666711169,0.002144084930899218,0.005914991878665701,0.023603393476605034,0.02769420482328764,0.15506913623200394,0.001612846126368763,0.003950339549779142,0.0010631167539891949,0.0017982904171000846,0.004187479762037346,0.0016467701639015539,0.0018005670138048686,0.009935351720816664,0.007784889736363697,0.022652505947454545,0.16365046288316543,0.002060666139247668,0.010780333065690378,0.021492341160318132,0.0020296535302558685,0.0023951057579365,0.0013939061366821518,0.018650715699163937,0.0023759429380921125,0.0013448898835048601,0.002628095818847802,0.001106063392011547,0.002708583511470449,0.0015952502589094842,0.0035858094694828997,7.161714484989632e-4,0.002836647683747179,0.0019883175516216332,0.0025812348170202127,0.0010372987116313791,0.0020349045968295425,0.002474127390797431,0.0024622320902312916,7.61017941722619e-4,0.002223002386601741,9.216824786511473e-4,0.0035154436735367273,0.003774773180312391,0.013503026604229243,0.0076186529253307435
0.1024218326408426,0.03699661222158656,0.01968633427333639,0.009658418106171603,0.15244796113840753,0.009089952372914928,0.09509634255015179,0.0033577373391247374,0.0029570345196620034,0.0038932855529410513,0.0039391204158442765,0.002369466968549021,0.005295685971278685,0.0274298324433212,0.029040100045213128,0.16461996626776784,0.0017223276525142378,0.0037012584513101674,0.0010381526266652955,0.001579210225562411,0.005438608003924636,0.001628037308859332,0.001311632327147724,0.007656686910849582,0.008584166627635092,0.02479216128460828,0.15259086635930072,0.0020486938649633413,0.011137703338046395,0.020496857670802532,0.0023679659520437954,0.00201842536618068,0.0011396715981311653,0.01678805058245326,0.0018404162770801352,0.0013575091885324475,0.002389098626969735,0.0011203587816363454,0.0024440713057072346,0.0015820268133957152,0.0037654849990210273,7.343707511608301e-4,0.0022600268403968117,0.0018263480893401483,0.002570446150002513,0.0014494285251800145,0.0022004211023819225,0.0028055399865429195,0.0026430934512743118,7.865391061547301e-4,0.0020360322371546138,0.0010000950686319368,0.0036920707616681517,0.003440993197785778,0.01480891594109048,0.008906553820780167
0.0979675631682631,0.03599446812770183,0.018481372564732947,0.01021747063721923,0.1576998116426562,0.01043226636154993,0.09540907054628901,0.0034276589614990506,0.0031087071383081324,0.0034224351756013734,0.004053737156095872,0.0021782798294711523,0.005665511588752351,0.026787670885526825,0.023210074190161262,0.15785803728756678,0.0015909065288459386,0.003599550463229853,0.0011162001400601043,0.0016631071310562577,0.004976825406867258,0.001606201293310657,0.0010869876893956105,0.008555697344749216,0.00758664023319525,0.02044664729533717,0.16584445415519114,0.0021769284446091284,0.011354067589929028,0.020698545349886143,0.002175637100587042,0.0021849435989463677,0.0010553589926032235,0.01746501548585745,0.0023185981972346863,0.0014673182826520665,0.0025094559593932665,8.970588357186483e-4,0.002929976447085864,0.0014492676428835487,0.003734005296882064,6.172062626703541e-4,0.0025969032922813586,0.002155228286957513,0.0028229119083633125,8.180070522828647e-4,0.0020468714238129227,0.0028837374507580025,0.00265093767845465,8.198186371725624e-4,0.0019452899218708238,0.001161049140920129,0.0033411948702451255,0.004618112640319038,0.01570945010695497,0.009409751160034417
0.10633238587397012,0.03624473548762389,0.018782831197171206,0.009498420662559976,0.1445092761000035,0.009783874762395737,0.09356836084261762,0.003502299869203467,0.0031106263359006892,0.00367579768337264,0.0034492505743677964,0.0019666914537548904,0.006053711676442694,0.02537533251298867,0.024839333966889015,0.16628556211861625,0.0015856738888139525,0.0036489936514364435,9.627743395857298e-4,0.0016596225548566042,0.004257954069753926,0.0014969336410513567,9.744392837926537e-4,0.006771549125250742,0.008114011009120601,0.019711408981004368,0.1718860083767928,0.001998079088946791,0.009136448731609332,0.022822970006606394,0.0023528309218550474,0.002197709595395933,0.0012972530480019353,0.01629727305373805,0.0021899219403095265,0.0015131245878169746,0.00266458015134972,7.649986381202565e-4,0.002640123272047515,0.0015051412634663312,0.00336449894103023,6.251219962073581e-4,0.0024952833725446185,0.0023965774513609816,0.0029547264302267856,6.793706898918188e-4,0.0020428372787333515,0.0028035980493647666,0.002847073681003198,6.680896173168046e-4,0.002158266585745958,0.0010595222079322903,0.00311052024800865,0.004623172164820125,0.012847842230662373,0.009895184716549628
0.08971557669317606,0.041068833643186774,0.01909115866853457,0.009982050205127853,0.16550810055565982,0.009823096530647446,0.10234056056995197,0.0034643751206898787,0.002742440305407694,0.0038982277629400607,0.003442420532868326,0.002016368485784849,0.005214610521179244,0.025749907907988482,0.028442143620284292,0.15535939609626084,0.0016825253898065638,0.003844865844660752,9.643532318374722e-4,0.0017086702001614217,0.0037723703374594403,0.0015510870989526183,0.0015783198814598829,0.009715628269960157,0.008780957575104584,0.027048127707739237,0.1480438515635202,0.0021566066399570424,0.01079312492260051,0.022961587487133395,0.002128377781341988,0.0019636478478694446,0.001271143650788701,0.01851360720040375,0.0022982791397499294,0.0015414649235127227,0.0023807010845262734,0.001075663908829792,0.0026026193296486023,0.0018093407369477181,0.0027537274194343736,7.815949339171561e-4,0.0021624584955854745,0.0019416353193054692,0.0023568549365249438,8.163431125047149e-4,0.001949188735383538,0.002829172428403206,0.002637184481176179,8.924215930903721e-4,0.0020420434174513195,0.0010380701733012753,0.0029177666345395533,0.0044921561073150325,0.012580134460869271,0.009763058777537859
0.09923672464252191,0.03837904267741606,0.01715030590702825,0.010689127685976949,0.14573407916450348,0.009720566831945198,0.09355304437114777,0.0038071072566320165,0.003349324627856088,0.0037222570223907924,0.0038603231390162995,0.0021485708261780477,0.004625913513876223,0.024445711783977572,0.027074470214933668,0.13899983961753365,0.0015902287151413012,0.004130710895947359,0.0010853137140834966,0.0014002315541962176,0.005156275865958223,0.0014209468599044994,0.0013169562282372164,0.006742094382104343,0.007852522412530216,0.028112761629738484,0.190779035838607,0.0021560306794278675,0.011965001678897537,0.018577435784354952,0.002063124452847959,0.0023680054945726765,0.0012106491648755434,0.01867698387208905,0.002297865388561294,0.0015574818672550667,0.0021576682514985227,8.86522668467504e-4,0.002449272748041584,0.0016298710854096938,0.0036403269554643116,8.586845840984937e-4,0.0024504381471630887,0.002415071201922952,0.0028719427639460554,0.0010334123866965678,0.0021486880227908423,0.003420663113871415,0.002230252352299971,7.233626725598088e-4,0.0020632689773893292,9.267045996332821e-4,0.003267054160453001,0.004156612276262273,0.014671682808318005,0.009042434461449122
0.09695795116636204,0.03651304486478204,0.017498313496156062,0.01008680450564758,0.13913669956837388,0.009503396266788429,0.09807990729441689,0.00348684712221086,0.003380690881710168,0.004124916609908868,0.004251069746191034,0.002188229576315702,0.005411963031577464,0.025055192560064797,0.024753257686175607,0.15192338608547618,0.0018313115689471663,0.0037730808230978167,0.001024975134389777,0.0016884024029958987,0.00402154836270427,0.0016148155597435615,0.0010197677919778433,0.007950024579622631,0.008653693279318211,0.020436425907069535,0.18700498658920722,0.002149184797400711,0.011508029274362216,0.02290581113274124,0.0021742148851351998,0.002006803123998334,0.0013216811295775532,0.01673629912899236,0.002249530420396401,0.0017046127493880621,0.0024904233459116048,8.935111870101216e-4,0.003116976556231456,0.0018096815277383323,0.003940375276702778,5.947219166155879e-4,0.002418368487201578,0.0023232655089748095,0.0024951505681757523,8.779799584316909e-4,0.0020924082550849636,0.003219921579504966,0.0025990788165880835,6.593396815390641e-4,0.0023493360430403096,0.0010537169145468748,0.0033378370246607654,0.004054189129464089,0.01580082119314485,0.009746027926208732
0.10360302720838005,0.035260805359717665,0.017927933089950974,0.009395913550756179,0.14290470297807945,0.009737445242068484,0.09879991141394205,0.0035415619924924124,0.0027126626455574337,0.004056955600692115,0.003593097348384794,0.002531407498382114,0.005372375449158624,0.023429125959316465,0.026840743711558233,0.17019010720818162,0.0015635364314925408,0.004761668704011764,0.0010966228719462262,0.0018816745165523266,0.004892886358677579,0.0013512656175559052,0.0011684780251890506,0.009489738589037768,0.00840886102306856,0.020608392409850355,0.16687869603081917,0.0021519127819957643,0.010639792116515147,0.020400204827999154,0.0019262548526303362,0.0024221952583132404,9.595073560944487e-4,0.015137644462043147,0.002019666495709577,0.0014751821264431873,0.002899493730725359,8.508033875772414e-4,0.0028567590917809326,0.0016985694344571918,0.003402083184200337,5.319731666460686e-4,0.002231440409024639,0.0021836640539476086,0.0024965381333040197,0.0010414540257111097,0.00211621225143448,0.0030673084609430202,0.002189639537755503,7.191430642244706e-4,0.0019485279624734163,0.001166608011934044,0.003182493168959264,0.0045168348241921485,0.011918346342452946,0.009850150645692366
0.09647118599694049,0.03610301103876081,0.018559130291888947,0.00969353090422004,0.14824643571581553,0.009191293594272834,0.10596099213597497,0.0033742719639349287,0.0032764989136421863,0.003663535188302359,0.0038433350869696175,0.002172050280020417,0.0057584421322687115,0.026220892140007133,0.030414503539522218,0.15672290712901032,0.0016417909726938146,0.0037708304491149906,8.816881837534044e-4,0.001881813224190194,0.004261337132981646,0.001737412027967328,0.001087056431380115,0.007741206920376009,0.007383368650480277,0.026076302217333633,0.16223046116215356,0.002238586154393877,0.010645848204861069,0.020343931757153457,0.002234927964629856,0.0023650532811885913,0.0013239807442520662,0.015476002707571877,0.0023965629071116897,0.0013285907426402596,0.0024379341986711677,0.0010873232085886774,0.002803832163276529,0.0014301440718555954,0.003299428408651765,7.680441953751807e-4,0.002452423274457694,0.0020241111261132074,0.0023257410555665536,0.001204851878250389,0.002201362438320392,0.0028942425429109874,0.002708468694510308,8.763317974382892e-4,0.0020447364823574328,0.0010786023365549826,0.00320949690864608,0.005069960321855914,0.013104246197449538,0.01025995081137007
0.09833365711833338,0.03946009927096758,0.018586469812931196,0.009892138016022609,0.14682247579925142,0.009906427689064889,0.0947745803725931,0.0035296342348867388,0.003037284185060884,0.0042014095244428265,0.003818141972454321,0.002212985528183342,0.00541591574861335,0.02627309204969352,0.029700292211348622,0.14406284830237015,0.0016870645564426776,0.0037189544662644676,8.870456451224973e-4,0.0018087145703807957,0.004780039246904799,0.001765285779534895,0.0010160560197672406,0.008531674547153052,0.008146527484960257,0.022497627787670577,0.17926611122670533,0.002321875498730202,0.01154517751915489,0.020995707327053977,0.00249066853478938,0.0022108880229531128,0.0012682548753271206,0.020192277149893575,0.0020137358807976132,0.0017264589089199549,0.002454943891383914,9.71620282766542e-4,0.003160702694129287,0.001658291293853458,0.0033514834560583896,6.655814304347516e-4,0.0023574417805414328,0.0018613666314774996,0.0023997479240421143,8.331116038997692e-4,0.0020357747458409317,0.002817421693851232,0.0024478894802638486,6.435169964207436e-4,0.0020426716060115506,0.001002825777757297,0.0035035809456382084,0.004326181368455864,0.013918315622581156,0.008649933889847618
0.09702166909226513,0.036677904147372827,0.016817286408392806,0.008596324837662223,0.15433749230377264,0.009645730111750324,0.09410170669187559,0.003550731685477329,0.003029851079963585,0.0036384474280450867,0.0030225249365759647,0.002294028009096578,0.004906194039083847,0.02386569313266812,0.03155844292030054,0.16111141944921695,0.001700821619784733,0.003547767254775693,9.072618253020643e-4,0.0016842738437973894,0.004081160353518039,0.0015399095557312983,0.001577233241778094,0.00895973790061091,0.009061101456333542,0.022914756976695958,0.1704078241005149,0.0020726709723264416,0.009129478347989682,0.021410658020059974,0.002313793710421796,0.0021350636122498007,0.0014359030326848404,0.01602085392051165,0.002095909638915943,0.0014341361974811134,0.002401099759258614,0.0010431689786625441,0.0028630745344218073,0.001679337581500612,0.0030976005959805018,8.050632130665966e-4,0.0021604702891275277,0.0019719607921460836,0.0024604976775178676,0.0012341342137425885,0.0021252171568995363,0.0029436939482628773,0.0021610978316542106,0.0010317746984323064,0.001992151107650435,0.00100591084879468,0.003185401741091369,0.0042685904573631145,0.013259372770927499,0.0097046199484959
0.10337120141366604,0.03510495385539439,0.01750643364268806,0.0098495857754695125,0.1613880010357221,0.0092481860848782,0.09644454399468948,0.003367969250367153,0.002999502378765443,0.0040879652005705045,0.003348527895380638,0.0022313975239225767,0.004976642626227815,0.02913904242561352,0.023818310839616025,0.15999484259231966,0.0013228112249671815,0.0035795917679562837,0.001113999495743027,0.0017522804803033623,0.003960393095303498,0.0013290252789395303,0.0015391630655944028,0.007186255188384556,0.007909899788998264,0.021000794710467115,0.1606737891119474,0.0023344657154735437,0.010965364772767513,0.020853557598760234,0.0022999310832497117,0.00247311009619342,0.0010671861186392479,0.014467005918413765,0.0019978970090126667,0.0015058986510474248,0.002575523509015806,9.922230349846308e-4,0.0027096989857166086,0.0015054654642325113,0.0031226072589393057,5.63132326544869e-4,0.0025087438791512196,0.002177781563638859,0.0027405719250176088,9.147866982324251e-4,0.0019317210252334269,0.0028962099077978628,0.0024457825067187456,8.277131086802459e-4,0.00203355803190486,9.228118919513016e-4,0.003524844534596227,0.004171019306211226,0.01599164375104064,0.009234634582938465
0.10770423297372066,0.03572372151979374,0.01804767922310992,0.009267070718056257,0.14856807927713414,0.008900030468388538,0.09321332389410998,0.003344926373342403,0.0029231976544678057,0.003220249412783387,0.003951235299882069,0.001919126233964418,0.005192779496139397,0.023942964722790963,0.02745430663152795,0.16436048095200495,0.0016350772350298805,0.0036358434112118963,9.31887507071032e-4,0.0016795993088609326,0.00425867690488762,0.0014720785783360886,0.0015247833819418803,0.00885431919793641,0.00821364184237082,0.023715952737376773,0.16194426787453575,0.002109977085784032,0.011487776922536384,0.021135670315300056,0.002168106026783938,0.0024168907103404814,0.0011583340228940042,0.01748458913821498,0.002144978914697722,0.0015748850068959769,0.0030109492110899885,9.794334097374725e-4,0.0026743627933694474,0.001528703953795398,0.0031964098802559826,8.425434402873536e-4,0.0022221265196241866,0.0020964249178426477,0.0030269229941256837,0.0010576152525746591,0.0020289460506664053,0.0028823067897106197,0.002672723854576115,7.193595897143852e-4,0.0019097267775220472,0.0010410769841955993,0.003334953292078635,0.004463354372342461,0.014233364246546669,0.008797954695721082
0.09950863687723577,0.03732999320188624,0.018018848743471785,0.009162658082598203,0.14658106806372243,0.009617479847526415,0.10127372574561937,0.003367893248871245,0.002867133651765285,0.003672113324804171,0.0037556038781284278,0.0021989284515506564,0.005302637123138843,0.025757585989272413,0.021217343985829355,0.16371513646412764,0.0019159039642671065,0.003964699181855966,0.0011074378153509243,0.0017949724438950144,0.004238605970075981,0.001608780221345169,0.0013303018036429873,0.00940339042544086,0.008728876277521204,0.01962392653755014,0.16634720122851213,0.0024130805767494977,0.010348067623300226,0.02171824131622713,0.0022253339965663207,0.002193508987339554,0.001264564395346154,0.020250718687586957,0.0020458810138482306,0.0015953991949786014,0.0025178339963091005,9.982865832036945e-4,0.002517531652615433,0.0017251110874791228,0.0032113410518856142,6.811159931731305e-4,0.002427912385811609,0.002219150982531428,0.0026359828200451666,9.77350204899111e-4,0.001994081659438071,0.0029842942956724698,0.002816450419955091,0.001021482949256233,0.002187154637930924,9.298984178248597e-4,0.003431396588771067,0.0044621164496995245,0.013910021021419463,0.00888580846113043
0.10774092129199991,0.03455250297284643,0.020213334455117467,0.009597512050105696,0.158157342103823,0.010308847541478554,0.0909164778911651,0.003517494971798784,0.002821251127232878,0.004265851066402833,0.0035756093871190373,0.0022211809407193576,0.004873226908310627,0.025892154169759197,0.023490105079753357,0.16089562466791427,0.002032710624414119,0.004245937084870407,0.0010523927845223196,0.0016830655595273093,0.004140631949175217,0.0015629942506671353,0.0012950799589753878,0.007881482613421649,0.008205441371393231,0.02228346379855159,0.1613141844077811,0.0023802600037074674,0.009923667466792378,0.019494297888016827,0.002237113694654324,0.0020558987993866676,0.0012864965227056078,0.017770776895789955,0.0021270220181319895,0.0013836917955968064,0.0025043978410607217,0.0011431625256999045,0.0029724719407686136,0.0014814074262000261,0.003626437886570174,7.79560632292747e-4,0.0027044078345568067,0.002156074828422318,0.002500224209861227,0.001309474498924216,0.002309750137515673,0.0024976327215970066,0.0024120740831699732,8.5747118807728e-4,0.0020847926360241147,9.984574191825833e-4,0.003461945331322699,0.004275188340743786,0.013451505421445306,0.009077516982936702
0.09600047501615679,0.036279750557421914,0.017897754594261434,0.009877819378357416,0.1546140814747002,0.009408771015497301,0.10101426080888738,0.003463847587373145,0.0029273402352039003,0.003428192452893265,0.004431116392888179,0.0022263607102410194,0.00533604855374086,0.02386020007230088,0.026206348692773607,0.14849422863809614,0.0017490683888876969,0.0036941717250717674,9.780681147907378e-4,0.0019298518586759088,0.004494254568830223,0.001614386369639569,0.001488375211593808,0.009839653468851739,0.008578444313237711,0.021272490999593746,0.18048918752048845,0.0023012349183671806,0.01186301229375891,0.019392993629108367,0.0021345426444055546,0.002187007757726032,0.0016291279552378825,0.01549378664356977,0.0020318398921072085,0.0017433852648046832,0.0023772233391278173,0.0010139347219758196,0.002998882282957188,0.0017905261120745178,0.0029677000700076804,6.300863763093161e-4,0.0026595934797333715,0.0019692631316898493,0.0023111384292825343,7.736677581406747e-4,0.0017728540055630018,0.00260048900424196,0.002364999356751493,7.250283330584797e-4,0.00211726481209931,9.637834397856833e-4,0.003217118954720727,0.004404330185385533,0.01353250782142629,0.008438128666128366
0.10006059932705028,0.03796081050776292,0.01902990525866373,0.009706735175780284,0.15981866234559064,0.010004596894075877,0.09465147362815984,0.003595520004437669,0.0027871652471479704,0.0037806236362875434,0.004052826108932361,0.002524585480360645,0.0059651470355302815,0.026942474744443057,0.024738199180650077,0.15644347717878757,0.0013718404308070864,0.003319823897985516,0.0010030899086945957,0.0018030828856092007,0.004012968633172586,0.0015525675573175898,0.001185986035457922,0.007318922501807265,0.008267626429611236,0.020785334784942513,0.16356578684080092,0.002245606041254977,0.010186217521058395,0.022341270440737825,0.002274154679254789,0.002409572386862584,0.0012367071653481996,0.016656043613308663,0.0020762802889426678,0.001735789997863836,0.0026406197824028954,0.0015074736775051547,0.002848002543905759,0.001692488749967242,0.0033217625565270907,7.893535504904122e-4,0.0023662526807621373,0.0019072365566726738,0.002566954075517527,0.0013544570139732812,0.002004924179556153,0.002752210396319246,0.002554777087214153,0.0010643749782148213,0.002035143739267046,0.0010847174309054843,0.003319974090490733,0.004227398914148973,0.013215480284318277,0.009334923917341793
0.10174326614015713,0.037147430353329694,0.01886611252407584,0.009074828937881783,0.1476204672181052,0.008974997844867477,0.08639463000106438,0.003563747221267616,0.0029638503618142254,0.00332595357946634,0.004531548505593864,0.002029803663407914,0.005550022071681644,0.029090010509468373,0.02519492258398321,0.1724042458792372,0.001787782510524087,0.004554138775356855,9.035671976335039e-4,0.0015853585217231584,0.004863527887416076,0.0015779152311603665,0.0013829291046492647,0.008128028656625135,0.008318307121323696,0.02372226573254357,0.16803020059305132,0.002073885590992819,0.011129134224433873,0.017042673250399456,0.002277527808863149,0.002468220910464051,0.0010071258574137524,0.015101730745390436,0.002254160273418371,0.0017423171897870337,0.002737103218414333,0.0010159607053923428,0.0027895975771831324,0.0017585309332340362,0.003140538393440653,6.037215106792507e-4,0.002386000680510354,0.001829486721788133,0.0025870881520393334,8.37275658448917e-4,0.002043294231223136,0.0027565566655613958,0.0025813052461538017,7.543055841497069e-4,0.002083871407442125,0.0011352577337888287,0.003208612064128794,0.004254882611779884,0.015502368357582029,0.0075676079684879275
0.1002428430180864,0.035579263771249064,0.019579908545603753,0.009828275422769848,0.15606713626028723,0.009643610330586482,0.10030431458432702,0.003609998781207573,0.002836870307782044,0.0037011149637481665,0.003611161491370552,0.0022836540882479866,0.005582559596515055,0.025884189630191512,0.024173393519999645,0.15147281120983053,0.0014665097035231518,0.003807446489160562,0.0010025174958888184,0.001553132645680988,0.004999370193708241,0.0017446940047055133,0.0011493391742836865,0.007173147979890122,0.007816046150913471,0.024678214838826196,0.16652362541773078,0.0023196997095714924,0.010964255156170276,0.020487571445978098,0.002413379891114952,0.002628579194996107,0.0012683485661477833,0.016468191390166392,0.002301129324975444,0.0014625348566458052,0.00236685649038195,0.0011472042315591614,0.0025604947948746305,0.0015124387295151523,0.0029723921140330785,9.593667680198235e-4,0.0022109075102100095,0.0018503548214449917,0.003117358326214271,0.001016042884253564,0.0020737960092990122,0.002571035541288543,0.0026270967226576097,8.320159463106072e-4,0.0019617447301427684,9.709036642181958e-4,0.003044532732159187,0.004287626620601411,0.01651140899908467,0.008777583211850567
0.10336382479826935,0.03768678467920742,0.01878455648865546,0.009779619593319005,0.1453783990079057,0.00930960449786041,0.1002630315797773,0.0032448271335561024,0.0029636099940443124,0.003487101982507831,0.003953624619167167,0.0022099782110153836,0.004846994067765307,0.023654008158472052,0.023042729935480736,0.15930862760849973,0.0017812902241756004,0.0038168332603029267,8.978910759189021e-4,0.0017269782401027128,0.004553147295051512,0.0017935962432457063,0.0013050626826378807,0.007700274281121113,0.00849796722159433,0.021597495313378432,0.17133029714874512,0.002126194325831407,0.01047483481881813,0.021183438438860315,0.0020853226912341104,0.002173471852278481,0.001146459386883999,0.016300291433053112,0.0022908955996504042,0.0016303081720253534,0.002064718129431339,0.001147700729548715,0.0028179361546625033,0.0015257090701837563,0.0033283317752687475,9.674527397755825e-4,0.002496807342551489,0.0019655837197019906,0.0026284671877931792,0.0011833274333365447,0.002178405256161242,0.003017974072622195,0.002729494440394398,8.04892719578153e-4,0.002062619060672034,0.00114556438747165,0.0036790159682559723,0.003855979733206991,0.015653473399328315,0.009057174619642488
0.09584802372664963,0.0386139253008887,0.018987305652495807,0.009671783080440253,0.17128888591631158,0.009310982756451739,0.10009186675429982,0.0034398660881910202,0.0029977720431411856,0.004111646016117181,0.00358257562725723,0.002276503472260078,0.006165801199602863,0.024331848189587134,0.022331831639836142,0.16196811699985478,0.0015129646502578566,0.003505010834498768,0.0013877735971292477,0.0014794520451629656,0.004429017581982744,0.001835674843115649,0.001465622331864634,0.010166920580240421,0.008150784005902837,0.02149677280783171,0.14887714250793752,0.0020846511097867976,0.010176077679542027,0.02111884604474303,0.002195639098941778,0.0024065167922057147,0.0012960610520152051,0.015541548985932392,0.0022049610429953803,0.001390496962289317,0.0022456145693018604,9.670468665053475e-4,0.0025551009298812183,0.001536127492640218,0.003363514986328992,8.653767709768281e-4,0.00213390176262499,0.0020561521143302596,0.0030062649909878463,9.642251145070081e-4,0.0017132591457539401,0.0024546394143840876,0.0022934487324286134,8.063056397927993e-4,0.0022357751744917025,8.96246597482021e-4,0.002854508529400542,0.0048326739462512735,0.014603594985217795,0.009875553218951463
0.09643960923385524,0.035298960404982926,0.01870832209129608,0.009670107165516553,0.15797978021496825,0.009031732210744168,0.09943488694744292,0.003860087417262595,0.002933000315612873,0.003716163946210992,0.003951443271505796,0.0023383376661870294,0.0050590571941082655,0.02628033017739138,0.029748434788821138,0.13842314928300758,0.0012479312321049111,0.002964357245481841,0.0010481982178519623,0.0018678005168194223,0.004567703304138445,0.0016369767873976194,0.0010497036305359175,0.008663131272758324,0.008153718336460248,0.021645135078791712,0.17731414144106095,0.002509922917771791,0.012165528994555254,0.02036823904114758,0.002235700753295205,0.002024463455788784,0.0012137044903600062,0.01860908109704133,0.0023247745409064207,0.0015201451449743679,0.0026123354234753727,0.0011194581606247163,0.0027093444048629733,0.001635872103817843,0.0031129458467191303,8.800952967267479e-4,0.0028067588763345344,0.002116795046403598,0.0023865694341499624,0.0010711851547033503,0.001960553882462627,0.0033521842595005034,0.0018308301443448654,7.833897744231812e-4,0.0021732687890834547,0.0013099273679260189,0.0033605177285298275,0.00411719029453323,0.01562831116471956,0.009028707018502736
0.10183344991202786,0.03839034290236136,0.019031366088630458,0.009759893304976001,0.16067997054419889,0.00979212159838792,0.09115546415714967,0.003749626913571297,0.0028853871978406303,0.003465190514908766,0.004095746455746066,0.002121578259148335,0.0055883267117113125,0.022873064066936757,0.023857453783092966,0.15894520375964125,0.0016874440063185802,0.003116306298370608,0.0010796004311867066,0.0016123808073523571,0.004232018557913995,0.00130669770850373,0.001935051861838236,0.008891396775577744,0.00826741553887231,0.019623226446839635,0.1641904314632418,0.0022272261787129673,0.011520470073556808,0.023975674780895573,0.0018840097254037456,0.002115456007719434,0.0013752417583582572,0.015370933345230889,0.002300239983721301,0.0016674706515405204,0.0028552152956530215,0.0011652113878645514,0.0027673300479824792,0.0016009978813212,0.003814070698173104,7.238205291823766e-4,0.0025779530984429994,0.0018988895282719671,0.002645594866790914,8.89588697372846e-4,0.0020876440890418508,0.003010703775987821,0.002315826065634127,9.329889723197427e-4,0.0018768451035183565,0.0010543122729919255,0.0035688168521197496,0.004256466771764698,0.014568459253576251,0.0087863862405052
0.10466851216239396,0.035458343773933226,0.017748086488372124,0.009917126673456277,0.14826908430502894,0.010042822493646885,0.09942553607353484,0.0032294343011751298,0.0031349002543758805,0.00411165534891166,0.003632947243104509,0.0021647539693568545,0.006071440698002257,0.023047273915936514,0.02618584977070306,0.16831324446120743,0.0016108072047156384,0.0037897284362122014,0.001069310730454437,0.0017962511851130224,0.004874683150361821,0.001654624966433057,0.0011614214985162228,0.008814153330988209,0.00819831366122976,0.023170120268827366,0.15510072654039497,0.0020187962415063173,0.010310487899658976,0.021630144074106572,0.0022199186495318775,0.002229321061068059,0.0012720246223845279,0.01587944163789245,0.0023982702252908906,0.0015089832601982353,0.0024874376245210433,0.001083433487784464,0.002707184409952229,0.001641003964271504,0.00357274074418313,7.778170336586529e-4,0.0020944132275232262,0.0019517909673589574,0.0028592829730057813,6.404371148399911e-4,0.001991267731724548,0.002606065506803121,0.0027084433463268253,7.658134230466345e-4,0.0020094155706483667,9.282351945131281e-4,0.0030893877391228596,0.0046522520028893346,0.014844574859690306,0.010460462500111714
0.09765485977112663,0.03859126399915742,0.018362667853196957,0.010245577943899553,0.14879082694038176,0.009880013041826362,0.09719197748428474,0.0035030112092307884,0.0031910840220836395,0.004099075571563164,0.0043894639645464225,0.00219574391682109,0.0056040286404826275,0.023460733094163612,0.0225600396357432,0.1526102044876101,0.0013764919159883387,0.004182444667003847,9.928771057339965e-4,0.0015920330307962669,0.00423598809217999,0.001619857705125726,0.0011973169119733908,0.008768847809543666,0.008656878649603055,0.025317347598425164,0.17778647519090912,0.0022343079183084393,0.011068525063187966,0.019275704425417168,0.0024181916828149848,0.002362792576958,0.0011356668144252408,0.01565691152920876,0.002244411396183692,0.001521750928661335,0.002480982164842822,0.0012260821920713535,0.002194100799007644,0.0016346358575059592,0.0036447555999197323,9.195303209784298e-4,0.0024699761654254837,0.001907170830724698,0.0027952704517812087,0.001315344134054384,0.0021882779692936334,0.0025953356920470545,0.0022928831632632583,9.785467374726598e-4,0.0020415600072024743,0.0010757056809904198,0.003753092915754391,0.004392067734306885,0.01509168256336138,0.00902760643142996
0.10055480039026814,0.038242011950117824,0.018315848230175437,0.009371366254909494,0.15870339058352823,0.009302401666760734,0.09520917525996381,0.003340625496087326,0.0027837319869031918,0.0037340755043712187,0.004018559054217985,0.0022157195130201248,0.006167573270179468,0.026753025587533452,0.021616203541458958,0.16758662227455365,0.0018749245940909982,0.003508814166321107,0.0011628560841880394,0.0017046703656590995,0.004441689238596786,0.0015434469282160782,0.0010592328956050316,0.00815242391546372,0.007686251835740242,0.024105223101630786,0.15258701856461487,0.0024326298925406676,0.008480788712837788,0.022217788759038508,0.002002690410038556,0.002188921096800294,0.0010801635652996535,0.01759081172030696,0.0022789009637062883,0.0015306772146217807,0.0023716870908110444,8.740440679590151e-4,0.002858727639740384,0.0015332390175334658,0.003572153476461956,8.612776245750203e-4,0.002424750788061988,0.00215626848130636,0.002577553152665219,9.427963710744624e-4,0.0022418698206395386,0.003112554390189665,0.002603421474394872,8.264737704225462e-4,0.002093546086473373,0.0010291309161326002,0.0033512656349347055,0.0038881158432139185,0.015762246110543162,0.009373823653500505
0.10421821866841431,0.03663047288407122,0.020155737789953613,0.009278734056256528,0.15975060816052383,0.009998601952238315,0.09329676212910225,0.0033802520465180917,0.002867765859100585,0.003940129897877158,0.003635325838178889,0.0023464921595373733,0.00577971167092944,0.02630708999207363,0.023991766283441206,0.15949116978008673,0.0012840157271139846,0.003680156039618867,9.16665766612e-4,0.0015904971362779505,0.0041095120543249855,0.0017590252025425912,0.0010947349180262355,0.009362237805223158,0.009170779368588967,0.022073662391429133,0.15711468060581368,0.0022659888612909587,0.010738637826942597,0.019428260542809838,0.0019478277072967716,0.002003694977226272,0.00116737630079895,0.020117385381499545,0.001834499611194135,0.001311149347568135,0.0025927589888636096,0.001212152536402987,0.002998417097902266,0.0015141474153657452,0.0035120191257026977,6.903612304738773e-4,0.002180866691492698,0.001993464673482888,0.0026030174348796054,0.0012148177640273167,0.0021854254687973264,0.0029246634448041415,0.0026385340900578636,9.485530085219704e-4,0.0020828039773152403,8.985923171029177e-4,0.003261722324446557,0.004688646887715715,0.013000546388277351,0.008818862393865297
0.10906622604938263,0.03905320232847957,0.017938542965083206,0.009370989440780698,0.1443048978501302,0.009622570566313892,0.09479457993211307,0.0035824253000464874,0.0028299963886448663,0.0036567536640730773,0.00413177600010362,0.0020146233770381057,0.006018799746370514,0.023863036334280975,0.02478843780260533,0.15874716764779043,0.0016278606689378893,0.0038574193065894027,0.0010733308353483967,0.0019854032086499456,0.0044796966180191845,0.0019069065802086085,0.0012361141926494135,0.009070923907846801,0.007717995727986997,0.022507574621258793,0.16677893080170272,0.002308024434413877,0.010384200637172625,0.018822835755995086,0.0019571829592971413,0.0023216692172935184,0.0011014278780540733,0.021929283232506307,0.0021756336995910645,0.001448771482445493,0.002524825097973473,9.069408812749414e-4,0.0025481767513606565,0.0016443040100615849,0.003460841342680392,5.62471836637924e-4,0.0025119092449795485,0.002011617974556814,0.002955873745227586,7.186155947018246e-4,0.0021336369015393904,0.0030489967790430865,0.0025676199879024093,5.758293052237005e-4,0.0022415195506234635,9.867893500514178e-4,0.0033972107206050248,0.0033505937445785163,0.014158054754524663,0.009218961267249554
0.10613175180897369,0.034729678967966054,0.01759047275573431,0.009350391156451712,0.16088416479257822,0.009934329398391445,0.09433212835507426,0.0031023427991190874,0.0030495073729978743,0.003662598410637946,0.003053155859509938,0.0023509125591911566,0.005580374652161781,0.024935690761213103,0.024269843988434625,0.15897032053568166,0.0017671712009048872,0.004072618360446559,9.18723991343454e-4,0.0016973200397471396,0.004100968916030235,0.0017004966913553938,0.0013560372149563193,0.010268561571401132,0.009235074096187667,0.021147461425610758,0.15941792237958863,0.0022513455329664683,0.013017480375099954,0.018348376794804014,0.001918528334280697,0.00210919770474626,0.0010769767373015396,0.01813066658229348,0.002497961604693045,0.00146162585233369,0.0025932019430076852,0.001059959861663047,0.002698620053015938,0.0016633864845041434,0.00334190507157148,7.940774689151132e-4,0.002317369254038825,0.0018660444079550455,0.0026301209490234437,0.0011301304117382097,0.0020713505690111494,0.0028416880130534626,0.0026903242539676837,7.168846272020022e-4,0.002135874484199246,9.187463649921024e-4,0.0030760772387823532,0.004552670315287238,0.0137819185620782,0.00869747008578545
0.09099665907434128,0.03855247322472394,0.018838826199820198,0.009351534037769494,0.14714499735745043,0.00996750470635408,0.09933306922899014,0.0033518851382963173,0.003047563559344567,0.004286176187315907,0.004265340298700888,0.0021733371960195326,0.005355811519596367,0.027541385203271974,0.029080942726007704,0.16155395726750307,0.0019284270508811712,0.0037287252079860247,9.584714077199561e-4,0.00165135256947815,0.0041622913654256796,0.0015248525882633074,0.0012586633452523375,0.008519144996587043,0.007862109432983464,0.022319941377985396,0.1633874599104693,0.002337744807616094,0.011225087008914456,0.023943853683595313,0.002364337761482612,0.0021999780608871816,0.0010238046762461117,0.017685325100533066,0.0021073076861999247,0.0015093218593295239,0.002544862195159904,8.98222738486372e-4,0.0028948641058827076,0.0014389326357043494,0.0031264624650160057,8.365502209053911e-4,0.0021644029413326127,0.0021445788740211483,0.002638242336975541,0.0010566480367498483,0.0021226843397635173,0.002838128945281195,0.0029339057917321274,7.363752138152526e-4,0.0020516925121624747,0.0011374010145797232,0.0036568271256365702,0.004504623410910632,0.013818712772001533,0.009916219500541194
0.09856105116648439,0.03630413100869253,0.018760947042609305,0.00964986419346151,0.15623561793506685,0.009500231321874518,0.10083173887861695,0.003562366050032395,0.002956671368049856,0.0038266743386041525,0.0034181456839368633,0.0021662556793110017,0.0053314799062139755,0.024523985602658588,0.026953268563918976,0.16111827026289263,0.001459567836299168,0.003901082570875165,0.0010610454536913712,0.0016574002283272057,0.003734804115890567,0.0015795192902584075,0.0014936241946313517,0.007845426146204993,0.007552521524698396,0.016252317222265073,0.1627692683766709,0.0020774610673246784,0.010300757863168452,0.022980821288672085,0.0022156574024877643,0.0022146768413992125,0.0014631176166016394,0.019780946556327818,0.002240476827668564,0.001671489841365644,0.002594587775391564,9.605190459787068e-4,0.002955550783377495,0.0015927418489767903,0.003695016732908015,9.082916317182191e-4,0.00287703723213429,0.0020297751436487645,0.002476137427342429,7.848172918372274e-4,0.0024459555065439362,0.0031472727569490802,0.0025603340580233227,9.032687513331255e-4,0.0021605431302052004,0.0010724722771886575,0.0033022403965556127,0.00366279176679688,0.0116881288063057,0.010229836369531967
0.09821951891188208,0.037810150206681784,0.01953199593230783,0.009534558930334192,0.15698502485246882,0.009453109903602123,0.0970204035280512,0.0031368554919794984,0.003034674831478703,0.0038788484975735807,0.0036276053538092257,0.0025339322015250536,0.0055462885807521884,0.022858151599886405,0.026185235518830813,0.16437358976637806,0.0016093414904798345,0.0040129053311481495,0.0010792894858103435,0.001882201768384714,0.004428519043714667,0.0015670814234195504,0.0011383724267461054,0.007156685711458146,0.007908198073710012,0.025314455593569377,0.15680732348265486,0.0019960980952396256,0.01096398466851193,0.018207507008085762,0.002117020960839941,0.0021085204623176013,0.0010374025502704043,0.018468775106982332,0.0021278932029126126,0.0014059602591050002,0.002549076991912501,0.0010417465042236761,0.0031044471359586573,0.0018252951640040781,0.003292155303388437,6.946457141493212e-4,0.0024230789676153905,0.0017783112576518,0.0026424148765891472,0.0010138614759241556,0.0019695142775456253,0.002329334233774992,0.002667077304612328,6.856748820301325e-4,0.00226384471872136,9.861446141947719e-4,0.0032014065856339883,0.0047359106604650675,0.015225354474807487,0.01050322460389468
0.10033939559902277,0.037852236689161343,0.016811657966040523,0.009876626017857664,0.15118450493905272,0.009525660468981447,0.09477823646230744,0.0035686802582818077,0.0030936974665414386,0.003953439249032082,0.003654837085252508,0.002088996312503427,0.005151167784870764,0.029346581258124883,0.02683912922804172,0.15601365762839334,0.0017802092345379288,0.004316647775812397,0.0010078615573255673,0.001558740226897898,0.0038448828178010634,0.0016749411957322584,0.0012468406193547083,0.008977592393185949,0.008214870838571836,0.02216543540502438,0.16759725709954856,0.0022956172485222408,0.010469965591422652,0.025159577758863856,0.002223509599010075,0.0021133343294929023,8.868008110454463e-4,0.015405288872358678,0.0021098402258043106,0.0015556685046861978,0.002374220455187136,7.844440267455782e-4,0.0029502578075609924,0.0016050920589926014,0.0035066095687541006,6.122752001414578e-4,0.002224057265061347,0.002085801205957508,0.0028244922854814133,8.559591043976158e-4,0.0020408573320678564,0.0024906195903601795,0.0028714639345202636,8.306431965393248e-4,0.002263532588902988,0.001011624696338041,0.0032530846950791724,0.004629142185302584,0.012390716827984273,0.009711719456160766
0.09911686134127239,0.036512526854900994,0.01744795276155734,0.00998707216664351,0.15018754440470675,0.009191731268144954,0.09506681776501964,0.0035896577598923665,0.003184052765554071,0.0033426865229704778,0.0036644856581827348,0.0022202040140075962,0.004991330907102298,0.02582933834766205,0.025684639629777125,0.16373746097601383,0.0015259852347846092,0.003671527652160765,0.0012641665982667536,0.001585060197713591,0.005293773334611052,0.0017887061433154922,0.0012622366526056313,0.00796573708887026,0.00830514073304481,0.024339603835029925,0.16464137434221382,0.0021789883152891223,0.009601234291879241,0.021273282693150486,0.0022305031636500132,0.002133506370676479,0.0013271264399613782,0.01758231727470122,0.0023457042827179234,0.0014901164233311534,0.002565554131845328,0.0011392107500063206,0.0024963643381009162,0.001719453571575874,0.0030686763262001188,7.772377202675012e-4,0.0024029437299872398,0.0023019749581294547,0.002927450065301483,9.825862617025818e-4,0.0019587380650814908,0.003116461587553517,0.002518739022668544,7.802349147251718e-4,0.0021811034047503545,8.763540755303101e-4,0.0031306226033892795,0.004836575109431667,0.013773607785709586,0.010885657366661541
0.09440081680338258,0.03683619643629551,0.01840116568628729,0.00944139219574549,0.14768000536118928,0.009468443808787107,0.09778961894442448,0.0035153740638054314,0.00301675293707545,0.004221201327614461,0.0034867156988195275,0.0022503434592435934,0.0060017201637129584,0.02615089241081411,0.02601490825324414,0.14881649468024974,0.001731869663096892,0.0038848842519813844,0.0010818366175689928,0.0016906750385663135,0.0040499990329529246,0.0014928944534936077,0.0013289994458931726,0.008543708361565604,0.008381014062537967,0.026996247864971238,0.17783025488666354,0.001971429305062208,0.010867948630020796,0.02396752089837053,0.002031733634411316,0.0021390960020598176,0.0012223320243591339,0.016765790706002377,0.0020107899014287496,0.0017236141324054803,0.0023808363668117384,0.0010720194432964625,0.0027720327302750516,0.0015523874497123267,0.0031471687607678494,8.158650700749085e-4,0.002323212815288558,0.0018903030589398381,0.0023305438572728183,0.001041799155039484,0.0021933125044681797,0.0028479064839503966,0.0024919066659010503,8.293109460838779e-4,0.002108339032331162,9.655609041590408e-4,0.002803706052657293,0.004281818702439407,0.015064939112524954,0.009882349743902416
