i2_health,age,household_size,cantril_ladder,r1_1,r1_2,week_number,hl_covid_num,vl_num,region_Islands,region_North east,region_North west,region_South,gender_Male,i9_health_Not sure,i9_health_Yes,employment_status_Full time student,employment_status_Not working,employment_status_Other,employment_status_Part time employment,employment_status_Retired,employment_status_Unemployed,i11_health_Not sure,i11_health_Somewhat unwilling,i11_health_Somewhat willing,i11_health_Very unwilling,i11_health_Very willing,WCRex1_Somewhat badly,WCRex1_Somewhat well,WCRex1_Very badly,WCRex1_Very well,WCRex2_A lot of confidence,WCRex2_Don't know,WCRex2_No confidence at all,WCRex2_Not very much confidence,PHQ4_1_Nearly every day,PHQ4_1_Not at all,PHQ4_1_Prefer not to say,PHQ4_1_Several days,PHQ4_2_Nearly every day,PHQ4_2_Not at all,PHQ4_2_Prefer not to say,PHQ4_2_Several days,PHQ4_3_Nearly every day,PHQ4_3_Not at all,PHQ4_3_Prefer not to say,PHQ4_3_Several days,PHQ4_4_Nearly every day,PHQ4_4_Not at all,PHQ4_4_Prefer not to say,PHQ4_4_Several days,d1_comorbidities_Prefer_not_to_say,d1_comorbidities_Yes,vaccination_status_1,vaccination_status_2,vaccination_status_3
0.10001678811037476,0.03902070622340904,0.018815145007930738,0.009444785970202083,0.16881238928480427,0.009303548477097467,0.09835201959709883,0.002881548565721224,0.0032337146687117877,0.003430149743989113,0.00307962816896354,0.001987301063723008,0.005117648700701384,0.023346011687948857,0.023265466973065748,0.16284882717608046,0.0016781984096646903,0.0031539292064881614,0.0010181285238899413,0.001629591455194866,0.004932283119110345,0.0014892146266192044,0.0014462720874711778,0.008897488549673328,0.008463642881147716,0.019008957823293475,0.15160842169731048,0.0022879663428279034,0.00896005659816111,0.021251002712912435,0.0019196931369734591,0.0019952183017891453,0.0012395038024380423,0.019926115786340858,0.0021912284200587807,0.0014228656161105033,0.0023258307363628237,9.082679909624134e-4,0.002874015112761116,0.0016478620149970307,0.0032712904918019738,8.407277740051038e-4,0.0024484798050179815,0.0020835321126738433,0.002532915243035198,0.0012467305269710585,0.0019632533775541788,0.002932401505597994,0.00227649313227172,8.516096934285328e-4,0.0020303408100604023,0.0012281891342838375,0.0032967524949692696,0.0037674654589404263,0.015308455144690217,0.008689928922316893
0.1030671688529665,0.038087770673369076,0.018958811564032303,0.009821086839711267,0.14102879880900848,0.009378665362688604,0.10025214969779483,0.003435138645393375,0.003472178996061637,0.003740712038474251,0.003458399164086344,0.002003892085734874,0.005801234098908141,0.02707576964692762,0.02347082823439584,0.17118757309860505,0.0016900951355662945,0.004521829340311981,9.71582916654585e-4,0.001846946931140227,0.005218843173172674,0.0017774609534448016,0.0012391603739278535,0.006537200797784209,0.007235189548435846,0.01938141864863033,0.1628710391435619,0.0022314806893798758,0.012042505026080905,0.021277552418945266,0.0021440595437413295,0.0023531700622704123,0.0010952252571646962,0.01616121516628585,0.002483001580402071,0.0015898721896203333,0.002612307384821146,9.464551962207494e-4,0.0028390596170918643,0.0015673012990449252,0.002932040667472813,7.189704736194244e-4,0.00242740882305226,0.001941084516534525,0.002770812482650716,7.476797218846251e-4,0.0020521023774518715,0.0028207586276646148,0.0027049475623726793,8.953955264600625e-4,0.0020134840597552345,0.0010572238958959045,0.0031478282646776956,0.0049339919555691425,0.012949628445239244,0.009012492397840782
0.09394643179439535,0.0345709644728591,0.018090764735660982,0.009127437689733463,0.16400239723654342,0.010004151573847818,0.09884942530252963,0.0030558693391319045,0.0033075423217541955,0.00390740580315747,0.004559015346708013,0.0019623307913032477,0.004904019987406907,0.024370295211279994,0.025497040380419413,0.15708298931146794,0.001556367362496743,0.00445162938446687,9.20680744352551e-4,0.001549592112266186,0.004095630821167626,0.001459802814705784,0.0012061097871729613,0.007867167627056776,0.008069866411827673,0.022330137165341324,0.16721348971179345,0.0022936239487746633,0.00986523901300409,0.02100490477638135,0.002214942543805861,0.0021291453247132435,0.001227423420774838,0.015114546031117962,0.0020769167233518197,0.001369045469456415,0.0025159344088849854,0.0012638477181656732,0.0027032748016793213,0.0016188734207233833,0.003596954711674645,9.368540890563388e-4,0.0021183076289084386,0.002053792399922322,0.002745417015538382,0.0012355169990047636,0.0020482033326725303,0.002766378457618134,0.0030306402316291337,6.626718811419177e-4,0.0022391212959351333,0.001076554067670105,0.0033287826844883074,0.004642004968403775,0.01402660928746815,0.010135918107187574
0.10265221723066849,0.03995227717555271,0.01630926145020922,0.008983937390555698,0.1590039866493252,0.010129872277770952,0.09204270528582367,0.0033432300474089973,0.0033981492297639575,0.0039036807936561856,0.0038773417585639394,0.002272187378815453,0.004627975777815814,0.024468865687878427,0.022678008374183888,0.14054350052611272,0.0016938697558237976,0.004604912556494179,0.0010633274775711337,0.0015239932837010682,0.004035992022886119,0.0016245376286663782,9.656180973460409e-4,0.007492945357745179,0.006650524285761537,0.019534951737897936,0.17921674530918824,0.0021718334077933587,0.011878864346463831,0.02292423740415756,0.0021836422146197343,0.002375971031173156,0.001312050937677163,0.018481974736060926,0.0023262922093225656,0.0015626697656497452,0.0023434761110845428,0.001327552087036278,0.0027695885370845274,0.0017251140012216955,0.003378626707431685,7.629695409959356e-4,0.0025462709634827443,0.0019454989075366358,0.0024810910389562193,0.0012367099000933095,0.0022534845711861136,0.0028888904501863906,0.0032408207993879588,8.538066224612692e-4,0.002378687876488236,0.001198273102784726,0.0036302058923540605,0.0049484968880687255,0.01622908701191871,0.01004919839013536
0.10383139171665622,0.036160437085893025,0.016954612073367053,0.00936525204807762,0.1486965673549217,0.009926277343200517,0.09338827107590808,0.00331886082206999,0.003260643690133216,0.003632659427301967,0.003661585199454447,0.0021693016771565147,0.005839418340871562,0.02665440652193036,0.02642473964731681,0.1525734148985117,0.001487033455384476,0.003870593494095792,9.389277992545831e-4,0.0016558626559655108,0.004515415421482835,0.0017522956491666443,0.0012058507969370383,0.007921105798254361,0.0083505675507726,0.019181724059992064,0.18027291009368523,0.00239821485417116,0.012982422134300885,0.019790336719864025,0.0020894298849479195,0.002276017198805079,0.0013210504249464108,0.01627324725473811,0.0021416961974822435,0.0015863659471766767,0.002460558391070143,9.392414980682818e-4,0.002741117830322969,0.0015428586209620585,0.002985005644750893,7.234846692250668e-4,0.0025814806481215943,0.0022029768037740978,0.0027973708505587475,9.143641382399444e-4,0.001992048960847846,0.0033227473262631493,0.0024777907330260636,8.303454358006108e-4,0.00211436621646978,9.455939461870074e-4,0.003498298731568338,0.004504769622243664,0.012980926431184979,0.009575747187120287
0.1079388836327392,0.0350475586219097,0.01777434346170555,0.009146914372518642,0.16569606054413547,0.00890758798170387,0.09044436966514817,0.0031457913735216934,0.0032085153638804595,0.0038559386717157656,0.0034597615040600853,0.0022098389440885413,0.004989508249741395,0.023000921711927278,0.022696188544409537,0.14128408166697912,0.0014925607658812679,0.0037763956846815637,8.078159005660173e-4,0.0016847961548036063,0.00492955499420822,0.0015581125686312466,0.00144922957677367,0.0077053030442547354,0.008825456856736823,0.02314373398190009,0.1806468896944003,0.002128525478789627,0.010632565038502175,0.02226315707389359,0.002051743789646313,0.0021108938768656287,0.0014452253545587893,0.014911857470571036,0.002292906441320534,0.0016128187556487255,0.002866912128797786,0.001434388986238159,0.0027728369734007097,0.0015408931685241942,0.0029261277331190765,9.642043552906308e-4,0.0027426377598053103,0.0018975148141420065,0.002514877906809278,0.001079159795888116,0.0021217313183606555,0.0025356829763316107,0.0022950528571678164,0.0010167282147168926,0.0020318876986116833,0.0010662620050229845,0.0030619360289713036,0.0041991212817882855,0.014594981651569553,0.008061255532625456
0.10310592303650282,0.03497317625579729,0.018844553931521194,0.009723509671887745,0.14701109038130056,0.009390856973482678,0.09082864861635954,0.002956158094782962,0.003104965262161778,0.003940756167671632,0.0031432168261111273,0.001967285357985473,0.0058667221994161125,0.025325379369146254,0.023494442433842973,0.1563712139527132,0.0014451281869446225,0.003397887419923054,0.0011440984080708534,0.001617506110741641,0.0043871956195029975,0.0015541101564450898,0.0014215226726394087,0.009732670869704684,0.007860551544230104,0.023607773016405025,0.17546984856128361,0.0020294704116357253,0.009472147605077284,0.027421002256161925,0.001981157052432072,0.002153202705135021,0.001124039574167195,0.016303306536738307,0.0022816226934425673,0.0014297870218987227,0.0023620218817504814,0.0010855483412524184,0.0027411458631208573,0.0014957675618260651,0.003860133659301672,7.281422885784693e-4,0.002403403335748069,0.0019160869533476786,0.0024051523042069554,0.0010383542437774013,0.001954291528347431,0.0029979916796409913,0.0024875071786241024,0.001082884958098238,0.001982918886026743,0.0010794742786439549,0.0031308385619195044,0.004370269399639482,0.015564303394364171,0.009431836748522058
0.09921567930892033,0.03916363998940148,0.01873691890643958,0.00999557163685129,0.14921591271383175,0.010601852600897771,0.10008314927367823,0.0033915930200667434,0.0032740404210810717,0.003540586275062924,0.00433241290586394,0.0024538157405322564,0.005699000816947013,0.02387005353060315,0.024216852176831824,0.1642434026758334,0.0014628351594160815,0.0037696792405760354,0.0010128396785162139,0.001612224944621907,0.004884581952583961,0.0016751316867460741,0.0012957352623477957,0.008811340338110292,0.007487545529802312,0.020483073229105787,0.16626488687454877,0.0022584428196560065,0.008778932204828293,0.020958490589581897,0.0017641343085406057,0.0020436655196949516,0.0011745011704485913,0.015495853041531022,0.0019943133509240244,0.0016000825730479761,0.0025397616682978474,0.0011827017112255192,0.0027026575460330163,0.0015172728739523357,0.0034062929378614044,7.562053723757415e-4,0.0023160833061507693,0.0018602399535964176,0.0024618068135224894,0.001366971487992016,0.0019740326226104507,0.0025158301636980015,0.0024234189314563948,0.0011083579574641047,0.0020116822514260305,0.001111128957306544,0.0033225023199761113,0.00465386790745001,0.014151519949907298,0.009754893800226044
0.1044868737415418,0.03564648138932242,0.017928675283769832,0.009854349790981945,0.158408015878359,0.010010559896268027,0.08746968247757267,0.0031145050566221974,0.0030183108603880717,0.004312171778172645,0.0035689885996474766,0.002095227732706347,0.006182484839975913,0.023634896933432337,0.029281522590580162,0.15375853522505423,0.0018643583071038963,0.003909704241913999,9.042303860828416e-4,0.001799585775505802,0.004636919500780999,0.0016672337812565765,0.0013112786911037462,0.007224722328219222,0.008534812982096013,0.021360659480412315,0.16963041748894078,0.002176089805554436,0.010694957110654612,0.022359541918740223,0.0019744145897547275,0.0024887767851662634,0.001248459485647681,0.01633463411350468,0.0023630956669633807,0.001510818165823512,0.0027284386859736474,8.593742894432236e-4,0.002907656945738149,0.001549436871758832,0.0035560170818751896,7.689192271039016e-4,0.002264853797112167,0.0019865647580720298,0.0027354023604813523,9.512675033649386e-4,0.002113889438115686,0.0026968270192923214,0.002523725574472051,9.079259424384911e-4,0.0021201755003061665,0.001122911964118274,0.0034106636282316308,0.004325975788961345,0.015075656808475021,0.008628324135044827
0.10594923281348692,0.03630814297773425,0.01532259416931629,0.009961965777901791,0.15960737627049637,0.009179550541480503,0.0978604130077495,0.003039273765314123,0.003393306603343645,0.0035367325297623697,0.003707429877620016,0.0020067514732157424,0.005439388056283447,0.025624179957796516,0.028726620707589114,0.15638599563924432,0.001551933271936742,0.00386138127830629,9.523521588902457e-4,0.0015664664063009925,0.004458721487549924,0.0014300184133311875,0.0015232288213618329,0.00806814152802936,0.009422615455786525,0.01986090727183399,0.15674992665573143,0.002068295482485679,0.011403554520543757,0.022116072881985728,0.0019152698563075104,0.00221108100303702,0.0013071286506357754,0.017662429775820065,0.0023462620782121408,0.0014027503409598605,0.00240978539256599,0.001175824312569962,0.003005439946788146,0.0015624036709496701,0.003294625951503331,6.467145870237446e-4,0.0026113736041661036,0.0018288090219175477,0.0026722351296303323,9.727401409486074e-4,0.001932745805199662,0.0031380628829428712,0.002556325648924815,8.681481945296019e-4,0.0021777310282434553,0.001084965483927571,0.0028786608626761023,0.004784262617167679,0.013451841544279928,0.009019812666663971
0.09856628807508787,0.03584293869828504,0.020186313777423543,0.009438058057433644,0.15971140873016912,0.009409138151245262,0.09141971469857359,0.0031481029186202028,0.003075666272738895,0.00423367770028512,0.0030181047258722037,0.0023103571004149505,0.005523464834968236,0.025746900832181247,0.022885855303808357,0.1674608942917633,0.0016343703690469096,0.004271310862727763,9.528413956136971e-4,0.0017084959930838478,0.004142309655816637,0.001692272998472786,0.001321761120186563,0.007888711503376241,0.007786989659875715,0.0201309818779535,0.16130317597159524,0.0021774634908533477,0.01150831445801459,0.019895882574701918,0.0021603856183560204,0.0019304773682591436,0.0014280485019670826,0.017853075453423475,0.0021935087452747363,0.0014528945867663505,0.0023025580054677865,9.669402940789765e-4,0.0023417595903820042,0.0015766699346614,0.003260256551838829,6.481450292154783e-4,0.002505854546002272,0.002112876319567708,0.002505110234071262,9.93985667989795e-4,0.0018471357636931655,0.0027520306456159022,0.0023450863417719637,7.061507656803582e-4,0.002194646194681031,9.729658901837783e-4,0.003255106810640797,0.004071884051375341,0.017798653068430224,0.009432027920415835
0.10581032975509583,0.03875325726115048,0.016734028358411823,0.009323886595452299,0.14699877210172982,0.009930827634154609,0.09876861627433599,0.002959722201420879,0.0031595705470685146,0.004188920340893378,0.0034662931413258374,0.002226196466764754,0.005281911882299429,0.02238092079215784,0.02294415619111956,0.1599520152262108,0.001506443760820932,0.003609583505244541,8.684949840897455e-4,0.0015498198815871694,0.004755947893753559,0.0015876182999392224,0.0015469257414939047,0.007922043577646923,0.008243083376065831,0.02276656628097712,0.17533563842574973,0.0021009896839712873,0.010236480317315838,0.019747343477239707,0.002131459470394708,0.0021683063704081686,0.001296263126100793,0.0152390646050352,0.0021110335928392412,0.0014832681812917126,0.0022793978360921645,9.892404506940177e-4,0.0025356070055391495,0.001466259034786294,0.0032314357874407354,6.858116697639418e-4,0.00229736675115851,0.0018988147493550708,0.002647904029745142,9.143577459662824e-4,0.002151241902742262,0.002580104482070632,0.0026626793103240324,6.9900437798859e-4,0.002104413995091018,0.001040626333296095,0.0030850619142704064,0.004216057344835721,0.013788262790927505,0.009640553166355153
0.11188904963181309,0.03756919836751736,0.018878441339804326,0.009982665259016773,0.1450265243345552,0.00983586829291212,0.09358009247301781,0.003293572890921509,0.003314728872435395,0.0036170004847848615,0.003582271907484387,0.0022516755842308033,0.0052403216329040565,0.02250680034658315,0.024780740055845314,0.16114880766983572,0.001842231485368398,0.004147953403376753,0.001045782397251705,0.001696607768000045,0.004354899154048047,0.0016058176598335906,0.0010474261747127596,0.007802291992433956,0.008009278025755203,0.02356884707839676,0.16353676455441216,0.002132014476349261,0.012696383162998533,0.021604366516161627,0.0021768458566981024,0.0021893454874240804,0.0012597038890392392,0.015460222451011797,0.002291322717894392,0.001498363393268494,0.0026421635036989874,9.564443548697324e-4,0.0029189987392828545,0.0017107953037664666,0.003490881178310926,8.291596521311412e-4,0.0020806070297220143,0.0020497810632550757,0.0028614057031095264,8.940710693232406e-4,0.001765889279287241,0.0026496435199010173,0.002435435000737903,8.329910806846542e-4,0.0017090050640680527,0.0011042758153674507,0.0031723487900833574,0.004680810209269435,0.014556952037365548,0.010194114817668557
0.09873500881052166,0.03583750452221641,0.01886931769304288,0.009272526336353778,0.16077299772719472,0.009747739586295332,0.09364456964136068,0.0031567199497038083,0.0032905417501597977,0.004529164259812615,0.003860953569703604,0.0021929840544389952,0.005790261548101329,0.02390448593885395,0.022448137015617844,0.1706639760226116,0.0016912659997868936,0.0033912752238504217,8.667548097558919e-4,0.0018324540678821204,0.004637729149430578,0.0017847182275550757,0.0015380677715498392,0.00794636286165854,0.007921179599353232,0.019732447355541298,0.15721055722708707,0.0020929260606168303,0.010330667785545419,0.02142625407853982,0.002456762441912523,0.0024454279215918996,0.0012224224825659938,0.017268456198204413,0.0024797850017423606,0.0016240103076452302,0.002409858483115317,9.696220891558115e-4,0.002951462044145724,0.0016784395086258703,0.0032243342169510345,6.248710866806534e-4,0.002422475714576766,0.002114739736833233,0.0027944973698522894,0.0011647617200276504,0.0021498676300824677,0.0029826776539918242,0.0023759975362173846,7.48345234586726e-4,0.0021016604967833375,0.0010026115075422925,0.0030754735846784224,0.004178550584370108,0.015396474111122759,0.009016866692855958
0.10377427390719512,0.038476531873715566,0.01626172771112927,0.009671917166516426,0.1497998753971188,0.00978678410801999,0.09037539024137514,0.002873339255470944,0.0030044898280800706,0.004183173410118103,0.0033325151833814726,0.0021398064574480397,0.005095303960109113,0.022478059201292002,0.02641265541863895,0.17236434241681037,0.001775297820109129,0.00382965696107315,8.427741188030763e-4,0.0017761101607350403,0.005076728902278578,0.0017230241329268456,0.0011336733844604094,0.008944116351368075,0.009237948850117967,0.022371563857101793,0.15786690340129883,0.0024698423187554386,0.010149639038105842,0.023250036649287566,0.002372056991139928,0.0029750250712670505,0.0011750033201840566,0.01585635821461321,0.0022618219228658872,0.0015888570830432532,0.0022823104277481625,9.971999071655508e-4,0.002655257392917232,0.0015416629610968827,0.003272379912763348,6.298490683218825e-4,0.0025122635542507163,0.00212680601762969,0.0024961930886058807,8.468944391518332e-4,0.0020361328455190124,0.003038241013531698,0.0026411802570463177,6.758496929983299e-4,0.0021734136650734762,9.143560216759364e-4,0.0033310704478105384,0.00451970519317819,0.014538635571165479,0.010063974436395331
0.10002708725834222,0.03592012127961987,0.020319776126507563,0.009730909483017981,0.14778816509895368,0.010246658434434758,0.09873301577470263,0.0031402164541078103,0.0033239381276393607,0.003799279043083705,0.003867601270615681,0.002228769781737715,0.005312442058792295,0.02449682933380349,0.02903512123906322,0.15295590607726903,0.0014772283340364779,0.004328652378697483,0.0010510693772974762,0.0016896847581866186,0.0036379474916797263,0.0013687111440104638,0.0013508127440631389,0.008098089545700507,0.007988592446149308,0.024174957141284745,0.16719356936542598,0.0022980934912827686,0.010226873945694331,0.022869910014836927,0.0021537653431691344,0.0025263219273991733,0.0014676515619202106,0.016350095160102256,0.0022019240314810145,0.0014330469965964968,0.002593085571899828,0.0010603556394337204,0.003000310215168673,0.0014860424558612634,0.003518163790145841,5.654740694924467e-4,0.002719337054206198,0.0019670385759848205,0.002709225121006797,0.0012096233133889326,0.0021654886135349443,0.00278414625920842,0.002379173986610492,8.413544801758267e-4,0.0019503491459073562,0.0010117448772367671,0.003026706294219358,0.005362795177043482,0.015058591973093045,0.00977815934567647
0.10286375955138234,0.03627481098948725,0.018299356112539942,0.009639320213704752,0.15842715137811728,0.008739250495428829,0.0936469855184974,0.0030924986376223967,0.0032082182908122914,0.0031759967837491814,0.0034350511765879523,0.0019751438896090036,0.005840854462826383,0.02692892354687882,0.026927042945629837,0.1663211569935868,0.0017325534802830316,0.004281712655718945,0.001222179875615553,0.001706129579160829,0.0047695633905497905,0.0015998635682753918,0.0012106493683249433,0.009484135939278241,0.008591469737895988,0.0223624236117172,0.15271480181132993,0.002133640895305124,0.009548502352408138,0.018809295805524935,0.002137312678291323,0.0021615117128037657,0.0011050505181097142,0.018581095663179174,0.0020232509310118747,0.0016535366682820102,0.002685415556320636,0.001168176627636436,0.0025620642499884646,0.0014329265701555384,0.003147597925362629,9.04848654097451e-4,0.002132311462004786,0.0021047727257487233,0.002573257005618933,9.564167966161599e-4,0.0019712273550296882,0.0029660584227440977,0.002347752707372793,9.442488396483586e-4,0.0022837911542264787,0.0011715727772057816,0.0033796005008012945,0.00413749153489172,0.014813730115760211,0.00969253778924349
0.10182513136217856,0.036222522736593724,0.020030952874272468,0.009270800529284511,0.15118239072547918,0.009203791419479138,0.0942476206862071,0.0031889128716607435,0.003393217251691391,0.003548912504433044,0.0036044861405747533,0.0021971397551554636,0.005664911753192142,0.024077911048771154,0.027507948800978246,0.16150055603110458,0.001570096837946048,0.0042453919918964515,0.0011268465337346003,0.0014603379044211891,0.00496092391462236,0.0015870026901977424,0.0013124889499540478,0.008664828393174276,0.008363193587720587,0.024003595376730708,0.16044770519276405,0.002135228172951777,0.008701366356798561,0.022390927573802625,0.0020389163591467366,0.0025830831302323344,0.0013444437904604496,0.017347832876312027,0.0022761176783517834,0.0013315433119121815,0.002513550656157668,0.0011989467316341324,0.0027344400847492414,0.0015263506216010015,0.003760176497691034,7.892670916468079e-4,0.002693480497952235,0.0019490207938659427,0.0028282463384916453,0.0012357880742663496,0.0020264953902096776,0.002787601288688204,0.002789309248581328,6.754810428512838e-4,0.0020435379764137595,9.411620533614879e-4,0.003389640071738591,0.004196588346318958,0.01513310606206329,0.010228734017530635
0.10094356988911836,0.038325692559509475,0.0192073779968922,0.009964976587332681,0.1534787657975546,0.010080193938124662,0.09277797041296436,0.002799255336133489,0.0033000922429623995,0.004028214993565268,0.003864033477716812,0.0020166471154014647,0.005218921599682354,0.02213136564311402,0.03067450978908025,0.15379006668332335,0.0017589800503367134,0.003343498308619173,8.783209461303955e-4,0.001723756787365181,0.00484658312944405,0.0016486459556590547,0.0011443704864489064,0.008897949620777362,0.008076591737030523,0.023848696215707805,0.16293461928465813,0.0022584603008926917,0.010278385424275512,0.024430973633095755,0.0018759495734974269,0.0022144657236301286,0.0011653506344564246,0.019276322474822992,0.0025368675549612527,0.0014524811959631969,0.0029273390221829796,8.041259727565644e-4,0.0029407184875092376,0.0016070358258291626,0.003391966445164594,7.55253499233265e-4,0.002464192889100328,0.0018008998275682983,0.002596420117928623,0.001055469475531118,0.0020296297917854994,0.0025862123613202437,0.0026222974021039157,8.675819072468272e-4,0.0022531841487204406,0.0010553962686519743,0.003346498262394583,0.004248618465710768,0.014348970250864658,0.00910526647814845
0.09841792070943917,0.036566367961599754,0.01858289244948692,0.009384914970259128,0.1564267258737264,0.00897390675776614,0.09255150883381943,0.0029634164264125996,0.003111826325171233,0.0031655475542096486,0.0032025540456384043,0.002219830962115857,0.005090470953956082,0.02448436008389838,0.026877855528141297,0.15571185496139636,0.0015481938181929201,0.003741637256184146,8.129987863900315e-4,0.001575655065905156,0.004112248919279832,0.0016749812669790464,0.0014768620112499125,0.010016444665351319,0.007939486357763339,0.022611767236518365,0.17466040823235113,0.0020800948002839695,0.010349372677125638,0.024195763132149495,0.0020728230529230354,0.0021800883010612993,0.0012042289657713263,0.016268403276815828,0.0021613487323437065,0.0015291176401855103,0.0024722076820424257,9.646933809655499e-4,0.0023646477883211515,0.0014913755229945427,0.0036472618103978,7.923406998231221e-4,0.0025632028052940273,0.0019481931257641161,0.00254818114204316,0.0010940411809294782,0.0019091638836254878,0.0022927971124738025,0.0022865003208194074,7.728292051706955e-4,0.0018607462370372645,9.635443963329193e-4,0.0031494927062257648,0.0043141193114055315,0.014394647961117214,0.008226135135354792
0.096713443119102,0.03659032061700693,0.016875343474494094,0.009252938179940062,0.15917348826515665,0.009027073336896719,0.09350118178618932,0.003075505105614476,0.003099882348435759,0.0038253215718328073,0.003939255542831657,0.002080077181002573,0.006575837459710399,0.02715320352784001,0.022528501149401463,0.1505983343733144,0.0016536580417938743,0.0033333595028869887,0.0010876258232817902,0.001552797408379417,0.0042968807597625,0.0015432492369047786,0.001065208797616232,0.006804081721511589,0.006974241542636006,0.02071468688589007,0.17547879128274357,0.0020151866627682803,0.011465789102750673,0.022817778911855744,0.0021162409792886,0.00216264326069974,0.0013128587158293,0.01861347745600203,0.002170174617360102,0.0015646224447314321,0.0023400369201400893,0.0014259734092799347,0.0027552924114167057,0.0015912126180212729,0.003658848198409805,0.0010056808328440638,0.002687844520226948,0.0022255349086993947,0.002772162176036559,0.0014777641342469368,0.0020985269133354753,0.002890756390436829,0.002638148268048133,0.001335465769302462,0.0019238034636258154,0.001029970703972968,0.00370011734165705,0.0043882026122807945,0.015472881526677576,0.009828716687879092
0.09789101896762922,0.03447490372901535,0.021375090847485415,0.00914655425699277,0.15334024750124464,0.009331331374358744,0.09195526194776114,0.0027577274100577913,0.002867267010412294,0.004180105399686742,0.003973168931134937,0.002004849201700815,0.005663606582300433,0.02487585663957472,0.033616727983463275,0.15728623784567855,0.001770178907765913,0.0030690659856524023,9.502024647918925e-4,0.0017996752067845775,0.00391679160210212,0.0014916283228672577,0.0016510667972362621,0.00831303347898511,0.0084362200328290185,0.02891923063912435,0.15964554039756448,0.002012997540022706,0.010950479937178273,0.018921849555230782,0.002219986595535635,0.0019801946793176687,0.0015318749973971702,0.02029263142803926,0.002263738973227396,0.001518140845493914,0.0027618285154857943,0.0012284008112675782,0.002609732427535887,0.0015150037718551306,0.003272874504200269,9.96067200462532e-4,0.002427509847443981,0.001993274169901577,0.003087542488813683,0.001462127047327443,0.0020941283127883575,0.002891882239234838,0.002638681875132545,0.001048064310876938,0.002129981961329957,0.0011124352674224658,0.003281793330662445,0.003647373480677072,0.015248663592061656,0.008158150829876752
0.09820470009197002,0.036854676904178416,0.018852558932850788,0.010111558260973529,0.16128208928075852,0.009856925726954315,0.09239566744448688,0.003057056631769408,0.0032538004133083167,0.003917195391584257,0.003800531637606189,0.0022842758731507306,0.005097181873497673,0.027168450165281837,0.027287168773506773,0.16702406933527833,0.0014693713749339007,0.003642010676915135,0.0010103754093958213,0.001495712437938186,0.004579517983281798,0.0017245860208872062,0.0011828118927610487,0.0075496437279465615,0.008615685974375432,0.02191582829438381,0.15608656407604063,0.0020658624099738508,0.009286907168335653,0.0208634469752219,0.002204185598308914,0.002360588946060178,0.0011128895773211654,0.017076575213015126,0.0022778686735819773,0.00147343670719989,0.0023022831252927176,0.0010998472885029554,0.00279903043318498,0.0017304715194946716,0.0034112329895035396,6.273943542242639e-4,0.002230490619063074,0.0019313407810288244,0.0024890039659405563,0.0010060818158554568,0.0020013079787468257,0.0027385727364075503,0.0022301523606909103,7.006753368116023e-4,0.0018933256093102047,0.0010277870199410946,0.0031850921269197174,0.004002767323261748,0.014766273978732673,0.009385092762052552
0.1010173224567254,0.03525777314325713,0.017822213269806247,0.009352327994210602,0.16540695379266093,0.00931842100425828,0.10099935169751136,0.002758930226912494,0.0030717453807791975,0.004567940739144784,0.003205252758020691,0.002663374581858192,0.005146906188187092,0.02649005972188686,0.023031582716690518,0.1504306069650154,0.0017937298127322914,0.0037313459020090404,9.428333136065481e-4,0.0015541267339112103,0.0039566116705677225,0.0013983524490750947,0.0011794034406245458,0.009024524922938594,0.007864528737087208,0.02550327000707716,0.15694364782006598,0.0022111589464362726,0.011617818125477209,0.023123654554871517,0.002084711228009897,0.00209872787278224,0.0011492425708643985,0.017326517170465967,0.0023527159995236978,0.001636652686407906,0.002449440644317574,8.352181318545412e-4,0.0026089703513415526,0.0017569220305412299,0.0033486423032030098,6.259442165298905e-4,0.002569794234635495,0.002100585296161992,0.002395065254525221,0.0011659191793321698,0.002019043043372514,0.0032266644421969763,0.0023973632353097613,8.405151091330067e-4,0.002195833948452959,0.0011348816355917501,0.0032437622408205643,0.004322633104237813,0.013027538144384482,0.009700926852597802
0.09806888580873485,0.036686588849683927,0.019089575613223567,0.009623683278998724,0.15036602670878213,0.010238423140671799,0.09566570673831497,0.0029450624289510544,0.0031700454153070217,0.003949611504797968,0.0036679806902337147,0.00251871922823387,0.0054572701459521585,0.02702619062450559,0.02609044870787762,0.15067065719272135,0.001760216922240216,0.0037066103291156327,0.0011183486981875177,0.0017070996415460248,0.004119744638360913,0.0015681063749655912,0.0013371034083101499,0.007579881976582928,0.007635782295373279,0.02411258025063885,0.18142449421229098,0.002088017436384481,0.01012946625875082,0.018630215686911502,0.0018637055013549424,0.0023024373171445993,0.0013227510764005051,0.016548571108600477,0.002261734388841921,0.001499433406799136,0.002430778871538591,9.39463358139413e-4,0.002406846923595902,0.0016656334192381023,0.0035521265210956155,6.885415064233578e-4,0.0023872598254921413,0.001943918733279538,0.0027374202861082655,0.0010163560602082123,0.0022697044039050795,0.002606041273802196,0.0027289665311460575,8.113448209068817e-4,0.002268902398172325,8.552120356333812e-4,0.0029603354392282338,0.004445296504570689,0.014663685035776437,0.008670989045948773
0.10121375448770238,0.03761807986210416,0.018107842553926973,0.009788842388159401,0.14529738469009323,0.009693654493543194,0.09723709722265243,0.0030887368178677973,0.0034653857922614115,0.0041497282188536055,0.0031006586173504868,0.0023630165762474377,0.005060845490126455,0.02280005507914952,0.027010891837397726,0.15447651007993438,0.001467656442016805,0.00419503909806579,0.0013016666275198767,0.001844896501393965,0.00521402304608443,0.0015402520243979819,0.0011256762998077892,0.008676820433006454,0.008698353702628768,0.01942970873943803,0.18106640559095163,0.002188901448138211,0.010193890304440538,0.02104244962594263,0.0022194423709056394,0.0023015158412410574,0.0013384251752282213,0.01656573931237608,0.0022086987225198628,0.0016609197651276098,0.0025989210781519863,9.657130176554874e-4,0.002774039165392489,0.0015979033962930152,0.003502874779229611,7.351966803477611e-4,0.0025439465912727196,0.0021656086203389953,0.0027290910436174086,9.822425880029973e-4,0.002063185913926883,0.0026987581976182554,0.00309609433754257,6.225883476926658e-4,0.002317112101718682,0.0011248783786061984,0.0031376185127094803,0.0037310996059329374,0.012137545238078348,0.009722617127269614
0.10039965004070114,0.03524747499109455,0.01654262193037011,0.00954307483849813,0.1552223083011671,0.009553253823169213,0.09546199766905271,0.0029688929534525807,0.0032855925300244865,0.0035705785595194304,0.0035002675881868387,0.0021590760645102377,0.005141216156263339,0.0218164851657652,0.024321835857683924,0.16005478851081875,0.0016846879245197087,0.003411661271298021,0.001009136487294312,0.0018843806010215075,0.0037475012621301994,0.0015582685592501274,0.0014847750587594103,0.007945589626714062,0.00878690617091583,0.019247506867782836,0.1724929099856639,0.0023163549934562782,0.010818589440742417,0.023675932322323526,0.0020085799962492076,0.002077608604778428,0.0011644252513844163,0.017008121102595943,0.002308591402058921,0.0016365784969808656,0.0024719389415741627,9.990175002536836e-4,0.0023969768282779756,0.0016706091211098474,0.0033214629773515815,7.506729459791967e-4,0.002425503068989032,0.0021431363694049054,0.0027003823025280836,8.176574357219979e-4,0.0019624828974533666,0.0028019578970492893,0.0027310042958040713,6.788323810516219e-4,0.0019344927710127121,9.766597107965622e-4,0.0028616961612632154,0.004542032406613503,0.016681300765643153,0.010074962815924293
0.09887271559218526,0.036374290031192,0.01798947125813476,0.009775302381053858,0.15785505044357742,0.010138356853794677,0.10245148521137475,0.003167599301745083,0.003489468302353782,0.003867333290220374,0.0035651946726493232,0.0022913604863806594,0.006385490571978469,0.022014371834775805,0.024932043834648976,0.15919634046729086,0.0016372472072363215,0.0035512072438671906,0.001104392822337318,0.001588809194608906,0.003995842442513722,0.0018348648131223033,0.0011831924918225213,0.008401040965281355,0.007857661574890139,0.022400180210462892,0.15920289550532132,0.002123145196275714,0.01260367609816083,0.01991915863734168,0.0021156240169369293,0.0022653976363652194,0.0014626304225973795,0.018395943285909246,0.002276604266885959,0.001660706803558027,0.002398698721776203,7.963399916273104e-4,0.0028651389016709347,0.001705172108699938,0.003226264795558287,7.075990131602033e-4,0.002690550700578133,0.0019353962610236342,0.002660996167395945,8.984743301187192e-4,0.0021009745232980605,0.0028285737442589397,0.0026068867972857766,7.360175924818285e-4,0.0021514449868831093,9.876254579975247e-4,0.003789634432444354,0.0036900209258335405,0.014020617166853383,0.009257478012203123
0.10011766238324009,0.037221431353868586,0.01647222764245071,0.009883149578326504,0.1570476259651998,0.009910632307918974,0.10192897213054439,0.003074890922091852,0.003252194177018696,0.0037664907859336102,0.0034034020335956244,0.002379133478913858,0.005073980333347046,0.024151127270745115,0.027228460228719595,0.14810293805094168,0.0015036574781244513,0.004427010091568653,9.966860598315073e-4,0.0016464086785340456,0.004011039530310766,0.0014556929955475263,0.0015656595221548773,0.008871951034689409,0.008288959895359691,0.02057438836436286,0.1649381049152518,0.0024164188904767757,0.011619527438045413,0.023420458983131234,0.002011457264627355,0.0022301936224306523,0.0014022834610852017,0.01878861612790894,0.002070456357742229,0.0014943761559792549,0.0025225346642642403,0.0012074011504725156,0.003016158519764278,0.0016559507133273395,0.003595019941644831,7.465278565943058e-4,0.0026287403013116784,0.0021406602804122606,0.0025722525460320834,9.8031275815274e-4,0.001873993399403094,0.003109001454072573,0.0025978531905971347,5.927578540603849e-4,0.0021775438218687186,0.0011739761297570954,0.003281152469272,0.003810729452007241,0.015128736990143951,0.0084410309968228
0.10670588140989325,0.03506312067060807,0.018264725631059332,0.009060736318246507,0.15651094446083327,0.009925753601564771,0.09093415183511154,0.002997340559419674,0.0034343178182085934,0.003901817912862245,0.00395162160490143,0.002102917365578805,0.0058825888635200985,0.025297767311590467,0.024532861703740402,0.153029957447569,0.0016286607081027788,0.002608159429937544,0.0011069337912678,0.001641351174292511,0.003791570877962972,0.0016398397329098191,0.0011028873096736373,0.007675519246524054,0.007777148131329022,0.018502959921344674,0.17531202246896765,0.001976346952184902,0.010389806601272776,0.02016538054314856,0.002128551550145667,0.002421890752315903,0.0013773127153362268,0.014394067541489685,0.0022677208168956947,0.0015567251408340986,0.002434660340879103,0.0012524049821554396,0.0029509493955373845,0.001699708523915068,0.0034154520842588263,0.0010758554699706376,0.0022761469752496932,0.0019641464273738684,0.002470495981722598,9.949054051543794e-4,0.0020439339456850025,0.0029986388294383926,0.0024757483080136244,9.921476279122808e-4,0.002468689335245564,0.0011906616310445046,0.003423060308629804,0.0038422231251117427,0.01842381728695802,0.010544994095100686
0.09789143292634864,0.03747895761242788,0.017856598653345324,0.009930354752453973,0.15892027563377834,0.009563545861848158,0.10092218781853374,0.003283092834177246,0.0032641294443534184,0.0034948242132463846,0.0039858528215663295,0.0023765470580330086,0.005110399276326324,0.02561793879770314,0.03163308784276944,0.15391021613777242,0.0017056700899826447,0.004756104806906158,9.00006220442094e-4,0.001691645472217803,0.004698038146395154,0.0016570385150633353,0.0012362398779755782,0.008689740925600162,0.007150734925270084,0.026205395053309297,0.15416170384626934,0.0021125709019414,0.012341657267101638,0.021237918480454043,0.0017773560071247534,0.002242085429819745,0.0010979432655145605,0.0181739636802781,0.0018968065041215984,0.0015025295170836015,0.0027060656885299723,9.500018491011837e-4,0.002443651528961233,0.0015990919419951563,0.003237847709563066,7.696316986247553e-4,0.0024159776544238967,0.0020117496864330603,0.002366436308415498,0.001140440421429833,0.001591715157079567,0.002645167180653154,0.0021573300344913614,8.214335273996279e-4,0.0021072508835191413,0.0010084055127229131,0.002866550741127582,0.0036943885883852345,0.013451230202764779,0.009541043066824092
0.09886038541223387,0.03448025879750826,0.018263197908108233,0.009237830402596315,0.15547110462357755,0.010435761330674472,0.09442325514489952,0.0032627311777886853,0.0032071372423181236,0.0038006418627727964,0.003341673143305576,0.0024084973051807924,0.0055414664641274545,0.026575539561172905,0.025764033492150278,0.1587027196836402,0.0015402805158932053,0.003757752908862463,9.339620720470978e-4,0.0017906401504222606,0.0041219170392315565,0.001540848109631106,0.0012895621146844214,0.01023769413151042,0.008734724889338883,0.021858842765759633,0.1727330349339819,0.0021390018269526107,0.010276773524508788,0.019765281085434943,0.0019179472409174008,0.0023370789894779677,0.0014103147480684973,0.014995045148064556,0.0022653694572000015,0.0013436916907659234,0.0023431818874383825,8.533448986854107e-4,0.0025470183190686793,0.0015306498624134276,0.0030509315066105463,6.708526496407159e-4,0.0022443167052620104,0.001969494644573568,0.002468305750966155,8.343033065686479e-4,0.002215851562062059,0.002714308742443969,0.002698214307768998,5.438081517035421e-4,0.0020366487382890894,7.536239731472528e-4,0.0028901474904214457,0.004797901703719878,0.014809621561915341,0.009261477342492231
0.09481234737431977,0.035287118821390615,0.01877177637865814,0.009525070057992451,0.14443737160693954,0.009321491655073332,0.0970317193135004,0.0032761478381328948,0.003201078850935283,0.004144723961595841,0.0038553515306619167,0.0019880411803517733,0.005796484056285667,0.02548701397406805,0.02049593205750183,0.16740152130660504,0.001750984920823762,0.00403040788301919,0.0010112190879796304,0.0016696939860176634,0.005713384565876193,0.0017821061976510345,0.0011593555985270193,0.007829624861429005,0.00793336237214297,0.020340132663613418,0.17347777277993787,0.002114529954036962,0.011581580766463715,0.023878989476560364,0.0024518652202221336,0.002196413914239509,0.001188004135878554,0.01702076403846774,0.002197462763892735,0.0016242212719773182,0.002161851547387064,9.650197321683422e-4,0.003029461215068006,0.0017528132938554135,0.003168415668774155,7.161567261088173e-4,0.002600679271486074,0.002336573189529455,0.0025864485376649,8.948569623150171e-4,0.0022925205665547278,0.003296390903877552,0.002841841803819028,6.990375821116407e-4,0.0021530772335128347,0.0010541302871757239,0.003104308709963725,0.004114144999387163,0.015184502752998593,0.009262702593472458
0.09917544472275182,0.03785335859562994,0.018513297049848217,0.009855898077896812,0.15831771785659754,0.009814910263888928,0.09617921012572848,0.002985109667223112,0.0030688497985863978,0.003415928276189617,0.003989216821150768,0.002199242345257123,0.004793511491632631,0.024120590612859087,0.02422702158199837,0.15255640729456185,0.001856544196019247,0.0044440248303272084,0.0010334248619468924,0.0017951044301065412,0.004289101390596906,0.0016675712983588405,0.0013359035260700552,0.0092510645513565,0.008438847248581323,0.02368350119506608,0.1664755089740034,0.0019082026255610445,0.01132931880236899,0.01985860733096207,0.002043349738929674,0.0023411605926000785,0.0014151923577028457,0.019128315457699836,0.002208878575997926,0.0015700132005728076,0.0023875438151505298,9.515596687105499e-4,0.002642021815147216,0.001545547535603467,0.0038054031364540717,7.498966758831766e-4,0.0025630119915969244,0.002330324013573303,0.002659565625310979,0.0011421736106185577,0.0021027489593153097,0.0028582190061479966,0.0026367000674344053,9.8979715382434e-4,0.0021466643343859746,0.001136790316134604,0.0037055347535001402,0.0041122457389280815,0.013410442175276887,0.008984459840374453
0.0954126681146099,0.036063578526107684,0.017806256456183563,0.00935819580349076,0.15600651173558458,0.010150935340302975,0.1053297612538548,0.0031272219238774545,0.0028224492213750722,0.003195306875309758,0.004131232751076694,0.0021660974149659033,0.005674574854926813,0.02697167702479592,0.026193800257747184,0.16431015458349332,0.001550737262595447,0.0036282347686513185,9.495591624674082e-4,0.0016949341825808536,0.004281471638181488,0.0016430516530809242,9.422743364251229e-4,0.008036705430682673,0.009028466852668528,0.024311621616682513,0.15398776796366498,0.0024282570034022642,0.011626675130178524,0.01998305725511133,0.0022242572973122433,0.0020945211766323127,0.0010306267850790007,0.015167306311451651,0.002208126768296665,0.0015432994939605308,0.0023761286525982995,8.718945782591648e-4,0.002939709810723739,0.001569765333147007,0.003165615349754921,6.408194775574377e-4,0.0025547806561237417,0.0021982500629060832,0.002219126242836986,9.221332606748175e-4,0.0016647897899318257,0.0029661094132556478,0.0025300823185705596,8.688428420233205e-4,0.002049235255292434,9.638348737525128e-4,0.0030276556154966187,0.004103530883155383,0.015339399905035937,0.009946921452095484
0.10329388814922458,0.034029994676775054,0.01804029286924317,0.009424761147370467,0.1492913513315792,0.010224583118184154,0.09736334532591781,0.003210653103480209,0.003358651363717243,0.003939564367965662,0.004389180440129718,0.0018948089429160794,0.004758517690461049,0.024774844320219907,0.028233348529146152,0.1594700771147872,0.001743997230352447,0.0042964514826072326,8.766848647275097e-4,0.0017110683719749622,0.004547287753631384,0.0015625682742166397,0.0011236292635723303,0.008393622289972482,0.007346998236158174,0.02187718373524462,0.16681939047637714,0.0021304375710274564,0.011762055304493528,0.016783833911462754,0.0025404076533581724,0.0023957913121710078,0.0012477695243219163,0.01848132928400105,0.0021065644838427384,0.0015343528792605306,0.0026397105015540105,9.50261874295201e-4,0.0028177166687222157,0.0015918854654695226,0.0031742125119232165,6.750008028880673e-4,0.0026508321078643217,0.002112359623170816,0.0029697266867030076,0.001082103554905896,0.002074204361330788,0.0025057986068942506,0.002283557111500136,7.846818814053158e-4,0.002193182434854165,9.87522062941416e-4,0.0033627241005348097,0.004333384520408206,0.01627632158961863,0.009555527139124234
0.0975909624841494,0.03460383161741255,0.019715333989742786,0.009319051309898145,0.159414391882092,0.009530268152032778,0.09885334970621108,0.003093940564850744,0.0032557258472899293,0.0034376417047735507,0.003298878803909619,0.0021853424946366995,0.0047802884212574635,0.02315060739862232,0.024906288265190753,0.17433184255408712,0.0016430368187496324,0.004473687722794031,8.308674453431867e-4,0.001584026898018908,0.0042604708025209825,0.0017809658582507283,0.0011507470531804623,0.007835925867056679,0.008448855735922998,0.02179273426078183,0.15000945773389646,0.0021280743045679665,0.012324254206961233,0.021540144194069955,0.0023152953265578404,0.002386188020212554,0.0012826947195082282,0.01647054377688067,0.0021175435958937913,0.0015139639322430142,0.0024673202063920617,9.226722426457698e-4,0.0025332479256313244,0.0015089009516842868,0.003552077032469382,7.990128724125912e-4,0.0024049034726749854,0.002254939239183755,0.002460139289827278,0.0010008146001561696,0.0021153127885204996,0.0030163613095112226,0.0024318659155460505,8.049363953791039e-4,0.002050401602923566,9.082352100817419e-4,0.0029560442353088016,0.004416376682188474,0.014082096619714858,0.009957117938180004
0.09923690852322833,0.0350515552896385,0.018854140545447498,0.009135249113404229,0.15455810661337957,0.009520986246497422,0.09414227383117653,0.003083960984000147,0.0033680165863694783,0.003368334540016815,0.003938676077141386,0.0021567481642991004,0.0058148417489747575,0.022783330922257098,0.028110739818122735,0.16117592093439786,0.0015847161137018128,0.003658028372446956,0.0010012718194603199,0.0017246349860448823,0.0035229405525038808,0.0016135061338015003,0.001325696947097437,0.00749457435027857,0.008311893244754051,0.022042086843009505,0.16939899651555404,0.002186070640233039,0.008160842949677147,0.02151243577142964,0.0023064063899377843,0.00245617745593277,9.430517346713364e-4,0.01659270218557142,0.0022834899991843907,0.0015125451648028965,0.0027191461492826145,0.0011537847541301127,0.0029014583252268064,0.00186250434699004,0.003684266520832573,7.582712954315217e-4,0.0023690597555161247,0.0018643293227645198,0.0027709303292078684,0.0010520640092468118,0.0021624153759791744,0.003031242447850564,0.002657857563764538,7.589663615191288e-4,0.0022678987593620623,0.0011353673193312817,0.003169299812354174,0.004878000724954904,0.015022964361503093,0.009848314356307333
0.09980938290995515,0.03487357421471475,0.017284832470559633,0.009419014616077142,0.1526259876608665,0.009987853587321897,0.09701400242003806,0.0031935107800960425,0.0033785284285049125,0.003925078097306086,0.0036500487237194072,0.002151649246063304,0.00501672451522666,0.02723592476938486,0.024186515426393263,0.15658473894624092,0.0014508361008535794,0.003550807421579726,9.846690097087567e-4,0.0016017501624969478,0.004778086444580726,0.0016954355089756328,0.00221359279669457,0.007090765980683023,0.007710933691852605,0.025568405544023575,0.17413709273878558,0.002013735690998878,0.010443840621319367,0.021559377408457973,0.002185293307374074,0.002559850810162097,0.0012086144286022665,0.0157174496399249,0.002212857590461406,0.0015844464402932038,0.002369687720156778,0.0011258602129824177,0.0029704493075321395,0.0014145397275469893,0.003327183104994818,9.534677306675272e-4,0.0025466868807170694,0.0015946393075236304,0.002590484405005182,8.297890385239736e-4,0.002257013879394424,0.0023837697591281796,0.0023685844807305534,7.959669781435062e-4,0.0021383633817944675,0.0010356568585457616,0.0032730223075056897,0.003984319242156264,0.012622618588706717,0.008812688937946466
0.0972018297608612,0.03507693585010203,0.01783611434145024,0.0098057396497575975,0.15004675105609072,0.009184760611050044,0.09662546544287134,0.0033313737890401174,0.0035664795156391746,0.004442037749736774,0.003603357184490158,0.0021095617795094577,0.006330028454744228,0.02529642830375864,0.027323319984596306,0.164788641537552,0.001735219383003832,0.003996035201644079,9.367355651284043e-4,0.0015171198723835126,0.003864268451992365,0.0016299924168704165,0.001111224762578413,0.007988491846549728,0.008157608479581484,0.022794177673011666,0.17082368535125075,0.002119608575667909,0.01107362595361485,0.015681981320286312,0.002276911120802648,0.0023631536072172337,0.0012033963285806467,0.01774785927122525,0.0021025722140574268,0.0016664996545822782,0.002307321891891628,8.877313366403781e-4,0.0026719829297793714,0.0018287774031673935,0.003634305471936979,7.636444968972567e-4,0.002397271462537307,0.0019752733693513976,0.002746011844530316,8.026414718615535e-4,0.0019373135401175756,0.0028862876537639115,0.0025552602202607577,7.266274035575548e-4,0.0021580754860141696,8.944515580475754e-4,0.0030497531803502943,0.003670330922855785,0.015382261952027973,0.009365684343131656
0.10265155058628804,0.03609246694390481,0.018470754329643926,0.009027722300120564,0.14783033981146326,0.008947873363824872,0.09169627831884794,0.002922986928997936,0.0034889054063476153,0.003799239295448208,0.0036641309780138433,0.002260969116886631,0.005295179795118529,0.024288260131801187,0.024255066514679756,0.16160598544161947,0.0016189162841192734,0.003934293040453661,9.035973126294007e-4,0.0016875841274362137,0.0059619492747370025,0.0013742688218959423,0.001377454923209681,0.007665352980222642,0.007033362372898705,0.02351926515837991,0.17809733509412992,0.002231202206029945,0.011412746964062569,0.022016664399158642,0.0021405232902318994,0.002277217855516779,0.001158555363520415,0.0140484377613006,0.0023798646254877096,0.0014956291480141828,0.002424078425951304,8.896571120890971e-4,0.0027444623138557817,0.0014742051285156863,0.003084278507324047,6.827749749854902e-4,0.002323019615518015,0.0019477992515628709,0.0027666157148276012,9.996575891766076e-4,0.0019000301907582584,0.00317375632647235,0.002830099587270024,6.814143194710971e-4,0.0019604917724424225,0.001058863288770974,0.0032135392405059633,0.004733416676127954,0.013137816337889777,0.009342093360043081
0.10881461972735501,0.03814517486126107,0.016724532342759616,0.00976179850476027,0.14950817999975052,0.009088915023593205,0.09435537557820468,0.0028969608569186793,0.0028561219525437007,0.0038365880907536222,0.004563509015530513,0.0022716485587213823,0.004533994187548677,0.02265352321446076,0.023937728655230917,0.16965758435416814,0.001677734294759875,0.004616602561218304,8.511915256151364e-4,0.0017001636418495045,0.003970611791540031,0.0015559211007160681,0.0017752017700377602,0.008288747547713284,0.007817279134358032,0.02304964079215602,0.1574294411615995,0.0020267039245289,0.009562028106817675,0.02083692105299439,0.001801037633838897,0.0026558064583567134,0.0011091477757480053,0.017836521111261213,0.002090620478419008,0.0015007843224833799,0.0024594553329386907,0.001100901790189306,0.002683198176730926,0.0017302263598902388,0.0032753512087434077,6.865325052737209e-4,0.002534423235747579,0.0018595912554861698,0.002581998021625227,8.517010643871318e-4,0.0017061451505492032,0.0029549761855740013,0.002676130613270168,6.502068942611798e-4,0.0019126898984716547,0.0011317109929918964,0.0033694380958993893,0.004535702451908224,0.01579044481675092,0.009750814839738492
0.11171011216801022,0.03712658368250581,0.019088699073053696,0.010105164068834506,0.1512194572077823,0.009848473089381811,0.09512076351655212,0.003163163863360938,0.0033448443668588645,0.003697384797948011,0.003716647159785091,0.0020725236620854006,0.006112188396983869,0.02063704230664382,0.028219657543453208,0.17027479427757608,0.001584460716895798,0.004158892318506763,9.896908237267393e-4,0.0015504141093674057,0.0042693973481879935,0.001464799633855431,0.0013485865421404796,0.00729354753141555,0.007896922221103563,0.02171159979895794,0.15202809581775395,0.0022342911259090473,0.009633364564342068,0.02212392204704707,0.0023425534890756583,0.0022017969725685225,0.001510214129839847,0.01648800737546267,0.0019210783987238186,0.0014903914035606963,0.0024932748663613414,9.435964817758075e-4,0.002701436824940167,0.0015903996442384223,0.003319212400313089,7.943603468362774e-4,0.0024480209554186916,0.0019605678855820602,0.0020686448180281536,7.83856399090274e-4,0.0021284656317104808,0.0030413674294357805,0.0018947661229528176,7.336252107472309e-4,0.002175162125374953,0.0011414386373015725,0.0033933167353666143,0.003870247897955509,0.013240277797193663,0.009578436240120303
0.10040565106604109,0.03591697499806669,0.018835295935815163,0.009417796699378384,0.1417905454694015,0.009878434173426326,0.09579008080620187,0.0033291973965953194,0.003331967864910485,0.0040484924068311294,0.0036310983109235106,0.0023984808101566624,0.005676209379300761,0.025806597125603445,0.026548196939005165,0.1539629326619529,0.0015942378234279305,0.0037883311541952944,8.978608848585327e-4,0.0017206293892159503,0.005177521032813844,0.0016963025383502372,0.00128785779884086,0.00956894175034302,0.00859810793959249,0.02851252514053148,0.17500072917122242,0.0021157485644745116,0.009920869783607665,0.01953959148561858,0.002134874916268409,0.002181011179458971,0.0012615473452466978,0.017285358883995627,0.002016225557225233,0.001468340677321034,0.0028330251478589146,9.667430346935496e-4,0.002801197109534253,0.0016621036167419792,0.003806945793820235,5.364012269695057e-4,0.002440447619089875,0.002162368659460778,0.0028175012457353223,9.840147618541278e-4,0.0021541151497552363,0.0031739654666130576,0.0030641176767636073,7.183129440965883e-4,0.0020897040517860897,0.001038494961960864,0.0031054798190023143,0.0036016537397715004,0.013694900978299335,0.009813941935973595
0.10358689904536336,0.03568171118235444,0.017710759827406327,0.009805720018456653,0.15440765067695653,0.009582489182954432,0.0939807864536974,0.002956684893699882,0.003245132266823728,0.0035602635810518483,0.003642781545775544,0.0019586732081878873,0.005257803966277994,0.023191840868437858,0.02325588827679136,0.15325374487496055,0.0012649011487898768,0.0037524719005694036,0.0011094867482271315,0.001616496586942811,0.003519158836366091,0.0016065750562956663,0.0013414872327687972,0.006933905052466013,0.008503032011674738,0.020605554412358645,0.17608979175618525,0.00210905952634546,0.01121973195980378,0.023911583475386165,0.0022068679567607188,0.0023619268067543524,0.0012852588872020773,0.018585069472406558,0.0022408298885298575,0.0015197780126613486,0.002373461967071463,0.0014321156594079634,0.0025016990484194868,0.0017389324688966944,0.003224959476000566,9.140584071143288e-4,0.0024440222507567345,0.002142649713818428,0.0029425054965309975,0.0011110073942328339,0.0022599168412719807,0.0027525467236231118,0.002728560726373217,0.0010668617118039369,0.002411924471584219,9.910599705057058e-4,0.0032412733480266147,0.003884819068207727,0.013602604131827593,0.00937322452683589
0.11287545293226083,0.036557456172525434,0.017231820443763115,0.00951294749090698,0.14101584990250593,0.009361163809222814,0.088142195315148,0.003106974866461557,0.003399266129987379,0.0033197379446142147,0.003778083143495863,0.0021552606402194525,0.005165229083104111,0.02104760803015874,0.025888165440767767,0.1599685794734833,0.0015965540646611126,0.0034539447378534867,0.0010713690950909917,0.0016906815772402425,0.004284424738511055,0.0015591053120359146,9.899308513802371e-4,0.008435141055604108,0.008249975225893089,0.022900499164874234,0.17804499429089984,0.0023476113274680096,0.010978539450695136,0.019454807394810827,0.0021448138377756086,0.0020373057226949144,0.0014095508250060419,0.01824665410746926,0.002242155559245901,0.0014413123431101808,0.002798796487600276,0.0013331041044309495,0.0025700260839129113,0.0016362427491681815,0.0038821472825569052,6.413752530260791e-4,0.002371046046936751,0.0021154230480499624,0.002742050125752379,8.139644828763557e-4,0.0018674778384882966,0.003078692459536217,0.002647169187454709,6.879914946909914e-4,0.001995339849019829,9.014108017861053e-4,0.0038364939873707623,0.00407126022234186,0.015136631250975087,0.009768195743079704
0.10614745255199154,0.03763987815539823,0.020145014589561014,0.009656883187690127,0.15242331445043558,0.009715030535075355,0.10090110195858067,0.0031616271781346643,0.003147452111069349,0.0032517685501271525,0.0034629783930180055,0.0021815382225312493,0.005459812649685228,0.02225190815220579,0.02546749259163996,0.15802709053287073,0.0014772164211807222,0.0034048882596587316,0.001140501435875587,0.001844521431496768,0.0034499531021343205,0.0016675489912351522,9.588792516667231e-4,0.0070123009219451235,0.007057892024224048,0.021396877521707807,0.16344326543762325,0.0020551430883430644,0.011836405494042739,0.02262612435394781,0.0022158672090831608,0.0020957062082389527,0.0012002274853877236,0.015264815174848052,0.0022277250134323788,0.0014358058328076703,0.0023384324826344082,0.0011598160569063923,0.0027797197031967547,0.0015329779358741517,0.0033274139609345494,9.78673921503814e-4,0.0023847416403113804,0.0020843980888678565,0.00277403789150463,8.524958778216973e-4,0.0021350140117586615,0.0024808193936612464,0.0023367309266989662,6.743571274416683e-4,0.0020923109106258486,0.0010710744745604684,0.0033350623521297114,0.004038523405078391,0.014814216015736183,0.009957175353858864
0.10503204095860666,0.038172727315437346,0.02024759695962124,0.009575426300399951,0.1529911464674556,0.01005392037362832,0.09633564694802625,0.003206108869167398,0.003366081191533712,0.00399648234052845,0.0035668429376474273,0.0024112714385917194,0.0053407111006051515,0.02358547768030001,0.026263050071016713,0.14140424266767954,0.0016876403845281292,0.0033895852549459733,9.759122674583466e-4,0.0016371591617006477,0.004318092690716949,0.001681733460135098,0.0013777863361799144,0.007632539563853437,0.007926438636097587,0.024631012796634787,0.171717336957568,0.0023456259236993115,0.013106114003355871,0.02097177860627048,0.0023473121827119,0.002020858174638742,0.0011342781848227138,0.01923329680237828,0.0023108752117894085,0.0015223605119014337,0.0025220621382219,0.0010496287794453175,0.0029665415482809884,0.0016394122225672784,0.003231361829221297,7.063126508673326e-4,0.0026673936883816083,0.0020544876443251985,0.002770053354752917,0.0010047245106318923,0.0021112055718127405,0.002939137882234445,0.0024862548095708884,7.760669363963433e-4,0.0021184084098260303,9.658215586522258e-4,0.0030313713165177696,0.004228900089579181,0.013419804483450992,0.00979453984363116
0.10422320484966846,0.03677588500358608,0.019423589400971983,0.009775832797487496,0.1578153196041111,0.010112567037601898,0.09162503169816655,0.002985349491403379,0.0031052623655889663,0.0035136855753549246,0.0036540632637163785,0.002288763326345363,0.005479331976763145,0.024690525405747617,0.02443878123355094,0.15369740614363486,0.0014956257897256393,0.003736907656387086,9.932011929051996e-4,0.0016715662744691405,0.004272482053616709,0.0016245481014842322,0.001546274955387317,0.008124902485009966,0.00951430979016077,0.02215700173070762,0.17243240311046895,0.002124875174057219,0.009150324692013592,0.019748659027320575,0.0022678209893974895,0.0022350144647859775,0.001318502263643979,0.01830940076314076,0.002120104738919059,0.0013310800702827196,0.0024117847444145263,0.0011876886086099128,0.00283966747910161,0.0018155053824668631,0.0030402927551756846,6.393062624922243e-4,0.0023463313807725954,0.001972271687184328,0.0025707595592474497,0.0012650342697841516,0.0021181514677908048,0.0033884570279992324,0.003099985723154443,9.089126629711054e-4,0.00231704714149256,0.0011802968516173656,0.003017518966191452,0.004085293811204145,0.011899533691792582,0.008116556028953933
0.10491344972323413,0.03926505035884068,0.018703170134159036,0.009707817728574321,0.15321825187577223,0.00996156886582986,0.09980384008191816,0.0028067334277563447,0.003378817312004702,0.0034743517663763076,0.003742699163086125,0.0020314494311495274,0.004961063077011806,0.022917494271247993,0.02200675641286744,0.1541583802433768,0.0017567642798666837,0.0036307120896764957,9.569530313810093e-4,0.0017906090051455685,0.004481824166814953,0.0018351419167018696,0.0013826717223107904,0.0072792312648996705,0.00798657560804492,0.019299990348443714,0.168355407837936,0.002076860107130521,0.012655299427766716,0.02064737630755044,0.002212407842506566,0.0022759214646074764,0.0013066094957500493,0.01884459456692689,0.002698234854279655,0.0016328109874068355,0.0025391949602926183,0.0012261993722467903,0.002942102849921614,0.0017312773555271666,0.0031509675162361113,7.426447282919957e-4,0.002398300960455811,0.0023012423252329575,0.0025790017854126087,0.001040674312994743,0.0022589808857339647,0.0030599786870410812,0.0024825269536766356,7.556709181497875e-4,0.002158934435850072,0.0010474001730035602,0.003189673063782616,0.004152367014283122,0.013851278928780682,0.008234692574733686
0.10642062501717356,0.03782616594081056,0.018856407963667176,0.00958413053677991,0.15220995422866648,0.009469546404700296,0.09311753515796009,0.0030359624609225502,0.0030425595024622795,0.003728766964795714,0.004743078816282619,0.001869146919960407,0.005138442791620771,0.02300809839315043,0.023965528282033514,0.1559964769117969,0.001752412246939199,0.0040557526246024584,8.866807312839744e-4,0.00144079408523713,0.0049876309347503065,0.0016639011452140192,0.0012067850613407378,0.008306083496245962,0.008840594509960166,0.020059696908346462,0.17234129746101895,0.0022337043005266413,0.011096710610065357,0.019648354876960338,0.0023616490467551882,0.0020183070567061667,0.0010095557971096605,0.019335414787937356,0.0023390693751167086,0.001535084433213651,0.0028975401219163187,0.0010043837649963247,0.0023915192919636585,0.00158407301165957,0.0033779711414919653,7.751537658516868e-4,0.0023580001143815007,0.0018864080315218834,0.002674263198938198,7.870571964579334e-4,0.0019073869042123724,0.0027599736801124453,0.002557993568379641,6.151432630053773e-4,0.0019238370645213707,0.001011096866785396,0.0033001153221025566,0.004536911878337829,0.013394576135221516,0.009124689896028725
0.1048025171572648,0.03709615155730933,0.01887897357677083,0.009660416709373535,0.16042376464893673,0.008989442483003596,0.08788956260237114,0.003205775278981579,0.0033386488172584866,0.003458514573971207,0.0034820904438305367,0.0025264855357908424,0.004927650002694121,0.02484294827180444,0.0260859308907929,0.16584262902288938,0.0022035309980795283,0.004296919429401985,0.0011317661416321268,0.0015811541611441236,0.005472292579754871,0.0017384028425639565,0.0013459874012732625,0.009064088869718928,0.007219948555164757,0.025823487652181856,0.15225956485856465,0.0022773469544836973,0.0108892657879054,0.018464391069424223,0.002139995771995865,0.002359235846743622,0.001286592637342291,0.01751681326600964,0.0023959438209974287,0.0014420559122514725,0.0026199675930274565,9.958398780180048e-4,0.0029329211744511647,0.0014872733007450457,0.003810880415976029,9.82028247200611e-4,0.00237536539861729,0.0019730033732699983,0.0029750520256783524,0.0011026241250196693,0.002215396142548922,0.002596622499884751,0.0022938051070012615,7.46493127748712e-4,0.002049638356457756,0.0010680704374338415,0.0034702047624164197,0.004417589806461262,0.014723616756565727,0.008803321341800624
0.09808716053648833,0.036538941440878284,0.019103055881754892,0.009995386899934202,0.1638051884579792,0.009948354524791026,0.09249763356357259,0.0030576847197637197,0.0032111115543529364,0.0037264021347545675,0.003354119779237509,0.0024190374695967323,0.005033580199213992,0.024321870355996332,0.026067337910898165,0.1583999010021879,0.0014805603818048587,0.0037422336709275307,8.15031160980568e-4,0.0016183427377110338,0.0037083885048134354,0.0015427287081219037,0.0013116261939722467,0.007686616246006744,0.007786403719023635,0.020381850476865953,0.16703378175231837,0.00249550984386108,0.011078982616983767,0.01940259338571367,0.0023209970870828917,0.0021506036018705977,0.0013075641990560678,0.015908223292252974,0.00235311771050494,0.0017307949502298513,0.0022245981632477434,0.0012644467395823093,0.0028111113224004087,0.0014671731425838631,0.0035747381845005863,7.743409667659054e-4,0.0025454798625856195,0.0020363019410600124,0.0027306428165394824,0.001037229161758806,0.0022863032949636333,0.002621274492092836,0.0027308253640429066,6.799823737131558e-4,0.0023141288934717713,0.0011739876896447175,0.002901322848233,0.003957463397854927,0.014771872194044966,0.010674060479410791
0.0922649836337948,0.03675939325540381,0.01848104899211962,0.009183231731047828,0.1630403605835085,0.009501713903950647,0.09744378540242567,0.0031800492934879877,0.003341833703745666,0.003592354937113272,0.003820317817900743,0.0022198029757056984,0.005322111786660931,0.025491019770701017,0.028384002270140582,0.14864040129486975,0.0017517859531952628,0.003017401369987561,0.0011001966221062087,0.0016762879919381436,0.00509420056867754,0.001769923868439148,0.001185296705179426,0.008556952235327627,0.008345745832250251,0.022466051316187834,0.1758012294201197,0.0024028024953330206,0.012163692846497902,0.019537424614087546,0.0021634829017494017,0.0026420988728596564,0.0011050020221607796,0.016708549277137982,0.002074113519509917,0.001480954342032702,0.002408944788018949,0.0011463497271380115,0.002767801105488798,0.0017608138957556083,0.0031992775238799723,8.000474444140195e-4,0.002370604807629594,0.0019351907166271576,0.0025326433532602494,0.0011081753899894718,0.002058897188900364,0.002941692151079218,0.002086636036021111,7.572739821609699e-4,0.002228017229074987,9.980824441607953e-4,0.002531197844351771,0.003979238147730141,0.012594421448666616,0.008085090648298177
0.10045177676066477,0.03702309786620957,0.01863926071144502,0.009269136672398644,0.15359326435115367,0.009599711292428951,0.0947841978635197,0.0030363256498628886,0.0034068414404944116,0.003534634263588526,0.003774753526466654,0.0021297854761690173,0.005575465061043589,0.02259485913056036,0.028321358520295006,0.15182987285069655,0.0014926003775473028,0.00424985277480226,0.0011240281949013388,0.0016672371833054787,0.004823295405324881,0.0015379140492871558,9.82085490577541e-4,0.006670126418705537,0.009357275218899907,0.024467426101240218,0.16685743652043158,0.00210348532879813,0.010466492154817496,0.024263990926006104,0.002326263241889943,0.0022897703323399537,9.959450578049956e-4,0.016762253671133452,0.0021883968919738385,0.0018163569752634395,0.002396441589755443,0.0011248247069271188,0.002417558832417466,0.0015704685280899643,0.0039350624749597465,9.636448951024496e-4,0.0024607690185856246,0.0019466589734118973,0.002808199268125232,0.0012204034212768321,0.0020476603101301414,0.002793039259270388,0.0024842693849411422,0.0011086062046247783,0.002042396744934966,0.0011109098196381186,0.0036580331280030966,0.004876849483382961,0.016565743073442458,0.008461887130932216
0.09957921353670837,0.036246084070869815,0.01853994583980179,0.009561398246558724,0.15940544392264142,0.009738552353441635,0.09698231555981264,0.0031536121652089013,0.0030921633821065233,0.0039148686249480535,0.00419462052092555,0.0021806154859179893,0.005740836513498044,0.024403767014850284,0.02235705868351183,0.15999778740198384,0.0014714822252479556,0.0038268137304218923,9.624228073136639e-4,0.00167476561887872,0.0038323963371283865,0.0016722755314365271,0.0013219670174475784,0.006707032009884402,0.007997382619213195,0.02318124973197151,0.16733980975792198,0.0024114237906361496,0.010307479420439428,0.020196891567756434,0.002263911426677143,0.002137388026450406,0.0010787077279868983,0.015497937642698932,0.00238619192871103,0.0014405688439734974,0.002400949884961115,9.954542224376794e-4,0.002940317649497449,0.001713132313392947,0.003570932960046705,6.79419876102587e-4,0.0025006361916196027,0.002107826461382488,0.002742530349417385,9.43375702060339e-4,0.0021938817829374358,0.002893751594883253,0.0027931609203703397,9.99942912517541e-4,0.0022763517138625895,0.001058144799040942,0.0028638853683101177,0.0036120315572921884,0.01396054919133779,0.009957343463548339
0.1053975322020169,0.036572709897794015,0.01705188355433454,0.009134992899141322,0.1512984863235371,0.009946159427418576,0.09426797378167083,0.0029515635869464276,0.0031134927867581532,0.003939912696821767,0.0039693108301773064,0.0019300608930353112,0.005890590174403767,0.021517344526127365,0.023468504817158186,0.16520457797537985,0.0014352518048713254,0.003909449947698318,7.935643654720345e-4,0.0016213966949903587,0.004860829448926945,0.0013967548235317537,0.0012361696813357427,0.009591379267788625,0.008587118150295748,0.02530461242097436,0.16174376804144636,0.0021995958838366275,0.011368710602822522,0.021903845714956974,0.002201157508926714,0.0022562027242618377,0.0012361755809654075,0.01603323622584686,0.002226598895854505,0.0014587219575707844,0.0022519205213858058,0.001243878430498673,0.0028173760046468887,0.0016563903418253955,0.003415807800733817,6.865565864613183e-4,0.0023470719503445618,0.0021012455135068714,0.002673581245943764,0.0011951605553478693,0.0021587439459524933,0.002595727517385378,0.002159322205596078,9.657503155850715e-4,0.0018621376574607944,0.001004625614586774,0.004078334546398295,0.003955333031667548,0.013656915145103112,0.010154484954474253
0.10194592559274747,0.03511451013266727,0.016669751297673327,0.010064161888415699,0.14982434321890045,0.010254550945164264,0.10311968484510674,0.0030617973387349604,0.0032292719374408516,0.003917138220541108,0.004301415867148341,0.0023771495828707988,0.005288169501530753,0.02398202934597479,0.023218165787393715,0.15779363630638957,0.0019220699071561943,0.004425369717569201,0.0010193036099056909,0.0019465637334698375,0.003902633412000575,0.0015773325491796717,0.001160622750203399,0.006878904881973955,0.007693839807006766,0.017016906222291725,0.17348463747075696,0.0023208286641839865,0.009790938416185398,0.02365471994861502,0.002484354886613695,0.002341055377479269,0.0013312224643214387,0.016782008769817117,0.0022871561311337005,0.001596617998035505,0.0021920539711925177,8.527241068928495e-4,0.0030596034910913557,0.001550718434282624,0.0032724233020930194,6.149934730815453e-4,0.0022473684985514102,0.0021207025109992402,0.002757229633534797,8.430242095410853e-4,0.0018029375912040812,0.002769467550942378,0.0026196778339541843,8.894609863585933e-4,0.002042240010851282,0.0010819401690520657,0.0032660656754917292,0.0041993576360868255,0.014346016321056289,0.009693206067142936
0.09843945150792377,0.03496947792322662,0.019407751487153194,0.009265462176027691,0.14762401735251213,0.010245834648200263,0.1007941607005697,0.003047888335155104,0.0032065320292722238,0.003640809723862448,0.004196816087546795,0.002192091484399789,0.00561234821756173,0.023295995339434,0.02781061332749046,0.1748585111745413,0.0017727776642283693,0.004570744256695466,0.001008428715724553,0.0015681933255929277,0.00471540128988488,0.0015457770035584445,0.0012301249781546983,0.007961034308703532,0.007780490072240132,0.020022266947018325,0.15469600762179359,0.00257318122696059,0.010775547187211913,0.02303445277091841,0.0023201513215544423,0.0022928998629012515,0.001307070813000578,0.01595099792171086,0.0022021347162890777,0.001456163771956349,0.002347088832644234,0.0012070166358721763,0.0028888758240980684,0.001570769091816248,0.003519464044763163,8.082294619264776e-4,0.0024697271445612142,0.002096320495348957,0.0030574371420051204,0.001209012567855143,0.0021935523718700305,0.002703979047434131,0.0027076805979029356,8.494505673628701e-4,0.0019464084708988318,0.0011263783551895574,0.003358766879517739,0.004047758708590813,0.012681505617984229,0.00981897085138243
0.10699856913861829,0.039830934484530456,0.018096236425785173,0.009607023028680195,0.15367524880882402,0.009285103037519313,0.09762986267533469,0.0028582845100294544,0.0033435574634477095,0.004100283456230122,0.003706616629493655,0.0025248637114401707,0.005012912876891579,0.024969398659747014,0.023222687904038055,0.15180217560793818,0.001491568991537651,0.003718294742206145,8.991893804258563e-4,0.0015348304576886722,0.0039629260127443935,0.0016596247284084951,0.001242089007532253,0.006919378296397014,0.008891039519641908,0.022006616829558144,0.1690239156709567,0.0023107674226907396,0.009586985942340767,0.01946647118030415,0.0021573118788421725,0.0022542789807876817,0.0012799467285319697,0.0177051313522709,0.0024657940579785654,0.0014958112856060545,0.0024403491202475668,9.992943841034849e-4,0.002802092001424983,0.0015942424912449478,0.003611053778644242,8.253687919157347e-4,0.0024303887650343825,0.0019715674113686328,0.00308577659773045,8.698057611320096e-4,0.0019404953384258555,0.002973134425314315,0.002346060251702778,5.542923071732424e-4,0.001990054472366042,0.0010998763150529502,0.00336220426694165,0.004654173496400056,0.013571083004337795,0.010142956134440634
0.09645311433392452,0.03596799414881764,0.017285899394723626,0.010003972478847548,0.1502746336579835,0.009966997817488988,0.09716985870909946,0.0031414773040809164,0.0031107465081228287,0.0037388398203138454,0.0034677082001891065,0.002249321630058348,0.005602166343107833,0.025116398964349602,0.023816087521976954,0.16772930565102528,0.0017457714132047045,0.003855501990151569,0.001077261028658393,0.0017974397753504543,0.00468969120003378,0.0014511763307401594,0.0013657850096081624,0.009238550469034087,0.00827292083429058,0.023700797781753505,0.16266352764805028,0.0021887018984545043,0.010422753743038396,0.021933828757432904,0.002111896284105238,0.0020876534854111536,0.0012026232258982629,0.017515815334841665,0.0021655558645264973,0.0014186676836930353,0.002657121922316008,9.529845537335691e-4,0.002892067014979776,0.001666684071043421,0.003458541380472489,6.091991307355081e-4,0.002555216949697396,0.0022771912893756684,0.0030104024328752184,9.010915317402674e-4,0.0024097864145543745,0.0028733364085906264,0.002819068297979948,7.123019296880696e-4,0.0021400743121923645,0.001087778912905022,0.003614950655674949,0.003937201479946389,0.013549160486940673,0.00987539858217096
0.1032447528328041,0.038575824082419836,0.01815135628037696,0.009227398592007902,0.16493328106321245,0.009646251271163654,0.09032069500519464,0.002940719169451281,0.0033101344003064114,0.0036605788605193375,0.0035926508068537567,0.0019540862946566557,0.006478690440154832,0.02496414257330298,0.026933728098123142,0.15477173346598025,0.0017728338522378208,0.004206243363679185,8.830227873190842e-4,0.0016731026776159658,0.004596967972923022,0.0015096823256956278,0.0015270180561197957,0.010739274242447434,0.008630170247669234,0.023153185847748742,0.15825199775456575,0.0023319017893480955,0.011221473028367743,0.02234839502639926,0.00202544253983912,0.0021456552314939726,0.0011731032540894734,0.01660649310154531,0.0021662253018980226,0.0015604769924485366,0.002359420909286546,6.435312821089534e-4,0.0023151023571342743,0.0015644944529884118,0.003532010993331908,7.404476852287653e-4,0.0021684899353832943,0.0018126468806132267,0.0025286022537455723,8.345862502978338e-4,0.0019788049857920437,0.002637822379647905,0.002393786432378266,6.391510065497166e-4,0.0020611681383447705,9.261747522514656e-4,0.0030179539812997536,0.003970123609293637,0.013273428178950965,0.009373564905393315
0.1021652699865219,0.0375941039288169,0.018436494549778033,0.009239685163058982,0.1521350264245577,0.009458943357690567,0.09396050135464626,0.0030692849563599797,0.003495300988664669,0.004280993351020963,0.003283743342168978,0.002076893563887444,0.005357854123062203,0.024193121396818427,0.024646193440430692,0.1607086211378438,0.0016956029681149847,0.004189245497603195,9.48485802444638e-4,0.0015105839837083977,0.004458299225601538,0.0014217422254231107,0.0014031156665021882,0.007630037554884397,0.007667657235385568,0.021307493229919403,0.16307958146304122,0.002497381862097338,0.010838146255686139,0.023007088248701266,0.002243143254174679,0.0023172091061634073,0.0013713888748516751,0.01937039158261837,0.0024151838327748196,0.001665077529689248,0.0024623677647162457,0.001064912002136017,0.0024809702999664474,0.0015343967474151078,0.0033439587000170055,8.957963944598774e-4,0.002539660821940948,0.001990394050646251,0.0029783361551078205,0.0013304634075266746,0.0021486728195428463,0.0027454746971585886,0.0023217180445023783,0.0010170355938281625,0.0020176026520681506,8.955701938761523e-4,0.003796345934780517,0.0045854948809771106,0.014866721854582874,0.009845220520037678
0.10149241003557105,0.037981992873332045,0.01858956244689531,0.010051403981450874,0.1561012835977409,0.010458133483165042,0.09210667297285079,0.003185355879790662,0.0030276998041614263,0.003778728223281667,0.0040660904396565434,0.0020496165515305953,0.0050568239574250535,0.022408388406599103,0.025117126762007863,0.15058116489141612,0.0015595793592098465,0.004408126179727809,0.0012206662938733918,0.001586315302910027,0.004894421901539498,0.001599849941312348,0.0012240499040420945,0.007068400400137343,0.007828649623484204,0.02038709894408164,0.17302160287776114,0.0021199225826142474,0.010430080633494189,0.022718012394613525,0.002076874808301078,0.0022223203224524903,0.0011539526189947066,0.02057591411071935,0.0023599814001508674,0.001562771819898409,0.0022717960198989045,8.079773621935803e-4,0.002395132066941654,0.0015842808320597056,0.003245327121302424,7.102497944804085e-4,0.002344751315634783,0.001978111407552166,0.002537581708224268,7.111660130797652e-4,0.002066917081788052,0.002893740647582846,0.002486391126523131,6.396124663293237e-4,0.0019841642631299875,0.0010572465310214575,0.003496582086249587,0.003959555684772722,0.016022076561423654,0.01073629418361824
0.0965235939079854,0.04026762341725708,0.01905228321746301,0.010151233515658425,0.15476968179075135,0.009908447290291595,0.09435685061239418,0.0033483096074706812,0.0031236009917992662,0.003952319783037004,0.003851665159196857,0.0024035261628876335,0.00610303450962619,0.02666457401409394,0.023336622950024286,0.15941645587610873,0.0015734220506399448,0.003175071886001669,9.117321521113979e-4,0.0015146908869703081,0.004277454411302764,0.001912484952184752,0.0013201135922961563,0.007663292057742614,0.007502134988346141,0.022478198955509027,0.16523770952996908,0.001989137859459484,0.01309856085006637,0.02083609700881036,0.002215577761976517,0.002502442291694306,0.0012227230534865876,0.01833439404039452,0.0022238220444195187,0.00172706691627282,0.0022976909124517186,0.0012844598271824024,0.0025703581232190686,0.001588983332123497,0.0029107965125550164,0.001031093237577862,0.0023802078189432865,0.0021124614850515644,0.002719913773530632,0.0011487930463149978,0.0020544838391190266,0.002798270140007835,0.0023757405298296297,7.839078926718838e-4,0.002065357830143231,0.0010605866433402004,0.003194180337542802,0.004094649243376042,0.013954600200064246,0.008627515179255127
0.09656040167643241,0.03859942411851535,0.019955310180487275,0.009503100688011941,0.15385992070013652,0.009394154903532083,0.097837161650088,0.0029975946796500044,0.003416491072265142,0.004265535759307362,0.0035350306035060444,0.002368460345609859,0.005456531241106426,0.024983522745924653,0.02483976301545477,0.15890118676220327,0.0016622477864555241,0.00354395108003705,9.383703196183223e-4,0.0016303040101649953,0.003888350242606484,0.0014694617290125181,0.0013910526418128635,0.009571404616072353,0.007406366864437593,0.01936329013428975,0.17013531715847316,0.0021739375446588414,0.009851537900334155,0.019969671454472412,0.0024326260060146742,0.002264421384132973,0.001127567967439769,0.01661555729574795,0.002078820994063205,0.0014793225407605819,0.002637972622143893,9.886772249588064e-4,0.002678381193159043,0.0014709912792589099,0.0035270436588816264,7.09477073624596e-4,0.0026439624727020296,0.00199615809417215,0.002495847219151948,9.878375817942877e-4,0.0021296980877746063,0.0023774037106926087,0.002703226603637763,7.775191757301257e-4,0.002137829865307625,0.0010255521388015173,0.0030202661226253775,0.0044084499737138344,0.016084234204572025,0.009732301884461012
0.1010655855501962,0.038820796422748306,0.018166567559997557,0.00938745396370717,0.16056193925910348,0.009868513943667258,0.09379916950779812,0.0029612085493123086,0.0033630747839618813,0.0042229012694515525,0.0038754430408128996,0.002478505791307986,0.004772502263672646,0.02716647419577258,0.025902730177826017,0.15017249854566092,0.0018124611179439947,0.0035337503528191706,0.001004904265298544,0.0015701649794240375,0.004579859344280873,0.0016622333215378499,0.001485952180475996,0.00990181378982945,0.008327032521550573,0.024558409356303736,0.1574203110117933,0.002426023791336198,0.013179304499158996,0.020333804126889208,0.0022578990202275252,0.0022885717031217436,0.0012576172247848435,0.01649635356884048,0.00225177191504612,0.0014960490328408116,0.002358010381126643,0.0011099709466223819,0.0026365214638297183,0.0016309777551335293,0.0034821393710729905,8.503084239396435e-4,0.0027656692308394887,0.002135630398857633,0.0027796001516790037,9.774467925520727e-4,0.0020318852974623887,0.0027638340159326425,0.002561018233424308,8.274581650578221e-4,0.002187029447734442,9.883753308675542e-4,0.003430601167275127,0.004713071823729226,0.015151734621238262,0.010189065033124872
0.09934518906473415,0.03706921627869504,0.01761148028384198,0.010057937491250366,0.14145093291023703,0.009529167074648175,0.09817156629981943,0.003227739380714426,0.003457545043090447,0.004155717421980057,0.004005286771910857,0.0018400618669563986,0.006156885891237879,0.023204430092518154,0.02830359679666342,0.17125170730367428,0.0016466206109380125,0.004304777299286743,8.875953774677126e-4,0.0015842340713267723,0.0046915981327223955,0.001676397378529748,0.0011834599032688885,0.010095114415704189,0.008114109392671109,0.02103255798485386,0.16409530051790183,0.00226292372837326,0.010315094944016029,0.01944345083939674,0.002149909702287401,0.0018875276835456354,0.0012109904873571333,0.019852413029160874,0.0021001780673078675,0.0014739034623641213,0.0021822713610645515,7.375988306957871e-4,0.0026657843661205406,0.001529850368598303,0.00324935792219002,6.975958901291801e-4,0.0021228430613545015,0.0020830112768935915,0.0029967852056953202,9.614811837554579e-4,0.0022443548922102393,0.002775502159300557,0.0025290105021764553,7.252855148626836e-4,0.001934778061688689,8.884332638224225e-4,0.0029646299319753705,0.004214552927295833,0.012916300939065442,0.010733955340652681
0.09863050370419926,0.034938504690604354,0.018074507131932645,0.00939961027673249,0.1519424228229712,0.00968744574679793,0.09757331509970864,0.0030153533002525773,0.0032079547032347585,0.003180682070617059,0.004304059691934267,0.002189567867078932,0.005428821899150711,0.024362063896367508,0.02458412052845101,0.16679737843478232,0.0017212837289828813,0.003827897774722404,0.0010558736878781738,0.001658906965851009,0.004475445574333952,0.001412493962978773,0.0011751731670595054,0.008014257847917467,0.00782633388014605,0.020550166251038837,0.17076518748909525,0.002138112079757823,0.01004529032326006,0.019708903750082152,0.002278702995788166,0.002393391706994178,0.0012196779374401166,0.01580230694893238,0.0021692297911619692,0.0014195244683290883,0.0021438669921941024,9.165738915978828e-4,0.002899524502999478,0.0016818724509073176,0.003538270516385657,6.999458467276905e-4,0.002352942918520856,0.0019944682144105224,0.0025009576788279624,0.001173389902295069,0.0020326766631296005,0.0028172477294576607,0.002845524326345203,8.744478414242239e-4,0.0019939080777464976,0.0011816577072300968,0.0033737282521126245,0.004165815321058156,0.014515154244887593,0.009323554725175834
0.09532131606151657,0.034310132804749253,0.019133771090364057,0.009833924586064701,0.15224839302574886,0.009312750985956634,0.09223337538448077,0.003069265602543146,0.0034045967472638426,0.0036271922846131694,0.003414518585780797,0.0022348642996578363,0.00682422123961857,0.01962322087535461,0.02801195013452909,0.16238830313107125,0.0015747461438806178,0.003946383793749148,9.654247314426869e-4,0.0014274146337043083,0.004753350922031249,0.0015575010238275506,0.0010864546111471454,0.009597295911085756,0.0064151728697474306,0.024482441786858707,0.17017367600121525,0.0021947390977366623,0.011638100991004225,0.022363430074768362,0.0024828125150951103,0.002290172534089124,0.001319342970205945,0.020463604224107076,0.002238846315617386,0.0015914687947459509,0.0026377313878549117,6.850631156734393e-4,0.002672512721691486,0.0015288339121096446,0.003669397857282928,9.083019480853756e-4,0.002380299733039574,0.002135487926404369,0.0030493520968996853,9.56289152385124e-4,0.0018341922732894673,0.00291073565916882,0.0027729487702869726,5.957896264606419e-4,0.002044521596783787,0.001105096508565711,0.0032068392555655223,0.00373309522025556,0.014311169294668467,0.009308165158155714
0.09908024386272075,0.03672214108292844,0.019072003863680815,0.009568194091958438,0.15683606186352797,0.009801684989656409,0.10496811846414657,0.002935153531845086,0.0033176258119670308,0.003730089257727786,0.0034783913537113666,0.0018730309120597445,0.005458346560103125,0.02358849634539289,0.027680045372933608,0.15037324823427592,0.0014823186118725956,0.0034078585989232076,8.683546235191001e-4,0.001757908049372009,0.003973489689994595,0.001503691140094362,0.0013832316665462058,0.008874615710959906,0.008696024372270052,0.02500456624056137,0.16509707593657352,0.0021941954584164328,0.009359323899659927,0.01958072438111189,0.0022101373428754004,0.002141865543097057,0.0013917064499394415,0.017003927052328227,0.0021246188058442607,0.0014542002788132306,0.002211000308529842,0.0010000483838446734,0.002946330520403493,0.001438740025315736,0.002943414337852078,8.310127039539816e-4,0.0024842656856169892,0.0019460306635819388,0.002584663917583058,0.0011253752874676884,0.0018179627169413967,0.002794470095660653,0.002788437809953413,9.050091347649565e-4,0.002200564982941393,0.001048839031971464,0.0033529782203512155,0.004248628993502857,0.01297058297563452,0.010368934752719928
0.09920345559483798,0.03707798526980268,0.018055461697373237,0.009811017298597045,0.14869438407215424,0.009778308554882565,0.10327614191502325,0.003338393700075805,0.0033742621995297762,0.003696715211628875,0.003660203814673499,0.002196335137245222,0.005274192923875381,0.025123592371727836,0.024611155524922948,0.1641308378681096,0.0018951611650323429,0.004006247171924353,0.001007935870526483,0.0015928990533195036,0.005315335419518755,0.0016925254400170608,0.0013722225252672418,0.009822165265382397,0.00832422021012428,0.022597363564308217,0.15762722022338915,0.0019276950984019063,0.012544127721819131,0.01886990019531586,0.0022114580200811467,0.0021539273136031902,0.0012232619769404248,0.016162333328127932,0.0026257789954233935,0.0013486700216001014,0.002503288529806943,0.0010808459828286687,0.0029407588850230404,0.0016766697137690675,0.0034862819533520955,6.094572937099657e-4,0.0025893044310626523,0.002136409203485775,0.0026720530877245427,8.866096557114119e-4,0.0020782433063540285,0.0031793945432384125,0.0024744628703593347,5.636073032623606e-4,0.0021270920008590287,0.0010153265214265588,0.0036859391993781013,0.004797206087229546,0.014414125496260652,0.009460032200574984
0.09961522337128868,0.037492596995366695,0.018783169218395037,0.01012313841565466,0.15256989456663844,0.009386849427944462,0.09556485893047251,0.0031294756264268644,0.0030983483855739377,0.003999472398667586,0.0044104931113149,0.002065743580175498,0.005093818686476483,0.024400979346588796,0.02257041104079926,0.16089362548392974,0.0017536246690761969,0.003193778547693672,8.677457754106779e-4,0.0017718630061062633,0.0044190192079439266,0.0014037760924633588,0.001210353847615352,0.0069977198696699475,0.008550212255045661,0.02288620278868766,0.17009615157439023,0.0023315686955865593,0.012032217685832312,0.01984478723224993,0.002366880600510982,0.002288422645406177,9.229211455735104e-4,0.018329662480263683,0.0022359540634373817,0.0014381648822887124,0.0027930649783316744,8.499494794516511e-4,0.0027157455040869756,0.0017211564971886658,0.003189090503021164,6.967179931422184e-4,0.0026947334809163197,0.0018799488638552666,0.0024021190166798765,8.936519350695159e-4,0.001786554274385982,0.002500131513508159,0.0026494985625316607,8.007256901553449e-4,0.0023307626967082875,0.001013427146629056,0.0032663580399345062,0.004723027158600669,0.013537219305673353,0.009416991709163937
0.09693362704720102,0.03478896900521013,0.018972433145660286,0.009086884894972894,0.15813184659341645,0.009188567906907485,0.0914521120179682,0.0029653476088888834,0.003327755126763208,0.0036397137469030903,0.003613127633831595,0.0023942433803985017,0.005602538156122236,0.025875805913853325,0.0248689619029636,0.1561507370968463,0.0018011270804477223,0.004467121660653761,0.0012556174059274766,0.0019303840196200597,0.0037823974774903557,0.0014359337919004952,0.0014456180521973687,0.0088482708124881,0.008407532133995326,0.024350561576438157,0.16768346014475471,0.002487582937614429,0.011153993419836937,0.022784314992490267,0.002516289170938999,0.002246412028518765,0.0011997736227659086,0.019223892003521235,0.0021594965053000773,0.0015336936101799246,0.0025939452025788828,8.599819063009494e-4,0.0027303652891785216,0.0015701580664789438,0.0033252205225093798,7.909849565084936e-4,0.0022649730209757368,0.0020003472662470908,0.002733298626052069,0.0011906029770030447,0.0018358034995736663,0.0028413190077156416,0.002298712386014514,8.206920271754958e-4,0.0022158081290949982,0.0012360937703087007,0.0030442452932971874,0.004058800646370945,0.015652839655173112,0.008229664126455467
0.09312626586278602,0.03535767798394419,0.018331016270418696,0.00995323337532724,0.1611015055854943,0.010015497620766839,0.09586158688693133,0.0030055444466612034,0.0033403629029229802,0.004230620546364403,0.003423780065770269,0.0021184652618749266,0.004985623560961109,0.025610434613846402,0.02465465712822213,0.15593491640748194,0.0017213069349699436,0.003780541747280754,9.304633948485394e-4,0.0016062372124232818,0.004617688537319114,0.001847445818160526,9.399342754751562e-4,0.00884972267842101,0.008424034033175843,0.021264730419865492,0.1696245712695995,0.0020514650192568944,0.010793280951762598,0.0204775367889249,0.0020573045866310504,0.0019016284341603577,9.748760302369811e-4,0.018499867785438818,0.002504721254393557,0.001501437712058927,0.0024609756121446716,0.0010502891421087627,0.002588803369435458,0.0014526319501336666,0.003048592903386801,6.794429730235135e-4,0.0024035584780144337,0.0021404674830962775,0.002333997082720077,0.001076825064933655,0.0019150614686553277,0.0027207673837015968,0.0024284580611457474,0.0010372287434105413,0.001729039687097077,0.0012234929119233687,0.0029776395446389796,0.004934928335545556,0.01624091527167198,0.010136901129035205
0.10063120833925196,0.03656370180399685,0.016465234857645693,0.010162560561908314,0.14941851310135107,0.009107306149634052,0.09639409962049504,0.0032963970768579752,0.003168215940306737,0.004466819020061855,0.003353948246563999,0.0022029981967244083,0.005435160409987437,0.024636405159609118,0.026722343667730995,0.15861287387911227,0.0014406915106680127,0.00403181767733665,0.001216684942986934,0.001764807898056622,0.0042509264679782876,0.0018852927245999146,0.0012406328235520451,0.00787717624941752,0.007897441900372143,0.024758336263841104,0.16830687116148024,0.0023847959557053073,0.012572957887289302,0.018997973962184077,0.0020896060271873105,0.0023057114908748184,0.001275509822106221,0.017005805578010267,0.002267006736620808,0.0015346172852541656,0.0024698758666716458,8.178109564728658e-4,0.0029569655492270508,0.0015882412345090758,0.003979723472428774,7.411458893230108e-4,0.0026609305643946063,0.0019432281787525128,0.003265488865539779,6.271642415658568e-4,0.002427985759558631,0.0029959743018925632,0.002769215841235223,7.1533606136242e-4,0.0022884794989264483,0.0012080535755381648,0.0032699380040688507,0.003618027662933598,0.014907761358285525,0.009006202720553767
0.10077673824882816,0.03600668084444358,0.017690652482459462,0.010105978093352896,0.14226027114306922,0.009838638226233687,0.09146961109417048,0.003254440528357138,0.003221379636808895,0.0042617522635006,0.003272704483918852,0.002088235072898504,0.005092781001904549,0.025469856206155148,0.024641902003704048,0.1711019824739638,0.001681821898663317,0.0036071151229770102,9.070908416613291e-4,0.0016242127407057661,0.005122788953852505,0.0016692489466682183,0.0012730355218539189,0.009835632100007383,0.0086697758826334,0.021100481597973116,0.17504406869515898,0.0021865461302991085,0.010475268874455455,0.01911102804487239,0.002242544882942372,0.0021200343938152597,0.0013627015613878067,0.014719791214049127,0.002067930175354005,0.0014202429797142385,0.002691889828693757,0.0013477022576024182,0.0024916140073196905,0.0014767339198102228,0.003135729670600503,8.925242582001917e-4,0.0026483183209561286,0.0020609017334392754,0.002393695155093934,8.911839257624215e-4,0.00202180760664846,0.0030556715541721316,0.002841872042880124,8.76531912069358e-4,0.001991576201000124,0.001189495309756358,0.003182005012912896,0.003767905613075434,0.013459199850505324,0.010788677456687473
0.10600011991078886,0.036186640931746596,0.01747170302538204,0.009573175627598747,0.14265621612375298,0.009812832763307243,0.09783128649664795,0.0030659004598509033,0.003254655826055148,0.004113531230590473,0.003375982923791346,0.00213867559511544,0.006350919866794932,0.023116501115334313,0.02228253206769141,0.17313321071296353,0.0017142354305736795,0.004177711804881479,9.980893385481368e-4,0.001727206878514841,0.0043078734015987745,0.0016471780949490792,0.001178954631157487,0.008183849827491717,0.007126901595056022,0.02544844299460174,0.16057976444210686,0.002142246702836147,0.010347412466899587,0.02388353165258776,0.002317024405639038,0.001958169417487608,0.0013196230921825036,0.014183111904166344,0.002169321548731818,0.0014248794348093766,0.0023778303972559916,9.170073997007175e-4,0.0024812349243677635,0.001676080537680301,0.0036129372088708972,8.031037579747519e-4,0.0022030695181694043,0.0018415359883972708,0.002306323656019488,9.61565299095573e-4,0.0017798784871874051,0.003126579573183548,0.0024201886891515763,8.581264827449548e-4,0.002050448852254978,0.0010042954754276245,0.0031906645350815803,0.004411563399982114,0.015955883401143144,0.008822268674078907
0.09841495581261071,0.03519808990918151,0.016777543010429462,0.009644433423547028,0.15164244015469802,0.009853989199897526,0.10057260229420133,0.0031013212717865063,0.003363284643437629,0.004234692931292132,0.0043484259258513985,0.0021105662236720743,0.005325544081684133,0.026519725831335415,0.023058681269373205,0.15622896326510094,0.0015445592860765145,0.003996685609566327,0.001112910123197482,0.001669369158399212,0.004981529818671486,0.0015144705573274942,0.0014119737116219968,0.008733637778254909,0.009124639616738608,0.024117189647348845,0.16765892423744821,0.0023267911930203874,0.009304872973120985,0.021557779113536443,0.0019848434831053374,0.0021628184616833477,0.0013444794152530945,0.01732208736111115,0.0024441243097341604,0.0016196552552170402,0.0023603576237064424,0.0011977179349620282,0.002890476033572124,0.001593870980661244,0.0035865697165729264,6.994928109444131e-4,0.0024672819563027575,0.002116234315853216,0.002569415458422849,9.11185487293719e-4,0.001908708316600309,0.0025690471360169994,0.0025113424695949182,8.242253554042915e-4,0.0022799613710511074,0.0012884624280755917,0.003125869150988934,0.004235065436359476,0.015399098032496948,0.009137017626587649
0.0982022430741396,0.037041019787774195,0.01736092185239793,0.009943687378403652,0.15761188210685237,0.0103696678684446,0.09632147050726303,0.002750366662454469,0.0034979155441617438,0.004355187710317656,0.003158655033199885,0.002326639848547825,0.0059715351060054215,0.025419457907855224,0.02390009587204246,0.15413869546461018,0.0017023864375914552,0.003402881889139864,0.0010947993062706094,0.0016474097729827445,0.004522876381234491,0.0015421127991252406,0.0012777420895372876,0.007845711207799248,0.007546374944868792,0.021864415109154732,0.16700736171084812,0.002429222889229321,0.010324520171835926,0.023604747694898346,0.0027506933676497113,0.0021239376339344707,0.0011541155429368544,0.017961786850276964,0.0023101201843964605,0.0015575883750807216,0.0026708540009473783,8.14635203846462e-4,0.002815620180158239,0.0017356098189815618,0.0036396173882114933,5.671532313123311e-4,0.0024309896714590313,0.0020007175158705498,0.0030371888252406954,6.878632220881077e-4,0.001998017195537726,0.0030561196857045816,0.0024624328712531526,6.25256974411508e-4,0.002290043805081939,0.0010016021282011041,0.004112486187737607,0.0040268024494059034,0.015269108348467546,0.008717635212821626
0.09722039207812333,0.035798954243680424,0.017786653673263757,0.009750342739009741,0.14935997938292991,0.010116172600536606,0.0984451813475635,0.0028040481626815553,0.0035973250662876643,0.0036561626245066757,0.003067439203301332,0.0021947833777043392,0.005211201939691952,0.026043118327028596,0.02633278379890799,0.1573695493579269,0.001515521769640724,0.0037389920644326866,9.012113781345342e-4,0.0016588374289439652,0.0051300742223796,0.0017643014110114415,0.0010737053557313635,0.006969434148818967,0.007486415497182279,0.02544489861509619,0.16911692692421473,0.002006211233773698,0.0119382593043618,0.019620056832683117,0.002003700122105283,0.0023268738703800715,0.0011662941608725978,0.019847905973244106,0.002153396942175053,0.001310980609417669,0.0023706878387810774,0.001137775079383364,0.002840480723054137,0.0017208452776272338,0.003483695371764873,8.411588214321701e-4,0.0025666748238514277,0.0020449522585867953,0.0026342135079039765,0.0013792600857812766,0.0019387165875554427,0.0029228858051041956,0.002473953589078533,9.925082394674797e-4,0.002098729889614439,0.0013804512142275257,0.003310595371150991,0.004296958365030886,0.014333353642308878,0.009304017720551196
0.09920257027381221,0.03595814831472954,0.020641876966318026,0.01016349768266195,0.15914298987185144,0.010038118051436503,0.09365734780731592,0.0032927967093874587,0.003246736451226023,0.0040125661324985525,0.004044219587369263,0.0026749919689487934,0.005339445111004681,0.025263202851111215,0.026417699402796275,0.16590530306204349,0.0015103187890388016,0.0051605852438969336,0.0010759121924172187,0.0016962766885353171,0.004223003994960277,0.0016318624492405631,0.0013391540993542507,0.009327688266654288,0.00802520097552622,0.01866194849024126,0.1481681022453232,0.002437304517487477,0.011703476790664656,0.026616600507630848,0.002014168130690295,0.002344689430868075,0.0013848309231270697,0.016392893884897945,0.0025454975659213175,0.0015566871610837427,0.0026519489627977928,0.001196300365429153,0.0031312957489827114,0.001520854784315224,0.003889526239570032,8.060787710976313e-4,0.002370974869131237,0.001998094857985482,0.0028496288334136422,0.0010716746100383142,0.0019502845099282195,0.0029905365519241776,0.002645657182169349,7.130951518005527e-4,0.002077364861267784,0.0011842417974531612,0.0037126865654548884,0.004301177697217365,0.011693383059530946,0.01042748198842129
0.10173362409316997,0.03421127134297927,0.019501677978062543,0.009149249604838794,0.16066754031350988,0.009985868339588255,0.0954762161619626,0.0029400222968492006,0.0033518206318645205,0.003590573513777551,0.0035009331923356785,0.0020172772862740553,0.004964784640157088,0.02550213355675861,0.024559577461446942,0.15658173528484282,0.0016352958553890768,0.0034337807696645612,9.914460889228504e-4,0.001677826384610859,0.0033170379873962213,0.0016459244101302535,0.001521137042468317,0.008998132747543717,0.008217252058741076,0.021500216122427737,0.16749668510795068,0.002156680013054214,0.009447889804955107,0.022347157445672564,0.002271705372147493,0.002565278391003342,0.0013071829585114207,0.01635807775862616,0.002256303488395556,0.001351355023452158,0.0020736790585118817,8.298806831194624e-4,0.002908247783283745,0.001541253514092673,0.0034290535002752484,9.010650243147549e-4,0.0026129666565704495,0.001930844438840275,0.002829058549135689,0.0011854420414980377,0.002299152449301829,0.002771510089585962,0.0027660393687161957,7.206582857363512e-4,0.00218096842887869,9.928312999331623e-4,0.003129695880257211,0.004093936898916376,0.013241838550661552,0.009331206968889255
0.10517690959295745,0.03844832357764703,0.0191408335520062,0.010012467778600537,0.1502563322102033,0.00976240648344633,0.09175687007558234,0.003079572570735986,0.003075365146742195,0.003679896170133238,0.0043742287555884295,0.002144295987370572,0.0056911438268853285,0.022688891705237236,0.026933294273582396,0.1567738682111151,0.0018655514952918156,0.0034515359124018636,0.0010087865159017304,0.0016849556910322457,0.004291973014809368,0.0014280812990814199,0.0013107416465422469,0.008856974588253463,0.007901912031989517,0.020256497964816222,0.16891319694425802,0.0020797447878750435,0.01021582845998528,0.02360956240024459,0.002167317013066161,0.002135436437654937,0.0011554298795584158,0.017771712252112444,0.0023975771235964878,0.0015849515130249832,0.0024493651945415402,0.0010109518063985432,0.002341250830527845,0.0015648867515010113,0.003227122214253339,5.833822232436781e-4,0.002453617504949369,0.0019941901681743432,0.002327390188408553,0.001135448128277546,0.0021742025342375484,0.0026663959951641228,0.0026445467856592453,6.817958892702718e-4,0.00197953345641623,9.640856663729305e-4,0.0034916781777198256,0.004701626126859743,0.013366491223987264,0.011159572244707207
0.09942297336992438,0.03685433778972596,0.01746508850228157,0.009004621373334213,0.14762181998881826,0.009688170447032646,0.09781852181373511,0.0031098857669635003,0.0031553009627223556,0.0035107598072516345,0.0032020749614290766,0.002064206931550099,0.0050531825554571315,0.02480752663946365,0.03033016543355153,0.16400458170431853,0.001553176283562342,0.003865560270500406,0.0011007701353846191,0.001745770348397705,0.004563257699094323,0.001548697746236202,0.0012675598791769445,0.008243445273848776,0.008459697219721684,0.022311139977363413,0.16569307083836074,0.002342437823872103,0.011311951970455971,0.021599184502509146,0.002328257526648926,0.002439622877751342,0.0011302747217531472,0.014289766269839887,0.0022953295253475415,0.0013618327950484514,0.0024843348384520516,0.0010237686180025606,0.002586647360507561,0.0016853356988452738,0.0031253392946304433,8.276292747799638e-4,0.0021022125863807903,0.0020294978948187615,0.0026918186664131576,0.0010723594489670057,0.0019325487859370523,0.0028331070472856217,0.002363088214177058,9.767897266653085e-4,0.0021210493493305092,0.0011587464686640893,0.003189549790858241,0.003716644518254517,0.01570992137689104,0.009805589307705724
0.09870378696207027,0.03660710731092918,0.019169646525633757,0.010037698070179889,0.16087997580836447,0.008722853005436935,0.09383231357831653,0.003223408633519121,0.0031797697144571326,0.003835205961920707,0.004218704969566584,0.0023022351989183576,0.00508173366573709,0.02501327648054461,0.02446645802784966,0.15137937089176398,0.0015846179611260717,0.0040261095334319,9.951854372971167e-4,0.0016078763255383927,0.004587846719750868,0.0016371940617122445,0.001379300248539614,0.008592742851973588,0.007875675430918156,0.024730396025127936,0.16794646284816392,0.0019491201359297773,0.00981891277569904,0.022737251740189764,0.0021181755539620762,0.002436346710501132,0.001129916336024859,0.017447477817412474,0.002269947365957927,0.0016880590464779589,0.002611666721745271,8.436177160261392e-4,0.0029387515084212147,0.0014145574383509954,0.0033217739448422466,7.468729775311198e-4,0.002714899963155399,0.0019341383531696324,0.0024311025294213116,0.0010103738113122999,0.0021059318301925103,0.0028180497708592232,0.0029542914140126848,5.902787193726609e-4,0.002249066980421236,0.0011114359126927615,0.0028688648490216356,0.0037698766870893066,0.01451056797188927,0.009841721169530065
0.10101022448144596,0.038116125056439784,0.019927381233508405,0.009408445191426428,0.15354652510131872,0.009718110134034974,0.09134512377983865,0.0031596606213489605,0.003332127392696792,0.003951079385341874,0.004179797097280915,0.002093058532654337,0.004661906067210004,0.02704797254743099,0.025067192273756186,0.1504350511175681,0.0016893791829131837,0.004187818577767759,0.0010516661704824913,0.0016132343224431595,0.004100212995741992,0.0016621105574061048,0.0013778729754361531,0.0068142835285797615,0.007632194607881683,0.024180936211308214,0.17493124836882296,0.002286278023753433,0.010797273428012014,0.01765220764562453,0.0023269121445152904,0.0021116070503157253,0.0010881434848089278,0.021092126930683533,0.0020011880801729643,0.0014552681760217564,0.0023064724317910183,0.0011000905266314205,0.002340999926850829,0.0016097534217924905,0.0034943879778767187,8.551509773931179e-4,0.0023477587174468525,0.002338736284050514,0.0025719915746937852,0.0010067635107337074,0.0019823959254228083,0.003439425987259385,0.0024558183332615184,5.639711308447421e-4,0.002032391642500757,9.751067353261846e-4,0.0032184073761156685,0.004071639991140434,0.014746613447770188,0.009490381605105123
0.1039300449559362,0.035634662488670005,0.01697029690352226,0.009099119101212902,0.14973084677336873,0.00957964844955407,0.09103831992577978,0.00310854692138831,0.003320593449161196,0.0036531737632211547,0.003912750902652025,0.0024459143301372777,0.005745722946593886,0.027022412019817522,0.024833781777834373,0.16312589240039996,0.001856212209113134,0.0033619310097034324,0.001152952408641276,0.0016769638112745324,0.0043898624849035076,0.0016427210411181297,0.00145617685947722,0.00936949479192417,0.008067333325909275,0.02229372395826384,0.1736989371821227,0.0021107132785425325,0.010010826280344496,0.02134785261230399,0.0018921328519753745,0.002167787521401275,0.0012561932432242355,0.01464315245721042,0.002127783420126334,0.0013867931182600262,0.0023823197711006962,9.18417420245799e-4,0.0028005858912488937,0.001583515459624172,0.0036661044385532713,6.801419608815939e-4,0.0022686205187588274,0.00225761899757419,0.002423849680160062,6.324059280637019e-4,0.0019499783338770926,0.0031746669712158625,0.0024253603218549933,6.690691797173494e-4,0.0020659288374750857,0.0010229964189414158,0.003119026418529239,0.0043426739847824015,0.014168766646477031,0.00838668184582877
0.10108531457534149,0.03660427441451221,0.016502673462727473,0.00924593804842391,0.1520368022228949,0.009054408842396009,0.09868608911445616,0.0029760489172226167,0.0027751636580990936,0.0037802894285724055,0.00374826785947821,0.002070065713799439,0.005486418415384266,0.026772673062564457,0.025104071689057542,0.16999854933389105,0.0016223560100322423,0.0035530231297404703,9.275957928788392e-4,0.0014861511729544713,0.004690734581764024,0.0013866837502796096,0.0017937229210551338,0.008655740115840398,0.008081379871354986,0.02203598570018866,0.1573269176195797,0.0021088065447358983,0.0115239835994705,0.0199492452483091,0.0021848685121789195,0.002083774643742594,0.0013261974993892154,0.017998198585065843,0.0018354191910649551,0.0014633890772254114,0.00227757390240386,8.951740331425572e-4,0.0025478412793788563,0.0017140692162329796,0.0031645925488692902,9.73809837917079e-4,0.0023087940384291577,0.002000815747705641,0.002461254008185957,0.0012318567524776563,0.001942180867196832,0.0029843822263553757,0.0022228031035074185,9.898194091256406e-4,0.002143844515526935,0.0011237261771955007,0.0029255713626106816,0.0038536472603494473,0.014768137103394538,0.009508884284322302
0.10236149351763288,0.03555070610094152,0.018473039753281253,0.009389940029871452,0.15610144153967329,0.010016526877265635,0.08927319226706616,0.002974203338123621,0.0032216745591782544,0.003258926216476644,0.0037629221810393547,0.0022631053929848817,0.00559542686944189,0.026853928792698555,0.02426382203258948,0.1483991820109352,0.0016363716579831443,0.0038639866189356946,0.0010782662454215594,0.0016936432504891363,0.003689733072512952,0.0016969243248499985,0.0012348394495043436,0.010196368996816349,0.008707747859137109,0.022872685515438966,0.1691955444219791,0.002366349240392274,0.011734267214406898,0.027613855103103123,0.0021458519536862925,0.0022739698507230964,0.0012529594278995872,0.01883184719201043,0.002606208411681183,0.0013932948752767547,0.002472792338116405,7.192463756114291e-4,0.002743924882925773,0.0016524166207607309,0.003314329272505928,6.492431166374781e-4,0.002445513289004035,0.0020226472590786403,0.002553578478344215,9.30133252480826e-4,0.0018669853362076989,0.003029593611788706,0.0024387006283630485,7.776067499957493e-4,0.0022875609289090687,9.96505886070703e-4,0.0035584871949654695,0.00398413576861551,0.01490891013560964,0.00880344271256096
0.09870456127447796,0.03435440710556587,0.018305156337164532,0.0094240177440466,0.15807350473391946,0.009741199851821404,0.09498284719104819,0.003072299438586568,0.003299669064498003,0.003473181537220937,0.00402846827116902,0.001961863138170399,0.005319633915917826,0.02634534006801259,0.029807539519373122,0.15609857538397706,0.0014541782927742484,0.003489577538707639,0.001197076728910532,0.0017652125146987083,0.004416619154107275,0.0016809794245538636,0.0012938579983051842,0.0066091256330832295,0.00743570971189927,0.01659742942493589,0.17266534570476247,0.001989514971682856,0.012281320693709121,0.019890826856054245,0.0019318960210167769,0.0021611780953467255,0.0013109253890535555,0.01823631036983253,0.002087656336268314,0.0015949707001485004,0.0024358181097999133,7.071416399470335e-4,0.0027090031412093448,0.0018537487976712928,0.003193431287137147,8.327827936598177e-4,0.0020509392461077122,0.002141886381578455,0.0026025729997028063,9.431240174780131e-4,0.0019689050044229815,0.002991469449891102,0.0029453532914241174,7.757235172128321e-4,0.0022295947513770414,0.001256466328587292,0.003206979471341352,0.004701451427949292,0.013800272018453822,0.009571360190228159
0.10081280273950531,0.037144175273208103,0.018334744173951256,0.009591576561591653,0.15248903957714102,0.01039580639946591,0.09472012068678785,0.003061841412927912,0.0034764192505022805,0.003960533798996633,0.003839121262890721,0.002080393726225382,0.005882523536824315,0.02307814975745986,0.02771372061067479,0.16265365261552642,0.0014939853642527922,0.004161857249676206,0.001133439099661277,0.0017123374552870088,0.003891934539892508,0.0016990051281192803,9.8697044236078e-4,0.006129973399979448,0.008024874978447841,0.026781742585827228,0.15947008328256215,0.0021315665964156873,0.012437769359772453,0.0192771898103072,0.002232247638463984,0.0023837139245281784,0.001090069348670763,0.020903523267344543,0.0020477009827209332,0.0017057575962732782,0.0023700307091066306,8.208074787624502e-4,0.002567125504467714,0.0017346082925425801,0.0033100132662263948,6.626332880825474e-4,0.0023880147197522304,0.0021694220521699717,0.0026945797509117693,9.072034032065996e-4,0.0020851552579600908,0.0029982274510998164,0.002358621291627871,6.995865473151813e-4,0.002040275758961357,0.0010078365757409218,0.003166645750954515,0.004195460703755464,0.013881740350390739,0.009011648412722228
0.10515960921304027,0.03752091251080399,0.018852024657277623,0.009972057888119312,0.1519473076259693,0.010531459976890999,0.096599573322069393,0.0032171282858135357,0.0031142625132337485,0.003562730589345719,0.0040809317454436524,0.002289949118956852,0.006181512225526894,0.022954976157634432,0.024920118001233362,0.1545176789428872,0.0017935921455233864,0.003535175152821279,8.573510161597963e-4,0.0016440998500182884,0.00436463894167007,0.0017445040921155528,0.0016371260930450563,0.007662471365289532,0.007831464427317686,0.021324784825228614,0.16618112393889017,0.002319945627903284,0.011911430109377445,0.02109395428143941,0.0019560681512588904,0.0021134613454166216,0.001158056771982882,0.020666915918967823,0.002313325341773516,0.0015270110638551599,0.002279723912991234,9.471714384503098e-4,0.002343314556444921,0.001646715768204943,0.003536800166926017,7.438076916472093e-4,0.002315384602528794,0.0020200786785070698,0.0025989225085308273,0.001053574139005395,0.0022098330214884864,0.0029257219845651495,0.0025551396061448918,6.3085797756994e-4,0.0017387278670071944,0.0010065204066417978,0.0032824662466779363,0.004580437417408564,0.013807787665650295,0.008718281109308168
0.10130406928889221,0.03711000458213528,0.018617351254739473,0.009275667129633347,0.1407188506651103,0.010120561458816102,0.09888646959808012,0.0030806170829795975,0.0032111241484952383,0.004299478682000787,0.0035963619676102985,0.0023828550813366155,0.005881769520476561,0.02879063834277683,0.022597716054746673,0.1592985300350208,0.0017385997958934889,0.003342778958088751,9.052497298656248e-4,0.0016810288561557312,0.0036396050825160597,0.0014991648478856205,0.0011291698337610933,0.009699050453849552,0.007771297175616219,0.01974921528409364,0.171121160846379,0.0021415985084606484,0.011666572722660069,0.02332058640842122,0.0021882637656110066,0.002157872506070484,0.0011916390941023541,0.019996451429841907,0.002603101869509033,0.0015898776442327472,0.002627263454287181,9.688837965997482e-4,0.0029009215098258854,0.0014682883679343435,0.00312015401546165,8.5350252612801e-4,0.002374310806239199,0.0019166037568931313,0.0025086511259844214,0.0011595455200114507,0.0019748397118290076,0.0031169867488155187,0.0023998357901808334,9.413900943675475e-4,0.002181625484974361,0.0011602603848552605,0.003387468449087624,0.0038197222288872865,0.014903692498624105,0.007911704023148983
0.10219943821365358,0.03500478371993663,0.016739690147061385,0.00988289565970642,0.1537954365783889,0.010308370608247162,0.10289033497827622,0.0031142989024272455,0.003145701729203656,0.004163341285553885,0.004413594868044795,0.0021482847479204086,0.006176220856380373,0.026872506178228207,0.024712994702431088,0.1529683360645018,0.0017523924845647715,0.0036812816453906626,9.87853889975872e-4,0.001440979699007084,0.0038949329553205595,0.0016588105494945707,0.0013001547343396125,0.007576340589772301,0.008704884324365727,0.021320482378637373,0.1685733473297846,0.002138408854445724,0.009019126232875986,0.02120674674804412,0.0020024445966073242,0.002257296814555035,0.0010385149754110366,0.01908870846111945,0.0023177035562315994,0.0015935377135031675,0.0023590211216104615,9.313422682178613e-4,0.002625488741701377,0.0019804716816177828,0.003143101961636859,7.820634721417078e-4,0.0021963812748528266,0.002379342266495538,0.0024807821383623246,9.676996428547809e-4,0.0018798877338481704,0.0031035857266800476,0.002162617550154502,7.652281411319533e-4,0.001968828445985288,9.478341065428209e-4,0.0033162498105579296,0.004208283391491529,0.012731888057266548,0.008979724693441458
0.10459906656830903,0.035768538762250154,0.017272436854052282,0.009441279758338235,0.15001059715031614,0.010112867074645978,0.08935557567737304,0.0029059244887438443,0.0030778893729251377,0.0035826591896076804,0.0035712696225751635,0.0021258380355859974,0.0054036598396954676,0.02523157031555047,0.027970590730799615,0.16126145393443214,0.00205116539865124,0.003448765093839037,0.001118535319890998,0.0016602188472586142,0.004734444629640313,0.001613246562096314,0.0012677116470466417,0.007956794059580689,0.008051608330186581,0.021311151617485206,0.17056609522242105,0.002192648963986519,0.011896045766735145,0.020779548546899018,0.002167946141720343,0.0022586274195674095,0.0010566424616326204,0.01796230578391246,0.0023636941332711306,0.0015850578996405797,0.0022268978840541097,9.3028459413587e-4,0.002727742511776385,0.0017395652196945735,0.0032327584991850527,6.46847139333858e-4,0.0028447022485047517,0.002133385944318999,0.002922966266348659,9.51573497773781e-4,0.002191152368951016,0.002763955316290273,0.002280658086437675,7.100122930484013e-4,0.001960606460285205,9.717385480841178e-4,0.003200795905977899,0.003986551768026891,0.014269691670915368,0.009574642556194814
0.10595902644268346,0.03621952146432634,0.016746816899484335,0.009557476609596122,0.15247811918277654,0.009128251082075867,0.0928949075768339,0.003014587010529694,0.0031762126660511434,0.003387717517883782,0.0033885827342707005,0.002187150482843862,0.0053283333361202395,0.027892282190245286,0.024743238103666135,0.16935450693173876,0.0017468254937427145,0.003412374838384332,0.0010228321004034258,0.0015739788536833653,0.0045411042026143435,0.0017293670658497864,0.0012259824188119916,0.008049395033332523,0.007527064269565633,0.028257575072574873,0.15562127039874535,0.0023124993911327794,0.010079952598815107,0.020934956140234152,0.0019330017933172515,0.0022380369370217554,0.0010321252493783143,0.015293916191944085,0.0023688822492937186,0.001687802903074856,0.0023410249818691916,9.662446993657991e-4,0.002506324889483582,0.0016326981430482012,0.003426237607679453,6.923918982182331e-4,0.0025030870800771157,0.0019626756574240255,0.002653946616167635,9.471428730615454e-4,0.0020797138390544934,0.0029196716859082434,0.0027963215912796043,8.735191550554972e-4,0.0019180891681525158,0.0010604309605149187,0.003923383215764566,0.003700961480024744,0.014163727344141336,0.008886733680662747
0.10894671741771526,0.037688094863977985,0.017035869952366132,0.009388860248415835,0.14519746456171478,0.009858696591110539,0.09834231531400106,0.003034411977943492,0.003242206173112892,0.003725988490398614,0.0031301585824755436,0.002212589329166583,0.005852724724876816,0.02498451937878996,0.026118404097018696,0.15274302959232905,0.0017180980893214393,0.0032667260959211323,9.098293359343836e-4,0.0016644335723206404,0.004460938701575845,0.001663620663232719,0.0010246014488841956,0.008763557351634225,0.009457752028785134,0.021070451601457513,0.1717164642665802,0.002460901623042906,0.009462852371454663,0.022431768804363917,0.002080844632332787,0.0024624880903287415,0.001154800818816696,0.018297249414640174,0.002044404339781753,0.0016511994938380767,0.0024364525410066375,0.0010378879370664983,0.0027068704059844957,0.0015054511943909793,0.003456291917532973,6.136595439972033e-4,0.002419288988840965,0.0019282796621011085,0.0027318872476926694,0.0012901326947700443,0.0019387632379353698,0.002637629035724684,0.0028407358691053155,7.660310440356613e-4,0.0019973175401030493,0.0011589065812045894,0.003203046981306319,0.0035812662417023422,0.013599472419754998,0.008885594876083798
0.10418168798340265,0.03597642180452734,0.017887901936466798,0.009379743128777622,0.15346452363522883,0.009139363153195518,0.09594922140660525,0.0028789999366245697,0.0032476542338079058,0.00371984564614078,0.0035445450471849565,0.002267706875832484,0.005925606531980084,0.025703118832550245,0.023433588047600814,0.15807435668092115,0.0016105813268239054,0.004030104068848458,0.0012598733500236098,0.001651373638385324,0.00424616925875908,0.0016168917984088922,9.466626988344618e-4,0.008459038428270019,0.007247126082227972,0.024854116949221593,0.16896644925665086,0.0022099916707081406,0.009682545790509426,0.018738529312882574,0.0023451523825984413,0.002144989717890221,0.001363095131386631,0.018482386392633093,0.002121193818968962,0.001524096374613385,0.0022758442939796817,0.0010773200747277185,0.002608828257924248,0.0016654312082826648,0.0036777488069745156,7.639694329752351e-4,0.0027503299098906595,0.0022647717027068936,0.0024798715215079868,8.637258677088333e-4,0.0019476196318933628,0.002903045651211254,0.0023699865408729516,6.472643920620119e-4,0.002288712939859619,0.0011162985143963458,0.0034113635195532717,0.0047674758674540315,0.012445892634869473,0.009399846901657134
0.09916450947655664,0.03444047165746658,0.0182875807423605,0.010047361144293889,0.15768678143810697,0.009462263782777142,0.09230760777435137,0.0031820870361733344,0.0029399559819614797,0.003495296396759688,0.003773069467065885,0.0024365808763647605,0.005586019658360068,0.021937650222306197,0.027501487950882607,0.15559507178122356,0.0016083865942891236,0.0029327014327253536,0.0012560118173665646,0.0015263544345435543,0.004021217965174772,0.0014900060932303107,0.001078128666914211,0.009159458890594854,0.007301150457061868,0.022900745575173687,0.17953733935705737,0.002062640672195373,0.010345207569530026,0.020366441282673477,0.0022750521169504654,0.002335158565599818,0.0010762476237218628,0.016231332629884042,0.0024333552179617054,0.0015850172323315095,0.0023610339709767172,0.0011145970981260248,0.0026245646132201177,0.0015815706204725217,0.003223629962707194,8.436266066957424e-4,0.0022646003569813354,0.0020869215366241044,0.0021338796648773207,0.0010968850595968367,0.002183720281728618,0.0027791268593818775,0.0024255225901828456,0.0010690170997446561,0.0020169717100289417,9.782295081157161e-4,0.002711051898514361,0.0037099979049686946,0.0144707720558792,0.00895853101918654
